Seed;RMSE History;MMD History;Log-Likelihood History;Max EIG History;Deployment Time
50;[0.7821969985961914, 0.7842594385147095, 0.7767175436019897, 0.7727997303009033, 0.7747898697853088, 0.773417592048645, 0.7754133343696594, 0.7732993960380554, 0.7780538201332092, 0.7747130393981934, 0.7671236395835876, 0.7662450075149536, 0.7706267833709717, 0.7738106846809387, 0.7694170475006104, 0.7703649401664734, 0.7766265273094177, 0.7832177877426147, 0.7766832709312439, 0.7815095782279968, 0.7755054235458374, 0.7808745503425598, 0.7753471732139587, 0.7784122824668884, 0.7727110981941223, 0.7764511704444885, 0.7766402363777161, 0.7778360247612, 0.783263087272644, 0.7774975299835205, 0.7789177298545837];[0.04275934398174286, 0.043501533567905426, 0.03655531257390976, 0.03502989560365677, 0.038027890026569366, 0.03495395556092262, 0.03583027049899101, 0.03401386737823486, 0.03815993294119835, 0.03381085768342018, 0.027297593653202057, 0.02677159197628498, 0.03008873388171196, 0.0311786700040102, 0.02637714333832264, 0.030346903949975967, 0.032738182693719864, 0.0391145795583725, 0.034012023359537125, 0.03583263233304024, 0.03261741250753403, 0.03463262692093849, 0.03371475264430046, 0.03406689316034317, 0.028234248980879784, 0.03299957886338234, 0.03531394153833389, 0.030075551941990852, 0.0353512279689312, 0.03338205814361572, 0.032430071383714676];[-0.8513761162757874, -0.8641231656074524, -0.8318409323692322, -0.825924277305603, -0.8381655812263489, -0.8284820914268494, -0.8276742100715637, -0.823919415473938, -0.8346049785614014, -0.8198702335357666, -0.8048233389854431, -0.8039072751998901, -0.8139721751213074, -0.8159605860710144, -0.8039348125457764, -0.8203109502792358, -0.8299947381019592, -0.8408513069152832, -0.823409914970398, -0.8288922905921936, -0.8165786862373352, -0.8314013481140137, -0.8210669755935669, -0.8197728991508484, -0.8034626245498657, -0.819705605506897, -0.8263056874275208, -0.813863217830658, -0.831295907497406, -0.8271967172622681, -0.8178194165229797];[0.4498543441295624, 0.42995062470436096, 0.41898831725120544, 0.4235381782054901, 0.4437769055366516, 0.4273042380809784, 0.430524617433548, 0.42011353373527527, 0.43610459566116333, 0.41904911398887634, 0.4237801134586334, 0.4186400771141052, 0.42322325706481934, 0.43876558542251587, 0.42845669388771057, 0.4023941457271576, 0.45060330629348755, 0.4218437969684601, 0.4147406220436096, 0.425822377204895, 0.4246748387813568, 0.434949666261673, 0.4036998152732849, 0.4208747148513794, 0.40859872102737427, 0.4103648364543915, 0.4179256856441498, 0.42486289143562317, 0.42635834217071533, 0.423814058303833];2034.888595342636
100;[0.7740078568458557, 0.77143394947052, 0.7732639908790588, 0.773213803768158, 0.7738407254219055, 0.7779162526130676, 0.775516927242279, 0.7778133749961853, 0.777176022529602, 0.7734537124633789, 0.7810713052749634, 0.778462290763855, 0.7802876830101013, 0.7789607048034668, 0.7798250317573547, 0.7901418805122375, 0.7794699668884277, 0.7791965007781982, 0.7800043821334839, 0.7770401835441589, 0.7797399759292603, 0.7890269756317139, 0.7791197299957275, 0.7890453338623047, 0.7820771932601929, 0.7857619524002075, 0.790313184261322, 0.7856398820877075, 0.7930738925933838, 0.7931811809539795, 0.7839948534965515];[0.03575695678591728, 0.03515258803963661, 0.034611061215400696, 0.03864581882953644, 0.03688737377524376, 0.038236066699028015, 0.035124585032463074, 0.03578081727027893, 0.034737393260002136, 0.03435555100440979, 0.03572724759578705, 0.0346442274749279, 0.03503667190670967, 0.0374375618994236, 0.036305416375398636, 0.04696251079440117, 0.03638192266225815, 0.0340556837618351, 0.036029916256666183, 0.037985675036907196, 0.03569713979959488, 0.04255535826086998, 0.035676032304763794, 0.03963393718004227, 0.039529792964458466, 0.038180261850357056, 0.04234118014574051, 0.04166935384273529, 0.04392903298139572, 0.045842766761779785, 0.038136474788188934];[-0.8250949382781982, -0.8250537514686584, -0.8256947994232178, -0.8326038718223572, -0.8384460210800171, -0.8445837497711182, -0.8279786109924316, -0.829136073589325, -0.828178346157074, -0.8272063732147217, -0.8508347868919373, -0.8260992169380188, -0.8316143155097961, -0.8354660868644714, -0.831133246421814, -0.8605107069015503, -0.8337592482566833, -0.8292897939682007, -0.82964026927948, -0.8324434161186218, -0.8267673850059509, -0.8454478979110718, -0.8294811844825745, -0.9478912353515625, -0.8393673300743103, -0.8399721384048462, -0.8459570407867432, -0.8456939458847046, -0.8582221269607544, -0.8581147789955139, -0.842165470123291];[0.43560758233070374, 0.4347832500934601, 0.4262165129184723, 0.4421658217906952, 0.42787647247314453, 0.42884495854377747, 0.397980660200119, 0.4259413182735443, 0.40534672141075134, 0.41641074419021606, 0.44194209575653076, 0.4250876009464264, 0.41659653186798096, 0.4329163134098053, 0.4312969744205475, 0.42387625575065613, 0.4208015203475952, 0.41637110710144043, 0.42025986313819885, 0.41297152638435364, 0.41491246223449707, 0.42060571908950806, 0.444469153881073, 0.4296160042285919, 0.4387303292751312, 0.42316415905952454, 0.43497100472450256, 0.4351290464401245, 0.44743573665618896, 0.42397794127464294];2012.2393362522125
150;[0.7738230228424072, 0.7714573740959167, 0.7710403203964233, 0.7747890949249268, 0.7717759013175964, 0.7770972847938538, 0.7791867852210999, 0.7863927483558655, 0.7664610147476196, 0.7843606472015381, 0.7720757126808167, 0.776695966720581, 0.7797568440437317, 0.7809938788414001, 0.7813234925270081, 0.7677400708198547, 0.783795177936554, 0.7876047492027283, 0.7733454704284668, 0.7726778388023376, 0.7828966379165649, 0.7774549722671509, 0.7785143256187439, 0.7803874015808105, 0.7750265598297119, 0.7886306047439575, 0.7858824133872986, 0.7768044471740723, 0.7885041236877441, 0.7812641859054565, 0.7890426516532898];[0.0353887565433979, 0.0324864387512207, 0.03462529927492142, 0.03654983267188072, 0.03640523552894592, 0.0376184843480587, 0.04108491539955139, 0.04529702290892601, 0.03012450411915779, 0.04464544355869293, 0.03316798433661461, 0.03949027881026268, 0.03966560214757919, 0.03958895057439804, 0.03923758864402771, 0.029126040637493134, 0.04252515733242035, 0.040439244359731674, 0.03386202082037926, 0.032454270869493484, 0.03589899092912674, 0.03326515108346939, 0.03477875515818596, 0.03583265468478203, 0.03290615603327751, 0.04145202413201332, 0.03897596523165703, 0.033888060599565506, 0.04181467369198799, 0.03924574702978134, 0.041309744119644165];[-0.8276398181915283, -0.8188016414642334, -0.8242924809455872, -0.8310407996177673, -0.8345283269882202, -0.8430713415145874, -0.8433588743209839, -0.8621881604194641, -0.8124996423721313, -0.8518846035003662, -0.8226667046546936, -0.8383435010910034, -0.843999445438385, -0.8421179056167603, -0.8437049388885498, -0.8069223165512085, -0.8458683490753174, -0.8890349268913269, -0.8295511603355408, -0.8190489411354065, -0.8315688967704773, -0.8215724229812622, -0.8235623836517334, -0.8387063145637512, -0.8202291131019592, -0.8590573668479919, -0.8404117226600647, -0.828737199306488, -0.8489531874656677, -0.8415115475654602, -0.8479966521263123];[0.46959537267684937, 0.43550312519073486, 0.4322707951068878, 0.4383865296840668, 0.426753431558609, 0.44025272130966187, 0.4336753785610199, 0.4224662184715271, 0.4240730404853821, 0.4185234308242798, 0.4157332479953766, 0.4189741313457489, 0.43938758969306946, 0.42508745193481445, 0.42758768796920776, 0.4159635603427887, 0.41853994131088257, 0.43267011642456055, 0.4101698696613312, 0.44528838992118835, 0.4469875991344452, 0.4153849482536316, 0.4164297878742218, 0.42686089873313904, 0.4135943353176117, 0.4121341407299042, 0.3958815634250641, 0.4194348156452179, 0.4156932234764099, 0.42855703830718994];2013.3179972171783
200;[0.7712486386299133, 0.7667788863182068, 0.7785212397575378, 0.7724099159240723, 0.7803254127502441, 0.7740074992179871, 0.7834032773971558, 0.7721171975135803, 0.7736567854881287, 0.7747004628181458, 0.7771925926208496, 0.7672832012176514, 0.7667731046676636, 0.7767081260681152, 0.7752604484558105, 0.7769637107849121, 0.7800322771072388, 0.7788013219833374, 0.7780489921569824, 0.7852824330329895, 0.779434323310852, 0.7742224931716919, 0.7781111001968384, 0.7842509150505066, 0.7691041231155396, 0.7793620824813843, 0.7743887901306152, 0.7845398187637329, 0.7749630212783813, 0.7754003405570984, 0.7752801775932312];[0.03644751384854317, 0.0312481876462698, 0.03782666102051735, 0.03563149273395538, 0.03784628212451935, 0.0354820191860199, 0.041882675141096115, 0.03207020089030266, 0.036528605967760086, 0.03860630840063095, 0.03983384370803833, 0.02880650758743286, 0.03214825317263603, 0.036119475960731506, 0.03754698857665062, 0.035610225051641464, 0.039678845554590225, 0.03665246441960335, 0.03663291037082672, 0.04126226529479027, 0.03877836838364601, 0.03341773897409439, 0.03943317010998726, 0.040596961975097656, 0.03086661919951439, 0.037872906774282455, 0.031347617506980896, 0.0395810641348362, 0.033400218933820724, 0.032493267208337784, 0.03277617320418358];[-0.8304311633110046, -0.8140664100646973, -0.8359469771385193, -0.8259429931640625, -0.8419010043144226, -0.8254796266555786, -0.8549293279647827, -0.8179599642753601, -0.8290796875953674, -0.838877260684967, -0.843984067440033, -0.80784010887146, -0.8148474097251892, -0.8354527354240417, -0.834980845451355, -0.8328712582588196, -0.8403326869010925, -0.8331936597824097, -0.8299777507781982, -0.8473105430603027, -0.8371888399124146, -0.8242023587226868, -0.8391762971878052, -0.8420171141624451, -0.8142475485801697, -0.8395052552223206, -0.8170917630195618, -0.8405197858810425, -0.8221489191055298, -0.8176490664482117, -0.8210247755050659];[0.41035547852516174, 0.4356805682182312, 0.4420781135559082, 0.434876024723053, 0.4274769127368927, 0.4345766603946686, 0.44092240929603577, 0.4324856102466583, 0.4219798445701599, 0.4214100241661072, 0.42628246545791626, 0.433684378862381, 0.42947518825531006, 0.42564496397972107, 0.46886152029037476, 0.44063428044319153, 0.42394888401031494, 0.4215642213821411, 0.41637057065963745, 0.4346972107887268, 0.4159492552280426, 0.4238443374633789, 0.41886386275291443, 0.4235304594039917, 0.4249330163002014, 0.44322606921195984, 0.42932236194610596, 0.40749022364616394, 0.42911356687545776, 0.41278839111328125];2012.9839856624603
250;[0.7790236473083496, 0.7724100351333618, 0.7751291990280151, 0.7829021215438843, 0.7827652096748352, 0.7765772938728333, 0.7775070667266846, 0.7702137231826782, 0.7749172449111938, 0.7810143232345581, 0.7655531764030457, 0.7756153345108032, 0.7832130193710327, 0.7676724195480347, 0.7743226885795593, 0.7722834348678589, 0.7668291330337524, 0.7800078988075256, 0.7754754424095154, 0.7735989093780518, 0.7708459496498108, 0.7885932326316833, 0.7867497205734253, 0.7699469327926636, 0.7773775458335876, 0.77847820520401, 0.7697948813438416, 0.7788934111595154, 0.7769767642021179, 0.7830875515937805, 0.774743914604187];[0.04095490276813507, 0.03858264908194542, 0.034891460090875626, 0.04564876854419708, 0.042933203279972076, 0.037577200680971146, 0.03340548276901245, 0.03231009468436241, 0.03377484902739525, 0.039644863456487656, 0.02864246815443039, 0.035680677741765976, 0.04219645634293556, 0.029227448627352715, 0.0353570394217968, 0.03373568132519722, 0.027186809107661247, 0.038395170122385025, 0.03420013189315796, 0.03272007033228874, 0.03071041777729988, 0.04337618499994278, 0.04010579362511635, 0.02970617264509201, 0.03644796833395958, 0.03424544632434845, 0.029043376445770264, 0.03378412872552872, 0.03413212671875954, 0.039269790053367615, 0.033399175852537155];[-0.8494722843170166, -0.8398573398590088, -0.8244200944900513, -0.8583618402481079, -0.8799810409545898, -0.8331791758537292, -0.8305246829986572, -0.8179351091384888, -0.819467306137085, -0.8584531545639038, -0.8082993030548096, -0.8282525539398193, -0.8511794209480286, -0.8083855509757996, -0.8250119686126709, -0.8237241506576538, -0.8070866465568542, -0.8413485884666443, -0.8282909393310547, -0.8195357918739319, -0.8137587308883667, -0.8479915261268616, -0.8433742523193359, -0.8096029758453369, -0.8268059492111206, -0.8231950998306274, -0.8087517023086548, -0.8236010670661926, -0.8228248357772827, -0.8371245861053467, -0.8206480741500854];[0.43426933884620667, 0.43374019861221313, 0.43027061223983765, 0.4399935007095337, 0.48031556606292725, 0.4387742578983307, 0.4384324848651886, 0.4327453076839447, 0.4274648427963257, 0.4456283152103424, 0.433902382850647, 0.42874833941459656, 0.43815430998802185, 0.43963974714279175, 0.43518438935279846, 0.43118417263031006, 0.433394193649292, 0.422239750623703, 0.4200848639011383, 0.4184167981147766, 0.4315890669822693, 0.4107639789581299, 0.4160088002681732, 0.4288552701473236, 0.4154641032218933, 0.43728551268577576, 0.4208562970161438, 0.41613447666168213, 0.42099127173423767, 0.40815243124961853];2014.1096456050873
300;[0.7677474617958069, 0.7647877931594849, 0.778486430644989, 0.7739798426628113, 0.7836418747901917, 0.7817841172218323, 0.7772732377052307, 0.7811865210533142, 0.7763508558273315, 0.7864311337471008, 0.7799632549285889, 0.7861456274986267, 0.7924339771270752, 0.7874547243118286, 0.7846601605415344, 0.7786318063735962, 0.7805306911468506, 0.7850485444068909, 0.7790824770927429, 0.776101291179657, 0.7848859429359436, 0.7777048349380493, 0.7789940237998962, 0.7806391716003418, 0.7827318906784058, 0.7877510786056519, 0.7864440679550171, 0.7809850573539734, 0.780255138874054, 0.7832155227661133, 0.7870921492576599];[0.03291848674416542, 0.0266460832208395, 0.037780389189720154, 0.0322827585041523, 0.04096517339348793, 0.03865721821784973, 0.0345451794564724, 0.037764474749565125, 0.034032128751277924, 0.04007136821746826, 0.03619164600968361, 0.0427352674305439, 0.04260001331567764, 0.03935319185256958, 0.04019399359822273, 0.035246025770902634, 0.035424306988716125, 0.03878450393676758, 0.03129018470644951, 0.033878304064273834, 0.04139536991715431, 0.03346885368227959, 0.03498972952365875, 0.03924258425831795, 0.0371207520365715, 0.042369987815618515, 0.03917462378740311, 0.038669101893901825, 0.0356249064207077, 0.033797089010477066, 0.03591670095920563];[-0.821944534778595, -0.8033652305603027, -0.8363193869590759, -0.8192038536071777, -0.8430002927780151, -0.8400791883468628, -0.8245531320571899, -0.8432075381278992, -0.825756847858429, -0.837730348110199, -0.8296976089477539, -0.852515697479248, -0.8736962676048279, -0.8379625082015991, -0.8420854806900024, -0.8249022364616394, -0.8312909007072449, -0.8564560413360596, -0.8166452050209045, -0.8220534920692444, -0.8492721915245056, -0.8220118284225464, -0.824529767036438, -0.840212881565094, -0.832552433013916, -0.8444854021072388, -0.8385618925094604, -0.8349722027778625, -0.8255358338356018, -0.8231579661369324, -0.8379966616630554];[0.4320686161518097, 0.4535238742828369, 0.4483560025691986, 0.4245976507663727, 0.45238494873046875, 0.43208086490631104, 0.48443666100502014, 0.44919130206108093, 0.41546112298965454, 0.4335699677467346, 0.4112935960292816, 0.41982778906822205, 0.5106069445610046, 0.41550225019454956, 0.43167978525161743, 0.3987261652946472, 0.403362512588501, 0.42073240876197815, 0.4226468801498413, 0.4105106592178345, 0.4386199116706848, 0.4111706018447876, 0.41410619020462036, 0.41144946217536926, 0.4229194223880768, 0.40676483511924744, 0.40800410509109497, 0.418290376663208, 0.42006251215934753, 0.4055061936378479];2013.3704810142517
350;[0.7704355716705322, 0.7684709429740906, 0.7736212015151978, 0.7780090570449829, 0.7728601694107056, 0.7796648144721985, 0.7782420516014099, 0.7830232381820679, 0.7752169966697693, 0.7849725484848022, 0.7774760127067566, 0.7816169857978821, 0.768230676651001, 0.7850581407546997, 0.7888011932373047, 0.7918916940689087, 0.7781946063041687, 0.7824175357818604, 0.7894443869590759, 0.7826545238494873, 0.7797200083732605, 0.7848227620124817, 0.7774501442909241, 0.7883154153823853, 0.7816035747528076, 0.7773923873901367, 0.7896484732627869, 0.7923092246055603, 0.7901625037193298, 0.7880500555038452, 0.7883175611495972];[0.03398638591170311, 0.0319288894534111, 0.03731177747249603, 0.03828856348991394, 0.033607352524995804, 0.04110369831323624, 0.03800443187355995, 0.04038222134113312, 0.03623141348361969, 0.04098844155669212, 0.033501993864774704, 0.03776562958955765, 0.029740577563643456, 0.04233860597014427, 0.042882293462753296, 0.04716164991259575, 0.033043887466192245, 0.0380437858402729, 0.042478498071432114, 0.038413017988204956, 0.03449602425098419, 0.04024641215801239, 0.035753823816776276, 0.04528263583779335, 0.038798846304416656, 0.031932033598423004, 0.04396742209792137, 0.04831765592098236, 0.04493025317788124, 0.046508725732564926, 0.04299160838127136];[-0.8258494138717651, -0.8160369396209717, -0.8332642316818237, -0.8342128396034241, -0.8188605308532715, -0.8439939022064209, -0.8450307250022888, -0.8439289331436157, -0.8293247818946838, -0.8457107543945312, -0.8231457471847534, -0.8333443403244019, -0.809333860874176, -0.8476223945617676, -0.8497717380523682, -0.8634154796600342, -0.8209285736083984, -0.844572901725769, -0.8483768701553345, -0.8368659019470215, -0.8231140375137329, -0.8445862531661987, -0.8290019631385803, -0.8609609603881836, -0.8376104831695557, -0.8199498653411865, -0.8514893651008606, -0.8672935962677002, -0.8543606400489807, -0.8599000573158264, -0.8465495109558105];[0.44662362337112427, 0.4370273947715759, 0.45389848947525024, 0.4754749536514282, 0.42709603905677795, 0.43101024627685547, 0.43015947937965393, 0.42997393012046814, 0.4294920265674591, 0.43289053440093994, 0.4472641944885254, 0.41581249237060547, 0.3992128372192383, 0.4354175329208374, 0.4318491816520691, 0.41186630725860596, 0.4117937386035919, 0.4099230468273163, 0.42472967505455017, 0.41991889476776123, 0.4224868714809418, 0.4225194752216339, 0.4181533753871918, 0.39082270860671997, 0.4078451097011566, 0.41077080368995667, 0.4164808690547943, 0.4146951735019684, 0.41424116492271423, 0.3972373604774475];1996.4676804542542
400;[0.7718713283538818, 0.782788872718811, 0.7723658680915833, 0.7735521197319031, 0.7728426456451416, 0.7727231979370117, 0.7749263644218445, 0.7803122401237488, 0.7659066915512085, 0.77618008852005, 0.771285891532898, 0.7680759429931641, 0.7675060033798218, 0.7682367563247681, 0.7690753936767578, 0.7727978229522705, 0.7753404378890991, 0.7756897211074829, 0.7721174359321594, 0.7712036371231079, 0.7755594849586487, 0.7781922817230225, 0.7740724086761475, 0.7789016962051392, 0.7709639668464661, 0.7782493829727173, 0.7766087651252747, 0.7766216993331909, 0.7648104429244995, 0.7697836756706238, 0.7744309902191162];[0.038732193410396576, 0.0415583960711956, 0.033036887645721436, 0.0344163216650486, 0.033801931887865067, 0.0323917418718338, 0.03398343175649643, 0.03708701953291893, 0.028456581756472588, 0.03513341024518013, 0.030461370944976807, 0.029501115903258324, 0.02948937937617302, 0.02929971180856228, 0.028152374550700188, 0.032456785440444946, 0.03354770690202713, 0.0359872505068779, 0.032691627740859985, 0.03147519752383232, 0.03342302888631821, 0.03284869343042374, 0.031372252851724625, 0.034808382391929626, 0.028357842937111855, 0.03533322364091873, 0.03548191860318184, 0.03405909612774849, 0.024220256134867668, 0.027930712327361107, 0.029615456238389015];[-0.8386055827140808, -0.8451876044273376, -0.8228433728218079, -0.8269363641738892, -0.823273241519928, -0.8199384808540344, -0.8259514570236206, -0.8365522027015686, -0.8059314489364624, -0.8262675404548645, -0.8139954209327698, -0.8095760345458984, -0.8110431432723999, -0.8065577149391174, -0.8057862520217896, -0.8248762488365173, -0.8327024579048157, -0.8289409875869751, -0.8187309503555298, -0.8197659850120544, -0.8254567980766296, -0.8224731683731079, -0.8202660083770752, -0.8222578167915344, -0.8045765161514282, -0.828274130821228, -0.8249841332435608, -0.8206470012664795, -0.7957401871681213, -0.8087539672851562, -0.8090847730636597];[0.40687501430511475, 0.4482886791229248, 0.4455179274082184, 0.42375990748405457, 0.4277515113353729, 0.44080233573913574, 0.4468134343624115, 0.4225512146949768, 0.4254360795021057, 0.43591922521591187, 0.4240960478782654, 0.4308350682258606, 0.41606512665748596, 0.422953724861145, 0.42061546444892883, 0.427626371383667, 0.43257826566696167, 0.435348778963089, 0.4738548696041107, 0.4310559630393982, 0.4155077636241913, 0.4584929645061493, 0.44748345017433167, 0.45853692293167114, 0.4519559442996979, 0.43633222579956055, 0.4343329071998596, 0.4270505905151367, 0.4173591434955597, 0.42508500814437866];2008.2469551563263
450;[0.7701276540756226, 0.7672201991081238, 0.7732185125350952, 0.7723054885864258, 0.7702291011810303, 0.7622814774513245, 0.7742726802825928, 0.7830453515052795, 0.7771546244621277, 0.7724815607070923, 0.7753778100013733, 0.7691742777824402, 0.7737824320793152, 0.7698429822921753, 0.7778890132904053, 0.7731136679649353, 0.7706763744354248, 0.7726379632949829, 0.7677387595176697, 0.767642617225647, 0.7724889516830444, 0.7734756469726562, 0.7673038840293884, 0.7680265307426453, 0.7827768921852112, 0.7709461450576782, 0.7812005281448364, 0.7711278796195984, 0.7790354490280151, 0.765961766242981, 0.7753794193267822];[0.03517783433198929, 0.03113940730690956, 0.03542954474687576, 0.03508828580379486, 0.03190011531114578, 0.027787743136286736, 0.036494363099336624, 0.038648899644613266, 0.03718592971563339, 0.033189933747053146, 0.03692717105150223, 0.029015762731432915, 0.030098101124167442, 0.02926361933350563, 0.03544766083359718, 0.03101629577577114, 0.029278988018631935, 0.03271675854921341, 0.02566162310540676, 0.027212638407945633, 0.029256246984004974, 0.029638471081852913, 0.028590045869350433, 0.028340019285678864, 0.03954209014773369, 0.029933275654911995, 0.03836648166179657, 0.029713334515690804, 0.03401780501008034, 0.026412036269903183, 0.03255394101142883];[-0.8249574303627014, -0.8157903552055359, -0.8292827606201172, -0.8282618522644043, -0.8221461772918701, -0.8055422306060791, -0.830851137638092, -0.8448554277420044, -0.8312104940414429, -0.8295758962631226, -0.8342276811599731, -0.8072501420974731, -0.8129889369010925, -0.8083741068840027, -0.8250232338905334, -0.8282504081726074, -0.806535542011261, -0.8263643980026245, -0.799934446811676, -0.8054277300834656, -0.8104949593544006, -0.8151919841766357, -0.8081115484237671, -0.8069005012512207, -0.8419542908668518, -0.8174687623977661, -0.8383871912956238, -0.8148229718208313, -0.8223209977149963, -0.8023227453231812, -0.8248605728149414];[0.40579500794410706, 0.45830684900283813, 0.4368356466293335, 0.4583844840526581, 0.42930859327316284, 0.42744824290275574, 0.42765259742736816, 0.4275703728199005, 0.4235423803329468, 0.41814422607421875, 0.5233795642852783, 0.3894082009792328, 0.4140370488166809, 0.42343848943710327, 0.42468079924583435, 0.4166460931301117, 0.4147135317325592, 0.430743932723999, 0.4433911144733429, 0.4103679656982422, 0.42276859283447266, 0.44439101219177246, 0.41937369108200073, 0.4153737723827362, 0.4065677225589752, 0.42454981803894043, 0.4186341166496277, 0.3988712430000305, 0.41637876629829407, 0.44889867305755615];2002.6541368961334
500;[0.7742420434951782, 0.7691619396209717, 0.7859225869178772, 0.7746076583862305, 0.7701951861381531, 0.778688371181488, 0.776526927947998, 0.7703160643577576, 0.7684464454650879, 0.7674360275268555, 0.7640841007232666, 0.7627658247947693, 0.7670309543609619, 0.7723764777183533, 0.7670473456382751, 0.7707449197769165, 0.7742792963981628, 0.7751010060310364, 0.7782323956489563, 0.7637303471565247, 0.7698628902435303, 0.7744424343109131, 0.7698473334312439, 0.7705999612808228, 0.7745661735534668, 0.7797672748565674, 0.7879160642623901, 0.7847620248794556, 0.7861453294754028, 0.7735493779182434, 0.777791440486908];[0.036258865147829056, 0.03242327645421028, 0.04339735209941864, 0.03464089334011078, 0.03157160058617592, 0.037682656198740005, 0.03627575933933258, 0.03204451873898506, 0.03106440044939518, 0.030357874929904938, 0.027192365378141403, 0.028122318908572197, 0.030253911390900612, 0.031542327255010605, 0.02713821455836296, 0.03037838265299797, 0.032783087342977524, 0.03153681010007858, 0.034200698137283325, 0.02496347203850746, 0.02792757749557495, 0.030574006959795952, 0.02826092392206192, 0.02621351182460785, 0.029887447133660316, 0.03416880592703819, 0.042304761707782745, 0.038911473006010056, 0.03924757242202759, 0.030170010402798653, 0.03191930055618286];[-0.8328738808631897, -0.821778416633606, -0.864983320236206, -0.8248459696769714, -0.8149435520172119, -0.8468247056007385, -0.8297141194343567, -0.8200369477272034, -0.8166123628616333, -0.8139200210571289, -0.8078335523605347, -0.8048020601272583, -0.8133948445320129, -0.8196501731872559, -0.8055036067962646, -0.810298502445221, -0.8240624666213989, -0.8192489743232727, -0.8255351781845093, -0.7974958419799805, -0.8067046403884888, -0.8145869374275208, -0.8059905767440796, -0.8043827414512634, -0.8135027289390564, -0.8226854205131531, -0.8536354303359985, -0.8440687656402588, -0.8389288187026978, -0.8143301010131836, -0.8253641128540039];[0.44624051451683044, 0.4175463914871216, 0.43333157896995544, 0.4330819249153137, 0.4232325255870819, 0.42896851897239685, 0.46291324496269226, 0.4301193356513977, 0.4390537738800049, 0.42803213000297546, 0.44653457403182983, 0.46789923310279846, 0.42509618401527405, 0.4181126058101654, 0.4259989857673645, 0.43268871307373047, 0.4266619086265564, 0.41431736946105957, 0.43450430035591125, 0.4511714279651642, 0.44699400663375854, 0.4202389121055603, 0.43045535683631897, 0.41704487800598145, 0.4152916967868805, 0.43022459745407104, 0.4105949103832245, 0.40487417578697205, 0.40467369556427, 0.4074183702468872];1990.5526633262634
550;[0.7799436450004578, 0.7754485011100769, 0.7738980650901794, 0.775053083896637, 0.7711467742919922, 0.7750247716903687, 0.7837438583374023, 0.7807762026786804, 0.7779141664505005, 0.7745939493179321, 0.7777140736579895, 0.7762769460678101, 0.7780017256736755, 0.7795576453208923, 0.7775058150291443, 0.7792319655418396, 0.7958014607429504, 0.7808101177215576, 0.7833892107009888, 0.785801887512207, 0.7813379764556885, 0.7873327136039734, 0.7854045629501343, 0.7829448580741882, 0.780926525592804, 0.7894508242607117, 0.8022881150245667, 0.7852135896682739, 0.78725665807724, 0.7865153551101685, 0.7896666526794434];[0.04087536036968231, 0.036574866622686386, 0.03542077913880348, 0.03722251579165459, 0.03148791193962097, 0.0320463627576828, 0.04031211510300636, 0.036053888499736786, 0.03683210536837578, 0.032570578157901764, 0.03489593788981438, 0.03231276199221611, 0.03632708266377449, 0.03561129420995712, 0.032086145132780075, 0.03578910231590271, 0.0470673143863678, 0.036763619631528854, 0.036315154284238815, 0.041027650237083435, 0.03416619077324867, 0.04155435040593147, 0.0382840521633625, 0.038183245807886124, 0.037162404507398605, 0.04048636555671692, 0.05075496807694435, 0.039068832993507385, 0.03939007967710495, 0.0380387082695961, 0.041897572576999664];[-0.8462213277816772, -0.8306462168693542, -0.8276793360710144, -0.833221435546875, -0.8163251876831055, -0.817638635635376, -0.8447616696357727, -0.8339840769767761, -0.832239031791687, -0.8193129897117615, -0.8223777413368225, -0.8186393976211548, -0.8321822285652161, -0.8297134637832642, -0.8191189169883728, -0.8341196179389954, -0.8820237517356873, -0.8357977867126465, -0.8305326104164124, -0.8560631275177002, -0.8313723802566528, -0.8519319295883179, -0.8331281542778015, -0.8364626169204712, -0.8313316106796265, -0.854207456111908, -0.8790579438209534, -0.8378432989120483, -0.8366832733154297, -0.8367079496383667, -0.8531496524810791];[0.42128321528434753, 0.44009721279144287, 0.41924551129341125, 0.416061133146286, 0.4357936978340149, 0.4409237205982208, 0.41914302110671997, 0.43101879954338074, 0.39571109414100647, 0.41860708594322205, 0.41947025060653687, 0.4129891097545624, 0.43554815649986267, 0.4104381799697876, 0.4043792486190796, 0.4147990345954895, 0.4278598129749298, 0.4144056737422943, 0.43068966269493103, 0.4447043836116791, 0.4045957922935486, 0.4082203209400177, 0.4087955057621002, 0.40707024931907654, 0.4148148000240326, 0.4042685031890869, 0.4237898886203766, 0.4134275019168854, 0.39719125628471375, 0.39855682849884033];2004.7746047973633
600;[0.7843565344810486, 0.7784020304679871, 0.7789784073829651, 0.7733458876609802, 0.7815748453140259, 0.7715625166893005, 0.7799624800682068, 0.7816768884658813, 0.7860825657844543, 0.7835745215415955, 0.7790147662162781, 0.7897953987121582, 0.7846421599388123, 0.7816330790519714, 0.7771891951560974, 0.7779773473739624, 0.7907443046569824, 0.794225811958313, 0.7852353453636169, 0.7820940017700195, 0.7970760464668274, 0.7748640775680542, 0.7838218212127686, 0.7818596363067627, 0.7872689366340637, 0.7906914353370667, 0.7944111227989197, 0.7870620489120483, 0.7871776819229126, 0.7829359173774719, 0.7902829647064209];[0.0427822507917881, 0.040460653603076935, 0.04120010510087013, 0.036276474595069885, 0.042920563369989395, 0.03282984346151352, 0.04229043051600456, 0.04145015776157379, 0.04666551947593689, 0.04286419227719307, 0.04045004025101662, 0.049629081040620804, 0.0428193025290966, 0.039960507303476334, 0.037383466958999634, 0.04157399758696556, 0.0459253191947937, 0.052273765206336975, 0.04442085698246956, 0.04272004961967468, 0.05211992189288139, 0.038549087941646576, 0.039828408509492874, 0.040042851120233536, 0.04441174492239952, 0.047345079481601715, 0.04795651137828827, 0.04559923708438873, 0.04352419823408127, 0.040820471942424774, 0.04653259366750717];[-0.8588883280754089, -0.8446962833404541, -0.8530827760696411, -0.8286449313163757, -0.8515937924385071, -0.8205023407936096, -0.8514593839645386, -0.845266580581665, -0.8656895160675049, -0.847991406917572, -0.8418830633163452, -0.8774941563606262, -0.8499947190284729, -0.8442707657814026, -0.8368363380432129, -0.846244215965271, -0.8609609603881836, -0.8817179203033447, -0.8539888858795166, -0.8577304482460022, -0.8867701292037964, -0.8338859677314758, -0.8492932319641113, -0.8440709114074707, -0.8590884804725647, -0.8670762777328491, -0.9082209467887878, -0.8572819232940674, -0.8521002531051636, -0.8427854776382446, -0.8571653962135315];[0.46445897221565247, 0.4483051896095276, 0.45185333490371704, 0.40380921959877014, 0.4299109876155853, 0.4371863305568695, 0.4228695333003998, 0.37686964869499207, 0.45415225625038147, 0.4279693365097046, 0.4121409058570862, 0.4335247576236725, 0.42479366064071655, 0.43224164843559265, 0.4299047291278839, 0.41480928659439087, 0.4225287139415741, 0.41084110736846924, 0.4106433689594269, 0.45262446999549866, 0.41674765944480896, 0.42035868763923645, 0.4167042076587677, 0.428707480430603, 0.4231925308704376, 0.4216274917125702, 0.41819053888320923, 0.4180345833301544, 0.4165152907371521, 0.4111379384994507];2008.9028451442719
650;[0.7730379700660706, 0.7659322023391724, 0.7759761214256287, 0.7727238535881042, 0.7853544354438782, 0.7713491916656494, 0.7751293778419495, 0.7808626890182495, 0.7802867293357849, 0.7748675346374512, 0.7695311903953552, 0.770855724811554, 0.7762908339500427, 0.7761238217353821, 0.7749643921852112, 0.7777746319770813, 0.7728657126426697, 0.7695022225379944, 0.781045138835907, 0.7812924385070801, 0.7814456224441528, 0.7843062877655029, 0.7772175073623657, 0.7746308445930481, 0.7802435159683228, 0.7852403521537781, 0.7820233702659607, 0.7765542268753052, 0.7816635370254517, 0.7816296219825745, 0.7803046703338623];[0.03675731644034386, 0.030671879649162292, 0.039279550313949585, 0.032874856144189835, 0.04347091540694237, 0.03170318529009819, 0.03659671172499657, 0.039714179933071136, 0.03861021623015404, 0.03469068184494972, 0.030793581157922745, 0.0302928127348423, 0.03452649340033531, 0.03568973392248154, 0.030677424743771553, 0.03497142717242241, 0.032736171036958694, 0.03060442954301834, 0.03697222098708153, 0.03990841284394264, 0.037975091487169266, 0.039741888642311096, 0.032120123505592346, 0.03175370395183563, 0.03223360329866409, 0.03459847718477249, 0.03347817435860634, 0.03318381682038307, 0.037556812167167664, 0.03389260917901993, 0.03386659547686577];[-0.8281813859939575, -0.8154253959655762, -0.8461572527885437, -0.821761429309845, -0.8514255881309509, -0.8176764249801636, -0.8395344614982605, -0.845280647277832, -0.8354105353355408, -0.825343132019043, -0.8145448565483093, -0.8132305145263672, -0.8249545097351074, -0.8322464823722839, -0.8145977258682251, -0.8261024951934814, -0.8212009072303772, -0.8141579627990723, -0.8390890955924988, -0.8542373180389404, -0.8344385623931885, -0.8422799110412598, -0.8195627927780151, -0.8188360929489136, -0.820645272731781, -0.8241084218025208, -0.8253084421157837, -0.8210345506668091, -0.8339241147041321, -0.8220375776290894, -0.8261720538139343];[0.4383142590522766, 0.42576348781585693, 0.431840181350708, 0.43001890182495117, 0.40415728092193604, 0.4407195746898651, 0.44096019864082336, 0.4283410608768463, 0.4153040647506714, 0.43120327591896057, 0.4344047009944916, 0.40439990162849426, 0.4144521951675415, 0.42258110642433167, 0.4140544533729553, 0.41602256894111633, 0.42450860142707825, 0.436360239982605, 0.39239317178726196, 0.4099997580051422, 0.4170275330543518, 0.43576058745384216, 0.4220089316368103, 0.4144534766674042, 0.4114307761192322, 0.4091928005218506, 0.41905084252357483, 0.42234551906585693, 0.42314526438713074, 0.4170174300670624];2001.470552444458
700;[0.7688427567481995, 0.7764965295791626, 0.7666545510292053, 0.7740522623062134, 0.7729545831680298, 0.7698682546615601, 0.7751849293708801, 0.7738949656486511, 0.7878639698028564, 0.7766885757446289, 0.7784382104873657, 0.7769132256507874, 0.7722827792167664, 0.7820723056793213, 0.7819493412971497, 0.7745209336280823, 0.7801151275634766, 0.7764388918876648, 0.7767351269721985, 0.7813512682914734, 0.7806135416030884, 0.781790018081665, 0.778382420539856, 0.7871885895729065, 0.780868411064148, 0.7816413640975952, 0.7799192667007446, 0.7835443019866943, 0.7974355816841125, 0.793986439704895, 0.7866498827934265];[0.0325908288359642, 0.03926696628332138, 0.031050710007548332, 0.03809060528874397, 0.033532727509737015, 0.0312790721654892, 0.03579769656062126, 0.03533099219202995, 0.043671734631061554, 0.03421540930867195, 0.039639912545681, 0.033701129257678986, 0.03118673339486122, 0.03987039998173714, 0.04217961058020592, 0.03264232352375984, 0.03530825674533844, 0.03374858200550079, 0.0350506417453289, 0.03776268661022186, 0.03833583742380142, 0.03817305713891983, 0.03596897050738335, 0.0400678813457489, 0.03737645596265793, 0.03774216026067734, 0.03819313272833824, 0.04121893644332886, 0.04891417175531387, 0.048093196004629135, 0.04055171087384224];[-0.8223816156387329, -0.8459822535514832, -0.814439058303833, -0.8358433246612549, -0.820928692817688, -0.81831955909729, -0.8327479362487793, -0.8256635069847107, -0.9181145429611206, -0.8234395980834961, -0.839614987373352, -0.822504997253418, -0.8179778456687927, -0.8420454859733582, -0.8457956910133362, -0.820156991481781, -0.8503498435020447, -0.8212829828262329, -0.8264720439910889, -0.8583475947380066, -0.8381708860397339, -0.834814190864563, -0.8311455845832825, -0.8404154777526855, -0.8361900448799133, -0.8535699844360352, -0.8373174071311951, -0.841446042060852, -0.8699681758880615, -0.8640733957290649, -0.8465075492858887];[0.4277840852737427, 0.43252867460250854, 0.43942368030548096, 0.43742772936820984, 0.44276270270347595, 0.43033960461616516, 0.4367615580558777, 0.4333038628101349, 0.44539058208465576, 0.46974170207977295, 0.41863271594047546, 0.42652300000190735, 0.42900189757347107, 0.4316352903842926, 0.4270697832107544, 0.4215928316116333, 0.41611894965171814, 0.40899044275283813, 0.44785118103027344, 0.4225834608078003, 0.4111071228981018, 0.44191473722457886, 0.4165841341018677, 0.4299236238002777, 0.41692572832107544, 0.416843056678772, 0.4095866084098816, 0.43071967363357544, 0.41476190090179443, 0.44449564814567566];1998.9548728466034
750;[0.7702447175979614, 0.7860846519470215, 0.7738624215126038, 0.7799878120422363, 0.7737774848937988, 0.7792030572891235, 0.7767090201377869, 0.7852666974067688, 0.7806493639945984, 0.7860102653503418, 0.7820640802383423, 0.7879827618598938, 0.7815486788749695, 0.7829934358596802, 0.7808229923248291, 0.7842909693717957, 0.7804843783378601, 0.7902898192405701, 0.7896173000335693, 0.7904547452926636, 0.7878485918045044, 0.7862885594367981, 0.7927724123001099, 0.7834041714668274, 0.7821463346481323, 0.7941517233848572, 0.797551691532135, 0.7911360859870911, 0.8014587759971619, 0.7844426035881042, 0.7902292609214783];[0.03627016022801399, 0.045561935752630234, 0.03482604771852493, 0.039643194526433945, 0.03325175493955612, 0.04097789525985718, 0.035070810467004776, 0.0415484644472599, 0.035347919911146164, 0.04117642343044281, 0.03849425166845322, 0.04636378213763237, 0.04014018923044205, 0.04289982467889786, 0.03822166472673416, 0.04118849337100983, 0.03959757462143898, 0.045850131660699844, 0.044807422906160355, 0.04829486086964607, 0.047975990921258926, 0.04352891445159912, 0.04931431636214256, 0.043581463396549225, 0.04298367723822594, 0.048713475465774536, 0.054183900356292725, 0.04585281386971474, 0.05137123912572861, 0.04025392234325409, 0.04819274693727493];[-0.8291909098625183, -0.8576985597610474, -0.8274358510971069, -0.8439355492591858, -0.8245484828948975, -0.844409704208374, -0.8288900256156921, -0.8481022715568542, -0.8326339721679688, -0.8479771018028259, -0.834401547908783, -0.8593746423721313, -0.8463964462280273, -0.8539931178092957, -0.8405605554580688, -0.8427729606628418, -0.8445990681648254, -0.862899661064148, -0.8659929633140564, -0.8644716739654541, -0.8651006817817688, -0.8532021641731262, -0.8870517015457153, -0.852858304977417, -0.8469172120094299, -0.8698315620422363, -0.8808638453483582, -0.8583762049674988, -0.9343450665473938, -0.8430596590042114, -0.8657927513122559];[0.43207305669784546, 0.4027300775051117, 0.42889249324798584, 0.44221368432044983, 0.4274025857448578, 0.4374018907546997, 0.42241424322128296, 0.4143221080303192, 0.41877108812332153, 0.4157046973705292, 0.42327773571014404, 0.42933836579322815, 0.422210693359375, 0.4154232442378998, 0.4073738157749176, 0.43276816606521606, 0.4293064475059509, 0.4085638225078583, 0.4151323735713959, 0.4354930520057678, 0.43267571926116943, 0.43749159574508667, 0.42762884497642517, 0.4014032185077667, 0.41863852739334106, 0.4244306683540344, 0.4417814016342163, 0.4316733479499817, 0.44280365109443665, 0.41523998975753784];1995.638821363449
800;[0.7814730405807495, 0.764650285243988, 0.773924708366394, 0.7813690900802612, 0.7792604565620422, 0.7749295830726624, 0.7698028087615967, 0.7738832235336304, 0.769679069519043, 0.7769654393196106, 0.7775415778160095, 0.7751211524009705, 0.7750272154808044, 0.777391254901886, 0.7811455130577087, 0.7920776605606079, 0.7782240509986877, 0.7827093005180359, 0.7896185517311096, 0.7850760221481323, 0.7882010340690613, 0.7867213487625122, 0.789577305316925, 0.7879146337509155, 0.7926678657531738, 0.7907426357269287, 0.7892243266105652, 0.793793261051178, 0.7893636226654053, 0.7874810695648193, 0.7865899205207825];[0.04097798466682434, 0.028872791677713394, 0.03414392098784447, 0.038480859249830246, 0.038894396275281906, 0.03509080782532692, 0.0326746441423893, 0.033926352858543396, 0.03245549649000168, 0.03746432811021805, 0.03890036791563034, 0.03439050167798996, 0.03350444510579109, 0.03603757917881012, 0.038750335574150085, 0.046775124967098236, 0.0367603674530983, 0.03906847909092903, 0.04541797190904617, 0.038939811289310455, 0.0441088043153286, 0.042821623384952545, 0.04297836869955063, 0.04397904500365257, 0.04505776986479759, 0.0434451587498188, 0.037939731031656265, 0.0466097854077816, 0.04211205989122391, 0.03913125768303871, 0.040879786014556885];[-0.8487133383750916, -0.80708247423172, -0.8216812610626221, -0.873809814453125, -0.8408796191215515, -0.8245195150375366, -0.8204431533813477, -0.8264054656028748, -0.816479504108429, -0.837722659111023, -0.8363558053970337, -0.8275460004806519, -0.8221592903137207, -0.8274605870246887, -0.8400645852088928, -0.8648318648338318, -0.8295404314994812, -0.8377277255058289, -0.8620955944061279, -0.8348003029823303, -0.8531758785247803, -0.8579211831092834, -0.8557876348495483, -0.8548349738121033, -0.8550533056259155, -0.8486518263816833, -0.8330844044685364, -0.8604864478111267, -0.8461883068084717, -0.8335960507392883, -0.8422053456306458];[0.43543270230293274, 0.4146561920642853, 0.46905937790870667, 0.4390106499195099, 0.43106016516685486, 0.4281608760356903, 0.4327256977558136, 0.4299454092979431, 0.43006497621536255, 0.4191800653934479, 0.4382250905036926, 0.41427475214004517, 0.4303896427154541, 0.42556753754615784, 0.4477579593658447, 0.43343284726142883, 0.4260219633579254, 0.4311582148075104, 0.43826010823249817, 0.4218769669532776, 0.42334818840026855, 0.41750916838645935, 0.42257383465766907, 0.4242320656776428, 0.41230034828186035, 0.4184221625328064, 0.4399378299713135, 0.41050517559051514, 0.40553611516952515, 0.4195259213447571];2006.8285794258118
850;[0.7738751173019409, 0.7692387104034424, 0.7681413292884827, 0.7745575308799744, 0.7733914256095886, 0.7762942910194397, 0.7804804444313049, 0.7740476727485657, 0.7701392769813538, 0.7777723670005798, 0.7755362391471863, 0.7687908411026001, 0.7741380333900452, 0.7838128805160522, 0.7784548401832581, 0.7817220687866211, 0.7722936272621155, 0.7765212655067444, 0.7839008569717407, 0.7782281041145325, 0.7777281999588013, 0.7750959396362305, 0.7809529304504395, 0.7759735584259033, 0.7882934808731079, 0.7802159786224365, 0.7752920389175415, 0.7793267965316772, 0.7860748767852783, 0.7817003130912781, 0.7867794632911682];[0.03582756966352463, 0.03211849555373192, 0.03436478227376938, 0.03489476814866066, 0.03459645435214043, 0.038050517439842224, 0.03610830008983612, 0.034806028008461, 0.030706241726875305, 0.036691345274448395, 0.03160698339343071, 0.028570745140314102, 0.030211536213755608, 0.03749260678887367, 0.03435111790895462, 0.03814072534441948, 0.029466498643159866, 0.03412825986742973, 0.039663366973400116, 0.03390626236796379, 0.034328874200582504, 0.030293645337224007, 0.03409656882286072, 0.031329330056905746, 0.038939859718084335, 0.03353625535964966, 0.028489818796515465, 0.031038573011755943, 0.03642560914158821, 0.032992444932460785, 0.03646200895309448];[-0.8319753408432007, -0.8217607140541077, -0.8234192132949829, -0.8252770900726318, -0.8249675035476685, -0.8371123671531677, -0.8306282162666321, -0.8287317752838135, -0.8110780715942383, -0.8316282033920288, -0.817373514175415, -0.8087416291236877, -0.811444103717804, -0.8354935646057129, -0.8258291482925415, -0.8356888890266418, -0.8140681982040405, -0.8222270011901855, -0.8385630249977112, -0.8219713568687439, -0.8271710872650146, -0.8124818801879883, -0.8274289965629578, -0.815299391746521, -0.8377395868301392, -0.8190439939498901, -0.8078348636627197, -0.813618004322052, -0.8320550918579102, -0.8223419189453125, -0.8344557881355286];[0.43179649114608765, 0.42442598938941956, 0.42423856258392334, 0.442534476518631, 0.42111319303512573, 0.4418247938156128, 0.44322577118873596, 0.42026978731155396, 0.4210658669471741, 0.43283140659332275, 0.43291693925857544, 0.40964287519454956, 0.43148237466812134, 0.45990481972694397, 0.4202136695384979, 0.41597437858581543, 0.4003779888153076, 0.3978281319141388, 0.41381338238716125, 0.410510778427124, 0.40460360050201416, 0.3969399333000183, 0.4191625118255615, 0.4056932330131531, 0.40616562962532043, 0.41103851795196533, 0.39381328225135803, 0.40674224495887756, 0.41543883085250854, 0.38882866501808167];2006.2796037197113
900;[0.7756485342979431, 0.7681204080581665, 0.7671390771865845, 0.7797803282737732, 0.7635772824287415, 0.7735239267349243, 0.7735739946365356, 0.7743374109268188, 0.7738904356956482, 0.7674750685691833, 0.7668561935424805, 0.7848053574562073, 0.7659153938293457, 0.774856448173523, 0.784071147441864, 0.7792938351631165, 0.7646605968475342, 0.7696618437767029, 0.7765215039253235, 0.7579165697097778, 0.7663286924362183, 0.7662353515625, 0.7771964073181152, 0.7694306373596191, 0.7705560326576233, 0.7689346075057983, 0.772140383720398, 0.7739170789718628, 0.7670711278915405, 0.7713395953178406, 0.768498957157135];[0.03539879247546196, 0.03467889130115509, 0.03134236857295036, 0.042613446712493896, 0.029491208493709564, 0.03684570640325546, 0.03698866441845894, 0.03424839675426483, 0.03913581743836403, 0.03043542057275772, 0.02925903908908367, 0.046419400721788406, 0.03150520846247673, 0.038440924137830734, 0.045305036008358, 0.04188742861151695, 0.03272588178515434, 0.03597070276737213, 0.037206824868917465, 0.027586964890360832, 0.031302958726882935, 0.03174297884106636, 0.04026714339852333, 0.03195333108305931, 0.033229973167181015, 0.031457897275686264, 0.034294236451387405, 0.03532351553440094, 0.030436983332037926, 0.03635243698954582, 0.030156685039401054];[-0.8271000981330872, -0.8240296244621277, -0.8186914324760437, -0.8518857359886169, -0.8081539869308472, -0.8435552716255188, -0.8366290330886841, -0.8275324702262878, -0.8408058881759644, -0.8123095631599426, -0.810475766658783, -0.8619611859321594, -0.8178348541259766, -0.8389682173728943, -0.8592473864555359, -0.8487395644187927, -0.8210577368736267, -0.8281897306442261, -0.8357316851615906, -0.8052970767021179, -0.8175048828125, -0.8121312260627747, -0.8420172929763794, -0.8158645033836365, -0.8238265514373779, -0.8151125907897949, -0.8269869089126587, -0.8269736766815186, -0.8160780072212219, -0.8328565955162048, -0.8110751509666443];[0.4415842294692993, 0.4490801692008972, 0.44900956749916077, 0.42316192388534546, 0.43944501876831055, 0.4283713400363922, 0.4308812916278839, 0.4382374584674835, 0.43787747621536255, 0.4516218602657318, 0.435717910528183, 0.4346427321434021, 0.44324013590812683, 0.4521767497062683, 0.4401942491531372, 0.4377136826515198, 0.43640077114105225, 0.4437161982059479, 0.4450206160545349, 0.43882817029953003, 0.4375416934490204, 0.42974725365638733, 0.4597375988960266, 0.41506171226501465, 0.43623071908950806, 0.427219420671463, 0.45618224143981934, 0.4250869154930115, 0.4281536638736725, 0.44095557928085327];1993.1226921081543
950;[0.7704263925552368, 0.768947422504425, 0.7666903734207153, 0.7742464542388916, 0.7745251059532166, 0.772663950920105, 0.770902156829834, 0.769456148147583, 0.7756470441818237, 0.7673028707504272, 0.7734372019767761, 0.7782073020935059, 0.770785391330719, 0.7757116556167603, 0.7701890468597412, 0.7691670656204224, 0.7736519575119019, 0.7700908780097961, 0.768699049949646, 0.770480215549469, 0.7731862664222717, 0.7794468998908997, 0.7742202877998352, 0.7714102864265442, 0.7776865363121033, 0.7715303897857666, 0.7753739953041077, 0.7736601829528809, 0.7740117907524109, 0.7711261510848999, 0.7782286405563354];[0.03167470917105675, 0.03215012699365616, 0.03159157931804657, 0.03623500093817711, 0.03574880585074425, 0.037005651742219925, 0.03125045821070671, 0.031876854598522186, 0.03702126815915108, 0.027971234172582626, 0.031876157969236374, 0.03525453805923462, 0.029149971902370453, 0.03610284626483917, 0.02779177390038967, 0.027012953534722328, 0.03171607851982117, 0.02907930500805378, 0.025796208530664444, 0.025617359206080437, 0.02838263288140297, 0.033993132412433624, 0.03009198047220707, 0.028230564668774605, 0.03427010774612427, 0.028572410345077515, 0.030302464962005615, 0.02927824854850769, 0.029010381549596786, 0.02651072107255459, 0.03190893307328224];[-0.8184921145439148, -0.8206940293312073, -0.818973958492279, -0.8302518725395203, -0.8259983062744141, -0.8295709490776062, -0.8138311505317688, -0.8176715970039368, -0.8385995626449585, -0.8074652552604675, -0.8205022215843201, -0.8287042379379272, -0.811670184135437, -0.8312861323356628, -0.80734783411026, -0.8019821643829346, -0.8206245303153992, -0.8093253970146179, -0.8018020391464233, -0.8028335571289062, -0.8089942336082458, -0.8211765289306641, -0.8120613694190979, -0.8067933320999146, -0.8231591582298279, -0.8073322772979736, -0.8213601112365723, -0.8094017505645752, -0.8121569752693176, -0.7992683053016663, -0.8220013380050659];[0.477462500333786, 0.4197295010089874, 0.4435567259788513, 0.433792382478714, 0.4425642192363739, 0.45005297660827637, 0.43845313787460327, 0.4301684498786926, 0.44074785709381104, 0.4314207434654236, 0.42148447036743164, 0.4354013204574585, 0.43836551904678345, 0.4121030271053314, 0.42304813861846924, 0.4128309190273285, 0.4223571717739105, 0.42814427614212036, 0.39696186780929565, 0.4112766683101654, 0.42612504959106445, 0.4238772988319397, 0.4121280908584595, 0.40060049295425415, 0.3948270082473755, 0.3967134654521942, 0.4160322844982147, 0.4193362295627594, 0.4042719900608063, 0.40170416235923767];2000.7737951278687
1000;[0.7706597447395325, 0.7725404500961304, 0.7683145999908447, 0.7682027220726013, 0.7733147144317627, 0.7708340287208557, 0.7822675704956055, 0.7680865526199341, 0.7678379416465759, 0.7761238217353821, 0.7776366472244263, 0.771083414554596, 0.7836982607841492, 0.7732549905776978, 0.7763664722442627, 0.7779734134674072, 0.7847234010696411, 0.7934251427650452, 0.7817344069480896, 0.7793802618980408, 0.7846711277961731, 0.7851666212081909, 0.778778076171875, 0.7855521440505981, 0.7871782183647156, 0.7840174436569214, 0.7801166772842407, 0.7905173897743225, 0.7828561663627625, 0.7857193350791931, 0.7864170074462891];[0.034670133143663406, 0.03517911583185196, 0.03436420112848282, 0.034302033483982086, 0.03952837735414505, 0.036779385060071945, 0.04463254660367966, 0.03372345119714737, 0.032499294728040695, 0.039844244718551636, 0.03856274485588074, 0.03325466066598892, 0.042265959084033966, 0.034862618893384933, 0.03793199360370636, 0.03851831704378128, 0.04196827486157417, 0.04898608475923538, 0.04073871299624443, 0.03873301297426224, 0.04291427135467529, 0.04432119429111481, 0.03727029263973236, 0.044735223054885864, 0.04530740901827812, 0.040321771055459976, 0.039957985281944275, 0.04825618118047714, 0.039002109318971634, 0.04309196025133133, 0.0455801896750927];[-0.8294352293014526, -0.8279793858528137, -0.8267408013343811, -0.8253921270370483, -0.8451716899871826, -0.8330228924751282, -0.8542236089706421, -0.8209268450737, -0.8218886852264404, -0.8401321172714233, -0.8358854651451111, -0.8216105699539185, -0.8467794060707092, -0.8268283009529114, -0.8470723032951355, -0.8367979526519775, -0.8505043983459473, -0.8888254165649414, -0.8406949639320374, -0.8398924469947815, -0.8511601686477661, -0.8551183938980103, -0.8307213187217712, -0.8540869355201721, -0.8625286817550659, -0.8401002287864685, -0.8379219174385071, -0.8640594482421875, -0.8377578258514404, -0.8527084589004517, -0.860028088092804];[0.4151111841201782, 0.42681512236595154, 0.4299672842025757, 0.44079720973968506, 0.4417119026184082, 0.4383098781108856, 0.4367343783378601, 0.4482962489128113, 0.4259781837463379, 0.44004344940185547, 0.42553460597991943, 0.43215054273605347, 0.4316723048686981, 0.4163161516189575, 0.4211609959602356, 0.44384434819221497, 0.43593281507492065, 0.43210387229919434, 0.4232678711414337, 0.4392901360988617, 0.42838242650032043, 0.446623831987381, 0.43005821108818054, 0.41526347398757935, 0.4541187584400177, 0.4210391044616699, 0.43434375524520874, 0.44488510489463806, 0.4462943375110626, 0.4240249991416931];1996.5501246452332
1050;[0.7767015695571899, 0.7704527378082275, 0.781636118888855, 0.7791350483894348, 0.7833489775657654, 0.7739471793174744, 0.7737659811973572, 0.7729647159576416, 0.7718483805656433, 0.7959412932395935, 0.777437150478363, 0.7790236473083496, 0.7918374538421631, 0.7825487852096558, 0.7849592566490173, 0.7776538729667664, 0.7860634922981262, 0.7868301868438721, 0.7782379984855652, 0.7791054248809814, 0.7850306630134583, 0.7825445532798767, 0.7858714461326599, 0.7916011810302734, 0.7900301218032837, 0.7881531119346619, 0.7808241844177246, 0.7875429391860962, 0.8015549182891846, 0.7795628905296326, 0.7877405881881714];[0.03815692290663719, 0.03177420422434807, 0.03915268927812576, 0.03827545791864395, 0.04366287961602211, 0.030819255858659744, 0.03217054530978203, 0.03186359629034996, 0.028989437967538834, 0.048290420323610306, 0.03162788599729538, 0.03567269816994667, 0.042832717299461365, 0.03656768053770065, 0.04201669245958328, 0.03284808620810509, 0.03805499151349068, 0.039152827113866806, 0.03202392905950546, 0.031705133616924286, 0.0369143933057785, 0.03542796149849892, 0.03817151486873627, 0.04323197528719902, 0.03917141631245613, 0.04013635590672493, 0.032326653599739075, 0.03889175131917, 0.04897008836269379, 0.03321631997823715, 0.03873790055513382];[-0.8371472954750061, -0.8165457248687744, -0.8506175875663757, -0.8483648300170898, -0.8605461716651917, -0.8150619268417358, -0.817564070224762, -0.8159379959106445, -0.8136574029922485, -0.8702928423881531, -0.8204675316810608, -0.8289815783500671, -0.8597245812416077, -0.8294215202331543, -0.8484007120132446, -0.8227524161338806, -0.8332390189170837, -0.8395494222640991, -0.8167201280593872, -0.8175352811813354, -0.8338355422019958, -0.8281220197677612, -0.8352616429328918, -0.851729691028595, -0.8382630944252014, -0.8450310230255127, -0.8187815546989441, -0.8378650546073914, -0.8764927387237549, -0.8231316208839417, -0.8394109606742859];[0.4303419888019562, 0.4390326738357544, 0.41962817311286926, 0.4152979552745819, 0.42059940099716187, 0.44289863109588623, 0.42050790786743164, 0.39842650294303894, 0.42063379287719727, 0.4222947359085083, 0.41595980525016785, 0.40667131543159485, 0.39592137932777405, 0.40971192717552185, 0.4067789614200592, 0.4025558531284332, 0.3964794874191284, 0.42219293117523193, 0.422457754611969, 0.3973897397518158, 0.427921861410141, 0.4030236303806305, 0.4108862280845642, 0.41931039094924927, 0.39958655834198, 0.40468594431877136, 0.3943498432636261, 0.3925431966781616, 0.41638848185539246, 0.3987736701965332];2001.2268216609955
1100;[0.767893373966217, 0.7770869135856628, 0.7735109925270081, 0.7828369736671448, 0.7763672471046448, 0.780065655708313, 0.7797247171401978, 0.774395227432251, 0.7866969108581543, 0.7877379059791565, 0.7749258875846863, 0.7867317795753479, 0.7910836338996887, 0.7803202867507935, 0.7867597341537476, 0.7831905484199524, 0.7877922654151917, 0.7899841666221619, 0.7928845882415771, 0.7970626950263977, 0.7892259955406189, 0.7999045252799988, 0.7883814573287964, 0.7925000190734863, 0.7895300388336182, 0.7889492511749268, 0.791387677192688, 0.7916379570960999, 0.8037959337234497, 0.7901259064674377, 0.7967008948326111];[0.035056453198194504, 0.039383042603731155, 0.035101499408483505, 0.046944472938776016, 0.03571949899196625, 0.039879851043224335, 0.041040148586034775, 0.036703381687402725, 0.04295794293284416, 0.044051643460989, 0.032134342938661575, 0.043359655886888504, 0.04864784702658653, 0.039708320051431656, 0.041307564824819565, 0.03941219300031662, 0.041683271527290344, 0.04452686384320259, 0.04749313369393349, 0.05187749117612839, 0.043113045394420624, 0.054175011813640594, 0.041727688163518906, 0.0500146746635437, 0.04377233609557152, 0.04336218535900116, 0.04337912052869797, 0.04356095567345619, 0.05365742743015289, 0.04322609305381775, 0.04935405030846596];[-0.8261896967887878, -0.8417655825614929, -0.8255582451820374, -0.8633189797401428, -0.8289532661437988, -0.847356915473938, -0.8404752612113953, -0.8278237581253052, -0.8534291386604309, -0.8586704134941101, -0.8207947015762329, -0.8476634621620178, -0.8689030408859253, -0.8382374048233032, -0.8542943000793457, -0.8385552167892456, -0.8419908285140991, -0.8574696183204651, -0.8614399433135986, -0.8780241012573242, -0.8531719446182251, -0.8964930176734924, -0.8469996452331543, -0.874142587184906, -0.8511756062507629, -0.8556554913520813, -0.8548588752746582, -0.851094126701355, -0.9072573184967041, -0.8500218391418457, -0.8690720796585083];[0.4383199214935303, 0.4307410717010498, 0.4340902864933014, 0.4300113916397095, 0.4151565432548523, 0.43842193484306335, 0.4205712378025055, 0.414994478225708, 0.42244207859039307, 0.4163615107536316, 0.4304748475551605, 0.4189072251319885, 0.4305419921875, 0.42276519536972046, 0.41552603244781494, 0.4037339985370636, 0.4253982901573181, 0.4208228588104248, 0.4114587903022766, 0.40143248438835144, 0.4196898341178894, 0.42137065529823303, 0.4010315239429474, 0.4227434992790222, 0.40221989154815674, 0.41549766063690186, 0.4198703467845917, 0.41946151852607727, 0.4132477939128876, 0.4125157296657562];2003.9266726970673
1150;[0.7852113246917725, 0.7690081596374512, 0.774122416973114, 0.7694882154464722, 0.7783205509185791, 0.7774940133094788, 0.7785590291023254, 0.7671369910240173, 0.7733719348907471, 0.7775339484214783, 0.7788271903991699, 0.7692145109176636, 0.7672487497329712, 0.7802996635437012, 0.7875432372093201, 0.7753724455833435, 0.775384783744812, 0.7787503600120544, 0.7760761976242065, 0.7744825482368469, 0.7739072442054749, 0.7729770541191101, 0.7771502733230591, 0.7760894298553467, 0.7813592553138733, 0.776939332485199, 0.7753573060035706, 0.7721627354621887, 0.7777876257896423, 0.7746307849884033, 0.7791551351547241];[0.04333550110459328, 0.03255709260702133, 0.037250544875860214, 0.034038688987493515, 0.040248602628707886, 0.039941828697919846, 0.038744132965803146, 0.029077984392642975, 0.03431282564997673, 0.03747780993580818, 0.03846348449587822, 0.03194638341665268, 0.029336990788578987, 0.04016796126961708, 0.04158739745616913, 0.032359153032302856, 0.03418971970677376, 0.036224596202373505, 0.03266046568751335, 0.03291691839694977, 0.03343234211206436, 0.02989763580262661, 0.03289562091231346, 0.03268839418888092, 0.03684129938483238, 0.03615380823612213, 0.03304461017251015, 0.027081144973635674, 0.03458257019519806, 0.03059014491736889, 0.0346275232732296];[-0.8496584892272949, -0.8183308839797974, -0.8303282856941223, -0.8259349465370178, -0.8412513136863708, -0.8403564691543579, -0.840345025062561, -0.8107921481132507, -0.8234429955482483, -0.8354642987251282, -0.8374369144439697, -0.8157708644866943, -0.808781623840332, -0.839225172996521, -0.8435304164886475, -0.8186613917350769, -0.8323038220405579, -0.8340461850166321, -0.8180826306343079, -0.8237352967262268, -0.8196490406990051, -0.8114058375358582, -0.8210427761077881, -0.82267826795578, -0.8283620476722717, -0.8277779817581177, -0.8224796652793884, -0.805368959903717, -0.8304592370986938, -0.8166859149932861, -0.8283413052558899];[0.41387519240379333, 0.4468420445919037, 0.4541740119457245, 0.4370366334915161, 0.4704834818840027, 0.4327522814273834, 0.4436701536178589, 0.4279712438583374, 0.4439755380153656, 0.42633193731307983, 0.4343486428260803, 0.430985689163208, 0.4403255879878998, 0.4317762553691864, 0.42459335923194885, 0.39982089400291443, 0.4361514151096344, 0.42877158522605896, 0.4239270091056824, 0.4152699112892151, 0.42391371726989746, 0.42125850915908813, 0.40880316495895386, 0.45991143584251404, 0.43636077642440796, 0.4266717731952667, 0.43576303124427795, 0.4121477007865906, 0.429813951253891, 0.41818729043006897];1994.3163397312164
1200;[0.7727193832397461, 0.7759162783622742, 0.7748575210571289, 0.7737420201301575, 0.7879618406295776, 0.7929148077964783, 0.7737112641334534, 0.7766348719596863, 0.7813654541969299, 0.7786622643470764, 0.7889625430107117, 0.784092128276825, 0.7822538018226624, 0.7867943644523621, 0.7856148481369019, 0.7901732921600342, 0.7901179790496826, 0.7852909564971924, 0.7817466855049133, 0.7863438129425049, 0.7852609157562256, 0.7872410416603088, 0.7950537800788879, 0.8041261434555054, 0.7939699292182922, 0.7991457581520081, 0.7959108352661133, 0.7934698462486267, 0.7898457646369934, 0.8022991418838501, 0.7847381830215454];[0.03595331311225891, 0.040391866117715836, 0.036748290061950684, 0.037391215562820435, 0.0466092973947525, 0.04758631810545921, 0.0350780114531517, 0.03705137223005295, 0.041705962270498276, 0.040750183165073395, 0.04871327057480812, 0.04205883666872978, 0.04140712693333626, 0.0448150709271431, 0.04609422758221626, 0.04523828998208046, 0.04919840767979622, 0.04143105447292328, 0.038548897951841354, 0.044380396604537964, 0.043167054653167725, 0.04263044521212578, 0.04849286749958992, 0.05733877047896385, 0.05032394826412201, 0.05179384723305702, 0.05412470921874046, 0.04600599780678749, 0.04724063724279404, 0.05502079054713249, 0.04082191735506058];[-0.827035129070282, -0.8392161726951599, -0.8329034447669983, -0.8328360319137573, -0.8723105192184448, -0.8694340586662292, -0.8285515308380127, -0.8334453105926514, -0.843151867389679, -0.8446076512336731, -0.8657107949256897, -0.8487634062767029, -0.8443269729614258, -0.8590869903564453, -0.8605297207832336, -0.8740964531898499, -0.8768548369407654, -0.8609208464622498, -0.8369095325469971, -0.8553009033203125, -0.8516107201576233, -0.849394679069519, -0.8687328100204468, -0.9060330390930176, -0.8701602220535278, -0.8986865282058716, -0.8820449113845825, -0.8620832562446594, -0.8722860217094421, -0.8955773711204529, -0.8423216938972473];[0.42660799622535706, 0.41511231660842896, 0.43342462182044983, 0.41309258341789246, 0.42191383242607117, 0.4068989157676697, 0.41949036717414856, 0.4222617745399475, 0.4260827600955963, 0.45387300848960876, 0.42481034994125366, 0.41103652119636536, 0.4131297767162323, 0.41725262999534607, 0.42243140935897827, 0.41220220923423767, 0.414917916059494, 0.4144396483898163, 0.4542108476161957, 0.41796210408210754, 0.40808987617492676, 0.41909003257751465, 0.4034867584705353, 0.4138815402984619, 0.4066618084907532, 0.407817542552948, 0.4140821695327759, 0.4085209369659424, 0.41177237033843994, 0.4102545976638794];2013.760657787323
1250;[0.770042359828949, 0.7696705460548401, 0.7745177149772644, 0.7718930840492249, 0.7869592308998108, 0.7728795409202576, 0.7779312133789062, 0.776104211807251, 0.7775148153305054, 0.7782607674598694, 0.7780489921569824, 0.7820799350738525, 0.7877485752105713, 0.7753151655197144, 0.7769317626953125, 0.7880826592445374, 0.7812629342079163, 0.7821536064147949, 0.7818195223808289, 0.7876582145690918, 0.7803186774253845, 0.7780699133872986, 0.78517746925354, 0.7851172685623169, 0.7842467427253723, 0.7835893630981445, 0.7878356575965881, 0.7788038849830627, 0.7842510938644409, 0.7868884205818176, 0.7872553467750549];[0.03240371495485306, 0.03413313254714012, 0.03474648296833038, 0.034024983644485474, 0.04677277430891991, 0.034592121839523315, 0.03960399329662323, 0.034135643392801285, 0.03537144884467125, 0.03439425677061081, 0.03501402214169502, 0.03659655898809433, 0.039138972759246826, 0.032853927463293076, 0.03345414623618126, 0.04269842430949211, 0.035373710095882416, 0.03804578259587288, 0.03533073887228966, 0.04201384633779526, 0.0359976552426815, 0.031153567135334015, 0.03761443495750427, 0.03676046058535576, 0.03784029930830002, 0.0360579788684845, 0.038604188710451126, 0.031963374465703964, 0.03457248955965042, 0.037390708923339844, 0.037534553557634354];[-0.8209971189498901, -0.8238404393196106, -0.8293203115463257, -0.8247070908546448, -0.8709074854850769, -0.8221155405044556, -0.8412006497383118, -0.8256557583808899, -0.8283060789108276, -0.8296618461608887, -0.8258956074714661, -0.8310173153877258, -0.8367599844932556, -0.821854829788208, -0.8228140473365784, -0.8473960757255554, -0.8297737240791321, -0.8345528841018677, -0.832547128200531, -0.8635619878768921, -0.8303561806678772, -0.8153133392333984, -0.8333084583282471, -0.8344677686691284, -0.8334304094314575, -0.833743155002594, -0.8410105109214783, -0.8175545334815979, -0.8260976672172546, -0.8355525135993958, -0.831218957901001];[0.43978598713874817, 0.42993372678756714, 0.4362161159515381, 0.41361260414123535, 0.43058499693870544, 0.44122314453125, 0.42416298389434814, 0.4163751006126404, 0.42935165762901306, 0.4052148163318634, 0.414157897233963, 0.4356493651866913, 0.40824663639068604, 0.4231448173522949, 0.40020033717155457, 0.4219514727592468, 0.43968746066093445, 0.39530906081199646, 0.41156938672065735, 0.4000910520553589, 0.4076308012008667, 0.39876943826675415, 0.4019460082054138, 0.4075317978858948, 0.41178643703460693, 0.4061519503593445, 0.41943612694740295, 0.39525195956230164, 0.3905738890171051, 0.3957182765007019];2003.8473806381226
1300;[0.7769807577133179, 0.7784456014633179, 0.7949243187904358, 0.7732256054878235, 0.7763611078262329, 0.7715809345245361, 0.7672595381736755, 0.7667802572250366, 0.7770155072212219, 0.7708396315574646, 0.7704488039016724, 0.7691444158554077, 0.7651968598365784, 0.7730565071105957, 0.7713633179664612, 0.7724329829216003, 0.774936318397522, 0.7807815074920654, 0.7769477367401123, 0.7731941938400269, 0.7795493006706238, 0.7750837802886963, 0.7876768708229065, 0.7672122716903687, 0.7738212943077087, 0.772468626499176, 0.7695266008377075, 0.7762196063995361, 0.7767698764801025, 0.7724117040634155, 0.776538074016571];[0.03946933150291443, 0.03929940611124039, 0.04973762854933739, 0.03399188444018364, 0.034211814403533936, 0.03255048766732216, 0.029552876949310303, 0.028890537098050117, 0.03538807854056358, 0.02977147325873375, 0.029839137569069862, 0.02994106151163578, 0.023680519312620163, 0.029092121869325638, 0.029047034680843353, 0.02829774282872677, 0.02864854969084263, 0.03476713225245476, 0.032679829746484756, 0.02566521055996418, 0.029906829819083214, 0.030149029567837715, 0.03801201656460762, 0.02175728976726532, 0.028574218973517418, 0.028060907498002052, 0.02409936860203743, 0.029988085851073265, 0.030336545780301094, 0.023675041273236275, 0.028856374323368073];[-0.8411913514137268, -0.8370954394340515, -0.8963600993156433, -0.8225437998771667, -0.824773371219635, -0.8250107169151306, -0.8109686374664307, -0.8067084550857544, -0.8286389112472534, -0.8114368915557861, -0.8118818402290344, -0.811430037021637, -0.7965676784515381, -0.8092395663261414, -0.8090495467185974, -0.807420015335083, -0.8076443076133728, -0.8248032927513123, -0.8239482641220093, -0.7994637489318848, -0.8275655508041382, -0.8166704773902893, -0.8369045853614807, -0.7906072735786438, -0.8097783923149109, -0.8043821454048157, -0.796375572681427, -0.819372296333313, -0.8114123940467834, -0.7972494959831238, -0.8104133009910583];[0.42677029967308044, 0.4267714321613312, 0.4226909279823303, 0.425005704164505, 0.4213188886642456, 0.4207756817340851, 0.4416034519672394, 0.41779664158821106, 0.4237447679042816, 0.42556020617485046, 0.432712197303772, 0.4205099642276764, 0.4138660728931427, 0.4106166958808899, 0.4269849956035614, 0.41368749737739563, 0.4123220145702362, 0.3994453251361847, 0.42215150594711304, 0.4049929082393646, 0.40467044711112976, 0.44178155064582825, 0.41628944873809814, 0.4145618677139282, 0.40782400965690613, 0.4016360342502594, 0.4001365005970001, 0.40743720531463623, 0.4017353653907776, 0.38861358165740967];2008.6015086174011
1350;[0.7678991556167603, 0.7755081653594971, 0.7789305448532104, 0.7816520929336548, 0.7818731665611267, 0.7763749957084656, 0.7740958333015442, 0.773763120174408, 0.7713332772254944, 0.7707450985908508, 0.7707986235618591, 0.7732758522033691, 0.7707259654998779, 0.7697305679321289, 0.7724459767341614, 0.7802972793579102, 0.7705966830253601, 0.7692644596099854, 0.7670280933380127, 0.7726959586143494, 0.7715603113174438, 0.7720956802368164, 0.7805490493774414, 0.7769352197647095, 0.7758408784866333, 0.7731917500495911, 0.778654158115387, 0.7755245566368103, 0.7716649174690247, 0.773055374622345, 0.7882910370826721];[0.03227810189127922, 0.03702377900481224, 0.03780596703290939, 0.039287444204092026, 0.04111906513571739, 0.03655344620347023, 0.03286772593855858, 0.033575743436813354, 0.03162051737308502, 0.03138716146349907, 0.03164753317832947, 0.032172415405511856, 0.03026208095252514, 0.029251649975776672, 0.033095959573984146, 0.034995611757040024, 0.029309382662177086, 0.03016720898449421, 0.027509942650794983, 0.0317087359726429, 0.03017708845436573, 0.034473929554224014, 0.03824446722865105, 0.03243246302008629, 0.03185100108385086, 0.03162643685936928, 0.03492097556591034, 0.03317844495177269, 0.03136812150478363, 0.029789961874485016, 0.04078185558319092];[-0.8188521265983582, -0.8317092657089233, -0.8338202834129333, -0.8379407525062561, -0.8443840146064758, -0.8341907262802124, -0.8205324411392212, -0.8243464231491089, -0.8199798464775085, -0.815574049949646, -0.818113386631012, -0.8187025785446167, -0.8108966946601868, -0.8087759613990784, -0.8205708861351013, -0.8292615413665771, -0.8068719506263733, -0.812131941318512, -0.8067627549171448, -0.8122467994689941, -0.8189262747764587, -0.8212713003158569, -0.8363552093505859, -0.8240085244178772, -0.8170591592788696, -0.8164442181587219, -0.8264588117599487, -0.8201135396957397, -0.8132463097572327, -0.8139259219169617, -0.8507200479507446];[0.4448031187057495, 0.4385472238063812, 0.43199849128723145, 0.4944278299808502, 0.44927528500556946, 0.4464471638202667, 0.42893946170806885, 0.41377225518226624, 0.4579581618309021, 0.42657768726348877, 0.4121737778186798, 0.4033021926879883, 0.4373471736907959, 0.4240320920944214, 0.4136212468147278, 0.42318934202194214, 0.4047790467739105, 0.4334842264652252, 0.4197397828102112, 0.42456161975860596, 0.4353409707546234, 0.4158077538013458, 0.4131103456020355, 0.42358872294425964, 0.42454993724823, 0.41033560037612915, 0.43226131796836853, 0.40140119194984436, 0.44798973202705383, 0.4453605115413666];1993.7050051689148
1400;[0.7739479541778564, 0.7661490440368652, 0.7718150615692139, 0.7684968709945679, 0.7766361236572266, 0.7740635871887207, 0.7736334204673767, 0.7737517356872559, 0.7747382521629333, 0.7806435823440552, 0.7752522826194763, 0.7762396931648254, 0.7798320055007935, 0.7702447175979614, 0.7714808583259583, 0.7825701832771301, 0.780211329460144, 0.7801787257194519, 0.7771955728530884, 0.7750867605209351, 0.7751007676124573, 0.7692552804946899, 0.7764526009559631, 0.7748594880104065, 0.7784175872802734, 0.7720664143562317, 0.7803668975830078, 0.7825806140899658, 0.7717757225036621, 0.7764539122581482, 0.7777912020683289];[0.03584079444408417, 0.029347248375415802, 0.035883765667676926, 0.031065791845321655, 0.037096720188856125, 0.03667812421917915, 0.03491205722093582, 0.03596579656004906, 0.03486297279596329, 0.039955005049705505, 0.03554322198033333, 0.036006636917591095, 0.03998035937547684, 0.03202776610851288, 0.03314036875963211, 0.04159915819764137, 0.0396772176027298, 0.03859103098511696, 0.03870350867509842, 0.03525453433394432, 0.03326823189854622, 0.029589587822556496, 0.03479107469320297, 0.03395775333046913, 0.03624344244599342, 0.02839609980583191, 0.03382432088255882, 0.03846435993909836, 0.028928406536579132, 0.0345340259373188, 0.03358565270900726];[-0.834911048412323, -0.8089185953140259, -0.8257504105567932, -0.8166314959526062, -0.836350679397583, -0.829904317855835, -0.8247438669204712, -0.8293166160583496, -0.8274044990539551, -0.8398362398147583, -0.828809916973114, -0.8313223719596863, -0.847429096698761, -0.8201767206192017, -0.8234928250312805, -0.8536273241043091, -0.8423268795013428, -0.8414794206619263, -0.8404523134231567, -0.8246510028839111, -0.8223291635513306, -0.8082615733146667, -0.8290798664093018, -0.8249183297157288, -0.8364418745040894, -0.8087558150291443, -0.8264220952987671, -0.8442838788032532, -0.8124204277992249, -0.8260856866836548, -0.8213711380958557];[0.4568778872489929, 0.43167099356651306, 0.4496128559112549, 0.4399821162223816, 0.42104384303092957, 0.42493999004364014, 0.4343414008617401, 0.3980098068714142, 0.42769795656204224, 0.43667352199554443, 0.4368053674697876, 0.42964574694633484, 0.39266204833984375, 0.4243454933166504, 0.4297824203968048, 0.4394773542881012, 0.42868149280548096, 0.4104860723018646, 0.43055424094200134, 0.43092137575149536, 0.42074280977249146, 0.415010005235672, 0.4379829168319702, 0.40905749797821045, 0.40680769085884094, 0.41586753726005554, 0.4560411274433136, 0.4270014762878418, 0.4253753423690796, 0.41821083426475525];1996.1149492263794
1450;[0.7742912769317627, 0.7677719593048096, 0.7780172228813171, 0.7668933868408203, 0.7774948477745056, 0.7770854830741882, 0.7769080996513367, 0.7711418271064758, 0.7740280628204346, 0.7830061316490173, 0.7754690647125244, 0.7771640419960022, 0.7907721996307373, 0.7845256328582764, 0.78477942943573, 0.7879025936126709, 0.7769973874092102, 0.7796869277954102, 0.7881929874420166, 0.7815064191818237, 0.7839171290397644, 0.7871943116188049, 0.7769691348075867, 0.778672456741333, 0.7777547836303711, 0.7918825149536133, 0.7775312662124634, 0.786160409450531, 0.778386652469635, 0.788720965385437, 0.7773658633232117];[0.037088099867105484, 0.03389516845345497, 0.04023462533950806, 0.031135255470871925, 0.03844372183084488, 0.03921910747885704, 0.038816701620817184, 0.034588657319545746, 0.03890368714928627, 0.04401415213942528, 0.0375010222196579, 0.03776906058192253, 0.04909414052963257, 0.040541909635066986, 0.042709238827228546, 0.045903682708740234, 0.03683009743690491, 0.038839902728796005, 0.046711910516023636, 0.04038354009389877, 0.04318061098456383, 0.04571489244699478, 0.0376361683011055, 0.04194493219256401, 0.04088336229324341, 0.048385512083768845, 0.03810613974928856, 0.04388299584388733, 0.04059623181819916, 0.049041878432035446, 0.03623463585972786];[-0.8339441418647766, -0.823069155216217, -0.850652813911438, -0.8133382797241211, -0.8349151611328125, -0.8422754406929016, -0.8388321399688721, -0.8263607025146484, -0.8425942659378052, -0.8551046848297119, -0.8377498984336853, -0.835200846195221, -0.8776552677154541, -0.8413317203521729, -0.8601301908493042, -0.8618183135986328, -0.8302358388900757, -0.8408576846122742, -0.8649603128433228, -0.841404378414154, -0.8502790331840515, -0.8593420386314392, -0.8346956372261047, -0.8471863269805908, -0.840046226978302, -0.8701810240745544, -0.8347089886665344, -0.8524967432022095, -0.8400155305862427, -0.8698359727859497, -0.8297639489173889];[0.4270692467689514, 0.440445214509964, 0.43563565611839294, 0.4246918857097626, 0.4329349100589752, 0.42221924662590027, 0.4362136125564575, 0.4260769486427307, 0.44590845704078674, 0.4231165647506714, 0.4203643500804901, 0.4335068464279175, 0.42713287472724915, 0.42752641439437866, 0.42454448342323303, 0.423267662525177, 0.4395610988140106, 0.42944610118865967, 0.44455569982528687, 0.4438687562942505, 0.4128110408782959, 0.4378645420074463, 0.44800180196762085, 0.4377555251121521, 0.4438610374927521, 0.44226548075675964, 0.4466679096221924, 0.4316423833370209, 0.4430866837501526, 0.43369072675704956];1985.5203385353088
1500;[0.7787718772888184, 0.7696382403373718, 0.7787402272224426, 0.7783922553062439, 0.7796849608421326, 0.781457781791687, 0.769464373588562, 0.7771344780921936, 0.7708081603050232, 0.7734021544456482, 0.7783192992210388, 0.7687072157859802, 0.778756320476532, 0.7790377736091614, 0.7815285921096802, 0.7757010459899902, 0.77919602394104, 0.7882034778594971, 0.7837258577346802, 0.7842919826507568, 0.7868422865867615, 0.776595950126648, 0.7847143411636353, 0.7805763483047485, 0.7814996242523193, 0.782515287399292, 0.794072151184082, 0.7793814539909363, 0.78636634349823, 0.7913041710853577, 0.7855457663536072];[0.03847665712237358, 0.03618622571229935, 0.039923205971717834, 0.039681486785411835, 0.03726685047149658, 0.04177568480372429, 0.03255145996809006, 0.037625182420015335, 0.03433440253138542, 0.03612791374325752, 0.03678617626428604, 0.031282417476177216, 0.03690309077501297, 0.03856731578707695, 0.03882141783833504, 0.032996222376823425, 0.03844016417860985, 0.04154174402356148, 0.04218151047825813, 0.039738740772008896, 0.04296043515205383, 0.03452131897211075, 0.041559088975191116, 0.03845291957259178, 0.03833967447280884, 0.038595639169216156, 0.04733561724424362, 0.03539442643523216, 0.03966926410794258, 0.04662024974822998, 0.03786931186914444];[-0.8343251347541809, -0.8290124535560608, -0.8400446176528931, -0.8415606021881104, -0.8330447673797607, -0.8523712158203125, -0.8193086385726929, -0.8308030962944031, -0.821772575378418, -0.8285199999809265, -0.8604511022567749, -0.8151617050170898, -0.8307100534439087, -0.8385721445083618, -0.8364254236221313, -0.8192652463912964, -0.8364427089691162, -0.8633030652999878, -0.8463060855865479, -0.8422585725784302, -0.849760115146637, -0.8287418484687805, -0.8493659496307373, -0.8343347311019897, -0.841473400592804, -0.8375594615936279, -0.8652575016021729, -0.8270003795623779, -0.8394931554794312, -0.8574079871177673, -0.8352486491203308];[0.42568373680114746, 0.4592917561531067, 0.42079609632492065, 0.41926702857017517, 0.42174237966537476, 0.431273490190506, 0.43182581663131714, 0.44590938091278076, 0.42190825939178467, 0.420305997133255, 0.43691739439964294, 0.4296262562274933, 0.4303351044654846, 0.4242919087409973, 0.4257737696170807, 0.41796302795410156, 0.4640834331512451, 0.41933536529541016, 0.44474267959594727, 0.4198789596557617, 0.4189116656780243, 0.42595386505126953, 0.4169033169746399, 0.4155939519405365, 0.4179854989051819, 0.42006903886795044, 0.4059031903743744, 0.4018828868865967, 0.42345210909843445, 0.4245719313621521];1998.0735776424408
1550;[0.7677679657936096, 0.767913818359375, 0.7805051207542419, 0.7808104157447815, 0.7707478404045105, 0.782787561416626, 0.7792314887046814, 0.7893308401107788, 0.7828224897384644, 0.7776069045066833, 0.7862018942832947, 0.781768798828125, 0.7871350646018982, 0.7850735187530518, 0.783976137638092, 0.7802169322967529, 0.7867580652236938, 0.7840548157691956, 0.7873092889785767, 0.7862657904624939, 0.7901926040649414, 0.7931514382362366, 0.7907776236534119, 0.7906321883201599, 0.794228196144104, 0.8013767600059509, 0.7946833968162537, 0.7873110771179199, 0.7904285192489624, 0.7973288297653198, 0.7987333536148071];[0.030608566477894783, 0.03439886495471001, 0.037723198533058167, 0.04218113794922829, 0.03486962616443634, 0.041192084550857544, 0.0398796983063221, 0.04862624779343605, 0.04073279723525047, 0.03831169009208679, 0.043510470539331436, 0.03928089886903763, 0.04545086249709129, 0.0440421923995018, 0.03937596082687378, 0.037776246666908264, 0.04380563646554947, 0.0395919531583786, 0.04289362207055092, 0.045386698096990585, 0.04581540450453758, 0.04469842091202736, 0.043097782880067825, 0.04733961820602417, 0.0486268475651741, 0.05110301077365875, 0.04659903421998024, 0.04325975105166435, 0.04486735537648201, 0.049368634819984436, 0.050048451870679855];[-0.8175908327102661, -0.8259284496307373, -0.9118744134902954, -0.8543921113014221, -0.8292456269264221, -0.856425940990448, -0.8409451246261597, -0.8857472538948059, -0.84019935131073, -0.8367810249328613, -0.850013256072998, -0.8421888947486877, -0.8713105320930481, -0.8513414263725281, -0.8450374603271484, -0.8373143672943115, -0.8595267534255981, -0.8405297994613647, -0.8496968150138855, -0.8530951142311096, -0.8669781684875488, -0.8559938669204712, -0.8462281823158264, -0.8678362369537354, -0.8618574738502502, -0.8689662218093872, -0.8631201386451721, -0.852389395236969, -0.8569415807723999, -0.866581380367279, -0.867149293422699];[0.42447441816329956, 0.419284850358963, 0.42790916562080383, 0.4206588864326477, 0.4326736330986023, 0.4327283203601837, 0.43536463379859924, 0.42899760603904724, 0.4094781279563904, 0.4165964424610138, 0.4113820195198059, 0.4211779236793518, 0.4168202579021454, 0.432617723941803, 0.4134095311164856, 0.41817885637283325, 0.40032103657722473, 0.40177667140960693, 0.4403529763221741, 0.4108005464076996, 0.4214283227920532, 0.4102059602737427, 0.42552894353866577, 0.41646865010261536, 0.4257597029209137, 0.4258285164833069, 0.41640403866767883, 0.40030157566070557, 0.39908862113952637, 0.3945670425891876];1997.7771711349487
1600;[0.7711772918701172, 0.776290237903595, 0.7758020758628845, 0.7757703065872192, 0.7681991457939148, 0.7720415592193604, 0.7725554704666138, 0.77345871925354, 0.7700318098068237, 0.7684962153434753, 0.7664387226104736, 0.775562047958374, 0.7702850699424744, 0.762613832950592, 0.7667776942253113, 0.7738295197486877, 0.7646812796592712, 0.7689343094825745, 0.7632538080215454, 0.7657245397567749, 0.7595080733299255, 0.7668400406837463, 0.7605161070823669, 0.7666297554969788, 0.7587510943412781, 0.7613319754600525, 0.7685673236846924, 0.7636907696723938, 0.7574402689933777, 0.7624166011810303, 0.7635484933853149];[0.03391256928443909, 0.03871778026223183, 0.03500836715102196, 0.036225706338882446, 0.02997981198132038, 0.03290560469031334, 0.030900057405233383, 0.03278673440217972, 0.029812119901180267, 0.029238956049084663, 0.02791091986000538, 0.03620550036430359, 0.02946949377655983, 0.0242550577968359, 0.026855701580643654, 0.03286530822515488, 0.024516511708498, 0.026906829327344894, 0.021540530025959015, 0.027090508490800858, 0.022004151716828346, 0.02741278149187565, 0.021022479981184006, 0.02715948596596718, 0.020632605999708176, 0.019665725529193878, 0.027262207120656967, 0.02423619106411934, 0.020234720781445503, 0.02044459991157055, 0.022698519751429558];[-0.8252195715904236, -0.846114993095398, -0.8304880261421204, -0.8301494717597961, -0.8099197745323181, -0.8223240375518799, -0.8161792755126953, -0.8265091776847839, -0.811720609664917, -0.808981716632843, -0.8083400130271912, -0.8295178413391113, -0.8136271238327026, -0.79557204246521, -0.8051843643188477, -0.8173353672027588, -0.7959285974502563, -0.8100346922874451, -0.7902937531471252, -0.7999609708786011, -0.7878644466400146, -0.8064912557601929, -0.7862944006919861, -0.8044866323471069, -0.7833438515663147, -0.7833073735237122, -0.8063886761665344, -0.7979467511177063, -0.7828457355499268, -0.7857308387756348, -0.7929569482803345];[0.4434272348880768, 0.43645980954170227, 0.42984628677368164, 0.40874364972114563, 0.4393519461154938, 0.4415912628173828, 0.4354139268398285, 0.4217418432235718, 0.4301357567310333, 0.4267987906932831, 0.4313812851905823, 0.42226868867874146, 0.4285675883293152, 0.43306171894073486, 0.40433037281036377, 0.43112730979919434, 0.4163705110549927, 0.43337926268577576, 0.42098209261894226, 0.46615347266197205, 0.4164275825023651, 0.4277711808681488, 0.4193902909755707, 0.4250108301639557, 0.4257105588912964, 0.4132865369319916, 0.41598060727119446, 0.4321879744529724, 0.41447290778160095, 0.42387017607688904];2010.8597288131714
1650;[0.7757501602172852, 0.7774509191513062, 0.7640551328659058, 0.7694382071495056, 0.7665919661521912, 0.7642530798912048, 0.770618736743927, 0.770169734954834, 0.7706253528594971, 0.7692503929138184, 0.7705134153366089, 0.7676296234130859, 0.772616982460022, 0.7750098705291748, 0.7664275169372559, 0.7624048590660095, 0.7592344284057617, 0.7617590427398682, 0.7689837217330933, 0.7720806002616882, 0.7743957042694092, 0.7816874980926514, 0.773859441280365, 0.7710487246513367, 0.7722032070159912, 0.7756553888320923, 0.7683327794075012, 0.7750065326690674, 0.7797166705131531, 0.7752866148948669, 0.7830969095230103];[0.03510047122836113, 0.037754785269498825, 0.028046002611517906, 0.031970228999853134, 0.02954285219311714, 0.02868301048874855, 0.030914586037397385, 0.029164664447307587, 0.030562371015548706, 0.02986328862607479, 0.02946428582072258, 0.025452060624957085, 0.02997373603284359, 0.03446720913052559, 0.02733013965189457, 0.025278830900788307, 0.021738901734352112, 0.023084092885255814, 0.02799026295542717, 0.03131084144115448, 0.031024834141135216, 0.03973829373717308, 0.030334006994962692, 0.031404390931129456, 0.03169688954949379, 0.033652450889348984, 0.02765648066997528, 0.031046587973833084, 0.03561893105506897, 0.03349553048610687, 0.03963390737771988];[-0.8312815427780151, -0.8410747647285461, -0.8044804930686951, -0.8153180480003357, -0.8116933107376099, -0.8069931864738464, -0.826888918876648, -0.8116161823272705, -0.810982882976532, -0.8105440139770508, -0.8246873617172241, -0.8029645681381226, -0.8137843608856201, -0.8262211084365845, -0.8046911954879761, -0.7974853515625, -0.7897811532020569, -0.7919305562973022, -0.8061102628707886, -0.823180615901947, -0.8226879239082336, -0.8400234580039978, -0.8180472254753113, -0.8152217268943787, -0.8173297047615051, -0.8203884959220886, -0.8045661449432373, -0.8374742865562439, -0.8409194350242615, -0.8244236707687378, -0.8602226376533508];[0.4371953010559082, 0.44989535212516785, 0.43720507621765137, 0.44770634174346924, 0.4307708144187927, 0.4177265763282776, 0.46215692162513733, 0.43257081508636475, 0.43318524956703186, 0.42346468567848206, 0.43132519721984863, 0.4425450563430786, 0.4205667972564697, 0.4119639992713928, 0.41883349418640137, 0.4261614680290222, 0.4198882281780243, 0.4065706431865692, 0.4487869143486023, 0.42851221561431885, 0.4151483476161957, 0.40984809398651123, 0.42062515020370483, 0.4216252863407135, 0.4337862730026245, 0.4214426279067993, 0.42596349120140076, 0.4102800786495209, 0.4435562491416931, 0.4191626012325287];2021.534226179123
1700;[0.779885470867157, 0.7720292210578918, 0.7788417339324951, 0.7754912376403809, 0.7759972214698792, 0.7746028900146484, 0.7798987627029419, 0.7734769582748413, 0.7888381481170654, 0.7752825021743774, 0.7812679409980774, 0.7847135066986084, 0.7927404642105103, 0.7859137058258057, 0.7873424887657166, 0.7891494035720825, 0.7800083756446838, 0.7820394039154053, 0.7825160622596741, 0.7962563037872314, 0.7915142774581909, 0.7948092222213745, 0.7826046347618103, 0.7944583892822266, 0.7910195589065552, 0.7844023108482361, 0.7869386076927185, 0.7886459231376648, 0.7900397181510925, 0.7893192172050476, 0.7953174114227295];[0.04248794913291931, 0.03664917126297951, 0.04179881885647774, 0.036105699837207794, 0.03649916499853134, 0.03822334110736847, 0.034833673387765884, 0.03196307644248009, 0.04526575654745102, 0.03537674620747566, 0.038783684372901917, 0.04148944467306137, 0.044487521052360535, 0.0431051179766655, 0.04083549976348877, 0.041250310838222504, 0.03668863698840141, 0.038087282329797745, 0.03820634260773659, 0.05054567754268646, 0.04236844182014465, 0.04736630991101265, 0.04079045355319977, 0.04647287726402283, 0.04327385500073433, 0.03412861004471779, 0.03544693440198898, 0.040332380682229996, 0.040791042149066925, 0.0419142059981823, 0.04168979823589325];[-0.8475978374481201, -0.8344568610191345, -0.8608332276344299, -0.8320506811141968, -0.8301494121551514, -0.8388674855232239, -0.8276118636131287, -0.8153792023658752, -0.8526900410652161, -0.8264439105987549, -0.8403099775314331, -0.8475666046142578, -0.8498005867004395, -0.8592755198478699, -0.8394603729248047, -0.8451888561248779, -0.8338225483894348, -0.8413417339324951, -0.8399879336357117, -0.8816590309143066, -0.8484489917755127, -0.8662185668945312, -0.8410106301307678, -0.8694906234741211, -0.8508265018463135, -0.8303953409194946, -0.8301822543144226, -0.8384256958961487, -0.8427889943122864, -0.8423574566841125, -0.868959367275238];[0.4431908130645752, 0.4418237805366516, 0.41051429510116577, 0.45133793354034424, 0.4381108283996582, 0.44560545682907104, 0.41217952966690063, 0.4360548257827759, 0.4286886751651764, 0.42296695709228516, 0.42663148045539856, 0.40791651606559753, 0.4239885210990906, 0.4129035174846649, 0.42919042706489563, 0.4123082458972931, 0.4229821264743805, 0.4043263792991638, 0.4157584011554718, 0.4079521894454956, 0.4062897562980652, 0.4038987159729004, 0.42324814200401306, 0.402872771024704, 0.39426156878471375, 0.41379648447036743, 0.39750203490257263, 0.41977187991142273, 0.39351657032966614, 0.39919471740722656];2009.4193558692932
1750;[0.7730234861373901, 0.7723394632339478, 0.7726221680641174, 0.77043616771698, 0.7779417037963867, 0.7903267741203308, 0.7815158367156982, 0.7836858034133911, 0.7750840783119202, 0.7777983546257019, 0.7703685164451599, 0.7668350338935852, 0.7775659561157227, 0.7767077684402466, 0.7790235280990601, 0.7676578164100647, 0.7771550416946411, 0.7785037755966187, 0.7688107490539551, 0.7840321063995361, 0.7741643190383911, 0.7804269790649414, 0.7743760943412781, 0.7751923203468323, 0.7810733318328857, 0.7866263389587402, 0.7777933478355408, 0.78248131275177, 0.7850602269172668, 0.791386067867279, 0.7827056646347046];[0.03697793930768967, 0.032669033855199814, 0.036280516535043716, 0.03548090532422066, 0.039842914789915085, 0.05102185904979706, 0.04394727945327759, 0.04552016779780388, 0.036284416913986206, 0.04001554474234581, 0.03178086504340172, 0.03168109804391861, 0.038531240075826645, 0.03833067789673805, 0.04253682121634483, 0.02963639795780182, 0.03963739424943924, 0.038355547934770584, 0.031189611181616783, 0.04557119682431221, 0.036952052265405655, 0.04146378114819527, 0.037102583795785904, 0.03752532973885536, 0.040673092007637024, 0.04904372617602348, 0.040052857249975204, 0.04373086243867874, 0.045915599912405014, 0.049518387764692307, 0.04445117712020874];[-0.8309073448181152, -0.8179951310157776, -0.8309671878814697, -0.8295539617538452, -0.8399897217750549, -0.8871788382530212, -0.8617870211601257, -0.8602347373962402, -0.833078145980835, -0.8413221836090088, -0.8135368824005127, -0.8149468898773193, -0.8353989124298096, -0.8368729948997498, -0.8574966192245483, -0.8100656270980835, -0.835126519203186, -0.8372691869735718, -0.8150919079780579, -0.8646000623703003, -0.8368377685546875, -0.8442238569259644, -0.8325875997543335, -0.8333292603492737, -0.8415912985801697, -0.8683170080184937, -0.8490982055664062, -0.8535468578338623, -0.8657891154289246, -0.8909521698951721, -0.8520497679710388];[0.41306596994400024, 0.43816542625427246, 0.44515401124954224, 0.4560304284095764, 0.44936996698379517, 0.43282070755958557, 0.4305346608161926, 0.46182557940483093, 0.4103597104549408, 0.4264543056488037, 0.4330378770828247, 0.4515058696269989, 0.4402998983860016, 0.4354349672794342, 0.4389342665672302, 0.44517603516578674, 0.44444364309310913, 0.4377622604370117, 0.4165506958961487, 0.43839114904403687, 0.44771015644073486, 0.4498826265335083, 0.4467982053756714, 0.4534236788749695, 0.44484710693359375, 0.4359830915927887, 0.4306497573852539, 0.423843652009964, 0.4365444779396057, 0.4482158124446869];2028.5501112937927
1800;[0.7821429967880249, 0.764335572719574, 0.7703291177749634, 0.7878491282463074, 0.7742012739181519, 0.7761486768722534, 0.7771754860877991, 0.7718528509140015, 0.7717394828796387, 0.7738187909126282, 0.7704270482063293, 0.7773478031158447, 0.782519519329071, 0.7741032242774963, 0.78216952085495, 0.7744470238685608, 0.7835917472839355, 0.7747684717178345, 0.7886343002319336, 0.7779573202133179, 0.7816354036331177, 0.7737218141555786, 0.7843325138092041, 0.7869033217430115, 0.7749243378639221, 0.7704456448554993, 0.7893602252006531, 0.7823277115821838, 0.7811434268951416, 0.7752270102500916, 0.7772843837738037];[0.04342906177043915, 0.03029220551252365, 0.03152264282107353, 0.04452783241868019, 0.033322080969810486, 0.03828483074903488, 0.03477195277810097, 0.03065527230501175, 0.03348350152373314, 0.031271953135728836, 0.0294361375272274, 0.034931961447000504, 0.038206879049539566, 0.03196682780981064, 0.03775210678577423, 0.03171960264444351, 0.038809407502412796, 0.033585622906684875, 0.044628750532865524, 0.031995393335819244, 0.03568755462765694, 0.03085346892476082, 0.039511531591415405, 0.04030207172036171, 0.03056959994137287, 0.03017672523856163, 0.041826728731393814, 0.03748859465122223, 0.0335751511156559, 0.030960774049162865, 0.029400328174233437];[-0.8736435174942017, -0.8151293396949768, -0.8181392550468445, -0.8540990948677063, -0.819778561592102, -0.8373093008995056, -0.8286157846450806, -0.8154997825622559, -0.8220112323760986, -0.8154498934745789, -0.8114131689071655, -0.8275248408317566, -0.8356549143791199, -0.8166319727897644, -0.8355558514595032, -0.8151308298110962, -0.8362662196159363, -0.8258121013641357, -0.8638719320297241, -0.8264756202697754, -0.8255016803741455, -0.8156474828720093, -0.8458555340766907, -0.843485414981842, -0.815138578414917, -0.8148754835128784, -0.8421961665153503, -0.8269936442375183, -0.8258233666419983, -0.8145957589149475, -0.8115317225456238];[0.4468134641647339, 0.4455927312374115, 0.4238981008529663, 0.4342916011810303, 0.42674511671066284, 0.4204499125480652, 0.43130624294281006, 0.4247673749923706, 0.42087364196777344, 0.42905211448669434, 0.397994726896286, 0.4188613295555115, 0.4457228481769562, 0.4089954197406769, 0.39936280250549316, 0.43990078568458557, 0.4008599519729614, 0.4116474688053131, 0.4196391701698303, 0.41458144783973694, 0.4113040566444397, 0.43240684270858765, 0.419219434261322, 0.4093029499053955, 0.4041527211666107, 0.4295668601989746, 0.42821866273880005, 0.4173825681209564, 0.4123843312263489, 0.4177389144897461];2031.1123571395874
1850;[0.7757498025894165, 0.7737839818000793, 0.779346764087677, 0.7703737616539001, 0.7767477631568909, 0.7698497772216797, 0.7669535279273987, 0.7762543559074402, 0.7695832252502441, 0.7705466747283936, 0.7677182555198669, 0.7734094858169556, 0.774375319480896, 0.772629976272583, 0.770447313785553, 0.765790581703186, 0.7720058560371399, 0.7691982984542847, 0.7693317532539368, 0.7699107527732849, 0.7700120210647583, 0.7724403142929077, 0.7720093131065369, 0.7676370143890381, 0.7727065086364746, 0.7638849020004272, 0.7657812237739563, 0.7796468734741211, 0.7740558385848999, 0.7683335542678833, 0.778822660446167];[0.03700700029730797, 0.03560119867324829, 0.04044326767325401, 0.03285212069749832, 0.03822564706206322, 0.03128606453537941, 0.031254202127456665, 0.034538205713033676, 0.03188861161470413, 0.031812600791454315, 0.029306473210453987, 0.031860753893852234, 0.03136179596185684, 0.031070947647094727, 0.03171609342098236, 0.028628667816519737, 0.03466213494539261, 0.029656141996383667, 0.029149813577532768, 0.029350675642490387, 0.030823977664113045, 0.03230223432183266, 0.03242968022823334, 0.026937339454889297, 0.030808405950665474, 0.02612781524658203, 0.024973120540380478, 0.036077339202165604, 0.03314221650362015, 0.027260756120085716, 0.03585568815469742];[-0.8342115879058838, -0.826577365398407, -0.8399989008903503, -0.818737268447876, -0.8385617733001709, -0.8136342763900757, -0.8145422339439392, -0.8264895081520081, -0.8186472058296204, -0.8159214854240417, -0.8103898763656616, -0.8178829550743103, -0.8186438083648682, -0.8172135949134827, -0.8154754638671875, -0.8089331984519958, -0.8217423558235168, -0.8106167316436768, -0.8081606030464172, -0.8110437989234924, -0.8146616816520691, -0.8201513886451721, -0.8203558325767517, -0.805819571018219, -0.8156032562255859, -0.8013254404067993, -0.798311173915863, -0.8326321244239807, -0.8207297325134277, -0.8070276379585266, -0.8310518264770508];[0.4192661643028259, 0.42787259817123413, 0.41997042298316956, 0.4360851049423218, 0.42386195063591003, 0.45753559470176697, 0.44724687933921814, 0.4277607798576355, 0.4528900384902954, 0.43116509914398193, 0.4293563961982727, 0.40690916776657104, 0.41376474499702454, 0.4398815929889679, 0.4224989116191864, 0.4226139783859253, 0.4226924777030945, 0.4156189560890198, 0.42109376192092896, 0.4232695400714874, 0.45066991448402405, 0.455307275056839, 0.4255833625793457, 0.4464762210845947, 0.4209102392196655, 0.4494924247264862, 0.4420839250087738, 0.44563543796539307, 0.43137940764427185, 0.42599019408226013];2022.6891622543335
1900;[0.7713056802749634, 0.7709526419639587, 0.7774989008903503, 0.7784174680709839, 0.7792593836784363, 0.7879796028137207, 0.7731121778488159, 0.7718600630760193, 0.7714347243309021, 0.7714220285415649, 0.7725847959518433, 0.7798815965652466, 0.7843393087387085, 0.7771924734115601, 0.7719112634658813, 0.7793658375740051, 0.7768235802650452, 0.7771173119544983, 0.7741008400917053, 0.768526017665863, 0.7759391069412231, 0.7716665863990784, 0.7836487293243408, 0.7817693948745728, 0.7796635031700134, 0.7786052823066711, 0.7894545793533325, 0.7849546670913696, 0.77968829870224, 0.7803370952606201, 0.7782437205314636];[0.03523588180541992, 0.03408311307430267, 0.037730202078819275, 0.03943723067641258, 0.038682907819747925, 0.045850131660699844, 0.03249536082148552, 0.031302984803915024, 0.03221752867102623, 0.03094571828842163, 0.03260316327214241, 0.03834744915366173, 0.04079991951584816, 0.03319685161113739, 0.03048502653837204, 0.033484842628240585, 0.03525147587060928, 0.033226896077394485, 0.031133832409977913, 0.02663118951022625, 0.030874494463205338, 0.028605960309505463, 0.035726096481084824, 0.03429371118545532, 0.03350881114602089, 0.03388437628746033, 0.03860890120267868, 0.034951552748680115, 0.03239735588431358, 0.03111589513719082, 0.0311924759298563];[-0.8318257927894592, -0.8222295045852661, -0.8425843715667725, -0.8409425020217896, -0.8366109132766724, -0.8600715398788452, -0.8219775557518005, -0.820332407951355, -0.8266581296920776, -0.8160315752029419, -0.827389657497406, -0.8425893783569336, -0.8445641994476318, -0.8337007761001587, -0.8114359974861145, -0.8228632211685181, -0.8254163265228271, -0.8191218972206116, -0.8230170607566833, -0.8027796745300293, -0.8129270076751709, -0.8067011833190918, -0.826510488986969, -0.8339064121246338, -0.8265432119369507, -0.8247193098068237, -0.8393980264663696, -0.8312354683876038, -0.8188247680664062, -0.820711076259613, -0.8222962617874146];[0.42382684350013733, 0.43164268136024475, 0.4683681130409241, 0.4110924303531647, 0.4343251585960388, 0.450053334236145, 0.4132062494754791, 0.4296738803386688, 0.41132786870002747, 0.44829922914505005, 0.4149467349052429, 0.42071768641471863, 0.4331335425376892, 0.4232853055000305, 0.4211050271987915, 0.4078502058982849, 0.408765584230423, 0.4152759909629822, 0.418226420879364, 0.41642606258392334, 0.41171717643737793, 0.40428993105888367, 0.4042803645133972, 0.4041183292865753, 0.40522074699401855, 0.41237691044807434, 0.43358558416366577, 0.39751309156417847, 0.4093620777130127, 0.3991715908050537];2021.748496055603
1950;[0.7726964950561523, 0.7808772325515747, 0.7824852466583252, 0.7733364701271057, 0.7783357501029968, 0.7783344388008118, 0.7762832045555115, 0.7789965271949768, 0.780203640460968, 0.7740432024002075, 0.7809450030326843, 0.7821069955825806, 0.7810976505279541, 0.7829435467720032, 0.7745401263237, 0.7771283388137817, 0.7800623774528503, 0.7805122137069702, 0.7837861180305481, 0.786773145198822, 0.7848643064498901, 0.787647545337677, 0.7863601446151733, 0.7751889824867249, 0.7863730192184448, 0.7785072922706604, 0.774469256401062, 0.7802152037620544, 0.7928827404975891, 0.7842678427696228, 0.7834338545799255];[0.03449713811278343, 0.04169836640357971, 0.04337747395038605, 0.03667879477143288, 0.03919530659914017, 0.038037970662117004, 0.035860974341630936, 0.03674597293138504, 0.03865768387913704, 0.03310881927609444, 0.037449125200510025, 0.039565395563840866, 0.04171859100461006, 0.04034832864999771, 0.03525840863585472, 0.03480062261223793, 0.04064444079995155, 0.03759835660457611, 0.03911333531141281, 0.04171125590801239, 0.03711302950978279, 0.04196875914931297, 0.04098764434456825, 0.03331878036260605, 0.04059206694364548, 0.0348781980574131, 0.030347339808940887, 0.0339435413479805, 0.04633220657706261, 0.03521082177758217, 0.03533117473125458];[-0.8272060751914978, -0.8476881384849548, -0.8509052395820618, -0.8309937119483948, -0.8402186036109924, -0.8360452651977539, -0.8264673948287964, -0.8334289193153381, -0.8408479690551758, -0.8196493983268738, -0.8312385678291321, -0.8432503938674927, -0.8419248461723328, -0.8397760987281799, -0.8281117081642151, -0.8285015821456909, -0.8383015394210815, -0.832429826259613, -0.8555009365081787, -0.8509445190429688, -0.8314861059188843, -0.8551468849182129, -0.839779794216156, -0.8222069144248962, -0.8425748944282532, -0.8264628052711487, -0.8126493692398071, -0.8199313282966614, -0.8597317934036255, -0.8293030858039856, -0.8258140683174133];[0.4529273509979248, 0.42105454206466675, 0.4385237395763397, 0.4168451726436615, 0.4261065423488617, 0.4325988292694092, 0.434798002243042, 0.4391563832759857, 0.42685434222221375, 0.40855342149734497, 0.4269214868545532, 0.4352687895298004, 0.4400236904621124, 0.4112725555896759, 0.4005482494831085, 0.4338342845439911, 0.40825125575065613, 0.42458006739616394, 0.3985806107521057, 0.4052848517894745, 0.41682812571525574, 0.41754716634750366, 0.4353569447994232, 0.44592535495758057, 0.4169969856739044, 0.41575321555137634, 0.4026919901371002, 0.41142773628234863, 0.3898696005344391, 0.40875494480133057];2008.4785180091858
2000;[0.769666314125061, 0.7747743725776672, 0.774483859539032, 0.7698981761932373, 0.7750850319862366, 0.7773716449737549, 0.7722671627998352, 0.7719200253486633, 0.7797812819480896, 0.7825480103492737, 0.7936660051345825, 0.7807577848434448, 0.7866281867027283, 0.7813197374343872, 0.7831873893737793, 0.7810484766960144, 0.7914428114891052, 0.7925422191619873, 0.789132833480835, 0.7919067144393921, 0.7838039398193359, 0.789014995098114, 0.7809687256813049, 0.7958654761314392, 0.7874371409416199, 0.7929078936576843, 0.7929875254631042, 0.7969548106193542, 0.7870275974273682, 0.8020017743110657, 0.7983183860778809];[0.03254355862736702, 0.039243414998054504, 0.038100264966487885, 0.03385837376117706, 0.039472874253988266, 0.04010796174407005, 0.035189513117074966, 0.03495173901319504, 0.04135608300566673, 0.04170108586549759, 0.04942609742283821, 0.042701605707407, 0.04596283286809921, 0.04285084828734398, 0.043840594589710236, 0.04226497560739517, 0.04711931571364403, 0.051706939935684204, 0.04738762974739075, 0.04607716575264931, 0.040957000106573105, 0.04611356556415558, 0.03853832557797432, 0.049014195799827576, 0.04236867278814316, 0.04482171684503555, 0.05117315053939819, 0.05015614256262779, 0.0477307066321373, 0.05737800523638725, 0.05193546041846275];[-0.8230075836181641, -0.8384020924568176, -0.8345228433609009, -0.8213523626327515, -0.8385952711105347, -0.8433331251144409, -0.8284063935279846, -0.8285769820213318, -0.8543151021003723, -0.8514012694358826, -0.8781592845916748, -0.8473894000053406, -0.8584645986557007, -0.8639399409294128, -0.8514842987060547, -0.851447343826294, -0.9161015748977661, -0.8931389451026917, -0.8599564433097839, -0.8605734705924988, -0.8439649939537048, -0.863876461982727, -0.8384924530982971, -0.8672508001327515, -0.8452863097190857, -0.8707755208015442, -0.8779715895652771, -0.8722591996192932, -0.8592360019683838, -0.8932050466537476, -0.8800165057182312];[0.4582643508911133, 0.43016934394836426, 0.43569043278694153, 0.4321103096008301, 0.4264647960662842, 0.45302098989486694, 0.45038554072380066, 0.4388854503631592, 0.421753466129303, 0.4232489764690399, 0.4340918958187103, 0.4218986928462982, 0.43494388461112976, 0.4099586308002472, 0.4112929701805115, 0.43553438782691956, 0.4171147346496582, 0.4352208375930786, 0.431841641664505, 0.41056790947914124, 0.438475638628006, 0.4181642234325409, 0.40569427609443665, 0.42347070574760437, 0.44505614042282104, 0.43722960352897644, 0.4162450134754181, 0.41798800230026245, 0.40894633531570435, 0.4454748034477234];2042.5002105236053
2050;[0.7718462944030762, 0.7709739804267883, 0.775384783744812, 0.7771835923194885, 0.7775602340698242, 0.7770193219184875, 0.7739573121070862, 0.7708266973495483, 0.7835002541542053, 0.7801227569580078, 0.7865397334098816, 0.7866451740264893, 0.7807336449623108, 0.782193660736084, 0.7886946797370911, 0.7792339324951172, 0.780154287815094, 0.7785214781761169, 0.7843741774559021, 0.7717353701591492, 0.7881084084510803, 0.7836892604827881, 0.7916498184204102, 0.7793425917625427, 0.7827168107032776, 0.7841123342514038, 0.7875456809997559, 0.7890713214874268, 0.7836635112762451, 0.7882331609725952, 0.7903941869735718];[0.03210893273353577, 0.033649712800979614, 0.034005772322416306, 0.03979957103729248, 0.03932453691959381, 0.036802757531404495, 0.03517677262425423, 0.03000696562230587, 0.04324512183666229, 0.040228910744190216, 0.04397999495267868, 0.04513371363282204, 0.03960295021533966, 0.04300624132156372, 0.04500292241573334, 0.040199875831604004, 0.038809895515441895, 0.035268839448690414, 0.044098149985075, 0.032609399408102036, 0.045638177543878555, 0.03934013843536377, 0.04968554154038429, 0.03893318772315979, 0.03851443901658058, 0.04052208736538887, 0.045216795057058334, 0.046088553965091705, 0.04104834422469139, 0.04412539303302765, 0.04496023803949356];[-0.8186960816383362, -0.8210336565971375, -0.8237889409065247, -0.8395262360572815, -0.8396554589271545, -0.8341354131698608, -0.8245586156845093, -0.813627302646637, -0.8585101962089539, -0.8388903141021729, -0.8778814673423767, -0.8544939756393433, -0.8417438268661499, -0.8528895974159241, -0.8571249842643738, -0.84375, -0.8368534445762634, -0.831477701663971, -0.8559086322784424, -0.8225920796394348, -0.8651993274688721, -0.8444859385490417, -0.8739826083183289, -0.8364803791046143, -0.8437160849571228, -0.8470869064331055, -0.8597418665885925, -0.8642000555992126, -0.8453503251075745, -0.8562560081481934, -0.8591995239257812];[0.4287780225276947, 0.4361427128314972, 0.42336395382881165, 0.44798773527145386, 0.42845410108566284, 0.42726168036460876, 0.4402851462364197, 0.4477665424346924, 0.41630062460899353, 0.45275694131851196, 0.4188902974128723, 0.4370582103729248, 0.41158658266067505, 0.44780322909355164, 0.40984413027763367, 0.42995181679725647, 0.4183632731437683, 0.42512694001197815, 0.4524007737636566, 0.4180891215801239, 0.4406622052192688, 0.4255056083202362, 0.4260868728160858, 0.4075751006603241, 0.44106313586235046, 0.4136909544467926, 0.42366185784339905, 0.41356319189071655, 0.42704761028289795, 0.4228684604167938];2011.1068687438965
2100;[0.776093065738678, 0.7748762369155884, 0.780076801776886, 0.7744989395141602, 0.7743306756019592, 0.774230420589447, 0.7746702432632446, 0.7741476893424988, 0.7784618139266968, 0.7796383500099182, 0.7766396403312683, 0.7701834440231323, 0.7801926732063293, 0.777958333492279, 0.7705371975898743, 0.7775999307632446, 0.7769632935523987, 0.7809876203536987, 0.7825822830200195, 0.7758323550224304, 0.7796099781990051, 0.7754418849945068, 0.7729494571685791, 0.7749384045600891, 0.7735812664031982, 0.7814406752586365, 0.783704400062561, 0.7778434157371521, 0.7759023308753967, 0.7920629978179932, 0.7882936000823975];[0.0371716171503067, 0.037592437118291855, 0.03873066231608391, 0.03433240205049515, 0.03432310372591019, 0.03336508944630623, 0.03333612158894539, 0.03501756489276886, 0.035022664815187454, 0.03815518692135811, 0.03674525022506714, 0.02850850485265255, 0.03728673607110977, 0.034652434289455414, 0.030963744968175888, 0.03698224574327469, 0.035575225949287415, 0.03455521538853645, 0.03728606924414635, 0.03415979444980621, 0.03935626894235611, 0.03349585831165314, 0.03218938410282135, 0.031650930643081665, 0.031143177300691605, 0.03530806303024292, 0.03787856176495552, 0.03300153464078903, 0.03501245751976967, 0.04490279033780098, 0.04125091806054115];[-0.8355830907821655, -0.8320419192314148, -0.8384265899658203, -0.8269102573394775, -0.8272491097450256, -0.8198996782302856, -0.8204343318939209, -0.8276490569114685, -0.8276785016059875, -0.8398396968841553, -0.8275188207626343, -0.8084939122200012, -0.8380938768386841, -0.8301070332527161, -0.8155232071876526, -0.8311359882354736, -0.8413022756576538, -0.8430982828140259, -0.83620685338974, -0.8235259652137756, -0.8423132300376892, -0.822464108467102, -0.8228917121887207, -0.8159937262535095, -0.8165481090545654, -0.8267940878868103, -0.835334837436676, -0.8215758800506592, -0.8239313364028931, -0.8592322468757629, -0.8544285893440247];[0.4451564848423004, 0.4310447871685028, 0.4188954532146454, 0.4315272867679596, 0.4083183705806732, 0.43533697724342346, 0.40624672174453735, 0.45175638794898987, 0.45673325657844543, 0.4380778670310974, 0.42128902673721313, 0.40449219942092896, 0.41643622517585754, 0.4126411974430084, 0.4128703474998474, 0.42145204544067383, 0.4182246923446655, 0.4087216854095459, 0.4100818932056427, 0.43263521790504456, 0.42927247285842896, 0.4261443316936493, 0.4051428735256195, 0.429004967212677, 0.41161924600601196, 0.4266858994960785, 0.4129132926464081, 0.4254659116268158, 0.4110897481441498, 0.4298885762691498];2012.3177766799927
2150;[0.7846554517745972, 0.7813908457756042, 0.7758393883705139, 0.7790799140930176, 0.7711586952209473, 0.7750627398490906, 0.7684898972511292, 0.7687278389930725, 0.7797535061836243, 0.7721121907234192, 0.7769086360931396, 0.7760511636734009, 0.774388313293457, 0.778562068939209, 0.7857651114463806, 0.7744473814964294, 0.7729904651641846, 0.7750465273857117, 0.793034553527832, 0.7828212976455688, 0.7904431223869324, 0.7843291163444519, 0.7964827418327332, 0.7857703566551208, 0.7884415984153748, 0.7836572527885437, 0.7866985201835632, 0.7894206643104553, 0.7881453633308411, 0.7964937686920166, 0.7919683456420898];[0.045015111565589905, 0.04089740663766861, 0.03651883453130722, 0.039216622710227966, 0.03288530930876732, 0.0344528965651989, 0.03160514310002327, 0.02988419681787491, 0.041347164660692215, 0.03376813977956772, 0.038069840520620346, 0.036030467599630356, 0.03360193595290184, 0.03521024063229561, 0.04240690544247627, 0.03267161175608635, 0.031504206359386444, 0.03404597193002701, 0.047061990946531296, 0.03909589350223541, 0.04518067464232445, 0.039054691791534424, 0.046613819897174835, 0.04058781638741493, 0.04273872822523117, 0.04212325066328049, 0.041534628719091415, 0.04292057827115059, 0.04188745468854904, 0.0474693588912487, 0.043400801718235016];[-0.8600744605064392, -0.841360867023468, -0.8351688385009766, -0.8396047353744507, -0.8200986981391907, -0.8239750266075134, -0.8149523138999939, -0.811702311038971, -0.8426871299743652, -0.8247671127319336, -0.8390870690345764, -0.8293630480766296, -0.8214693665504456, -0.8260690569877625, -0.8500726819038391, -0.8205971717834473, -0.8153260350227356, -0.8237318992614746, -0.86683589220047, -0.8414585590362549, -0.8591745495796204, -0.8388524651527405, -0.8696846961975098, -0.8428075909614563, -0.8471759557723999, -0.840936541557312, -0.8476113080978394, -0.8493272662162781, -0.8498106002807617, -0.8663447499275208, -0.8495269417762756];[0.43963155150413513, 0.42761826515197754, 0.434266060590744, 0.409187376499176, 0.4723346531391144, 0.4482308626174927, 0.4254237711429596, 0.4520735442638397, 0.4219764769077301, 0.4456935524940491, 0.42164403200149536, 0.4183773398399353, 0.42565053701400757, 0.424439400434494, 0.39732468128204346, 0.4154100716114044, 0.41207730770111084, 0.41906124353408813, 0.4286629259586334, 0.4141760766506195, 0.41741055250167847, 0.4181428849697113, 0.413040429353714, 0.4039604365825653, 0.4330883324146271, 0.41605204343795776, 0.4326988756656647, 0.4219371974468231, 0.4001726508140564, 0.4063904285430908];2021.7478621006012
2200;[0.7703465223312378, 0.7697638869285583, 0.7820300459861755, 0.7674574851989746, 0.7752267718315125, 0.7712777256965637, 0.7703873515129089, 0.7703704833984375, 0.7713399529457092, 0.7719525694847107, 0.7810535430908203, 0.7663772702217102, 0.7700056433677673, 0.7710323333740234, 0.7741889357566833, 0.7712799310684204, 0.7746632695198059, 0.762893557548523, 0.7801821231842041, 0.76573646068573, 0.7658864259719849, 0.7678508758544922, 0.7692598700523376, 0.7669568061828613, 0.7674158811569214, 0.7726032733917236, 0.7718787789344788, 0.7676851749420166, 0.778276264667511, 0.7610909938812256, 0.7664632201194763];[0.033480461686849594, 0.033887580037117004, 0.0420980229973793, 0.029084453359246254, 0.03564322739839554, 0.029032357037067413, 0.03051966056227684, 0.030941780656576157, 0.03284550458192825, 0.030267173424363136, 0.037706565111875534, 0.026137134060263634, 0.030584072694182396, 0.028914300724864006, 0.02979671210050583, 0.028625622391700745, 0.03147211670875549, 0.024968143552541733, 0.033923108130693436, 0.02642442286014557, 0.02799534797668457, 0.0258498415350914, 0.02578767016530037, 0.025267524644732475, 0.028429176658391953, 0.03314221277832985, 0.02790377289056778, 0.02627214603126049, 0.03558718040585518, 0.02262010984122753, 0.02875038981437683];[-0.8213127851486206, -0.8215011954307556, -0.848680853843689, -0.8102675676345825, -0.826771080493927, -0.8096343874931335, -0.8154386281967163, -0.8164657354354858, -0.8177641034126282, -0.8134782910346985, -0.8427740335464478, -0.7997087240219116, -0.8131324648857117, -0.811850368976593, -0.8205217123031616, -0.8104045391082764, -0.816853940486908, -0.7993701696395874, -0.8257966637611389, -0.8017029166221619, -0.8039953708648682, -0.8005712628364563, -0.8030863404273987, -0.8001249432563782, -0.8081400394439697, -0.8227470517158508, -0.8070868253707886, -0.7999862432479858, -0.8370729684829712, -0.7919895052909851, -0.8061992526054382];[0.42894819378852844, 0.43922457098960876, 0.42972657084465027, 0.42508867383003235, 0.42695000767707825, 0.4353189468383789, 0.42568814754486084, 0.408496230840683, 0.4174022972583771, 0.44514000415802, 0.42124927043914795, 0.4192539155483246, 0.42649585008621216, 0.4293102025985718, 0.4160119593143463, 0.42465639114379883, 0.4277997612953186, 0.43563997745513916, 0.4201212525367737, 0.41750213503837585, 0.4113141596317291, 0.4260042607784271, 0.4253913164138794, 0.4503324329853058, 0.4320237338542938, 0.41080912947654724, 0.4300687611103058, 0.4218771457672119, 0.42879927158355713, 0.42383715510368347];2007.1146564483643
2250;[0.7763099074363708, 0.7728060483932495, 0.7695245742797852, 0.7838101387023926, 0.7714567184448242, 0.7771600484848022, 0.7743691205978394, 0.7845589518547058, 0.7783907651901245, 0.7740038633346558, 0.7739260196685791, 0.7753796577453613, 0.7798510193824768, 0.781646728515625, 0.7741156816482544, 0.7740299701690674, 0.7763561010360718, 0.7838796377182007, 0.780367910861969, 0.7766600251197815, 0.7843230366706848, 0.7840337157249451, 0.7816019058227539, 0.7779435515403748, 0.7770207524299622, 0.771503210067749, 0.7727149724960327, 0.7759952545166016, 0.7770413160324097, 0.7750632166862488, 0.7813839316368103];[0.0398031547665596, 0.03627854585647583, 0.032723989337682724, 0.04126821458339691, 0.03253614157438278, 0.035014811903238297, 0.032490164041519165, 0.04176236689090729, 0.03675278648734093, 0.03347185626626015, 0.03315763175487518, 0.03410676121711731, 0.03759986534714699, 0.03926419839262962, 0.03331981226801872, 0.0314982607960701, 0.03522844612598419, 0.03933602198958397, 0.03720998764038086, 0.03537353500723839, 0.03767235577106476, 0.03682311624288559, 0.03719598054885864, 0.03265892341732979, 0.03077833540737629, 0.02861909195780754, 0.028729449957609177, 0.032588452100753784, 0.033198315650224686, 0.03152471035718918, 0.03449343144893646];[-0.848635196685791, -0.840715765953064, -0.8192718029022217, -0.8520886301994324, -0.8211764097213745, -0.824006199836731, -0.8192828297615051, -0.8509864211082458, -0.8336726427078247, -0.821000337600708, -0.8226048350334167, -0.8215656876564026, -0.8368188142776489, -0.8373906016349792, -0.8205779194831848, -0.8213358521461487, -0.8264577984809875, -0.8526118397712708, -0.8301171660423279, -0.8261129260063171, -0.8339091539382935, -0.8341394066810608, -0.8376332521438599, -0.8180704116821289, -0.8135647177696228, -0.8058415651321411, -0.8103968501091003, -0.8197131156921387, -0.8183627724647522, -0.8133527040481567, -0.8312093019485474];[0.43730366230010986, 0.47564300894737244, 0.41046255826950073, 0.4325113296508789, 0.4375849664211273, 0.4192683696746826, 0.4411993622779846, 0.4113147556781769, 0.4330846667289734, 0.4129878282546997, 0.4284766614437103, 0.41344618797302246, 0.4292883276939392, 0.414966344833374, 0.4050610363483429, 0.42938119173049927, 0.4352576732635498, 0.3915803134441376, 0.42904365062713623, 0.41134703159332275, 0.41642552614212036, 0.45138558745384216, 0.41182586550712585, 0.42915746569633484, 0.4240093231201172, 0.3977510631084442, 0.4136858880519867, 0.42970892786979675, 0.40533769130706787, 0.4147266149520874];2000.4489843845367
2300;[0.7647644877433777, 0.768028736114502, 0.7726766467094421, 0.7808176875114441, 0.7801130414009094, 0.7791757583618164, 0.7746742367744446, 0.776945948600769, 0.7815442085266113, 0.7758885622024536, 0.7810543179512024, 0.7813482880592346, 0.7831551432609558, 0.784058153629303, 0.7819411754608154, 0.7813317179679871, 0.7856616973876953, 0.7834357619285583, 0.7915239334106445, 0.7808007597923279, 0.7802906632423401, 0.7816088795661926, 0.7880017757415771, 0.7899884581565857, 0.7888323068618774, 0.7835331559181213, 0.7829576730728149, 0.7801249623298645, 0.7869853973388672, 0.7911368012428284, 0.7859773635864258];[0.02967829816043377, 0.028849925845861435, 0.036095354706048965, 0.039476990699768066, 0.042418479919433594, 0.03884511813521385, 0.034160222858190536, 0.036495424807071686, 0.04038427397608757, 0.03402106463909149, 0.037713099271059036, 0.03864724934101105, 0.035734619945287704, 0.041931238025426865, 0.03694025054574013, 0.033428847789764404, 0.035170458257198334, 0.0353887565433979, 0.03899412974715233, 0.031481679528951645, 0.034513868391513824, 0.03529147058725357, 0.04102451354265213, 0.04036283865571022, 0.04126886650919914, 0.0337698720395565, 0.03469758853316307, 0.03197412192821503, 0.03747141361236572, 0.04111984372138977, 0.038993533700704575];[-0.810307502746582, -0.8067399859428406, -0.8284916877746582, -0.8395418524742126, -0.8458990454673767, -0.8382769227027893, -0.8238824605941772, -0.8294603824615479, -0.8473155498504639, -0.8245344161987305, -0.8392189741134644, -0.8389192819595337, -0.8281858563423157, -0.8454396724700928, -0.8328391909599304, -0.8348399996757507, -0.8331713676452637, -0.8307965993881226, -0.8459122776985168, -0.817277193069458, -0.8227439522743225, -0.8301500678062439, -0.8467094898223877, -0.8464697003364563, -0.8434182405471802, -0.8213814496994019, -0.8273763656616211, -0.8163682818412781, -0.840839684009552, -0.8469011783599854, -0.8384853005409241];[0.4529367685317993, 0.43629878759384155, 0.4367992579936981, 0.4305426776409149, 0.44389820098876953, 0.4315861463546753, 0.4372689425945282, 0.4342941343784332, 0.3956894278526306, 0.4255870580673218, 0.42473846673965454, 0.4092695415019989, 0.4266784191131592, 0.42980024218559265, 0.421856552362442, 0.4091045558452606, 0.4141601622104645, 0.4129108786582947, 0.4083169996738434, 0.4201565086841583, 0.4011942744255066, 0.40015795826911926, 0.4133364260196686, 0.40688395500183105, 0.4008629322052002, 0.39493894577026367, 0.41549378633499146, 0.41287875175476074, 0.393276572227478, 0.37601903080940247];2010.2186148166656
2350;[0.7772398591041565, 0.77897047996521, 0.7692556381225586, 0.7813543677330017, 0.779102087020874, 0.7762130498886108, 0.7757387757301331, 0.7751601338386536, 0.7769701480865479, 0.783734142780304, 0.7729761004447937, 0.7692732214927673, 0.7704139351844788, 0.7785717844963074, 0.7673020958900452, 0.7791261076927185, 0.7807337641716003, 0.7741520404815674, 0.7802570462226868, 0.7850161194801331, 0.7781698107719421, 0.7788358926773071, 0.7820193767547607, 0.7971509695053101, 0.7943799495697021, 0.7813440561294556, 0.780441164970398, 0.7837544083595276, 0.7844607830047607, 0.7872413396835327, 0.7868001461029053];[0.03944852203130722, 0.039484668523073196, 0.03396149352192879, 0.04157085716724396, 0.03930031880736351, 0.03593058884143829, 0.037949252873659134, 0.03623287379741669, 0.04030390456318855, 0.04091299697756767, 0.031366001814603806, 0.028370408341288567, 0.031037896871566772, 0.035575877875089645, 0.02842472493648529, 0.034697629511356354, 0.03557328134775162, 0.02960990183055401, 0.039262231439352036, 0.041345976293087006, 0.03470529615879059, 0.03543208912014961, 0.03770625218749046, 0.04841053485870361, 0.04774710163474083, 0.03728901594877243, 0.03681888431310654, 0.037005968391895294, 0.04032919928431511, 0.04149060696363449, 0.037544526159763336];[-0.8408023118972778, -0.8498421907424927, -0.8225516676902771, -0.8466091156005859, -0.8466257452964783, -0.8416141271591187, -0.8314993381500244, -0.8327167630195618, -0.8403289318084717, -0.8456522822380066, -0.8151093125343323, -0.8079473972320557, -0.8173133134841919, -0.8281300067901611, -0.8066501617431641, -0.8253279328346252, -0.8292062282562256, -0.8113976716995239, -0.8367385268211365, -0.8475348353385925, -0.8281890153884888, -0.8278672099113464, -0.8387484550476074, -0.8707095980644226, -0.8657135367393494, -0.8339771628379822, -0.8304389119148254, -0.8329821825027466, -0.8400377035140991, -0.8463765978813171, -0.8525444865226746];[0.4297902286052704, 0.44003066420555115, 0.43517979979515076, 0.43320074677467346, 0.43233412504196167, 0.4350683093070984, 0.41742178797721863, 0.4144107401371002, 0.43983447551727295, 0.4243071675300598, 0.4250659644603729, 0.4082784056663513, 0.44054272770881653, 0.4250130355358124, 0.4152848720550537, 0.4350489377975464, 0.416672945022583, 0.41777217388153076, 0.43123525381088257, 0.41681963205337524, 0.43604546785354614, 0.4071863293647766, 0.4101674258708954, 0.4122012257575989, 0.40472108125686646, 0.4095809757709503, 0.40443935990333557, 0.4149095118045807, 0.42793118953704834, 0.42758914828300476];2010.7785844802856
2400;[0.7749884724617004, 0.7619227170944214, 0.7667778134346008, 0.7733810544013977, 0.7727562189102173, 0.773032546043396, 0.7747400999069214, 0.7642250657081604, 0.7729847431182861, 0.7700631618499756, 0.7688562870025635, 0.7739007472991943, 0.771586537361145, 0.7675799131393433, 0.7734739184379578, 0.7668907642364502, 0.7683548927307129, 0.7720411419868469, 0.7769052982330322, 0.7774176001548767, 0.7767887711524963, 0.7789291739463806, 0.7729486227035522, 0.7754976749420166, 0.7723051309585571, 0.7687628865242004, 0.7801153063774109, 0.7706310153007507, 0.7739646434783936, 0.7747604846954346, 0.7704699039459229];[0.03647138923406601, 0.02974722348153591, 0.03094605728983879, 0.03530288115143776, 0.03258110582828522, 0.03284066915512085, 0.03504877910017967, 0.029634270817041397, 0.03408294916152954, 0.03343123197555542, 0.029043499380350113, 0.032375406473875046, 0.03439922630786896, 0.0301663801074028, 0.033627625554800034, 0.025325171649456024, 0.03159100189805031, 0.031728848814964294, 0.031339000910520554, 0.03331493213772774, 0.03482001647353172, 0.03250468522310257, 0.029302263632416725, 0.031134622171521187, 0.030052252113819122, 0.029477927833795547, 0.03649558499455452, 0.02981717698276043, 0.030112188309431076, 0.03264358639717102, 0.028561318293213844];[-0.8433907628059387, -0.8129492402076721, -0.8134376406669617, -0.8253200054168701, -0.8198716044425964, -0.8217622637748718, -0.8271390199661255, -0.8097518086433411, -0.8227196931838989, -0.821444571018219, -0.8091012239456177, -0.8420901894569397, -0.8208958506584167, -0.8169811964035034, -0.8216519951820374, -0.7991931438446045, -0.8152691721916199, -0.8170946836471558, -0.8198012113571167, -0.8194399476051331, -0.8278874158859253, -0.8246546983718872, -0.8120347261428833, -0.8177825808525085, -0.8103833198547363, -0.8109054565429688, -0.8337165713310242, -0.8110170364379883, -0.816277027130127, -0.8207685947418213, -0.8081759810447693];[0.43164414167404175, 0.4239075779914856, 0.39221829175949097, 0.4340941309928894, 0.43577441573143005, 0.4678862392902374, 0.4350552260875702, 0.4330160617828369, 0.4255281388759613, 0.42258915305137634, 0.45127376914024353, 0.4516980051994324, 0.43041595816612244, 0.437213271856308, 0.43310311436653137, 0.422291100025177, 0.43371888995170593, 0.4285961389541626, 0.42858612537384033, 0.4407804310321808, 0.41909047961235046, 0.4145003855228424, 0.42125633358955383, 0.4298461079597473, 0.4122230112552643, 0.42763423919677734, 0.42260506749153137, 0.42945459485054016, 0.41927510499954224, 0.37693077325820923];2009.5414106845856
2450;[0.7677467465400696, 0.7734875679016113, 0.7690539360046387, 0.7639939785003662, 0.7776979207992554, 0.7682219743728638, 0.7753872275352478, 0.7737633585929871, 0.7811832427978516, 0.7776780724525452, 0.7787854075431824, 0.7821444869041443, 0.7775976657867432, 0.7746970653533936, 0.778095543384552, 0.7794981598854065, 0.7826344966888428, 0.7808048129081726, 0.7820169925689697, 0.7772659063339233, 0.7760000824928284, 0.7763663530349731, 0.7788534164428711, 0.7785175442695618, 0.7743595242500305, 0.795275092124939, 0.7738325595855713, 0.7857814431190491, 0.7812695503234863, 0.7799779176712036, 0.7868373990058899];[0.03293411433696747, 0.03603309765458107, 0.0335499607026577, 0.029426369816064835, 0.038228802382946014, 0.030738551169633865, 0.0355914905667305, 0.03483545407652855, 0.03995995223522186, 0.035616546869277954, 0.038578394800424576, 0.043203625828027725, 0.03677140921354294, 0.03468228131532669, 0.03526106849312782, 0.037748560309410095, 0.0389457568526268, 0.03863182291388512, 0.038008518517017365, 0.03594464808702469, 0.035667505115270615, 0.03192523494362831, 0.0381343699991703, 0.03365009278059006, 0.034501899033784866, 0.044674620032310486, 0.03196627274155617, 0.042808517813682556, 0.039135344326496124, 0.03699955344200134, 0.04040314257144928];[-0.8149830102920532, -0.8286156058311462, -0.8243332505226135, -0.8100166916847229, -0.8376460075378418, -0.8144740462303162, -0.8264191746711731, -0.8261788487434387, -0.8437262773513794, -0.824315071105957, -0.8375826478004456, -0.8533759117126465, -0.8320042490959167, -0.8245475888252258, -0.8361096382141113, -0.841153621673584, -0.8354753851890564, -0.8378340005874634, -0.8434972763061523, -0.8312386274337769, -0.8271296620368958, -0.8167877793312073, -0.8360217809677124, -0.822008490562439, -0.8261902332305908, -0.857884407043457, -0.8158262372016907, -0.846050500869751, -0.8399760723114014, -0.8303490281105042, -0.8396889567375183];[0.4213055670261383, 0.4301917850971222, 0.4160444736480713, 0.44287872314453125, 0.40722933411598206, 0.4375288188457489, 0.4325893521308899, 0.42574647068977356, 0.41711440682411194, 0.4220748543739319, 0.4292648434638977, 0.4438360333442688, 0.4219624400138855, 0.4147765040397644, 0.413409024477005, 0.42342889308929443, 0.4213445782661438, 0.425677627325058, 0.41229310631752014, 0.44044408202171326, 0.40522900223731995, 0.42790937423706055, 0.40896111726760864, 0.45119956135749817, 0.41973134875297546, 0.43524834513664246, 0.41625863313674927, 0.4238908290863037, 0.42667603492736816, 0.4096015691757202];2007.7429718971252
2500;[0.7785080671310425, 0.7800944447517395, 0.771297812461853, 0.7779701352119446, 0.7722219824790955, 0.7660502791404724, 0.7763680815696716, 0.773602306842804, 0.7863464951515198, 0.7745025753974915, 0.7723504900932312, 0.7743318676948547, 0.7755042910575867, 0.7815291285514832, 0.7766718864440918, 0.7692508101463318, 0.7856171727180481, 0.7806217074394226, 0.7799854874610901, 0.7789070010185242, 0.781834065914154, 0.7793041467666626, 0.7769097089767456, 0.7728149890899658, 0.7747476696968079, 0.7852266430854797, 0.7803060412406921, 0.7828877568244934, 0.7865732312202454, 0.7836887240409851, 0.7880085706710815];[0.04087982326745987, 0.0416763499379158, 0.03214434161782265, 0.03582117334008217, 0.03397431597113609, 0.029667090624570847, 0.03515869006514549, 0.032030943781137466, 0.04338141903281212, 0.036106280982494354, 0.03330462798476219, 0.034395236521959305, 0.03576836735010147, 0.04106840118765831, 0.03444822132587433, 0.03198394924402237, 0.042403027415275574, 0.03583041578531265, 0.039128195494413376, 0.03549977019429207, 0.04135085269808769, 0.0386396124958992, 0.03701175004243851, 0.03149658814072609, 0.0352763831615448, 0.04126257449388504, 0.03972475230693817, 0.03904777765274048, 0.041678059846162796, 0.04222717508673668, 0.04442134499549866];[-0.8479679822921753, -0.851554811000824, -0.8161344528198242, -0.8296611309051514, -0.8245001435279846, -0.8117919564247131, -0.831402063369751, -0.8191918730735779, -0.8532406687736511, -0.8321577310562134, -0.8206247091293335, -0.8230521082878113, -0.8270092606544495, -0.8431153893470764, -0.8246968984603882, -0.8198778629302979, -0.8512705564498901, -0.8318900465965271, -0.8388200998306274, -0.8335623741149902, -0.8476989269256592, -0.8374952077865601, -0.836940348148346, -0.8180957436561584, -0.8278819918632507, -0.8453690409660339, -0.842629611492157, -0.843239963054657, -0.8595567345619202, -0.849857747554779, -0.8640396595001221];[0.4366789162158966, 0.4288768172264099, 0.4254576563835144, 0.42949384450912476, 0.43265819549560547, 0.418058842420578, 0.4337019920349121, 0.4227209985256195, 0.44619566202163696, 0.4422226548194885, 0.44358089566230774, 0.4285779893398285, 0.42570507526397705, 0.44765761494636536, 0.43328964710235596, 0.4313710331916809, 0.42097169160842896, 0.4373838007450104, 0.4639436602592468, 0.43995943665504456, 0.4274452030658722, 0.43625298142433167, 0.4135344326496124, 0.4305150806903839, 0.4240824580192566, 0.4330393075942993, 0.4257870018482208, 0.4112541079521179, 0.41195112466812134, 0.4244067370891571];1996.8120558261871
2550;[0.77707839012146, 0.7723420858383179, 0.7779383063316345, 0.7820802330970764, 0.7777572870254517, 0.7715010046958923, 0.7650029063224792, 0.7679331302642822, 0.7646910548210144, 0.7699321508407593, 0.7676281332969666, 0.7663969993591309, 0.7723478078842163, 0.7733765840530396, 0.7690104842185974, 0.7679995894432068, 0.7625604271888733, 0.7669386267662048, 0.7692235708236694, 0.7666592001914978, 0.7698494791984558, 0.7633024454116821, 0.7672500014305115, 0.7609697580337524, 0.7736412286758423, 0.7622804045677185, 0.7745562195777893, 0.760076105594635, 0.7668607234954834, 0.7612261176109314, 0.7717586159706116];[0.03674916550517082, 0.034143105149269104, 0.039534229785203934, 0.04101380705833435, 0.0395544059574604, 0.03335462510585785, 0.027455871924757957, 0.0305644441395998, 0.027951812371611595, 0.03181231766939163, 0.0305008627474308, 0.028910573571920395, 0.03481902927160263, 0.03319254145026207, 0.030116762965917587, 0.029849063605070114, 0.024722309783101082, 0.027938665822148323, 0.029586026445031166, 0.02662019431591034, 0.027921780943870544, 0.02442915365099907, 0.02766229957342148, 0.02056770771741867, 0.029334207996726036, 0.02153216488659382, 0.0320512093603611, 0.021011361852288246, 0.023521242663264275, 0.01966516114771366, 0.026584550738334656];[-0.8327585458755493, -0.8241044282913208, -0.8391759991645813, -0.8528706431388855, -0.8400396108627319, -0.8237168788909912, -0.8039150238037109, -0.8122714757919312, -0.8046231865882874, -0.8145009875297546, -0.8136671781539917, -0.8066882491111755, -0.8246920704841614, -0.8205428719520569, -0.8094468116760254, -0.8115314841270447, -0.7962180376052856, -0.8031650185585022, -0.8099322319030762, -0.803227961063385, -0.8056614995002747, -0.7939614057540894, -0.8051479458808899, -0.7843029499053955, -0.8092232942581177, -0.7888712882995605, -0.8216965198516846, -0.7856147289276123, -0.7914948463439941, -0.7819984555244446, -0.8039325475692749];[0.4271676242351532, 0.4188058078289032, 0.4532827138900757, 0.3724454939365387, 0.4512820243835449, 0.42714422941207886, 0.4233752489089966, 0.4335019588470459, 0.4459667503833771, 0.4276838004589081, 0.44076383113861084, 0.4236961901187897, 0.42413267493247986, 0.44226786494255066, 0.4235662519931793, 0.4055897295475006, 0.41808998584747314, 0.40856048464775085, 0.42328941822052, 0.4151139557361603, 0.45312508940696716, 0.45274364948272705, 0.4107782244682312, 0.41922974586486816, 0.42500555515289307, 0.41995206475257874, 0.41674351692199707, 0.42170965671539307, 0.41438716650009155, 0.4145021438598633];2023.4387896060944
2600;[0.7680361866950989, 0.7704119682312012, 0.7784128785133362, 0.7745468616485596, 0.7753463387489319, 0.7750866413116455, 0.7780330181121826, 0.7648977041244507, 0.7687736749649048, 0.7706789374351501, 0.7721888422966003, 0.7646729946136475, 0.7789323329925537, 0.7757644653320312, 0.7724335789680481, 0.7744963765144348, 0.7673301100730896, 0.7735955715179443, 0.7700942754745483, 0.7720900774002075, 0.7802203893661499, 0.7804830074310303, 0.7764481902122498, 0.7707294225692749, 0.7749590873718262, 0.7688634395599365, 0.7807133197784424, 0.7720890045166016, 0.7775593400001526, 0.7704622149467468, 0.7746155261993408];[0.033960726112127304, 0.03131748363375664, 0.039982959628105164, 0.0375533401966095, 0.036877378821372986, 0.036274224519729614, 0.037314943969249725, 0.02971171773970127, 0.032244086265563965, 0.030972130596637726, 0.03219607472419739, 0.030024860054254532, 0.037857506424188614, 0.037129200994968414, 0.033487800508737564, 0.03694956377148628, 0.030131064355373383, 0.03581191971898079, 0.031906887888908386, 0.03698793053627014, 0.03967722877860069, 0.03879575803875923, 0.038610078394412994, 0.03347364068031311, 0.03570836782455444, 0.030556155368685722, 0.04169657081365585, 0.03456677868962288, 0.03723176196217537, 0.03280764818191528, 0.03510955721139908];[-0.8221240639686584, -0.8196194171905518, -0.846714437007904, -0.8322674632072449, -0.8297836780548096, -0.8296405673027039, -0.837184727191925, -0.8111714124679565, -0.8163837194442749, -0.8151949644088745, -0.8179321885108948, -0.8106159567832947, -0.8411355018615723, -0.8327130079269409, -0.8212271332740784, -0.8308409452438354, -0.8142142295837402, -0.8314875364303589, -0.8204320073127747, -0.8280701041221619, -0.8427765369415283, -0.8411884903907776, -0.837580680847168, -0.8217937350273132, -0.8280567526817322, -0.8182300925254822, -0.852641224861145, -0.827588677406311, -0.8327789902687073, -0.8207045793533325, -0.8320587277412415];[0.43485355377197266, 0.42484989762306213, 0.44242382049560547, 0.43665990233421326, 0.4179760217666626, 0.4169515073299408, 0.42756587266921997, 0.44427573680877686, 0.42864224314689636, 0.4303132891654968, 0.4182969629764557, 0.43848904967308044, 0.4407500624656677, 0.42606133222579956, 0.4199906289577484, 0.42202192544937134, 0.4523222744464874, 0.42609286308288574, 0.43293482065200806, 0.44252803921699524, 0.41438907384872437, 0.4305441379547119, 0.42874565720558167, 0.43282291293144226, 0.44911864399909973, 0.46378418803215027, 0.4364747107028961, 0.4332777261734009, 0.43623262643814087, 0.4432576298713684];2004.2304470539093
2650;[0.7740353941917419, 0.7728073596954346, 0.7808612585067749, 0.7755014300346375, 0.7680047750473022, 0.7713362574577332, 0.7769465446472168, 0.7826859951019287, 0.7874064445495605, 0.7840981483459473, 0.7799994349479675, 0.7777629494667053, 0.7798471450805664, 0.7814111113548279, 0.789305567741394, 0.7879751324653625, 0.785460889339447, 0.7835851907730103, 0.7897676825523376, 0.7862517833709717, 0.7935124039649963, 0.7841760516166687, 0.7821005582809448, 0.7834909558296204, 0.7850713133811951, 0.7953102588653564, 0.780646562576294, 0.7893031239509583, 0.7990168333053589, 0.7965066432952881, 0.7921293377876282];[0.03320349007844925, 0.03711041435599327, 0.040046438574790955, 0.03586932271718979, 0.031485844403505325, 0.03301263228058815, 0.035596542060375214, 0.03830375522375107, 0.04433776065707207, 0.04203853756189346, 0.036871328949928284, 0.035454604774713516, 0.036656204611063004, 0.038034263998270035, 0.041327208280563354, 0.04217681661248207, 0.038535475730895996, 0.03535698726773262, 0.04364439472556114, 0.03910084813833237, 0.04510641470551491, 0.03847862035036087, 0.0357288122177124, 0.03547593951225281, 0.035294871777296066, 0.041280221194028854, 0.03297540172934532, 0.03874105587601662, 0.04499335214495659, 0.043044447898864746, 0.03989792242646217];[-0.8250634670257568, -0.8319438099861145, -0.8395131230354309, -0.8359067440032959, -0.8150540590286255, -0.8194621801376343, -0.8317148089408875, -0.8371872901916504, -0.8586995601654053, -0.8496334552764893, -0.8303783535957336, -0.8290491700172424, -0.8300778269767761, -0.8320626616477966, -0.8447504043579102, -0.8467300534248352, -0.8462888598442078, -0.828502893447876, -0.8578717112541199, -0.8396757245063782, -0.8525158166885376, -0.8383356928825378, -0.8275500535964966, -0.8248276710510254, -0.8302850127220154, -0.8569985032081604, -0.8221511244773865, -0.835487425327301, -0.8701707720756531, -0.8486758470535278, -0.8547703623771667];[0.43896475434303284, 0.43770453333854675, 0.41148924827575684, 0.44853144884109497, 0.3843437433242798, 0.4292886257171631, 0.42743104696273804, 0.4187123477458954, 0.42513203620910645, 0.41272881627082825, 0.4133918583393097, 0.4425275921821594, 0.4311447739601135, 0.4242217242717743, 0.41087254881858826, 0.41890406608581543, 0.39550042152404785, 0.3964712619781494, 0.4210536479949951, 0.3907841444015503, 0.40616121888160706, 0.4161296486854553, 0.3951237201690674, 0.4012036621570587, 0.4025003910064697, 0.4177195429801941, 0.401077002286911, 0.3779214918613434, 0.4210909605026245, 0.3900373876094818];2015.610820055008
2700;[0.7685233950614929, 0.7752543687820435, 0.7697346210479736, 0.7810186147689819, 0.7774530649185181, 0.775510311126709, 0.7728253602981567, 0.7783297896385193, 0.7834278345108032, 0.7773743867874146, 0.7825781106948853, 0.7775846123695374, 0.7748510837554932, 0.7799097299575806, 0.7765980362892151, 0.7817625403404236, 0.7739927172660828, 0.7668464183807373, 0.7767089009284973, 0.7815152406692505, 0.781099259853363, 0.7814024686813354, 0.775273323059082, 0.7782461643218994, 0.7783079743385315, 0.7784650921821594, 0.7822239995002747, 0.7848921418190002, 0.7774497866630554, 0.7813913822174072, 0.7864750027656555];[0.03286826238036156, 0.03672158718109131, 0.031068213284015656, 0.0404900498688221, 0.0384012870490551, 0.03595805540680885, 0.03365209326148033, 0.03809238597750664, 0.04310883209109306, 0.038286205381155014, 0.04068474471569061, 0.03784390538930893, 0.03725640848278999, 0.037310317158699036, 0.037903010845184326, 0.03944746404886246, 0.036581430584192276, 0.03015676513314247, 0.034476786851882935, 0.03589353337883949, 0.03812180832028389, 0.036181990057229996, 0.03381809592247009, 0.03463344648480415, 0.032859452068805695, 0.033713448792696, 0.037984419614076614, 0.03832323104143143, 0.03375967964529991, 0.035822585225105286, 0.03923419862985611];[-0.8173689842224121, -0.8308620452880859, -0.8142605423927307, -0.8420591950416565, -0.8427446484565735, -0.8263181447982788, -0.8235659003257751, -0.8404527902603149, -0.8601599335670471, -0.8362990617752075, -0.8427932858467102, -0.84907466173172, -0.8320197463035583, -0.837340235710144, -0.8324856162071228, -0.8415029644966125, -0.8305761814117432, -0.8079404234886169, -0.8249125480651855, -0.827302098274231, -0.8363268971443176, -0.8314977884292603, -0.8240092396736145, -0.8269345164299011, -0.8215387463569641, -0.8248820304870605, -0.833618700504303, -0.8412133455276489, -0.8205633759498596, -0.8269054889678955, -0.8472177982330322];[0.42999887466430664, 0.46321260929107666, 0.42640477418899536, 0.440809965133667, 0.4310060143470764, 0.4212722182273865, 0.4319009780883789, 0.46173912286758423, 0.4418935477733612, 0.44837436079978943, 0.4395247995853424, 0.42944228649139404, 0.42116329073905945, 0.42809683084487915, 0.44746771454811096, 0.4334600567817688, 0.4288536608219147, 0.4260874390602112, 0.41375496983528137, 0.4418650269508362, 0.43163418769836426, 0.4264890253543854, 0.426556259393692, 0.39724478125572205, 0.4263608455657959, 0.4317513108253479, 0.4197596311569214, 0.4289177656173706, 0.4221709072589874, 0.4163585305213928];2012.6461124420166
2750;[0.7686010599136353, 0.7688971161842346, 0.7770612239837646, 0.7822185158729553, 0.7790231108665466, 0.7699390649795532, 0.7765452861785889, 0.781114399433136, 0.7775676250457764, 0.7810107469558716, 0.7777407765388489, 0.7749143242835999, 0.7847315073013306, 0.7829268574714661, 0.7755440473556519, 0.7806491851806641, 0.7738314270973206, 0.7809270024299622, 0.7873642444610596, 0.7798299193382263, 0.7884047031402588, 0.7894543409347534, 0.7936813235282898, 0.7881117463111877, 0.7950199842453003, 0.7878686785697937, 0.7812883257865906, 0.7855013012886047, 0.7843461632728577, 0.7891773581504822, 0.7994394898414612];[0.033337730914354324, 0.03522896021604538, 0.04120213910937309, 0.03829970583319664, 0.04048628360033035, 0.0339837521314621, 0.03779744729399681, 0.03761610388755798, 0.03385942429304123, 0.04072857275605202, 0.03645532205700874, 0.037016402930021286, 0.04264003783464432, 0.04133489727973938, 0.03486517816781998, 0.038720790296792984, 0.034111395478248596, 0.03937073424458504, 0.04228503257036209, 0.038478560745716095, 0.04185142368078232, 0.04412146285176277, 0.04655172675848007, 0.04255463182926178, 0.046918462961912155, 0.04224536567926407, 0.03732641786336899, 0.0413154736161232, 0.03770799934864044, 0.04376102611422539, 0.0498359277844429];[-0.8176805973052979, -0.8256826996803284, -0.84657883644104, -0.8371632695198059, -0.8396338224411011, -0.822878360748291, -0.8364114165306091, -0.8368415236473083, -0.8254456520080566, -0.8485459685325623, -0.828632116317749, -0.8326670527458191, -0.8445436358451843, -0.8473339080810547, -0.8240467309951782, -0.8380978107452393, -0.8234411478042603, -0.8396373987197876, -0.8471961617469788, -0.8347066640853882, -0.8448531627655029, -0.8532124161720276, -0.8598905801773071, -0.8458653092384338, -0.8666102886199951, -0.8459410667419434, -0.8329786062240601, -0.8439967632293701, -0.8351939916610718, -0.8495765328407288, -0.8810106515884399];[0.4319007694721222, 0.429258793592453, 0.4363490641117096, 0.42968153953552246, 0.44273310899734497, 0.40935218334198, 0.4370460510253906, 0.41066890954971313, 0.41834497451782227, 0.4217294454574585, 0.422285258769989, 0.4425785541534424, 0.4237299859523773, 0.4172403812408447, 0.43533602356910706, 0.4189467430114746, 0.4006941020488739, 0.41974854469299316, 0.41765791177749634, 0.4215138554573059, 0.40082788467407227, 0.4045702815055847, 0.4261484742164612, 0.41046905517578125, 0.4200744032859802, 0.40608951449394226, 0.4210883677005768, 0.41234007477760315, 0.42636367678642273, 0.4319932758808136];1998.3748047351837
2800;[0.7688477039337158, 0.7692763805389404, 0.7797303199768066, 0.7739818096160889, 0.7714534997940063, 0.7721281051635742, 0.7693020105361938, 0.7852276563644409, 0.7739905118942261, 0.765339195728302, 0.7710936069488525, 0.7696866393089294, 0.7665905952453613, 0.7747663855552673, 0.7694128155708313, 0.7804559469223022, 0.7681782245635986, 0.7678213119506836, 0.7652062177658081, 0.7642992734909058, 0.7720131278038025, 0.7666153311729431, 0.766168475151062, 0.7687150239944458, 0.7704591155052185, 0.7657757997512817, 0.7693515419960022, 0.7604348659515381, 0.7639572024345398, 0.7675273418426514, 0.7632244825363159];[0.030676502734422684, 0.03414180129766464, 0.04021506384015083, 0.03584026172757149, 0.032755810767412186, 0.032099876552820206, 0.03125518187880516, 0.04207610338926315, 0.03448576480150223, 0.028055161237716675, 0.031393080949783325, 0.03200545534491539, 0.027436330914497375, 0.03457016125321388, 0.03176327794790268, 0.037921302020549774, 0.030739109963178635, 0.02996126003563404, 0.027070317417383194, 0.026376761496067047, 0.03268731012940407, 0.027838313952088356, 0.028044313192367554, 0.03185049444437027, 0.031089216470718384, 0.02789798192679882, 0.031077003106474876, 0.024343477562069893, 0.029101502150297165, 0.02775038406252861, 0.02612762525677681];[-0.8194093108177185, -0.823963463306427, -0.8455589413642883, -0.8329994082450867, -0.830195426940918, -0.8189045786857605, -0.8186570405960083, -0.8632084131240845, -0.8317410349845886, -0.8065916895866394, -0.8139379620552063, -0.8161388039588928, -0.8057714700698853, -0.8258264660835266, -0.8229419589042664, -0.8417028188705444, -0.8173516988754272, -0.8127651810646057, -0.8051558136940002, -0.8019972443580627, -0.8193944096565247, -0.8054655194282532, -0.8099415302276611, -0.8181126713752747, -0.8168150782585144, -0.8066380023956299, -0.8153455853462219, -0.7962992191314697, -0.8066895604133606, -0.8090565204620361, -0.8045099377632141];[0.4288221299648285, 0.43050360679626465, 0.4372233748435974, 0.44696295261383057, 0.4285839796066284, 0.42619776725769043, 0.4392683506011963, 0.425290048122406, 0.44245201349258423, 0.4412425756454468, 0.42457661032676697, 0.4330894947052002, 0.42657583951950073, 0.4362565577030182, 0.43791064620018005, 0.4222804307937622, 0.4519961476325989, 0.42559364438056946, 0.39926567673683167, 0.4220403730869293, 0.4216294288635254, 0.4146818220615387, 0.43732699751853943, 0.421845942735672, 0.4339059591293335, 0.46001332998275757, 0.43401283025741577, 0.44340527057647705, 0.4431355893611908, 0.4309900403022766];2003.2030546665192
2850;[0.7697654366493225, 0.7665300965309143, 0.76395183801651, 0.7702161073684692, 0.7761993408203125, 0.7673118710517883, 0.7685257196426392, 0.7666946649551392, 0.769278347492218, 0.7678130269050598, 0.7708931565284729, 0.7661768794059753, 0.7764963507652283, 0.764478862285614, 0.7663305401802063, 0.7727509140968323, 0.7754364609718323, 0.7710683345794678, 0.7659504413604736, 0.7800658941268921, 0.7695595026016235, 0.7703946828842163, 0.7757706046104431, 0.7720193266868591, 0.7694206833839417, 0.7720255255699158, 0.7681184411048889, 0.7808089256286621, 0.7683374881744385, 0.7688862085342407, 0.7652609944343567];[0.0327116996049881, 0.03120526485145092, 0.028684860095381737, 0.031729575246572495, 0.03508841618895531, 0.029569247737526894, 0.030199414119124413, 0.028844211250543594, 0.03255622833967209, 0.029519274830818176, 0.03188677877187729, 0.028486115857958794, 0.03463234379887581, 0.026763759553432465, 0.029483232647180557, 0.033308517187833786, 0.03194712847471237, 0.030529573559761047, 0.026806680485606194, 0.035160377621650696, 0.028279351070523262, 0.02932753786444664, 0.03279762715101242, 0.028353272005915642, 0.027149124071002007, 0.03154919296503067, 0.028403377160429955, 0.03573284298181534, 0.029530152678489685, 0.027835335582494736, 0.027571164071559906];[-0.8201571106910706, -0.8143998384475708, -0.8092743754386902, -0.8168208599090576, -0.8271872401237488, -0.8126122951507568, -0.8112860321998596, -0.8088194131851196, -0.8292418122291565, -0.812498152256012, -0.8191498517990112, -0.8092559576034546, -0.8264033198356628, -0.8030443787574768, -0.8220875263214111, -0.8194026350975037, -0.8531020283699036, -0.8146437406539917, -0.8023489117622375, -0.8273071050643921, -0.8065879344940186, -0.8124175071716309, -0.819961667060852, -0.8115246295928955, -0.8037775158882141, -0.8244990706443787, -0.8090010285377502, -0.8384316563606262, -0.8107167482376099, -0.8083141446113586, -0.8067115545272827];[0.4413687586784363, 0.4322739243507385, 0.428982138633728, 0.4363625943660736, 0.4291326105594635, 0.42827481031417847, 0.43101489543914795, 0.425305038690567, 0.4409758448600769, 0.4253389537334442, 0.43339329957962036, 0.4157699644565582, 0.4340013563632965, 0.44197607040405273, 0.4305599629878998, 0.42996734380722046, 0.43574491143226624, 0.4221436083316803, 0.4193906784057617, 0.42504242062568665, 0.41987791657447815, 0.44168907403945923, 0.4217637777328491, 0.40963509678840637, 0.4393237233161926, 0.4035234749317169, 0.4268115162849426, 0.42113953828811646, 0.4198994040489197, 0.419572651386261];2012.678034067154
2900;[0.7813458442687988, 0.7729158997535706, 0.7710383534431458, 0.7694365382194519, 0.7749243378639221, 0.7781319618225098, 0.7674188017845154, 0.7611303329467773, 0.7733487486839294, 0.7833018898963928, 0.7648749947547913, 0.7710252404212952, 0.7650158405303955, 0.7729895710945129, 0.764417827129364, 0.7744458913803101, 0.7699955105781555, 0.7697637677192688, 0.7699201703071594, 0.7684637904167175, 0.7736969590187073, 0.764008641242981, 0.7699540257453918, 0.7635798454284668, 0.7685769200325012, 0.7719424366950989, 0.7708098292350769, 0.7717418074607849, 0.7622809410095215, 0.7653712034225464, 0.7622407674789429];[0.040740303695201874, 0.03447282314300537, 0.029943237081170082, 0.03233516216278076, 0.03642204776406288, 0.03935137391090393, 0.029426606371998787, 0.02660004049539566, 0.031172743067145348, 0.03928733617067337, 0.028398720547556877, 0.03125888109207153, 0.025846272706985474, 0.02993657998740673, 0.026186484843492508, 0.030698582530021667, 0.027587808668613434, 0.02937064692378044, 0.02858046442270279, 0.027232661843299866, 0.033098477870225906, 0.024918699637055397, 0.028637010604143143, 0.024081775918602943, 0.02580622024834156, 0.03134757652878761, 0.0275944285094738, 0.027912510558962822, 0.02430703304708004, 0.02539510279893875, 0.02325925976037979];[-0.8474368453025818, -0.8239234089851379, -0.8129148483276367, -0.8202265501022339, -0.8286682963371277, -0.841032862663269, -0.8114156126976013, -0.7980818152427673, -0.8160316944122314, -0.8472303748130798, -0.806636393070221, -0.8142364621162415, -0.7990961670875549, -0.8136633038520813, -0.8020848035812378, -0.8158705830574036, -0.8044678568840027, -0.8168749213218689, -0.8082417845726013, -0.8025068640708923, -0.8245044946670532, -0.7976385354995728, -0.804094672203064, -0.793134331703186, -0.8068392276763916, -0.816940188407898, -0.8044652342796326, -0.8069072365760803, -0.7982480525970459, -0.7970471978187561, -0.7922241687774658];[0.45235511660575867, 0.4326658248901367, 0.44783535599708557, 0.4113418459892273, 0.44534268975257874, 0.44913455843925476, 0.4091624617576599, 0.4301811158657074, 0.41883349418640137, 0.42536723613739014, 0.429670125246048, 0.4137905240058899, 0.42379575967788696, 0.4303320348262787, 0.4277918040752411, 0.42868492007255554, 0.431686669588089, 0.42637357115745544, 0.43965810537338257, 0.417339026927948, 0.42512601613998413, 0.45327240228652954, 0.4193548262119293, 0.43812236189842224, 0.4214365780353546, 0.43201303482055664, 0.40058228373527527, 0.4473678171634674, 0.4633384346961975, 0.41277557611465454];2011.643792629242
2950;[0.7813006639480591, 0.7695633769035339, 0.7664818167686462, 0.7759953141212463, 0.7780784964561462, 0.7721869349479675, 0.7727852463722229, 0.7666317820549011, 0.7773699164390564, 0.7796894907951355, 0.7846213579177856, 0.7830870747566223, 0.779407262802124, 0.7830119132995605, 0.7762610912322998, 0.7804074883460999, 0.7782543301582336, 0.7699791789054871, 0.7823566198348999, 0.7742684483528137, 0.7781243324279785, 0.7723544836044312, 0.776942253112793, 0.7847205996513367, 0.7836812734603882, 0.7860945463180542, 0.7784232497215271, 0.780978262424469, 0.7771525382995605, 0.788047730922699, 0.7859403491020203];[0.04249199479818344, 0.033453576266765594, 0.031246691942214966, 0.03728935867547989, 0.03939162567257881, 0.03380226716399193, 0.03538442403078079, 0.030800482258200645, 0.03883860260248184, 0.04162886366248131, 0.043484702706336975, 0.041547294706106186, 0.03542492166161537, 0.0393298864364624, 0.039013296365737915, 0.0377277135848999, 0.03542023524641991, 0.02816329337656498, 0.04172176495194435, 0.031854890286922455, 0.03554563224315643, 0.03155142068862915, 0.03569229692220688, 0.039494600147008896, 0.03825600817799568, 0.04250806197524071, 0.03635016083717346, 0.03789539635181427, 0.03423433005809784, 0.040961939841508865, 0.0420721098780632];[-0.8564563393592834, -0.8205951452255249, -0.8127776980400085, -0.8293195962905884, -0.8405612707138062, -0.8277901411056519, -0.8318136930465698, -0.8138967156410217, -0.8410284519195557, -0.8455675840377808, -0.8511576056480408, -0.8452147841453552, -0.827897846698761, -0.8410421013832092, -0.8395248055458069, -0.8364114761352539, -0.8276867866516113, -0.8075339794158936, -0.8471969962120056, -0.8159365057945251, -0.8349672555923462, -0.8168977499008179, -0.8267838954925537, -0.8382262587547302, -0.8364143967628479, -0.8544787168502808, -0.8306069374084473, -0.8341819047927856, -0.8219766616821289, -0.848180890083313, -0.84658282995224];[0.4796049892902374, 0.4486134648323059, 0.43033188581466675, 0.44022905826568604, 0.4349675178527832, 0.4359253942966461, 0.4342232346534729, 0.4232536256313324, 0.4297720193862915, 0.43967729806900024, 0.41732245683670044, 0.4209512174129486, 0.41504350304603577, 0.4269053637981415, 0.4194486439228058, 0.4416057765483856, 0.43154609203338623, 0.4351452589035034, 0.4199201762676239, 0.42945584654808044, 0.42412811517715454, 0.4397963285446167, 0.42806699872016907, 0.4235149919986725, 0.4318244159221649, 0.4401545822620392, 0.42540401220321655, 0.43625926971435547, 0.4201008379459381, 0.4251987934112549];2018.8325326442719
3000;[0.7795382142066956, 0.7751209735870361, 0.7736329436302185, 0.7780285477638245, 0.7716543078422546, 0.7735279202461243, 0.7725704312324524, 0.774797260761261, 0.7733877897262573, 0.7786500453948975, 0.7746415734291077, 0.7937896847724915, 0.7733101844787598, 0.779404878616333, 0.7804986238479614, 0.7755276560783386, 0.771465539932251, 0.7864871621131897, 0.7722870111465454, 0.7860780954360962, 0.7763692736625671, 0.7807108163833618, 0.7785452008247375, 0.7837837934494019, 0.7818388342857361, 0.7819417715072632, 0.7864038348197937, 0.7863138318061829, 0.7853848934173584, 0.7894864678382874, 0.7875366806983948];[0.038465727120637894, 0.03448754921555519, 0.03397108241915703, 0.03796191141009331, 0.0323474183678627, 0.03273899853229523, 0.03509668633341789, 0.03348224237561226, 0.032128967344760895, 0.035091131925582886, 0.03439679369330406, 0.04617688059806824, 0.03421337902545929, 0.036609355360269547, 0.03449578955769539, 0.03079819120466709, 0.029687564820051193, 0.04152807220816612, 0.02950938604772091, 0.04065736383199692, 0.03280378133058548, 0.036256734281778336, 0.03505713865160942, 0.039941105991601944, 0.036955416202545166, 0.03552466258406639, 0.04137224331498146, 0.03856978192925453, 0.03536336496472359, 0.0403224416077137, 0.04052647575736046];[-0.8446155786514282, -0.8322078585624695, -0.8225762844085693, -0.8373197913169861, -0.8148252367973328, -0.8201597929000854, -0.825867772102356, -0.8226510882377625, -0.8173204064369202, -0.8280379772186279, -0.8276689052581787, -0.8893415927886963, -0.8222034573554993, -0.8302704095840454, -0.8259005546569824, -0.8143251538276672, -0.8097198605537415, -0.8457667231559753, -0.8095122575759888, -0.8442925214767456, -0.8214386105537415, -0.8292087316513062, -0.8233540058135986, -0.8436823487281799, -0.8324826955795288, -0.825661301612854, -0.8415929079055786, -0.8433191776275635, -0.833067774772644, -0.8404260873794556, -0.8435897827148438];[0.4387519955635071, 0.4266285300254822, 0.42704838514328003, 0.436737984418869, 0.42510420083999634, 0.42515644431114197, 0.4161112904548645, 0.44382622838020325, 0.4208645522594452, 0.4036223590373993, 0.42675185203552246, 0.40415260195732117, 0.41414570808410645, 0.4285646975040436, 0.42524194717407227, 0.40932396054267883, 0.4611809551715851, 0.42601123452186584, 0.41529691219329834, 0.41628217697143555, 0.4423462748527527, 0.4262351989746094, 0.41419199109077454, 0.4117335081100464, 0.4522637724876404, 0.40492257475852966, 0.4291257858276367, 0.42519253492355347, 0.4152766168117523, 0.40786829590797424];1999.0311877727509
3050;[0.771178126335144, 0.7645053267478943, 0.7713533639907837, 0.7768344283103943, 0.774816632270813, 0.7768552899360657, 0.7810990810394287, 0.7714430093765259, 0.7711349725723267, 0.7763973474502563, 0.7728579044342041, 0.7797149419784546, 0.7799829244613647, 0.7812854051589966, 0.7784907221794128, 0.7742224931716919, 0.7850211262702942, 0.7745029330253601, 0.7907456159591675, 0.7781885266304016, 0.7795900702476501, 0.7873367667198181, 0.7799571752548218, 0.7949032783508301, 0.7996573448181152, 0.7818827033042908, 0.7875386476516724, 0.7861753702163696, 0.791474461555481, 0.7975307703018188, 0.7869288325309753];[0.0329926535487175, 0.027757767587900162, 0.03659364581108093, 0.03708663955330849, 0.03535955026745796, 0.03487365320324898, 0.03651025891304016, 0.02930794097483158, 0.027949336916208267, 0.03274951130151749, 0.03086390532553196, 0.03326303884387016, 0.03676159679889679, 0.03604581579566002, 0.03284897655248642, 0.031880561262369156, 0.03625147044658661, 0.03135056421160698, 0.040831808000802994, 0.02989152818918228, 0.03236554563045502, 0.03930559754371643, 0.03339129686355591, 0.04347919672727585, 0.04931257665157318, 0.035307642072439194, 0.03822261095046997, 0.03667430952191353, 0.03880078345537186, 0.04462914168834686, 0.04074881598353386];[-0.82136070728302, -0.806526243686676, -0.8299863338470459, -0.8277162909507751, -0.8275023102760315, -0.8317011594772339, -0.8286471962928772, -0.8107256889343262, -0.8053451776504517, -0.8205822706222534, -0.8157750964164734, -0.8231362700462341, -0.842812180519104, -0.829890787601471, -0.8210992217063904, -0.8180407881736755, -0.8379466533660889, -0.8187196254730225, -0.8532264232635498, -0.8151927590370178, -0.818378746509552, -0.8433100581169128, -0.8225588798522949, -0.8543421030044556, -0.8798426985740662, -0.829713761806488, -0.8365316987037659, -0.8280292749404907, -0.8445046544075012, -0.8586728572845459, -0.84067702293396];[0.43015068769454956, 0.42290931940078735, 0.43315455317497253, 0.42633911967277527, 0.4252081513404846, 0.4301735758781433, 0.4307607412338257, 0.46293070912361145, 0.4192088842391968, 0.4050711393356323, 0.41821348667144775, 0.4184441864490509, 0.39530909061431885, 0.4123702645301819, 0.4230751097202301, 0.402942419052124, 0.41384100914001465, 0.4634297490119934, 0.3968369662761688, 0.4066956043243408, 0.42124485969543457, 0.3998829126358032, 0.39095979928970337, 0.4033868610858917, 0.4052127003669739, 0.3990289270877838, 0.40222781896591187, 0.4219440519809723, 0.40516507625579834, 0.3928009867668152];2008.8211753368378
3100;[0.7692521810531616, 0.7645303010940552, 0.7727492451667786, 0.7789587378501892, 0.7718381285667419, 0.7774959802627563, 0.7756779789924622, 0.7759323120117188, 0.7736638784408569, 0.7762759923934937, 0.772233247756958, 0.779685914516449, 0.7763555645942688, 0.7862370610237122, 0.7837144732475281, 0.7809408903121948, 0.7850223183631897, 0.7825279831886292, 0.782556414604187, 0.7841567397117615, 0.7833627462387085, 0.7926251292228699, 0.7835434675216675, 0.7859154939651489, 0.7857668399810791, 0.7862962484359741, 0.7947043180465698, 0.787905216217041, 0.7920128703117371, 0.7821927666664124, 0.7859742641448975];[0.0324285514652729, 0.029573943465948105, 0.036452360451221466, 0.043123818933963776, 0.03523784130811691, 0.03838013857603073, 0.03629019111394882, 0.03615014627575874, 0.034600406885147095, 0.03602822124958038, 0.032131679356098175, 0.038607221096754074, 0.03435686603188515, 0.043126508593559265, 0.04056168347597122, 0.03991762176156044, 0.040331996977329254, 0.039052002131938934, 0.03944353386759758, 0.03856951743364334, 0.03881680965423584, 0.049449242651462555, 0.03965967148542404, 0.04051295295357704, 0.04013627767562866, 0.042042575776576996, 0.04438987746834755, 0.042047325521707535, 0.04480908811092377, 0.0374184288084507, 0.038537442684173584];[-0.8188472390174866, -0.809405505657196, -0.8310601711273193, -0.8525785803794861, -0.8284360766410828, -0.8379981517791748, -0.8298177123069763, -0.8297713398933411, -0.8240429759025574, -0.830184817314148, -0.8176155686378479, -0.8418570160865784, -0.8266881704330444, -0.8518288135528564, -0.8422445058822632, -0.838837206363678, -0.8439894318580627, -0.8360397219657898, -0.8389895558357239, -0.8341451287269592, -0.8341324925422668, -0.873477041721344, -0.8454666137695312, -0.8417969346046448, -0.8394721746444702, -0.8466972708702087, -0.858379065990448, -0.8491976261138916, -0.8592823147773743, -0.8358609080314636, -0.8355169296264648];[0.4495922327041626, 0.43504366278648376, 0.4312995970249176, 0.4396005868911743, 0.40843096375465393, 0.4383695423603058, 0.41933614015579224, 0.43192100524902344, 0.4334788918495178, 0.43481314182281494, 0.45602548122406006, 0.4184359312057495, 0.4387996196746826, 0.42589932680130005, 0.42074424028396606, 0.42638829350471497, 0.4200620651245117, 0.42989662289619446, 0.4086045026779175, 0.42246484756469727, 0.4215601980686188, 0.4041691720485687, 0.40442895889282227, 0.4050233066082001, 0.4293401837348938, 0.4074147045612335, 0.3961794078350067, 0.3954724669456482, 0.4179869592189789, 0.39648038148880005];2001.3701379299164
3150;[0.7777324914932251, 0.7673448324203491, 0.7751316428184509, 0.7726247310638428, 0.7788062691688538, 0.7777305245399475, 0.7718870043754578, 0.7776414155960083, 0.7860293388366699, 0.7715470194816589, 0.7712993621826172, 0.7654255628585815, 0.783306896686554, 0.7774600386619568, 0.7790486216545105, 0.7806007862091064, 0.7770156264305115, 0.7737398743629456, 0.7890410423278809, 0.7910169363021851, 0.7854971885681152, 0.7844416499137878, 0.7813616394996643, 0.7820634841918945, 0.7883933782577515, 0.7825822830200195, 0.7812070250511169, 0.775895357131958, 0.7807541489601135, 0.7757407426834106, 0.784163236618042];[0.03830850496888161, 0.033570438623428345, 0.035248253494501114, 0.03299455717206001, 0.03750463202595711, 0.03649654611945152, 0.031902968883514404, 0.038061629980802536, 0.04368842765688896, 0.030760105699300766, 0.029894940555095673, 0.02865610085427761, 0.03806108981370926, 0.034791674464941025, 0.033990707248449326, 0.03480464592576027, 0.03095586970448494, 0.03268842026591301, 0.03855312243103981, 0.04102140665054321, 0.03727751970291138, 0.036761339753866196, 0.03621681034564972, 0.035691697150468826, 0.03973011672496796, 0.03478717803955078, 0.03475438803434372, 0.02877301350235939, 0.033209625631570816, 0.027730628848075867, 0.03608361631631851];[-0.836405873298645, -0.8233956694602966, -0.8283694386482239, -0.8212034106254578, -0.8338698744773865, -0.8289566040039062, -0.8220526576042175, -0.8384612202644348, -0.853403627872467, -0.8143889307975769, -0.8161900639533997, -0.8074039220809937, -0.8338685035705566, -0.8296780586242676, -0.8223094940185547, -0.8290737867355347, -0.8204284310340881, -0.8198445439338684, -0.8425134420394897, -0.8457643389701843, -0.838216245174408, -0.8415932059288025, -0.8313031196594238, -0.8291479349136353, -0.8392403721809387, -0.8298044800758362, -0.8302867412567139, -0.810167670249939, -0.8280841708183289, -0.806026816368103, -0.8311885595321655];[0.4473910629749298, 0.43915605545043945, 0.4207517206668854, 0.43142950534820557, 0.42125439643859863, 0.40886470675468445, 0.45251092314720154, 0.43206503987312317, 0.43969765305519104, 0.4165014624595642, 0.40463271737098694, 0.43297889828681946, 0.41991329193115234, 0.40652742981910706, 0.438904732465744, 0.39548322558403015, 0.40291130542755127, 0.4015028774738312, 0.398383766412735, 0.38084647059440613, 0.4163610339164734, 0.4002757966518402, 0.39311158657073975, 0.4385462999343872, 0.3935527801513672, 0.4075376093387604, 0.40331611037254333, 0.40502986311912537, 0.39935794472694397, 0.3915380835533142];2005.3061904907227
3200;[0.7738699316978455, 0.7817422151565552, 0.7727367281913757, 0.7775464057922363, 0.7824692726135254, 0.7727538347244263, 0.776885986328125, 0.7669848799705505, 0.7907043695449829, 0.7724365592002869, 0.7725178003311157, 0.7789708375930786, 0.7710688710212708, 0.7644602656364441, 0.777439296245575, 0.7722586989402771, 0.7806808352470398, 0.7786520719528198, 0.7802726030349731, 0.7794081568717957, 0.7675055265426636, 0.7729575634002686, 0.7719767689704895, 0.7804179191589355, 0.7695340514183044, 0.7687825560569763, 0.773356020450592, 0.7809704542160034, 0.7709718346595764, 0.7673496007919312, 0.7761755585670471];[0.03582867607474327, 0.04252893105149269, 0.032455313950777054, 0.039266712963581085, 0.04011911153793335, 0.03305472806096077, 0.03497336059808731, 0.029820946976542473, 0.04569149762392044, 0.02921113185584545, 0.02930075116455555, 0.0338033027946949, 0.02954900823533535, 0.02449321746826172, 0.03264264762401581, 0.027125386521220207, 0.035348448902368546, 0.03456671163439751, 0.03343382105231285, 0.03369980305433273, 0.027255035936832428, 0.028413888067007065, 0.029031718149781227, 0.033244483172893524, 0.02386220544576645, 0.025400426238775253, 0.030195359140634537, 0.033352501690387726, 0.026046525686979294, 0.025869790464639664, 0.03285808116197586];[-0.8303912878036499, -0.8508896231651306, -0.8208097219467163, -0.8406863212585449, -0.8419886827468872, -0.8317884802818298, -0.8272287845611572, -0.8114619851112366, -0.865054726600647, -0.8114088773727417, -0.8117625117301941, -0.82559734582901, -0.8114466071128845, -0.7965747714042664, -0.8162004351615906, -0.8046560287475586, -0.8264349699020386, -0.8232595324516296, -0.8252297043800354, -0.8304014801979065, -0.8043534755706787, -0.8091636300086975, -0.814347505569458, -0.8208104968070984, -0.7950446009635925, -0.8010313510894775, -0.8178060054779053, -0.8219390511512756, -0.8030975461006165, -0.8010718822479248, -0.8195415735244751];[0.4328795373439789, 0.4311746060848236, 0.43560585379600525, 0.40474578738212585, 0.4187256693840027, 0.4256294071674347, 0.42115268111228943, 0.4103710949420929, 0.4272386133670807, 0.4265581965446472, 0.40830758213996887, 0.41828837990760803, 0.42183199524879456, 0.4298154413700104, 0.4108947217464447, 0.4136882722377777, 0.4177253842353821, 0.4124380946159363, 0.4153420329093933, 0.41425997018814087, 0.4223112165927887, 0.409973680973053, 0.4475765526294708, 0.3964555263519287, 0.4077705442905426, 0.41351309418678284, 0.42684125900268555, 0.4125068485736847, 0.414106547832489, 0.40258970856666565];1996.096981048584
3250;[0.7686925530433655, 0.7766695618629456, 0.7745060920715332, 0.7753511667251587, 0.7809088230133057, 0.7691774368286133, 0.77675461769104, 0.7829427719116211, 0.7720865607261658, 0.7681074142456055, 0.7669167518615723, 0.7733818292617798, 0.7848694324493408, 0.7785501480102539, 0.7660807967185974, 0.7649008631706238, 0.7802492380142212, 0.7817979454994202, 0.7783198952674866, 0.7740370631217957, 0.7752251029014587, 0.7736214399337769, 0.7749530076980591, 0.7798675894737244, 0.7888479232788086, 0.7758274078369141, 0.7804305553436279, 0.7766051888465881, 0.7792639136314392, 0.778317391872406, 0.7767322063446045];[0.032502178102731705, 0.03602568060159683, 0.03622522950172424, 0.037346001714468, 0.04068661108613014, 0.031103061512112617, 0.03507962077856064, 0.03932568058371544, 0.032427024096250534, 0.030324194580316544, 0.026900475844740868, 0.029404617846012115, 0.04154053330421448, 0.036397967487573624, 0.02938166819512844, 0.026067452505230904, 0.03717922791838646, 0.03746544197201729, 0.034549690783023834, 0.03226764500141144, 0.03130698576569557, 0.03073793835937977, 0.02942678891122341, 0.03451739251613617, 0.040786970406770706, 0.029057998210191727, 0.02913239784538746, 0.028180235996842384, 0.03179343417286873, 0.03252115473151207, 0.030020426958799362];[-0.8183684349060059, -0.8299402594566345, -0.8295137286186218, -0.8295052647590637, -0.8430637121200562, -0.8142526745796204, -0.8278181552886963, -0.842716634273529, -0.8268250226974487, -0.8144060373306274, -0.8017566204071045, -0.8126674890518188, -0.8497419357299805, -0.8345515131950378, -0.8085733652114868, -0.8005409836769104, -0.8343909978866577, -0.8388118147850037, -0.8256698250770569, -0.8179133534431458, -0.8164107799530029, -0.8158915042877197, -0.8084728121757507, -0.8230127096176147, -0.8439720869064331, -0.809097945690155, -0.823870837688446, -0.8071790933609009, -0.8190518021583557, -0.8196196556091309, -0.8113387227058411];[0.4458284080028534, 0.4398113191127777, 0.4203585088253021, 0.42478641867637634, 0.4186021387577057, 0.43248870968818665, 0.4393317997455597, 0.4359738230705261, 0.42211753129959106, 0.43633604049682617, 0.42288920283317566, 0.44766703248023987, 0.41534438729286194, 0.4441097676753998, 0.4206910729408264, 0.42810311913490295, 0.42903047800064087, 0.46798262000083923, 0.42388954758644104, 0.4213283061981201, 0.4519708454608917, 0.4100089967250824, 0.41671881079673767, 0.39043697714805603, 0.41501981019973755, 0.41742587089538574, 0.4241035580635071, 0.40870893001556396, 0.40504002571105957, 0.4242051839828491];2012.1650004386902
3300;[0.7795279026031494, 0.7702673673629761, 0.7727537155151367, 0.7704682350158691, 0.7694606184959412, 0.7799032926559448, 0.7781049013137817, 0.7790661454200745, 0.770856499671936, 0.7738626599311829, 0.7683027386665344, 0.77607262134552, 0.778242290019989, 0.7818088531494141, 0.7761940360069275, 0.7709412574768066, 0.7788214683532715, 0.7822003364562988, 0.7769232392311096, 0.7800997495651245, 0.7739195227622986, 0.7722030878067017, 0.7803500294685364, 0.7824540734291077, 0.7803247570991516, 0.7782189249992371, 0.7835761308670044, 0.7795577645301819, 0.778043270111084, 0.7733427882194519, 0.7713725566864014];[0.04072694480419159, 0.031863000243902206, 0.035294968634843826, 0.035197146236896515, 0.03503040596842766, 0.03962104022502899, 0.038419827818870544, 0.0395907424390316, 0.035048361867666245, 0.036520518362522125, 0.03068055585026741, 0.03504757955670357, 0.03809912130236626, 0.037387654185295105, 0.03365064039826393, 0.029857583343982697, 0.03744843974709511, 0.03812939301133156, 0.03357154503464699, 0.03636753559112549, 0.029130389913916588, 0.0292955469340086, 0.0377400740981102, 0.03913794830441475, 0.038523007184267044, 0.03607881814241409, 0.039441194385290146, 0.03579528257250786, 0.03519028425216675, 0.03187340870499611, 0.02968701161444187];[-0.8439280986785889, -0.8157098889350891, -0.8348989486694336, -0.8292927145957947, -0.8234765529632568, -0.8441657423973083, -0.8346467018127441, -0.8413488864898682, -0.8264326453208923, -0.8301135897636414, -0.8118811249732971, -0.8283023834228516, -0.8386070728302002, -0.8319448232650757, -0.8254991173744202, -0.8136846423149109, -0.835002601146698, -0.8357288241386414, -0.8234707117080688, -0.8304494619369507, -0.8164596557617188, -0.8122162818908691, -0.8310573101043701, -0.8437855839729309, -0.8354681134223938, -0.8337535262107849, -0.8441619277000427, -0.8315083980560303, -0.8264353275299072, -0.8160272836685181, -0.8124893307685852];[0.4417845606803894, 0.4340948164463043, 0.4619692265987396, 0.44684189558029175, 0.43282240629196167, 0.44772475957870483, 0.4346552789211273, 0.44147196412086487, 0.41461554169654846, 0.42424342036247253, 0.4336669445037842, 0.4173645079135895, 0.4381556510925293, 0.42064204812049866, 0.41611021757125854, 0.42158934473991394, 0.41786083579063416, 0.44600430130958557, 0.4268795847892761, 0.4560192823410034, 0.3993012607097626, 0.4281497597694397, 0.3726399540901184, 0.3862955570220947, 0.4227622449398041, 0.4246370196342468, 0.41771063208580017, 0.42318809032440186, 0.42984041571617126, 0.43841132521629333];2003.8937010765076
3350;[0.7736531496047974, 0.7762044668197632, 0.7787190675735474, 0.7830389738082886, 0.7708160281181335, 0.7692707777023315, 0.7730414867401123, 0.7840483784675598, 0.7763627171516418, 0.7734454870223999, 0.7747538685798645, 0.7766819596290588, 0.7762166857719421, 0.7754486203193665, 0.7835397720336914, 0.7786428928375244, 0.7792569994926453, 0.7763876914978027, 0.7771855592727661, 0.7730050086975098, 0.7847604751586914, 0.7819856405258179, 0.787112295627594, 0.7812102437019348, 0.7793631553649902, 0.7795619368553162, 0.7828459143638611, 0.7872932553291321, 0.7813464403152466, 0.7853928804397583, 0.778587818145752];[0.037911467254161835, 0.03798792511224747, 0.03924935683608055, 0.042441610246896744, 0.03546600788831711, 0.032169271260499954, 0.03459879010915756, 0.042371965944767, 0.036498844623565674, 0.03478061780333519, 0.036692045629024506, 0.037398334592580795, 0.03575754165649414, 0.03291913866996765, 0.04028335586190224, 0.03585799038410187, 0.04040675237774849, 0.03650301694869995, 0.03696297109127045, 0.033096861094236374, 0.04097741097211838, 0.03808290511369705, 0.038920462131500244, 0.03696877136826515, 0.03475363552570343, 0.03801127150654793, 0.039770741015672684, 0.042201101779937744, 0.039404142647981644, 0.03649572283029556, 0.03600049763917923];[-0.8339468240737915, -0.8356418609619141, -0.8383312821388245, -0.8520144820213318, -0.8356607556343079, -0.8205746412277222, -0.8262093663215637, -0.8496925234794617, -0.8351607918739319, -0.8256986141204834, -0.8342154026031494, -0.8382907509803772, -0.8322821259498596, -0.8213891983032227, -0.8402514457702637, -0.8278552293777466, -0.8450128436088562, -0.8301721215248108, -0.8290152549743652, -0.8205617070198059, -0.8459641337394714, -0.8387994170188904, -0.8408234715461731, -0.831587016582489, -0.8285030722618103, -0.8314732909202576, -0.8444108963012695, -0.8470489382743835, -0.8358867168426514, -0.8306915163993835, -0.8267866969108582];[0.44235292077064514, 0.4437545835971832, 0.44033706188201904, 0.4294884204864502, 0.4278152883052826, 0.44361627101898193, 0.4552859365940094, 0.423380970954895, 0.43536803126335144, 0.43148475885391235, 0.4291156232357025, 0.4295758903026581, 0.4250873923301697, 0.41913697123527527, 0.4367419481277466, 0.41352108120918274, 0.43088847398757935, 0.4231582581996918, 0.42285820841789246, 0.43135038018226624, 0.44211846590042114, 0.4312760829925537, 0.41059648990631104, 0.4200038015842438, 0.4208071231842041, 0.414138525724411, 0.409583181142807, 0.425579309463501, 0.4117067754268646, 0.4005434215068817];2010.713540315628
3400;[0.7642442584037781, 0.7686031460762024, 0.7775349020957947, 0.7703993916511536, 0.7744673490524292, 0.7698027491569519, 0.7649574875831604, 0.7729734778404236, 0.7736206650733948, 0.7724369168281555, 0.773770272731781, 0.7685546278953552, 0.7760064005851746, 0.7732794880867004, 0.7778286933898926, 0.7736329436302185, 0.7768961191177368, 0.7768075466156006, 0.7770416736602783, 0.7785705924034119, 0.774770200252533, 0.7755118608474731, 0.7728071212768555, 0.778187096118927, 0.7797656059265137, 0.7717010378837585, 0.7820109724998474, 0.7823793888092041, 0.7856168746948242, 0.7726238965988159, 0.7834184765815735];[0.028251400217413902, 0.03158075734972954, 0.03727647662162781, 0.032944753766059875, 0.03231295943260193, 0.03126492723822594, 0.026478318497538567, 0.030996497720479965, 0.031349923461675644, 0.032044973224401474, 0.032238416373729706, 0.028688643127679825, 0.03356634080410004, 0.03387173265218735, 0.03510702773928642, 0.029517974704504013, 0.03524580970406532, 0.033054374158382416, 0.03136805072426796, 0.03189936280250549, 0.03330216184258461, 0.03303459286689758, 0.02869744785130024, 0.03365467116236687, 0.03306104242801666, 0.027255725115537643, 0.03333483636379242, 0.032604288309812546, 0.03749261796474457, 0.028317401185631752, 0.033917974680662155];[-0.8074080348014832, -0.8166226744651794, -0.8360151052474976, -0.8211752772331238, -0.8179974555969238, -0.8179174661636353, -0.8013514876365662, -0.8139386177062988, -0.8184140920639038, -0.8207522034645081, -0.8193532228469849, -0.8094297051429749, -0.8269160389900208, -0.8224002718925476, -0.8320217728614807, -0.8112582564353943, -0.8274093270301819, -0.8204171061515808, -0.8203417062759399, -0.820274293422699, -0.8325374126434326, -0.8401477336883545, -0.8050578832626343, -0.8279883861541748, -0.8220205307006836, -0.8049800992012024, -0.8262939453125, -0.8203335404396057, -0.8432797193527222, -0.8066727519035339, -0.8262423872947693];[0.42780932784080505, 0.45136913657188416, 0.4332057535648346, 0.41370293498039246, 0.4348558485507965, 0.44050249457359314, 0.4256877899169922, 0.4389701783657074, 0.42313912510871887, 0.42588433623313904, 0.41463491320610046, 0.4182756841182709, 0.41235023736953735, 0.40657034516334534, 0.433577299118042, 0.4082205593585968, 0.42689061164855957, 0.417067289352417, 0.41222137212753296, 0.41148409247398376, 0.41756460070610046, 0.429350882768631, 0.42386749386787415, 0.41086846590042114, 0.43007704615592957, 0.4494154155254364, 0.4196678698062897, 0.4204186499118805, 0.3956075608730316, 0.41748932003974915];2011.2983226776123
3450;[0.7701950073242188, 0.7675245404243469, 0.7755115628242493, 0.7740791440010071, 0.7667672038078308, 0.7674868702888489, 0.7829089760780334, 0.7758144736289978, 0.7779991626739502, 0.7816982269287109, 0.7799533605575562, 0.7745614051818848, 0.7791082262992859, 0.7802069187164307, 0.7793975472450256, 0.7789930701255798, 0.7727419137954712, 0.7743979096412659, 0.7763978242874146, 0.7704671621322632, 0.7784916162490845, 0.7829533815383911, 0.7798489928245544, 0.777265727519989, 0.7692070603370667, 0.7809644341468811, 0.7778871059417725, 0.7698508501052856, 0.7778722047805786, 0.7810912728309631, 0.7767595052719116];[0.03263486549258232, 0.030429229140281677, 0.039835020899772644, 0.03690481558442116, 0.0320267453789711, 0.03192412853240967, 0.041929639875888824, 0.0354195199906826, 0.03827904164791107, 0.039294902235269547, 0.0377945639193058, 0.03510510176420212, 0.03704536706209183, 0.03981499746441841, 0.03615643084049225, 0.03770499303936958, 0.03196548670530319, 0.03240036591887474, 0.032253943383693695, 0.031123556196689606, 0.03505811467766762, 0.036096036434173584, 0.03574991598725319, 0.03432556986808777, 0.027950996533036232, 0.03319106996059418, 0.03240868076682091, 0.026482122018933296, 0.030548153445124626, 0.03460269048810005, 0.03075331263244152];[-0.8212994337081909, -0.8124321103096008, -0.8406084775924683, -0.8316972851753235, -0.8180886507034302, -0.8183883428573608, -0.8479955196380615, -0.8357107639312744, -0.8366953134536743, -0.8373105525970459, -0.8389565348625183, -0.82950758934021, -0.8326995372772217, -0.8431967496871948, -0.8379887342453003, -0.8330802321434021, -0.8197295665740967, -0.8182753324508667, -0.8166728019714355, -0.8146837949752808, -0.8404466509819031, -0.8320468068122864, -0.8286489844322205, -0.8249295949935913, -0.8063241839408875, -0.8378190994262695, -0.8187618255615234, -0.803659200668335, -0.8128505945205688, -0.8227936029434204, -0.8159828782081604];[0.43856245279312134, 0.41806551814079285, 0.4190468192100525, 0.439208447933197, 0.464967280626297, 0.4337902367115021, 0.4191875457763672, 0.4265706539154053, 0.4478386342525482, 0.41923755407333374, 0.4207034111022949, 0.4221377968788147, 0.4206288456916809, 0.3949045240879059, 0.4171003997325897, 0.40732502937316895, 0.4226257801055908, 0.4234435558319092, 0.4202699363231659, 0.4547197222709656, 0.4350276291370392, 0.41441914439201355, 0.43198344111442566, 0.41959062218666077, 0.4121053218841553, 0.425525426864624, 0.40758436918258667, 0.41453519463539124, 0.4047981798648834, 0.418757826089859];2008.8356492519379
3500;[0.7799900770187378, 0.7687457203865051, 0.7792882323265076, 0.7731227874755859, 0.7799001932144165, 0.7709475159645081, 0.7812169194221497, 0.7755630016326904, 0.7775377035140991, 0.7787163257598877, 0.7713176012039185, 0.7643221616744995, 0.7732890844345093, 0.7759106159210205, 0.7717857956886292, 0.7767931222915649, 0.769885241985321, 0.7748516798019409, 0.7780709862709045, 0.7727406024932861, 0.7733792662620544, 0.7709962725639343, 0.7676782608032227, 0.7714948654174805, 0.7741601467132568, 0.7732599377632141, 0.7743328213691711, 0.780393123626709, 0.7741503119468689, 0.7798154950141907, 0.7696536183357239];[0.03934689611196518, 0.030650680884718895, 0.03857553377747536, 0.03320824354887009, 0.042252931743860245, 0.030252262949943542, 0.0412631593644619, 0.03344864025712013, 0.03688483685255051, 0.039027173072099686, 0.028967812657356262, 0.02616008184850216, 0.03253108635544777, 0.032892629504203796, 0.029621025547385216, 0.03682246059179306, 0.030616147443652153, 0.032870225608348846, 0.03707558289170265, 0.0321221649646759, 0.03214779868721962, 0.029405467212200165, 0.02816777117550373, 0.030779100954532623, 0.03147699683904648, 0.03137928619980812, 0.03021714836359024, 0.03692806884646416, 0.03323967009782791, 0.036613527685403824, 0.02655312791466713];[-0.8416905403137207, -0.8163764476776123, -0.8553934097290039, -0.8223799467086792, -0.845908522605896, -0.8118951916694641, -0.8452443480491638, -0.8186913728713989, -0.8305887579917908, -0.8369681239128113, -0.8115385174751282, -0.8004623055458069, -0.816584587097168, -0.822955310344696, -0.8121899366378784, -0.8308027386665344, -0.8145180940628052, -0.8189924359321594, -0.8343833684921265, -0.8160606622695923, -0.8151886463165283, -0.8127144575119019, -0.8035176992416382, -0.818861722946167, -0.816382884979248, -0.8186269998550415, -0.8105103373527527, -0.8380183577537537, -0.8214356303215027, -0.8294147253036499, -0.8059262037277222];[0.43417730927467346, 0.42487889528274536, 0.4211500883102417, 0.43197470903396606, 0.42984575033187866, 0.4544559121131897, 0.4258207082748413, 0.4273151457309723, 0.42504093050956726, 0.43226537108421326, 0.4339756965637207, 0.4181470274925232, 0.4295669496059418, 0.44099268317222595, 0.4221055805683136, 0.4155873954296112, 0.44193413853645325, 0.4571845829486847, 0.42636996507644653, 0.43510279059410095, 0.4335917830467224, 0.41477587819099426, 0.4346559941768646, 0.4318280816078186, 0.42131346464157104, 0.4416438043117523, 0.43957290053367615, 0.42404356598854065, 0.4169313609600067, 0.4214317798614502];2013.8331320285797
3550;[0.7742922902107239, 0.7787367105484009, 0.7717435359954834, 0.7856550812721252, 0.7786538004875183, 0.783318281173706, 0.7807517051696777, 0.7746315598487854, 0.7867766618728638, 0.7781650424003601, 0.7776788473129272, 0.7723231315612793, 0.7824138402938843, 0.7861789464950562, 0.7832249402999878, 0.7816587090492249, 0.7875821590423584, 0.7902300953865051, 0.781336784362793, 0.7888813614845276, 0.78339022397995, 0.782239556312561, 0.7874468564987183, 0.7864494919776917, 0.785862922668457, 0.7784681916236877, 0.7901338338851929, 0.7908320426940918, 0.7951542735099792, 0.7905371189117432, 0.7961108684539795];[0.037251152098178864, 0.0392230749130249, 0.03507360443472862, 0.045487258583307266, 0.041159652173519135, 0.04279906675219536, 0.04262944683432579, 0.03759170323610306, 0.04607512429356575, 0.04036170244216919, 0.03835245966911316, 0.03599721938371658, 0.04053659364581108, 0.043409399688243866, 0.04251060262322426, 0.04190778732299805, 0.04494554549455643, 0.049210112541913986, 0.043454792350530624, 0.04882630333304405, 0.04545604810118675, 0.04247337579727173, 0.04657828435301781, 0.048292480409145355, 0.045100923627614975, 0.03985534608364105, 0.050533682107925415, 0.04915153980255127, 0.053675293922424316, 0.050162434577941895, 0.05643825978040695];[-0.8325448036193848, -0.8430489897727966, -0.8253289461135864, -0.8571376800537109, -0.8449170589447021, -0.8520584106445312, -0.8470442891120911, -0.8348740339279175, -0.8898622989654541, -0.8456140160560608, -0.8371736407279968, -0.8262202143669128, -0.8430880308151245, -0.8514854907989502, -0.8468760251998901, -0.8484659194946289, -0.8606838583946228, -0.874481737613678, -0.850966215133667, -0.8788530230522156, -0.8556663990020752, -0.8483928442001343, -0.8581440448760986, -0.866276741027832, -0.856628954410553, -0.8387674689292908, -0.8706993460655212, -0.8727440237998962, -0.8825196623802185, -0.8812193870544434, -0.901606023311615];[0.4354182183742523, 0.43287503719329834, 0.42906153202056885, 0.4379703104496002, 0.4296926259994507, 0.4441937506198883, 0.4357188045978546, 0.43850013613700867, 0.44006460905075073, 0.4308280646800995, 0.4230387210845947, 0.4225321412086487, 0.4320589303970337, 0.42772069573402405, 0.41464442014694214, 0.43259376287460327, 0.43448787927627563, 0.42140430212020874, 0.42998290061950684, 0.42538779973983765, 0.4720185399055481, 0.42827075719833374, 0.41152945160865784, 0.44644927978515625, 0.42412739992141724, 0.41499507427215576, 0.4030754268169403, 0.4307308495044708, 0.4328700602054596, 0.43632084131240845];2010.0514669418335
3600;[0.7710103392601013, 0.7704375386238098, 0.7768824696540833, 0.7742828130722046, 0.7819982767105103, 0.7716239094734192, 0.7687414884567261, 0.7699598670005798, 0.7668154239654541, 0.7640716433525085, 0.7743619680404663, 0.7712830305099487, 0.7769352793693542, 0.7721229195594788, 0.773019015789032, 0.7898356318473816, 0.7712512016296387, 0.7770109176635742, 0.7872942090034485, 0.781587541103363, 0.7823038101196289, 0.7876183986663818, 0.7822011709213257, 0.7795044183731079, 0.7829685211181641, 0.7871790528297424, 0.7897485494613647, 0.7825261354446411, 0.7747126817703247, 0.7784903645515442, 0.7776836156845093];[0.036884766072034836, 0.03393778204917908, 0.038570839911699295, 0.03655560314655304, 0.04264690354466438, 0.03378215432167053, 0.03117833100259304, 0.033246222883462906, 0.03151482343673706, 0.028558246791362762, 0.03580917790532112, 0.03327721357345581, 0.03593628108501434, 0.0335630364716053, 0.034238941967487335, 0.042863667011260986, 0.03144318237900734, 0.0351015068590641, 0.04472386837005615, 0.03873751685023308, 0.039821039885282516, 0.0419498085975647, 0.03776579722762108, 0.03741401806473732, 0.039317090064287186, 0.03890122100710869, 0.04350059852004051, 0.040304750204086304, 0.03135914355516434, 0.03499012812972069, 0.03121337667107582];[-0.8321592211723328, -0.8206163048744202, -0.8415638208389282, -0.8356587886810303, -0.8466858267784119, -0.8228462338447571, -0.8115796446800232, -0.8207873106002808, -0.8137260675430298, -0.8075255155563354, -0.8289216160774231, -0.8198411464691162, -0.8276386857032776, -0.8227434754371643, -0.8258520364761353, -0.8585610389709473, -0.8199001550674438, -0.8271631002426147, -0.8524025082588196, -0.8376568555831909, -0.8448065519332886, -0.8530149459838867, -0.8345580697059631, -0.8301399350166321, -0.8352042436599731, -0.8392989635467529, -0.8490383625030518, -0.8415079712867737, -0.8165085315704346, -0.8265566229820251, -0.8158509135246277];[0.4404671788215637, 0.4391806721687317, 0.4506864845752716, 0.42792773246765137, 0.43013814091682434, 0.4255129396915436, 0.43917059898376465, 0.4377257227897644, 0.4271860718727112, 0.42079833149909973, 0.41010746359825134, 0.44753777980804443, 0.4386344850063324, 0.42635878920555115, 0.4352492690086365, 0.44353964924812317, 0.4247727394104004, 0.4100494086742401, 0.4127528667449951, 0.41300785541534424, 0.44500088691711426, 0.41908589005470276, 0.42133256793022156, 0.4356713891029358, 0.4131280183792114, 0.41829290986061096, 0.4175841212272644, 0.436541885137558, 0.40259280800819397, 0.43793681263923645];2018.6858563423157
3650;[0.7695708274841309, 0.7712271809577942, 0.7731399536132812, 0.7779530882835388, 0.769673228263855, 0.7786339521408081, 0.7706443667411804, 0.7714795470237732, 0.7656775116920471, 0.770635724067688, 0.7723018527030945, 0.7670007944107056, 0.7637338042259216, 0.765345573425293, 0.7703771591186523, 0.7734335064888, 0.7720676064491272, 0.7710323333740234, 0.7706268429756165, 0.7660166025161743, 0.7640032172203064, 0.7679002285003662, 0.7640445232391357, 0.7642838358879089, 0.7681145668029785, 0.7739447355270386, 0.7724903225898743, 0.7700657248497009, 0.7794437408447266, 0.7695311903953552, 0.7782089710235596];[0.033356767147779465, 0.0346699133515358, 0.0341377854347229, 0.03628972917795181, 0.031410012394189835, 0.03900976851582527, 0.03370915353298187, 0.03307488560676575, 0.029480936005711555, 0.0320705883204937, 0.03780185803771019, 0.03104964643716812, 0.029268013313412666, 0.030456284061074257, 0.03156987577676773, 0.03246309235692024, 0.03286007046699524, 0.03323129191994667, 0.03154610097408295, 0.02989814430475235, 0.0279423575848341, 0.032514944672584534, 0.028345830738544464, 0.027828579768538475, 0.03368206322193146, 0.03686465322971344, 0.03278220072388649, 0.030762046575546265, 0.041530542075634, 0.033796846866607666, 0.036770377308130264];[-0.8181540369987488, -0.824525773525238, -0.8230165243148804, -0.8450188040733337, -0.8138376474380493, -0.8478693962097168, -0.8214190006256104, -0.819790780544281, -0.8106706738471985, -0.816990077495575, -0.8341047167778015, -0.8134481310844421, -0.8107336163520813, -0.811677098274231, -0.8177732229232788, -0.8223536610603333, -0.8215013742446899, -0.8247358798980713, -0.822304904460907, -0.8112564086914062, -0.8078749775886536, -0.8180278539657593, -0.807049572467804, -0.8067888021469116, -0.8214531540870667, -0.8290368318557739, -0.817756175994873, -0.81517493724823, -0.8423306941986084, -0.8234051465988159, -0.8454978466033936];[0.43706971406936646, 0.4335659146308899, 0.4405059516429901, 0.4356757402420044, 0.4331756830215454, 0.42292627692222595, 0.44952210783958435, 0.44365137815475464, 0.4347711503505707, 0.4054056704044342, 0.4313772916793823, 0.4330979883670807, 0.4222792088985443, 0.43757128715515137, 0.4235653281211853, 0.43594881892204285, 0.4390949606895447, 0.44063910841941833, 0.4734193980693817, 0.4065030813217163, 0.4354940950870514, 0.42873626947402954, 0.419906884431839, 0.4351252019405365, 0.4316769540309906, 0.4321085512638092, 0.44220030307769775, 0.435275137424469, 0.4351075291633606, 0.42942261695861816];2005.2816278934479
3700;[0.7767847180366516, 0.773895263671875, 0.7684885263442993, 0.7673138380050659, 0.7746977210044861, 0.7780658006668091, 0.7703607082366943, 0.7693963646888733, 0.7712778449058533, 0.7796415090560913, 0.7806424498558044, 0.789527177810669, 0.7768001556396484, 0.7758730053901672, 0.7816771864891052, 0.7769240736961365, 0.7786139249801636, 0.7872198224067688, 0.7782745957374573, 0.7702112197875977, 0.7752835750579834, 0.7745084762573242, 0.7767776846885681, 0.7788721919059753, 0.7744944095611572, 0.7851133942604065, 0.7776195406913757, 0.7756100296974182, 0.7900489568710327, 0.7909998893737793, 0.7797611355781555];[0.038039159029722214, 0.036897171288728714, 0.03188467398285866, 0.028555775061249733, 0.03542768955230713, 0.03673446178436279, 0.0313647985458374, 0.0316627062857151, 0.03192732855677605, 0.035893943160772324, 0.03977479413151741, 0.04524419456720352, 0.0328197218477726, 0.033831097185611725, 0.03658714517951012, 0.03430229052901268, 0.03236614540219307, 0.038728997111320496, 0.034415535628795624, 0.025522246956825256, 0.03038550168275833, 0.03198928013443947, 0.029360145330429077, 0.030756622552871704, 0.030585214495658875, 0.03429676219820976, 0.03164688125252724, 0.030789216980338097, 0.040961552411317825, 0.042102158069610596, 0.02975161373615265];[-0.8338400721549988, -0.8285451531410217, -0.8186463117599487, -0.8077372312545776, -0.8281525373458862, -0.838005006313324, -0.8128007650375366, -0.817033588886261, -0.8174954056739807, -0.8311997056007385, -0.8443056344985962, -0.8571543097496033, -0.8199368715286255, -0.8250311017036438, -0.8297095894813538, -0.8280547261238098, -0.8205902576446533, -0.8572837114334106, -0.8293194770812988, -0.8007396459579468, -0.812463641166687, -0.8180170655250549, -0.8064966797828674, -0.8178714513778687, -0.8157004714012146, -0.8268052935600281, -0.8141069412231445, -0.8129898905754089, -0.8457121849060059, -0.8474666476249695, -0.8129717111587524];[0.4446715712547302, 0.4429051876068115, 0.4248099625110626, 0.43382298946380615, 0.4400312900543213, 0.4344591796398163, 0.430813193321228, 0.37605372071266174, 0.4124489724636078, 0.4477408826351166, 0.41132456064224243, 0.4146168529987335, 0.4775314927101135, 0.4245763123035431, 0.4159112870693207, 0.4176662564277649, 0.41545340418815613, 0.42046815156936646, 0.41786688566207886, 0.41614121198654175, 0.43635281920433044, 0.4208992123603821, 0.4049939215183258, 0.40236663818359375, 0.3985653817653656, 0.4174467921257019, 0.40038198232650757, 0.4206112325191498, 0.40576043725013733, 0.38934966921806335];1998.076227426529
3750;[0.7779315114021301, 0.7777507305145264, 0.7726274132728577, 0.770095944404602, 0.7642353177070618, 0.7771580815315247, 0.7665392160415649, 0.77788245677948, 0.7725881338119507, 0.7746504545211792, 0.7743389010429382, 0.7748412489891052, 0.7745240330696106, 0.7744911909103394, 0.7848658561706543, 0.7774867415428162, 0.7740375995635986, 0.7702212333679199, 0.7778111696243286, 0.7870758175849915, 0.7718232274055481, 0.7778741717338562, 0.7787517309188843, 0.7754903435707092, 0.7862536907196045, 0.7777766585350037, 0.7722547054290771, 0.7760381698608398, 0.7790626287460327, 0.7806505560874939, 0.7819787263870239];[0.04010831564664841, 0.038321029394865036, 0.03589991107583046, 0.029171288013458252, 0.02891381084918976, 0.03635545074939728, 0.031005889177322388, 0.03667353838682175, 0.03225782886147499, 0.03308330103754997, 0.033537186682224274, 0.03363317623734474, 0.03380226716399193, 0.03334750980138779, 0.040007539093494415, 0.035783812403678894, 0.03131560981273651, 0.029408171772956848, 0.030792661011219025, 0.03954795002937317, 0.027537325397133827, 0.03476475179195404, 0.03545932471752167, 0.03056698851287365, 0.038859397172927856, 0.031154682859778404, 0.026696834713220596, 0.03223838657140732, 0.03198623284697533, 0.03290301188826561, 0.03304104879498482];[-0.8408828377723694, -0.8360275030136108, -0.8299887180328369, -0.811505913734436, -0.8101035356521606, -0.8341059684753418, -0.8167713284492493, -0.852707028388977, -0.8172343969345093, -0.8196463584899902, -0.8222538828849792, -0.823189914226532, -0.8300203680992126, -0.8217659592628479, -0.844632089138031, -0.8338170647621155, -0.8170016407966614, -0.8104019165039062, -0.8151827454566956, -0.8512398600578308, -0.8059645295143127, -0.8230079412460327, -0.8294782638549805, -0.8160015344619751, -0.8393371105194092, -0.8136341571807861, -0.8024188280105591, -0.8172086477279663, -0.8195949196815491, -0.8228744864463806, -0.8201577067375183];[0.433948814868927, 0.42433133721351624, 0.44196200370788574, 0.42060035467147827, 0.40449634194374084, 0.4334876835346222, 0.43863189220428467, 0.43146011233329773, 0.42387479543685913, 0.4349055588245392, 0.4411908686161041, 0.4120255410671234, 0.43281039595603943, 0.4318840205669403, 0.41972362995147705, 0.4061346650123596, 0.40568244457244873, 0.42226141691207886, 0.4201216399669647, 0.4237687885761261, 0.4202149510383606, 0.4237973690032959, 0.426240473985672, 0.426845520734787, 0.4254515767097473, 0.4219275414943695, 0.41585662961006165, 0.4223710894584656, 0.4086729884147644, 0.41030776500701904];1995.5103015899658
3800;[0.7720962762832642, 0.7727462649345398, 0.7748271226882935, 0.7616561651229858, 0.7715355157852173, 0.7810267806053162, 0.775442361831665, 0.7769491672515869, 0.7760915756225586, 0.7820253372192383, 0.7820740938186646, 0.7784743905067444, 0.7815669775009155, 0.7877529859542847, 0.78040611743927, 0.7855728268623352, 0.7786327600479126, 0.7800081372261047, 0.7805587649345398, 0.7835006713867188, 0.7850887179374695, 0.7887027263641357, 0.7820631265640259, 0.7799473404884338, 0.7795682549476624, 0.7961951494216919, 0.7854331731796265, 0.790925920009613, 0.7891148924827576, 0.7883984446525574, 0.7876570224761963];[0.03428170457482338, 0.038448516279459, 0.038154371082782745, 0.029806148260831833, 0.033765457570552826, 0.03975231572985649, 0.03637196868658066, 0.03943493962287903, 0.03408896178007126, 0.038711342960596085, 0.0430225171148777, 0.03615342080593109, 0.03842058777809143, 0.04225274920463562, 0.036097072064876556, 0.042072463780641556, 0.03403260186314583, 0.036355581134557724, 0.035131391137838364, 0.038841210305690765, 0.03760572895407677, 0.04084499925374985, 0.03518354520201683, 0.034640926867723465, 0.03489701449871063, 0.048857565969228745, 0.037712156772613525, 0.045104458928108215, 0.04292063042521477, 0.04030882194638252, 0.040083616971969604];[-0.8256890177726746, -0.8391188979148865, -0.8369329571723938, -0.8111308217048645, -0.8255452513694763, -0.8475571274757385, -0.8382473587989807, -0.8452084064483643, -0.8252405524253845, -0.8399099111557007, -0.8509969711303711, -0.8327727317810059, -0.8403573036193848, -0.852432906627655, -0.8370195627212524, -0.8597208857536316, -0.8236636519432068, -0.8304461240768433, -0.8264768123626709, -0.8352686166763306, -0.8372544050216675, -0.8496323823928833, -0.8268500566482544, -0.8251954317092896, -0.8249099254608154, -0.8804053664207458, -0.8323337435722351, -0.8612185120582581, -0.8503062129020691, -0.8446570634841919, -0.8403334617614746];[0.4305662512779236, 0.4203609824180603, 0.43683922290802, 0.4229336977005005, 0.433756947517395, 0.4384075105190277, 0.42208489775657654, 0.4331606328487396, 0.450740247964859, 0.4046354591846466, 0.44435936212539673, 0.40755829215049744, 0.4361129403114319, 0.42909467220306396, 0.4111786186695099, 0.41311898827552795, 0.41319456696510315, 0.4255521595478058, 0.4062393605709076, 0.4356509745121002, 0.4317544400691986, 0.41914618015289307, 0.4041058123111725, 0.4124782681465149, 0.4209706485271454, 0.4040641486644745, 0.3750804364681244, 0.39708027243614197, 0.409047931432724, 0.3910558223724365];2021.7376277446747
3850;[0.7717000842094421, 0.7808645367622375, 0.7764036059379578, 0.7775182127952576, 0.776663064956665, 0.7821827530860901, 0.7672747373580933, 0.7697556018829346, 0.7724893093109131, 0.7776752710342407, 0.7882294058799744, 0.7793440222740173, 0.7742986083030701, 0.7741899490356445, 0.7816395163536072, 0.7831297516822815, 0.7810623645782471, 0.7793630361557007, 0.7807697653770447, 0.7904757261276245, 0.7811528444290161, 0.7812157273292542, 0.7872450947761536, 0.785688042640686, 0.7830622792243958, 0.775936484336853, 0.7763243317604065, 0.7782794237136841, 0.7777084112167358, 0.7845251560211182, 0.7812579274177551];[0.035215020179748535, 0.042606547474861145, 0.03901539742946625, 0.03944284841418266, 0.03591056168079376, 0.04047802463173866, 0.029969725757837296, 0.03206121176481247, 0.03119325265288353, 0.03723783791065216, 0.045146238058805466, 0.03761724755167961, 0.03273004665970802, 0.03240533545613289, 0.0364888459444046, 0.03971520811319351, 0.0352863185107708, 0.03732456639409065, 0.03721582889556885, 0.043677154928445816, 0.03613037243485451, 0.038270093500614166, 0.03853147104382515, 0.040517840534448624, 0.040260374546051025, 0.033390503376722336, 0.033062029629945755, 0.031018249690532684, 0.031074408441781998, 0.03768811374902725, 0.03527750447392464];[-0.827389121055603, -0.865628182888031, -0.8387101292610168, -0.83817458152771, -0.826892077922821, -0.8432069420814514, -0.8115649819374084, -0.8171623945236206, -0.8160665035247803, -0.831514835357666, -0.8563377857208252, -0.8342738151550293, -0.8192865252494812, -0.8170779943466187, -0.828461766242981, -0.8384577631950378, -0.8263536095619202, -0.8278471231460571, -0.8309710621833801, -0.859319269657135, -0.831998884677887, -0.8346289396286011, -0.837043046951294, -0.8445021510124207, -0.8372626304626465, -0.8222930431365967, -0.8201955556869507, -0.8177570104598999, -0.8148297071456909, -0.8373278975486755, -0.8285467624664307];[0.43534335494041443, 0.4468405842781067, 0.44791197776794434, 0.43002450466156006, 0.4261714816093445, 0.4278389513492584, 0.4280807077884674, 0.44327226281166077, 0.45009544491767883, 0.4145575165748596, 0.4294208884239197, 0.40878117084503174, 0.4155828654766083, 0.442794531583786, 0.4081476926803589, 0.41123539209365845, 0.4308592677116394, 0.42316025495529175, 0.4107295870780945, 0.41085097193717957, 0.41298553347587585, 0.416090190410614, 0.408973753452301, 0.40934687852859497, 0.42426544427871704, 0.4169868528842926, 0.38987037539482117, 0.42345181107521057, 0.40186548233032227, 0.4171600043773651];2033.905502796173
3900;[0.7764260172843933, 0.7712715864181519, 0.7750324010848999, 0.7731919884681702, 0.7679109573364258, 0.7808427214622498, 0.7730205655097961, 0.7801768183708191, 0.7797384262084961, 0.7698031067848206, 0.7667145729064941, 0.7767622470855713, 0.7741539478302002, 0.7783626317977905, 0.7705190181732178, 0.7687084674835205, 0.7728409767150879, 0.7748560905456543, 0.7680743336677551, 0.7673100829124451, 0.772255003452301, 0.7693322896957397, 0.7710323333740234, 0.7712984681129456, 0.7791668772697449, 0.7780912518501282, 0.7702097296714783, 0.7715981602668762, 0.7685440182685852, 0.7691776752471924, 0.7680049538612366];[0.0392027273774147, 0.03422266244888306, 0.03776467964053154, 0.03543654456734657, 0.032056551426649094, 0.041068751364946365, 0.03572291135787964, 0.037750937044620514, 0.03804457187652588, 0.031619489192962646, 0.028821688145399094, 0.03366308659315109, 0.034390345215797424, 0.03384946286678314, 0.030308913439512253, 0.02814124897122383, 0.02959844283759594, 0.03036714904010296, 0.025559935718774796, 0.022723838686943054, 0.028674231842160225, 0.02647576667368412, 0.026866530999541283, 0.027231115847826004, 0.03174610435962677, 0.031870122998952866, 0.026800094172358513, 0.02651551179587841, 0.024155860766768456, 0.025745058432221413, 0.02167954295873642];[-0.8461412191390991, -0.8211678266525269, -0.8339301347732544, -0.83156418800354, -0.8197102546691895, -0.8455780148506165, -0.825120747089386, -0.8506502509117126, -0.8352214694023132, -0.8175209760665894, -0.8122073411941528, -0.8211612701416016, -0.8243342638015747, -0.8324434161186218, -0.8124227523803711, -0.8077446222305298, -0.8089540600776672, -0.813847541809082, -0.8000427484512329, -0.7935133576393127, -0.8080242276191711, -0.8030417561531067, -0.8058000206947327, -0.8046029806137085, -0.8211733102798462, -0.8148584961891174, -0.8017638921737671, -0.8074007630348206, -0.8032262325286865, -0.7997133135795593, -0.7914886474609375];[0.41620615124702454, 0.4351363778114319, 0.42622509598731995, 0.41714057326316833, 0.4422413110733032, 0.45131155848503113, 0.4436827600002289, 0.44167250394821167, 0.43181997537612915, 0.4339265525341034, 0.4244462549686432, 0.4281200170516968, 0.4288505017757416, 0.41656824946403503, 0.4375097155570984, 0.43098804354667664, 0.42232510447502136, 0.4206664562225342, 0.44113773107528687, 0.42458194494247437, 0.42864087224006653, 0.42502662539482117, 0.3831064999103546, 0.4583384394645691, 0.4051336348056793, 0.4292338788509369, 0.429426908493042, 0.4234987795352936, 0.4174097776412964, 0.4225282669067383];2045.0403604507446
3950;[0.7668476700782776, 0.7851919531822205, 0.7645261287689209, 0.7740823030471802, 0.7720334529876709, 0.7857020497322083, 0.7794249653816223, 0.7820274829864502, 0.7783147096633911, 0.7865306735038757, 0.7818713784217834, 0.7847942113876343, 0.7893882393836975, 0.7809169292449951, 0.7870468497276306, 0.7798736691474915, 0.7884295582771301, 0.7855798006057739, 0.7817292213439941, 0.7894902229309082, 0.7865493893623352, 0.7875491976737976, 0.7808144092559814, 0.7852576375007629, 0.7909533977508545, 0.7861440181732178, 0.7969454526901245, 0.7936193346977234, 0.7965688705444336, 0.7979648113250732, 0.7944730520248413];[0.03283039852976799, 0.04480287432670593, 0.03080911375582218, 0.03789414092898369, 0.03603779897093773, 0.0468599908053875, 0.04210140183568001, 0.04140523821115494, 0.03978903219103813, 0.04555157944560051, 0.040423545986413956, 0.04399507865309715, 0.04597402736544609, 0.04424796625971794, 0.04453609138727188, 0.03870275244116783, 0.045303408056497574, 0.046681713312864304, 0.042518287897109985, 0.047189079225063324, 0.04389830678701401, 0.046348340809345245, 0.040820855647325516, 0.04349202662706375, 0.0464014895260334, 0.044526759535074234, 0.04932864382863045, 0.049018744379282, 0.0510406419634819, 0.05429210513830185, 0.05013933405280113];[-0.8205925226211548, -0.857663631439209, -0.8158846497535706, -0.8353604078292847, -0.8251472115516663, -0.8592132329940796, -0.8481467962265015, -0.8438149094581604, -0.8372502326965332, -0.8649675250053406, -0.8386946320533752, -0.8545065522193909, -0.862426221370697, -0.8517120480537415, -0.8665690422058105, -0.8360964059829712, -0.8546596169471741, -0.8655986189842224, -0.8525658845901489, -0.8664924502372742, -0.8542923927307129, -0.8610144257545471, -0.8428665995597839, -0.8532474040985107, -0.8582571744918823, -0.8532830476760864, -0.8696706295013428, -0.8683050274848938, -0.8729312419891357, -0.8807351589202881, -0.875793993473053];[0.4285307228565216, 0.44955962896347046, 0.4430592656135559, 0.423296183347702, 0.43458378314971924, 0.4524717330932617, 0.4124212861061096, 0.4370657801628113, 0.43691498041152954, 0.4207693934440613, 0.4284110367298126, 0.4378715753555298, 0.4238879382610321, 0.4217781722545624, 0.4363277852535248, 0.424106240272522, 0.4232918918132782, 0.41843023896217346, 0.4395610988140106, 0.43211737275123596, 0.43928173184394836, 0.438154011964798, 0.4245539903640747, 0.4310472309589386, 0.4279769957065582, 0.42350712418556213, 0.4257686138153076, 0.41079002618789673, 0.4334607422351837, 0.40790247917175293];2043.8391253948212
4000;[0.7758664488792419, 0.7694272994995117, 0.7683769464492798, 0.7766496539115906, 0.7720204591751099, 0.7672316431999207, 0.7661762833595276, 0.7685394883155823, 0.7765970826148987, 0.7718127965927124, 0.773830235004425, 0.768721342086792, 0.7822489142417908, 0.7687585949897766, 0.7774688005447388, 0.7773138284683228, 0.7770618200302124, 0.7729263305664062, 0.7775101065635681, 0.7740365862846375, 0.7743033766746521, 0.7747073769569397, 0.7836378216743469, 0.7781184315681458, 0.785449206829071, 0.7851099967956543, 0.7743794322013855, 0.7779186964035034, 0.7748702168464661, 0.7725332975387573, 0.7795336842536926];[0.0369487926363945, 0.033405669033527374, 0.03369620814919472, 0.038808733224868774, 0.033876921981573105, 0.028382929041981697, 0.03451894223690033, 0.032254740595817566, 0.038004811853170395, 0.032995764166116714, 0.032865509390830994, 0.03260945528745651, 0.04210292547941208, 0.032033778727054596, 0.03672836348414421, 0.038616448640823364, 0.0369555838406086, 0.03404146432876587, 0.035033561289310455, 0.0330846831202507, 0.03377040475606918, 0.034991905093193054, 0.03971466049551964, 0.03791548311710358, 0.040458519011735916, 0.03906560689210892, 0.03597695380449295, 0.036191537976264954, 0.03769558668136597, 0.03148401156067848, 0.038287606090307236];[-0.832825243473053, -0.8197158575057983, -0.8237840533256531, -0.8387759327888489, -0.8253524303436279, -0.8158801198005676, -0.8249756097793579, -0.8161909580230713, -0.8400130271911621, -0.824248731136322, -0.8258001804351807, -0.819699227809906, -0.8576707243919373, -0.8171858787536621, -0.8329373598098755, -0.8403089642524719, -0.8342158198356628, -0.8220114707946777, -0.8299559354782104, -0.8208812475204468, -0.8255823254585266, -0.8235984444618225, -0.8473231196403503, -0.8370728492736816, -0.8451610803604126, -0.8385263085365295, -0.8261587619781494, -0.8291121125221252, -0.834205687046051, -0.819943368434906, -0.8346729874610901];[0.4398709535598755, 0.4523117244243622, 0.44096463918685913, 0.4346233904361725, 0.43898916244506836, 0.42835327982902527, 0.43493103981018066, 0.42451077699661255, 0.42645296454429626, 0.4289531707763672, 0.3960951268672943, 0.4200136363506317, 0.4257257878780365, 0.4292086958885193, 0.4235515594482422, 0.41561171412467957, 0.43790435791015625, 0.41985824704170227, 0.4239618182182312, 0.435527503490448, 0.42003217339515686, 0.4465530216693878, 0.41172245144844055, 0.4192715287208557, 0.42267534136772156, 0.4277787208557129, 0.4344389736652374, 0.42156797647476196, 0.4244767129421234, 0.41798919439315796];2059.2059473991394
4050;[0.7695102095603943, 0.7788877487182617, 0.7782464623451233, 0.7803217768669128, 0.7749778032302856, 0.7770028710365295, 0.7728150486946106, 0.7926813364028931, 0.7766302824020386, 0.7785457372665405, 0.7826186418533325, 0.7742605805397034, 0.7815947532653809, 0.7815573811531067, 0.7776698470115662, 0.780500054359436, 0.784447431564331, 0.7829670906066895, 0.7833975553512573, 0.7811238765716553, 0.7828565835952759, 0.7999297976493835, 0.7786633968353271, 0.7848140001296997, 0.784185528755188, 0.7775918841362, 0.7820742726325989, 0.7783606052398682, 0.7787415385246277, 0.785481870174408, 0.7770180702209473];[0.03308466449379921, 0.039133016020059586, 0.04002866521477699, 0.04186062142252922, 0.03865451365709305, 0.03882357478141785, 0.03604225441813469, 0.049845047295093536, 0.04056374728679657, 0.03899630531668663, 0.042166683822870255, 0.038574010133743286, 0.042805757373571396, 0.03949711099267006, 0.03960065543651581, 0.041151776909828186, 0.042326029390096664, 0.043824926018714905, 0.041948795318603516, 0.039667461067438126, 0.03990209475159645, 0.05536559224128723, 0.0394011028110981, 0.042518239468336105, 0.042958710342645645, 0.03872525691986084, 0.04195434972643852, 0.03800196573138237, 0.037087004631757736, 0.03894011676311493, 0.036190520972013474];[-0.8229476809501648, -0.8376216292381287, -0.8456353545188904, -0.8480505347251892, -0.8361787796020508, -0.8345071077346802, -0.8294135332107544, -0.8712548017501831, -0.8431361317634583, -0.8374761939048767, -0.8528074622154236, -0.8410355448722839, -0.8606988787651062, -0.842117965221405, -0.8403319120407104, -0.8475921750068665, -0.850409746170044, -0.8542594313621521, -0.8529999852180481, -0.841718852519989, -0.8601085543632507, -0.9152402877807617, -0.8419826030731201, -0.8638139367103577, -0.8558287620544434, -0.8353329300880432, -0.8494288325309753, -0.8483412265777588, -0.8343737125396729, -0.8388287425041199, -0.8327900767326355];[0.43096664547920227, 0.43051397800445557, 0.4269839823246002, 0.4369783103466034, 0.4346901774406433, 0.4342222511768341, 0.4271787703037262, 0.42677202820777893, 0.44807860255241394, 0.4344627857208252, 0.43439188599586487, 0.4180455207824707, 0.4287829101085663, 0.43540555238723755, 0.43178004026412964, 0.46486279368400574, 0.4373818337917328, 0.4306137263774872, 0.45962953567504883, 0.4372991621494293, 0.43681904673576355, 0.4613964259624481, 0.42390868067741394, 0.43557050824165344, 0.4499867260456085, 0.4530811607837677, 0.44104525446891785, 0.4559827148914337, 0.461017370223999, 0.45428794622421265];2062.6289401054382
4100;[0.7719650864601135, 0.7757830023765564, 0.7749716639518738, 0.7649683356285095, 0.7817568778991699, 0.7761943936347961, 0.7734547853469849, 0.7743233442306519, 0.7727144956588745, 0.7778970003128052, 0.7743818163871765, 0.7761503458023071, 0.7685352563858032, 0.7766891121864319, 0.7826852202415466, 0.7681389451026917, 0.7791157960891724, 0.7810864448547363, 0.775037407875061, 0.7773216962814331, 0.7738069295883179, 0.7735825777053833, 0.7790689468383789, 0.7680747509002686, 0.7757311463356018, 0.7842084765434265, 0.7791892886161804, 0.7821425199508667, 0.7748474478721619, 0.7759149670600891, 0.7682895064353943];[0.03487067297101021, 0.037622999399900436, 0.03762349113821983, 0.031030885875225067, 0.0400235615670681, 0.034765154123306274, 0.03269548341631889, 0.03531802073121071, 0.031709883362054825, 0.036937762051820755, 0.03545946627855301, 0.035077717155218124, 0.03031112253665924, 0.03599266707897186, 0.040570348501205444, 0.027165990322828293, 0.03715648129582405, 0.037717100232839584, 0.03385332226753235, 0.036525193601846695, 0.030617697164416313, 0.031279388815164566, 0.03481384739279747, 0.02679162472486496, 0.02974213846027851, 0.03668102249503136, 0.03399782255291939, 0.03457017242908478, 0.030347608029842377, 0.030012786388397217, 0.024544768035411835];[-0.8271980881690979, -0.83516526222229, -0.8325307965278625, -0.8148903250694275, -0.8401162624359131, -0.8264546990394592, -0.8204733729362488, -0.8256364464759827, -0.8175055980682373, -0.8344598412513733, -0.8280394673347473, -0.8325263261795044, -0.8115324378013611, -0.8328941464424133, -0.8382364511489868, -0.8003528118133545, -0.8352925181388855, -0.8359827995300293, -0.8236705660820007, -0.8280177116394043, -0.8129082918167114, -0.8150973916053772, -0.8318639397621155, -0.801976203918457, -0.8100582361221313, -0.8408254384994507, -0.8291659951210022, -0.832959771156311, -0.8123888969421387, -0.8143031001091003, -0.7955150604248047];[0.435779869556427, 0.45967426896095276, 0.42622798681259155, 0.4514542520046234, 0.42358773946762085, 0.4531373083591461, 0.4474661648273468, 0.441085547208786, 0.42030057311058044, 0.42193305492401123, 0.44801244139671326, 0.4363131821155548, 0.4400065541267395, 0.43343135714530945, 0.4194091260433197, 0.42516079545021057, 0.4200849235057831, 0.4230843186378479, 0.44192788004875183, 0.43117690086364746, 0.4279005825519562, 0.41706544160842896, 0.4246276319026947, 0.4152144491672516, 0.4268418550491333, 0.399612158536911, 0.4191542863845825, 0.41111987829208374, 0.42431211471557617, 0.4151717722415924];2033.5575218200684
4150;[0.7738735675811768, 0.7740024924278259, 0.7805029153823853, 0.7703874707221985, 0.7772461175918579, 0.773878812789917, 0.7786678671836853, 0.7785933613777161, 0.7827768921852112, 0.7788166403770447, 0.774316668510437, 0.7769824266433716, 0.7792506814002991, 0.7864081263542175, 0.7796204090118408, 0.7752066254615784, 0.7672496438026428, 0.7762531638145447, 0.7801081538200378, 0.7766204476356506, 0.7954130172729492, 0.7753350138664246, 0.7816756367683411, 0.7788454294204712, 0.7699495553970337, 0.7763598561286926, 0.7738028168678284, 0.7751531004905701, 0.7772753834724426, 0.7778526544570923, 0.7854201793670654];[0.037310000509023666, 0.0369686633348465, 0.04220738634467125, 0.03464582934975624, 0.04032827168703079, 0.036775361746549606, 0.03987500071525574, 0.038261529058218, 0.042879220098257065, 0.03919075429439545, 0.03877329081296921, 0.0383545383810997, 0.04245985299348831, 0.045006848871707916, 0.04106944799423218, 0.037231139838695526, 0.03151719644665718, 0.036390215158462524, 0.04115365073084831, 0.03835262730717659, 0.05270304158329964, 0.03840615972876549, 0.04029916971921921, 0.03963209688663483, 0.03420909866690636, 0.03636831045150757, 0.03518964722752571, 0.037733469158411026, 0.038887493312358856, 0.03709408640861511, 0.04365604743361473];[-0.8332653641700745, -0.8390440940856934, -0.8502170443534851, -0.828294038772583, -0.8428025245666504, -0.8357304334640503, -0.84273362159729, -0.8357113003730774, -0.8480891585350037, -0.844189465045929, -0.8365684747695923, -0.8362817764282227, -0.8473812937736511, -0.8612504005432129, -0.8438500761985779, -0.8314182758331299, -0.8183090090751648, -0.8281606435775757, -0.8431690335273743, -0.8359745144844055, -0.8882767558097839, -0.8348023891448975, -0.841663658618927, -0.8425682187080383, -0.8259905576705933, -0.8314273953437805, -0.8234027028083801, -0.8326525688171387, -0.8371605277061462, -0.8329430222511292, -0.8517695665359497];[0.43327367305755615, 0.44759613275527954, 0.42277461290359497, 0.42872354388237, 0.42590785026550293, 0.4304525852203369, 0.430721253156662, 0.43460264801979065, 0.42419832944869995, 0.4265024960041046, 0.43161723017692566, 0.44528481364250183, 0.4186430275440216, 0.4469197392463684, 0.4322865307331085, 0.450038343667984, 0.4354935586452484, 0.4386727511882782, 0.437884122133255, 0.42704686522483826, 0.426937997341156, 0.45174381136894226, 0.4494000971317291, 0.45029503107070923, 0.42830073833465576, 0.4525255262851715, 0.44289395213127136, 0.42451953887939453, 0.4316447675228119, 0.4090270400047302];2053.6635019779205
4200;[0.774819552898407, 0.7681196928024292, 0.7755535244941711, 0.7748981714248657, 0.784547746181488, 0.7787182331085205, 0.7734553217887878, 0.7717627286911011, 0.7761198282241821, 0.7714908123016357, 0.7712259888648987, 0.7778447866439819, 0.7843475341796875, 0.7814798951148987, 0.7780398726463318, 0.7865501046180725, 0.7774885296821594, 0.7754900455474854, 0.7819352746009827, 0.7854659557342529, 0.7921334505081177, 0.7908213138580322, 0.7883142828941345, 0.7821801900863647, 0.7830689549446106, 0.7863278985023499, 0.7827326059341431, 0.7878110408782959, 0.7836307287216187, 0.775406002998352, 0.7877791523933411];[0.03890760987997055, 0.028045352548360825, 0.03600860387086868, 0.03495292738080025, 0.042645297944545746, 0.03796254098415375, 0.032409220933914185, 0.03213140740990639, 0.035602692514657974, 0.0319087915122509, 0.030405109748244286, 0.034631453454494476, 0.03905368968844414, 0.037248823791742325, 0.033405572175979614, 0.03909578546881676, 0.03335924819111824, 0.031224509701132774, 0.03419938310980797, 0.03737632930278778, 0.044596366584300995, 0.04254615306854248, 0.040745846927165985, 0.03457914665341377, 0.03598654270172119, 0.042382244020700455, 0.03868802636861801, 0.039226703345775604, 0.036194536834955215, 0.029983622953295708, 0.037567682564258575];[-0.8345641493797302, -0.8104957342147827, -0.829223096370697, -0.8401671051979065, -0.857358992099762, -0.8325936794281006, -0.817661464214325, -0.8215710520744324, -0.8282375931739807, -0.8151710629463196, -0.8112973570823669, -0.8252102136611938, -0.8377467393875122, -0.8287599086761475, -0.8216902017593384, -0.8421141505241394, -0.8228148818016052, -0.8135919570922852, -0.8234216570854187, -0.8317245244979858, -0.8512226343154907, -0.8500875234603882, -0.8418653607368469, -0.826591968536377, -0.8385082483291626, -0.84760582447052, -0.8381567597389221, -0.8437201380729675, -0.8315020799636841, -0.8129458427429199, -0.8336409330368042];[0.4195796847343445, 0.4277743697166443, 0.4396369159221649, 0.42533886432647705, 0.4359055161476135, 0.44179806113243103, 0.423466295003891, 0.41749998927116394, 0.4210003912448883, 0.41491732001304626, 0.4142439365386963, 0.44332513213157654, 0.3952920436859131, 0.4630987346172333, 0.43051835894584656, 0.4073875844478607, 0.4190070927143097, 0.42128559947013855, 0.40033718943595886, 0.4123508334159851, 0.41601431369781494, 0.39926639199256897, 0.4192321300506592, 0.41426923871040344, 0.40278613567352295, 0.39588770270347595, 0.422977089881897, 0.41517090797424316, 0.42321914434432983, 0.39724037051200867];2060.2375178337097
4250;[0.7660307884216309, 0.7674224972724915, 0.770175039768219, 0.7673392295837402, 0.7742329239845276, 0.7607899308204651, 0.773576021194458, 0.7638711929321289, 0.7619374394416809, 0.7661160826683044, 0.7680445313453674, 0.7667626738548279, 0.7722629308700562, 0.7601061463356018, 0.7734629511833191, 0.768021821975708, 0.7683778405189514, 0.7631596922874451, 0.7659863829612732, 0.7610995769500732, 0.7737309336662292, 0.7664566040039062, 0.7702484130859375, 0.7670502662658691, 0.7647936344146729, 0.7679924964904785, 0.7675800323486328, 0.7684165835380554, 0.7625809907913208, 0.7624663710594177, 0.763343870639801];[0.030949516221880913, 0.03250931575894356, 0.03240218386054039, 0.031251151114702225, 0.03328610211610794, 0.024439355358481407, 0.034831736236810684, 0.027955742552876472, 0.026407020166516304, 0.028253965079784393, 0.029486507177352905, 0.027297871187329292, 0.030086029320955276, 0.02204865776002407, 0.029935888946056366, 0.02642906829714775, 0.025677787140011787, 0.024478813633322716, 0.028820086270570755, 0.022624362260103226, 0.032279204577207565, 0.025320617482066154, 0.026903675869107246, 0.02528466284275055, 0.0270996131002903, 0.023715926334261894, 0.02714603953063488, 0.027158748358488083, 0.02546808123588562, 0.023443222045898438, 0.02427239902317524];[-0.8158609867095947, -0.8166186809539795, -0.8232543468475342, -0.8124078512191772, -0.8226228356361389, -0.7981585264205933, -0.8267039656639099, -0.8070993423461914, -0.8023400902748108, -0.8025402426719666, -0.809785008430481, -0.8051114082336426, -0.8106063008308411, -0.7865391969680786, -0.8146193623542786, -0.8029782772064209, -0.8007081151008606, -0.8012693524360657, -0.8068254590034485, -0.7939904928207397, -0.8234400749206543, -0.7988062500953674, -0.809239387512207, -0.7976186275482178, -0.8010628819465637, -0.7955684661865234, -0.8059551119804382, -0.8055235743522644, -0.8013447523117065, -0.7949080467224121, -0.7945484519004822];[0.4404301643371582, 0.43964770436286926, 0.4160879850387573, 0.44005435705184937, 0.3917080760002136, 0.42524537444114685, 0.43773436546325684, 0.4332193434238434, 0.4255926311016083, 0.4240354895591736, 0.43326854705810547, 0.4362694323062897, 0.41148486733436584, 0.4296738803386688, 0.43382373452186584, 0.4203225076198578, 0.420488178730011, 0.43437886238098145, 0.4130097031593323, 0.42746883630752563, 0.4232740104198456, 0.43099716305732727, 0.41828417778015137, 0.42748573422431946, 0.42286163568496704, 0.4166361391544342, 0.42936840653419495, 0.43562084436416626, 0.41987109184265137, 0.4287166893482208];2040.6996655464172
4300;[0.7731620073318481, 0.7672010660171509, 0.7794162631034851, 0.7727112770080566, 0.7736409902572632, 0.7788330316543579, 0.7803961038589478, 0.7748697400093079, 0.781324565410614, 0.7773717641830444, 0.7783704996109009, 0.7767834663391113, 0.7766154408454895, 0.77834552526474, 0.7729878425598145, 0.7772011756896973, 0.7825806140899658, 0.7887109518051147, 0.780046284198761, 0.7809169888496399, 0.7829006910324097, 0.775981068611145, 0.7765471935272217, 0.7774103879928589, 0.7838441133499146, 0.7798827886581421, 0.7857785820960999, 0.7873057723045349, 0.7905521392822266, 0.7818630933761597, 0.7797420024871826];[0.0369359627366066, 0.03210573270916939, 0.04287233203649521, 0.03691106289625168, 0.03704974055290222, 0.038282979279756546, 0.04172677919268608, 0.037124186754226685, 0.0425942987203598, 0.03860023617744446, 0.0414377860724926, 0.03926226869225502, 0.03830493614077568, 0.03822901099920273, 0.037097442895174026, 0.040684815496206284, 0.04458119720220566, 0.04673736169934273, 0.039376433938741684, 0.04039460048079491, 0.040510956197977066, 0.03641922026872635, 0.035097669810056686, 0.039950307458639145, 0.04067062959074974, 0.04027897119522095, 0.041437625885009766, 0.0433020144701004, 0.044742655009031296, 0.037011414766311646, 0.03929011896252632];[-0.8307245969772339, -0.8297887444496155, -0.861220121383667, -0.8282307982444763, -0.8317244052886963, -0.8440476655960083, -0.8452932238578796, -0.8437656760215759, -0.8482895493507385, -0.8425346612930298, -0.842796266078949, -0.8495644330978394, -0.8396978974342346, -0.8414689898490906, -0.8314290046691895, -0.8429163694381714, -0.8549162149429321, -0.8631986379623413, -0.8414779901504517, -0.842761218547821, -0.8463067412376404, -0.8285292983055115, -0.8266381621360779, -0.8412883281707764, -0.8412967920303345, -0.8412128686904907, -0.850567102432251, -0.8622183203697205, -0.8707120418548584, -0.8397091031074524, -0.8388282656669617];[0.44481030106544495, 0.4361199736595154, 0.4402768015861511, 0.4334058463573456, 0.4194242060184479, 0.43362900614738464, 0.4333154261112213, 0.42301034927368164, 0.4272487759590149, 0.42966341972351074, 0.4469367265701294, 0.44033315777778625, 0.43644678592681885, 0.42608320713043213, 0.4271482527256012, 0.42094501852989197, 0.43636396527290344, 0.43193110823631287, 0.4278631806373596, 0.403918981552124, 0.41634902358055115, 0.43556997179985046, 0.43372851610183716, 0.42247799038887024, 0.43753916025161743, 0.4328337013721466, 0.42172813415527344, 0.41857728362083435, 0.42077574133872986, 0.41032108664512634];2056.013657808304
4350;[0.7711126208305359, 0.7741026282310486, 0.7756665945053101, 0.7691199779510498, 0.7703918814659119, 0.7696454524993896, 0.7732632160186768, 0.7717452645301819, 0.7750430703163147, 0.7719937562942505, 0.7766360640525818, 0.7732236385345459, 0.7807024121284485, 0.7745934724807739, 0.7720152735710144, 0.7715073227882385, 0.7742884159088135, 0.767052412033081, 0.7740760445594788, 0.7755813002586365, 0.7756710052490234, 0.7819991111755371, 0.7820276021957397, 0.7780164480209351, 0.7753956317901611, 0.7826775312423706, 0.7753733396530151, 0.7792890071868896, 0.780231237411499, 0.7792948484420776, 0.7810128331184387];[0.03230096027255058, 0.03463302552700043, 0.03796205669641495, 0.03402841463685036, 0.03584487363696098, 0.030557220801711082, 0.033717475831508636, 0.03450232744216919, 0.03470681235194206, 0.033136993646621704, 0.03707212582230568, 0.03547729551792145, 0.04074874147772789, 0.03482510894536972, 0.0337362103164196, 0.03129864111542702, 0.035427678376436234, 0.029939206317067146, 0.034184250980615616, 0.035612281411886215, 0.034379906952381134, 0.037605758756399155, 0.04189343377947807, 0.03534061834216118, 0.032947685569524765, 0.03947393596172333, 0.03213925287127495, 0.03573168069124222, 0.034909866750240326, 0.034579869359731674, 0.034114133566617966];[-0.818899393081665, -0.8261425495147705, -0.8315525054931641, -0.8216038942337036, -0.8305436372756958, -0.8123336434364319, -0.8347292542457581, -0.8257631063461304, -0.8260596394538879, -0.8215430378913879, -0.8333391547203064, -0.8238913416862488, -0.8453519940376282, -0.8260124921798706, -0.8250618577003479, -0.8184322118759155, -0.8295897245407104, -0.8110901117324829, -0.8236347436904907, -0.8272572159767151, -0.8245962858200073, -0.8371505737304688, -0.8457437753677368, -0.829772412776947, -0.8284633159637451, -0.8402981758117676, -0.8194577097892761, -0.8292442560195923, -0.8265406489372253, -0.8255969285964966, -0.8694272637367249];[0.4230111241340637, 0.44511157274246216, 0.43273916840553284, 0.429488867521286, 0.45396971702575684, 0.4433038532733917, 0.4384293556213379, 0.45181983709335327, 0.43158867955207825, 0.4506087899208069, 0.43107151985168457, 0.4208005964756012, 0.41115137934684753, 0.42983633279800415, 0.4250754415988922, 0.4346559941768646, 0.43712085485458374, 0.4253959059715271, 0.435014933347702, 0.42873042821884155, 0.4302509129047394, 0.4152849018573761, 0.414897620677948, 0.433214008808136, 0.41310423612594604, 0.419293612241745, 0.4109705686569214, 0.41268888115882874, 0.4374309480190277, 0.4197087287902832];2055.4264676570892
4400;[0.7702599763870239, 0.7721295952796936, 0.774000883102417, 0.7798032164573669, 0.7784591913223267, 0.7796981930732727, 0.7706957459449768, 0.7773702144622803, 0.7754250764846802, 0.7743580937385559, 0.772627592086792, 0.7871454358100891, 0.7793183326721191, 0.773296058177948, 0.7839950919151306, 0.7808454036712646, 0.7899300456047058, 0.7893441319465637, 0.7813379168510437, 0.7750438451766968, 0.7730406522750854, 0.795387327671051, 0.7779239416122437, 0.7864274978637695, 0.7762554883956909, 0.7887007594108582, 0.778836190700531, 0.784475564956665, 0.7857816815376282, 0.7881060838699341, 0.7837974429130554];[0.03421413153409958, 0.035695821046829224, 0.03773040324449539, 0.0388614684343338, 0.03877445310354233, 0.042437657713890076, 0.03302738815546036, 0.03891492635011673, 0.03682246431708336, 0.037047505378723145, 0.031972430646419525, 0.0423763133585453, 0.03758316859602928, 0.032586097717285156, 0.04035643860697746, 0.03559223562479019, 0.04586987942457199, 0.04238421469926834, 0.03502949699759483, 0.030367713421583176, 0.03034510463476181, 0.04284639656543732, 0.031902965158224106, 0.04192592203617096, 0.03278857469558716, 0.04296623170375824, 0.03437038138508797, 0.039203446358442307, 0.03962661325931549, 0.03776063397526741, 0.03821847215294838];[-0.8220859169960022, -0.8293737173080444, -0.835933268070221, -0.8389898538589478, -0.8407402634620667, -0.8537865281105042, -0.828782320022583, -0.8392425179481506, -0.830804705619812, -0.8269830346107483, -0.8190618753433228, -0.8537584543228149, -0.8315895199775696, -0.817870557308197, -0.8456603288650513, -0.8303645253181458, -0.8764570355415344, -0.8459100127220154, -0.8277223706245422, -0.8136265873908997, -0.8143898248672485, -0.906907320022583, -0.8149607181549072, -0.846299946308136, -0.8197142481803894, -0.8468295931816101, -0.8209162354469299, -0.8426183462142944, -0.8391976952552795, -0.836859941482544, -0.8322768807411194];[0.43358978629112244, 0.42619043588638306, 0.43044692277908325, 0.43284451961517334, 0.4343608021736145, 0.4304240345954895, 0.438154011964798, 0.4559395909309387, 0.4566499590873718, 0.43970921635627747, 0.41485336422920227, 0.4235721826553345, 0.43794575333595276, 0.41038978099823, 0.41196006536483765, 0.41426190733909607, 0.4261172413825989, 0.4184860289096832, 0.42119863629341125, 0.4003133177757263, 0.4061603546142578, 0.4052807688713074, 0.4070732295513153, 0.42815113067626953, 0.40790438652038574, 0.40812256932258606, 0.41576844453811646, 0.40198463201522827, 0.39475110173225403, 0.4193859398365021];2048.9693117141724
4450;[0.773384153842926, 0.7717244625091553, 0.7759891748428345, 0.7823125123977661, 0.7720426321029663, 0.7746334671974182, 0.7737850546836853, 0.7755869030952454, 0.7787282466888428, 0.7762399315834045, 0.7840301394462585, 0.7714400291442871, 0.7686342000961304, 0.7788519859313965, 0.7816347479820251, 0.7723861932754517, 0.770832896232605, 0.7818178534507751, 0.7751727104187012, 0.7754698395729065, 0.7722667455673218, 0.7753196358680725, 0.7838868498802185, 0.7801188826560974, 0.7700067758560181, 0.7828120589256287, 0.7761604189872742, 0.7737748622894287, 0.7859411835670471, 0.7786058187484741, 0.7825601696968079];[0.03670812398195267, 0.03373332694172859, 0.037287548184394836, 0.041788145899772644, 0.0333295539021492, 0.03860215097665787, 0.0355745293200016, 0.03712663799524307, 0.036186497658491135, 0.0353001169860363, 0.043757133185863495, 0.03441733866930008, 0.030882738530635834, 0.03890377655625343, 0.038977447897195816, 0.03106977604329586, 0.03175047039985657, 0.04218336194753647, 0.033785443753004074, 0.03513363003730774, 0.030598919838666916, 0.0337032824754715, 0.037905190140008926, 0.036367688328027725, 0.03023204766213894, 0.03584238514304161, 0.033856526017189026, 0.031486764550209045, 0.03937477245926857, 0.0347580648958683, 0.037703320384025574];[-0.8316198587417603, -0.8206276297569275, -0.8300662636756897, -0.8481786251068115, -0.8227022886276245, -0.8369881510734558, -0.8231961131095886, -0.8323031067848206, -0.8294923305511475, -0.8306769132614136, -0.8513243794441223, -0.8280723690986633, -0.8125072717666626, -0.8416782021522522, -0.8366274833679199, -0.8146143555641174, -0.8156309127807617, -0.8524362444877625, -0.8218706846237183, -0.8267430663108826, -0.8154451847076416, -0.8259361982345581, -0.8397061228752136, -0.8353051543235779, -0.8136435747146606, -0.8355814218521118, -0.8221912980079651, -0.8176379203796387, -0.8430136442184448, -0.8255873322486877, -0.8357918858528137];[0.43171077966690063, 0.4259403944015503, 0.4298602044582367, 0.43023476004600525, 0.42903754115104675, 0.42590081691741943, 0.43118926882743835, 0.41801318526268005, 0.42672133445739746, 0.42971327900886536, 0.40965908765792847, 0.4250083565711975, 0.43001556396484375, 0.4354563057422638, 0.440920352935791, 0.42649081349372864, 0.4269021451473236, 0.42425650358200073, 0.4369574189186096, 0.4361226558685303, 0.4422222077846527, 0.43571168184280396, 0.40821585059165955, 0.4182402491569519, 0.42610156536102295, 0.4371570944786072, 0.4076217710971832, 0.42362499237060547, 0.42341554164886475, 0.42269065976142883];2055.1606125831604
4500;[0.7799035906791687, 0.7803294062614441, 0.7692021727561951, 0.7737806439399719, 0.7760196924209595, 0.7668443918228149, 0.7702686786651611, 0.7739129662513733, 0.7754856944084167, 0.7647194862365723, 0.7833782434463501, 0.7673206329345703, 0.7664987444877625, 0.7728216052055359, 0.776348888874054, 0.7818169593811035, 0.7715684175491333, 0.7745935916900635, 0.7700361609458923, 0.7735717296600342, 0.7696696519851685, 0.7708628177642822, 0.766758918762207, 0.7702147960662842, 0.7757982015609741, 0.7660196423530579, 0.7738906145095825, 0.7655227184295654, 0.7719589471817017, 0.7808488607406616, 0.7633206248283386];[0.04227187857031822, 0.03941728547215462, 0.033956341445446014, 0.03620033338665962, 0.03714243695139885, 0.02925891987979412, 0.030662793666124344, 0.034132033586502075, 0.035979945212602615, 0.02967069484293461, 0.04370415210723877, 0.029852235689759254, 0.02913443185389042, 0.03196311742067337, 0.034483324736356735, 0.03802543506026268, 0.03144822642207146, 0.0330662839114666, 0.027921462431550026, 0.031901828944683075, 0.027887394651770592, 0.03082132339477539, 0.02797498181462288, 0.031457189470529556, 0.03595015034079552, 0.026257067918777466, 0.030634213238954544, 0.024729877710342407, 0.03172294795513153, 0.03972664847970009, 0.02352706715464592];[-0.8445484042167664, -0.8419021964073181, -0.8230577111244202, -0.8305591940879822, -0.8381069898605347, -0.8094921112060547, -0.8155032992362976, -0.8244837522506714, -0.8350216746330261, -0.8112656474113464, -0.8601292967796326, -0.8101595640182495, -0.809528648853302, -0.817531168460846, -0.825684666633606, -0.8430360555648804, -0.8132028579711914, -0.8175854086875916, -0.8064842820167542, -0.8173861503601074, -0.806216299533844, -0.8121896982192993, -0.8064540028572083, -0.8186390399932861, -0.8313986659049988, -0.8045345544815063, -0.8145897388458252, -0.7959345579147339, -0.8155297636985779, -0.8402552008628845, -0.7934569716453552];[0.4468455910682678, 0.43558135628700256, 0.4369673728942871, 0.4340827167034149, 0.43206551671028137, 0.4393020570278168, 0.4332682490348816, 0.449599027633667, 0.42539775371551514, 0.4397827982902527, 0.42707064747810364, 0.4293704032897949, 0.41863101720809937, 0.42150893807411194, 0.41728857159614563, 0.44132310152053833, 0.4675380289554596, 0.42793765664100647, 0.43368613719940186, 0.41993072628974915, 0.4201657176017761, 0.4120590388774872, 0.4013642966747284, 0.44481557607650757, 0.4258172810077667, 0.41966214776039124, 0.4230439364910126, 0.4468396008014679, 0.41758856177330017, 0.4210982322692871];2031.848450422287
4550;[0.77451491355896, 0.7781150937080383, 0.7672775387763977, 0.7747297286987305, 0.7689545750617981, 0.7756686806678772, 0.7761282920837402, 0.7686567306518555, 0.7731664776802063, 0.768280565738678, 0.7684371471405029, 0.7659850120544434, 0.7746676206588745, 0.7668313980102539, 0.7698405981063843, 0.7701455354690552, 0.7752915024757385, 0.7656174898147583, 0.771274209022522, 0.7675701975822449, 0.7752176523208618, 0.7744329571723938, 0.7764512896537781, 0.7774426341056824, 0.7702465653419495, 0.7739362120628357, 0.769188404083252, 0.7680517435073853, 0.7710277438163757, 0.7798371315002441, 0.7775101065635681];[0.03537604957818985, 0.038282591849565506, 0.029265781864523888, 0.03497976437211037, 0.031127016991376877, 0.03604971989989281, 0.03650818020105362, 0.03111312910914421, 0.034583549946546555, 0.030049333348870277, 0.030359946191310883, 0.029582366347312927, 0.03347621485590935, 0.029934603720903397, 0.02902659773826599, 0.0314447395503521, 0.036795321851968765, 0.02920936979353428, 0.03247122839093208, 0.03018546663224697, 0.03455261141061783, 0.03343816474080086, 0.0345475897192955, 0.03702949732542038, 0.029882829636335373, 0.031927768141031265, 0.02671824023127556, 0.029847322031855583, 0.031884606927633286, 0.034130439162254333, 0.03597152605652809];[-0.8261992931365967, -0.8383557796478271, -0.810623288154602, -0.8317350745201111, -0.8120957016944885, -0.8335880041122437, -0.8293616771697998, -0.8165767192840576, -0.8298289775848389, -0.8130003213882446, -0.8128934502601624, -0.8099046349525452, -0.8231209516525269, -0.810452938079834, -0.8115859627723694, -0.8194763660430908, -0.8310781121253967, -0.8075318336486816, -0.8167257308959961, -0.8141217231750488, -0.8279449939727783, -0.8238958716392517, -0.8253774642944336, -0.8337928056716919, -0.8126894235610962, -0.8196552991867065, -0.8045228719711304, -0.812144935131073, -0.813758909702301, -0.8236377239227295, -0.8331603407859802];[0.42387455701828003, 0.43470194935798645, 0.4381234347820282, 0.43074163794517517, 0.4471062123775482, 0.432658314704895, 0.43679842352867126, 0.4316940903663635, 0.430401474237442, 0.4303821921348572, 0.4300961494445801, 0.4369077682495117, 0.4492603540420532, 0.43154844641685486, 0.4422416090965271, 0.44377392530441284, 0.4452206492424011, 0.43278011679649353, 0.4241504967212677, 0.4353240728378296, 0.43219825625419617, 0.4477776288986206, 0.42837125062942505, 0.43684107065200806, 0.4205673933029175, 0.4327501952648163, 0.42915078997612, 0.4352644085884094, 0.4357205629348755, 0.4377225637435913];2027.465327501297
4600;[0.7703679800033569, 0.779839277267456, 0.7783758640289307, 0.7722440958023071, 0.7819164991378784, 0.7787863612174988, 0.7783274054527283, 0.7770335674285889, 0.7819514870643616, 0.781870424747467, 0.7830701470375061, 0.7708094716072083, 0.7891294956207275, 0.7747341394424438, 0.7759779095649719, 0.7897431254386902, 0.7755694389343262, 0.7793030738830566, 0.7804353833198547, 0.7848705053329468, 0.7841203212738037, 0.7772553563117981, 0.7861948013305664, 0.7932699918746948, 0.7873213887214661, 0.7865641117095947, 0.7949014902114868, 0.7795289158821106, 0.7964185476303101, 0.7909267544746399, 0.7987669706344604];[0.032315317541360855, 0.04361662641167641, 0.041066717356443405, 0.03558573126792908, 0.04136531427502632, 0.03877450153231621, 0.03769092261791229, 0.03800852224230766, 0.038900863379240036, 0.039831146597862244, 0.03936668857932091, 0.03405917063355446, 0.04718005657196045, 0.0361616387963295, 0.0348760224878788, 0.04765896871685982, 0.037206511944532394, 0.04045603424310684, 0.03818618878722191, 0.043368708342313766, 0.040589358657598495, 0.03618020564317703, 0.04237613081932068, 0.05137452855706215, 0.04252617433667183, 0.04460059106349945, 0.04619248956441879, 0.03771909698843956, 0.047906339168548584, 0.047373268753290176, 0.04960056021809578];[-0.8186097741127014, -0.8508487343788147, -0.8437188863754272, -0.8267170190811157, -0.8453412055969238, -0.8433008193969727, -0.8368476629257202, -0.8360622525215149, -0.8364415168762207, -0.8431901931762695, -0.8381300568580627, -0.8238024711608887, -0.8605501651763916, -0.8267483115196228, -0.8232312798500061, -0.8653921484947205, -0.8303561806678772, -0.8412894606590271, -0.8365917801856995, -0.8503139615058899, -0.8481870293617249, -0.8280775547027588, -0.8499937057495117, -0.8813190460205078, -0.8550551533699036, -0.8528661131858826, -0.8666762709617615, -0.8336389064788818, -0.8627945184707642, -0.857791543006897, -0.8711987137794495];[0.43364378809928894, 0.44289135932922363, 0.43636444211006165, 0.46028807759284973, 0.44069603085517883, 0.4212285578250885, 0.4320727586746216, 0.4276302754878998, 0.4413205087184906, 0.42214715480804443, 0.4255017638206482, 0.430433452129364, 0.43237635493278503, 0.4277414083480835, 0.4354906380176544, 0.43273940682411194, 0.42497286200523376, 0.4330124855041504, 0.4105616807937622, 0.4371822774410248, 0.4189772605895996, 0.4098772406578064, 0.41785523295402527, 0.4014650285243988, 0.4282950162887573, 0.40278321504592896, 0.41476118564605713, 0.4167915880680084, 0.3977315127849579, 0.4055589735507965];2014.6489074230194
4650;[0.7690682411193848, 0.7741661667823792, 0.7715837359428406, 0.7724784016609192, 0.7827215790748596, 0.78075110912323, 0.7778447270393372, 0.7773932814598083, 0.7841153740882874, 0.7789500951766968, 0.7783699631690979, 0.7805203199386597, 0.7685047388076782, 0.7736297249794006, 0.7702481746673584, 0.7756325602531433, 0.776972234249115, 0.7713518738746643, 0.770326554775238, 0.7817734479904175, 0.774006724357605, 0.7824168801307678, 0.7759585380554199, 0.7723718881607056, 0.7779672145843506, 0.7790035605430603, 0.7729378938674927, 0.7715556621551514, 0.7788929343223572, 0.7747924327850342, 0.7833333015441895];[0.03358170762658119, 0.03797175735235214, 0.03490427881479263, 0.036309778690338135, 0.044124435633420944, 0.04215171933174133, 0.037072472274303436, 0.04103407263755798, 0.04132281243801117, 0.04114150255918503, 0.040565215051174164, 0.04043743014335632, 0.03243386372923851, 0.03624935448169708, 0.02948012575507164, 0.03199315071105957, 0.03487832471728325, 0.03270450606942177, 0.031857430934906006, 0.04156256467103958, 0.03327072411775589, 0.03700929135084152, 0.03467748314142227, 0.03250151127576828, 0.035660579800605774, 0.03674401342868805, 0.030568808317184448, 0.03131208196282387, 0.03699066862463951, 0.029753070324659348, 0.038536179810762405];[-0.8208686709403992, -0.8319692015647888, -0.8379973769187927, -0.8326347470283508, -0.8562691807746887, -0.8577373623847961, -0.8331603407859802, -0.8524953126907349, -0.8557680249214172, -0.8439704179763794, -0.8407690525054932, -0.8420456647872925, -0.8206284046173096, -0.8274312019348145, -0.8111705183982849, -0.823222279548645, -0.8263643980026245, -0.819256603717804, -0.8166079521179199, -0.8458126187324524, -0.826423704624176, -0.8344910740852356, -0.8235582113265991, -0.8240725994110107, -0.8341537117958069, -0.8344132304191589, -0.8235504031181335, -0.8143321871757507, -0.8373567461967468, -0.8139277696609497, -0.8385382890701294];[0.4414600729942322, 0.4397481083869934, 0.42387446761131287, 0.44458329677581787, 0.47408246994018555, 0.4571290910243988, 0.43466904759407043, 0.435702919960022, 0.41586875915527344, 0.4174019396305084, 0.42858031392097473, 0.4361826181411743, 0.42565077543258667, 0.43162572383880615, 0.42102572321891785, 0.4242517054080963, 0.4235769510269165, 0.41487276554107666, 0.4304827153682709, 0.4220839738845825, 0.4295366108417511, 0.4056515693664551, 0.4218381941318512, 0.4274049699306488, 0.419527143239975, 0.4393473267555237, 0.40680384635925293, 0.4158075153827667, 0.4295751452445984, 0.4180215895175934];2012.9663128852844
4700;[0.7789782881736755, 0.7706422209739685, 0.7609688639640808, 0.7779347896575928, 0.7760987281799316, 0.7720518708229065, 0.7733123302459717, 0.782241702079773, 0.7866775989532471, 0.7778818607330322, 0.7779011130332947, 0.7868996858596802, 0.7891472578048706, 0.7789201736450195, 0.7851718068122864, 0.7891644835472107, 0.7897952198982239, 0.7825969457626343, 0.7838205099105835, 0.7932323217391968, 0.7911887764930725, 0.7909565567970276, 0.7893127799034119, 0.801784873008728, 0.796668291091919, 0.8010748624801636, 0.8017998337745667, 0.8013480305671692, 0.7881070375442505, 0.7889952659606934, 0.793174684047699];[0.039683349430561066, 0.03402421250939369, 0.027197226881980896, 0.03886169567704201, 0.03574781119823456, 0.03372222185134888, 0.03575759381055832, 0.04111466184258461, 0.04409390315413475, 0.03719763085246086, 0.04235916584730148, 0.044236112385988235, 0.045823220163583755, 0.04058258980512619, 0.04059607535600662, 0.04269227758049965, 0.046035729348659515, 0.03870768845081329, 0.04149710759520531, 0.04625510796904564, 0.04586124047636986, 0.04335986450314522, 0.04376143589615822, 0.050933342427015305, 0.04771222546696663, 0.05348905920982361, 0.05150320380926132, 0.05436846241354942, 0.03954390436410904, 0.04515564814209938, 0.04710235074162483];[-0.8379944562911987, -0.8250693082809448, -0.8013104796409607, -0.8337230682373047, -0.8298845291137695, -0.8206676244735718, -0.8289433717727661, -0.8419016003608704, -0.85154789686203, -0.8357715606689453, -0.8489214181900024, -0.8641334176063538, -0.8649244904518127, -0.8401676416397095, -0.8426734805107117, -0.8477609753608704, -0.8605133295059204, -0.8398842811584473, -0.8430119752883911, -0.8576869964599609, -0.8556132912635803, -0.8505498766899109, -0.8511760234832764, -0.8691664934158325, -0.862851619720459, -0.8835731744766235, -0.8856924772262573, -0.884771466255188, -0.8395346999168396, -0.8560900688171387, -0.863136351108551];[0.4151325225830078, 0.4360596239566803, 0.42381542921066284, 0.43540775775909424, 0.4357101023197174, 0.4164820909500122, 0.42784979939460754, 0.43295854330062866, 0.43428853154182434, 0.4283728003501892, 0.42587533593177795, 0.4284296929836273, 0.4262019395828247, 0.4290265142917633, 0.4233381748199463, 0.4128496050834656, 0.4055202007293701, 0.4034651219844818, 0.3997049331665039, 0.3977424204349518, 0.4197094142436981, 0.4210704565048218, 0.4251117706298828, 0.4015096127986908, 0.40161383152008057, 0.40371939539909363, 0.4002106487751007, 0.40857937932014465, 0.4077921211719513, 0.39944708347320557];1993.521178483963
4750;[0.7794287800788879, 0.772483766078949, 0.7721108198165894, 0.781257688999176, 0.7725426554679871, 0.7775565385818481, 0.7849019765853882, 0.7841405272483826, 0.7777429819107056, 0.7868281006813049, 0.7816404104232788, 0.774385392665863, 0.7749679088592529, 0.777644157409668, 0.7744811773300171, 0.7809317708015442, 0.78101646900177, 0.7779173254966736, 0.7751222848892212, 0.7712655663490295, 0.7778654098510742, 0.7761801481246948, 0.7783275842666626, 0.7810379862785339, 0.7828298211097717, 0.7885434627532959, 0.7837098240852356, 0.7775304317474365, 0.7769930362701416, 0.7876059412956238, 0.7847777605056763];[0.041733283549547195, 0.035620030015707016, 0.0335434228181839, 0.039368730038404465, 0.03412780910730362, 0.03889908641576767, 0.042985085397958755, 0.04274098947644234, 0.037635840475559235, 0.04073837399482727, 0.036626581102609634, 0.032066553831100464, 0.0330931730568409, 0.03523874282836914, 0.03160439059138298, 0.03546055406332016, 0.035543132573366165, 0.03267335146665573, 0.03287726640701294, 0.028067810460925102, 0.031299836933612823, 0.028962453827261925, 0.03016231581568718, 0.03401028364896774, 0.03669071942567825, 0.0369705930352211, 0.03388558328151703, 0.03169495239853859, 0.028522899374365807, 0.03649664297699928, 0.03421879559755325];[-0.8518840670585632, -0.8327327966690063, -0.8234646320343018, -0.8409191370010376, -0.8270114660263062, -0.8357999324798584, -0.8513671159744263, -0.8502722382545471, -0.8328499794006348, -0.8460904359817505, -0.8318701386451721, -0.8208320736885071, -0.8183152079582214, -0.8257440328598022, -0.8161202669143677, -0.8276077508926392, -0.8256611227989197, -0.8209582567214966, -0.8202674388885498, -0.8088782429695129, -0.8148818612098694, -0.8097736835479736, -0.8126197457313538, -0.8267472982406616, -0.8326210379600525, -0.8354223966598511, -0.8295193910598755, -0.8191627860069275, -0.8107531070709229, -0.8320794701576233, -0.8240390419960022];[0.4377584457397461, 0.432323694229126, 0.4256894588470459, 0.413652241230011, 0.430174857378006, 0.4174284040927887, 0.4176234304904938, 0.4160996973514557, 0.4385717213153839, 0.40579894185066223, 0.42960086464881897, 0.4358949363231659, 0.44756102561950684, 0.41336488723754883, 0.4221171736717224, 0.4164218306541443, 0.40242862701416016, 0.40465879440307617, 0.40324637293815613, 0.4152044355869293, 0.4141474962234497, 0.4208369553089142, 0.4072904884815216, 0.43098026514053345, 0.40425771474838257, 0.41701751947402954, 0.4193122982978821, 0.399154931306839, 0.4046998620033264, 0.40668433904647827];2001.8141338825226
4800;[0.7742926478385925, 0.7670151591300964, 0.7735670804977417, 0.7675526738166809, 0.7722490429878235, 0.7730857133865356, 0.7619205713272095, 0.770002007484436, 0.772275447845459, 0.7733023762702942, 0.7770825624465942, 0.7655420303344727, 0.7650034427642822, 0.7687276005744934, 0.7682170867919922, 0.7690356373786926, 0.7663634419441223, 0.7779216766357422, 0.7795480489730835, 0.767092764377594, 0.7684592604637146, 0.780100405216217, 0.7694637179374695, 0.7757558226585388, 0.7740602493286133, 0.7675055861473083, 0.775738000869751, 0.7740979790687561, 0.7807909250259399, 0.7739191055297852, 0.7752149105072021];[0.03619750961661339, 0.032427843660116196, 0.03582203760743141, 0.031131384894251823, 0.03325130417943001, 0.03432485833764076, 0.025257449597120285, 0.03154843673110008, 0.0342400036752224, 0.032064590603113174, 0.03489300236105919, 0.025982165709137917, 0.027442771941423416, 0.02929059974849224, 0.029469981789588928, 0.028672626242041588, 0.02974889799952507, 0.033005692064762115, 0.03398020565509796, 0.024259598925709724, 0.027245573699474335, 0.035408876836299896, 0.025341026484966278, 0.03193575516343117, 0.02730380743741989, 0.025386884808540344, 0.029629459604620934, 0.029514087364077568, 0.035285286605358124, 0.02965187467634678, 0.0296409260481596];[-0.8328568935394287, -0.829547107219696, -0.827627420425415, -0.820798397064209, -0.8240254521369934, -0.8244718313217163, -0.798151433467865, -0.8179983496665955, -0.8233303427696228, -0.8181867003440857, -0.8330891728401184, -0.8012831211090088, -0.8060425519943237, -0.809433102607727, -0.8129960894584656, -0.8186307549476624, -0.8115964531898499, -0.8180428147315979, -0.8264052867889404, -0.7970191836357117, -0.8028143644332886, -0.8265795707702637, -0.8095705509185791, -0.8196939826011658, -0.8091686964035034, -0.7994367480278015, -0.8161585330963135, -0.8087613582611084, -0.8250671625137329, -0.8133041262626648, -0.8124620318412781];[0.42471617460250854, 0.4403975009918213, 0.45726263523101807, 0.4513852894306183, 0.42468324303627014, 0.42019927501678467, 0.42444175481796265, 0.45388004183769226, 0.43152979016304016, 0.42398712038993835, 0.43484780192375183, 0.4285268485546112, 0.45194756984710693, 0.41156885027885437, 0.4269780218601227, 0.42107635736465454, 0.419308602809906, 0.4277864396572113, 0.4543685019016266, 0.42250919342041016, 0.4338628947734833, 0.45568612217903137, 0.40240710973739624, 0.42482703924179077, 0.41629648208618164, 0.4271205961704254, 0.4367024302482605, 0.44414129853248596, 0.40870293974876404, 0.38997799158096313];1995.7515363693237
4850;[0.7771209478378296, 0.7746987342834473, 0.7735412120819092, 0.7812374234199524, 0.7742637395858765, 0.7884376645088196, 0.7782293558120728, 0.7831648588180542, 0.7938984036445618, 0.7763698101043701, 0.7752596139907837, 0.7838606834411621, 0.7698609828948975, 0.7789203524589539, 0.7916915416717529, 0.785663902759552, 0.7938622832298279, 0.7841411232948303, 0.7885084748268127, 0.7885916829109192, 0.7912480235099792, 0.7908463478088379, 0.7884203195571899, 0.7805711030960083, 0.7927834987640381, 0.7943530678749084, 0.7986154556274414, 0.7852464318275452, 0.7879363894462585, 0.7940100431442261, 0.79086834192276];[0.03999890014529228, 0.03751099109649658, 0.0330929197371006, 0.0412101075053215, 0.03243936225771904, 0.04554443433880806, 0.03664984181523323, 0.03966797515749931, 0.04967239126563072, 0.03581913933157921, 0.03206464275717735, 0.0411321185529232, 0.03120049275457859, 0.037284091114997864, 0.04592656344175339, 0.04163147136569023, 0.04563969001173973, 0.042613741010427475, 0.042392779141664505, 0.044818513095378876, 0.045856621116399765, 0.04421999305486679, 0.04382169246673584, 0.03786652907729149, 0.04673944041132927, 0.04584728926420212, 0.05010170489549637, 0.04012122377753258, 0.039562761783599854, 0.047207679599523544, 0.04570404440164566];[-0.8417781591415405, -0.8322417140007019, -0.8249632120132446, -0.8711723685264587, -0.8168898224830627, -0.8562386631965637, -0.8315954804420471, -0.8420883417129517, -0.8765426278114319, -0.827865719795227, -0.8200015425682068, -0.8471648097038269, -0.8140847086906433, -0.8307097554206848, -0.8610599637031555, -0.8443400859832764, -0.8744024038314819, -0.8465341925621033, -0.8449958562850952, -0.8537391424179077, -0.8595948219299316, -0.858115553855896, -0.8507159352302551, -0.8345651626586914, -0.8583575487136841, -0.859697163105011, -0.8771692514419556, -0.8414278626441956, -0.8399776220321655, -0.8643495440483093, -0.8561066389083862];[0.43688255548477173, 0.42493736743927, 0.4382157325744629, 0.43466851115226746, 0.4193430542945862, 0.4232836365699768, 0.4109564423561096, 0.42236068844795227, 0.41210997104644775, 0.4233085513114929, 0.4113222658634186, 0.4455764591693878, 0.4129558503627777, 0.4109155237674713, 0.40675118565559387, 0.4248121678829193, 0.4140816330909729, 0.40576598048210144, 0.4115222096443176, 0.422975093126297, 0.4143626093864441, 0.4144510328769684, 0.40839993953704834, 0.4105919301509857, 0.4175659716129303, 0.42224425077438354, 0.41131019592285156, 0.4215432107448578, 0.41791772842407227, 0.4001182019710541];1985.8641548156738
4900;[0.7751725316047668, 0.769804060459137, 0.7713044285774231, 0.777371883392334, 0.7770682573318481, 0.7758303880691528, 0.7761168479919434, 0.7662562131881714, 0.7800571322441101, 0.7816238403320312, 0.7700145840644836, 0.7887994050979614, 0.7755523324012756, 0.7791618704795837, 0.7748941779136658, 0.7768799066543579, 0.7794975638389587, 0.7740992903709412, 0.7752478122711182, 0.7774282097816467, 0.7826988697052002, 0.7757313847541809, 0.7770329117774963, 0.7874671220779419, 0.7701809406280518, 0.7822921276092529, 0.777351975440979, 0.775261640548706, 0.7820188999176025, 0.7853115200996399, 0.772269606590271];[0.03560052067041397, 0.03440398722887039, 0.03562324494123459, 0.040181271731853485, 0.03605413809418678, 0.034511860460042953, 0.03611123561859131, 0.029071684926748276, 0.037482138723134995, 0.0370163731276989, 0.030359137803316116, 0.04337524250149727, 0.034084245562553406, 0.035163622349500656, 0.03134456276893616, 0.03412652388215065, 0.03563905134797096, 0.03224203363060951, 0.03263798728585243, 0.03627482056617737, 0.039497386664152145, 0.03352908790111542, 0.03373749554157257, 0.04131308197975159, 0.03048175573348999, 0.0395258329808712, 0.031215595081448555, 0.03433911129832268, 0.03607822209596634, 0.03839041292667389, 0.03009757585823536];[-0.8262383341789246, -0.8224392533302307, -0.8278473615646362, -0.8414332270622253, -0.8345372080802917, -0.8229081034660339, -0.8303685188293457, -0.8095023036003113, -0.8436701893806458, -0.8328965306282043, -0.8137940764427185, -0.8585694432258606, -0.8266651630401611, -0.8304933309555054, -0.8188799023628235, -0.825201153755188, -0.8273712992668152, -0.8188099265098572, -0.8202465176582336, -0.831313967704773, -0.8392720222473145, -0.8278753757476807, -0.8266103267669678, -0.8470572233200073, -0.8152582049369812, -0.8417529463768005, -0.816965639591217, -0.8232854604721069, -0.837075412273407, -0.8429363369941711, -0.8127710819244385];[0.44518712162971497, 0.45308253169059753, 0.43009984493255615, 0.4356711804866791, 0.4559304118156433, 0.43143853545188904, 0.4320840835571289, 0.4416506290435791, 0.4630635678768158, 0.431275874376297, 0.40916863083839417, 0.41824111342430115, 0.40399712324142456, 0.4165979027748108, 0.4200981855392456, 0.40357598662376404, 0.42589399218559265, 0.4038582742214203, 0.40953707695007324, 0.414447158575058, 0.419354110956192, 0.43435364961624146, 0.4287448227405548, 0.44201552867889404, 0.4252568781375885, 0.4049387574195862, 0.40969985723495483, 0.4322606325149536, 0.4327927827835083, 0.41197264194488525];1995.2640137672424
4950;[0.7709441184997559, 0.7780666351318359, 0.776126503944397, 0.7760583162307739, 0.7893984317779541, 0.7769286036491394, 0.7768447399139404, 0.7778074145317078, 0.7727894186973572, 0.7816001176834106, 0.7821542024612427, 0.7798762917518616, 0.7864637970924377, 0.7821276783943176, 0.7840498089790344, 0.7833845019340515, 0.7733520865440369, 0.7790483236312866, 0.7822025418281555, 0.7793397307395935, 0.7917238473892212, 0.7851879596710205, 0.7812352180480957, 0.7852071523666382, 0.780978798866272, 0.7719048857688904, 0.775367796421051, 0.778074324131012, 0.7823629379272461, 0.7890528440475464, 0.7825204133987427];[0.03529605641961098, 0.038178905844688416, 0.03713412582874298, 0.03589564934372902, 0.0478375144302845, 0.03539562225341797, 0.03535772114992142, 0.035431619733572006, 0.031116029247641563, 0.0377933569252491, 0.036801956593990326, 0.03744370490312576, 0.03927179053425789, 0.03623318299651146, 0.03734748810529709, 0.034177374094724655, 0.026319995522499084, 0.03374769538640976, 0.03342442959547043, 0.03237772732973099, 0.040289826691150665, 0.0389874204993248, 0.03345232456922531, 0.03946536034345627, 0.03370779752731323, 0.027263721451163292, 0.029794130474328995, 0.03234005346894264, 0.03570933640003204, 0.04048122465610504, 0.0334700271487236];[-0.829927384853363, -0.8359641432762146, -0.8322553634643555, -0.8260909914970398, -0.8658130168914795, -0.8331524133682251, -0.829027533531189, -0.8291308879852295, -0.812437117099762, -0.8387582898139954, -0.8299163579940796, -0.8432886004447937, -0.850370466709137, -0.826826274394989, -0.8359948992729187, -0.8271331191062927, -0.8046466112136841, -0.8219102621078491, -0.8199480772018433, -0.8172045946121216, -0.8479897975921631, -0.835204541683197, -0.8222172260284424, -0.8393368721008301, -0.8295392394065857, -0.8038778901100159, -0.8117254376411438, -0.8195971250534058, -0.8259457349777222, -0.8449276685714722, -0.8197168111801147];[0.4287530779838562, 0.4377535283565521, 0.4293776750564575, 0.4271373152732849, 0.4293219745159149, 0.4278509318828583, 0.4316233992576599, 0.4310373067855835, 0.42544639110565186, 0.44258397817611694, 0.4379860758781433, 0.4131377041339874, 0.41915449500083923, 0.41174209117889404, 0.4293980002403259, 0.43929412961006165, 0.4130963981151581, 0.4395988881587982, 0.41149070858955383, 0.44947320222854614, 0.44234412908554077, 0.419742614030838, 0.417797714471817, 0.4086388349533081, 0.4123569428920746, 0.41841480135917664, 0.4085499048233032, 0.3984171152114868, 0.4118180572986603, 0.41916581988334656];1997.542181968689
5000;[0.773542046546936, 0.7685247659683228, 0.7743605971336365, 0.7797079682350159, 0.778741717338562, 0.7814077138900757, 0.7772362232208252, 0.7747525572776794, 0.7778377532958984, 0.7786486744880676, 0.7741086483001709, 0.7802027463912964, 0.7807780504226685, 0.7807497978210449, 0.7777917385101318, 0.7763522863388062, 0.7727211117744446, 0.77977055311203, 0.7851412892341614, 0.7747920751571655, 0.7733797430992126, 0.7726293206214905, 0.7761550545692444, 0.7767967581748962, 0.7913071513175964, 0.7775581479072571, 0.7757900953292847, 0.7750596404075623, 0.777758002281189, 0.7896398901939392, 0.7900126576423645];[0.03643457964062691, 0.03265569731593132, 0.0371752604842186, 0.03809141367673874, 0.03675414249300957, 0.041144561022520065, 0.03685394302010536, 0.03477896377444267, 0.04039064422249794, 0.037844493985176086, 0.03452806547284126, 0.03756159171462059, 0.03887302801012993, 0.037273116409778595, 0.038658369332551956, 0.03547653555870056, 0.03137124702334404, 0.03873792663216591, 0.04138990119099617, 0.03473784774541855, 0.033048346638679504, 0.030333494767546654, 0.032490238547325134, 0.03558433800935745, 0.043376609683036804, 0.031854305416345596, 0.032442882657051086, 0.03269796818494797, 0.033844269812107086, 0.0429484024643898, 0.04588383808732033];[-0.8297635316848755, -0.8177453875541687, -0.8312993049621582, -0.8347046375274658, -0.833365797996521, -0.8462210893630981, -0.8469354510307312, -0.825217604637146, -0.8383843302726746, -0.8577654957771301, -0.8265324831008911, -0.8348990678787231, -0.8408771753311157, -0.8302843570709229, -0.8344334959983826, -0.8255050182342529, -0.8119469285011292, -0.8363081216812134, -0.8460716605186462, -0.825683057308197, -0.8201867938041687, -0.8120412230491638, -0.818937361240387, -0.8251919746398926, -0.8539159297943115, -0.8212953209877014, -0.83403480052948, -0.8197739124298096, -0.8196655511856079, -0.870391845703125, -0.8583219647407532];[0.42446836829185486, 0.44179394841194153, 0.4318273067474365, 0.43218672275543213, 0.41588619351387024, 0.44625982642173767, 0.42247408628463745, 0.3982342779636383, 0.4318525493144989, 0.4388076066970825, 0.46034902334213257, 0.42774447798728943, 0.42448970675468445, 0.421023428440094, 0.42290887236595154, 0.4016914665699005, 0.4238280653953552, 0.4227065443992615, 0.42043158411979675, 0.44712743163108826, 0.43365323543548584, 0.4312748610973358, 0.4271235764026642, 0.4248062074184418, 0.4277700185775757, 0.4174146354198456, 0.4788439869880676, 0.43048515915870667, 0.416350781917572, 0.4491672217845917];1992.6321423053741
