Seed;RMSE History;MMD History;Log-Likelihood History;Max EIG History;Deployment Time
50;[1.1691153049468994, 1.1702513694763184, 1.1645125150680542, 1.1616746187210083, 1.16354238986969, 1.162904977798462, 1.163002610206604, 1.1622759103775024, 1.1660038232803345, 1.1616219282150269, 1.1576178073883057, 1.1558740139007568, 1.1601310968399048, 1.1620714664459229, 1.1587508916854858, 1.1597427129745483, 1.1651352643966675, 1.1694730520248413, 1.163769245147705, 1.168651819229126, 1.162602424621582, 1.1685746908187866, 1.1625629663467407, 1.1646184921264648, 1.1605737209320068, 1.1638606786727905, 1.1636594533920288, 1.166037917137146, 1.1702030897140503, 1.1656370162963867, 1.1644657850265503];[0.09585244953632355, 0.09674306213855743, 0.09264744818210602, 0.09258200228214264, 0.09442973881959915, 0.09257683157920837, 0.09226378053426743, 0.09173302352428436, 0.09387829899787903, 0.09025029093027115, 0.08902063220739365, 0.08815525472164154, 0.08988058567047119, 0.0891822800040245, 0.0873749703168869, 0.09118586033582687, 0.09112938493490219, 0.09346234053373337, 0.09036349505186081, 0.091075599193573, 0.09005192667245865, 0.09106750786304474, 0.0917111411690712, 0.0902533084154129, 0.0867127850651741, 0.08989469707012177, 0.09251755475997925, 0.0882200300693512, 0.09286697953939438, 0.09216159582138062, 0.08730220794677734];[-2.1586570739746094, -2.164936065673828, -2.135483980178833, -2.129586935043335, -2.1493451595306396, -2.128823757171631, -2.113145112991333, -2.119114398956299, -2.1318864822387695, -2.110488176345825, -2.1093785762786865, -2.1024186611175537, -2.1099977493286133, -2.101165294647217, -2.088632583618164, -2.1205499172210693, -2.1262032985687256, -2.1239798069000244, -2.1100029945373535, -2.109816312789917, -2.1009790897369385, -2.1167285442352295, -2.1013309955596924, -2.0958621501922607, -2.080760955810547, -2.094268560409546, -2.1174347400665283, -2.095297336578369, -2.109988212585449, -2.115834951400757, -2.083922863006592];[0.4498543441295624, 0.4103313088417053, 0.4355003833770752, 0.4291001558303833, 0.4462345838546753, 0.42809638381004333, 0.4320327043533325, 0.423096239566803, 0.44141778349876404, 0.4205528199672699, 0.4387620687484741, 0.3934742510318756, 0.42538735270500183, 0.43221810460090637, 0.4467063546180725, 0.41110479831695557, 0.4210257828235626, 0.4451712965965271, 0.4337109327316284, 0.4244820773601532, 0.42885953187942505, 0.4407002031803131, 0.42884960770606995, 0.42379555106163025, 0.4258788526058197, 0.4243846535682678, 0.42041367292404175, 0.4148419499397278, 0.41933876276016235, 0.44728848338127136];1967.1526365280151
50;[1.6182197332382202, 1.6185258626937866, 1.614184856414795, 1.6126879453659058, 1.6139451265335083, 1.6140028238296509, 1.6127766370773315, 1.6133989095687866, 1.6162550449371338, 1.610839605331421, 1.609513282775879, 1.60731840133667, 1.6115549802780151, 1.6124788522720337, 1.610245704650879, 1.6110129356384277, 1.6158090829849243, 1.6187949180603027, 1.6135047674179077, 1.6183737516403198, 1.6125671863555908, 1.619318962097168, 1.6125901937484741, 1.6138836145401, 1.6111842393875122, 1.6142381429672241, 1.6138150691986084, 1.6169633865356445, 1.6198773384094238, 1.616537094116211, 1.6139369010925293];[0.1960361897945404, 0.19712859392166138, 0.19445398449897766, 0.19539698958396912, 0.19615696370601654, 0.1953282356262207, 0.19451849162578583, 0.19451874494552612, 0.19560885429382324, 0.19236452877521515, 0.1936054527759552, 0.19279621541500092, 0.19340527057647705, 0.19210855662822723, 0.19183014333248138, 0.1949644833803177, 0.19388064742088318, 0.19482432305812836, 0.19230462610721588, 0.19273528456687927, 0.19310328364372253, 0.1932106763124466, 0.19528235495090485, 0.19296523928642273, 0.1904967874288559, 0.19258446991443634, 0.1953408420085907, 0.19156837463378906, 0.1952267736196518, 0.19563183188438416, 0.18964935839176178];[-4.32171106338501, -4.319447040557861, -4.294129848480225, -4.288815975189209, -4.320927619934082, -4.286834239959717, -4.243284702301025, -4.264118194580078, -4.284841537475586, -4.24758768081665, -4.270370006561279, -4.26160192489624, -4.2598161697387695, -4.237065315246582, -4.222801685333252, -4.279091835021973, -4.277838706970215, -4.257602214813232, -4.250007152557373, -4.239601135253906, -4.23773193359375, -4.259722709655762, -4.23462438583374, -4.222921848297119, -4.210498809814453, -4.2221150398254395, -4.270429611206055, -4.225306510925293, -4.237962245941162, -4.260532855987549, -4.193268775939941];[0.4498543441295624, 0.4486774504184723, 0.4254615604877472, 0.4281471073627472, 0.4482558071613312, 0.430355042219162, 0.43911147117614746, 0.43250772356987, 0.4453965425491333, 0.42900702357292175, 0.42810073494911194, 0.42947420477867126, 0.4301455020904541, 0.41599002480506897, 0.4305053651332855, 0.4509181082248688, 0.4290035665035248, 0.4303768575191498, 0.4308067858219147, 0.430798202753067, 0.4311772882938385, 0.4383023977279663, 0.42997124791145325, 0.4283260107040405, 0.41126397252082825, 0.43673819303512573, 0.41661444306373596, 0.4135596752166748, 0.424150675535202, 0.4316647946834564];1981.444411277771
100;[1.1636465787887573, 1.1602269411087036, 1.163750171661377, 1.160749912261963, 1.1625458002090454, 1.1657869815826416, 1.1634690761566162, 1.1642485857009888, 1.1646788120269775, 1.1620105504989624, 1.1694161891937256, 1.1648223400115967, 1.1681334972381592, 1.1656538248062134, 1.1653053760528564, 1.1720361709594727, 1.166633129119873, 1.1667823791503906, 1.164720892906189, 1.16257905960083, 1.1642968654632568, 1.1710044145584106, 1.1654597520828247, 1.173566460609436, 1.1662752628326416, 1.1700026988983154, 1.1707825660705566, 1.169350028038025, 1.1736596822738647, 1.1736927032470703, 1.1675482988357544];[0.09291034936904907, 0.09247283637523651, 0.09287891536951065, 0.0947304293513298, 0.0942763090133667, 0.09427166730165482, 0.09119307994842529, 0.09085303544998169, 0.09126311540603638, 0.09220271557569504, 0.09263212233781815, 0.08881587535142899, 0.09038874506950378, 0.09162310510873795, 0.09028193354606628, 0.09474749118089676, 0.0907982885837555, 0.08973795920610428, 0.08937609940767288, 0.09249730408191681, 0.08935851603746414, 0.09055054932832718, 0.0896303653717041, 0.092986561357975, 0.09149208664894104, 0.09052332490682602, 0.09048199653625488, 0.09327201545238495, 0.09177655726671219, 0.09368836879730225, 0.09069401770830154];[-2.136005401611328, -2.128922462463379, -2.137943744659424, -2.1364760398864746, -2.1521730422973633, -2.145949125289917, -2.121633768081665, -2.104656219482422, -2.1155478954315186, -2.124624013900757, -2.138249158859253, -2.107605457305908, -2.1171889305114746, -2.1153604984283447, -2.0977072715759277, -2.1297192573547363, -2.114600658416748, -2.107132911682129, -2.1037540435791016, -2.114090919494629, -2.0978572368621826, -2.094318151473999, -2.104722023010254, -2.2139077186584473, -2.112323760986328, -2.1069648265838623, -2.092416286468506, -2.113816738128662, -2.1045076847076416, -2.1113555431365967, -2.106240749359131];[0.43560758233070374, 0.4430678188800812, 0.4386512339115143, 0.42544442415237427, 0.4276500344276428, 0.42640355229377747, 0.41896533966064453, 0.4250940978527069, 0.4332055151462555, 0.42287999391555786, 0.4363567531108856, 0.43757784366607666, 0.4252077043056488, 0.41185370087623596, 0.43448930978775024, 0.4112338721752167, 0.42536234855651855, 0.42156124114990234, 0.43321505188941956, 0.4176560640335083, 0.4171346127986908, 0.4104849696159363, 0.4477599561214447, 0.3945666551589966, 0.434933602809906, 0.42350858449935913, 0.45390596985816956, 0.4528743624687195, 0.44201260805130005, 0.41944780945777893];1966.8519575595856
100;[1.6148221492767334, 1.6105149984359741, 1.6157350540161133, 1.6102380752563477, 1.6135762929916382, 1.6159793138504028, 1.614112138748169, 1.6138811111450195, 1.6150827407836914, 1.6133358478546143, 1.6203498840332031, 1.614885687828064, 1.619467854499817, 1.6160207986831665, 1.6148135662078857, 1.6198925971984863, 1.6178675889968872, 1.6184478998184204, 1.6141724586486816, 1.6128236055374146, 1.6138989925384521, 1.6194185018539429, 1.6168278455734253, 1.6228277683258057, 1.6163630485534668, 1.61962890625, 1.6182283163070679, 1.6180384159088135, 1.6213810443878174, 1.6213725805282593, 1.6163723468780518];[0.19523769617080688, 0.19517996907234192, 0.19554437696933746, 0.19655756652355194, 0.1963999718427658, 0.19552136957645416, 0.1931346356868744, 0.19265562295913696, 0.19364963471889496, 0.19487592577934265, 0.19506435096263885, 0.1900675892829895, 0.19242830574512482, 0.19319458305835724, 0.19142208993434906, 0.19393107295036316, 0.19262681901454926, 0.1917824149131775, 0.1909371316432953, 0.1948752999305725, 0.19127409160137177, 0.19047562777996063, 0.19152353703975677, 0.194460928440094, 0.19267937541007996, 0.19160321354866028, 0.18997645378112793, 0.19383016228675842, 0.19138318300247192, 0.19302012026309967, 0.19205518066883087];[-4.304330825805664, -4.28277063369751, -4.305771827697754, -4.301085472106934, -4.325009822845459, -4.301039218902588, -4.260946750640869, -4.209489345550537, -4.243370056152344, -4.267614841461182, -4.267210960388184, -4.227017879486084, -4.248218536376953, -4.230308532714844, -4.194449424743652, -4.23683500289917, -4.2276434898376465, -4.222397327423096, -4.212826728820801, -4.242276668548584, -4.203791618347168, -4.1718854904174805, -4.2264628410339355, -4.313255786895752, -4.226685523986816, -4.209090232849121, -4.171067714691162, -4.2293853759765625, -4.180130481719971, -4.20317268371582, -4.209836006164551];[0.43560758233070374, 0.48150336742401123, 0.4366902709007263, 0.48133012652397156, 0.4246600568294525, 0.4252772033214569, 0.4256369173526764, 0.42209288477897644, 0.3883408010005951, 0.429516077041626, 0.43424439430236816, 0.4387263059616089, 0.44215986132621765, 0.4318574070930481, 0.41599297523498535, 0.429919958114624, 0.434525728225708, 0.40475258231163025, 0.4317074120044708, 0.4174095690250397, 0.424850195646286, 0.4164521098136902, 0.44900819659233093, 0.42605865001678467, 0.44522303342819214, 0.4079505503177643, 0.433552622795105, 0.4542168080806732, 0.40959182381629944, 0.42724892497062683];1939.76318526268
150;[1.1630229949951172, 1.161245584487915, 1.1609721183776855, 1.1642556190490723, 1.1615129709243774, 1.1658357381820679, 1.1665247678756714, 1.1725472211837769, 1.156783103942871, 1.1703940629959106, 1.1608349084854126, 1.164056420326233, 1.1669108867645264, 1.168741226196289, 1.1687157154083252, 1.1586657762527466, 1.1686519384384155, 1.1737229824066162, 1.1620314121246338, 1.1620211601257324, 1.1697416305541992, 1.1637674570083618, 1.166382908821106, 1.1675914525985718, 1.1624959707260132, 1.1740511655807495, 1.1715376377105713, 1.164451003074646, 1.1726921796798706, 1.167198657989502, 1.1742485761642456];[0.09222948551177979, 0.08980913460254669, 0.09342540055513382, 0.09364251792430878, 0.09479387104511261, 0.09451385587453842, 0.09483783692121506, 0.0968775525689125, 0.09044446051120758, 0.09692762792110443, 0.09099480509757996, 0.09415971487760544, 0.0936407521367073, 0.09361758083105087, 0.09298735111951828, 0.08959358930587769, 0.09312814474105835, 0.09392846375703812, 0.09130635857582092, 0.0896700918674469, 0.08987549692392349, 0.08902277052402496, 0.09009955078363419, 0.09057872742414474, 0.08903041481971741, 0.09374172240495682, 0.09174095839262009, 0.09008923172950745, 0.0922049731016159, 0.09295092523097992, 0.09392889589071274];[-2.1348283290863037, -2.1219613552093506, -2.1415231227874756, -2.141599416732788, -2.1545250415802, -2.1566240787506104, -2.1439435482025146, -2.1575756072998047, -2.12382435798645, -2.1467535495758057, -2.1250576972961426, -2.141922950744629, -2.1345057487487793, -2.1303915977478027, -2.139082193374634, -2.115183115005493, -2.119612693786621, -2.165933609008789, -2.1232621669769287, -2.109606981277466, -2.1046574115753174, -2.0970277786254883, -2.100440502166748, -2.1178276538848877, -2.101106643676758, -2.1280229091644287, -2.105358362197876, -2.1092841625213623, -2.1094443798065186, -2.1183817386627197, -2.1063551902770996];[0.46959537267684937, 0.4347231090068817, 0.4358213245868683, 0.44585034251213074, 0.42480218410491943, 0.44064122438430786, 0.42557352781295776, 0.4104194939136505, 0.4333231449127197, 0.43085888028144836, 0.42032840847969055, 0.4278501868247986, 0.42924022674560547, 0.4170321226119995, 0.4300837516784668, 0.43969520926475525, 0.4207552671432495, 0.42458730936050415, 0.4419800341129303, 0.4493907690048218, 0.45019808411598206, 0.4180522561073303, 0.4141680598258972, 0.4318472146987915, 0.41638198494911194, 0.42468956112861633, 0.409115195274353, 0.42014238238334656, 0.4240953028202057, 0.41561734676361084];1985.2215747833252
150;[1.6139203310012817, 1.6127142906188965, 1.6117388010025024, 1.6154900789260864, 1.6127848625183105, 1.6160430908203125, 1.6159884929656982, 1.6214572191238403, 1.6085261106491089, 1.619110107421875, 1.6114497184753418, 1.6135896444320679, 1.616283893585205, 1.6195214986801147, 1.6186556816101074, 1.6110382080078125, 1.6169391870498657, 1.6224535703659058, 1.6127805709838867, 1.6133811473846436, 1.6195712089538574, 1.6129008531570435, 1.6169147491455078, 1.6176315546035767, 1.6125497817993164, 1.62251877784729, 1.6202572584152222, 1.6146379709243774, 1.6209056377410889, 1.6161905527114868, 1.622614860534668];[0.1945616751909256, 0.19221046566963196, 0.19638803601264954, 0.19612158834934235, 0.19764024019241333, 0.19655020534992218, 0.1959165781736374, 0.1970001757144928, 0.19428347051143646, 0.19714680314064026, 0.19379153847694397, 0.19553911685943604, 0.194696843624115, 0.1948155164718628, 0.19429966807365417, 0.19374985992908478, 0.19330331683158875, 0.19471722841262817, 0.19386304914951324, 0.1925622671842575, 0.1910858303308487, 0.19122743606567383, 0.19191791117191315, 0.1921491026878357, 0.1911768764257431, 0.194058358669281, 0.19263848662376404, 0.1925155073404312, 0.19217322766780853, 0.19457651674747467, 0.19424565136432648];[-4.298182010650635, -4.277125835418701, -4.325320243835449, -4.3153839111328125, -4.341937065124512, -4.333302021026611, -4.303048610687256, -4.308398246765137, -4.294816493988037, -4.296169757843018, -4.280238628387451, -4.3011250495910645, -4.27405309677124, -4.2607102394104, -4.2840070724487305, -4.2808637619018555, -4.231972694396973, -4.283200263977051, -4.260410785675049, -4.247540473937988, -4.21357536315918, -4.2046003341674805, -4.215534687042236, -4.2379865646362305, -4.228025436401367, -4.23581075668335, -4.206314563751221, -4.2338762283325195, -4.208678245544434, -4.246306419372559, -4.209755897521973];[0.46959537267684937, 0.42996567487716675, 0.4216398298740387, 0.43761977553367615, 0.42524847388267517, 0.4408469796180725, 0.4434444308280945, 0.42734238505363464, 0.44609585404396057, 0.42989057302474976, 0.43300458788871765, 0.4231913089752197, 0.43028736114501953, 0.43290355801582336, 0.43095654249191284, 0.4371863305568695, 0.42688095569610596, 0.43310874700546265, 0.43835341930389404, 0.45114195346832275, 0.4508611261844635, 0.4043017625808716, 0.4124659299850464, 0.4318873882293701, 0.41986387968063354, 0.43958067893981934, 0.42185547947883606, 0.41815459728240967, 0.42304638028144836, 0.4249936640262604];2007.3166146278381
200;[1.1612826585769653, 1.1566526889801025, 1.1666769981384277, 1.1609152555465698, 1.1677396297454834, 1.1623271703720093, 1.1702340841293335, 1.1601275205612183, 1.161543846130371, 1.162057876586914, 1.163672685623169, 1.1572242975234985, 1.1556658744812012, 1.1635593175888062, 1.1616919040679932, 1.1627434492111206, 1.1669199466705322, 1.164334774017334, 1.1631852388381958, 1.1686367988586426, 1.1642606258392334, 1.1603754758834839, 1.1628564596176147, 1.168026328086853, 1.1562449932098389, 1.1642976999282837, 1.1595045328140259, 1.1666620969772339, 1.160440444946289, 1.160401463508606, 1.1595892906188965];[0.0945221334695816, 0.09076956659555435, 0.0938316211104393, 0.09265000373125076, 0.0948353186249733, 0.09326007217168808, 0.09725738316774368, 0.09141778200864792, 0.09578457474708557, 0.09633376449346542, 0.09701304882764816, 0.0929127037525177, 0.09481408447027206, 0.09568584710359573, 0.09593205899000168, 0.09413524717092514, 0.09687480330467224, 0.09447982162237167, 0.09503546357154846, 0.09698164463043213, 0.09619048237800598, 0.0933442935347557, 0.09779125452041626, 0.09651318937540054, 0.0932910367846489, 0.09546463191509247, 0.09156101197004318, 0.09522611647844315, 0.09344743937253952, 0.0909394770860672, 0.09222202003002167];[-2.1454927921295166, -2.1329503059387207, -2.1509077548980713, -2.136245012283325, -2.151059627532959, -2.1417438983917236, -2.1676061153411865, -2.134185552597046, -2.15472412109375, -2.1700265407562256, -2.1704189777374268, -2.148359537124634, -2.1564908027648926, -2.169459581375122, -2.163872003555298, -2.15458607673645, -2.171304702758789, -2.1574041843414307, -2.151374578475952, -2.1632049083709717, -2.158982753753662, -2.1494462490081787, -2.1621012687683105, -2.1640267372131348, -2.1452486515045166, -2.16713547706604, -2.138103485107422, -2.1495392322540283, -2.1427996158599854, -2.13413405418396, -2.13924241065979];[0.41035547852516174, 0.42895039916038513, 0.4369764029979706, 0.4383602440357208, 0.45179346203804016, 0.4127636253833771, 0.4303295910358429, 0.4290774464607239, 0.4613095819950104, 0.44683706760406494, 0.4339185953140259, 0.4616624116897583, 0.44552794098854065, 0.4402008652687073, 0.4494127929210663, 0.43864330649375916, 0.4388751983642578, 0.4473447799682617, 0.4316742718219757, 0.4278366267681122, 0.43173226714134216, 0.45231884717941284, 0.4349522590637207, 0.43297186493873596, 0.43578046560287476, 0.4511525332927704, 0.4360892176628113, 0.4270463287830353, 0.443543940782547, 0.43310579657554626];1934.8384540081024
200;[1.6124927997589111, 1.6078367233276367, 1.6166874170303345, 1.6112556457519531, 1.6172270774841309, 1.6129536628723145, 1.6197847127914429, 1.6106561422348022, 1.6119377613067627, 1.612293004989624, 1.6135550737380981, 1.609487533569336, 1.6071608066558838, 1.6142469644546509, 1.6131647825241089, 1.613255500793457, 1.6174181699752808, 1.6141040325164795, 1.6130326986312866, 1.6176751852035522, 1.6139904260635376, 1.6109458208084106, 1.6124958992004395, 1.6172133684158325, 1.6083471775054932, 1.615350604057312, 1.61007559299469, 1.6157293319702148, 1.611557960510254, 1.61124587059021, 1.6098002195358276];[0.19693005084991455, 0.194477841258049, 0.19564493000507355, 0.19564609229564667, 0.19792450964450836, 0.19701111316680908, 0.19906160235404968, 0.19566446542739868, 0.19924157857894897, 0.19948133826255798, 0.2002030462026596, 0.19878721237182617, 0.20012137293815613, 0.19957762956619263, 0.20015668869018555, 0.1981137990951538, 0.19947171211242676, 0.1976468861103058, 0.19853901863098145, 0.19959542155265808, 0.19936323165893555, 0.19795580208301544, 0.2014746218919754, 0.19919461011886597, 0.19905373454093933, 0.19945107400417328, 0.19651153683662415, 0.19866938889026642, 0.19847996532917023, 0.1956348419189453, 0.1974225789308548];[-4.322001934051514, -4.3208231925964355, -4.337848663330078, -4.322739124298096, -4.341508388519287, -4.340870380401611, -4.359621047973633, -4.336460590362549, -4.368796348571777, -4.4031662940979, -4.396581172943115, -4.392828941345215, -4.406710624694824, -4.403598308563232, -4.400009632110596, -4.375156402587891, -4.407129764556885, -4.380548000335693, -4.376286506652832, -4.380985260009766, -4.385129928588867, -4.380133152008057, -4.397418022155762, -4.389899253845215, -4.386318206787109, -4.410185813903809, -4.3710808753967285, -4.36735200881958, -4.378058910369873, -4.3610429763793945, -4.368870258331299];[0.41035547852516174, 0.44800424575805664, 0.4375862777233124, 0.43544891476631165, 0.4549187421798706, 0.4441932141780853, 0.4447971284389496, 0.44312578439712524, 0.4654185175895691, 0.4308192729949951, 0.4447099566459656, 0.44615092873573303, 0.46099042892456055, 0.46350282430648804, 0.46436378359794617, 0.4367977976799011, 0.43356406688690186, 0.44605809450149536, 0.4863187074661255, 0.45191720128059387, 0.42367056012153625, 0.4560016691684723, 0.4475497007369995, 0.4413895606994629, 0.4438075125217438, 0.4564385712146759, 0.448924720287323, 0.43660375475883484, 0.44671663641929626, 0.43799975514411926];1937.9768950939178
250;[1.167892575263977, 1.1614564657211304, 1.1636338233947754, 1.1680327653884888, 1.1690073013305664, 1.1629539728164673, 1.1652092933654785, 1.1579419374465942, 1.1603288650512695, 1.1663172245025635, 1.1532388925552368, 1.1608439683914185, 1.1669765710830688, 1.1547276973724365, 1.1587697267532349, 1.1578342914581299, 1.154704213142395, 1.1643562316894531, 1.1595598459243774, 1.158752679824829, 1.155159831047058, 1.1680240631103516, 1.1673682928085327, 1.154235601425171, 1.1580545902252197, 1.1597363948822021, 1.1526917219161987, 1.159611701965332, 1.1582908630371094, 1.162885308265686, 1.1570886373519897];[0.09595180302858353, 0.09594879299402237, 0.09245036542415619, 0.09719431400299072, 0.09752431511878967, 0.09386736154556274, 0.09150159358978271, 0.09150555729866028, 0.09075862914323807, 0.09533094614744186, 0.09103428572416306, 0.0927014872431755, 0.09600122272968292, 0.09056021273136139, 0.09186138212680817, 0.09212850779294968, 0.0892769992351532, 0.09443647414445877, 0.09064919501543045, 0.09133963286876678, 0.08984608948230743, 0.09401976317167282, 0.09253416955471039, 0.08837884664535522, 0.090313620865345, 0.08849010616540909, 0.08744096010923386, 0.0890439823269844, 0.08972342312335968, 0.09179220348596573, 0.0898301973938942];[-2.164726972579956, -2.160520315170288, -2.135854482650757, -2.16510009765625, -2.1942636966705322, -2.1433231830596924, -2.1360859870910645, -2.125687837600708, -2.120490312576294, -2.163346767425537, -2.126224994659424, -2.1440014839172363, -2.1510066986083984, -2.1241204738616943, -2.128797769546509, -2.1335041522979736, -2.12039852142334, -2.1579582691192627, -2.1239326000213623, -2.127476215362549, -2.1220147609710693, -2.123572587966919, -2.125089645385742, -2.1048121452331543, -2.112579584121704, -2.0988895893096924, -2.1013472080230713, -2.101966142654419, -2.107598304748535, -2.112917423248291, -2.1159610748291016];[0.43426933884620667, 0.4336817264556885, 0.43553608655929565, 0.42467910051345825, 0.4896722137928009, 0.44190484285354614, 0.4368443787097931, 0.4362829029560089, 0.42570024728775024, 0.4522510766983032, 0.435977041721344, 0.44743824005126953, 0.43732139468193054, 0.4492003917694092, 0.4024248421192169, 0.4370081424713135, 0.4406960904598236, 0.4378783702850342, 0.4229033291339874, 0.4516782760620117, 0.431743860244751, 0.43171459436416626, 0.43723687529563904, 0.447909414768219, 0.4379502534866333, 0.42939692735671997, 0.4250129759311676, 0.4347781836986542, 0.43474262952804565, 0.4329938590526581];1949.282659292221
250;[1.6186182498931885, 1.6124361753463745, 1.6148183345794678, 1.6172746419906616, 1.6187357902526855, 1.6133912801742554, 1.6171534061431885, 1.609570026397705, 1.6105198860168457, 1.6166067123413086, 1.605299711227417, 1.6113358736038208, 1.6168501377105713, 1.606742024421692, 1.6096004247665405, 1.6091488599777222, 1.6078060865402222, 1.6153454780578613, 1.6105390787124634, 1.6104642152786255, 1.606317400932312, 1.6165233850479126, 1.6162177324295044, 1.6056588888168335, 1.6073631048202515, 1.6100585460662842, 1.6036125421524048, 1.6101844310760498, 1.6080007553100586, 1.6128778457641602, 1.6078740358352661];[0.19714635610580444, 0.19807928800582886, 0.1951545774936676, 0.1975986212491989, 0.1986325979232788, 0.196229487657547, 0.19453531503677368, 0.19538015127182007, 0.19416214525699615, 0.19752061367034912, 0.19670097529888153, 0.1958615779876709, 0.19780242443084717, 0.19594088196754456, 0.19537758827209473, 0.19645163416862488, 0.19522008299827576, 0.1976533681154251, 0.19474874436855316, 0.1961219608783722, 0.19483807682991028, 0.19577735662460327, 0.19475091993808746, 0.19355660676956177, 0.19402353465557098, 0.19282487034797668, 0.1929895281791687, 0.19370070099830627, 0.19428583979606628, 0.19557149708271027, 0.19478484988212585];[-4.344611167907715, -4.35399866104126, -4.312031269073486, -4.337643146514893, -4.38195276260376, -4.318365097045898, -4.3047099113464355, -4.300471782684326, -4.289182662963867, -4.345395088195801, -4.32451057434082, -4.3390398025512695, -4.331051826477051, -4.326098918914795, -4.312520503997803, -4.328016757965088, -4.3223724365234375, -4.370328426361084, -4.306434631347656, -4.325663089752197, -4.324136734008789, -4.276993751525879, -4.29071569442749, -4.289206504821777, -4.291738986968994, -4.258342266082764, -4.291039943695068, -4.270985126495361, -4.283671855926514, -4.281961441040039, -4.310266971588135];[0.43426933884620667, 0.41283631324768066, 0.4369499385356903, 0.46330341696739197, 0.49196240305900574, 0.4411853551864624, 0.44700196385383606, 0.4337259829044342, 0.42658504843711853, 0.4790414571762085, 0.4367172420024872, 0.44187259674072266, 0.4447494149208069, 0.4363529682159424, 0.42831963300704956, 0.4346868693828583, 0.449015736579895, 0.43435171246528625, 0.4160560071468353, 0.4373340308666229, 0.41705435514450073, 0.4343196153640747, 0.4466695785522461, 0.4538084864616394, 0.4401179552078247, 0.43127456307411194, 0.43427446484565735, 0.4419199228286743, 0.4456993639469147, 0.4404807984828949];1989.7081327438354
300;[1.1581109762191772, 1.1564666032791138, 1.1658775806427002, 1.1634774208068848, 1.1696892976760864, 1.1689509153366089, 1.1650073528289795, 1.1680421829223633, 1.1642619371414185, 1.1712180376052856, 1.166256070137024, 1.1703965663909912, 1.1769520044326782, 1.1721664667129517, 1.168121576309204, 1.1638708114624023, 1.1655707359313965, 1.170174241065979, 1.1650255918502808, 1.1618359088897705, 1.1687419414520264, 1.1637482643127441, 1.165574550628662, 1.1655086278915405, 1.1680185794830322, 1.17115318775177, 1.1698673963546753, 1.1649917364120483, 1.1649799346923828, 1.1657991409301758, 1.1714061498641968];[0.09268640726804733, 0.08818063884973526, 0.09203244745731354, 0.09041595458984375, 0.09329278767108917, 0.09255211055278778, 0.09029225260019302, 0.09317273646593094, 0.0904829278588295, 0.09134092926979065, 0.09013804793357849, 0.09351261705160141, 0.09447787702083588, 0.09003521502017975, 0.09086093306541443, 0.08902118355035782, 0.08960812538862228, 0.09283620119094849, 0.08675885945558548, 0.08920832723379135, 0.09349170327186584, 0.08963985741138458, 0.09042025357484818, 0.09184036403894424, 0.08996456861495972, 0.09291065484285355, 0.09029627591371536, 0.09081285446882248, 0.08899529278278351, 0.08629509806632996, 0.08873925358057022];[-2.136270523071289, -2.116711139678955, -2.125624895095825, -2.1156976222991943, -2.1185860633850098, -2.13214373588562, -2.1066982746124268, -2.1260411739349365, -2.1102309226989746, -2.0995469093322754, -2.1020166873931885, -2.1202311515808105, -2.137110710144043, -2.0998482704162598, -2.09867000579834, -2.0891971588134766, -2.0950350761413574, -2.1337950229644775, -2.08724308013916, -2.0925705432891846, -2.1217455863952637, -2.0998778343200684, -2.099471092224121, -2.1149775981903076, -2.0975003242492676, -2.10377836227417, -2.0931499004364014, -2.096930742263794, -2.0780436992645264, -2.0701472759246826, -2.0871999263763428];[0.4320686161518097, 0.4368250370025635, 0.4490162134170532, 0.41442206501960754, 0.43280264735221863, 0.43184590339660645, 0.4191697835922241, 0.4324754476547241, 0.4214116632938385, 0.41498491168022156, 0.42040106654167175, 0.4130026400089264, 0.4874727427959442, 0.4489777386188507, 0.4373374581336975, 0.40492603182792664, 0.41585877537727356, 0.4369095265865326, 0.415692001581192, 0.4182226061820984, 0.42775699496269226, 0.4191281199455261, 0.41875889897346497, 0.4235926866531372, 0.4121272563934326, 0.41594991087913513, 0.4160843789577484, 0.4268384277820587, 0.4377523362636566, 0.41187939047813416];1987.7973012924194
300;[1.6095521450042725, 1.6091076135635376, 1.6155853271484375, 1.6148664951324463, 1.6188006401062012, 1.618614912033081, 1.6149641275405884, 1.6174938678741455, 1.6147054433822632, 1.6194684505462646, 1.6158310174942017, 1.6183584928512573, 1.6254241466522217, 1.6208432912826538, 1.6153476238250732, 1.6127861738204956, 1.6141794919967651, 1.619160532951355, 1.6143615245819092, 1.6111421585083008, 1.61655592918396, 1.6130962371826172, 1.61581289768219, 1.6143393516540527, 1.6170711517333984, 1.6190094947814941, 1.6181095838546753, 1.613156795501709, 1.6134566068649292, 1.6133520603179932, 1.6206711530685425];[0.19589625298976898, 0.1927356868982315, 0.1935546100139618, 0.19353044033050537, 0.19420868158340454, 0.19414770603179932, 0.19239382445812225, 0.19509150087833405, 0.19310559332370758, 0.1922958344221115, 0.19164133071899414, 0.1934511661529541, 0.19489389657974243, 0.1902431696653366, 0.19164468348026276, 0.19116629660129547, 0.19160638749599457, 0.1945817917585373, 0.1894097775220871, 0.1923927515745163, 0.194550558924675, 0.19246727228164673, 0.19343362748622894, 0.19384576380252838, 0.19161456823349, 0.19359563291072845, 0.19159762561321259, 0.1926853209733963, 0.1910397857427597, 0.18844489753246307, 0.19078809022903442];[-4.3096232414245605, -4.289602756500244, -4.263303756713867, -4.261726379394531, -4.237978458404541, -4.277935028076172, -4.235513687133789, -4.255902290344238, -4.240602493286133, -4.199921607971191, -4.2151408195495605, -4.231712818145752, -4.233948230743408, -4.198397636413574, -4.186556339263916, -4.194224834442139, -4.200085163116455, -4.256226062774658, -4.1986403465271, -4.213503837585449, -4.249538421630859, -4.234584331512451, -4.23836088180542, -4.244226455688477, -4.217091083526611, -4.21364688873291, -4.194027900695801, -4.20452880859375, -4.173609256744385, -4.153965473175049, -4.176538467407227];[0.4320686161518097, 0.42917636036872864, 0.45000219345092773, 0.4151785671710968, 0.43486759066581726, 0.43163153529167175, 0.4089604318141937, 0.4348628520965576, 0.4131571352481842, 0.43051207065582275, 0.4212547838687897, 0.42748594284057617, 0.5303491950035095, 0.42792564630508423, 0.439989298582077, 0.4111142158508301, 0.42260289192199707, 0.43513861298561096, 0.41681376099586487, 0.42671313881874084, 0.43248450756073, 0.430464506149292, 0.4248867332935333, 0.4327554702758789, 0.4283800423145294, 0.40955278277397156, 0.39293646812438965, 0.42949560284614563, 0.4205920994281769, 0.4307677149772644];1957.01149725914
350;[1.1601711511611938, 1.158886194229126, 1.1618072986602783, 1.1652334928512573, 1.1616168022155762, 1.1668691635131836, 1.1658469438552856, 1.1688055992126465, 1.1625370979309082, 1.1690808534622192, 1.1637479066848755, 1.1655651330947876, 1.1564290523529053, 1.170857548713684, 1.1707878112792969, 1.174346923828125, 1.1637673377990723, 1.1679030656814575, 1.173309326171875, 1.1674907207489014, 1.1630909442901611, 1.1683350801467896, 1.163712739944458, 1.1708239316940308, 1.164732575416565, 1.1627492904663086, 1.1709784269332886, 1.1728994846343994, 1.1702191829681396, 1.1692317724227905, 1.1682331562042236];[0.09182320535182953, 0.09137151390314102, 0.09388020634651184, 0.09290526807308197, 0.09133069217205048, 0.0959320217370987, 0.09490171074867249, 0.09339219331741333, 0.09253880381584167, 0.09350177645683289, 0.08984138071537018, 0.09086833149194717, 0.08912287652492523, 0.09447206556797028, 0.09277167916297913, 0.096460722386837, 0.08889953047037125, 0.09211597591638565, 0.09413225203752518, 0.0916108712553978, 0.08847957849502563, 0.09330416470766068, 0.09250222146511078, 0.0948394387960434, 0.09145437926054001, 0.08818532526493073, 0.09258021414279938, 0.09629718214273453, 0.09321550279855728, 0.09453647583723068, 0.09178125113248825];[-2.1300342082977295, -2.12638258934021, -2.1356117725372314, -2.1301636695861816, -2.1233460903167725, -2.151996612548828, -2.1515188217163086, -2.1297457218170166, -2.1335697174072266, -2.1252946853637695, -2.1059303283691406, -2.112200975418091, -2.107393980026245, -2.127171039581299, -2.113433599472046, -2.132518768310547, -2.0922176837921143, -2.122728109359741, -2.1291708946228027, -2.125094175338745, -2.1006617546081543, -2.1297695636749268, -2.1238300800323486, -2.143551826477051, -2.1213362216949463, -2.097256660461426, -2.1156492233276367, -2.135817050933838, -2.1217048168182373, -2.142338752746582, -2.1081020832061768];[0.44662362337112427, 0.4170684218406677, 0.41210272908210754, 0.4543333947658539, 0.4346829950809479, 0.44171538949012756, 0.44079047441482544, 0.4311438500881195, 0.41532808542251587, 0.4160870611667633, 0.4322184920310974, 0.424331396818161, 0.413744181394577, 0.44935962557792664, 0.43397295475006104, 0.43339765071868896, 0.4247896373271942, 0.4223434627056122, 0.4338270127773285, 0.4134322702884674, 0.42850467562675476, 0.41496968269348145, 0.4231302738189697, 0.41171473264694214, 0.42157182097435, 0.4141727089881897, 0.4109717309474945, 0.4287073612213135, 0.40346717834472656, 0.42478084564208984];1990.0388011932373
350;[1.61143958568573, 1.6106005907058716, 1.611798882484436, 1.6149240732192993, 1.6123749017715454, 1.6164401769638062, 1.6158647537231445, 1.6181148290634155, 1.6131466627120972, 1.6171399354934692, 1.6137257814407349, 1.613641619682312, 1.6075667142868042, 1.6206923723220825, 1.6181013584136963, 1.6218291521072388, 1.6133641004562378, 1.6178511381149292, 1.6218644380569458, 1.6171894073486328, 1.6114603281021118, 1.6168920993804932, 1.61417818069458, 1.6197258234024048, 1.6134294271469116, 1.6129469871520996, 1.6187306642532349, 1.6202914714813232, 1.6172490119934082, 1.6177129745483398, 1.6148931980133057];[0.1944902092218399, 0.19494061172008514, 0.19616000354290009, 0.1944979727268219, 0.19447869062423706, 0.19723504781723022, 0.1971123218536377, 0.1944756805896759, 0.1951294243335724, 0.1941431164741516, 0.19269514083862305, 0.1923818290233612, 0.19346356391906738, 0.195363849401474, 0.19311639666557312, 0.19596897065639496, 0.19184960424900055, 0.19421011209487915, 0.1947668194770813, 0.19333180785179138, 0.19091340899467468, 0.19494976103305817, 0.19562436640262604, 0.19555804133415222, 0.19346781075000763, 0.19158051908016205, 0.19296810030937195, 0.19637982547283173, 0.19369250535964966, 0.1952093243598938, 0.1922929883003235];[-4.28690242767334, -4.297708511352539, -4.2966628074646, -4.27919864654541, -4.2820000648498535, -4.3229169845581055, -4.323121070861816, -4.267933368682861, -4.299568176269531, -4.253745079040527, -4.2365336418151855, -4.240309715270996, -4.269265651702881, -4.26411247253418, -4.212525367736816, -4.253167152404785, -4.212798595428467, -4.25037145614624, -4.262173652648926, -4.277023792266846, -4.227972984313965, -4.2742228507995605, -4.289645195007324, -4.29154634475708, -4.263524055480957, -4.22824764251709, -4.229269504547119, -4.2593464851379395, -4.245253562927246, -4.3030195236206055, -4.218657970428467];[0.44662362337112427, 0.44927579164505005, 0.45259037613868713, 0.43196138739585876, 0.4297463297843933, 0.44196683168411255, 0.4496782720088959, 0.4338742196559906, 0.43716195225715637, 0.4335503876209259, 0.4530552625656128, 0.42537397146224976, 0.41116759181022644, 0.43525195121765137, 0.4319131374359131, 0.42752280831336975, 0.4147889018058777, 0.42432382702827454, 0.4366331994533539, 0.41609951853752136, 0.4356538653373718, 0.42094022035598755, 0.4232790172100067, 0.41839921474456787, 0.4401034116744995, 0.42653316259384155, 0.42747464776039124, 0.40315139293670654, 0.4170239269733429, 0.4187483489513397];1969.291865348816
400;[1.1619477272033691, 1.1693483591079712, 1.1628690958023071, 1.1627488136291504, 1.163637638092041, 1.1630173921585083, 1.1638603210449219, 1.1678657531738281, 1.1557749509811401, 1.1647392511367798, 1.1613599061965942, 1.159509301185608, 1.1578761339187622, 1.158725619316101, 1.1605304479599, 1.1627395153045654, 1.1654267311096191, 1.1650177240371704, 1.1617437601089478, 1.162347435951233, 1.1656677722930908, 1.1664012670516968, 1.1637474298477173, 1.166003704071045, 1.16065514087677, 1.165690541267395, 1.1637928485870361, 1.1655741930007935, 1.157678246498108, 1.1614651679992676, 1.163814902305603];[0.09584244340658188, 0.09480846673250198, 0.09154554456472397, 0.09230073541402817, 0.0926620289683342, 0.09086057543754578, 0.0912737175822258, 0.09204936772584915, 0.08823041617870331, 0.09200768917798996, 0.09051785618066788, 0.09097420424222946, 0.09005764126777649, 0.09024077653884888, 0.08965910226106644, 0.09188232570886612, 0.09314683079719543, 0.09356114268302917, 0.0924563929438591, 0.09144927561283112, 0.09228082001209259, 0.09068943560123444, 0.09053896367549896, 0.09005601704120636, 0.08911946415901184, 0.091705322265625, 0.09170369058847427, 0.09135746210813522, 0.08778546750545502, 0.08989927917718887, 0.08814716339111328];[-2.163532018661499, -2.137819766998291, -2.138782501220703, -2.129648208618164, -2.1238760948181152, -2.1219913959503174, -2.1204442977905273, -2.116034507751465, -2.0947766304016113, -2.1190688610076904, -2.110659122467041, -2.123488426208496, -2.117340564727783, -2.1065261363983154, -2.1153740882873535, -2.126310110092163, -2.1295323371887207, -2.1355605125427246, -2.12446665763855, -2.1290903091430664, -2.121273994445801, -2.1085026264190674, -2.1118476390838623, -2.09775972366333, -2.090803861618042, -2.105177164077759, -2.1008827686309814, -2.1032631397247314, -2.0937693119049072, -2.112287759780884, -2.087709903717041];[0.40687501430511475, 0.448072224855423, 0.43335625529289246, 0.43286821246147156, 0.4253496527671814, 0.4294856786727905, 0.43358340859413147, 0.4216981828212738, 0.4261408746242523, 0.4387720823287964, 0.4328477084636688, 0.43497681617736816, 0.4236322343349457, 0.43811503052711487, 0.4260829985141754, 0.4339269995689392, 0.42686381936073303, 0.4308801293373108, 0.44126981496810913, 0.4193023443222046, 0.42367836833000183, 0.4423532783985138, 0.4490782618522644, 0.4679245054721832, 0.4251590967178345, 0.4310600161552429, 0.4279048442840576, 0.4329042434692383, 0.43591025471687317, 0.42266136407852173];1977.286649942398
400;[1.6134637594223022, 1.6182467937469482, 1.6148970127105713, 1.6135342121124268, 1.6156166791915894, 1.6148333549499512, 1.6143664121627808, 1.617885947227478, 1.6071248054504395, 1.6149929761886597, 1.6129335165023804, 1.6117479801177979, 1.6094484329223633, 1.6100331544876099, 1.6129015684127808, 1.6139847040176392, 1.6166067123413086, 1.616117238998413, 1.6128346920013428, 1.6148549318313599, 1.6168885231018066, 1.6163573265075684, 1.614145040512085, 1.6151866912841797, 1.6115996837615967, 1.614892601966858, 1.613210916519165, 1.6162115335464478, 1.6108074188232422, 1.6137677431106567, 1.6148643493652344];[0.19821743667125702, 0.19558703899383545, 0.19500960409641266, 0.19545026123523712, 0.19642871618270874, 0.19454501569271088, 0.1945054531097412, 0.19432562589645386, 0.19283895194530487, 0.19497287273406982, 0.19530360400676727, 0.1956484466791153, 0.19462260603904724, 0.19467607140541077, 0.19488181173801422, 0.1962377429008484, 0.197315514087677, 0.19720914959907532, 0.19716684520244598, 0.19632095098495483, 0.19618664681911469, 0.194578617811203, 0.19441194832324982, 0.19312384724617004, 0.19447237253189087, 0.19483642280101776, 0.19494491815567017, 0.1949511468410492, 0.19416432082653046, 0.1955505609512329, 0.19257064163684845];[-4.358528137207031, -4.281669616699219, -4.3278608322143555, -4.300562858581543, -4.295322418212891, -4.2979044914245605, -4.288008689880371, -4.2557220458984375, -4.252895355224609, -4.283229351043701, -4.283011436462402, -4.3241753578186035, -4.310373306274414, -4.288100719451904, -4.3112874031066895, -4.311953544616699, -4.306273937225342, -4.333710670471191, -4.329465866088867, -4.332221508026123, -4.299473285675049, -4.27219820022583, -4.2818193435668945, -4.251235008239746, -4.2660956382751465, -4.264204978942871, -4.254897594451904, -4.266199588775635, -4.278027057647705, -4.310059070587158, -4.243248462677002];[0.40687501430511475, 0.45196211338043213, 0.4240884780883789, 0.43531152606010437, 0.42813292145729065, 0.42832720279693604, 0.41649869084358215, 0.4178463816642761, 0.43976160883903503, 0.42254403233528137, 0.44015899300575256, 0.43914228677749634, 0.4315125346183777, 0.43572667241096497, 0.43331509828567505, 0.4454633891582489, 0.4419361352920532, 0.42864102125167847, 0.42271578311920166, 0.44243788719177246, 0.44894951581954956, 0.44478413462638855, 0.44357797503471375, 0.45214956998825073, 0.4364432990550995, 0.427385538816452, 0.43375423550605774, 0.4400891065597534, 0.4301532208919525, 0.4341631233692169];1955.591445684433
450;[1.1593552827835083, 1.15855872631073, 1.1624592542648315, 1.1625759601593018, 1.1596518754959106, 1.1532968282699585, 1.1627923250198364, 1.1703572273254395, 1.1650516986846924, 1.1617611646652222, 1.1644713878631592, 1.1588324308395386, 1.1627482175827026, 1.1590046882629395, 1.1645417213439941, 1.163615345954895, 1.1594825983047485, 1.1619739532470703, 1.1589559316635132, 1.1590665578842163, 1.161801815032959, 1.1634407043457031, 1.1576601266860962, 1.1584312915802002, 1.16902756690979, 1.1609588861465454, 1.1692832708358765, 1.160800576210022, 1.1666078567504883, 1.156516194343567, 1.163932204246521];[0.0938735380768776, 0.09212762862443924, 0.09333718568086624, 0.09402748197317123, 0.09119568020105362, 0.09015464037656784, 0.09292889386415482, 0.09379386901855469, 0.0932045727968216, 0.09257267415523529, 0.09421700239181519, 0.08886939287185669, 0.08887872099876404, 0.08874508738517761, 0.0909949317574501, 0.09152742475271225, 0.08868401497602463, 0.09247628599405289, 0.0874006599187851, 0.08907250314950943, 0.08870216459035873, 0.08914284408092499, 0.08977296203374863, 0.08925267308950424, 0.09492134302854538, 0.09083085507154465, 0.09503285586833954, 0.08984365314245224, 0.08944603055715561, 0.08802537620067596, 0.09054365009069443];[-2.140838861465454, -2.1333065032958984, -2.1337292194366455, -2.1372339725494385, -2.122915029525757, -2.1175854206085205, -2.1259984970092773, -2.1398942470550537, -2.1240789890289307, -2.1306240558624268, -2.137150526046753, -2.098184108734131, -2.097700357437134, -2.101311445236206, -2.109421491622925, -2.133296251296997, -2.095144033432007, -2.1255996227264404, -2.100273609161377, -2.098745822906494, -2.094719171524048, -2.099475860595703, -2.1066043376922607, -2.10335111618042, -2.1181063652038574, -2.1132500171661377, -2.122983932495117, -2.102665901184082, -2.095237970352173, -2.095548391342163, -2.10693097114563];[0.40579500794410706, 0.4266296923160553, 0.4226987659931183, 0.45989593863487244, 0.42463839054107666, 0.4355054795742035, 0.42800062894821167, 0.4308655261993408, 0.42742183804512024, 0.42313432693481445, 0.4247913658618927, 0.4395191967487335, 0.4282330572605133, 0.42907723784446716, 0.42934906482696533, 0.42354366183280945, 0.41922488808631897, 0.43428516387939453, 0.44515499472618103, 0.4224504828453064, 0.4234470725059509, 0.4176333546638489, 0.43388456106185913, 0.42214179039001465, 0.4103028178215027, 0.4343241751194, 0.4231328070163727, 0.4220583140850067, 0.4226328730583191, 0.46963387727737427];1984.7041091918945
450;[1.6097835302352905, 1.610772967338562, 1.6131771802902222, 1.6143414974212646, 1.6104825735092163, 1.6053060293197632, 1.6135424375534058, 1.6198922395706177, 1.6151069402694702, 1.6126928329467773, 1.6152827739715576, 1.6101620197296143, 1.6134033203125, 1.6100432872772217, 1.6135618686676025, 1.615736961364746, 1.6102396249771118, 1.6126823425292969, 1.6113982200622559, 1.6114567518234253, 1.6132428646087646, 1.6153090000152588, 1.609222173690796, 1.6102772951126099, 1.6173511743545532, 1.6126856803894043, 1.6193650960922241, 1.612053394317627, 1.6165059804916382, 1.6082632541656494, 1.6142406463623047];[0.19667811691761017, 0.19593453407287598, 0.19607840478420258, 0.19711607694625854, 0.19462335109710693, 0.19495095312595367, 0.19524025917053223, 0.19482111930847168, 0.19530755281448364, 0.19604064524173737, 0.19671961665153503, 0.19324329495429993, 0.19200393557548523, 0.19285324215888977, 0.19292548298835754, 0.19559243321418762, 0.19308783113956451, 0.19588404893875122, 0.192551389336586, 0.19385407865047455, 0.1930558830499649, 0.19318774342536926, 0.1947975605726242, 0.1943494975566864, 0.1965656578540802, 0.19545762240886688, 0.19711244106292725, 0.19404859840869904, 0.1918524205684662, 0.19311238825321198, 0.19371528923511505];[-4.321227550506592, -4.314152240753174, -4.298279285430908, -4.310110092163086, -4.283164024353027, -4.293574333190918, -4.274448871612549, -4.289339065551758, -4.279101848602295, -4.2932515144348145, -4.310250282287598, -4.250523567199707, -4.233078479766846, -4.253713607788086, -4.244958877563477, -4.316055774688721, -4.251425266265869, -4.300127983093262, -4.2700371742248535, -4.258560657501221, -4.2407002449035645, -4.246484279632568, -4.279022693634033, -4.276971817016602, -4.260570526123047, -4.286089897155762, -4.279222011566162, -4.2601094245910645, -4.230506896972656, -4.262317657470703, -4.2549004554748535];[0.40579500794410706, 0.4582032263278961, 0.4388507902622223, 0.4573347568511963, 0.39368587732315063, 0.43538159132003784, 0.4425497055053711, 0.4242611825466156, 0.41650545597076416, 0.4491330087184906, 0.43485623598098755, 0.4282364249229431, 0.442430317401886, 0.4300938546657562, 0.4344651997089386, 0.4467931091785431, 0.4146532714366913, 0.4383671283721924, 0.44944897294044495, 0.4254089891910553, 0.43253251910209656, 0.42397114634513855, 0.4254705607891083, 0.4337500035762787, 0.40852534770965576, 0.43733593821525574, 0.43197235465049744, 0.4351132810115814, 0.428516149520874, 0.4452116787433624];1963.703727722168
500;[1.1632883548736572, 1.1607866287231445, 1.1721967458724976, 1.1628174781799316, 1.1601719856262207, 1.1676210165023804, 1.1650159358978271, 1.161026120185852, 1.1593716144561768, 1.1585453748703003, 1.156402826309204, 1.1556044816970825, 1.1580047607421875, 1.161989450454712, 1.1587185859680176, 1.1611043214797974, 1.1625921726226807, 1.1642085313796997, 1.165575385093689, 1.154235601425171, 1.159523367881775, 1.1641267538070679, 1.158940076828003, 1.1607325077056885, 1.1634279489517212, 1.1667284965515137, 1.1732853651046753, 1.1707829236984253, 1.1697702407836914, 1.1624313592910767, 1.1663342714309692];[0.09256785362958908, 0.0929216518998146, 0.09614136070013046, 0.09087982773780823, 0.08966100215911865, 0.09375149011611938, 0.09152964502573013, 0.09186816215515137, 0.0910712331533432, 0.09074269980192184, 0.08927355706691742, 0.09163086861371994, 0.09114909172058105, 0.09014490991830826, 0.08824393898248672, 0.08973263949155807, 0.08936705440282822, 0.088172048330307, 0.08963336050510406, 0.08659856766462326, 0.08696874231100082, 0.0886593908071518, 0.08781073987483978, 0.08626879006624222, 0.08845219761133194, 0.08909809589385986, 0.09537182003259659, 0.09246888011693954, 0.09024547785520554, 0.08951105922460556, 0.08994396775960922];[-2.1410880088806152, -2.145771026611328, -2.154000997543335, -2.1068637371063232, -2.103126049041748, -2.1453516483306885, -2.115638256072998, -2.131329298019409, -2.1257998943328857, -2.120452642440796, -2.1173980236053467, -2.1247975826263428, -2.117973566055298, -2.111052989959717, -2.09633469581604, -2.0969884395599365, -2.1065633296966553, -2.10298228263855, -2.0886659622192383, -2.0885796546936035, -2.0851361751556396, -2.0908889770507812, -2.08807635307312, -2.081851005554199, -2.0928807258605957, -2.0898842811584473, -2.1168715953826904, -2.1164677143096924, -2.0809011459350586, -2.09658145904541, -2.096311330795288];[0.44624051451683044, 0.4177040457725525, 0.4203650951385498, 0.43509575724601746, 0.42703497409820557, 0.42925766110420227, 0.4629553258419037, 0.4235261082649231, 0.42146962881088257, 0.44889727234840393, 0.44869229197502136, 0.4466700255870819, 0.4413846731185913, 0.4198697805404663, 0.437743604183197, 0.42842763662338257, 0.4464903771877289, 0.43673551082611084, 0.44599300622940063, 0.4303450584411621, 0.4149724543094635, 0.40889814496040344, 0.42713627219200134, 0.43329140543937683, 0.4258303642272949, 0.43392422795295715, 0.4168208837509155, 0.410595178604126, 0.41417714953422546, 0.4180683493614197];1996.174967765808
500;[1.6137923002243042, 1.6134742498397827, 1.6206763982772827, 1.6126397848129272, 1.6112948656082153, 1.6180164813995361, 1.6147370338439941, 1.6124550104141235, 1.6112223863601685, 1.6103222370147705, 1.6088862419128418, 1.6084057092666626, 1.609720230102539, 1.612874984741211, 1.6111201047897339, 1.6123913526535034, 1.6127794981002808, 1.6151444911956787, 1.6146103143692017, 1.6054935455322266, 1.6108146905899048, 1.6151982545852661, 1.6092760562896729, 1.612572193145752, 1.6142703294754028, 1.6159254312515259, 1.620991826057434, 1.619645595550537, 1.6171618700027466, 1.613149881362915, 1.616958737373352];[0.19445909559726715, 0.1968710571527481, 0.1961212307214737, 0.19340284168720245, 0.19324281811714172, 0.1957848221063614, 0.19331981241703033, 0.19584088027477264, 0.19524632394313812, 0.19527487456798553, 0.1943124681711197, 0.1972116231918335, 0.19603557884693146, 0.19427089393138885, 0.19363583624362946, 0.1945931613445282, 0.19272108376026154, 0.19192646443843842, 0.19283442199230194, 0.19245828688144684, 0.19179852306842804, 0.19311849772930145, 0.19265539944171906, 0.19202320277690887, 0.19314660131931305, 0.19285158812999725, 0.1972443014383316, 0.1950201392173767, 0.19232285022735596, 0.19459617137908936, 0.19432684779167175];[-4.307437896728516, -4.337934970855713, -4.295605182647705, -4.237690448760986, -4.247525215148926, -4.304140090942383, -4.2653117179870605, -4.3204874992370605, -4.314091205596924, -4.309103488922119, -4.304915904998779, -4.327980995178223, -4.302751541137695, -4.278650760650635, -4.26415491104126, -4.259154796600342, -4.259134769439697, -4.262984275817871, -4.21529483795166, -4.263741970062256, -4.2420759201049805, -4.243453025817871, -4.250317573547363, -4.2386088371276855, -4.2491068840026855, -4.236652374267578, -4.250851154327393, -4.275465488433838, -4.189043045043945, -4.269144535064697, -4.2476911544799805];[0.44624051451683044, 0.4165678322315216, 0.4207150340080261, 0.4238332509994507, 0.4342963993549347, 0.41953954100608826, 0.46246007084846497, 0.4305073320865631, 0.4468919336795807, 0.4429084062576294, 0.4275079071521759, 0.4506416916847229, 0.4344647526741028, 0.42310863733291626, 0.4428894519805908, 0.43440619111061096, 0.4472895562648773, 0.4440193474292755, 0.4359907805919647, 0.43866729736328125, 0.4440038204193115, 0.4172593653202057, 0.40024662017822266, 0.44272831082344055, 0.4284595251083374, 0.4352038502693176, 0.4325452148914337, 0.4197574257850647, 0.4319889545440674, 0.42087581753730774];1909.4451112747192
550;[1.168386459350586, 1.1640626192092896, 1.1619409322738647, 1.1618913412094116, 1.159866452217102, 1.163230538368225, 1.1704121828079224, 1.1675812005996704, 1.164430856704712, 1.1619086265563965, 1.1627570390701294, 1.1630951166152954, 1.1624726057052612, 1.1649537086486816, 1.1639227867126465, 1.1634212732315063, 1.1777633428573608, 1.1637126207351685, 1.1671655178070068, 1.1698098182678223, 1.166771411895752, 1.169677734375, 1.1671887636184692, 1.1665598154067993, 1.1649168729782104, 1.1719486713409424, 1.1810377836227417, 1.1681448221206665, 1.1674412488937378, 1.16953444480896, 1.1717896461486816];[0.09588392823934555, 0.09371403604745865, 0.09227540343999863, 0.09222818166017532, 0.08973485976457596, 0.08868633210659027, 0.09382891654968262, 0.09091239422559738, 0.09134139120578766, 0.08954139798879623, 0.08876924216747284, 0.08847790211439133, 0.0906330943107605, 0.08945681154727936, 0.08846239745616913, 0.08966439962387085, 0.0961637794971466, 0.09035876393318176, 0.08825155347585678, 0.09345611929893494, 0.08972248435020447, 0.09175089746713638, 0.08813704550266266, 0.09110146015882492, 0.09030639380216599, 0.09236061573028564, 0.09526517987251282, 0.09048167616128922, 0.08858511596918106, 0.0902232825756073, 0.09261400252580643];[-2.1493685245513916, -2.132473945617676, -2.124145030975342, -2.128685474395752, -2.1081550121307373, -2.1045877933502197, -2.127270460128784, -2.1161680221557617, -2.110701322555542, -2.105417490005493, -2.0969178676605225, -2.090622663497925, -2.11173415184021, -2.0927679538726807, -2.0928940773010254, -2.1022632122039795, -2.1418368816375732, -2.100691318511963, -2.0880980491638184, -2.1239571571350098, -2.1029906272888184, -2.1065053939819336, -2.0817346572875977, -2.1052515506744385, -2.0970022678375244, -2.1180570125579834, -2.118943214416504, -2.101552724838257, -2.0746541023254395, -2.096069097518921, -2.1088991165161133];[0.42128321528434753, 0.42541226744651794, 0.42026573419570923, 0.430145263671875, 0.43646475672721863, 0.4437182545661926, 0.42507827281951904, 0.4240380823612213, 0.430969774723053, 0.41896212100982666, 0.440581738948822, 0.4252176284790039, 0.42416372895240784, 0.4144504964351654, 0.41044941544532776, 0.42829424142837524, 0.4185035526752472, 0.4164980947971344, 0.41785502433776855, 0.417188823223114, 0.4056357443332672, 0.4069540500640869, 0.4180445671081543, 0.42269012331962585, 0.430360347032547, 0.41201141476631165, 0.42701616883277893, 0.3945653736591339, 0.41173437237739563, 0.4299848973751068];2004.6646955013275
550;[1.6184897422790527, 1.6141937971115112, 1.6123883724212646, 1.6113754510879517, 1.6104501485824585, 1.6142072677612305, 1.6203124523162842, 1.6175038814544678, 1.6144649982452393, 1.6124297380447388, 1.6120961904525757, 1.6135810613632202, 1.61141836643219, 1.614668846130371, 1.6144893169403076, 1.6125226020812988, 1.6250920295715332, 1.6119468212127686, 1.616080403327942, 1.618582844734192, 1.6172140836715698, 1.6181042194366455, 1.6157559156417847, 1.6165072917938232, 1.6144965887069702, 1.6204533576965332, 1.6275317668914795, 1.6177865266799927, 1.6151738166809082, 1.6193174123764038, 1.6212248802185059];[0.19684773683547974, 0.19628381729125977, 0.19456396996974945, 0.1938927322626114, 0.1926412433385849, 0.19131021201610565, 0.1944815069437027, 0.1922580450773239, 0.19265304505825043, 0.1920316517353058, 0.19042529165744781, 0.19096674025058746, 0.1922254115343094, 0.19112944602966309, 0.19066569209098816, 0.19118939340114594, 0.19487397372722626, 0.19174864888191223, 0.18917100131511688, 0.1942221224308014, 0.19201786816120148, 0.19199134409427643, 0.18898794054985046, 0.19265872240066528, 0.19213318824768066, 0.19292089343070984, 0.19310180842876434, 0.19178636372089386, 0.18931463360786438, 0.19196192920207977, 0.19319042563438416];[-4.308713912963867, -4.2866902351379395, -4.26703405380249, -4.271675109863281, -4.241727352142334, -4.231101989746094, -4.249483585357666, -4.2326979637146, -4.220268726348877, -4.23258113861084, -4.205063819885254, -4.190102577209473, -4.22953987121582, -4.184863567352295, -4.196686267852783, -4.201882839202881, -4.23014497756958, -4.195805549621582, -4.169802665710449, -4.230675220489502, -4.203927993774414, -4.183342933654785, -4.159110069274902, -4.202419757843018, -4.193635940551758, -4.21372652053833, -4.181344509124756, -4.202933311462402, -4.135412216186523, -4.187941074371338, -4.19667387008667];[0.42128321528434753, 0.4256732761859894, 0.42602911591529846, 0.4155283272266388, 0.4284631907939911, 0.4428492784500122, 0.41548392176628113, 0.43824315071105957, 0.4244316518306732, 0.4174233376979828, 0.4317810535430908, 0.4144231975078583, 0.41482222080230713, 0.4136922359466553, 0.41916024684906006, 0.42790332436561584, 0.4199221134185791, 0.41675713658332825, 0.42414775490760803, 0.4225502908229828, 0.4097193777561188, 0.4093755781650543, 0.4211173951625824, 0.41111528873443604, 0.3903139531612396, 0.4084203541278839, 0.42139872908592224, 0.4097667932510376, 0.41466084122657776, 0.4103681743144989];1922.0805916786194
600;[1.171407699584961, 1.166028618812561, 1.1667500734329224, 1.1618064641952515, 1.1666203737258911, 1.159706711769104, 1.167016863822937, 1.1668964624404907, 1.1698057651519775, 1.1688693761825562, 1.1652768850326538, 1.1740320920944214, 1.1686562299728394, 1.1686123609542847, 1.1640033721923828, 1.1630398035049438, 1.173956036567688, 1.1739472150802612, 1.1703987121582031, 1.1665654182434082, 1.1787762641906738, 1.1588386297225952, 1.168502688407898, 1.1673518419265747, 1.1680465936660767, 1.171905279159546, 1.1766270399093628, 1.167423129081726, 1.1696245670318604, 1.165411114692688, 1.1712106466293335];[0.09664159268140793, 0.09471765160560608, 0.09666693210601807, 0.09299162030220032, 0.09548084437847137, 0.0904834121465683, 0.09668687731027603, 0.0937981903553009, 0.09670430421829224, 0.09561018645763397, 0.0949140265583992, 0.09990429133176804, 0.0948263555765152, 0.09482939541339874, 0.09395799040794373, 0.09586155414581299, 0.09568179398775101, 0.09775832295417786, 0.09685386717319489, 0.09599432349205017, 0.09976785629987717, 0.09285235404968262, 0.09375565499067307, 0.09379572421312332, 0.09412068128585815, 0.09596829116344452, 0.09858177602291107, 0.0952645018696785, 0.09417031705379486, 0.09355363249778748, 0.09582473337650299];[-2.1600303649902344, -2.1478707790374756, -2.161289930343628, -2.1304738521575928, -2.144186019897461, -2.130949020385742, -2.159564971923828, -2.141111373901367, -2.1494104862213135, -2.1491801738739014, -2.1513166427612305, -2.1794490814208984, -2.143481969833374, -2.147280693054199, -2.1498897075653076, -2.153362512588501, -2.1433451175689697, -2.1483988761901855, -2.149261236190796, -2.1507387161254883, -2.18039870262146, -2.1290736198425293, -2.145002603530884, -2.140141248703003, -2.1355700492858887, -2.157022476196289, -2.1960220336914062, -2.138136625289917, -2.1443066596984863, -2.135685682296753, -2.142219305038452];[0.46445897221565247, 0.4463893473148346, 0.4307533800601959, 0.4165690839290619, 0.435038685798645, 0.43070366978645325, 0.4559013545513153, 0.438023179769516, 0.42971187829971313, 0.42616376280784607, 0.4140726923942566, 0.43067753314971924, 0.44853150844573975, 0.43098095059394836, 0.4454217851161957, 0.45651641488075256, 0.44654175639152527, 0.41956084966659546, 0.42074814438819885, 0.45474472641944885, 0.4288606345653534, 0.42434364557266235, 0.42260560393333435, 0.4428239166736603, 0.41361138224601746, 0.4177775979042053, 0.4362991154193878, 0.4371541440486908, 0.40745067596435547, 0.42261451482772827];1946.732982635498
600;[1.6207085847854614, 1.6157113313674927, 1.6165566444396973, 1.6127021312713623, 1.6142436265945435, 1.6102694272994995, 1.6169325113296509, 1.6158332824707031, 1.6180880069732666, 1.6179629564285278, 1.6153537034988403, 1.6224013566970825, 1.6170969009399414, 1.6197798252105713, 1.6150070428848267, 1.6124958992004395, 1.6224098205566406, 1.6199898719787598, 1.6206132173538208, 1.6159812211990356, 1.6271802186965942, 1.6083824634552002, 1.618448257446289, 1.6187646389007568, 1.615568995475769, 1.6199172735214233, 1.6255522966384888, 1.6152209043502808, 1.619114637374878, 1.6148616075515747, 1.6194502115249634];[0.19719000160694122, 0.19557005167007446, 0.19801464676856995, 0.19528168439865112, 0.19544383883476257, 0.19335703551769257, 0.19748610258102417, 0.19444189965724945, 0.19629433751106262, 0.1960745006799698, 0.19644246995449066, 0.19889771938323975, 0.19542410969734192, 0.1966167539358139, 0.19680561125278473, 0.1975509375333786, 0.19561386108398438, 0.1960655301809311, 0.19808916747570038, 0.19752752780914307, 0.19872888922691345, 0.19542163610458374, 0.19532008469104767, 0.19588449597358704, 0.19455544650554657, 0.19570738077163696, 0.1987903118133545, 0.1961698979139328, 0.1951243281364441, 0.19561077654361725, 0.1956784874200821];[-4.313953399658203, -4.306666851043701, -4.323681354522705, -4.284262180328369, -4.288795471191406, -4.297760963439941, -4.327639102935791, -4.291027545928955, -4.276332378387451, -4.300591945648193, -4.3188886642456055, -4.344963073730469, -4.287067413330078, -4.31189489364624, -4.329493045806885, -4.3295135498046875, -4.272420883178711, -4.259345531463623, -4.308803081512451, -4.3011250495910645, -4.33868932723999, -4.29033899307251, -4.302587509155273, -4.299851417541504, -4.2628092765808105, -4.307338714599609, -4.33790922164917, -4.274987697601318, -4.303853511810303, -4.292154312133789, -4.2889323234558105];[0.46445897221565247, 0.4484741687774658, 0.4308698773384094, 0.42545586824417114, 0.43119412660598755, 0.4289197325706482, 0.4482739269733429, 0.4323897361755371, 0.4365791380405426, 0.4305502474308014, 0.4280349016189575, 0.4312439560890198, 0.4409678280353546, 0.4394499957561493, 0.4408982992172241, 0.42430371046066284, 0.43114203214645386, 0.43454891443252563, 0.4229981005191803, 0.45498549938201904, 0.4053367078304291, 0.4197898805141449, 0.39487701654434204, 0.4340987205505371, 0.43396201729774475, 0.42803627252578735, 0.429882675409317, 0.426143616437912, 0.4375508427619934, 0.41404989361763];1916.458250761032
650;[1.162111759185791, 1.1567647457122803, 1.1652567386627197, 1.161937952041626, 1.1718056201934814, 1.160386085510254, 1.1634876728057861, 1.1661887168884277, 1.1659507751464844, 1.161584734916687, 1.1591682434082031, 1.1596550941467285, 1.1631673574447632, 1.163717269897461, 1.1620664596557617, 1.164891242980957, 1.1607328653335571, 1.1570481061935425, 1.1679035425186157, 1.1665616035461426, 1.1668959856033325, 1.1693086624145508, 1.1623225212097168, 1.1608285903930664, 1.1638240814208984, 1.1686140298843384, 1.1649407148361206, 1.163360834121704, 1.1656404733657837, 1.1668757200241089, 1.1646071672439575];[0.09368813037872314, 0.09130765497684479, 0.0964142233133316, 0.09091681987047195, 0.09609883278608322, 0.09045326709747314, 0.09498116374015808, 0.09436552226543427, 0.09277112782001495, 0.0924680307507515, 0.09217550605535507, 0.09038011729717255, 0.09166170656681061, 0.09354953467845917, 0.08886002004146576, 0.0919150784611702, 0.09195321053266525, 0.09071100503206253, 0.0948503166437149, 0.09684821218252182, 0.09357570111751556, 0.09451635926961899, 0.08932708203792572, 0.09104738384485245, 0.08812452852725983, 0.088682159781456, 0.08881037682294846, 0.09115025401115417, 0.09186790138483047, 0.09083174169063568, 0.09049864113330841];[-2.140728712081909, -2.1314027309417725, -2.1603002548217773, -2.1280341148376465, -2.1498143672943115, -2.119462013244629, -2.1524477005004883, -2.1414694786071777, -2.130171775817871, -2.1265430450439453, -2.128939390182495, -2.1235718727111816, -2.123427629470825, -2.1357946395874023, -2.1073005199432373, -2.124953508377075, -2.127006769180298, -2.11979341506958, -2.149005889892578, -2.158660888671875, -2.1322202682495117, -2.1351253986358643, -2.1061441898345947, -2.1142852306365967, -2.095939874649048, -2.0930538177490234, -2.0922725200653076, -2.1155192852020264, -2.1123046875, -2.109668731689453, -2.0960209369659424];[0.4383142590522766, 0.42517367005348206, 0.4333297312259674, 0.4329298734664917, 0.433195024728775, 0.418183833360672, 0.44781407713890076, 0.43118777871131897, 0.40568724274635315, 0.4272238314151764, 0.4406096339225769, 0.44090962409973145, 0.46276718378067017, 0.429019957780838, 0.4224700331687927, 0.45294004678726196, 0.41756439208984375, 0.4336000084877014, 0.4087966978549957, 0.4440377354621887, 0.4325966238975525, 0.42303135991096497, 0.4422408640384674, 0.43499940633773804, 0.40716618299484253, 0.4297361373901367, 0.42164209485054016, 0.4200899004936218, 0.4227348268032074, 0.4242415428161621];1922.4996078014374
650;[1.6122995615005493, 1.6084965467453003, 1.6160762310028076, 1.6131172180175781, 1.6209068298339844, 1.61167573928833, 1.6140413284301758, 1.6144014596939087, 1.6151925325393677, 1.6113572120666504, 1.6112353801727295, 1.6110587120056152, 1.6134824752807617, 1.614334225654602, 1.612483263015747, 1.6156598329544067, 1.6116957664489746, 1.6075687408447266, 1.6181972026824951, 1.6154565811157227, 1.6169941425323486, 1.6189682483673096, 1.611518144607544, 1.610897421836853, 1.6122862100601196, 1.6172603368759155, 1.6136415004730225, 1.614241123199463, 1.61466383934021, 1.6166688203811646, 1.6140239238739014];[0.1959082931280136, 0.19514314830303192, 0.1985097974538803, 0.19411727786064148, 0.19659236073493958, 0.19426994025707245, 0.1982283592224121, 0.19590702652931213, 0.19477880001068115, 0.19575680792331696, 0.19683054089546204, 0.19462819397449493, 0.19470658898353577, 0.19659306108951569, 0.19258524477481842, 0.19510415196418762, 0.19606606662273407, 0.19508786499500275, 0.1975695788860321, 0.19935747981071472, 0.19626055657863617, 0.19681036472320557, 0.19258324801921844, 0.19531480967998505, 0.19126468896865845, 0.1909717619419098, 0.19176575541496277, 0.19467128813266754, 0.19402404129505157, 0.19432920217514038, 0.19381183385849];[-4.3158488273620605, -4.309991836547852, -4.342754364013672, -4.296727180480957, -4.3085856437683105, -4.282932758331299, -4.335623741149902, -4.300053119659424, -4.286877155303955, -4.298389911651611, -4.32191801071167, -4.309555530548096, -4.300817489624023, -4.310337543487549, -4.266944408416748, -4.297852993011475, -4.314098834991455, -4.303633689880371, -4.342199802398682, -4.338595867156982, -4.309963703155518, -4.307446479797363, -4.258619785308838, -4.284083366394043, -4.231273174285889, -4.216976642608643, -4.214593887329102, -4.286789894104004, -4.254614353179932, -4.2650227546691895, -4.229091644287109];[0.4383142590522766, 0.42368051409721375, 0.4402264654636383, 0.4059884548187256, 0.447658509016037, 0.44566020369529724, 0.4661290943622589, 0.43686801195144653, 0.4490602910518646, 0.44099608063697815, 0.43220311403274536, 0.4315311014652252, 0.4365641176700592, 0.4342447817325592, 0.39996251463890076, 0.44016268849372864, 0.4220737814903259, 0.44230517745018005, 0.41937142610549927, 0.4301811456680298, 0.4102667570114136, 0.43090179562568665, 0.5095067024230957, 0.4427156150341034, 0.4322831928730011, 0.4279256761074066, 0.4235110878944397, 0.4346888065338135, 0.44110390543937683, 0.42755645513534546];1960.0666327476501
700;[1.159374475479126, 1.1653283834457397, 1.1578584909439087, 1.1637402772903442, 1.1606558561325073, 1.1607553958892822, 1.162940263748169, 1.161757230758667, 1.17337965965271, 1.1646031141281128, 1.1648461818695068, 1.1636464595794678, 1.1597189903259277, 1.1678756475448608, 1.16532301902771, 1.1617428064346313, 1.1669797897338867, 1.1626014709472656, 1.1621103286743164, 1.165832757949829, 1.164669394493103, 1.166126012802124, 1.1633853912353516, 1.1681805849075317, 1.1643235683441162, 1.1659915447235107, 1.163690209388733, 1.1652469635009766, 1.1755738258361816, 1.1723368167877197, 1.1683902740478516];[0.09163589030504227, 0.09593726694583893, 0.09173101931810379, 0.0960293710231781, 0.08993855118751526, 0.0913606733083725, 0.09253450483083725, 0.09174027293920517, 0.09772145748138428, 0.0903155729174614, 0.09433842450380325, 0.09002280980348587, 0.08984695374965668, 0.0942649319767952, 0.09533087909221649, 0.08912075310945511, 0.09209763258695602, 0.09027212113142014, 0.090498186647892, 0.09281474351882935, 0.09270071238279343, 0.09210821241140366, 0.09122690558433533, 0.09023086726665497, 0.09088677167892456, 0.09208788722753525, 0.0912184789776802, 0.09215524792671204, 0.09510769695043564, 0.09419962763786316, 0.09130227565765381];[-2.1340997219085693, -2.1591804027557373, -2.1357529163360596, -2.1547579765319824, -2.120145559310913, -2.131354331970215, -2.1377711296081543, -2.1227900981903076, -2.2134757041931152, -2.114471435546875, -2.132181167602539, -2.1139700412750244, -2.112417221069336, -2.1339614391326904, -2.1364927291870117, -2.1136181354522705, -2.1554534435272217, -2.115429639816284, -2.11550235748291, -2.1463687419891357, -2.132556676864624, -2.1169490814208984, -2.1189205646514893, -2.1092166900634766, -2.1208622455596924, -2.1427273750305176, -2.1251280307769775, -2.1190481185913086, -2.128232479095459, -2.133096694946289, -2.122105121612549];[0.4277840852737427, 0.4519842267036438, 0.4175895154476166, 0.4359235465526581, 0.4150611460208893, 0.43490102887153625, 0.4204500615596771, 0.44150009751319885, 0.4121633768081665, 0.42528876662254333, 0.42376822233200073, 0.4255521595478058, 0.43415728211402893, 0.4275781214237213, 0.41482460498809814, 0.42588138580322266, 0.4449908137321472, 0.4218522906303406, 0.4367579221725464, 0.43662822246551514, 0.426388680934906, 0.4325456917285919, 0.43545639514923096, 0.4378982484340668, 0.43375566601753235, 0.43435654044151306, 0.4089233875274658, 0.4443122148513794, 0.4379803240299225, 0.4311332106590271];1960.4034450054169
700;[1.6106271743774414, 1.6155577898025513, 1.6098167896270752, 1.6150351762771606, 1.61077082157135, 1.613161563873291, 1.6135566234588623, 1.612906575202942, 1.6224250793457031, 1.6157246828079224, 1.6147714853286743, 1.6136561632156372, 1.6103973388671875, 1.6177681684494019, 1.6132636070251465, 1.6124826669692993, 1.617908000946045, 1.6127036809921265, 1.6119598150253296, 1.614715576171875, 1.6139459609985352, 1.6157597303390503, 1.6140048503875732, 1.6153448820114136, 1.6133259534835815, 1.6155966520309448, 1.612985610961914, 1.6132762432098389, 1.6207671165466309, 1.6179379224777222, 1.6163536310195923];[0.19465148448944092, 0.1977684199810028, 0.19572725892066956, 0.19861847162246704, 0.192684143781662, 0.19516193866729736, 0.1947462260723114, 0.19450804591178894, 0.19844567775726318, 0.19287797808647156, 0.19641992449760437, 0.19259339570999146, 0.19382895529270172, 0.19637474417686462, 0.1967705339193344, 0.19225497543811798, 0.19522935152053833, 0.19380199909210205, 0.19401076436042786, 0.19557495415210724, 0.19568705558776855, 0.1948593407869339, 0.19534911215305328, 0.19197136163711548, 0.19390739500522614, 0.19501551985740662, 0.1940213292837143, 0.19465003907680511, 0.1949051469564438, 0.19463211297988892, 0.1933121383190155];[-4.306184768676758, -4.337191581726074, -4.3241190910339355, -4.3436174392700195, -4.274084091186523, -4.312513828277588, -4.302650451660156, -4.280999660491943, -4.366938591003418, -4.261976718902588, -4.286118507385254, -4.262274742126465, -4.267432689666748, -4.293428421020508, -4.295967102050781, -4.275927543640137, -4.337851524353027, -4.283859729766846, -4.276854515075684, -4.304210662841797, -4.304393291473389, -4.27512788772583, -4.286876678466797, -4.246318340301514, -4.28285551071167, -4.31493616104126, -4.296445369720459, -4.277012825012207, -4.254611492156982, -4.277603626251221, -4.277688503265381];[0.4277840852737427, 0.44290411472320557, 0.416704922914505, 0.43588170409202576, 0.43412747979164124, 0.4367549419403076, 0.42397627234458923, 0.46448853611946106, 0.41516509652137756, 0.42368847131729126, 0.41337519884109497, 0.44430670142173767, 0.43561163544654846, 0.4381405711174011, 0.4273659586906433, 0.4199097156524658, 0.43682554364204407, 0.4199093282222748, 0.4286772608757019, 0.4429161548614502, 0.42819374799728394, 0.4299641251564026, 0.4390058219432831, 0.44645267724990845, 0.4502519965171814, 0.44712162017822266, 0.41988563537597656, 0.45593222975730896, 0.4200487434864044, 0.43329697847366333];1940.2807834148407
750;[1.1596049070358276, 1.1728445291519165, 1.1629796028137207, 1.166732907295227, 1.162947177886963, 1.1663721799850464, 1.1634026765823364, 1.1701982021331787, 1.1664910316467285, 1.169437050819397, 1.1659040451049805, 1.16996431350708, 1.1674546003341675, 1.1670283079147339, 1.1660710573196411, 1.165730595588684, 1.1651206016540527, 1.1723906993865967, 1.1723440885543823, 1.1712054014205933, 1.170350193977356, 1.1685950756072998, 1.173929214477539, 1.165923833847046, 1.165702223777771, 1.1750551462173462, 1.1757447719573975, 1.1730265617370605, 1.180991291999817, 1.1671119928359985, 1.1697068214416504];[0.09312707930803299, 0.09760662168264389, 0.0918411985039711, 0.09394557774066925, 0.09106083959341049, 0.09598878026008606, 0.09085043519735336, 0.09318706393241882, 0.08968159556388855, 0.09281179308891296, 0.09063106775283813, 0.09432098269462585, 0.09483670443296432, 0.09540141373872757, 0.09272119402885437, 0.09128407388925552, 0.09366866946220398, 0.09506655484437943, 0.09527116268873215, 0.09582886099815369, 0.09647747874259949, 0.092911496758461, 0.09705478698015213, 0.09392285346984863, 0.09451230615377426, 0.09639003127813339, 0.09814102202653885, 0.09476469457149506, 0.09832198917865753, 0.0914953425526619, 0.09464002400636673];[-2.1452887058258057, -2.149671792984009, -2.1325738430023193, -2.140294075012207, -2.1349868774414062, -2.1403231620788574, -2.1206634044647217, -2.1365978717803955, -2.1217362880706787, -2.124803304672241, -2.108386993408203, -2.1331281661987305, -2.138974666595459, -2.147773504257202, -2.1269304752349854, -2.1244399547576904, -2.139738082885742, -2.14897084236145, -2.153928518295288, -2.1367244720458984, -2.1491472721099854, -2.13836669921875, -2.159419298171997, -2.1465554237365723, -2.1334469318389893, -2.151703119277954, -2.134934663772583, -2.1328325271606445, -2.2005677223205566, -2.116215229034424, -2.1318087577819824];[0.43207305669784546, 0.4126787483692169, 0.42285263538360596, 0.4160934090614319, 0.43377313017845154, 0.43967974185943604, 0.4510241150856018, 0.43240609765052795, 0.4202831983566284, 0.4096527397632599, 0.42130419611930847, 0.44062289595603943, 0.4413474202156067, 0.4197006821632385, 0.4356127381324768, 0.4142347574234009, 0.4383561611175537, 0.43087852001190186, 0.41658079624176025, 0.42396795749664307, 0.4308549761772156, 0.44687139987945557, 0.4400539696216583, 0.41532695293426514, 0.45063087344169617, 0.4338756799697876, 0.4391927123069763, 0.43487340211868286, 0.43077123165130615, 0.42592787742614746];1970.9533016681671
750;[1.6103107929229736, 1.6216803789138794, 1.6137322187423706, 1.6158415079116821, 1.6139200925827026, 1.6156337261199951, 1.6130304336547852, 1.6186721324920654, 1.61529541015625, 1.6168956756591797, 1.6138421297073364, 1.616696834564209, 1.6170023679733276, 1.6152912378311157, 1.6152833700180054, 1.6122342348098755, 1.6134930849075317, 1.619734764099121, 1.6199322938919067, 1.6175580024719238, 1.6180367469787598, 1.6164584159851074, 1.6203492879867554, 1.6130449771881104, 1.61399245262146, 1.6216514110565186, 1.6198539733886719, 1.6200923919677734, 1.6265455484390259, 1.6148942708969116, 1.614798903465271];[0.19536666572093964, 0.19776137173175812, 0.19465509057044983, 0.1954536736011505, 0.19399555027484894, 0.19778814911842346, 0.19336974620819092, 0.19404758512973785, 0.19142462313175201, 0.19357633590698242, 0.19254432618618011, 0.19395938515663147, 0.19705022871494293, 0.19669806957244873, 0.19514727592468262, 0.19211862981319427, 0.19587579369544983, 0.19587691128253937, 0.1959577053785324, 0.19551540911197662, 0.19731684029102325, 0.19393275678157806, 0.1967795044183731, 0.19511659443378448, 0.19622626900672913, 0.19594234228134155, 0.19600482285022736, 0.19479794800281525, 0.19762802124023438, 0.19347241520881653, 0.19417524337768555];[-4.32952880859375, -4.292397975921631, -4.301709175109863, -4.297175407409668, -4.319149971008301, -4.302414894104004, -4.278491497039795, -4.287854194641113, -4.266240119934082, -4.259500026702881, -4.240077018737793, -4.26469087600708, -4.300885200500488, -4.3092360496521, -4.275876998901367, -4.2711052894592285, -4.306921005249023, -4.298949241638184, -4.310647010803223, -4.266842365264893, -4.301150798797607, -4.293782711029053, -4.291597843170166, -4.3126912117004395, -4.2841477394104, -4.297236442565918, -4.240918159484863, -4.272684097290039, -4.330386638641357, -4.240737438201904, -4.253824710845947];[0.43207305669784546, 0.4057387709617615, 0.41347670555114746, 0.4474591314792633, 0.43164053559303284, 0.44417425990104675, 0.4299861192703247, 0.42937469482421875, 0.4397139251232147, 0.4465166926383972, 0.43417027592658997, 0.4363483488559723, 0.43153300881385803, 0.4311930239200592, 0.43087753653526306, 0.421023428440094, 0.43264326453208923, 0.40372535586357117, 0.42405566573143005, 0.4434773325920105, 0.431444376707077, 0.44468072056770325, 0.43268856406211853, 0.4144364297389984, 0.4471310079097748, 0.43134433031082153, 0.4231961965560913, 0.43786925077438354, 0.42263320088386536, 0.42781659960746765];1974.0015842914581
800;[1.1682668924331665, 1.1552194356918335, 1.162570834159851, 1.1693185567855835, 1.1665408611297607, 1.1636688709259033, 1.159673810005188, 1.1623777151107788, 1.1578576564788818, 1.1637078523635864, 1.1640586853027344, 1.1637250185012817, 1.1623114347457886, 1.1630334854125977, 1.167039155960083, 1.1751786470413208, 1.1643332242965698, 1.1683961153030396, 1.1738203763961792, 1.1682549715042114, 1.170981764793396, 1.1703619956970215, 1.173296332359314, 1.1701663732528687, 1.1737346649169922, 1.1729220151901245, 1.1712361574172974, 1.1738708019256592, 1.1721640825271606, 1.1676132678985596, 1.167818546295166];[0.09422265738248825, 0.08922617882490158, 0.09098760783672333, 0.09521855413913727, 0.09434415400028229, 0.09247984737157822, 0.09206975251436234, 0.09140278398990631, 0.09107869118452072, 0.09308986365795135, 0.09406419098377228, 0.09242086857557297, 0.09097978472709656, 0.09068688750267029, 0.09323663264513016, 0.09707187861204147, 0.0924176499247551, 0.09334943443536758, 0.0976598784327507, 0.09037496149539948, 0.09458532929420471, 0.09504271298646927, 0.0948256105184555, 0.09379944205284119, 0.09405779093503952, 0.0944015383720398, 0.08852339535951614, 0.09418616443872452, 0.09335098415613174, 0.08923790603876114, 0.09147036075592041];[-2.1480984687805176, -2.114753007888794, -2.1218762397766113, -2.175464630126953, -2.136234998703003, -2.128666877746582, -2.136326789855957, -2.1260788440704346, -2.119947671890259, -2.13150691986084, -2.130594491958618, -2.1324925422668457, -2.1179113388061523, -2.1107468605041504, -2.129058837890625, -2.138758897781372, -2.1215484142303467, -2.1292126178741455, -2.1605746746063232, -2.1045329570770264, -2.1307339668273926, -2.1445977687835693, -2.1347954273223877, -2.1288366317749023, -2.1225805282592773, -2.1219441890716553, -2.0924832820892334, -2.1214356422424316, -2.112884521484375, -2.084484815597534, -2.1009297370910645];[0.43543270230293274, 0.42261937260627747, 0.4709719717502594, 0.442164808511734, 0.4154246151447296, 0.41779834032058716, 0.44835248589515686, 0.43316489458084106, 0.43658724427223206, 0.42351406812667847, 0.43860289454460144, 0.43135952949523926, 0.43502840399742126, 0.44295552372932434, 0.44454652070999146, 0.4348047375679016, 0.45605921745300293, 0.4420735836029053, 0.4499407112598419, 0.4307819902896881, 0.4246162176132202, 0.42548465728759766, 0.43715932965278625, 0.44428661465644836, 0.4252265989780426, 0.4339025914669037, 0.42055752873420715, 0.418530136346817, 0.42124971747398376, 0.4279870092868805];1970.6928663253784
800;[1.6170990467071533, 1.6065353155136108, 1.6130273342132568, 1.61907958984375, 1.6162031888961792, 1.6148446798324585, 1.6115370988845825, 1.6130324602127075, 1.608618974685669, 1.6135374307632446, 1.6141420602798462, 1.6153191328048706, 1.612489938735962, 1.612606167793274, 1.6172385215759277, 1.6228032112121582, 1.6144872903823853, 1.61845064163208, 1.6225690841674805, 1.6168577671051025, 1.6196194887161255, 1.6188825368881226, 1.6222271919250488, 1.6182761192321777, 1.6207064390182495, 1.6209956407546997, 1.6194459199905396, 1.6203306913375854, 1.620690107345581, 1.6144205331802368, 1.6156439781188965];[0.19475021958351135, 0.1930505931377411, 0.19331127405166626, 0.19689002633094788, 0.19569015502929688, 0.19510991871356964, 0.1952216625213623, 0.19392511248588562, 0.19436819851398468, 0.19484497606754303, 0.19593168795108795, 0.19511108100414276, 0.19371430575847626, 0.19266410171985626, 0.19498172402381897, 0.19610776007175446, 0.19474120438098907, 0.19530180096626282, 0.19793124496936798, 0.1915355622768402, 0.19508324563503265, 0.19551613926887512, 0.1952933967113495, 0.19391587376594543, 0.19387447834014893, 0.19514866173267365, 0.18921074271202087, 0.193625807762146, 0.19426167011260986, 0.1901922971010208, 0.19279323518276215];[-4.297055244445801, -4.274356365203857, -4.272191047668457, -4.322061061859131, -4.281020164489746, -4.286973476409912, -4.305884838104248, -4.2704339027404785, -4.277744770050049, -4.274849891662598, -4.278810501098633, -4.293298721313477, -4.260950565338135, -4.2386884689331055, -4.269281387329102, -4.250865459442139, -4.269267559051514, -4.273723125457764, -4.324472427368164, -4.219254493713379, -4.254896640777588, -4.2890706062316895, -4.262096881866455, -4.249691486358643, -4.233021259307861, -4.249172687530518, -4.1911091804504395, -4.2302775382995605, -4.230505466461182, -4.174500942230225, -4.2073750495910645];[0.43543270230293274, 0.42133548855781555, 0.4714904725551605, 0.442308634519577, 0.43079471588134766, 0.444225937128067, 0.42605048418045044, 0.43341362476348877, 0.4366978406906128, 0.4240792393684387, 0.4395381808280945, 0.443452924489975, 0.43582192063331604, 0.4561457931995392, 0.44510552287101746, 0.4237655699253082, 0.4448290467262268, 0.4550800323486328, 0.4504166543483734, 0.43198004364967346, 0.44689032435417175, 0.4288233816623688, 0.43625956773757935, 0.44477328658103943, 0.42741045355796814, 0.42648231983184814, 0.41201338171958923, 0.42827457189559937, 0.43666693568229675, 0.41553789377212524];1963.1409318447113
850;[1.1644517183303833, 1.1601738929748535, 1.1572760343551636, 1.1627726554870605, 1.1625611782073975, 1.1654589176177979, 1.1682358980178833, 1.1626224517822266, 1.1592310667037964, 1.1668280363082886, 1.1646090745925903, 1.1590849161148071, 1.162490725517273, 1.170938491821289, 1.1657353639602661, 1.1678893566131592, 1.1618986129760742, 1.1637674570083618, 1.169287919998169, 1.1649024486541748, 1.1644986867904663, 1.162798285484314, 1.1673948764801025, 1.1636086702346802, 1.1744663715362549, 1.1656479835510254, 1.162591576576233, 1.1649582386016846, 1.1719121932983398, 1.1686023473739624, 1.1722962856292725];[0.09424109756946564, 0.09167549014091492, 0.0913725346326828, 0.09206485003232956, 0.09189628809690475, 0.09448300302028656, 0.09090211242437363, 0.09146931022405624, 0.08980768173933029, 0.09263637661933899, 0.08846064656972885, 0.08799963444471359, 0.08766993880271912, 0.09093027561903, 0.08942858129739761, 0.09141968935728073, 0.08850528299808502, 0.08995679020881653, 0.09109662473201752, 0.0890643298625946, 0.0902516096830368, 0.08692894130945206, 0.08853596448898315, 0.08824729174375534, 0.0911787673830986, 0.0880354717373848, 0.0863620862364769, 0.08635558187961578, 0.0909990668296814, 0.08833172172307968, 0.08919858187437057];[-2.1420042514801025, -2.13399076461792, -2.1296563148498535, -2.1288375854492188, -2.11917781829834, -2.1339285373687744, -2.112969160079956, -2.117922306060791, -2.1093242168426514, -2.1196160316467285, -2.0939993858337402, -2.0974624156951904, -2.0855939388275146, -2.1042263507843018, -2.0868265628814697, -2.1056461334228516, -2.09677791595459, -2.089132070541382, -2.0970003604888916, -2.0812265872955322, -2.09668231010437, -2.07389497756958, -2.0877604484558105, -2.081681966781616, -2.087830066680908, -2.0671639442443848, -2.0646705627441406, -2.058095693588257, -2.0959784984588623, -2.0750999450683594, -2.0837972164154053];[0.43179649114608765, 0.42126134037971497, 0.4479559659957886, 0.4230588376522064, 0.4528767466545105, 0.42959967255592346, 0.41445454955101013, 0.4341951608657837, 0.42217010259628296, 0.4327985346317291, 0.42009395360946655, 0.4151114225387573, 0.41592398285865784, 0.45941466093063354, 0.4342162609100342, 0.4212998151779175, 0.3976213335990906, 0.40161532163619995, 0.4172526001930237, 0.4078311324119568, 0.38558530807495117, 0.3985641598701477, 0.4109363853931427, 0.4137635827064514, 0.41713154315948486, 0.4228927791118622, 0.3935100734233856, 0.4076237678527832, 0.4277351498603821, 0.3931562900543213];1988.5938467979431
850;[1.6162211894989014, 1.6121684312820435, 1.6081196069717407, 1.6131521463394165, 1.6132439374923706, 1.6161929368972778, 1.6182453632354736, 1.612781286239624, 1.6095126867294312, 1.6175793409347534, 1.615454077720642, 1.6109691858291626, 1.6125832796096802, 1.6208231449127197, 1.6152839660644531, 1.6168221235275269, 1.6129273176193237, 1.613308310508728, 1.617729663848877, 1.6141510009765625, 1.613715648651123, 1.6133267879486084, 1.616507887840271, 1.6133301258087158, 1.623673439025879, 1.6143016815185547, 1.6124731302261353, 1.6135481595993042, 1.620654821395874, 1.6185357570648193, 1.6209179162979126];[0.19707980751991272, 0.1950015127658844, 0.19401027262210846, 0.19457198679447174, 0.1947319507598877, 0.19681505858898163, 0.19270619750022888, 0.19406907260417938, 0.19358350336551666, 0.19498570263385773, 0.19161561131477356, 0.19228291511535645, 0.19091948866844177, 0.19227468967437744, 0.19226285815238953, 0.19345319271087646, 0.19278764724731445, 0.19306889176368713, 0.19229573011398315, 0.19211791455745697, 0.19318020343780518, 0.19051507115364075, 0.19086621701717377, 0.19157038629055023, 0.19278299808502197, 0.19083808362483978, 0.19021138548851013, 0.18925277888774872, 0.1929606944322586, 0.19121770560741425, 0.19092053174972534];[-4.311631679534912, -4.305664539337158, -4.295261859893799, -4.284826278686523, -4.263614654541016, -4.289085865020752, -4.241811752319336, -4.261929512023926, -4.265183448791504, -4.266345024108887, -4.223723411560059, -4.245831489562988, -4.206940650939941, -4.2251152992248535, -4.1908979415893555, -4.233007431030273, -4.238945484161377, -4.211144924163818, -4.209548473358154, -4.19309663772583, -4.2272844314575195, -4.192016124725342, -4.1997528076171875, -4.206960678100586, -4.189606189727783, -4.1612019538879395, -4.169793128967285, -4.1468825340271, -4.219165325164795, -4.179713726043701, -4.1875386238098145];[0.43179649114608765, 0.4263397455215454, 0.4511142671108246, 0.42107120156288147, 0.42501816153526306, 0.43209072947502136, 0.437084823846817, 0.41580069065093994, 0.42462608218193054, 0.43141815066337585, 0.43276768922805786, 0.4261323809623718, 0.4254986345767975, 0.4663219749927521, 0.4217085838317871, 0.42367520928382874, 0.4162960350513458, 0.43625664710998535, 0.4197755753993988, 0.4353634715080261, 0.41807377338409424, 0.41896817088127136, 0.4197709858417511, 0.42013272643089294, 0.4358512759208679, 0.42562344670295715, 0.42133021354675293, 0.42423442006111145, 0.41505560278892517, 0.4236518144607544];1963.9471173286438
900;[1.1650480031967163, 1.1573377847671509, 1.159023642539978, 1.168117642402649, 1.1543935537338257, 1.1632235050201416, 1.1641706228256226, 1.16317617893219, 1.1644366979599, 1.1572542190551758, 1.1580361127853394, 1.1715348958969116, 1.1571723222732544, 1.1639814376831055, 1.1702852249145508, 1.1670947074890137, 1.1565759181976318, 1.1591709852218628, 1.1656591892242432, 1.1508731842041016, 1.158177375793457, 1.1545199155807495, 1.165552020072937, 1.1602976322174072, 1.1602234840393066, 1.158911108970642, 1.1617474555969238, 1.1628412008285522, 1.1571885347366333, 1.1604697704315186, 1.1584237813949585];[0.09241397678852081, 0.0934436023235321, 0.09254001080989838, 0.09715445339679718, 0.0908723697066307, 0.09546196460723877, 0.09478446841239929, 0.09145832806825638, 0.09755872189998627, 0.0909028872847557, 0.09051228314638138, 0.09810961037874222, 0.0925910696387291, 0.09515857696533203, 0.0974447950720787, 0.09657149016857147, 0.0944170355796814, 0.09466830641031265, 0.09370673447847366, 0.09266291558742523, 0.09313077479600906, 0.09053729474544525, 0.0958235040307045, 0.09278704971075058, 0.09282472729682922, 0.09189647436141968, 0.09228494018316269, 0.09228938072919846, 0.09114043414592743, 0.0956592857837677, 0.09046957641839981];[-2.1372082233428955, -2.141249179840088, -2.1497886180877686, -2.1645209789276123, -2.1271395683288574, -2.161576747894287, -2.1556015014648438, -2.133112907409668, -2.1646225452423096, -2.130819320678711, -2.123605489730835, -2.1691460609436035, -2.14461088180542, -2.15970516204834, -2.1711671352386475, -2.1594319343566895, -2.161094903945923, -2.1593613624572754, -2.1529312133789062, -2.144514322280884, -2.1493234634399414, -2.1190946102142334, -2.151388168334961, -2.133711099624634, -2.1369664669036865, -2.126612663269043, -2.141052722930908, -2.1353890895843506, -2.13179874420166, -2.1520628929138184, -2.1263296604156494];[0.4415842294692993, 0.4308931231498718, 0.43003222346305847, 0.41246703267097473, 0.4161278307437897, 0.4328625500202179, 0.4197009801864624, 0.43908482789993286, 0.44878914952278137, 0.44201186299324036, 0.46043553948402405, 0.45329487323760986, 0.4429600238800049, 0.4585496187210083, 0.44838646054267883, 0.43977856636047363, 0.43614092469215393, 0.43656572699546814, 0.4440153241157532, 0.43814775347709656, 0.43025511503219604, 0.4325709939002991, 0.44859442114830017, 0.43076395988464355, 0.42667803168296814, 0.4470002055168152, 0.4499429762363434, 0.43302637338638306, 0.433303564786911, 0.44112128019332886];1959.0648097991943
900;[1.6162954568862915, 1.607677936553955, 1.6119493246078491, 1.6181628704071045, 1.6064058542251587, 1.6140207052230835, 1.6161692142486572, 1.614171028137207, 1.6160693168640137, 1.6087472438812256, 1.6104652881622314, 1.6207340955734253, 1.609615445137024, 1.6148912906646729, 1.6189919710159302, 1.616739273071289, 1.6091545820236206, 1.6103318929672241, 1.616585612297058, 1.6043627262115479, 1.6106809377670288, 1.6048234701156616, 1.6159905195236206, 1.6123161315917969, 1.6112549304962158, 1.610329508781433, 1.6130415201187134, 1.6135356426239014, 1.6085315942764282, 1.6112419366836548, 1.609776496887207];[0.1951165646314621, 0.19650937616825104, 0.1964489072561264, 0.19775347411632538, 0.19504596292972565, 0.19797256588935852, 0.19715160131454468, 0.1934889554977417, 0.20000962913036346, 0.19466356933116913, 0.19460812211036682, 0.1980840116739273, 0.19702793657779694, 0.19750931859016418, 0.19798152148723602, 0.19764499366283417, 0.19879910349845886, 0.19828219711780548, 0.19606924057006836, 0.1986316293478012, 0.1976659893989563, 0.1944637894630432, 0.19805118441581726, 0.19724172353744507, 0.19665612280368805, 0.19628554582595825, 0.19577941298484802, 0.19547057151794434, 0.1955505609512329, 0.19944891333580017, 0.19515064358711243];[-4.307248115539551, -4.322976589202881, -4.353501796722412, -4.339473724365234, -4.308891773223877, -4.338364124298096, -4.3361005783081055, -4.292145252227783, -4.357728004455566, -4.31286096572876, -4.293210029602051, -4.343118667602539, -4.345425605773926, -4.353059768676758, -4.35226583480835, -4.336486339569092, -4.390676498413086, -4.374904155731201, -4.346506118774414, -4.3757100105285645, -4.368720531463623, -4.297554969787598, -4.3426127433776855, -4.335181713104248, -4.328099727630615, -4.317264556884766, -4.344831466674805, -4.317143440246582, -4.3341169357299805, -4.362700939178467, -4.332249164581299];[0.4415842294692993, 0.4364657700061798, 0.42666083574295044, 0.4336794912815094, 0.43572089076042175, 0.4286583364009857, 0.4294561445713043, 0.44660884141921997, 0.4486968219280243, 0.44282159209251404, 0.4523174464702606, 0.45354315638542175, 0.45238739252090454, 0.45318907499313354, 0.4480225145816803, 0.46372926235198975, 0.44104552268981934, 0.4541020393371582, 0.4128239154815674, 0.43662652373313904, 0.42696475982666016, 0.4140874147415161, 0.4450017213821411, 0.4225192368030548, 0.4461219608783722, 0.43453124165534973, 0.4537601172924042, 0.4388352632522583, 0.439853310585022, 0.44388484954833984];1955.954796552658
950;[1.161017894744873, 1.1590139865875244, 1.1581896543502808, 1.163728952407837, 1.1630496978759766, 1.1607813835144043, 1.1604939699172974, 1.1588412523269653, 1.1647651195526123, 1.157414197921753, 1.1624313592910767, 1.1667903661727905, 1.1605000495910645, 1.1645398139953613, 1.1596922874450684, 1.1587631702423096, 1.1619553565979004, 1.1596280336380005, 1.1594599485397339, 1.1611075401306152, 1.1618783473968506, 1.16629958152771, 1.1621670722961426, 1.159921407699585, 1.164490818977356, 1.1596745252609253, 1.1629432439804077, 1.1626595258712769, 1.161490559577942, 1.1587729454040527, 1.1667051315307617];[0.09037106484174728, 0.09148631989955902, 0.09226660430431366, 0.093367800116539, 0.09262979030609131, 0.09472465515136719, 0.09105419367551804, 0.09190643578767776, 0.09577580541372299, 0.08995722979307175, 0.09086126834154129, 0.09379744529724121, 0.09035945683717728, 0.09377279132604599, 0.08893773704767227, 0.08900883793830872, 0.09224040061235428, 0.08985796570777893, 0.08871529251337051, 0.0887751653790474, 0.08908042311668396, 0.09182637929916382, 0.0897321030497551, 0.08941847831010818, 0.09148328751325607, 0.08948831260204315, 0.09056233614683151, 0.09031321108341217, 0.08880987018346786, 0.08745446801185608, 0.0911959707736969];[-2.1327083110809326, -2.1321589946746826, -2.1420650482177734, -2.1519887447357178, -2.1274573802948, -2.138308048248291, -2.118358850479126, -2.131497621536255, -2.154320240020752, -2.1249613761901855, -2.121842622756958, -2.137636423110962, -2.1228647232055664, -2.1426267623901367, -2.105262279510498, -2.0999464988708496, -2.1179447174072266, -2.1113407611846924, -2.107595682144165, -2.1019649505615234, -2.1070611476898193, -2.1110963821411133, -2.096707582473755, -2.101543426513672, -2.0958669185638428, -2.098078727722168, -2.1114325523376465, -2.0997509956359863, -2.1001298427581787, -2.0848960876464844, -2.110868215560913];[0.477462500333786, 0.42715516686439514, 0.42223724722862244, 0.4571874141693115, 0.4334198832511902, 0.45861107110977173, 0.42448320984840393, 0.4153696894645691, 0.44086816906929016, 0.4272918403148651, 0.44332364201545715, 0.44304952025413513, 0.42889559268951416, 0.41822659969329834, 0.4285103380680084, 0.44691556692123413, 0.4274837374687195, 0.44428330659866333, 0.41404521465301514, 0.4197330176830292, 0.4519149363040924, 0.43406039476394653, 0.41756752133369446, 0.41547203063964844, 0.425078809261322, 0.42843183875083923, 0.4244444966316223, 0.4417687952518463, 0.4218178689479828, 0.43200230598449707];1982.2726414203644
950;[1.6131248474121094, 1.6102631092071533, 1.6109882593154907, 1.6147520542144775, 1.6134449243545532, 1.610844373703003, 1.611717700958252, 1.6097365617752075, 1.6156455278396606, 1.609164834022522, 1.613328456878662, 1.6171318292617798, 1.6118581295013428, 1.6156240701675415, 1.6112643480300903, 1.6103183031082153, 1.6121411323547363, 1.6115508079528809, 1.6121091842651367, 1.613923192024231, 1.6131190061569214, 1.6159123182296753, 1.6129486560821533, 1.6110777854919434, 1.6144866943359375, 1.6100822687149048, 1.6130845546722412, 1.6140756607055664, 1.6117440462112427, 1.60928213596344, 1.6183130741119385];[0.19331327080726624, 0.19471792876720428, 0.19626958668231964, 0.19584079086780548, 0.19528134167194366, 0.1978221982717514, 0.1952519416809082, 0.19569236040115356, 0.19888339936733246, 0.19527705013751984, 0.19484759867191315, 0.19680407643318176, 0.19512812793254852, 0.19709168374538422, 0.1942918747663498, 0.19507750868797302, 0.19670306146144867, 0.19531367719173431, 0.19486409425735474, 0.1949184685945511, 0.19424645602703094, 0.195851668715477, 0.19460847973823547, 0.19501438736915588, 0.195403590798378, 0.19469383358955383, 0.19545024633407593, 0.19568927586078644, 0.1935432404279709, 0.1931145191192627, 0.1957983821630478];[-4.304348468780518, -4.30209493637085, -4.338371276855469, -4.351396560668945, -4.295835971832275, -4.320965766906738, -4.291794776916504, -4.32522439956665, -4.356782913208008, -4.327932834625244, -4.3056111335754395, -4.330254077911377, -4.3213791847229, -4.353548049926758, -4.293632507324219, -4.2875590324401855, -4.304550647735596, -4.311654090881348, -4.306776523590088, -4.292985916137695, -4.297178745269775, -4.29035758972168, -4.275714874267578, -4.28964376449585, -4.24613618850708, -4.276516914367676, -4.2906293869018555, -4.282012462615967, -4.27508020401001, -4.253471851348877, -4.285688877105713];[0.477462500333786, 0.43659502267837524, 0.42140600085258484, 0.4234924912452698, 0.4361104965209961, 0.46487748622894287, 0.4277323782444, 0.43069297075271606, 0.4330856502056122, 0.4326801896095276, 0.4437057077884674, 0.4494676887989044, 0.4292900264263153, 0.44471475481987, 0.4400536119937897, 0.4366822838783264, 0.4503909647464752, 0.4529193937778473, 0.42155301570892334, 0.4276091456413269, 0.42143943905830383, 0.4297081530094147, 0.43150538206100464, 0.4253770112991333, 0.4239088296890259, 0.44264698028564453, 0.4328518211841583, 0.45568642020225525, 0.4318494200706482, 0.43217045068740845];1981.6548345088959
1000;[1.1615561246871948, 1.1614247560501099, 1.159339427947998, 1.1565834283828735, 1.1626648902893066, 1.1602352857589722, 1.167703628540039, 1.1581251621246338, 1.1592670679092407, 1.1633596420288086, 1.1646158695220947, 1.159225583076477, 1.167513132095337, 1.159333348274231, 1.164069414138794, 1.163682460784912, 1.1702872514724731, 1.1768332719802856, 1.1657929420471191, 1.1657342910766602, 1.1687195301055908, 1.168288230895996, 1.1644686460494995, 1.16929292678833, 1.1702526807785034, 1.166229009628296, 1.1635291576385498, 1.1719049215316772, 1.1666886806488037, 1.1679421663284302, 1.1687214374542236];[0.0941038653254509, 0.09272772818803787, 0.0942484438419342, 0.09182417392730713, 0.09660669416189194, 0.09497038275003433, 0.09716594219207764, 0.09395036101341248, 0.09377074986696243, 0.09612546116113663, 0.09377212822437286, 0.091629758477211, 0.09469491243362427, 0.09072245657444, 0.09551050513982773, 0.0933147445321083, 0.09483009576797485, 0.0989803895354271, 0.09280075877904892, 0.09427063912153244, 0.09457229822874069, 0.0944562554359436, 0.09208200871944427, 0.09596798568964005, 0.0956544429063797, 0.0919627994298935, 0.0916326493024826, 0.09619031101465225, 0.09077511727809906, 0.09291595220565796, 0.09558660537004471];[-2.141822099685669, -2.141953945159912, -2.151366949081421, -2.128774404525757, -2.170414924621582, -2.1548988819122314, -2.1678898334503174, -2.1474239826202393, -2.1572694778442383, -2.1546549797058105, -2.1472556591033936, -2.1353671550750732, -2.1348187923431396, -2.1201858520507812, -2.1633388996124268, -2.137430429458618, -2.141387939453125, -2.1745717525482178, -2.1264898777008057, -2.133413791656494, -2.143829107284546, -2.1467678546905518, -2.1133627891540527, -2.135921001434326, -2.1435019969940186, -2.112140417098999, -2.120626926422119, -2.147465467453003, -2.109933853149414, -2.1250340938568115, -2.1452462673187256];[0.4151111841201782, 0.446544885635376, 0.45950087904930115, 0.43629106879234314, 0.4406028389930725, 0.4199273884296417, 0.4412267506122589, 0.43296322226524353, 0.4252244532108307, 0.4652409255504608, 0.4322277903556824, 0.446883887052536, 0.43005111813545227, 0.4457966685295105, 0.4250015616416931, 0.44937923550605774, 0.430604487657547, 0.42450302839279175, 0.42336899042129517, 0.4424574673175812, 0.42791903018951416, 0.41196778416633606, 0.43953144550323486, 0.414781391620636, 0.41761478781700134, 0.4169682264328003, 0.43789443373680115, 0.42663758993148804, 0.425279825925827, 0.4300406277179718];1950.168734073639
1000;[1.6132582426071167, 1.6124523878097534, 1.6119744777679443, 1.607083797454834, 1.6140450239181519, 1.611860752105713, 1.6167250871658325, 1.6102010011672974, 1.6127809286117554, 1.6135307550430298, 1.6148425340652466, 1.6102321147918701, 1.6155866384506226, 1.6092795133590698, 1.6148520708084106, 1.6134607791900635, 1.6202898025512695, 1.625023603439331, 1.6145026683807373, 1.6165192127227783, 1.61747407913208, 1.6170133352279663, 1.614227533340454, 1.6180180311203003, 1.6186816692352295, 1.6140966415405273, 1.6119955778121948, 1.6191205978393555, 1.615911602973938, 1.6160459518432617, 1.6164920330047607];[0.19722311198711395, 0.19515661895275116, 0.19779488444328308, 0.1944354623556137, 0.19882388412952423, 0.19813835620880127, 0.19781047105789185, 0.19788357615470886, 0.19793902337551117, 0.19835907220840454, 0.19593088328838348, 0.19518084824085236, 0.19559966027736664, 0.1936890035867691, 0.1981915533542633, 0.19582056999206543, 0.19611132144927979, 0.19874273240566254, 0.19433359801769257, 0.196883425116539, 0.19541864097118378, 0.19529077410697937, 0.1948491781949997, 0.19719313085079193, 0.1962192803621292, 0.19376514852046967, 0.19348888099193573, 0.19633105397224426, 0.19275905191898346, 0.19385872781276703, 0.19663357734680176];[-4.313696384429932, -4.314918041229248, -4.3444743156433105, -4.283421993255615, -4.369682312011719, -4.345861911773682, -4.349037170410156, -4.350629806518555, -4.375795841217041, -4.347811698913574, -4.331456661224365, -4.322835445404053, -4.279404640197754, -4.274721622467041, -4.353884696960449, -4.30379581451416, -4.294378757476807, -4.321189880371094, -4.273170471191406, -4.296564102172852, -4.3055500984191895, -4.305798530578613, -4.258713245391846, -4.280785083770752, -4.284443378448486, -4.23661470413208, -4.266052722930908, -4.302860736846924, -4.2337236404418945, -4.2567853927612305, -4.302325248718262];[0.4151111841201782, 0.4270397424697876, 0.4359840750694275, 0.424847811460495, 0.45433270931243896, 0.42667335271835327, 0.43047547340393066, 0.4247705042362213, 0.42764320969581604, 0.42358237504959106, 0.459441602230072, 0.4247351586818695, 0.44762441515922546, 0.42708539962768555, 0.433931440114975, 0.4379468858242035, 0.43073800206184387, 0.423152893781662, 0.43510058522224426, 0.4463942348957062, 0.41986387968063354, 0.4496638774871826, 0.45046690106391907, 0.417574405670166, 0.4180571436882019, 0.4408487379550934, 0.4237128794193268, 0.4241020381450653, 0.43379414081573486, 0.44076722860336304];1941.851648569107
1050;[1.1647053956985474, 1.161301612854004, 1.1700063943862915, 1.167286992073059, 1.1713154315948486, 1.1626850366592407, 1.1631834506988525, 1.1621453762054443, 1.1609224081039429, 1.1786020994186401, 1.1640148162841797, 1.165723443031311, 1.1763718128204346, 1.1680761575698853, 1.1697416305541992, 1.163514494895935, 1.1698046922683716, 1.1704628467559814, 1.163846731185913, 1.1637074947357178, 1.169192910194397, 1.165244698524475, 1.1688531637191772, 1.1745389699935913, 1.1717690229415894, 1.1709485054016113, 1.1655948162078857, 1.1691007614135742, 1.1813952922821045, 1.1646751165390015, 1.1703144311904907];[0.09442006051540375, 0.09129302203655243, 0.09417261928319931, 0.09403130412101746, 0.09784815460443497, 0.08743545413017273, 0.08914002776145935, 0.08914350718259811, 0.0872550755739212, 0.09549829363822937, 0.08688762784004211, 0.09026367217302322, 0.09263937175273895, 0.08937060087919235, 0.09412979334592819, 0.08881554007530212, 0.08928713947534561, 0.09026998281478882, 0.08738035708665848, 0.08653533458709717, 0.09008515626192093, 0.08798866719007492, 0.08998588472604752, 0.09265583008527756, 0.08898694813251495, 0.09166381508111954, 0.08761733770370483, 0.08914187550544739, 0.0954032763838768, 0.08895771950483322, 0.0902872160077095];[-2.1373770236968994, -2.1282472610473633, -2.139726400375366, -2.1469461917877197, -2.152324914932251, -2.095292806625366, -2.095679521560669, -2.100644588470459, -2.0901944637298584, -2.11506724357605, -2.0770180225372314, -2.105215311050415, -2.114729881286621, -2.0845463275909424, -2.104501485824585, -2.0862131118774414, -2.0874240398406982, -2.0959715843200684, -2.0788168907165527, -2.0699315071105957, -2.0939981937408447, -2.0798346996307373, -2.0889713764190674, -2.1120033264160156, -2.0887129306793213, -2.1016218662261963, -2.080091953277588, -2.080207586288452, -2.1248812675476074, -2.0910441875457764, -2.091488838195801];[0.4303419888019562, 0.44518211483955383, 0.428881973028183, 0.41514936089515686, 0.4305589497089386, 0.42394912242889404, 0.4164418876171112, 0.4090779423713684, 0.41588422656059265, 0.42348653078079224, 0.419803261756897, 0.4221528172492981, 0.4134104549884796, 0.39891383051872253, 0.41037291288375854, 0.42823827266693115, 0.4317972660064697, 0.43236297369003296, 0.41207563877105713, 0.4064996540546417, 0.4320072829723358, 0.40694960951805115, 0.40838462114334106, 0.40729913115501404, 0.40422841906547546, 0.41322061419487, 0.40884265303611755, 0.42874449491500854, 0.42721280455589294, 0.424456924200058];1968.91593003273
1050;[1.6144083738327026, 1.6134170293807983, 1.6197739839553833, 1.6171250343322754, 1.62083101272583, 1.6129686832427979, 1.613777995109558, 1.6123065948486328, 1.61127769947052, 1.6245746612548828, 1.6125500202178955, 1.613986849784851, 1.6235671043395996, 1.616174340248108, 1.6169288158416748, 1.6120009422302246, 1.6169769763946533, 1.6176742315292358, 1.612652063369751, 1.6118911504745483, 1.6170117855072021, 1.6124107837677002, 1.6161280870437622, 1.6219189167022705, 1.6188178062438965, 1.618377447128296, 1.6146252155303955, 1.6160469055175781, 1.6272497177124023, 1.6142611503601074, 1.617926001548767];[0.1964011937379837, 0.194787859916687, 0.19556429982185364, 0.19603534042835236, 0.1988362967967987, 0.19063511490821838, 0.19239479303359985, 0.19286103546619415, 0.19159220159053802, 0.1944972574710846, 0.19013352692127228, 0.19290491938591003, 0.19290435314178467, 0.19157278537750244, 0.19551560282707214, 0.19257962703704834, 0.19102606177330017, 0.19190353155136108, 0.19122159481048584, 0.19020292162895203, 0.19269198179244995, 0.19094623625278473, 0.1926243007183075, 0.1941802203655243, 0.1909395158290863, 0.1939156949520111, 0.1920902580022812, 0.19158175587654114, 0.19521668553352356, 0.19350427389144897, 0.19257734715938568];[-4.290523529052734, -4.301115036010742, -4.280877590179443, -4.299134731292725, -4.308291912078857, -4.231204509735107, -4.23567008972168, -4.25227689743042, -4.227485656738281, -4.205878257751465, -4.184036731719971, -4.249298572540283, -4.2249226570129395, -4.195760726928711, -4.226865291595459, -4.211817264556885, -4.206273555755615, -4.21955680847168, -4.211952209472656, -4.185653209686279, -4.230864524841309, -4.199121952056885, -4.214242935180664, -4.257397651672363, -4.208022594451904, -4.236910820007324, -4.223026275634766, -4.192706108093262, -4.248844146728516, -4.239920139312744, -4.227065563201904];[0.4303419888019562, 0.43902528285980225, 0.4266081154346466, 0.4368848502635956, 0.43813514709472656, 0.45906132459640503, 0.4202781319618225, 0.41840335726737976, 0.41969534754753113, 0.42944368720054626, 0.42776572704315186, 0.4315105378627777, 0.42072710394859314, 0.40359532833099365, 0.44547489285469055, 0.4169802665710449, 0.40457624197006226, 0.4457263648509979, 0.4329100549221039, 0.42387354373931885, 0.4271375834941864, 0.4207492768764496, 0.41288697719573975, 0.4278855323791504, 0.42743900418281555, 0.42548221349716187, 0.43316519260406494, 0.4534023404121399, 0.4437640607357025, 0.4087940752506256];1961.0107374191284
1100;[1.157936930656433, 1.1662780046463013, 1.1618165969848633, 1.1694854497909546, 1.1632969379425049, 1.1667628288269043, 1.1648139953613281, 1.1614302396774292, 1.1718815565109253, 1.172638177871704, 1.161848783493042, 1.169934868812561, 1.1727646589279175, 1.164309024810791, 1.1717212200164795, 1.1663681268692017, 1.1687473058700562, 1.1720125675201416, 1.173022747039795, 1.1764212846755981, 1.1711146831512451, 1.1789164543151855, 1.1698144674301147, 1.1724443435668945, 1.1685855388641357, 1.1697402000427246, 1.170727252960205, 1.1704661846160889, 1.1806312799453735, 1.1708871126174927, 1.1745880842208862];[0.09388509392738342, 0.09534835815429688, 0.09147946536540985, 0.09929214417934418, 0.0907582938671112, 0.09382762014865875, 0.09331914037466049, 0.0926782488822937, 0.09388600289821625, 0.09549994021654129, 0.08862703293561935, 0.09326085448265076, 0.0968557596206665, 0.091975137591362, 0.09350340068340302, 0.09039273113012314, 0.09040830284357071, 0.09284020960330963, 0.09417769312858582, 0.09619060158729553, 0.09240817278623581, 0.0982665866613388, 0.09155914187431335, 0.0961582362651825, 0.09158355742692947, 0.0917605608701706, 0.08888866007328033, 0.09024467319250107, 0.09637881815433502, 0.09100720286369324, 0.09321675449609756];[-2.146003007888794, -2.158027410507202, -2.1185014247894287, -2.170651435852051, -2.1171011924743652, -2.1419055461883545, -2.1256942749023438, -2.1259102821350098, -2.1345901489257812, -2.1435563564300537, -2.096555233001709, -2.1203653812408447, -2.1388556957244873, -2.1078407764434814, -2.1368441581726074, -2.1061434745788574, -2.09867262840271, -2.1212685108184814, -2.1223068237304688, -2.1305043697357178, -2.1208436489105225, -2.1533632278442383, -2.1068732738494873, -2.1349427700042725, -2.1069722175598145, -2.1193995475769043, -2.097447156906128, -2.0971333980560303, -2.1521553993225098, -2.1047956943511963, -2.1251819133758545];[0.4383199214935303, 0.42905381321907043, 0.43449702858924866, 0.43037149310112, 0.43575137853622437, 0.43222030997276306, 0.43184149265289307, 0.44431060552597046, 0.4267061948776245, 0.42881646752357483, 0.4364030361175537, 0.40444719791412354, 0.42050179839134216, 0.4306119978427887, 0.41736900806427, 0.4154353439807892, 0.406396746635437, 0.42132118344306946, 0.4290620684623718, 0.40824878215789795, 0.40503543615341187, 0.40625789761543274, 0.41411834955215454, 0.4144674241542816, 0.40966102480888367, 0.4056529104709625, 0.4043685793876648, 0.4131012558937073, 0.44148948788642883, 0.416614830493927];1997.0046803951263
1100;[1.6089624166488647, 1.6171437501907349, 1.6120134592056274, 1.6184481382369995, 1.6127002239227295, 1.6158720254898071, 1.6129350662231445, 1.6104871034622192, 1.6207733154296875, 1.620912790298462, 1.6117298603057861, 1.6170520782470703, 1.6185606718063354, 1.6119829416275024, 1.6202226877212524, 1.6136741638183594, 1.6144047975540161, 1.6188613176345825, 1.6180373430252075, 1.6210851669311523, 1.6178652048110962, 1.6232714653015137, 1.6159898042678833, 1.617000937461853, 1.6131802797317505, 1.6153534650802612, 1.6157885789871216, 1.6151940822601318, 1.6233526468276978, 1.6168206930160522, 1.6186902523040771];[0.19673621654510498, 0.19715096056461334, 0.1937558948993683, 0.19961443543434143, 0.1929437220096588, 0.19495388865470886, 0.19437751173973083, 0.1955156922340393, 0.1948537528514862, 0.1963476538658142, 0.19222749769687653, 0.1942981332540512, 0.19646614789962769, 0.1938977986574173, 0.19515688717365265, 0.19222909212112427, 0.19161996245384216, 0.19336263835430145, 0.19405265152454376, 0.19510990381240845, 0.19404399394989014, 0.19633781909942627, 0.19293513894081116, 0.195519357919693, 0.19301815330982208, 0.19268502295017242, 0.18920797109603882, 0.1910906732082367, 0.195057213306427, 0.19203324615955353, 0.1928381621837616];[-4.335400581359863, -4.337532043457031, -4.265214443206787, -4.347477912902832, -4.254862308502197, -4.298355579376221, -4.268844127655029, -4.298106670379639, -4.279361248016357, -4.298674583435059, -4.227694988250732, -4.253606796264648, -4.264809608459473, -4.235810279846191, -4.285732746124268, -4.236547946929932, -4.216574192047119, -4.249594688415527, -4.247660160064697, -4.242329120635986, -4.256313800811768, -4.280721664428711, -4.2335896492004395, -4.262935161590576, -4.2251176834106445, -4.256156921386719, -4.194217205047607, -4.206248760223389, -4.254764080047607, -4.230248928070068, -4.2534308433532715];[0.4383199214935303, 0.4504519999027252, 0.43439239263534546, 0.42365917563438416, 0.4631238877773285, 0.42568302154541016, 0.41038978099823, 0.4110525846481323, 0.406909704208374, 0.4130718410015106, 0.44808751344680786, 0.43804872035980225, 0.42512866854667664, 0.43289726972579956, 0.42195162177085876, 0.4331440329551697, 0.39478790760040283, 0.41666367650032043, 0.43756210803985596, 0.426517128944397, 0.43026527762413025, 0.41991719603538513, 0.40868648886680603, 0.44186562299728394, 0.42051708698272705, 0.42197397351264954, 0.4424334466457367, 0.43583130836486816, 0.44511181116104126, 0.43424102663993835];1967.7373919487
1150;[1.1722456216812134, 1.159475564956665, 1.1621826887130737, 1.1602766513824463, 1.1661916971206665, 1.1645804643630981, 1.1662704944610596, 1.1575955152511597, 1.1624269485473633, 1.1641596555709839, 1.16697096824646, 1.1593424081802368, 1.1562442779541016, 1.1672852039337158, 1.1731197834014893, 1.1647398471832275, 1.1646031141281128, 1.1674457788467407, 1.164138674736023, 1.1622320413589478, 1.1613317728042603, 1.1613616943359375, 1.1662908792495728, 1.1640808582305908, 1.1671116352081299, 1.1631804704666138, 1.1631404161453247, 1.1628106832504272, 1.1645054817199707, 1.1638115644454956, 1.166768193244934];[0.09564739465713501, 0.09143537282943726, 0.09307770431041718, 0.09292733669281006, 0.09595070034265518, 0.09419120848178864, 0.09332715719938278, 0.09035662561655045, 0.0923818051815033, 0.09318458288908005, 0.0941988006234169, 0.0921006053686142, 0.09026003628969193, 0.09671928733587265, 0.09470315277576447, 0.09152944386005402, 0.09352762252092361, 0.09326589852571487, 0.09088750183582306, 0.09213610738515854, 0.09184625744819641, 0.08963117748498917, 0.0920153483748436, 0.0919683650135994, 0.0918416678905487, 0.09247662127017975, 0.09114488959312439, 0.08884263038635254, 0.09221155941486359, 0.08975882828235626, 0.09158013761043549];[-2.1440677642822266, -2.1379191875457764, -2.1388847827911377, -2.1516075134277344, -2.1452980041503906, -2.1425681114196777, -2.1335840225219727, -2.124127149581909, -2.1258492469787598, -2.1372885704040527, -2.1461427211761475, -2.1410608291625977, -2.1190879344940186, -2.1454689502716064, -2.139573335647583, -2.1245644092559814, -2.1383771896362305, -2.137868881225586, -2.116682767868042, -2.120591402053833, -2.1104745864868164, -2.105682611465454, -2.118452787399292, -2.1166582107543945, -2.10479998588562, -2.109480619430542, -2.115234613418579, -2.1036837100982666, -2.1205756664276123, -2.108882427215576, -2.1131372451782227];[0.41387519240379333, 0.472950279712677, 0.46054384112358093, 0.44107306003570557, 0.44151151180267334, 0.4365856349468231, 0.4290398955345154, 0.4357861876487732, 0.4521177113056183, 0.4257214367389679, 0.43528807163238525, 0.42389923334121704, 0.4524836838245392, 0.43207651376724243, 0.43121573328971863, 0.4624713361263275, 0.4224662482738495, 0.42979922890663147, 0.4258630871772766, 0.4289194941520691, 0.4358008801937103, 0.4341593384742737, 0.4439539909362793, 0.4417046010494232, 0.44730883836746216, 0.4443531632423401, 0.42327743768692017, 0.4237399995326996, 0.42531222105026245, 0.442118763923645];1975.1327624320984
1150;[1.6212307214736938, 1.6110280752182007, 1.6119384765625, 1.6123849153518677, 1.6161807775497437, 1.614235520362854, 1.6164600849151611, 1.6092206239700317, 1.613018274307251, 1.6129088401794434, 1.6172124147415161, 1.6108988523483276, 1.6068809032440186, 1.6161863803863525, 1.6211364269256592, 1.6159218549728394, 1.6158604621887207, 1.6180731058120728, 1.614190697669983, 1.612497091293335, 1.6118159294128418, 1.6121842861175537, 1.61753511428833, 1.6140332221984863, 1.6158100366592407, 1.6122548580169678, 1.6136178970336914, 1.6149265766143799, 1.6139178276062012, 1.6152970790863037, 1.6170411109924316];[0.1956503838300705, 0.19453756511211395, 0.19504395127296448, 0.19633519649505615, 0.19814588129520416, 0.19624853134155273, 0.19513005018234253, 0.19489647448062897, 0.19557833671569824, 0.1951986402273178, 0.19617807865142822, 0.1959916651248932, 0.19489048421382904, 0.19872111082077026, 0.19562606513500214, 0.19487780332565308, 0.19663718342781067, 0.1958605945110321, 0.19416457414627075, 0.1958073228597641, 0.19568069279193878, 0.19378775358200073, 0.19561895728111267, 0.19535823166370392, 0.19402356445789337, 0.1952880620956421, 0.194790780544281, 0.19386038184165955, 0.19523495435714722, 0.19375060498714447, 0.19450779259204865];[-4.288403511047363, -4.3242573738098145, -4.305426597595215, -4.349684715270996, -4.313002109527588, -4.314708232879639, -4.290096282958984, -4.307973861694336, -4.296385765075684, -4.301983833312988, -4.325829029083252, -4.3510847091674805, -4.3054423332214355, -4.3283233642578125, -4.304553508758545, -4.3056111335754395, -4.327085971832275, -4.314912796020508, -4.285503387451172, -4.292974472045898, -4.27786922454834, -4.274109363555908, -4.2905802726745605, -4.278213977813721, -4.249666690826416, -4.263484477996826, -4.290274143218994, -4.277475357055664, -4.2886962890625, -4.276752948760986, -4.267060279846191];[0.41387519240379333, 0.4386243224143982, 0.43530312180519104, 0.4488949179649353, 0.45543035864830017, 0.436387300491333, 0.44678795337677, 0.4605402946472168, 0.4430265724658966, 0.4525199234485626, 0.43812108039855957, 0.41704261302948, 0.44792208075523376, 0.43335166573524475, 0.449054092168808, 0.44077378511428833, 0.43159931898117065, 0.4359370172023773, 0.4438337981700897, 0.4269339442253113, 0.4599248170852661, 0.45263969898223877, 0.42119166254997253, 0.4725598692893982, 0.450695663690567, 0.4438978433609009, 0.427936315536499, 0.4409540593624115, 0.4338320195674896, 0.43127068877220154];1955.9941022396088
1200;[1.1618475914001465, 1.1631569862365723, 1.1650034189224243, 1.1637132167816162, 1.1755549907684326, 1.1769428253173828, 1.163312554359436, 1.1652146577835083, 1.1674062013626099, 1.165628433227539, 1.1730049848556519, 1.1708546876907349, 1.1672111749649048, 1.1714926958084106, 1.1685771942138672, 1.1743718385696411, 1.1730494499206543, 1.1709985733032227, 1.166107177734375, 1.1702873706817627, 1.1683399677276611, 1.1699849367141724, 1.1764192581176758, 1.1832486391067505, 1.174041748046875, 1.1790077686309814, 1.1763300895690918, 1.1742910146713257, 1.1720339059829712, 1.1808885335922241, 1.1676084995269775];[0.0929112583398819, 0.09486471116542816, 0.09387782216072083, 0.0938752293586731, 0.09820293635129929, 0.09730590134859085, 0.09237445145845413, 0.09282093495130539, 0.09460659325122833, 0.09441718459129333, 0.09749142825603485, 0.09488145262002945, 0.09309124201536179, 0.09586653113365173, 0.09620485454797745, 0.09492338448762894, 0.09777887910604477, 0.0941937193274498, 0.09172963351011276, 0.09475298225879669, 0.09354817867279053, 0.09344185888767242, 0.09533043205738068, 0.10104870796203613, 0.096654511988163, 0.09718440473079681, 0.09997621178627014, 0.0932951495051384, 0.09669958800077438, 0.09879185259342194, 0.09243101626634598];[-2.1336324214935303, -2.14078426361084, -2.139901638031006, -2.146282196044922, -2.1692819595336914, -2.1520235538482666, -2.137385606765747, -2.129882335662842, -2.1399776935577393, -2.151944875717163, -2.148148775100708, -2.148756504058838, -2.1294360160827637, -2.1431920528411865, -2.150197744369507, -2.154660940170288, -2.163395643234253, -2.1493048667907715, -2.120279312133789, -2.1397862434387207, -2.132974863052368, -2.1318233013153076, -2.144493818283081, -2.1813530921936035, -2.1504180431365967, -2.1649057865142822, -2.1631174087524414, -2.132173776626587, -2.1503074169158936, -2.175313949584961, -2.1258795261383057];[0.42660799622535706, 0.4455317258834839, 0.4378882944583893, 0.4215403199195862, 0.4205379784107208, 0.429243266582489, 0.43103477358818054, 0.42975497245788574, 0.4176456928253174, 0.42260220646858215, 0.4380314350128174, 0.41956767439842224, 0.4168349504470825, 0.42416641116142273, 0.43245479464530945, 0.4312109351158142, 0.4276845157146454, 0.4425930678844452, 0.421176552772522, 0.4481087028980255, 0.39448419213294983, 0.4325270652770996, 0.45077940821647644, 0.43017563223838806, 0.4227336049079895, 0.4094170033931732, 0.41764721274375916, 0.41603419184684753, 0.42104917764663696, 0.4191648066043854];1958.130012512207
1200;[1.6125034093856812, 1.6120860576629639, 1.6163270473480225, 1.6153349876403809, 1.6257158517837524, 1.6242940425872803, 1.6148320436477661, 1.6158913373947144, 1.616323471069336, 1.6153520345687866, 1.6205694675445557, 1.6210123300552368, 1.6157622337341309, 1.6202542781829834, 1.6156240701675415, 1.622997522354126, 1.6204129457473755, 1.6204777956008911, 1.6145350933074951, 1.6185150146484375, 1.616497278213501, 1.6175050735473633, 1.6237927675247192, 1.6286481618881226, 1.6202467679977417, 1.6245546340942383, 1.6226681470870972, 1.6214507818222046, 1.6194180250167847, 1.625851035118103, 1.6157722473144531];[0.19521841406822205, 0.19620385766029358, 0.19626113772392273, 0.19623634219169617, 0.19800156354904175, 0.19621947407722473, 0.19507381319999695, 0.1946590393781662, 0.195541650056839, 0.19577880203723907, 0.1963537335395813, 0.19604873657226562, 0.19373899698257446, 0.19609950482845306, 0.1961362212896347, 0.19487261772155762, 0.19698642194271088, 0.19492964446544647, 0.1932496577501297, 0.19506335258483887, 0.19440340995788574, 0.19421690702438354, 0.1947326511144638, 0.19844307005405426, 0.19618108868598938, 0.1957126408815384, 0.19859997928142548, 0.19331122934818268, 0.19698116183280945, 0.1965593844652176, 0.19415903091430664];[-4.296892166137695, -4.29606294631958, -4.304885387420654, -4.321724891662598, -4.316568374633789, -4.274785041809082, -4.302105903625488, -4.2780914306640625, -4.284764766693115, -4.314526557922363, -4.272506237030029, -4.302060127258301, -4.2554826736450195, -4.272350788116455, -4.289975166320801, -4.277892589569092, -4.301446437835693, -4.28804349899292, -4.253410816192627, -4.276097774505615, -4.269452095031738, -4.265195846557617, -4.273705959320068, -4.313656806945801, -4.287171363830566, -4.2801127433776855, -4.310468673706055, -4.252712726593018, -4.2926106452941895, -4.315892696380615, -4.275022983551025];[0.42660799622535706, 0.4509771466255188, 0.4339422881603241, 0.41042861342430115, 0.442186176776886, 0.4086681008338928, 0.4183913469314575, 0.4286939799785614, 0.43116819858551025, 0.419174462556839, 0.431820273399353, 0.42671629786491394, 0.41917455196380615, 0.4206787943840027, 0.43451622128486633, 0.4305761754512787, 0.43081343173980713, 0.4149285554885864, 0.42928528785705566, 0.4167520999908447, 0.41711342334747314, 0.4239288568496704, 0.42212480306625366, 0.4212752878665924, 0.4246104955673218, 0.42531445622444153, 0.42476874589920044, 0.41171249747276306, 0.4378950595855713, 0.43529751896858215];1994.9774014949799
1250;[1.1603846549987793, 1.1607375144958496, 1.1637579202651978, 1.1616874933242798, 1.1743457317352295, 1.1601752042770386, 1.165616750717163, 1.164771318435669, 1.1647335290908813, 1.1650943756103516, 1.1635324954986572, 1.167612910270691, 1.1730265617370605, 1.1627143621444702, 1.1640217304229736, 1.1719963550567627, 1.1674362421035767, 1.1666104793548584, 1.1667660474777222, 1.1711595058441162, 1.1665198802947998, 1.1633195877075195, 1.1686134338378906, 1.1691641807556152, 1.1663953065872192, 1.1680376529693604, 1.172000765800476, 1.1632267236709595, 1.1679902076721191, 1.1707926988601685, 1.1699228286743164];[0.09141819924116135, 0.09318733960390091, 0.09215601533651352, 0.09191632270812988, 0.09994606673717499, 0.09100823104381561, 0.09516790509223938, 0.09138317406177521, 0.0906180813908577, 0.09022095799446106, 0.0894971638917923, 0.09076078981161118, 0.09130437672138214, 0.08967463672161102, 0.08967762440443039, 0.09321827441453934, 0.09024009108543396, 0.09084217995405197, 0.08992291986942291, 0.09402167052030563, 0.09079582989215851, 0.08637359738349915, 0.08969210088253021, 0.08964071422815323, 0.0887029767036438, 0.08950086683034897, 0.09075962007045746, 0.08701247721910477, 0.08666704595088959, 0.0892183855175972, 0.08808006346225739];[-2.128469705581665, -2.136444091796875, -2.133927345275879, -2.133669853210449, -2.1735663414001465, -2.1174681186676025, -2.1449952125549316, -2.1238842010498047, -2.111220121383667, -2.102848768234253, -2.0974385738372803, -2.0954749584198, -2.092484712600708, -2.1006436347961426, -2.095414638519287, -2.10927677154541, -2.097184896469116, -2.096876382827759, -2.098970890045166, -2.1281039714813232, -2.098238229751587, -2.0706300735473633, -2.082322835922241, -2.0853652954101562, -2.0747971534729004, -2.0799295902252197, -2.0924203395843506, -2.066512107849121, -2.05879282951355, -2.0788989067077637, -2.0586495399475098];[0.43978598713874817, 0.4296387732028961, 0.44423243403434753, 0.43722352385520935, 0.43320199847221375, 0.442671537399292, 0.44239726662635803, 0.42432013154029846, 0.4226864278316498, 0.4131242632865906, 0.40591368079185486, 0.41823911666870117, 0.41447001695632935, 0.45275264978408813, 0.4638082981109619, 0.42538687586784363, 0.4213271141052246, 0.4013103246688843, 0.411760538816452, 0.4084498882293701, 0.41853389143943787, 0.401778906583786, 0.4038146734237671, 0.4153529405593872, 0.4230732321739197, 0.44503065943717957, 0.4341723620891571, 0.4106895625591278, 0.3981090188026428, 0.4073611795902252];1936.515454530716
1250;[1.6120461225509644, 1.6127007007598877, 1.6146401166915894, 1.6130329370498657, 1.6242127418518066, 1.6096880435943604, 1.615458607673645, 1.6158638000488281, 1.6149516105651855, 1.6151421070098877, 1.6124005317687988, 1.6163989305496216, 1.6220123767852783, 1.613077998161316, 1.6145154237747192, 1.6204279661178589, 1.6174116134643555, 1.6150532960891724, 1.6155930757522583, 1.6187496185302734, 1.6162859201431274, 1.6126106977462769, 1.6164586544036865, 1.6174317598342896, 1.6135517358779907, 1.61672842502594, 1.6205697059631348, 1.611769437789917, 1.616518259048462, 1.6190775632858276, 1.6174241304397583];[0.19451381266117096, 0.19609835743904114, 0.1948043555021286, 0.19477029144763947, 0.19984668493270874, 0.1935950070619583, 0.1964564323425293, 0.1942424178123474, 0.1925891786813736, 0.19267970323562622, 0.19141323864459991, 0.1920131891965866, 0.19216737151145935, 0.1927490085363388, 0.19266895949840546, 0.19334349036216736, 0.19230499863624573, 0.19266153872013092, 0.19192621111869812, 0.19519203901290894, 0.19324491918087006, 0.18928393721580505, 0.19143198430538177, 0.19138666987419128, 0.19028277695178986, 0.1917608231306076, 0.192229762673378, 0.19036918878555298, 0.18912561237812042, 0.19115963578224182, 0.18962058424949646];[-4.291416168212891, -4.3121209144592285, -4.294009208679199, -4.3008270263671875, -4.337761402130127, -4.2657389640808105, -4.307224750518799, -4.274534702301025, -4.234188556671143, -4.215978145599365, -4.206435680389404, -4.198408126831055, -4.1820502281188965, -4.229363441467285, -4.214871406555176, -4.2148895263671875, -4.2087626457214355, -4.2061004638671875, -4.2162394523620605, -4.250105381011963, -4.219127178192139, -4.175632476806641, -4.175167560577393, -4.179694652557373, -4.161480903625488, -4.1715216636657715, -4.198885917663574, -4.16607666015625, -4.139697551727295, -4.169915199279785, -4.130383014678955];[0.43978598713874817, 0.4280271530151367, 0.4346930682659149, 0.440608412027359, 0.4343215823173523, 0.4444592297077179, 0.4326401352882385, 0.4231499433517456, 0.44306543469429016, 0.4222523868083954, 0.4190048277378082, 0.42372822761535645, 0.4117763042449951, 0.4186305105686188, 0.4090416133403778, 0.41680848598480225, 0.4175863265991211, 0.4132310152053833, 0.41485846042633057, 0.4316093325614929, 0.4263445734977722, 0.4219358265399933, 0.4050927758216858, 0.43499305844306946, 0.41551727056503296, 0.4137604832649231, 0.41409385204315186, 0.4144352674484253, 0.40444982051849365, 0.41518524289131165];1980.7871503829956
1300;[1.1659784317016602, 1.166656732559204, 1.1802148818969727, 1.1622700691223145, 1.1653369665145874, 1.161852240562439, 1.1587368249893188, 1.1571297645568848, 1.1659294366836548, 1.1600641012191772, 1.1603692770004272, 1.1589235067367554, 1.1571329832077026, 1.1624281406402588, 1.1606265306472778, 1.1618752479553223, 1.1645121574401855, 1.1685746908187866, 1.165773630142212, 1.1631238460540771, 1.167723298072815, 1.1638474464416504, 1.1742336750030518, 1.1579517126083374, 1.1624356508255005, 1.1608504056930542, 1.1599489450454712, 1.163669466972351, 1.1645383834838867, 1.1630818843841553, 1.1645296812057495];[0.09495539218187332, 0.09492135047912598, 0.10219690203666687, 0.09271545708179474, 0.09271164983510971, 0.09440762549638748, 0.0922597199678421, 0.09163477271795273, 0.09513106197118759, 0.09124308824539185, 0.09209179133176804, 0.09221851080656052, 0.08950914442539215, 0.08997021615505219, 0.09070531278848648, 0.09015793353319168, 0.09038925170898438, 0.09246670454740524, 0.09293036162853241, 0.08946409821510315, 0.09013746678829193, 0.0905175507068634, 0.0940483808517456, 0.0860552191734314, 0.0895359218120575, 0.08944641798734665, 0.0877612754702568, 0.08997459709644318, 0.08992738276720047, 0.08656036108732224, 0.08888056129217148];[-2.1470539569854736, -2.147080659866333, -2.2027244567871094, -2.141859531402588, -2.135286569595337, -2.149322271347046, -2.136610507965088, -2.1248934268951416, -2.140547275543213, -2.116520643234253, -2.13120174407959, -2.1294045448303223, -2.1218037605285645, -2.107595920562744, -2.108208656311035, -2.1094110012054443, -2.1033220291137695, -2.1082818508148193, -2.1227478981018066, -2.0991647243499756, -2.116877555847168, -2.111584186553955, -2.1220455169677734, -2.087737798690796, -2.0989885330200195, -2.078827142715454, -2.0913589000701904, -2.113248109817505, -2.0918009281158447, -2.0841875076293945, -2.090632915496826];[0.42677029967308044, 0.4261116087436676, 0.4301033318042755, 0.43485477566719055, 0.43410369753837585, 0.4406094253063202, 0.4456653892993927, 0.44085317850112915, 0.44170594215393066, 0.43399959802627563, 0.4365275502204895, 0.4375072121620178, 0.4267779290676117, 0.43864935636520386, 0.4432733952999115, 0.4303280711174011, 0.42796453833580017, 0.4136379361152649, 0.4455955922603607, 0.4169676899909973, 0.4072745740413666, 0.438783198595047, 0.4306401014328003, 0.4236810505390167, 0.4214097559452057, 0.41847822070121765, 0.4349556565284729, 0.42256128787994385, 0.41491493582725525, 0.418398380279541];1973.200953245163
1300;[1.616513729095459, 1.6164233684539795, 1.627660870552063, 1.6125867366790771, 1.6155729293823242, 1.6125417947769165, 1.6107947826385498, 1.6083149909973145, 1.6162700653076172, 1.61043119430542, 1.6116794347763062, 1.6100165843963623, 1.6098437309265137, 1.6131112575531006, 1.6115310192108154, 1.6125084161758423, 1.615203619003296, 1.6176968812942505, 1.6166832447052002, 1.6139672994613647, 1.617944359779358, 1.6154471635818481, 1.6227689981460571, 1.609518051147461, 1.612356424331665, 1.611453890800476, 1.611753225326538, 1.613572597503662, 1.6144658327102661, 1.615173578262329, 1.614949107170105];[0.19622594118118286, 0.19586768746376038, 0.20092704892158508, 0.19537027180194855, 0.19484958052635193, 0.19731180369853973, 0.19580502808094025, 0.19515593349933624, 0.1969759315252304, 0.1943988800048828, 0.1953839212656021, 0.19526103138923645, 0.19429761171340942, 0.19264429807662964, 0.1939401477575302, 0.19374167919158936, 0.19307810068130493, 0.19316478073596954, 0.19527052342891693, 0.19321013987064362, 0.1921815425157547, 0.19333447515964508, 0.1943613588809967, 0.19054168462753296, 0.1922503411769867, 0.19321665167808533, 0.19220612943172455, 0.1930103898048401, 0.192545086145401, 0.19067685306072235, 0.19187405705451965];[-4.311828136444092, -4.309657096862793, -4.3543829917907715, -4.323799133300781, -4.286581993103027, -4.327285289764404, -4.318758010864258, -4.295433521270752, -4.303868770599365, -4.263422012329102, -4.306305408477783, -4.303320407867432, -4.3023905754089355, -4.244814395904541, -4.249781131744385, -4.2554121017456055, -4.2339348793029785, -4.224123477935791, -4.263029098510742, -4.2372918128967285, -4.246340751647949, -4.255353927612305, -4.240528583526611, -4.228339195251465, -4.222986698150635, -4.1861748695373535, -4.234360694885254, -4.254659175872803, -4.212927341461182, -4.217632293701172, -4.2092766761779785];[0.42677029967308044, 0.4266124963760376, 0.42515018582344055, 0.43402519822120667, 0.4502759277820587, 0.4246091842651367, 0.430972158908844, 0.4406093657016754, 0.43838047981262207, 0.4340965449810028, 0.4242820739746094, 0.416637659072876, 0.40115103125572205, 0.429884672164917, 0.4448966681957245, 0.4302601218223572, 0.4310023784637451, 0.42135459184646606, 0.45443451404571533, 0.42694374918937683, 0.42729803919792175, 0.42004820704460144, 0.4348881244659424, 0.41623544692993164, 0.42209234833717346, 0.40325379371643066, 0.4607087969779968, 0.4265049695968628, 0.4082498848438263, 0.42032572627067566];1961.9568512439728
1350;[1.1582492589950562, 1.163906216621399, 1.1666274070739746, 1.1691594123840332, 1.1700788736343384, 1.164546012878418, 1.162964940071106, 1.1620259284973145, 1.1610662937164307, 1.1603702306747437, 1.16023850440979, 1.1619881391525269, 1.1600468158721924, 1.160761833190918, 1.16133451461792, 1.1679329872131348, 1.1607277393341064, 1.1578317880630493, 1.156128168106079, 1.1601051092147827, 1.1606462001800537, 1.1588503122329712, 1.1670207977294922, 1.1644994020462036, 1.163271188735962, 1.160622000694275, 1.1656532287597656, 1.162079930305481, 1.1599150896072388, 1.16090989112854, 1.1744331121444702];[0.09176962822675705, 0.09351558983325958, 0.09348031133413315, 0.09434239566326141, 0.09630190581083298, 0.09320056438446045, 0.09074907004833221, 0.0916093960404396, 0.09151555597782135, 0.09081745147705078, 0.09133580327033997, 0.09129705280065536, 0.09076809883117676, 0.08978591859340668, 0.091673344373703, 0.09120714664459229, 0.08910238742828369, 0.08956331014633179, 0.08821927011013031, 0.08952965587377548, 0.09016916155815125, 0.0921490415930748, 0.09347908943891525, 0.0907333642244339, 0.08968535810709, 0.0894811674952507, 0.0903661772608757, 0.09036260098218918, 0.09085240960121155, 0.08906276524066925, 0.09543110430240631];[-2.1378378868103027, -2.1343681812286377, -2.1382710933685303, -2.131221294403076, -2.1434998512268066, -2.1379642486572266, -2.1184189319610596, -2.126662254333496, -2.133054733276367, -2.1190881729125977, -2.1227030754089355, -2.1101443767547607, -2.116683006286621, -2.1111791133880615, -2.1239209175109863, -2.1113169193267822, -2.106952667236328, -2.095719575881958, -2.1074953079223633, -2.094665050506592, -2.114980936050415, -2.1098198890686035, -2.12648344039917, -2.1029770374298096, -2.105024814605713, -2.0959699153900146, -2.108189582824707, -2.1031806468963623, -2.1128711700439453, -2.10880970954895, -2.1391162872314453];[0.4448031187057495, 0.4336079955101013, 0.43290096521377563, 0.4921329617500305, 0.4513469636440277, 0.44807928800582886, 0.4319708049297333, 0.4257325828075409, 0.457210510969162, 0.4321766495704651, 0.41765648126602173, 0.40799418091773987, 0.457565039396286, 0.42693647742271423, 0.41426387429237366, 0.41377022862434387, 0.42137855291366577, 0.45776376128196716, 0.4150969684123993, 0.44387319684028625, 0.4408687949180603, 0.4319556653499603, 0.43501314520835876, 0.41679492592811584, 0.4254567325115204, 0.424747109413147, 0.4420870542526245, 0.4177664518356323, 0.4554860293865204, 0.4213596284389496];1959.4020175933838
1350;[1.609508752822876, 1.6144124269485474, 1.6161081790924072, 1.6187485456466675, 1.6201902627944946, 1.6151291131973267, 1.6141133308410645, 1.6124874353408813, 1.6122660636901855, 1.6118831634521484, 1.6112562417984009, 1.6124892234802246, 1.6112769842147827, 1.6131032705307007, 1.6129170656204224, 1.6179466247558594, 1.6123813390731812, 1.6091597080230713, 1.6081591844558716, 1.6099364757537842, 1.6119199991226196, 1.6084742546081543, 1.6159307956695557, 1.615029215812683, 1.6140100955963135, 1.6114941835403442, 1.615562915802002, 1.6117722988128662, 1.610901117324829, 1.611761450767517, 1.6240116357803345];[0.19505362212657928, 0.19562657177448273, 0.19469685852527618, 0.1946798712015152, 0.19627849757671356, 0.194350466132164, 0.1925438493490219, 0.1933227777481079, 0.19417399168014526, 0.19361479580402374, 0.19400019943714142, 0.19323556125164032, 0.19367311894893646, 0.1929839551448822, 0.19438570737838745, 0.19231370091438293, 0.191835418343544, 0.19313432276248932, 0.19182971119880676, 0.19197411835193634, 0.19315090775489807, 0.1948007047176361, 0.19452112913131714, 0.19322989881038666, 0.1925801932811737, 0.19238407909870148, 0.19166722893714905, 0.19280749559402466, 0.19422875344753265, 0.19252701103687286, 0.19600564241409302];[-4.322299003601074, -4.286658763885498, -4.284256458282471, -4.2641472816467285, -4.280437469482422, -4.281498432159424, -4.247753620147705, -4.261178016662598, -4.291441917419434, -4.261293411254883, -4.259296894073486, -4.227670669555664, -4.264974594116211, -4.250391960144043, -4.2748494148254395, -4.223513603210449, -4.2483367919921875, -4.212192058563232, -4.255131244659424, -4.216065883636475, -4.255236625671387, -4.2389326095581055, -4.25653076171875, -4.209690570831299, -4.233194351196289, -4.216104030609131, -4.231087684631348, -4.2301788330078125, -4.259941101074219, -4.249587059020996, -4.269647598266602];[0.4448031187057495, 0.44227832555770874, 0.4389048218727112, 0.49763399362564087, 0.4487212300300598, 0.42812177538871765, 0.43347954750061035, 0.43133920431137085, 0.4513804614543915, 0.43042847514152527, 0.42372220754623413, 0.4192597568035126, 0.4089319109916687, 0.42626112699508667, 0.44460487365722656, 0.420684814453125, 0.41190752387046814, 0.45598453283309937, 0.44583138823509216, 0.44153931736946106, 0.43852970004081726, 0.42899003624916077, 0.4261547327041626, 0.4220038056373596, 0.43433529138565063, 0.4172978103160858, 0.42942431569099426, 0.45230430364608765, 0.454391211271286, 0.4254503548145294];1945.8338022232056
1400;[1.164467453956604, 1.1556987762451172, 1.1619937419891357, 1.1583725214004517, 1.1640503406524658, 1.1626492738723755, 1.1621272563934326, 1.16218900680542, 1.163705825805664, 1.167559027671814, 1.162298560142517, 1.1639766693115234, 1.1679190397262573, 1.1594046354293823, 1.1598647832870483, 1.1690173149108887, 1.1660540103912354, 1.1668779850006104, 1.1648623943328857, 1.161694049835205, 1.1625968217849731, 1.1572346687316895, 1.1630297899246216, 1.1619601249694824, 1.165515422821045, 1.1609236001968384, 1.1664924621582031, 1.1686656475067139, 1.1590510606765747, 1.163580298423767, 1.164366602897644];[0.09369491785764694, 0.08953503519296646, 0.093672014772892, 0.09082245081663132, 0.09267362952232361, 0.09316077828407288, 0.09155679494142532, 0.09249337762594223, 0.09188646078109741, 0.09409424662590027, 0.09155676513910294, 0.09210044145584106, 0.0951714962720871, 0.09141518175601959, 0.09165623784065247, 0.09603048115968704, 0.09330267459154129, 0.09395812451839447, 0.0948265939950943, 0.09098486602306366, 0.09010472148656845, 0.08898377418518066, 0.09106367826461792, 0.09034054726362228, 0.09281628578901291, 0.08819115161895752, 0.08875668793916702, 0.0934070274233818, 0.08665494620800018, 0.0908111110329628, 0.09035218507051468];[-2.1511895656585693, -2.107424736022949, -2.1356568336486816, -2.127713918685913, -2.1267292499542236, -2.131488561630249, -2.1278374195098877, -2.130218982696533, -2.1322245597839355, -2.137375593185425, -2.125811815261841, -2.1347360610961914, -2.1582276821136475, -2.125521421432495, -2.1324098110198975, -2.159514904022217, -2.1405177116394043, -2.136620044708252, -2.146963119506836, -2.1135292053222656, -2.1074295043945312, -2.102355480194092, -2.119400978088379, -2.1146435737609863, -2.132551908493042, -2.100365400314331, -2.0996851921081543, -2.1287922859191895, -2.0932259559631348, -2.1126561164855957, -2.1018621921539307];[0.4568778872489929, 0.4269772469997406, 0.4508129954338074, 0.4274217188358307, 0.42253705859184265, 0.42820262908935547, 0.4335130453109741, 0.41974321007728577, 0.42570751905441284, 0.44669902324676514, 0.43171727657318115, 0.4415278434753418, 0.42682451009750366, 0.43028590083122253, 0.43130600452423096, 0.44666871428489685, 0.4360274374485016, 0.429303377866745, 0.44844022393226624, 0.42223507165908813, 0.4289105534553528, 0.4190010726451874, 0.429478257894516, 0.4531339406967163, 0.41641703248023987, 0.4174140691757202, 0.41215166449546814, 0.41665053367614746, 0.4365466833114624, 0.40238311886787415];1950.8507413864136
1400;[1.6167819499969482, 1.606400489807129, 1.6134343147277832, 1.6097599267959595, 1.6131614446640015, 1.6132380962371826, 1.6125560998916626, 1.6127203702926636, 1.614477276802063, 1.6170966625213623, 1.612043857574463, 1.6145730018615723, 1.6184251308441162, 1.6110451221466064, 1.6108074188232422, 1.6181330680847168, 1.615508794784546, 1.6167712211608887, 1.6154459714889526, 1.6115243434906006, 1.6130146980285645, 1.60825514793396, 1.613088607788086, 1.612557053565979, 1.6163921356201172, 1.6127523183822632, 1.6164512634277344, 1.618774175643921, 1.6101638078689575, 1.6140977144241333, 1.614593267440796];[0.19621329009532928, 0.19330236315727234, 0.19647397100925446, 0.19440442323684692, 0.19422821700572968, 0.19542770087718964, 0.19392964243888855, 0.19483688473701477, 0.1944001019001007, 0.19580622017383575, 0.19390255212783813, 0.19437497854232788, 0.19680389761924744, 0.19516566395759583, 0.1951422393321991, 0.19722573459148407, 0.1947496235370636, 0.19553545117378235, 0.19683288037776947, 0.19326400756835938, 0.19272169470787048, 0.19313368201255798, 0.19369076192378998, 0.193107470870018, 0.19530388712882996, 0.19215509295463562, 0.19104011356830597, 0.19525349140167236, 0.1900348663330078, 0.19356442987918854, 0.19306319952011108];[-4.33158016204834, -4.2574944496154785, -4.309615135192871, -4.301682949066162, -4.2651543617248535, -4.286324501037598, -4.285430431365967, -4.288498401641846, -4.29522705078125, -4.293511390686035, -4.280128002166748, -4.299476623535156, -4.335757732391357, -4.291604995727539, -4.303279399871826, -4.331965446472168, -4.299400329589844, -4.283872127532959, -4.319518089294434, -4.251924991607666, -4.240128993988037, -4.252202033996582, -4.26146936416626, -4.255856513977051, -4.291761875152588, -4.243956565856934, -4.216012477874756, -4.264185428619385, -4.221298694610596, -4.253684043884277, -4.232418060302734];[0.4568778872489929, 0.4311743676662445, 0.4526241719722748, 0.44029486179351807, 0.44328993558883667, 0.4425499141216278, 0.44417262077331543, 0.42707109451293945, 0.43758633732795715, 0.4325767159461975, 0.4483322203159332, 0.431765079498291, 0.4262693226337433, 0.4408378005027771, 0.43096956610679626, 0.4385833442211151, 0.4631122648715973, 0.42789673805236816, 0.4291827976703644, 0.43146181106567383, 0.43183475732803345, 0.43806031346321106, 0.4277626872062683, 0.42229732871055603, 0.4214746952056885, 0.4199236333370209, 0.4333435595035553, 0.4337993264198303, 0.4422115683555603, 0.4066060483455658];2010.18825173378
1450;[1.1635409593582153, 1.1591391563415527, 1.1657583713531494, 1.1565073728561401, 1.1651145219802856, 1.1662343740463257, 1.1646898984909058, 1.1593683958053589, 1.1617121696472168, 1.1687966585159302, 1.1647791862487793, 1.1641459465026855, 1.1747698783874512, 1.1694245338439941, 1.1694002151489258, 1.1714651584625244, 1.1625313758850098, 1.1652828454971313, 1.1723634004592896, 1.164775013923645, 1.1681785583496094, 1.1711540222167969, 1.1623148918151855, 1.1635125875473022, 1.1624071598052979, 1.1733002662658691, 1.1615666151046753, 1.1681115627288818, 1.1628130674362183, 1.1715075969696045, 1.1621700525283813];[0.0940161719918251, 0.0943278819322586, 0.09577272832393646, 0.09102527052164078, 0.0936502143740654, 0.09559183567762375, 0.09445654600858688, 0.09233856946229935, 0.0951000228524208, 0.09675734490156174, 0.09507015347480774, 0.09315523505210876, 0.09837231040000916, 0.09263649582862854, 0.09519090503454208, 0.09662818908691406, 0.09131686389446259, 0.09234048426151276, 0.09715473651885986, 0.09123538434505463, 0.09481651335954666, 0.09688793867826462, 0.09202015399932861, 0.09594281017780304, 0.0948287695646286, 0.09685635566711426, 0.09192316234111786, 0.0936342179775238, 0.0931820198893547, 0.09743712842464447, 0.09082970768213272];[-2.1458942890167236, -2.1514198780059814, -2.162099838256836, -2.1303539276123047, -2.144221305847168, -2.159886360168457, -2.1498653888702393, -2.140709161758423, -2.155773639678955, -2.155005693435669, -2.1569340229034424, -2.137211322784424, -2.1630477905273438, -2.1226301193237305, -2.1574480533599854, -2.147092580795288, -2.1216840744018555, -2.1362617015838623, -2.159916400909424, -2.114694595336914, -2.14448618888855, -2.1556358337402344, -2.1347501277923584, -2.1488418579101562, -2.1405341625213623, -2.1526637077331543, -2.1265809535980225, -2.139660596847534, -2.1336781978607178, -2.1595640182495117, -2.1193647384643555];[0.4270692467689514, 0.42637303471565247, 0.4433055520057678, 0.4357568919658661, 0.42805391550064087, 0.4270329177379608, 0.43583905696868896, 0.4338390529155731, 0.4279862344264984, 0.43056946992874146, 0.4210583567619324, 0.44060155749320984, 0.4452604055404663, 0.4302866756916046, 0.4280196726322174, 0.4220031201839447, 0.43743276596069336, 0.457553893327713, 0.4404735267162323, 0.44328242540359497, 0.4223508834838867, 0.41688457131385803, 0.44684848189353943, 0.448963463306427, 0.44476455450057983, 0.43979647755622864, 0.4486525356769562, 0.4480598568916321, 0.414289265871048, 0.449328750371933];1972.5174276828766
1450;[1.614525556564331, 1.611202597618103, 1.6153862476348877, 1.6070467233657837, 1.6145503520965576, 1.6169157028198242, 1.6142160892486572, 1.6091169118881226, 1.6111407279968262, 1.6167341470718384, 1.6158790588378906, 1.6133010387420654, 1.621947169303894, 1.6173095703125, 1.616642951965332, 1.6180627346038818, 1.610900640487671, 1.6140027046203613, 1.6200709342956543, 1.6118414402008057, 1.616308569908142, 1.6184132099151611, 1.6106858253479004, 1.611173152923584, 1.6099008321762085, 1.6183916330337524, 1.6088474988937378, 1.6141459941864014, 1.610459566116333, 1.6179401874542236, 1.6101300716400146];[0.19652405381202698, 0.1981242299079895, 0.19731712341308594, 0.19498266279697418, 0.19616255164146423, 0.1983838677406311, 0.19689616560935974, 0.19588308036327362, 0.19762852787971497, 0.1981860101222992, 0.19857028126716614, 0.1960253119468689, 0.1979084461927414, 0.19419041275978088, 0.19672717154026031, 0.19733107089996338, 0.19451889395713806, 0.19528575241565704, 0.19852526485919952, 0.19318540394306183, 0.19683480262756348, 0.19843140244483948, 0.19533787667751312, 0.1984238177537918, 0.197642982006073, 0.19691883027553558, 0.19505998492240906, 0.19507168233394623, 0.19595636427402496, 0.19811458885669708, 0.194245383143425];[-4.317948341369629, -4.356082916259766, -4.3389739990234375, -4.322937965393066, -4.328061103820801, -4.361351490020752, -4.340953350067139, -4.340024471282959, -4.3589324951171875, -4.335727691650391, -4.369144916534424, -4.320710182189941, -4.324740886688232, -4.275012493133545, -4.341885089874268, -4.310996055603027, -4.295821189880371, -4.313493251800537, -4.350951194763184, -4.263027191162109, -4.330469131469727, -4.342004299163818, -4.328831672668457, -4.341933727264404, -4.332705497741699, -4.316003799438477, -4.297235012054443, -4.316671371459961, -4.317868232727051, -4.336727142333984, -4.29089879989624];[0.4270692467689514, 0.42176419496536255, 0.43905532360076904, 0.4474320411682129, 0.43098077178001404, 0.4325234293937683, 0.4440242052078247, 0.4089014530181885, 0.42656922340393066, 0.4778704047203064, 0.43597739934921265, 0.44512972235679626, 0.43660205602645874, 0.4291706085205078, 0.42076465487480164, 0.4289604425430298, 0.4340118169784546, 0.4436352550983429, 0.4686373174190521, 0.43157562613487244, 0.43576571345329285, 0.4369548261165619, 0.4123227000236511, 0.4385193884372711, 0.44151225686073303, 0.44012579321861267, 0.432676762342453, 0.4358474016189575, 0.4511347711086273, 0.4310072362422943];1980.3851130008698
1500;[1.1665245294570923, 1.1605257987976074, 1.1663718223571777, 1.1672332286834717, 1.1666357517242432, 1.1695234775543213, 1.1587718725204468, 1.163079857826233, 1.1583479642868042, 1.1614463329315186, 1.1662499904632568, 1.1569596529006958, 1.164331316947937, 1.1650800704956055, 1.1666529178619385, 1.1626067161560059, 1.1639084815979004, 1.1715608835220337, 1.1673213243484497, 1.1684640645980835, 1.1690903902053833, 1.162156581878662, 1.1662439107894897, 1.163764476776123, 1.1646331548690796, 1.1641019582748413, 1.1738861799240112, 1.1627442836761475, 1.1675735712051392, 1.170841097831726, 1.1652154922485352];[0.09365392476320267, 0.09489765763282776, 0.0947970598936081, 0.0948399007320404, 0.09213254600763321, 0.09603290259838104, 0.09193282574415207, 0.09300324320793152, 0.0929739698767662, 0.0928085595369339, 0.09529369324445724, 0.09186220914125443, 0.09174568206071854, 0.09406201541423798, 0.0936073288321495, 0.09015875309705734, 0.09323061257600784, 0.09457144886255264, 0.09474235028028488, 0.09401434659957886, 0.09433528035879135, 0.09181857109069824, 0.09432530403137207, 0.09162913262844086, 0.09272438287734985, 0.09198100119829178, 0.09542806446552277, 0.09030134975910187, 0.09204426407814026, 0.09524575620889664, 0.08845517784357071];[-2.1319963932037354, -2.152127981185913, -2.1423661708831787, -2.151543617248535, -2.1211533546447754, -2.16007924079895, -2.1339619159698486, -2.121971845626831, -2.129077672958374, -2.1390810012817383, -2.1791255474090576, -2.1335325241088867, -2.1314163208007812, -2.148090124130249, -2.1288645267486572, -2.1184957027435303, -2.137979030609131, -2.1511337757110596, -2.1358189582824707, -2.1357903480529785, -2.146252155303955, -2.132819890975952, -2.147675037384033, -2.1297714710235596, -2.1261026859283447, -2.1176743507385254, -2.1369404792785645, -2.1184213161468506, -2.117318630218506, -2.1197893619537354, -2.0942654609680176];[0.42568373680114746, 0.412875771522522, 0.42502617835998535, 0.43170082569122314, 0.43031835556030273, 0.4181526303291321, 0.43491533398628235, 0.43788954615592957, 0.3813442885875702, 0.4208604395389557, 0.416611909866333, 0.44710156321525574, 0.42239412665367126, 0.4655967652797699, 0.4388311505317688, 0.4308041036128998, 0.4747844338417053, 0.4455505907535553, 0.44566333293914795, 0.4292184114456177, 0.4308682680130005, 0.4522978663444519, 0.4260084927082062, 0.42319637537002563, 0.42985448241233826, 0.40357255935668945, 0.43544891476631165, 0.41719749569892883, 0.42510318756103516, 0.4266475439071655];1969.3318662643433
1500;[1.6163192987442017, 1.6121107339859009, 1.6160942316055298, 1.6178514957427979, 1.6160306930541992, 1.6195664405822754, 1.6100767850875854, 1.6120764017105103, 1.6082003116607666, 1.6125597953796387, 1.6167575120925903, 1.6080023050308228, 1.6142919063568115, 1.614808440208435, 1.6160948276519775, 1.6137984991073608, 1.6141105890274048, 1.620373249053955, 1.6165556907653809, 1.6179319620132446, 1.6183055639266968, 1.6129399538040161, 1.6153029203414917, 1.6135159730911255, 1.6144713163375854, 1.6129978895187378, 1.622378945350647, 1.6131565570831299, 1.6167787313461304, 1.6186673641204834, 1.6138373613357544];[0.19545011222362518, 0.19761992990970612, 0.19600069522857666, 0.19627194106578827, 0.19378814101219177, 0.19674617052078247, 0.19538816809654236, 0.1950819045305252, 0.1959499567747116, 0.19548220932483673, 0.19787953794002533, 0.1958116739988327, 0.19376890361309052, 0.1958988606929779, 0.1950887143611908, 0.19322842359542847, 0.19524505734443665, 0.19545578956604004, 0.1961025893688202, 0.19540667533874512, 0.1956351399421692, 0.1951199322938919, 0.19624412059783936, 0.19378219544887543, 0.1955626904964447, 0.19428357481956482, 0.19608642160892487, 0.19333863258361816, 0.19427795708179474, 0.1959570050239563, 0.19039660692214966];[-4.282301902770996, -4.343378067016602, -4.298530101776123, -4.32189416885376, -4.251075744628906, -4.328678607940674, -4.315066337585449, -4.263046741485596, -4.296669006347656, -4.317964553833008, -4.365287780761719, -4.322949409484863, -4.288980484008789, -4.320577621459961, -4.277928829193115, -4.276446342468262, -4.308517932891846, -4.297892093658447, -4.28787088394165, -4.290882587432861, -4.312155246734619, -4.304136276245117, -4.3196120262146, -4.294774532318115, -4.273629665374756, -4.25766134262085, -4.270012855529785, -4.278701305389404, -4.25689172744751, -4.241148471832275, -4.206107139587402];[0.42568373680114746, 0.442277193069458, 0.451261967420578, 0.4323884844779968, 0.44426611065864563, 0.44390493631362915, 0.432893306016922, 0.44893887639045715, 0.42066490650177, 0.4344775974750519, 0.43582743406295776, 0.442186176776886, 0.4269340932369232, 0.4403868019580841, 0.4408542513847351, 0.41754940152168274, 0.43033167719841003, 0.4378220736980438, 0.446582555770874, 0.4322575330734253, 0.4193001091480255, 0.4464484453201294, 0.4175879955291748, 0.4211720824241638, 0.42947596311569214, 0.43615514039993286, 0.4187852144241333, 0.432053804397583, 0.4299985468387604, 0.43254774808883667];1938.49245262146
1550;[1.158615231513977, 1.159026026725769, 1.1693217754364014, 1.1675578355789185, 1.1585276126861572, 1.1671786308288574, 1.1651620864868164, 1.1724486351013184, 1.1651556491851807, 1.1628022193908691, 1.1682406663894653, 1.1645885705947876, 1.1699399948120117, 1.1651091575622559, 1.1661826372146606, 1.1619511842727661, 1.1667933464050293, 1.165208339691162, 1.1664265394210815, 1.1646738052368164, 1.166934847831726, 1.170867681503296, 1.167707085609436, 1.1673364639282227, 1.168508768081665, 1.175296425819397, 1.1712005138397217, 1.1643017530441284, 1.1673144102096558, 1.1721389293670654, 1.172317624092102];[0.09041145443916321, 0.09413976967334747, 0.09696134179830551, 0.09762249886989594, 0.09377267211675644, 0.09603291749954224, 0.09579650312662125, 0.1001361683011055, 0.09308484196662903, 0.09479017555713654, 0.09621641784906387, 0.09355249255895615, 0.09906665235757828, 0.09536745399236679, 0.09353940933942795, 0.09253635257482529, 0.09614028036594391, 0.09216095507144928, 0.09425169974565506, 0.09628321975469589, 0.09497599303722382, 0.09279750287532806, 0.09213931113481522, 0.09594741463661194, 0.09484121948480606, 0.09454841911792755, 0.0939992219209671, 0.09357937425374985, 0.09356386959552765, 0.09382570534944534, 0.09415428340435028];[-2.1329185962677, -2.149836778640747, -2.2436389923095703, -2.1814370155334473, -2.1550304889678955, -2.168651580810547, -2.155679702758789, -2.203484296798706, -2.1379120349884033, -2.1507465839385986, -2.159886121749878, -2.145639657974243, -2.1823081970214844, -2.140665054321289, -2.146179676055908, -2.130613327026367, -2.1518378257751465, -2.1301000118255615, -2.144638776779175, -2.144778251647949, -2.1505274772644043, -2.1371800899505615, -2.127797842025757, -2.153674364089966, -2.1302552223205566, -2.1228222846984863, -2.1431126594543457, -2.133735179901123, -2.135570764541626, -2.12251353263855, -2.121429443359375];[0.42447441816329956, 0.41577011346817017, 0.4387010633945465, 0.4373844861984253, 0.4255162179470062, 0.4340476095676422, 0.4262678623199463, 0.43857699632644653, 0.44084903597831726, 0.44473013281822205, 0.43455609679222107, 0.4355546832084656, 0.4247686564922333, 0.45644107460975647, 0.4326075315475464, 0.43868666887283325, 0.42692047357559204, 0.4172012209892273, 0.43275439739227295, 0.43551209568977356, 0.43428710103034973, 0.4324697256088257, 0.4285084903240204, 0.41960790753364563, 0.4109286069869995, 0.43707647919654846, 0.42024311423301697, 0.39379429817199707, 0.4387604594230652, 0.4321877062320709];1981.4245359897614
1550;[1.6102544069290161, 1.6115853786468506, 1.620600700378418, 1.6174756288528442, 1.6100354194641113, 1.616095781326294, 1.6158686876296997, 1.6219346523284912, 1.6137580871582031, 1.6140938997268677, 1.6177576780319214, 1.6155825853347778, 1.6201064586639404, 1.614776611328125, 1.6165720224380493, 1.6122782230377197, 1.615929126739502, 1.6160485744476318, 1.6157732009887695, 1.6139150857925415, 1.615138053894043, 1.6192840337753296, 1.6158636808395386, 1.6164166927337646, 1.6159570217132568, 1.6224321126937866, 1.6193841695785522, 1.6129448413848877, 1.6165615320205688, 1.6191000938415527, 1.6189936399459839];[0.19354327023029327, 0.19744154810905457, 0.19938941299915314, 0.19856080412864685, 0.19654422998428345, 0.19658330082893372, 0.19734583795070648, 0.19953955709934235, 0.19380836188793182, 0.1969420164823532, 0.19706834852695465, 0.19540493190288544, 0.1995857208967209, 0.1961602121591568, 0.19541524350643158, 0.19485081732273102, 0.19685836136341095, 0.19407086074352264, 0.19564154744148254, 0.1979612112045288, 0.1952451765537262, 0.19306118786334991, 0.19298382103443146, 0.19678924977779388, 0.19523324072360992, 0.19355733692646027, 0.1941785365343094, 0.19525152444839478, 0.19489993155002594, 0.1933881938457489, 0.19330303370952606];[-4.312475681304932, -4.338344097137451, -4.443998336791992, -4.376855850219727, -4.3495402336120605, -4.337185859680176, -4.329433917999268, -4.385502815246582, -4.2793121337890625, -4.326306343078613, -4.333245277404785, -4.307538032531738, -4.35700798034668, -4.284634113311768, -4.306238651275635, -4.278378963470459, -4.299267292022705, -4.278873920440674, -4.299088478088379, -4.301163196563721, -4.288392066955566, -4.272106647491455, -4.260545253753662, -4.303707599639893, -4.255300998687744, -4.220459938049316, -4.282075881958008, -4.279296398162842, -4.277360439300537, -4.22480583190918, -4.223095893859863];[0.42447441816329956, 0.44192755222320557, 0.4106218218803406, 0.45305952429771423, 0.4470009207725525, 0.423595666885376, 0.4613572359085083, 0.43668144941329956, 0.43660658597946167, 0.4532533586025238, 0.4244176745414734, 0.4288727045059204, 0.4433364272117615, 0.4406663477420807, 0.4163581430912018, 0.4363507330417633, 0.41348257660865784, 0.4214455187320709, 0.42981797456741333, 0.441288560628891, 0.4340815544128418, 0.4249912202358246, 0.427429735660553, 0.4117439389228821, 0.4166342318058014, 0.4200766980648041, 0.4213596284389496, 0.4198514521121979, 0.4326252043247223, 0.4300476610660553];1960.4506752490997
1600;[1.159806489944458, 1.165987253189087, 1.1648026704788208, 1.1659804582595825, 1.1592470407485962, 1.1636135578155518, 1.1625579595565796, 1.163299560546875, 1.1606813669204712, 1.160330057144165, 1.1578449010849, 1.166723370552063, 1.1624863147735596, 1.1544969081878662, 1.1589076519012451, 1.1622482538223267, 1.1564655303955078, 1.1606402397155762, 1.157741665840149, 1.156873345375061, 1.1534714698791504, 1.159739375114441, 1.1546530723571777, 1.1597952842712402, 1.1520872116088867, 1.1545602083206177, 1.1612744331359863, 1.1565349102020264, 1.1511600017547607, 1.1563037633895874, 1.156044363975525];[0.09130459278821945, 0.09669246524572372, 0.0925641655921936, 0.09433480352163315, 0.09165479242801666, 0.09379114955663681, 0.09060192108154297, 0.09263315051794052, 0.09080685675144196, 0.09154733270406723, 0.09062899649143219, 0.0946374386548996, 0.09165035933256149, 0.08788866549730301, 0.09031995385885239, 0.09138722717761993, 0.08785885572433472, 0.0894458219408989, 0.08742190152406693, 0.08931926637887955, 0.08777447789907455, 0.09038747847080231, 0.0870891883969307, 0.09026283025741577, 0.08621969074010849, 0.08466185629367828, 0.08927284181118011, 0.08802801370620728, 0.08620623499155045, 0.08632383495569229, 0.08616465330123901];[-2.131796360015869, -2.162886142730713, -2.1326615810394287, -2.1438846588134766, -2.1211190223693848, -2.141934633255005, -2.1190807819366455, -2.134506940841675, -2.1161892414093018, -2.1202104091644287, -2.1201252937316895, -2.1483101844787598, -2.121518611907959, -2.0972046852111816, -2.105546236038208, -2.1074023246765137, -2.0904664993286133, -2.114328145980835, -2.097263813018799, -2.0944952964782715, -2.1012582778930664, -2.110842227935791, -2.094377279281616, -2.1142923831939697, -2.0862677097320557, -2.0780580043792725, -2.098968505859375, -2.0957279205322266, -2.0815494060516357, -2.0807387828826904, -2.0849409103393555];[0.4434272348880768, 0.4344233274459839, 0.4367068409919739, 0.4358716905117035, 0.42644649744033813, 0.4440297484397888, 0.4401732385158539, 0.4352004826068878, 0.4306291937828064, 0.4701908230781555, 0.4414866268634796, 0.4306512176990509, 0.4307761788368225, 0.4272579550743103, 0.4171527922153473, 0.4172337055206299, 0.44604355096817017, 0.4404553174972534, 0.4349384307861328, 0.4388897120952606, 0.4259949326515198, 0.42925283312797546, 0.43173110485076904, 0.43795859813690186, 0.424045205116272, 0.42330458760261536, 0.4228653311729431, 0.42048242688179016, 0.42936772108078003, 0.4219602644443512];1959.0861201286316
1600;[1.6101186275482178, 1.6165528297424316, 1.6152416467666626, 1.6170880794525146, 1.6102076768875122, 1.6147751808166504, 1.6131246089935303, 1.6132200956344604, 1.6114695072174072, 1.6114555597305298, 1.6089986562728882, 1.6172369718551636, 1.6145204305648804, 1.6064661741256714, 1.6112710237503052, 1.611319661140442, 1.6082931756973267, 1.6123384237289429, 1.611746907234192, 1.6083241701126099, 1.6067898273468018, 1.612297534942627, 1.6082663536071777, 1.6129963397979736, 1.6049859523773193, 1.607631802558899, 1.613916277885437, 1.6091487407684326, 1.604529857635498, 1.610093116760254, 1.6087846755981445];[0.19378677010536194, 0.19812986254692078, 0.19421544671058655, 0.19608724117279053, 0.1950918585062027, 0.19621624052524567, 0.19254454970359802, 0.19452829658985138, 0.19362030923366547, 0.19450323283672333, 0.19415664672851562, 0.19577354192733765, 0.19463759660720825, 0.19211645424365997, 0.19410528242588043, 0.19344045221805573, 0.19235560297966003, 0.19302929937839508, 0.19279436767101288, 0.19314301013946533, 0.19343556463718414, 0.19438782334327698, 0.19278044998645782, 0.19446492195129395, 0.19198766350746155, 0.19001604616641998, 0.19342544674873352, 0.19267016649246216, 0.19234329462051392, 0.1922398954629898, 0.19113394618034363];[-4.294802665710449, -4.336247444152832, -4.276595592498779, -4.312343120574951, -4.274990558624268, -4.312248229980469, -4.260790824890137, -4.2834696769714355, -4.266035556793213, -4.276676177978516, -4.273198127746582, -4.319863319396973, -4.275327205657959, -4.241823673248291, -4.252661228179932, -4.238691329956055, -4.225657939910889, -4.273104190826416, -4.256053447723389, -4.239825248718262, -4.275063514709473, -4.271583080291748, -4.2612481117248535, -4.291013240814209, -4.249077320098877, -4.22749662399292, -4.243412494659424, -4.248959541320801, -4.235952377319336, -4.227538108825684, -4.233060359954834];[0.4434272348880768, 0.443498820066452, 0.43927690386772156, 0.4355919063091278, 0.4264514744281769, 0.44283390045166016, 0.44012442231178284, 0.42025458812713623, 0.4406319856643677, 0.4230034053325653, 0.44290032982826233, 0.4330747425556183, 0.4303695261478424, 0.4621407687664032, 0.4173346161842346, 0.42162954807281494, 0.43375927209854126, 0.4372333884239197, 0.43644243478775024, 0.44835859537124634, 0.43127885460853577, 0.441849023103714, 0.42834311723709106, 0.4335246682167053, 0.42799893021583557, 0.44330528378486633, 0.4400215446949005, 0.42701342701911926, 0.4431472718715668, 0.4263693392276764];2019.487470626831
1650;[1.1642259359359741, 1.166266918182373, 1.1550966501235962, 1.1592715978622437, 1.1572198867797852, 1.156248688697815, 1.1605756282806396, 1.1615644693374634, 1.1589969396591187, 1.1591084003448486, 1.1612719297409058, 1.157940149307251, 1.1623497009277344, 1.1641758680343628, 1.1574742794036865, 1.1530439853668213, 1.1524351835250854, 1.1539183855056763, 1.1583701372146606, 1.162850022315979, 1.163543462753296, 1.168196201324463, 1.1622841358184814, 1.1596319675445557, 1.1599674224853516, 1.163716435432434, 1.1572285890579224, 1.1642128229141235, 1.1671316623687744, 1.162894606590271, 1.1689274311065674];[0.09198852628469467, 0.09327299892902374, 0.08914919197559357, 0.09129035472869873, 0.09045557677745819, 0.09070347994565964, 0.09137123078107834, 0.08934348821640015, 0.08834269642829895, 0.08963339030742645, 0.09135987609624863, 0.08706316351890564, 0.08882429450750351, 0.09232782572507858, 0.08932804316282272, 0.08855437487363815, 0.08751188218593597, 0.08741582185029984, 0.0882924273610115, 0.09170689433813095, 0.09044421464204788, 0.09393362700939178, 0.08924472332000732, 0.09137895703315735, 0.0892377644777298, 0.09134909510612488, 0.08762253820896149, 0.090903639793396, 0.09260328859090805, 0.09083148092031479, 0.09380490332841873];[-2.130429744720459, -2.147965669631958, -2.114231824874878, -2.1148595809936523, -2.116307258605957, -2.1170194149017334, -2.129926919937134, -2.1082375049591064, -2.0969998836517334, -2.0996432304382324, -2.1289174556732178, -2.097015857696533, -2.109018564224243, -2.1220545768737793, -2.1120195388793945, -2.1018075942993164, -2.1023104190826416, -2.1038622856140137, -2.09298038482666, -2.1249608993530273, -2.1113009452819824, -2.1264350414276123, -2.1007845401763916, -2.1039860248565674, -2.1015164852142334, -2.1114652156829834, -2.0846214294433594, -2.1256790161132812, -2.1330883502960205, -2.1077866554260254, -2.132213830947876];[0.4371953010559082, 0.4303900897502899, 0.44420507550239563, 0.44753751158714294, 0.4404650032520294, 0.4191121459007263, 0.44159549474716187, 0.4388778805732727, 0.4324730932712555, 0.42821016907691956, 0.4308479130268097, 0.4488700330257416, 0.4323079586029053, 0.4255286753177643, 0.4417707026004791, 0.42912065982818604, 0.42640063166618347, 0.4113810956478119, 0.4454505741596222, 0.4369541108608246, 0.4147147536277771, 0.42612361907958984, 0.4303360879421234, 0.42600342631340027, 0.4373477101325989, 0.4207621216773987, 0.4320209324359894, 0.4309936463832855, 0.4338553845882416, 0.4232431650161743];1931.4406673908234
1650;[1.614269733428955, 1.6169793605804443, 1.606882095336914, 1.6103166341781616, 1.6087226867675781, 1.6088569164276123, 1.6114981174468994, 1.614238977432251, 1.6092180013656616, 1.610303521156311, 1.6131905317306519, 1.6095880270004272, 1.6138302087783813, 1.6149375438690186, 1.6095669269561768, 1.604858636856079, 1.6061593294143677, 1.6067469120025635, 1.6094907522201538, 1.6146842241287231, 1.614325761795044, 1.6172109842300415, 1.612518548965454, 1.6098181009292603, 1.6098926067352295, 1.613718032836914, 1.6079388856887817, 1.6152392625808716, 1.6166810989379883, 1.612823486328125, 1.6177293062210083];[0.1941642165184021, 0.19457852840423584, 0.1930106282234192, 0.19448113441467285, 0.19450876116752625, 0.19559408724308014, 0.19493447244167328, 0.19366109371185303, 0.19184930622577667, 0.19402456283569336, 0.19597335159778595, 0.1923520267009735, 0.19294464588165283, 0.19596590101718903, 0.19481877982616425, 0.1948399841785431, 0.19469520449638367, 0.1938326060771942, 0.19340622425079346, 0.1962224543094635, 0.19459490478038788, 0.19613805413246155, 0.1936345249414444, 0.19641436636447906, 0.19319389760494232, 0.195179745554924, 0.1932104527950287, 0.1957981437444687, 0.196584090590477, 0.19501495361328125, 0.19644063711166382];[-4.280521392822266, -4.3127665519714355, -4.280089378356934, -4.2698140144348145, -4.284089088439941, -4.294553756713867, -4.30026912689209, -4.270442485809326, -4.242879867553711, -4.255310535430908, -4.310643196105957, -4.26027250289917, -4.280781269073486, -4.301293849945068, -4.30406379699707, -4.292529582977295, -4.300575256347656, -4.306789398193359, -4.2605509757995605, -4.316015720367432, -4.280385971069336, -4.30009651184082, -4.2658610343933105, -4.282707214355469, -4.269814491271973, -4.292513370513916, -4.248940944671631, -4.301019668579102, -4.31624174118042, -4.277259349822998, -4.288177013397217];[0.4371953010559082, 0.44302427768707275, 0.45181283354759216, 0.43428799510002136, 0.4294970631599426, 0.41699403524398804, 0.46639424562454224, 0.44479483366012573, 0.4341573119163513, 0.4388352930545807, 0.4431203007698059, 0.4523637294769287, 0.43323004245758057, 0.41619744896888733, 0.41534483432769775, 0.43167489767074585, 0.4331102967262268, 0.42630767822265625, 0.44270116090774536, 0.44823646545410156, 0.42330801486968994, 0.4371975064277649, 0.4345572292804718, 0.4426557123661041, 0.43938419222831726, 0.44526368379592896, 0.42052432894706726, 0.45560669898986816, 0.4346299171447754, 0.42803955078125];1987.9903452396393
1700;[1.1681956052780151, 1.1623231172561646, 1.166904091835022, 1.1639126539230347, 1.1645019054412842, 1.1618205308914185, 1.167067527770996, 1.1619219779968262, 1.1721514463424683, 1.1622298955917358, 1.1672810316085815, 1.1679234504699707, 1.1742750406265259, 1.1700993776321411, 1.1702584028244019, 1.171721339225769, 1.1649185419082642, 1.1658475399017334, 1.1671942472457886, 1.1756412982940674, 1.1737982034683228, 1.175603985786438, 1.164897084236145, 1.1744914054870605, 1.1718324422836304, 1.1680439710617065, 1.1685422658920288, 1.1685826778411865, 1.1696932315826416, 1.1694955825805664, 1.1753381490707397];[0.0963936597108841, 0.09487508982419968, 0.09678421914577484, 0.09237099438905716, 0.09217064082622528, 0.09358639270067215, 0.090180404484272, 0.09019535034894943, 0.0944434106349945, 0.09158173948526382, 0.09283573925495148, 0.09255317598581314, 0.09260522574186325, 0.09510040283203125, 0.09172999113798141, 0.09151741862297058, 0.09128163009881973, 0.09237876534461975, 0.09163530170917511, 0.0966910719871521, 0.092222198843956, 0.09578344970941544, 0.09228160232305527, 0.09419014304876328, 0.09187250584363937, 0.08850422501564026, 0.08728457242250443, 0.08991243690252304, 0.08941491693258286, 0.09060581028461456, 0.09102697670459747];[-2.157174825668335, -2.150444507598877, -2.1612775325775146, -2.135989189147949, -2.126108169555664, -2.1404383182525635, -2.1047182083129883, -2.108779191970825, -2.1329712867736816, -2.115020751953125, -2.1346242427825928, -2.12261962890625, -2.1101324558258057, -2.1396546363830566, -2.107450246810913, -2.109360694885254, -2.123534917831421, -2.128387212753296, -2.122699737548828, -2.136329412460327, -2.1107704639434814, -2.1247329711914062, -2.1081418991088867, -2.1205251216888428, -2.0980560779571533, -2.0934157371520996, -2.0825798511505127, -2.086357831954956, -2.077183485031128, -2.096762180328369, -2.12065052986145];[0.4431908130645752, 0.4401545524597168, 0.4084240198135376, 0.4280833899974823, 0.43559014797210693, 0.4383590817451477, 0.4389006793498993, 0.46110767126083374, 0.42509058117866516, 0.42663145065307617, 0.4240913987159729, 0.4210871458053589, 0.4295637607574463, 0.4213455617427826, 0.43473607301712036, 0.41228023171424866, 0.42613399028778076, 0.4363814890384674, 0.4256526827812195, 0.41377806663513184, 0.4197843670845032, 0.42254647612571716, 0.43306148052215576, 0.4111849069595337, 0.40728941559791565, 0.41952210664749146, 0.4121026396751404, 0.41013482213020325, 0.402994304895401, 0.41215503215789795];1957.963930606842
1700;[1.6186606884002686, 1.613872766494751, 1.6166900396347046, 1.6143993139266968, 1.6150709390640259, 1.6114753484725952, 1.6166127920150757, 1.612331748008728, 1.6192008256912231, 1.6119635105133057, 1.6169592142105103, 1.6152944564819336, 1.6208654642105103, 1.6188092231750488, 1.617990493774414, 1.6194077730178833, 1.6142202615737915, 1.6142734289169312, 1.6167919635772705, 1.6212899684906006, 1.6219545602798462, 1.6226122379302979, 1.6128729581832886, 1.6212810277938843, 1.6191682815551758, 1.6170958280563354, 1.6164923906326294, 1.6153466701507568, 1.6167439222335815, 1.6166291236877441, 1.622251033782959];[0.19752854108810425, 0.19744297862052917, 0.1980990618467331, 0.1948724389076233, 0.19430941343307495, 0.19596120715141296, 0.19224004447460175, 0.19344913959503174, 0.194446861743927, 0.19438739120960236, 0.1954643428325653, 0.1936539262533188, 0.1923469603061676, 0.1963391751050949, 0.1931077092885971, 0.19233855605125427, 0.19421106576919556, 0.19485799968242645, 0.19413605332374573, 0.19592712819576263, 0.19344612956047058, 0.19598199427127838, 0.1941400021314621, 0.19411350786685944, 0.19250290095806122, 0.19134792685508728, 0.1894812136888504, 0.19171488285064697, 0.19044168293476105, 0.19193603098392487, 0.19180400669574738];[-4.327211380004883, -4.332046031951904, -4.316126823425293, -4.296398162841797, -4.276082515716553, -4.3042683601379395, -4.226921081542969, -4.260379791259766, -4.268121242523193, -4.268726348876953, -4.295975685119629, -4.254671096801758, -4.222219467163086, -4.28338623046875, -4.2329630851745605, -4.231932163238525, -4.283541679382324, -4.2813215255737305, -4.278115749359131, -4.251471519470215, -4.234177589416504, -4.245213508605957, -4.242655277252197, -4.2228264808654785, -4.200412750244141, -4.213747978210449, -4.188648700714111, -4.18704080581665, -4.159298419952393, -4.215025901794434, -4.232710361480713];[0.4431908130645752, 0.4405151307582855, 0.42777520418167114, 0.43314048647880554, 0.4269648790359497, 0.418851375579834, 0.4595107436180115, 0.4470336437225342, 0.4213239848613739, 0.42963194847106934, 0.44371551275253296, 0.4194847643375397, 0.43242818117141724, 0.42760419845581055, 0.43644288182258606, 0.4173535704612732, 0.43477538228034973, 0.4283175766468048, 0.4316447377204895, 0.4211266040802002, 0.4266434609889984, 0.4267485439777374, 0.42696768045425415, 0.41400957107543945, 0.4209120571613312, 0.43562930822372437, 0.4321077764034271, 0.41758960485458374, 0.4068482518196106, 0.42539241909980774];1985.7689650058746
1750;[1.1624755859375, 1.161378264427185, 1.1616182327270508, 1.1604893207550049, 1.1662425994873047, 1.1768771409988403, 1.170696496963501, 1.1716573238372803, 1.1652106046676636, 1.1668753623962402, 1.1600905656814575, 1.1572253704071045, 1.1659271717071533, 1.1644506454467773, 1.1676025390625, 1.1577630043029785, 1.1643850803375244, 1.166306972503662, 1.1582988500595093, 1.1703914403915405, 1.162110447883606, 1.167059302330017, 1.162698745727539, 1.1616325378417969, 1.166496992111206, 1.1696914434432983, 1.164361834526062, 1.1675388813018799, 1.1696996688842773, 1.1749672889709473, 1.1658610105514526];[0.09426560997962952, 0.09008510410785675, 0.09394238889217377, 0.09312441945075989, 0.09416430443525314, 0.10179577767848969, 0.09819270670413971, 0.09798361361026764, 0.09256980568170547, 0.09475919604301453, 0.09027209132909775, 0.09199568629264832, 0.09402862191200256, 0.09335363656282425, 0.09769708663225174, 0.09001883864402771, 0.09404498338699341, 0.09361239522695541, 0.09092776477336884, 0.09798599034547806, 0.09436209499835968, 0.09562625735998154, 0.09359018504619598, 0.09346293658018112, 0.0935397520661354, 0.09900084882974625, 0.0959433987736702, 0.09568698704242706, 0.09803065657615662, 0.10072409361600876, 0.0958002358675003];[-2.1458067893981934, -2.121499538421631, -2.145475149154663, -2.143172025680542, -2.1477746963500977, -2.190504312515259, -2.1783008575439453, -2.160964250564575, -2.1383919715881348, -2.155449151992798, -2.1119654178619385, -2.1276869773864746, -2.1385226249694824, -2.13627290725708, -2.174050807952881, -2.118893623352051, -2.140817403793335, -2.1383936405181885, -2.1282899379730225, -2.1715168952941895, -2.153481960296631, -2.1467020511627197, -2.141916513442993, -2.1362252235412598, -2.137679100036621, -2.1704132556915283, -2.1640625, -2.158433675765991, -2.177586078643799, -2.2071633338928223, -2.1602368354797363];[0.41306596994400024, 0.43773069977760315, 0.4375477135181427, 0.4464942514896393, 0.44823646545410156, 0.4322810471057892, 0.4440668821334839, 0.42597833275794983, 0.43481573462486267, 0.4221067726612091, 0.4463633894920349, 0.43770498037338257, 0.4297417402267456, 0.4372410178184509, 0.4311085045337677, 0.43276381492614746, 0.4339078962802887, 0.43701934814453125, 0.43468016386032104, 0.44247421622276306, 0.44412490725517273, 0.46298807859420776, 0.4485764503479004, 0.44626733660697937, 0.4520983397960663, 0.4358665645122528, 0.4337575137615204, 0.4326169788837433, 0.4452262818813324, 0.4511054754257202];1937.5060245990753
1750;[1.6131582260131836, 1.6118524074554443, 1.6121119260787964, 1.6116162538528442, 1.6165118217468262, 1.6249037981033325, 1.6214041709899902, 1.6214157342910767, 1.616748571395874, 1.617522120475769, 1.6108742952346802, 1.6085370779037476, 1.6154446601867676, 1.6138840913772583, 1.617754340171814, 1.6090894937515259, 1.613404393196106, 1.6156880855560303, 1.6091958284378052, 1.619415283203125, 1.6118735074996948, 1.6164751052856445, 1.6132025718688965, 1.610927939414978, 1.6152515411376953, 1.616641640663147, 1.614039659500122, 1.6167248487472534, 1.618471384048462, 1.6223950386047363, 1.6136778593063354];[0.1967126578092575, 0.19253875315189362, 0.1966049075126648, 0.19530080258846283, 0.19548368453979492, 0.20031557977199554, 0.1988263875246048, 0.1982027143239975, 0.19497868418693542, 0.19661039113998413, 0.19365891814231873, 0.19577442109584808, 0.19555194675922394, 0.1950249820947647, 0.19887472689151764, 0.19401434063911438, 0.19569364190101624, 0.19539885222911835, 0.1950366199016571, 0.19852875173091888, 0.1972324699163437, 0.1973753124475479, 0.19641946256160736, 0.19643066823482513, 0.19505567848682404, 0.1987588256597519, 0.1980132758617401, 0.19662831723690033, 0.19889234006404877, 0.20069915056228638, 0.19718612730503082];[-4.3242878913879395, -4.276590347290039, -4.316916465759277, -4.3164238929748535, -4.311193943023682, -4.353178977966309, -4.358048915863037, -4.3144850730896, -4.296975135803223, -4.33376407623291, -4.266178131103516, -4.305505752563477, -4.299610137939453, -4.292983531951904, -4.360349178314209, -4.286655426025391, -4.3112382888793945, -4.301632881164551, -4.307000637054443, -4.348319053649902, -4.343553066253662, -4.3148112297058105, -4.325530529022217, -4.307203769683838, -4.298567771911621, -4.34644079208374, -4.358097553253174, -4.333214282989502, -4.368578910827637, -4.407299041748047, -4.346641540527344];[0.41306596994400024, 0.4391462504863739, 0.44100868701934814, 0.44020888209342957, 0.4394132196903229, 0.4363686144351959, 0.4441892206668854, 0.44285932183265686, 0.4326396584510803, 0.4381691813468933, 0.4291216731071472, 0.43458354473114014, 0.4360150396823883, 0.4408443868160248, 0.4429214298725128, 0.4273272454738617, 0.435947448015213, 0.43615415692329407, 0.43357235193252563, 0.4364573359489441, 0.44836854934692383, 0.46215933561325073, 0.44574248790740967, 0.45170581340789795, 0.45017650723457336, 0.44271522760391235, 0.433536559343338, 0.43615981936454773, 0.44913217425346375, 0.45223838090896606];1937.8012549877167
1800;[1.1714726686477661, 1.156752347946167, 1.16019868850708, 1.1738994121551514, 1.1629929542541504, 1.1653785705566406, 1.1650891304016113, 1.1611255407333374, 1.1608468294143677, 1.1626248359680176, 1.1602823734283447, 1.1652017831802368, 1.168110966682434, 1.1609344482421875, 1.168238878250122, 1.1615047454833984, 1.1690092086791992, 1.162917137145996, 1.174042820930481, 1.165481448173523, 1.1672254800796509, 1.1620606184005737, 1.169294834136963, 1.1722891330718994, 1.1625425815582275, 1.159063696861267, 1.1722110509872437, 1.165995478630066, 1.1664527654647827, 1.1624571084976196, 1.1649420261383057];[0.0997229814529419, 0.09301412850618362, 0.0907425656914711, 0.09742144495248795, 0.0899486318230629, 0.09432041645050049, 0.09099510312080383, 0.08883779495954514, 0.09079049527645111, 0.08895493298768997, 0.08753543347120285, 0.09073503315448761, 0.09089337289333344, 0.08745057880878448, 0.09055974334478378, 0.08752547949552536, 0.09087192267179489, 0.0907769650220871, 0.09508685767650604, 0.08922557532787323, 0.08832098543643951, 0.08858886361122131, 0.09134161472320557, 0.09235769510269165, 0.08770925551652908, 0.08877730369567871, 0.09122692048549652, 0.08936757594347, 0.08762487769126892, 0.08782222867012024, 0.08625862747430801];[-2.1849939823150635, -2.1388144493103027, -2.1129517555236816, -2.127565622329712, -2.1093311309814453, -2.133418083190918, -2.115293025970459, -2.105301856994629, -2.112954616546631, -2.1009857654571533, -2.093381881713867, -2.105229377746582, -2.0945560932159424, -2.077786445617676, -2.098339796066284, -2.08034348487854, -2.0985050201416016, -2.101619243621826, -2.1284618377685547, -2.0983660221099854, -2.079315423965454, -2.090532064437866, -2.1029648780822754, -2.1058599948883057, -2.084381580352783, -2.1004998683929443, -2.0844554901123047, -2.0609562397003174, -2.079369306564331, -2.0824668407440186, -2.073829174041748];[0.4468134641647339, 0.41125819087028503, 0.43058428168296814, 0.4329480826854706, 0.4252574145793915, 0.42594361305236816, 0.41477012634277344, 0.4090043008327484, 0.41764891147613525, 0.4257257878780365, 0.4196525514125824, 0.42127275466918945, 0.4427022933959961, 0.41043418645858765, 0.4162849485874176, 0.4205707013607025, 0.4051492214202881, 0.41571876406669617, 0.41487401723861694, 0.41650453209877014, 0.42101025581359863, 0.43849751353263855, 0.42358216643333435, 0.4045318067073822, 0.4085363745689392, 0.4267507791519165, 0.42105379700660706, 0.40964096784591675, 0.41658446192741394, 0.4367757737636566];1984.1837956905365
1800;[1.6219420433044434, 1.6094176769256592, 1.6117215156555176, 1.6220219135284424, 1.6136888265609741, 1.616220474243164, 1.6151705980300903, 1.6119942665100098, 1.611588954925537, 1.6134145259857178, 1.6117388010025024, 1.615146279335022, 1.6164969205856323, 1.610011339187622, 1.6170992851257324, 1.6108931303024292, 1.617192029953003, 1.6127560138702393, 1.6224439144134521, 1.6149085760116577, 1.615602970123291, 1.6121712923049927, 1.616922378540039, 1.6204938888549805, 1.6121046543121338, 1.6093366146087646, 1.618109107017517, 1.6121761798858643, 1.6145747900009155, 1.611790418624878, 1.6149271726608276];[0.20051497220993042, 0.1973762959241867, 0.19409361481666565, 0.19741998612880707, 0.19264614582061768, 0.19575612246990204, 0.19339892268180847, 0.19213882088661194, 0.19361011683940887, 0.1922980546951294, 0.19106347858905792, 0.19326111674308777, 0.19185316562652588, 0.1901983916759491, 0.19226044416427612, 0.19032472372055054, 0.1920018494129181, 0.19421686232089996, 0.19550681114196777, 0.19273485243320465, 0.19025149941444397, 0.1921394318342209, 0.19247622787952423, 0.19398938119411469, 0.19192732870578766, 0.19304241240024567, 0.19167689979076385, 0.1911942958831787, 0.1900443434715271, 0.19197748601436615, 0.19034074246883392];[-4.355259895324707, -4.327573776245117, -4.25291109085083, -4.236276626586914, -4.249570369720459, -4.283567905426025, -4.246700763702393, -4.24525260925293, -4.256596565246582, -4.2360358238220215, -4.219135761260986, -4.231424331665039, -4.194337368011475, -4.183809757232666, -4.208125114440918, -4.194576263427734, -4.211278438568115, -4.238405704498291, -4.251017093658447, -4.227807998657227, -4.18267297744751, -4.228806972503662, -4.212480545043945, -4.233150959014893, -4.214694499969482, -4.259982585906982, -4.176224708557129, -4.136569976806641, -4.190176963806152, -4.208751678466797, -4.194615364074707];[0.4468134641647339, 0.4246702492237091, 0.42575493454933167, 0.4362742602825165, 0.42168372869491577, 0.4238353967666626, 0.4215313494205475, 0.4229641258716583, 0.4199175238609314, 0.42696309089660645, 0.41994038224220276, 0.42448100447654724, 0.4238142669200897, 0.41952812671661377, 0.4267917573451996, 0.41187724471092224, 0.42224612832069397, 0.4256131947040558, 0.41764217615127563, 0.4284510314464569, 0.4072074890136719, 0.43195098638534546, 0.4333399832248688, 0.4170723259449005, 0.42210331559181213, 0.4207765758037567, 0.4509877860546112, 0.42781615257263184, 0.4210836887359619, 0.4623517692089081];1942.3936069011688
1850;[1.1653484106063843, 1.164029836654663, 1.1664000749588013, 1.1604140996932983, 1.1655277013778687, 1.1607673168182373, 1.1576095819473267, 1.1658639907836914, 1.160003423690796, 1.1612485647201538, 1.1587939262390137, 1.1628578901290894, 1.16329824924469, 1.1620994806289673, 1.160577416419983, 1.156219482421875, 1.1605565547943115, 1.1598469018936157, 1.157958745956421, 1.1601594686508179, 1.1601766347885132, 1.1630089282989502, 1.1619337797164917, 1.1580392122268677, 1.1621800661087036, 1.1561728715896606, 1.1562269926071167, 1.166969895362854, 1.1620490550994873, 1.1577578783035278, 1.167456865310669];[0.09370536357164383, 0.09432388842105865, 0.0958545058965683, 0.09259998798370361, 0.09496930241584778, 0.09165000915527344, 0.09202715754508972, 0.09266578406095505, 0.0926438719034195, 0.0923493281006813, 0.09158501774072647, 0.09132590889930725, 0.09059782326221466, 0.09065977483987808, 0.09259581565856934, 0.09191778302192688, 0.09425627440214157, 0.0916382446885109, 0.09006229043006897, 0.09069553017616272, 0.09207265079021454, 0.09259440004825592, 0.0938534215092659, 0.08974988013505936, 0.09145712852478027, 0.09068012982606888, 0.08888653665781021, 0.09410450607538223, 0.09265945106744766, 0.08851385861635208, 0.09422828257083893];[-2.14918851852417, -2.144713878631592, -2.1354095935821533, -2.1314172744750977, -2.143610954284668, -2.1358718872070312, -2.1313843727111816, -2.136261463165283, -2.132741689682007, -2.1246581077575684, -2.1294384002685547, -2.1210200786590576, -2.123075246810913, -2.124006748199463, -2.121230125427246, -2.1313986778259277, -2.1331658363342285, -2.1279053688049316, -2.1130452156066895, -2.120906114578247, -2.134373426437378, -2.134317398071289, -2.1292145252227783, -2.120346784591675, -2.1186492443084717, -2.1278975009918213, -2.1084582805633545, -2.1350486278533936, -2.11885142326355, -2.1093413829803467, -2.1375911235809326];[0.4192661643028259, 0.4318541884422302, 0.42461875081062317, 0.4305671453475952, 0.4251113831996918, 0.4510713815689087, 0.4329921305179596, 0.43558627367019653, 0.42930278182029724, 0.42291274666786194, 0.42486366629600525, 0.43650972843170166, 0.4548385739326477, 0.4418967366218567, 0.4164409637451172, 0.42870357632637024, 0.4288203716278076, 0.4295179545879364, 0.44099321961402893, 0.4268583059310913, 0.41291698813438416, 0.46389156579971313, 0.4301615357398987, 0.4409126937389374, 0.43637827038764954, 0.4548126459121704, 0.43423759937286377, 0.44590502977371216, 0.42479032278060913, 0.42877113819122314];1932.3454160690308
1850;[1.6164441108703613, 1.6152955293655396, 1.615148901939392, 1.6115391254425049, 1.6160637140274048, 1.6127153635025024, 1.609299659729004, 1.6174542903900146, 1.611480474472046, 1.6133341789245605, 1.6109682321548462, 1.6140437126159668, 1.613845944404602, 1.6131588220596313, 1.6119956970214844, 1.6077461242675781, 1.6108472347259521, 1.6119840145111084, 1.608370065689087, 1.6119133234024048, 1.6118358373641968, 1.6151493787765503, 1.6128900051116943, 1.610082745552063, 1.6137527227401733, 1.609510064125061, 1.6081585884094238, 1.6169854402542114, 1.6127347946166992, 1.6093153953552246, 1.6183289289474487];[0.19582338631153107, 0.19692449271678925, 0.19700860977172852, 0.1958455741405487, 0.1972324401140213, 0.19576603174209595, 0.1958783119916916, 0.19594134390354156, 0.19667883217334747, 0.19665566086769104, 0.19652344286441803, 0.19528374075889587, 0.19450947642326355, 0.19455771148204803, 0.19724465906620026, 0.1975371390581131, 0.19857187569141388, 0.19675475358963013, 0.19485501945018768, 0.19549860060214996, 0.1966809332370758, 0.1971072405576706, 0.1981159746646881, 0.19546936452388763, 0.19591458141803741, 0.19681459665298462, 0.1951122134923935, 0.19736501574516296, 0.19699643552303314, 0.19362537562847137, 0.19771240651607513];[-4.326255798339844, -4.327559471130371, -4.2796549797058105, -4.309985637664795, -4.311445236206055, -4.334850788116455, -4.323832988739014, -4.318733215332031, -4.324310779571533, -4.318365097045898, -4.333412170410156, -4.304057598114014, -4.302194118499756, -4.315321445465088, -4.308209419250488, -4.346226215362549, -4.332135200500488, -4.3392767906188965, -4.297499179840088, -4.316473960876465, -4.347292900085449, -4.339160919189453, -4.317233562469482, -4.326157093048096, -4.309898376464844, -4.355373382568359, -4.310145378112793, -4.323553562164307, -4.307312965393066, -4.298338413238525, -4.33694314956665];[0.4192661643028259, 0.4222365617752075, 0.42016446590423584, 0.4319223165512085, 0.4298555254936218, 0.43041449785232544, 0.40344032645225525, 0.43852943181991577, 0.45125699043273926, 0.4276847243309021, 0.43453243374824524, 0.441161572933197, 0.433424711227417, 0.4403591752052307, 0.42672988772392273, 0.43103086948394775, 0.42957597970962524, 0.432499498128891, 0.4418911039829254, 0.4242335855960846, 0.4241871237754822, 0.4641955494880676, 0.4301649332046509, 0.45240089297294617, 0.4408406615257263, 0.46222227811813354, 0.43458104133605957, 0.44989386200904846, 0.42987725138664246, 0.4322449564933777];1922.5305671691895
1900;[1.162866234779358, 1.1605570316314697, 1.1664633750915527, 1.1655200719833374, 1.1676428318023682, 1.1735116243362427, 1.1620250940322876, 1.162179708480835, 1.1622121334075928, 1.1592254638671875, 1.1611237525939941, 1.1658602952957153, 1.1696549654006958, 1.1652480363845825, 1.161288857460022, 1.1657558679580688, 1.1634774208068848, 1.1629326343536377, 1.16162109375, 1.1565866470336914, 1.1629215478897095, 1.159676194190979, 1.1687824726104736, 1.1686211824417114, 1.166190505027771, 1.1646569967269897, 1.1729408502578735, 1.1700714826583862, 1.165339469909668, 1.1652010679244995, 1.164726972579956];[0.09479523450136185, 0.09226461499929428, 0.09388657659292221, 0.09420003741979599, 0.09326750040054321, 0.096750408411026, 0.09034602344036102, 0.09125738590955734, 0.09219568222761154, 0.0896088108420372, 0.09149675071239471, 0.09295409172773361, 0.09360232949256897, 0.09146129339933395, 0.0890146791934967, 0.08983676880598068, 0.09078440070152283, 0.08848168700933456, 0.0895310789346695, 0.08641117811203003, 0.08764700591564178, 0.08798616379499435, 0.08941254019737244, 0.09010692685842514, 0.08976138383150101, 0.08963784575462341, 0.08971158415079117, 0.08907429873943329, 0.0871865451335907, 0.08646273612976074, 0.08774538338184357];[-2.15339994430542, -2.12884259223938, -2.1540610790252686, -2.1288814544677734, -2.1308422088623047, -2.1403374671936035, -2.1078391075134277, -2.127074956893921, -2.1342735290527344, -2.1041126251220703, -2.1181814670562744, -2.118271589279175, -2.1141788959503174, -2.1240463256835938, -2.102271795272827, -2.1004478931427, -2.1101934909820557, -2.0847725868225098, -2.099370002746582, -2.0823235511779785, -2.078735828399658, -2.08747935295105, -2.093878984451294, -2.1045150756835938, -2.0944430828094482, -2.089956521987915, -2.0904505252838135, -2.0832936763763428, -2.0723893642425537, -2.062747001647949, -2.081313133239746];[0.42382684350013733, 0.4304102063179016, 0.4445594251155853, 0.4169420301914215, 0.43331587314605713, 0.4308566451072693, 0.4497136175632477, 0.4185670018196106, 0.4354698359966278, 0.4210810959339142, 0.4244631826877594, 0.42695996165275574, 0.4363240599632263, 0.413905531167984, 0.4213073253631592, 0.42382362484931946, 0.4170728623867035, 0.43390995264053345, 0.42458075284957886, 0.43838876485824585, 0.4344483017921448, 0.43077602982521057, 0.4152463972568512, 0.41123539209365845, 0.4055245518684387, 0.42206913232803345, 0.4359980821609497, 0.3990842401981354, 0.4331461787223816, 0.40597620606422424];1965.9481925964355
1900;[1.6152089834213257, 1.611583948135376, 1.616989254951477, 1.614782452583313, 1.6181352138519287, 1.6216500997543335, 1.6127666234970093, 1.6139957904815674, 1.6142258644104004, 1.6088030338287354, 1.6117541790008545, 1.614654302597046, 1.6182365417480469, 1.615329384803772, 1.6130757331848145, 1.6150791645050049, 1.6132477521896362, 1.6121903657913208, 1.6119741201400757, 1.6076287031173706, 1.613303542137146, 1.6104774475097656, 1.6183998584747314, 1.619037389755249, 1.6166611909866333, 1.6147663593292236, 1.6214795112609863, 1.6195141077041626, 1.6145431995391846, 1.6145081520080566, 1.6156221628189087];[0.19777290523052216, 0.19564512372016907, 0.195635586977005, 0.19521597027778625, 0.1945892572402954, 0.19631138443946838, 0.19335690140724182, 0.1948336362838745, 0.19546690583229065, 0.1926550418138504, 0.19491595029830933, 0.19446900486946106, 0.19430118799209595, 0.19439248740673065, 0.19269496202468872, 0.19233746826648712, 0.19321098923683167, 0.1914752572774887, 0.19268161058425903, 0.19104228913784027, 0.19113674759864807, 0.1920681893825531, 0.19181285798549652, 0.19263038039207458, 0.19292208552360535, 0.19294746220111847, 0.1911698430776596, 0.1915663331747055, 0.18990649282932281, 0.189935564994812, 0.1914231777191162];[-4.3414459228515625, -4.291721820831299, -4.327223777770996, -4.262711524963379, -4.280127048492432, -4.267183780670166, -4.2403645515441895, -4.29213285446167, -4.30156135559082, -4.239591598510742, -4.261641025543213, -4.24056339263916, -4.228674411773682, -4.270838737487793, -4.248729705810547, -4.2249436378479, -4.249703884124756, -4.198916435241699, -4.227846622467041, -4.216860771179199, -4.192378044128418, -4.226260662078857, -4.215348720550537, -4.225165843963623, -4.215639591217041, -4.208744049072266, -4.188199043273926, -4.181488513946533, -4.172105312347412, -4.148026943206787, -4.191747188568115];[0.42382684350013733, 0.43056824803352356, 0.41579848527908325, 0.41918984055519104, 0.4476121962070465, 0.4527200162410736, 0.41635099053382874, 0.4189773499965668, 0.4510515034198761, 0.427921861410141, 0.42225566506385803, 0.4273335933685303, 0.41989263892173767, 0.4382084012031555, 0.4302730858325958, 0.4124784767627716, 0.4251140058040619, 0.42178305983543396, 0.430970162153244, 0.4416171908378601, 0.4093500077724457, 0.4095571041107178, 0.4121301770210266, 0.42203179001808167, 0.4044214189052582, 0.4288772940635681, 0.4287468194961548, 0.4023419916629791, 0.4355616271495819, 0.4172804653644562];1950.5216627120972
1950;[1.1628684997558594, 1.1682673692703247, 1.1693578958511353, 1.161595344543457, 1.1664650440216064, 1.16563081741333, 1.1641967296600342, 1.1661101579666138, 1.1688263416290283, 1.1627711057662964, 1.1667436361312866, 1.1695306301116943, 1.1658997535705566, 1.1680331230163574, 1.1622613668441772, 1.1657851934432983, 1.164137601852417, 1.1667697429656982, 1.1691209077835083, 1.170983910560608, 1.1696147918701172, 1.1732914447784424, 1.1700502634048462, 1.1621862649917603, 1.1709110736846924, 1.1638715267181396, 1.1602647304534912, 1.1647077798843384, 1.176409125328064, 1.1680556535720825, 1.1686913967132568];[0.09297559410333633, 0.09622076898813248, 0.0957680195569992, 0.09400813281536102, 0.09480609744787216, 0.09239844232797623, 0.09191221743822098, 0.09155517816543579, 0.09392064809799194, 0.0907830074429512, 0.09097209572792053, 0.0945109948515892, 0.09409329295158386, 0.09347258508205414, 0.09247902780771255, 0.0923537015914917, 0.0930289700627327, 0.09256244450807571, 0.09348912537097931, 0.09366201609373093, 0.09036246687173843, 0.0941581279039383, 0.09286858886480331, 0.0903930813074112, 0.09336189180612564, 0.09063933044672012, 0.08827738463878632, 0.0883026272058487, 0.09712448716163635, 0.08881333470344543, 0.09031730890274048];[-2.133481025695801, -2.154538154602051, -2.151113986968994, -2.1370933055877686, -2.143361806869507, -2.1238980293273926, -2.1135592460632324, -2.121542453765869, -2.1440136432647705, -2.1154944896698, -2.119162082672119, -2.1464669704437256, -2.1287381649017334, -2.1300361156463623, -2.128329038619995, -2.134101629257202, -2.1146726608276367, -2.1233537197113037, -2.146122694015503, -2.1300785541534424, -2.0970256328582764, -2.1373062133789062, -2.1123697757720947, -2.108776330947876, -2.11456298828125, -2.104025363922119, -2.0866146087646484, -2.0835516452789307, -2.125943183898926, -2.0924861431121826, -2.0891878604888916];[0.4529273509979248, 0.42459627985954285, 0.4275661110877991, 0.43424496054649353, 0.4183540940284729, 0.42626869678497314, 0.41475850343704224, 0.43721243739128113, 0.4325772523880005, 0.40362757444381714, 0.43348178267478943, 0.429462730884552, 0.43282073736190796, 0.44301939010620117, 0.4251907169818878, 0.4235381782054901, 0.44085732102394104, 0.42426785826683044, 0.4223649501800537, 0.41129830479621887, 0.4152825176715851, 0.42437446117401123, 0.42238739132881165, 0.4574051797389984, 0.4094696640968323, 0.41443222761154175, 0.42762723565101624, 0.4206888675689697, 0.4057678282260895, 0.4059385359287262];1946.2964553833008
1950;[1.614404320716858, 1.6176563501358032, 1.6184347867965698, 1.6113660335540771, 1.6165199279785156, 1.6155242919921875, 1.6143807172775269, 1.615748405456543, 1.6199064254760742, 1.6137174367904663, 1.615738034248352, 1.6197065114974976, 1.6143271923065186, 1.6168789863586426, 1.6130036115646362, 1.6172690391540527, 1.6126314401626587, 1.6160751581192017, 1.6184141635894775, 1.6194852590560913, 1.6188627481460571, 1.6232023239135742, 1.6183847188949585, 1.6126291751861572, 1.619879126548767, 1.6134473085403442, 1.6098954677581787, 1.613302230834961, 1.6244508028030396, 1.616840124130249, 1.6181460618972778];[0.19580933451652527, 0.19695356488227844, 0.1963256448507309, 0.1962914764881134, 0.19615496695041656, 0.19408173859119415, 0.19409479200839996, 0.19311876595020294, 0.19520260393619537, 0.19359132647514343, 0.19220125675201416, 0.19577403366565704, 0.1945914626121521, 0.19437989592552185, 0.1947258561849594, 0.1945919245481491, 0.19410407543182373, 0.19413883984088898, 0.19457226991653442, 0.19409526884555817, 0.1918097734451294, 0.1947849541902542, 0.19399593770503998, 0.19306300580501556, 0.19404400885105133, 0.19319510459899902, 0.19162318110466003, 0.19039683043956757, 0.19684816896915436, 0.19050835072994232, 0.1921987384557724];[-4.295145034790039, -4.318521976470947, -4.310766696929932, -4.305598258972168, -4.297114372253418, -4.257060527801514, -4.245397567749023, -4.256738662719727, -4.300009250640869, -4.252124786376953, -4.24433708190918, -4.300239086151123, -4.255148410797119, -4.266087055206299, -4.276068687438965, -4.290855884552002, -4.230850696563721, -4.2625651359558105, -4.285380840301514, -4.254049301147461, -4.19871711730957, -4.268143653869629, -4.228611469268799, -4.24282693862915, -4.228785037994385, -4.224453449249268, -4.19929313659668, -4.183772087097168, -4.236207008361816, -4.193185329437256, -4.1967549324035645];[0.4529273509979248, 0.417599081993103, 0.427825391292572, 0.4308320879936218, 0.42575591802597046, 0.41071996092796326, 0.42132285237312317, 0.4376654326915741, 0.43176376819610596, 0.4059842824935913, 0.43268030881881714, 0.4204770624637604, 0.43412142992019653, 0.4127853512763977, 0.4204852879047394, 0.45727357268333435, 0.4126129746437073, 0.4377431571483612, 0.4123194217681885, 0.43282583355903625, 0.4255448281764984, 0.4192614257335663, 0.40065741539001465, 0.4596085548400879, 0.42200273275375366, 0.41598236560821533, 0.433133065700531, 0.43201974034309387, 0.4227926731109619, 0.41976746916770935];1950.8744575977325
2000;[1.159637451171875, 1.1639373302459717, 1.1619105339050293, 1.1591047048568726, 1.163973093032837, 1.1648823022842407, 1.1620244979858398, 1.1616618633270264, 1.1676357984542847, 1.1695191860198975, 1.1788082122802734, 1.1672539710998535, 1.1700376272201538, 1.16693913936615, 1.168494462966919, 1.1659921407699585, 1.1743228435516357, 1.1735926866531372, 1.1701339483261108, 1.17304527759552, 1.167041301727295, 1.1707768440246582, 1.1646498441696167, 1.1747180223464966, 1.1688027381896973, 1.1741310358047485, 1.172230839729309, 1.175240159034729, 1.1666831970214844, 1.1779361963272095, 1.1756402254104614];[0.09167534112930298, 0.09625465422868729, 0.09436771273612976, 0.09181598573923111, 0.0959935262799263, 0.09561321884393692, 0.09307839721441269, 0.09399671852588654, 0.09653834998607635, 0.09564117342233658, 0.0998920127749443, 0.09581971168518066, 0.09615876525640488, 0.09668532758951187, 0.09614430367946625, 0.0943017303943634, 0.09825508296489716, 0.0995544046163559, 0.09500857442617416, 0.09391647577285767, 0.09326951205730438, 0.0959768071770668, 0.09231003373861313, 0.09512680023908615, 0.09223512560129166, 0.09420357644557953, 0.0965399295091629, 0.0944945439696312, 0.09588585048913956, 0.09857773035764694, 0.09494679421186447];[-2.137613534927368, -2.1486406326293945, -2.146528720855713, -2.131455898284912, -2.1467113494873047, -2.1493968963623047, -2.1447935104370117, -2.1552271842956543, -2.16915225982666, -2.1520464420318604, -2.1880674362182617, -2.1575779914855957, -2.1510956287384033, -2.169760227203369, -2.1582562923431396, -2.148475170135498, -2.208803176879883, -2.1838419437408447, -2.1407525539398193, -2.133551597595215, -2.132197380065918, -2.142137289047241, -2.1220314502716064, -2.1281259059906006, -2.122997760772705, -2.1445260047912598, -2.1541879177093506, -2.1346254348754883, -2.1380298137664795, -2.156801223754883, -2.1408159732818604];[0.4582643508911133, 0.4598761796951294, 0.4166679084300995, 0.43445897102355957, 0.4319843649864197, 0.4568789005279541, 0.42371881008148193, 0.4379604458808899, 0.4099217355251312, 0.41350898146629333, 0.43632611632347107, 0.42875605821609497, 0.4217390716075897, 0.4062356650829315, 0.43731483817100525, 0.4245235323905945, 0.42083877325057983, 0.426389217376709, 0.4214215874671936, 0.39439189434051514, 0.4401245713233948, 0.4322892725467682, 0.4460865259170532, 0.41511231660842896, 0.4172470271587372, 0.4326571822166443, 0.4323072135448456, 0.43826645612716675, 0.4216432273387909, 0.44609907269477844];1985.3372149467468
2000;[1.610993504524231, 1.6146314144134521, 1.6108659505844116, 1.6096571683883667, 1.6143620014190674, 1.6142964363098145, 1.6132134199142456, 1.6130715608596802, 1.61759614944458, 1.6189528703689575, 1.6271796226501465, 1.6171212196350098, 1.6179704666137695, 1.6161434650421143, 1.6174907684326172, 1.6150320768356323, 1.6219004392623901, 1.6198679208755493, 1.6169155836105347, 1.619598388671875, 1.6153725385665894, 1.6184269189834595, 1.6136369705200195, 1.6208884716033936, 1.6165571212768555, 1.6220300197601318, 1.61918306350708, 1.621488094329834, 1.613081693649292, 1.6222866773605347, 1.6213046312332153];[0.19496014714241028, 0.19871386885643005, 0.19619220495224, 0.19482970237731934, 0.19817973673343658, 0.19717514514923096, 0.19619588553905487, 0.19750645756721497, 0.19814521074295044, 0.19684767723083496, 0.1991242617368698, 0.19733040034770966, 0.19634102284908295, 0.19814853370189667, 0.19762752950191498, 0.19545772671699524, 0.19895146787166595, 0.1989152878522873, 0.19462446868419647, 0.1938968300819397, 0.1951768547296524, 0.19667278230190277, 0.1944674253463745, 0.19471287727355957, 0.1936900019645691, 0.1948857605457306, 0.19618013501167297, 0.19393688440322876, 0.19630800187587738, 0.1966177225112915, 0.19402958452701569];[-4.311058521270752, -4.320206165313721, -4.321135997772217, -4.305031776428223, -4.318673610687256, -4.316043376922607, -4.330199718475342, -4.361079216003418, -4.354919910430908, -4.310905933380127, -4.3684821128845215, -4.341224670410156, -4.3064398765563965, -4.349717140197754, -4.340695858001709, -4.3176469802856445, -4.364272117614746, -4.3423895835876465, -4.284844398498535, -4.260765552520752, -4.2845587730407715, -4.279773235321045, -4.267660140991211, -4.24100923538208, -4.265444755554199, -4.2762651443481445, -4.305820465087891, -4.251462936401367, -4.286444664001465, -4.284816265106201, -4.264089584350586];[0.4582643508911133, 0.46450015902519226, 0.407649427652359, 0.4399641156196594, 0.4362821877002716, 0.45795953273773193, 0.43386605381965637, 0.44612279534339905, 0.41161268949508667, 0.43009132146835327, 0.4311915934085846, 0.42123690247535706, 0.4461823105812073, 0.4222777783870697, 0.4206302762031555, 0.4309215247631073, 0.43171900510787964, 0.4417833983898163, 0.4259488880634308, 0.43630874156951904, 0.4437611401081085, 0.43127158284187317, 0.4190148413181305, 0.425630122423172, 0.429042249917984, 0.43571367859840393, 0.4381103515625, 0.45591503381729126, 0.42397597432136536, 0.4453525245189667];1948.9243326187134
2050;[1.160905361175537, 1.1599936485290527, 1.163894534111023, 1.1635369062423706, 1.1659283638000488, 1.1643339395523071, 1.1612813472747803, 1.1605223417282104, 1.1693406105041504, 1.167318344116211, 1.172583818435669, 1.1709449291229248, 1.1664987802505493, 1.1679866313934326, 1.172519564628601, 1.1669833660125732, 1.166015863418579, 1.1661845445632935, 1.1688764095306396, 1.1605241298675537, 1.1709176301956177, 1.1690031290054321, 1.1725269556045532, 1.1649526357650757, 1.1682490110397339, 1.168516755104065, 1.1712603569030762, 1.1710325479507446, 1.167688250541687, 1.172186017036438, 1.1725002527236938];[0.089922696352005, 0.0914066806435585, 0.09088447690010071, 0.09432647377252579, 0.09459959715604782, 0.09164644032716751, 0.09096360951662064, 0.08919816464185715, 0.0958435982465744, 0.09411099553108215, 0.09723928570747375, 0.09657038748264313, 0.09294833987951279, 0.09601639956235886, 0.09514164924621582, 0.09480343759059906, 0.09347183257341385, 0.09168499708175659, 0.09689198434352875, 0.09133069217205048, 0.09703611582517624, 0.09331279993057251, 0.09763944894075394, 0.09392649680376053, 0.09267813712358475, 0.09341903030872345, 0.0963011085987091, 0.09668295085430145, 0.09401141107082367, 0.09497610479593277, 0.09500876069068909];[-2.1246562004089355, -2.119903564453125, -2.1217129230499268, -2.141343116760254, -2.1428024768829346, -2.127847194671631, -2.1174707412719727, -2.113852024078369, -2.1562273502349854, -2.1428020000457764, -2.1688408851623535, -2.144301652908325, -2.1377146244049072, -2.14833664894104, -2.1393163204193115, -2.1467297077178955, -2.128323793411255, -2.12983775138855, -2.157651901245117, -2.1286802291870117, -2.1552913188934326, -2.1388823986053467, -2.158190965652466, -2.1354286670684814, -2.1370201110839844, -2.144848585128784, -2.1562681198120117, -2.14902663230896, -2.1383891105651855, -2.1502480506896973, -2.1454994678497314];[0.4287780225276947, 0.4401951730251312, 0.4374527335166931, 0.4418106973171234, 0.45891761779785156, 0.4185534119606018, 0.4215458631515503, 0.44532617926597595, 0.4392150342464447, 0.4358912706375122, 0.42740482091903687, 0.43299400806427, 0.4313153326511383, 0.44073423743247986, 0.4363211393356323, 0.43256205320358276, 0.4329240620136261, 0.4207293391227722, 0.41739872097969055, 0.43048954010009766, 0.4314757287502289, 0.42406708002090454, 0.44212958216667175, 0.4251940846443176, 0.4502109885215759, 0.4287607967853546, 0.4346669912338257, 0.43082910776138306, 0.41808778047561646, 0.44683706760406494];1969.7332792282104
2050;[1.6118731498718262, 1.6106269359588623, 1.6142337322235107, 1.6124316453933716, 1.616061806678772, 1.6139445304870605, 1.6110378503799438, 1.612038016319275, 1.6178300380706787, 1.6170923709869385, 1.6215088367462158, 1.6189391613006592, 1.6156184673309326, 1.6172744035720825, 1.6200320720672607, 1.6177529096603394, 1.615120768547058, 1.6167793273925781, 1.6175802946090698, 1.6120961904525757, 1.618496060371399, 1.6189216375350952, 1.6190091371536255, 1.6149429082870483, 1.6183888912200928, 1.6178100109100342, 1.6203516721725464, 1.6191095113754272, 1.6169747114181519, 1.621353030204773, 1.6206470727920532];[0.19280458986759186, 0.1947227120399475, 0.19336868822574615, 0.19591771066188812, 0.19623643159866333, 0.1937180906534195, 0.19349412620067596, 0.19306142628192902, 0.1964879035949707, 0.19584359228610992, 0.1980964094400406, 0.1973566710948944, 0.19447636604309082, 0.19750672578811646, 0.19526706635951996, 0.19739800691604614, 0.19561231136322021, 0.19405703246593475, 0.19835738837718964, 0.19524814188480377, 0.19783738255500793, 0.19548898935317993, 0.19709669053554535, 0.19656866788864136, 0.1949881911277771, 0.19523388147354126, 0.19759008288383484, 0.19771823287010193, 0.1959376484155655, 0.19615939259529114, 0.1959826797246933];[-4.279323101043701, -4.267842769622803, -4.269315242767334, -4.304574966430664, -4.310375213623047, -4.276808738708496, -4.262352466583252, -4.273007392883301, -4.309534549713135, -4.307553768157959, -4.317637920379639, -4.292784214019775, -4.293763637542725, -4.306420803070068, -4.277777671813965, -4.320962905883789, -4.277741432189941, -4.289471626281738, -4.3319196701049805, -4.304874897003174, -4.315476417541504, -4.301677227020264, -4.306269645690918, -4.3048787117004395, -4.302854061126709, -4.3168745040893555, -4.329383373260498, -4.303300857543945, -4.300375938415527, -4.323925971984863, -4.3038330078125];[0.4287780225276947, 0.44215062260627747, 0.4281536042690277, 0.43693262338638306, 0.46363553404808044, 0.4232602119445801, 0.4172108769416809, 0.420667439699173, 0.4394305646419525, 0.43423154950141907, 0.4226921498775482, 0.4366154670715332, 0.46143436431884766, 0.4256834089756012, 0.424210786819458, 0.40170371532440186, 0.4194851219654083, 0.4375133216381073, 0.43487733602523804, 0.44080284237861633, 0.43601250648498535, 0.4411022365093231, 0.457415908575058, 0.41723164916038513, 0.45058777928352356, 0.43387430906295776, 0.43713346123695374, 0.43467503786087036, 0.45153573155403137, 0.42908090353012085];1958.2269480228424
2100;[1.1651062965393066, 1.1634882688522339, 1.168343424797058, 1.1642248630523682, 1.1635745763778687, 1.1628403663635254, 1.1634589433670044, 1.1627099514007568, 1.1668285131454468, 1.1683639287948608, 1.163790225982666, 1.159468650817871, 1.1694080829620361, 1.1672377586364746, 1.1609063148498535, 1.1650667190551758, 1.1663527488708496, 1.1689727306365967, 1.1690484285354614, 1.1636823415756226, 1.1671345233917236, 1.16434907913208, 1.1619148254394531, 1.1625378131866455, 1.1635444164276123, 1.1677591800689697, 1.1691232919692993, 1.164801001548767, 1.1636627912521362, 1.176981806755066, 1.1714963912963867];[0.09392423182725906, 0.09332349896430969, 0.09426169097423553, 0.0915674939751625, 0.09104810655117035, 0.09019641578197479, 0.0899624228477478, 0.09193728864192963, 0.0912705659866333, 0.09318643063306808, 0.09258614480495453, 0.08770023286342621, 0.09279265254735947, 0.09197832643985748, 0.09035451710224152, 0.0918394923210144, 0.09395205974578857, 0.09173276275396347, 0.09098951518535614, 0.09029879420995712, 0.09385310113430023, 0.09035202860832214, 0.09033022075891495, 0.08828046917915344, 0.08976032584905624, 0.08982740342617035, 0.09021680802106857, 0.08826342225074768, 0.09123010188341141, 0.0952531173825264, 0.09215237200260162];[-2.148033380508423, -2.1377315521240234, -2.1342992782592773, -2.1265833377838135, -2.121626853942871, -2.1110777854919434, -2.1130151748657227, -2.122572422027588, -2.1146597862243652, -2.1331260204315186, -2.1203901767730713, -2.1031105518341064, -2.1261813640594482, -2.1154332160949707, -2.1151106357574463, -2.113765239715576, -2.137097120285034, -2.1282413005828857, -2.1149814128875732, -2.103996992111206, -2.1304636001586914, -2.1047768592834473, -2.111734628677368, -2.0945863723754883, -2.1088173389434814, -2.091984748840332, -2.09177827835083, -2.0926380157470703, -2.101306676864624, -2.1220130920410156, -2.1111183166503906];[0.4451564848423004, 0.4224088788032532, 0.44254884123802185, 0.4454137086868286, 0.40784698724746704, 0.4335704445838928, 0.423615962266922, 0.42734238505363464, 0.4251481592655182, 0.4276113212108612, 0.42556771636009216, 0.42162543535232544, 0.4358161985874176, 0.4087038040161133, 0.4552358388900757, 0.4281373620033264, 0.4221155345439911, 0.457472562789917, 0.42893558740615845, 0.42203056812286377, 0.4320976436138153, 0.4218301773071289, 0.41348719596862793, 0.4261847734451294, 0.41969242691993713, 0.4255174696445465, 0.4175347685813904, 0.4311395585536957, 0.420794814825058, 0.43304428458213806];2010.4991624355316
2100;[1.6160051822662354, 1.614045262336731, 1.6184661388397217, 1.6155537366867065, 1.6146667003631592, 1.613289713859558, 1.613936424255371, 1.6129282712936401, 1.6167726516723633, 1.6189435720443726, 1.6129928827285767, 1.6105681657791138, 1.6203159093856812, 1.618167757987976, 1.6126251220703125, 1.614801287651062, 1.6172560453414917, 1.6190327405929565, 1.618058681488037, 1.6136723756790161, 1.6170278787612915, 1.6156630516052246, 1.6128612756729126, 1.6124415397644043, 1.615329384803772, 1.6168384552001953, 1.6181628704071045, 1.6147679090499878, 1.614080548286438, 1.6256625652313232, 1.6182500123977661];[0.19611789286136627, 0.19529400765895844, 0.19548332691192627, 0.19406048953533173, 0.19354978203773499, 0.1927415281534195, 0.19223569333553314, 0.1941913664340973, 0.19296595454216003, 0.194332554936409, 0.19418880343437195, 0.19132128357887268, 0.1946009248495102, 0.1942988783121109, 0.19377374649047852, 0.19346864521503448, 0.19640015065670013, 0.19390465319156647, 0.19199906289577484, 0.19291353225708008, 0.19517841935157776, 0.193406343460083, 0.19321756064891815, 0.19091135263442993, 0.19306842982769012, 0.19153280556201935, 0.1914992481470108, 0.1908368468284607, 0.19409021735191345, 0.19524407386779785, 0.1921263486146927];[-4.32134485244751, -4.300642490386963, -4.282528877258301, -4.274567604064941, -4.2599077224731445, -4.2435126304626465, -4.24898099899292, -4.267955780029297, -4.247422218322754, -4.280144214630127, -4.261449337005615, -4.245319843292236, -4.263243198394775, -4.244370460510254, -4.266745090484619, -4.247395992279053, -4.29025411605835, -4.256102085113525, -4.23836088180542, -4.223230838775635, -4.274791240692139, -4.239290237426758, -4.257223606109619, -4.220207214355469, -4.25897216796875, -4.1931257247924805, -4.185527324676514, -4.206628799438477, -4.2327752113342285, -4.226922035217285, -4.199925422668457];[0.4451564848423004, 0.4350559115409851, 0.43213051557540894, 0.42256292700767517, 0.4189072251319885, 0.4377359449863434, 0.43716391921043396, 0.4551752507686615, 0.45120781660079956, 0.4274720251560211, 0.45411932468414307, 0.42274388670921326, 0.4284416139125824, 0.4302762746810913, 0.4322111904621124, 0.4385615289211273, 0.41474980115890503, 0.4212702512741089, 0.4305460453033447, 0.42161625623703003, 0.4363815486431122, 0.42090800404548645, 0.4284018576145172, 0.43415966629981995, 0.42384541034698486, 0.42025962471961975, 0.42204785346984863, 0.4247685968875885, 0.4117317497730255, 0.4344356060028076];2031.0073685646057
2150;[1.1716128587722778, 1.1684380769729614, 1.1643682718276978, 1.1659018993377686, 1.1598914861679077, 1.1617885828018188, 1.1579419374465942, 1.159184217453003, 1.1662529706954956, 1.1608610153198242, 1.1636159420013428, 1.164041519165039, 1.161413311958313, 1.1649941205978394, 1.1698296070098877, 1.1624281406402588, 1.1592782735824585, 1.161962628364563, 1.1757103204727173, 1.167409896850586, 1.1717699766159058, 1.1670517921447754, 1.1778138875961304, 1.1691877841949463, 1.1710941791534424, 1.1654531955718994, 1.1696271896362305, 1.1706804037094116, 1.1706409454345703, 1.176876187324524, 1.1715439558029175];[0.09708990156650543, 0.09412075579166412, 0.09348402172327042, 0.09238618612289429, 0.08998506516218185, 0.09027004987001419, 0.09070036560297012, 0.09011568874120712, 0.0948662981390953, 0.09161645919084549, 0.09321191906929016, 0.09257198125123978, 0.09018929302692413, 0.08993395417928696, 0.09380491822957993, 0.08974255621433258, 0.08852133899927139, 0.09123495221138, 0.09627117961645126, 0.09173080325126648, 0.0941094309091568, 0.09067933261394501, 0.09458623826503754, 0.09206213057041168, 0.09287498891353607, 0.09235787391662598, 0.09190254658460617, 0.09213642030954361, 0.09244663268327713, 0.09381318837404251, 0.09137462079524994];[-2.159209966659546, -2.138075113296509, -2.13909649848938, -2.1240127086639404, -2.115490198135376, -2.1117286682128906, -2.120232582092285, -2.1135060787200928, -2.134181499481201, -2.1299407482147217, -2.1379823684692383, -2.1341335773468018, -2.1132025718688965, -2.1044788360595703, -2.121049165725708, -2.108619213104248, -2.094712257385254, -2.111600637435913, -2.1353952884674072, -2.1183104515075684, -2.1228108406066895, -2.1049020290374756, -2.126688241958618, -2.1054883003234863, -2.109893560409546, -2.1097187995910645, -2.1048367023468018, -2.108956813812256, -2.121302604675293, -2.1097569465637207, -2.0971322059631348];[0.43963155150413513, 0.42815276980400085, 0.43322837352752686, 0.4077562093734741, 0.43286508321762085, 0.4296422302722931, 0.4259777367115021, 0.4249691367149353, 0.42594394087791443, 0.4181879758834839, 0.4167875349521637, 0.4093072712421417, 0.4391067922115326, 0.42649203538894653, 0.4242055118083954, 0.4180770516395569, 0.43506690859794617, 0.4208992123603821, 0.42238134145736694, 0.4400043487548828, 0.4169946312904358, 0.4314328730106354, 0.4085458517074585, 0.42886191606521606, 0.4479494094848633, 0.37951210141181946, 0.4254794418811798, 0.4237824082374573, 0.4462931752204895, 0.4462190568447113];2016.332505941391
2150;[1.6206806898117065, 1.6176409721374512, 1.614556074142456, 1.6155983209609985, 1.6103769540786743, 1.6109111309051514, 1.6092296838760376, 1.6112111806869507, 1.6157045364379883, 1.6117868423461914, 1.613178014755249, 1.6147481203079224, 1.6113395690917969, 1.6144814491271973, 1.617284893989563, 1.6130627393722534, 1.6088706254959106, 1.6116629838943481, 1.6227695941925049, 1.6160646677017212, 1.617945671081543, 1.6147526502609253, 1.623978853225708, 1.6172425746917725, 1.6183418035507202, 1.6120212078094482, 1.6172106266021729, 1.6173067092895508, 1.6180888414382935, 1.6229900121688843, 1.617207407951355];[0.19710811972618103, 0.1952107548713684, 0.19575971364974976, 0.1940707564353943, 0.19321280717849731, 0.19279219210147858, 0.19476765394210815, 0.19455783069133759, 0.1965874582529068, 0.1952458769083023, 0.19573430716991425, 0.195834681391716, 0.19372323155403137, 0.19267548620700836, 0.19493994116783142, 0.19377288222312927, 0.19280315935611725, 0.1955217868089676, 0.19665613770484924, 0.19402523338794708, 0.19488050043582916, 0.19329237937927246, 0.19501309096813202, 0.19461113214492798, 0.19472111761569977, 0.19482046365737915, 0.19383364915847778, 0.19395877420902252, 0.194536492228508, 0.19399327039718628, 0.1930728256702423];[-4.311519145965576, -4.292295932769775, -4.30483865737915, -4.267605304718018, -4.27039098739624, -4.258011341094971, -4.30137825012207, -4.283647060394287, -4.293015956878662, -4.3110737800598145, -4.310141086578369, -4.317423343658447, -4.2668843269348145, -4.244081020355225, -4.262826919555664, -4.270095348358154, -4.244290351867676, -4.270478248596191, -4.274806976318359, -4.271922588348389, -4.252891540527344, -4.241814613342285, -4.2546162605285645, -4.2473320960998535, -4.2509684562683105, -4.263997554779053, -4.236322402954102, -4.24354887008667, -4.278560638427734, -4.231257438659668, -4.214028358459473];[0.43963155150413513, 0.42933130264282227, 0.4323740601539612, 0.4212036728858948, 0.4359739124774933, 0.44129306077957153, 0.4280622899532318, 0.42307573556900024, 0.4321589469909668, 0.4154307544231415, 0.40652960538864136, 0.41360965371131897, 0.4348684549331665, 0.44595932960510254, 0.4787222743034363, 0.427446573972702, 0.43709662556648254, 0.43395987153053284, 0.4236060082912445, 0.43017300963401794, 0.42661333084106445, 0.4131852090358734, 0.4398477077484131, 0.4252527356147766, 0.411777526140213, 0.4327051341533661, 0.40868809819221497, 0.43592900037765503, 0.4386005401611328, 0.4276493191719055];1989.8586130142212
2200;[1.1596378087997437, 1.1587588787078857, 1.1689634323120117, 1.1584255695343018, 1.1635092496871948, 1.1612550020217896, 1.1603249311447144, 1.1596014499664307, 1.1606460809707642, 1.1603419780731201, 1.1678791046142578, 1.1566004753112793, 1.1588581800460815, 1.1621592044830322, 1.1638052463531494, 1.1615478992462158, 1.1633262634277344, 1.1548908948898315, 1.1683698892593384, 1.1573140621185303, 1.1561630964279175, 1.158954381942749, 1.1601706743240356, 1.1580852270126343, 1.1590282917022705, 1.1630722284317017, 1.1620417833328247, 1.159267783164978, 1.1675190925598145, 1.1544430255889893, 1.1586148738861084];[0.09183342009782791, 0.09153164178133011, 0.09518251568078995, 0.08992207050323486, 0.09198015183210373, 0.08825737237930298, 0.09014669805765152, 0.0897647961974144, 0.09054391086101532, 0.0883215144276619, 0.09290070831775665, 0.08679617196321487, 0.08953788131475449, 0.08907485753297806, 0.08915945887565613, 0.08781688660383224, 0.08923596143722534, 0.08799877017736435, 0.08977510780096054, 0.08887072652578354, 0.08949703723192215, 0.08710755407810211, 0.087250255048275, 0.08708284795284271, 0.08985184878110886, 0.09330607950687408, 0.08848408609628677, 0.08839521557092667, 0.09322454780340195, 0.08799509704113007, 0.09069261699914932];[-2.1269755363464355, -2.1257388591766357, -2.1365420818328857, -2.1157500743865967, -2.1221976280212402, -2.1026718616485596, -2.1083219051361084, -2.107365608215332, -2.1109859943389893, -2.0955910682678223, -2.118109703063965, -2.0871236324310303, -2.0935568809509277, -2.098546028137207, -2.10718035697937, -2.0940146446228027, -2.0944526195526123, -2.096796989440918, -2.0943076610565186, -2.0953550338745117, -2.097193956375122, -2.0887246131896973, -2.093686580657959, -2.0895750522613525, -2.1155173778533936, -2.128061056137085, -2.09621524810791, -2.102064609527588, -2.132495164871216, -2.1045100688934326, -2.1226651668548584];[0.42894819378852844, 0.43933266401290894, 0.4215298295021057, 0.41463789343833923, 0.41911381483078003, 0.437804639339447, 0.4274073839187622, 0.42798393964767456, 0.40171536803245544, 0.4334478974342346, 0.45884111523628235, 0.41929882764816284, 0.4188714921474457, 0.4254007935523987, 0.4170810580253601, 0.417689710855484, 0.41523006558418274, 0.43429964780807495, 0.4461904764175415, 0.41535717248916626, 0.4609861671924591, 0.4238457977771759, 0.4298173785209656, 0.44561102986335754, 0.41832441091537476, 0.42139169573783875, 0.43341904878616333, 0.41843876242637634, 0.4278331995010376, 0.4308890700340271];1981.8754439353943
2200;[1.6102783679962158, 1.6092216968536377, 1.6179084777832031, 1.6106586456298828, 1.613452434539795, 1.6128475666046143, 1.6115963459014893, 1.6103376150131226, 1.6114249229431152, 1.6104350090026855, 1.6162960529327393, 1.6081013679504395, 1.609344482421875, 1.6147429943084717, 1.6148258447647095, 1.613214135169983, 1.6134907007217407, 1.6073863506317139, 1.6184978485107422, 1.6096135377883911, 1.6075996160507202, 1.6109455823898315, 1.6118797063827515, 1.6101917028427124, 1.6112501621246338, 1.6142175197601318, 1.61298668384552, 1.6112258434295654, 1.6180572509765625, 1.6076334714889526, 1.611401081085205];[0.19495739042758942, 0.194697767496109, 0.19545601308345795, 0.19405806064605713, 0.1942969709634781, 0.19229508936405182, 0.19387222826480865, 0.19339552521705627, 0.19378705322742462, 0.1919596791267395, 0.1943865716457367, 0.19170238077640533, 0.19325745105743408, 0.19369491934776306, 0.1925753504037857, 0.1919683814048767, 0.1923048198223114, 0.19329504668712616, 0.19192127883434296, 0.19416745007038116, 0.19469331204891205, 0.19177521765232086, 0.1916874796152115, 0.19199161231517792, 0.19433677196502686, 0.19694796204566956, 0.19240111112594604, 0.1930372714996338, 0.19594299793243408, 0.1940537393093109, 0.19511017203330994];[-4.286954879760742, -4.283736228942871, -4.270471572875977, -4.280756950378418, -4.278308391571045, -4.253388404846191, -4.258374214172363, -4.260800838470459, -4.265434741973877, -4.235220432281494, -4.246642589569092, -4.237573146820068, -4.230719566345215, -4.252831935882568, -4.249992847442627, -4.2405104637146, -4.22759485244751, -4.263606548309326, -4.22092342376709, -4.262127876281738, -4.259396553039551, -4.241422176361084, -4.243363857269287, -4.244471549987793, -4.296716213226318, -4.302787780761719, -4.248103141784668, -4.270519256591797, -4.295534133911133, -4.290342330932617, -4.321854591369629];[0.42894819378852844, 0.4378996193408966, 0.4245396852493286, 0.41466864943504333, 0.42168036103248596, 0.4398634731769562, 0.42852339148521423, 0.4190802276134491, 0.4183773398399353, 0.43201884627342224, 0.44633612036705017, 0.4186222553253174, 0.41443267464637756, 0.43225738406181335, 0.42430540919303894, 0.4266349673271179, 0.40028199553489685, 0.45329833030700684, 0.4509095847606659, 0.4297247529029846, 0.42284834384918213, 0.43232691287994385, 0.4334801733493805, 0.4370996057987213, 0.4208539128303528, 0.4168640077114105, 0.4518772065639496, 0.4343331456184387, 0.4242542088031769, 0.438534677028656];1976.2233095169067
2250;[1.1652204990386963, 1.1622403860092163, 1.1586084365844727, 1.1702394485473633, 1.16019868850708, 1.163628339767456, 1.1633189916610718, 1.1711069345474243, 1.1654539108276367, 1.1620830297470093, 1.1621019840240479, 1.1635632514953613, 1.1664780378341675, 1.167932391166687, 1.1610629558563232, 1.1635499000549316, 1.1625823974609375, 1.169785976409912, 1.1652491092681885, 1.1647653579711914, 1.1696652173995972, 1.169196367263794, 1.1677495241165161, 1.1640421152114868, 1.1641027927398682, 1.1586341857910156, 1.1604225635528564, 1.1635640859603882, 1.1634618043899536, 1.1627564430236816, 1.1690138578414917];[0.09662307798862457, 0.09483028203248978, 0.09079952538013458, 0.09425308555364609, 0.0904693678021431, 0.09034404158592224, 0.09039990603923798, 0.09532929211854935, 0.09342965483665466, 0.09150392562150955, 0.09130021929740906, 0.0927891954779625, 0.09397343546152115, 0.09452920407056808, 0.09119204431772232, 0.0920005515217781, 0.09158433973789215, 0.09534470736980438, 0.09222403913736343, 0.09319133311510086, 0.09235072880983353, 0.09234752506017685, 0.09394203871488571, 0.09018164128065109, 0.0897059217095375, 0.08887337893247604, 0.08920923620462418, 0.091673344373703, 0.09134546667337418, 0.09108095616102219, 0.0924668163061142];[-2.160407304763794, -2.1512279510498047, -2.1190085411071777, -2.1318814754486084, -2.1205177307128906, -2.1143157482147217, -2.1200289726257324, -2.1464738845825195, -2.1323599815368652, -2.1158463954925537, -2.1286938190460205, -2.118234157562256, -2.1261470317840576, -2.1340231895446777, -2.1161670684814453, -2.124077081680298, -2.1181275844573975, -2.148031711578369, -2.115039348602295, -2.137176275253296, -2.1194252967834473, -2.1189098358154297, -2.1269752979278564, -2.114748954772949, -2.0981080532073975, -2.094984531402588, -2.102506399154663, -2.1162424087524414, -2.105125665664673, -2.1099839210510254, -2.120119333267212];[0.43730366230010986, 0.476382315158844, 0.43905067443847656, 0.4407432973384857, 0.42952603101730347, 0.4450877904891968, 0.43250352144241333, 0.43344321846961975, 0.43888428807258606, 0.4248197376728058, 0.4193822741508484, 0.43218857049942017, 0.42697685956954956, 0.44416913390159607, 0.4329811632633209, 0.4260847568511963, 0.44169849157333374, 0.44079771637916565, 0.42707589268684387, 0.43335509300231934, 0.44874608516693115, 0.46054744720458984, 0.42290234565734863, 0.4304431676864624, 0.41292861104011536, 0.43165338039398193, 0.4358305037021637, 0.41977065801620483, 0.3961723744869232, 0.43382754921913147];1980.1324436664581
2250;[1.6151421070098877, 1.6129238605499268, 1.6093627214431763, 1.6192313432693481, 1.6108496189117432, 1.6127654314041138, 1.6144179105758667, 1.6202625036239624, 1.615006685256958, 1.6127471923828125, 1.6126254796981812, 1.61405348777771, 1.6162285804748535, 1.6173588037490845, 1.6112651824951172, 1.6154773235321045, 1.6127078533172607, 1.6183977127075195, 1.614090085029602, 1.6158195734024048, 1.6181806325912476, 1.6176819801330566, 1.6172224283218384, 1.6136698722839355, 1.6145899295806885, 1.6089537143707275, 1.6111987829208374, 1.6143697500228882, 1.613338589668274, 1.6129176616668701, 1.6196086406707764];[0.19821478426456451, 0.1973055899143219, 0.19375942647457123, 0.19502615928649902, 0.1934073269367218, 0.19234547019004822, 0.19344370067119598, 0.1958722472190857, 0.1958109736442566, 0.1947239339351654, 0.19446197152137756, 0.1960291564464569, 0.19638371467590332, 0.19663022458553314, 0.1947045475244522, 0.19617398083209991, 0.194620281457901, 0.19700731337070465, 0.19442428648471832, 0.196494922041893, 0.1939588338136673, 0.19453220069408417, 0.19653551280498505, 0.1935369074344635, 0.19363854825496674, 0.19348563253879547, 0.19381265342235565, 0.19587714970111847, 0.1952120065689087, 0.19499622285366058, 0.1958203762769699];[-4.330251693725586, -4.3228936195373535, -4.270659446716309, -4.247681140899658, -4.27402925491333, -4.25170373916626, -4.280453681945801, -4.300251483917236, -4.293357849121094, -4.270653247833252, -4.305810451507568, -4.278813362121582, -4.273077487945557, -4.300881385803223, -4.280930995941162, -4.298805236816406, -4.280389785766602, -4.311864852905273, -4.269611835479736, -4.3350629806518555, -4.270822048187256, -4.270933151245117, -4.285986423492432, -4.284501075744629, -4.256191730499268, -4.258665084838867, -4.270008087158203, -4.292428016662598, -4.270727634429932, -4.2883219718933105, -4.286380767822266];[0.43730366230010986, 0.4763329029083252, 0.4206019639968872, 0.40136227011680603, 0.409090131521225, 0.4107056260108948, 0.44762328267097473, 0.43180543184280396, 0.442249596118927, 0.42614737153053284, 0.42214497923851013, 0.4207446873188019, 0.4419041574001312, 0.4460909068584442, 0.4374900758266449, 0.4274715781211853, 0.4247291088104248, 0.43315064907073975, 0.44461503624916077, 0.43240147829055786, 0.42392489314079285, 0.44059205055236816, 0.4285385310649872, 0.4276218116283417, 0.43976420164108276, 0.440060555934906, 0.441822350025177, 0.42792031168937683, 0.4282926619052887, 0.4362214207649231];1984.8395285606384
2300;[1.1568489074707031, 1.1571576595306396, 1.1614744663238525, 1.1679027080535889, 1.166986346244812, 1.166577935218811, 1.1631134748458862, 1.1638609170913696, 1.1684930324554443, 1.1631208658218384, 1.1668163537979126, 1.1669780015945435, 1.1676939725875854, 1.1673420667648315, 1.1658570766448975, 1.1667120456695557, 1.1699492931365967, 1.167060136795044, 1.1734673976898193, 1.165193796157837, 1.163303017616272, 1.1650432348251343, 1.170248031616211, 1.171844720840454, 1.1692242622375488, 1.1657741069793701, 1.1650066375732422, 1.1624257564544678, 1.1671664714813232, 1.1701234579086304, 1.1660208702087402];[0.09082446992397308, 0.08837410807609558, 0.09374148398637772, 0.0933980867266655, 0.0951952338218689, 0.09327530860900879, 0.0910605937242508, 0.09124796837568283, 0.09481549263000488, 0.09068946540355682, 0.09220126271247864, 0.09227223694324493, 0.08891787379980087, 0.09335873275995255, 0.0902930498123169, 0.08842912316322327, 0.08887016773223877, 0.08910846710205078, 0.09009409695863724, 0.08678946644067764, 0.088210329413414, 0.08966228365898132, 0.09239331632852554, 0.09133065491914749, 0.09182107448577881, 0.08630160242319107, 0.0880260169506073, 0.08648153394460678, 0.08881641924381256, 0.08985885977745056, 0.08901245146989822];[-2.1375463008880615, -2.1018621921539307, -2.1346435546875, -2.1376607418060303, -2.142162561416626, -2.132800817489624, -2.115671157836914, -2.114800453186035, -2.141876459121704, -2.1072909832000732, -2.1192524433135986, -2.12085223197937, -2.0881447792053223, -2.113480806350708, -2.101961135864258, -2.1062936782836914, -2.1016883850097656, -2.0965893268585205, -2.090785264968872, -2.083138942718506, -2.0788793563842773, -2.096926212310791, -2.101959466934204, -2.0947225093841553, -2.0922327041625977, -2.0707156658172607, -2.0772488117218018, -2.067599058151245, -2.0770504474639893, -2.0816941261291504, -2.085904836654663];[0.4529367685317993, 0.43922099471092224, 0.437135249376297, 0.4305649995803833, 0.4441165626049042, 0.4329398572444916, 0.44000640511512756, 0.43661007285118103, 0.401402086019516, 0.41925176978111267, 0.4314129948616028, 0.4738503396511078, 0.4234745502471924, 0.4190000891685486, 0.4124218225479126, 0.40894386172294617, 0.4127151370048523, 0.4253092408180237, 0.4392510652542114, 0.41684985160827637, 0.4038693308830261, 0.40870484709739685, 0.4175655245780945, 0.4148969352245331, 0.4123256206512451, 0.40541085600852966, 0.4308047294616699, 0.42175623774528503, 0.40109169483184814, 0.42953866720199585];1940.4942028522491
2300;[1.6093753576278687, 1.6077078580856323, 1.6119894981384277, 1.6174880266189575, 1.6164406538009644, 1.6168951988220215, 1.613785982131958, 1.6137946844100952, 1.6182324886322021, 1.6132766008377075, 1.616117000579834, 1.6169294118881226, 1.6169524192810059, 1.6157008409500122, 1.61478590965271, 1.6169265508651733, 1.6196767091751099, 1.6160029172897339, 1.621482253074646, 1.615268349647522, 1.6129225492477417, 1.61456298828125, 1.6198768615722656, 1.6212085485458374, 1.6175073385238647, 1.6149126291275024, 1.6139920949935913, 1.6116281747817993, 1.6147496700286865, 1.6175538301467896, 1.6142323017120361];[0.1946004182100296, 0.19205212593078613, 0.19653478264808655, 0.19443903863430023, 0.1961020678281784, 0.19501276314258575, 0.19390976428985596, 0.19353269040584564, 0.1961381584405899, 0.1934855878353119, 0.19376063346862793, 0.19423533976078033, 0.19083669781684875, 0.19367441534996033, 0.19208906590938568, 0.19046705961227417, 0.1910359263420105, 0.19088132679462433, 0.19100932776927948, 0.18977709114551544, 0.1909867525100708, 0.19211934506893158, 0.1941588968038559, 0.19258072972297668, 0.1930014044046402, 0.18854674696922302, 0.19051311910152435, 0.18958182632923126, 0.1905006617307663, 0.19071827828884125, 0.1908557265996933];[-4.335846424102783, -4.241825103759766, -4.297887325286865, -4.28318452835083, -4.296339511871338, -4.283644676208496, -4.260199546813965, -4.248520851135254, -4.291234970092773, -4.240431308746338, -4.2458672523498535, -4.256226539611816, -4.175620079040527, -4.222230434417725, -4.214381217956543, -4.222651481628418, -4.209229469299316, -4.201890468597412, -4.161523342132568, -4.186277866363525, -4.177346706390381, -4.213894844055176, -4.206025123596191, -4.182713031768799, -4.18214750289917, -4.159780502319336, -4.1723551750183105, -4.165849685668945, -4.147264003753662, -4.16094446182251, -4.182253837585449];[0.4529367685317993, 0.43983277678489685, 0.4380597174167633, 0.43101635575294495, 0.4259330630302429, 0.42601439356803894, 0.4499531388282776, 0.43873944878578186, 0.42411288619041443, 0.4200349748134613, 0.43291783332824707, 0.47659286856651306, 0.4328029751777649, 0.43142250180244446, 0.4332428574562073, 0.4266514182090759, 0.4036519229412079, 0.4267641603946686, 0.41925767064094543, 0.402895450592041, 0.41925135254859924, 0.4134223759174347, 0.4188155233860016, 0.4191626012325287, 0.4146214723587036, 0.41157275438308716, 0.4391762316226959, 0.4249391555786133, 0.39882567524909973, 0.3886471688747406];2013.6628890037537
2350;[1.1666685342788696, 1.167512059211731, 1.159292221069336, 1.1691491603851318, 1.1669813394546509, 1.1657919883728027, 1.163210391998291, 1.1637014150619507, 1.1624277830123901, 1.1699254512786865, 1.1613163948059082, 1.1592984199523926, 1.1598944664001465, 1.1655956506729126, 1.1561387777328491, 1.1650172472000122, 1.165755271911621, 1.1604818105697632, 1.1655898094177246, 1.1693888902664185, 1.1646226644515991, 1.1649595499038696, 1.166986107826233, 1.179105520248413, 1.1762003898620605, 1.1651322841644287, 1.1663141250610352, 1.1674588918685913, 1.1672847270965576, 1.1721442937850952, 1.1701195240020752];[0.09524848312139511, 0.09600376337766647, 0.09353964030742645, 0.09559409320354462, 0.09491556882858276, 0.0939255878329277, 0.0932103618979454, 0.09402930736541748, 0.0947752445936203, 0.09449902921915054, 0.09040937572717667, 0.08945845067501068, 0.09091004729270935, 0.09180499613285065, 0.08952929824590683, 0.090266153216362, 0.09026080369949341, 0.08817248791456223, 0.0940113365650177, 0.09396250545978546, 0.09143072366714478, 0.09122563153505325, 0.09251327812671661, 0.09737858921289444, 0.09682239592075348, 0.09095221012830734, 0.09280314296483994, 0.09028063714504242, 0.09240804612636566, 0.0946960523724556, 0.09232417494058609];[-2.151374578475952, -2.1628036499023438, -2.1351771354675293, -2.146270513534546, -2.154478073120117, -2.150219202041626, -2.135053873062134, -2.1449508666992188, -2.141857624053955, -2.137094259262085, -2.111732006072998, -2.1159064769744873, -2.1259043216705322, -2.1213648319244385, -2.1022188663482666, -2.1112256050109863, -2.107386589050293, -2.0929784774780273, -2.120142936706543, -2.1293704509735107, -2.1175713539123535, -2.1142940521240234, -2.122622013092041, -2.1342737674713135, -2.136476993560791, -2.1051058769226074, -2.1142454147338867, -2.1021664142608643, -2.114199161529541, -2.1399612426757812, -2.123749017715454];[0.4297902286052704, 0.4359357953071594, 0.43908974528312683, 0.4439149796962738, 0.42788204550743103, 0.44768857955932617, 0.4237925410270691, 0.45398157835006714, 0.44390127062797546, 0.42956292629241943, 0.4307854473590851, 0.4247932732105255, 0.43729981780052185, 0.43117913603782654, 0.42409512400627136, 0.44084566831588745, 0.43335917592048645, 0.4155677855014801, 0.43463802337646484, 0.4266452491283417, 0.4166605472564697, 0.42072823643684387, 0.4383946359157562, 0.41188257932662964, 0.42333394289016724, 0.41410496830940247, 0.4308955669403076, 0.4234398901462555, 0.44075194001197815, 0.4127997159957886];1932.006740808487
2350;[1.6175931692123413, 1.617933750152588, 1.6105115413665771, 1.6192439794540405, 1.6169018745422363, 1.6170761585235596, 1.6131794452667236, 1.614311933517456, 1.6110948324203491, 1.6191858053207397, 1.6123557090759277, 1.6114017963409424, 1.6121174097061157, 1.6159768104553223, 1.6075550317764282, 1.6143243312835693, 1.6150435209274292, 1.6105501651763916, 1.6153271198272705, 1.6180875301361084, 1.6144704818725586, 1.6152795553207397, 1.6168498992919922, 1.6267797946929932, 1.6239829063415527, 1.6139838695526123, 1.616147518157959, 1.6161913871765137, 1.6158958673477173, 1.6215025186538696, 1.6186120510101318];[0.1965591013431549, 0.19759416580200195, 0.19694863259792328, 0.19659031927585602, 0.19641196727752686, 0.1957971453666687, 0.19498953223228455, 0.1962098479270935, 0.1960431933403015, 0.1946202963590622, 0.1934327483177185, 0.19294200837612152, 0.1941610872745514, 0.19334280490875244, 0.1939115673303604, 0.19163000583648682, 0.19184327125549316, 0.1916322261095047, 0.19540028274059296, 0.1940852403640747, 0.1934925615787506, 0.1934301108121872, 0.19413506984710693, 0.1958894282579422, 0.19568683207035065, 0.19226443767547607, 0.19463030993938446, 0.19144979119300842, 0.19325518608093262, 0.19534088671207428, 0.19344642758369446];[-4.320498466491699, -4.337301254272461, -4.308210849761963, -4.29909610748291, -4.319626808166504, -4.315463542938232, -4.292632102966309, -4.314098834991455, -4.293251037597656, -4.268557548522949, -4.250382900238037, -4.276252269744873, -4.288032054901123, -4.254725933074951, -4.2397565841674805, -4.237192153930664, -4.216345310211182, -4.211308002471924, -4.240640163421631, -4.251164436340332, -4.245591640472412, -4.240914821624756, -4.256120681762695, -4.228370189666748, -4.247742176055908, -4.212666988372803, -4.238623142242432, -4.199919700622559, -4.234240531921387, -4.284155368804932, -4.2252397537231445];[0.4297902286052704, 0.43492579460144043, 0.43513423204421997, 0.4226182997226715, 0.4281611442565918, 0.4403395652770996, 0.42176055908203125, 0.4284892976284027, 0.4372832477092743, 0.4196757674217224, 0.42218753695487976, 0.4114680290222168, 0.4258485436439514, 0.434355765581131, 0.4235646426677704, 0.44574791193008423, 0.43101298809051514, 0.4240451157093048, 0.4347379505634308, 0.38963550329208374, 0.41962969303131104, 0.4342781603336334, 0.43745511770248413, 0.419937402009964, 0.4287849962711334, 0.4253568947315216, 0.43410614132881165, 0.43756353855133057, 0.43155601620674133, 0.412249892950058];1991.605834722519
2400;[1.1644259691238403, 1.1537617444992065, 1.1569716930389404, 1.1629085540771484, 1.1620627641677856, 1.1623783111572266, 1.1633734703063965, 1.1546670198440552, 1.1615259647369385, 1.159242868423462, 1.1595827341079712, 1.165317416191101, 1.1603516340255737, 1.1578948497772217, 1.1626263856887817, 1.1587494611740112, 1.15828537940979, 1.1618684530258179, 1.1649266481399536, 1.1645410060882568, 1.1648296117782593, 1.1673649549484253, 1.1616913080215454, 1.1644502878189087, 1.1595561504364014, 1.158410906791687, 1.1680898666381836, 1.157670021057129, 1.1639164686203003, 1.162774682044983, 1.1589527130126953];[0.09364286810159683, 0.09209976345300674, 0.09148124605417252, 0.09303262829780579, 0.09049297124147415, 0.09029117226600647, 0.09175572544336319, 0.09089509397745132, 0.09156285226345062, 0.0928182527422905, 0.08869204670190811, 0.09382947534322739, 0.09220752120018005, 0.09107305854558945, 0.09188522398471832, 0.08819447457790375, 0.09194737672805786, 0.09082923829555511, 0.08915483206510544, 0.0899367406964302, 0.0922355204820633, 0.08947622030973434, 0.08832914382219315, 0.08903400599956512, 0.08759649097919464, 0.08996161818504333, 0.09291492402553558, 0.08773098140954971, 0.08962876349687576, 0.08997856825590134, 0.08775028586387634];[-2.158336639404297, -2.139066457748413, -2.1227219104766846, -2.131587028503418, -2.1214818954467773, -2.118013858795166, -2.1297860145568848, -2.1159420013427734, -2.1254429817199707, -2.126589059829712, -2.108339786529541, -2.1572811603546143, -2.1214632987976074, -2.1219944953918457, -2.1183927059173584, -2.1048038005828857, -2.1256468296051025, -2.116877555847168, -2.102773666381836, -2.0956010818481445, -2.1129043102264404, -2.100095748901367, -2.092804193496704, -2.1007673740386963, -2.0797128677368164, -2.10038423538208, -2.1139509677886963, -2.0776987075805664, -2.096717357635498, -2.095874547958374, -2.078397035598755];[0.43164414167404175, 0.42434510588645935, 0.4300892651081085, 0.43132466077804565, 0.42663896083831787, 0.4256844222545624, 0.43523865938186646, 0.4431515038013458, 0.4303470849990845, 0.42672157287597656, 0.44507676362991333, 0.44887638092041016, 0.4365367591381073, 0.4261411130428314, 0.41719141602516174, 0.44910040497779846, 0.43263885378837585, 0.4364781379699707, 0.44168800115585327, 0.43043163418769836, 0.4279942810535431, 0.44464442133903503, 0.4268781840801239, 0.44398388266563416, 0.41570937633514404, 0.43540719151496887, 0.4455009698867798, 0.4283175766468048, 0.44488707184791565, 0.43515709042549133];1926.5584726333618
2400;[1.6150466203689575, 1.6063463687896729, 1.60834801197052, 1.6138190031051636, 1.6128308773040771, 1.6135528087615967, 1.6137088537216187, 1.6063002347946167, 1.61194908618927, 1.6096035242080688, 1.6113874912261963, 1.617604374885559, 1.6105589866638184, 1.609531044960022, 1.6136219501495361, 1.6118580102920532, 1.6096993684768677, 1.6135526895523071, 1.6150968074798584, 1.6140674352645874, 1.6151577234268188, 1.6180232763290405, 1.6126699447631836, 1.6155086755752563, 1.609294056892395, 1.6098411083221436, 1.618636965751648, 1.6074813604354858, 1.6158225536346436, 1.6134798526763916, 1.609431266784668];[0.19569550454616547, 0.19669745862483978, 0.1954032927751541, 0.19556598365306854, 0.19338366389274597, 0.19312609732151031, 0.19381088018417358, 0.19491273164749146, 0.1943880021572113, 0.19585463404655457, 0.19201026856899261, 0.19742245972156525, 0.19485022127628326, 0.19484883546829224, 0.19470128417015076, 0.19311121106147766, 0.1956680864095688, 0.1938597857952118, 0.19160638749599457, 0.19231143593788147, 0.1949463188648224, 0.19173838198184967, 0.19154730439186096, 0.19171243906021118, 0.19031280279159546, 0.19372311234474182, 0.19459429383277893, 0.1907052844762802, 0.19287970662117004, 0.19252969324588776, 0.19116632640361786];[-4.333802223205566, -4.338512897491455, -4.286774635314941, -4.299336910247803, -4.275178909301758, -4.265805721282959, -4.288295745849609, -4.278819561004639, -4.284904479980469, -4.288324356079102, -4.255611419677734, -4.337958812713623, -4.2781476974487305, -4.2818074226379395, -4.275691986083984, -4.2732672691345215, -4.298471450805664, -4.273270130157471, -4.226083755493164, -4.211380481719971, -4.243854522705078, -4.218421459197998, -4.213702201843262, -4.229643821716309, -4.184686660766602, -4.238656520843506, -4.240961074829102, -4.179619312286377, -4.224682807922363, -4.211589813232422, -4.1880974769592285];[0.43164414167404175, 0.424579381942749, 0.40391817688941956, 0.4311201274394989, 0.4443868100643158, 0.4259689450263977, 0.41754576563835144, 0.4265456199645996, 0.4329724609851837, 0.42364373803138733, 0.44784700870513916, 0.43642544746398926, 0.4295066297054291, 0.4276609420776367, 0.43593719601631165, 0.45361611247062683, 0.4432045817375183, 0.4299527406692505, 0.4429777264595032, 0.43086451292037964, 0.41778165102005005, 0.43651923537254333, 0.42657285928726196, 0.47321105003356934, 0.41995152831077576, 0.4339272379875183, 0.43854814767837524, 0.4258708953857422, 0.4259747564792633, 0.4275124967098236];1931.861850976944
2450;[1.1571780443191528, 1.1612509489059448, 1.1601725816726685, 1.1554204225540161, 1.166635274887085, 1.1593884229660034, 1.1637109518051147, 1.1623631715774536, 1.1687989234924316, 1.1638203859329224, 1.1662598848342896, 1.1678178310394287, 1.1652939319610596, 1.1624000072479248, 1.1657443046569824, 1.165369987487793, 1.1678476333618164, 1.1668709516525269, 1.1695059537887573, 1.1636155843734741, 1.1627767086029053, 1.162679672241211, 1.1639388799667358, 1.164857029914856, 1.1626839637756348, 1.178386926651001, 1.1595072746276855, 1.1685025691986084, 1.1663659811019897, 1.1648491621017456, 1.1695114374160767];[0.09185286611318588, 0.09199649840593338, 0.09319337457418442, 0.09178117662668228, 0.09469009935855865, 0.09131880849599838, 0.0923333615064621, 0.0920054167509079, 0.0953371524810791, 0.09038133919239044, 0.094732865691185, 0.09569002687931061, 0.09249138087034225, 0.09039367735385895, 0.09140747040510178, 0.09253392368555069, 0.09150008112192154, 0.09201395511627197, 0.09407436847686768, 0.0910957083106041, 0.09115593880414963, 0.08823802322149277, 0.09221336990594864, 0.08867039531469345, 0.0909619927406311, 0.09431132674217224, 0.08830774575471878, 0.0927969217300415, 0.09105628728866577, 0.09043702483177185, 0.08980121463537216];[-2.127209186553955, -2.132669687271118, -2.140939474105835, -2.1308226585388184, -2.1482038497924805, -2.1287686824798584, -2.1316778659820557, -2.1315858364105225, -2.132343053817749, -2.1029887199401855, -2.1325674057006836, -2.1440467834472656, -2.126282215118408, -2.1197335720062256, -2.123852014541626, -2.127964496612549, -2.1119437217712402, -2.12550950050354, -2.1351146697998047, -2.108198881149292, -2.1169075965881348, -2.083386182785034, -2.104998826980591, -2.094373941421509, -2.1149466037750244, -2.1103479862213135, -2.0830605030059814, -2.108273506164551, -2.111921548843384, -2.098334550857544, -2.0873000621795654];[0.4213055670261383, 0.4329751431941986, 0.4539245069026947, 0.426676869392395, 0.4365823268890381, 0.4396962821483612, 0.4375292956829071, 0.43696343898773193, 0.4346279799938202, 0.42542606592178345, 0.4231433570384979, 0.45330649614334106, 0.42721059918403625, 0.42689600586891174, 0.39613255858421326, 0.4210072159767151, 0.427478164434433, 0.4406715929508209, 0.41889268159866333, 0.44773775339126587, 0.434558629989624, 0.42353421449661255, 0.4430306553840637, 0.46279212832450867, 0.4330665171146393, 0.42537930607795715, 0.4233798384666443, 0.41795650124549866, 0.4114338457584381, 0.4204539656639099];2003.2419776916504
2450;[1.607771635055542, 1.6107516288757324, 1.6125292778015137, 1.6077046394348145, 1.6176502704620361, 1.6117225885391235, 1.6141079664230347, 1.6133038997650146, 1.6186319589614868, 1.6125293970108032, 1.6160337924957275, 1.6162543296813965, 1.6155664920806885, 1.6125917434692383, 1.6157002449035645, 1.6136618852615356, 1.6161508560180664, 1.6156255006790161, 1.6190508604049683, 1.612597942352295, 1.6121526956558228, 1.6119253635406494, 1.6122251749038696, 1.6143516302108765, 1.6132665872573853, 1.6253522634506226, 1.6077975034713745, 1.6153795719146729, 1.6145919561386108, 1.6128009557724, 1.6158161163330078];[0.1950467824935913, 0.19387836754322052, 0.1967114359140396, 0.19671036303043365, 0.19651885330677032, 0.19574886560440063, 0.19523194432258606, 0.19496853649616241, 0.19718946516513824, 0.19280225038528442, 0.1973421424627304, 0.19699999690055847, 0.19552788138389587, 0.19337402284145355, 0.19456541538238525, 0.19495505094528198, 0.1929411143064499, 0.1940823495388031, 0.19655559957027435, 0.1936885118484497, 0.19426369667053223, 0.1921931654214859, 0.19537480175495148, 0.1919526755809784, 0.194582000374794, 0.1946105659008026, 0.19218742847442627, 0.19442631304264069, 0.19280844926834106, 0.1928718388080597, 0.19012033939361572];[-4.302424430847168, -4.300290107727051, -4.3284220695495605, -4.324756622314453, -4.324985027313232, -4.315769195556641, -4.306583881378174, -4.310431003570557, -4.2891669273376465, -4.242440223693848, -4.298704147338867, -4.306685447692871, -4.2939558029174805, -4.286184310913086, -4.284689426422119, -4.28217077255249, -4.255624771118164, -4.291106700897217, -4.302424907684326, -4.2554802894592285, -4.290225982666016, -4.214155673980713, -4.243908405303955, -4.233430862426758, -4.286669731140137, -4.220552444458008, -4.213906764984131, -4.237367153167725, -4.257760524749756, -4.23369836807251, -4.193424701690674];[0.4213055670261383, 0.42585694789886475, 0.435285747051239, 0.4588314890861511, 0.41965585947036743, 0.4335324168205261, 0.4412147104740143, 0.4300767183303833, 0.4212644398212433, 0.42937567830085754, 0.4362049400806427, 0.4348025321960449, 0.4307830035686493, 0.42474013566970825, 0.44568145275115967, 0.44631025195121765, 0.41952845454216003, 0.4449157118797302, 0.426344633102417, 0.44710516929626465, 0.4365682005882263, 0.4380257725715637, 0.4419296383857727, 0.4642232060432434, 0.4477967917919159, 0.4225784242153168, 0.4380611181259155, 0.4335956573486328, 0.4371037185192108, 0.4315136671066284];1985.211503982544
2500;[1.167468786239624, 1.1675927639007568, 1.160278558731079, 1.1654717922210693, 1.1619946956634521, 1.1564452648162842, 1.165985345840454, 1.1621943712234497, 1.171038031578064, 1.1618261337280273, 1.1597715616226196, 1.1615898609161377, 1.1622287034988403, 1.1646203994750977, 1.1627156734466553, 1.1588993072509766, 1.1702200174331665, 1.1654152870178223, 1.1654889583587646, 1.1638656854629517, 1.1650888919830322, 1.1632602214813232, 1.1623618602752686, 1.1593225002288818, 1.1606358289718628, 1.167964220046997, 1.1639283895492554, 1.166370153427124, 1.1690701246261597, 1.1658867597579956, 1.168729305267334];[0.09592220187187195, 0.09568201750516891, 0.09062042087316513, 0.09107279032468796, 0.09232905507087708, 0.09005467593669891, 0.09152404963970184, 0.08981675654649734, 0.09462100267410278, 0.09206826984882355, 0.09072203934192657, 0.09128940850496292, 0.09136592596769333, 0.09340344369411469, 0.08998692780733109, 0.09181725233793259, 0.09387490898370743, 0.08972740918397903, 0.09298590570688248, 0.09208804368972778, 0.09284631907939911, 0.09239986538887024, 0.09348978847265244, 0.08947566151618958, 0.0912785604596138, 0.09201338142156601, 0.09282591193914413, 0.09161992371082306, 0.09305887669324875, 0.09276042133569717, 0.09442663937807083];[-2.1485342979431152, -2.1520934104919434, -2.1180734634399414, -2.1222023963928223, -2.1290197372436523, -2.117203950881958, -2.1238081455230713, -2.1099870204925537, -2.133622169494629, -2.1207680702209473, -2.1122896671295166, -2.1104576587677, -2.1217048168182373, -2.1196823120117188, -2.101093292236328, -2.1368305683135986, -2.1349339485168457, -2.1062498092651367, -2.1356682777404785, -2.132676839828491, -2.131385326385498, -2.1246113777160645, -2.130814552307129, -2.115100145339966, -2.1257216930389404, -2.119143486022949, -2.131284713745117, -2.1301465034484863, -2.139228105545044, -2.1344265937805176, -2.1370556354522705];[0.4366789162158966, 0.4227808713912964, 0.4266274869441986, 0.4316963851451874, 0.44688650965690613, 0.42170655727386475, 0.43013545870780945, 0.4231025278568268, 0.4308317303657532, 0.4284018576145172, 0.42958250641822815, 0.4265688359737396, 0.42255014181137085, 0.41789373755455017, 0.4344291090965271, 0.40518659353256226, 0.4187244772911072, 0.44426068663597107, 0.4460534155368805, 0.43659037351608276, 0.43793460726737976, 0.4299887716770172, 0.4092016816139221, 0.43212446570396423, 0.43307265639305115, 0.4217205047607422, 0.4256912171840668, 0.41975048184394836, 0.43079498410224915, 0.42163345217704773];1935.9107465744019
2500;[1.6181252002716064, 1.6170647144317627, 1.6107834577560425, 1.615119457244873, 1.6134270429611206, 1.6081715822219849, 1.617590069770813, 1.612664818763733, 1.6191675662994385, 1.6119930744171143, 1.610029697418213, 1.6120216846466064, 1.6123526096343994, 1.6122797727584839, 1.6125531196594238, 1.6114599704742432, 1.6197601556777954, 1.6145049333572388, 1.6154850721359253, 1.6135326623916626, 1.6133780479431152, 1.6122212409973145, 1.6123257875442505, 1.6102404594421387, 1.6116446256637573, 1.6168863773345947, 1.6128660440444946, 1.615747332572937, 1.6178412437438965, 1.614597201347351, 1.6166778802871704];[0.19702951610088348, 0.19644170999526978, 0.19397233426570892, 0.19275909662246704, 0.1951998621225357, 0.19425061345100403, 0.19378672540187836, 0.19298332929611206, 0.19460923969745636, 0.19459176063537598, 0.19402866065502167, 0.19425775110721588, 0.19399821758270264, 0.19458405673503876, 0.19283822178840637, 0.1962457150220871, 0.19502034783363342, 0.19167111814022064, 0.1945704221725464, 0.19523605704307556, 0.19381597638130188, 0.1945664882659912, 0.1964637190103531, 0.19342468678951263, 0.1947251409292221, 0.19315937161445618, 0.1947292536497116, 0.19405612349510193, 0.19425684213638306, 0.19435077905654907, 0.19544336199760437];[-4.306109428405762, -4.306595802307129, -4.277316093444824, -4.261770248413086, -4.291238307952881, -4.28262186050415, -4.266169548034668, -4.250304222106934, -4.2615180015563965, -4.261717796325684, -4.262059688568115, -4.255818843841553, -4.281313419342041, -4.2494611740112305, -4.220566749572754, -4.3316969871521, -4.278396129608154, -4.224465370178223, -4.3015851974487305, -4.303605556488037, -4.281564235687256, -4.276186466217041, -4.297813892364502, -4.282730579376221, -4.300161838531494, -4.254719257354736, -4.292938709259033, -4.2865142822265625, -4.287618160247803, -4.294797897338867, -4.275687217712402];[0.4366789162158966, 0.4371218681335449, 0.4402901828289032, 0.4448425769805908, 0.4484651982784271, 0.42259302735328674, 0.4258165955543518, 0.4233185946941376, 0.43017908930778503, 0.4292144179344177, 0.42301636934280396, 0.4177088737487793, 0.43109267950057983, 0.4337027370929718, 0.4333476126194, 0.43162477016448975, 0.4335780143737793, 0.4457821846008301, 0.4332965314388275, 0.42433497309684753, 0.43085581064224243, 0.4493466913700104, 0.43021875619888306, 0.4358598291873932, 0.428072452545166, 0.42717212438583374, 0.43028730154037476, 0.4342189431190491, 0.43673834204673767, 0.44715771079063416];1971.114215373993
