Seed;RMSE History;MMD History;Log-Likelihood History;Max EIG History;Deployment Time
50;[0.7821969985961914, 0.7737855315208435, 0.7748010158538818, 0.7754302024841309, 0.7754325270652771, 0.7752516865730286, 0.774334728717804, 0.7799854874610901, 0.7768100500106812, 0.7758007645606995, 0.7665047645568848, 0.7734237313270569, 0.7680539488792419, 0.7754160165786743, 0.767428994178772, 0.7645245790481567, 0.7747595906257629, 0.7733928561210632, 0.774341344833374, 0.774818480014801, 0.772135853767395, 0.7779396772384644, 0.7715703248977661, 0.7765918970108032, 0.7683115005493164, 0.7756897211074829, 0.7753100395202637, 0.7689017057418823, 0.779580295085907, 0.770358681678772, 0.7739347219467163];[0.04275934398174286, 0.033789802342653275, 0.035164110362529755, 0.036054786294698715, 0.03568242862820625, 0.03388397395610809, 0.034446265548467636, 0.037437014281749725, 0.03675038367509842, 0.03374629095196724, 0.02645796909928322, 0.03434291109442711, 0.028430908918380737, 0.0334443636238575, 0.024567443877458572, 0.025465110316872597, 0.030139664188027382, 0.03034435398876667, 0.031064216047525406, 0.030946001410484314, 0.028724994510412216, 0.03408607095479965, 0.0295992624014616, 0.03326521813869476, 0.023436324670910835, 0.0298707727342844, 0.03210647031664848, 0.02296535298228264, 0.030406495556235313, 0.02546335943043232, 0.027048975229263306];[-0.8513761162757874, -0.8199260234832764, -0.8282310962677002, -0.8265681862831116, -0.8318811058998108, -0.8257808685302734, -0.822029173374176, -0.8327075242996216, -0.8295827507972717, -0.8240348100662231, -0.8039674162864685, -0.831874668598175, -0.8036654591560364, -0.8240424394607544, -0.7978736758232117, -0.801222026348114, -0.8151244521141052, -0.8109446167945862, -0.8171269297599792, -0.8192272186279297, -0.8089525699615479, -0.8240144848823547, -0.8094969987869263, -0.8202256560325623, -0.7940337061882019, -0.8139121532440186, -0.815259575843811, -0.7930670380592346, -0.8187567591667175, -0.802473783493042, -0.8035770654678345];[0.4498543441295624, 0.4251926839351654, 0.45358970761299133, 0.4372243583202362, 0.42394721508026123, 0.4287509322166443, 0.4327859878540039, 0.44672900438308716, 0.4328155219554901, 0.4247368574142456, 0.4292146563529968, 0.4229954183101654, 0.4279261827468872, 0.41291192173957825, 0.4162137806415558, 0.40545397996902466, 0.4499082565307617, 0.4054149389266968, 0.4158194363117218, 0.4321361184120178, 0.42007291316986084, 0.41827714443206787, 0.4091220200061798, 0.4054317772388458, 0.40135228633880615, 0.42759281396865845, 0.4139852523803711, 0.3989126682281494, 0.4172297716140747, 0.4016335606575012];1977.7260432243347
100;[0.7740078568458557, 0.7712715864181519, 0.7715823650360107, 0.7713122367858887, 0.77054762840271, 0.7756949067115784, 0.7727252244949341, 0.7750404477119446, 0.7758521437644958, 0.768485426902771, 0.7759747505187988, 0.772950291633606, 0.7762902975082397, 0.7744124531745911, 0.7761228084564209, 0.7776061296463013, 0.7750063538551331, 0.783763587474823, 0.7749562859535217, 0.7811017036437988, 0.7762596607208252, 0.7889947295188904, 0.7755483984947205, 0.7832544445991516, 0.7759138941764832, 0.7745360136032104, 0.7883997559547424, 0.7764249444007874, 0.7875080108642578, 0.7752476930618286, 0.7784706354141235];[0.03575695678591728, 0.03643089905381203, 0.03418146073818207, 0.03523975983262062, 0.03758906573057175, 0.038349393755197525, 0.037069227546453476, 0.03665529936552048, 0.03640488535165787, 0.03356701135635376, 0.0356108620762825, 0.035207610577344894, 0.036906830966472626, 0.037108998745679855, 0.03702343627810478, 0.03895194083452225, 0.03771062195301056, 0.043107688426971436, 0.036537498235702515, 0.04358314350247383, 0.03794137388467789, 0.046796802431344986, 0.03727216646075249, 0.045300669968128204, 0.03990723192691803, 0.03593716397881508, 0.045991670340299606, 0.04141375049948692, 0.04623774066567421, 0.037743180990219116, 0.03803250566124916];[-0.8250949382781982, -0.8281801342964172, -0.8225297331809998, -0.8274640440940857, -0.8323326706886292, -0.8340604305267334, -0.839618444442749, -0.8370007872581482, -0.8311399221420288, -0.8279486298561096, -0.8584862947463989, -0.8276368379592896, -0.8347107172012329, -0.8346700668334961, -0.8303975462913513, -0.838689923286438, -0.839200496673584, -0.868807315826416, -0.8274195790290833, -0.86098712682724, -0.8333542346954346, -0.8592391014099121, -0.8350394368171692, -0.8583253622055054, -0.8414247035980225, -0.8284090757369995, -0.8565192818641663, -0.8458002209663391, -0.8658043146133423, -0.8323493003845215, -0.8414543271064758];[0.43560758233070374, 0.4425557255744934, 0.4249317944049835, 0.4302908778190613, 0.4306979477405548, 0.4263177812099457, 0.4396663010120392, 0.4346584379673004, 0.4177965223789215, 0.45545199513435364, 0.4371543526649475, 0.44356322288513184, 0.4058297872543335, 0.4523114860057831, 0.4398565888404846, 0.43199023604393005, 0.4525114893913269, 0.4304099678993225, 0.4412468671798706, 0.40534698963165283, 0.4336337745189667, 0.45020464062690735, 0.437058687210083, 0.43636685609817505, 0.4617091715335846, 0.4342878460884094, 0.43540439009666443, 0.43430206179618835, 0.4214654862880707, 0.4543573260307312];1954.2035672664642
150;[0.7738230228424072, 0.7760605812072754, 0.7692359685897827, 0.7682297229766846, 0.7717458605766296, 0.7737354040145874, 0.7779746055603027, 0.7765552997589111, 0.7655371427536011, 0.772492527961731, 0.7707031965255737, 0.7705451250076294, 0.778789222240448, 0.7731719613075256, 0.77939772605896, 0.7711537480354309, 0.7828761339187622, 0.7749873995780945, 0.7738901376724243, 0.7724553346633911, 0.7815384864807129, 0.7813298106193542, 0.7782855033874512, 0.777029275894165, 0.7765480875968933, 0.7772790193557739, 0.7844640612602234, 0.7720575928688049, 0.7854765057563782, 0.7838106155395508, 0.7851281762123108];[0.0353887565433979, 0.036467619240283966, 0.03237712383270264, 0.03221907094120979, 0.035147447139024734, 0.03585764020681381, 0.03904706984758377, 0.03458143770694733, 0.0277705080807209, 0.031753212213516235, 0.031287964433431625, 0.030656548216938972, 0.03817445784807205, 0.03423687070608139, 0.03781506046652794, 0.031961604952812195, 0.04214111343026161, 0.03536972403526306, 0.0337776243686676, 0.031196849420666695, 0.0369577556848526, 0.03921502083539963, 0.036021459847688675, 0.035379454493522644, 0.035663411021232605, 0.03493640199303627, 0.0392962209880352, 0.030891330912709236, 0.04093450307846069, 0.04029557853937149, 0.03945937752723694];[-0.8276398181915283, -0.8339781165122986, -0.8202848434448242, -0.8223605155944824, -0.8273136019706726, -0.8316875696182251, -0.8410933613777161, -0.8256081938743591, -0.805999219417572, -0.8173783421516418, -0.8142699003219604, -0.8134670257568359, -0.8348814845085144, -0.8242897987365723, -0.8339035511016846, -0.8184399604797363, -0.8450368642807007, -0.8266553282737732, -0.8257818222045898, -0.8157965540885925, -0.8324040174484253, -0.8403929471969604, -0.8252760171890259, -0.8313121199607849, -0.8291195034980774, -0.8260475397109985, -0.8426035046577454, -0.81424880027771, -0.8417107462882996, -0.8459874391555786, -0.8496254682540894];[0.46959537267684937, 0.4491986334323883, 0.4235680103302002, 0.40984809398651123, 0.43505263328552246, 0.4311753809452057, 0.4356052875518799, 0.4266375005245209, 0.4539912939071655, 0.43286561965942383, 0.4383801221847534, 0.427277147769928, 0.42919570207595825, 0.4345872104167938, 0.42948901653289795, 0.4248928129673004, 0.42963168025016785, 0.3910575211048126, 0.41997191309928894, 0.4374530613422394, 0.4343169927597046, 0.4281623065471649, 0.41076016426086426, 0.4277355968952179, 0.429856538772583, 0.4336584508419037, 0.432125985622406, 0.4224250614643097, 0.43444570899009705, 0.41835492849349976];1947.270324230194
200;[0.7712486386299133, 0.7733559608459473, 0.7769016027450562, 0.7682929039001465, 0.7781770825386047, 0.7787466645240784, 0.7826542258262634, 0.7803881764411926, 0.7746562361717224, 0.7717243432998657, 0.7788917422294617, 0.7758264541625977, 0.7706835865974426, 0.7797443866729736, 0.7776082754135132, 0.7819013595581055, 0.7786253690719604, 0.7713521122932434, 0.7770403027534485, 0.7854138016700745, 0.7812835574150085, 0.7777648568153381, 0.7820554971694946, 0.7783939242362976, 0.7709574699401855, 0.776673436164856, 0.777274489402771, 0.780275821685791, 0.7750375270843506, 0.7789024114608765, 0.7783547043800354];[0.03644751384854317, 0.039318330585956573, 0.03676178678870201, 0.03305080905556679, 0.03608625754714012, 0.03806820884346962, 0.040596745908260345, 0.03624681010842323, 0.03492971882224083, 0.032130029052495956, 0.03801580145955086, 0.03595881536602974, 0.031209083274006844, 0.03876218572258949, 0.03627695515751839, 0.03833035007119179, 0.03706655651330948, 0.02953067049384117, 0.03443588688969612, 0.03961925953626633, 0.03718908876180649, 0.03415099158883095, 0.03813156485557556, 0.03162509575486183, 0.03090657852590084, 0.0338980108499527, 0.0324724018573761, 0.03503640368580818, 0.03151511400938034, 0.03409351035952568, 0.033127766102552414];[-0.8304311633110046, -0.8392861485481262, -0.8390169143676758, -0.8182017207145691, -0.8390297889709473, -0.8359425067901611, -0.848164439201355, -0.8294578790664673, -0.8254756331443787, -0.8191518187522888, -0.833659827709198, -0.8318639993667603, -0.8153472542762756, -0.8396283388137817, -0.8299527168273926, -0.839308500289917, -0.8361888527870178, -0.8147082328796387, -0.8312024474143982, -0.844412088394165, -0.8334850072860718, -0.8305123448371887, -0.8435803055763245, -0.8144746422767639, -0.81349116563797, -0.8216683268547058, -0.8242363929748535, -0.8277891278266907, -0.8191365599632263, -0.823035478591919, -0.8203215003013611];[0.41035547852516174, 0.4607775807380676, 0.4112567901611328, 0.4462154805660248, 0.4303413927555084, 0.4221382439136505, 0.4223842918872833, 0.4361323118209839, 0.4465123116970062, 0.4144054651260376, 0.43494072556495667, 0.4498257339000702, 0.45340341329574585, 0.44154033064842224, 0.4198646545410156, 0.43783536553382874, 0.41671645641326904, 0.4267069399356842, 0.4187960922718048, 0.41119614243507385, 0.43300965428352356, 0.4133375883102417, 0.4380399286746979, 0.4101150929927826, 0.4099363386631012, 0.4210723638534546, 0.41580820083618164, 0.4210893511772156, 0.4147661030292511, 0.40083372592926025];1943.9731032848358
250;[0.7790236473083496, 0.7776241898536682, 0.7772752642631531, 0.772891104221344, 0.7843134999275208, 0.7780887484550476, 0.7811316847801208, 0.7763117551803589, 0.777651846408844, 0.7794162034988403, 0.769083559513092, 0.7819218635559082, 0.7887035012245178, 0.7826521992683411, 0.7806644439697266, 0.7843907475471497, 0.7757721543312073, 0.7835983633995056, 0.7829599380493164, 0.7790465354919434, 0.7774350643157959, 0.7849019765853882, 0.7932426929473877, 0.777480959892273, 0.7854740023612976, 0.7932035326957703, 0.7775614261627197, 0.7952666878700256, 0.7821548581123352, 0.7813905477523804, 0.7770412564277649];[0.04095490276813507, 0.041536811739206314, 0.03592162951827049, 0.03437216579914093, 0.04345368966460228, 0.037473466247320175, 0.03615010157227516, 0.03551739826798439, 0.03496190905570984, 0.03860689699649811, 0.030349552631378174, 0.040667083114385605, 0.04548140615224838, 0.03815449774265289, 0.040159448981285095, 0.042680639773607254, 0.03405609726905823, 0.04065489396452904, 0.03952661529183388, 0.03725761920213699, 0.03557701036334038, 0.03968149796128273, 0.04676080495119095, 0.036658693104982376, 0.04426264017820358, 0.04647787660360336, 0.03673654794692993, 0.04859204962849617, 0.038164976984262466, 0.039700161665678024, 0.035463303327560425];[-0.8494722843170166, -0.8512614965438843, -0.8304685354232788, -0.8239335417747498, -0.8743124008178711, -0.8338213562965393, -0.8398054242134094, -0.8246808052062988, -0.8238670825958252, -0.835951566696167, -0.8152727484703064, -0.8468554615974426, -0.8576593995094299, -0.8570820093154907, -0.8421692252159119, -0.8507631421089172, -0.8258704543113708, -0.8409905433654785, -0.8366972804069519, -0.8331575393676758, -0.830604076385498, -0.8415428996086121, -0.8610017895698547, -0.8309024572372437, -0.8518591523170471, -0.8620858192443848, -0.8303022384643555, -0.8677412867546082, -0.8352434635162354, -0.8358411192893982, -0.8260063529014587];[0.43426933884620667, 0.42701849341392517, 0.4076116979122162, 0.4346320927143097, 0.4307553768157959, 0.4379940927028656, 0.41616562008857727, 0.416826069355011, 0.4219609797000885, 0.43504878878593445, 0.4203207492828369, 0.4216460585594177, 0.4229372441768646, 0.4246426224708557, 0.42506441473960876, 0.40842655301094055, 0.4450973570346832, 0.4298478662967682, 0.43081435561180115, 0.434413880109787, 0.4350539445877075, 0.4132795035839081, 0.4272201657295227, 0.41841375827789307, 0.4311791956424713, 0.44244346022605896, 0.4211318790912628, 0.4358019530773163, 0.4373828172683716, 0.42240405082702637];1938.234764099121
300;[0.7677474617958069, 0.7698363065719604, 0.7776279449462891, 0.7734637260437012, 0.7792714834213257, 0.7735764384269714, 0.7731041312217712, 0.7745073437690735, 0.7705813646316528, 0.7742558717727661, 0.7726297974586487, 0.7734382748603821, 0.7861310839653015, 0.775994062423706, 0.7811875939369202, 0.7828521728515625, 0.7761256098747253, 0.7721505761146545, 0.7740154266357422, 0.7789777517318726, 0.7820461392402649, 0.785529375076294, 0.7765652537345886, 0.780771017074585, 0.7810845971107483, 0.7825347781181335, 0.782077431678772, 0.7776139378547668, 0.7790595293045044, 0.7826905250549316, 0.7818825840950012];[0.03291848674416542, 0.032639943063259125, 0.03866029530763626, 0.03419081121683121, 0.04083690047264099, 0.03411974385380745, 0.032951463013887405, 0.03671374171972275, 0.03159276023507118, 0.0341109037399292, 0.03195209801197052, 0.03343841806054115, 0.03884561359882355, 0.033947400748729706, 0.03869811072945595, 0.04207422584295273, 0.03320406749844551, 0.030763668939471245, 0.02998971939086914, 0.03625497221946716, 0.03877326846122742, 0.04227617010474205, 0.033235322684049606, 0.03829658776521683, 0.03585207089781761, 0.03758907690644264, 0.035262927412986755, 0.03616385534405708, 0.03426142409443855, 0.03512721508741379, 0.03455471247434616];[-0.821944534778595, -0.818436861038208, -0.8346419930458069, -0.824450671672821, -0.8388040661811829, -0.8260998129844666, -0.8200064897537231, -0.8304254412651062, -0.8172856569290161, -0.8217220306396484, -0.8173276782035828, -0.8242052793502808, -0.8630340099334717, -0.8220786452293396, -0.8407178521156311, -0.8451617360115051, -0.8244859576225281, -0.8147662281990051, -0.813308835029602, -0.8325114846229553, -0.8447485566139221, -0.8603488802909851, -0.8213062286376953, -0.8432220220565796, -0.8343185186386108, -0.836012065410614, -0.8290740847587585, -0.8316581845283508, -0.8243404626846313, -0.8293805718421936, -0.8292932510375977];[0.4320686161518097, 0.4425981342792511, 0.45573481917381287, 0.4306308627128601, 0.4483878016471863, 0.43334951996803284, 0.43135103583335876, 0.4114573299884796, 0.4154035151004791, 0.4252708852291107, 0.4356723725795746, 0.41962382197380066, 0.416750967502594, 0.4248588979244232, 0.4348466694355011, 0.42439159750938416, 0.3969716429710388, 0.4089980125427246, 0.42094171047210693, 0.40592119097709656, 0.41816410422325134, 0.4364767074584961, 0.44674912095069885, 0.4099404215812683, 0.4275333881378174, 0.40874722599983215, 0.4305412471294403, 0.415924996137619, 0.4208851456642151, 0.4167855381965637];1956.8160469532013
350;[0.7704355716705322, 0.7771925926208496, 0.774919331073761, 0.777678906917572, 0.7719337344169617, 0.7678656578063965, 0.777804434299469, 0.7783481478691101, 0.7763917446136475, 0.7757313847541809, 0.7755013108253479, 0.781413733959198, 0.7655566930770874, 0.7737002968788147, 0.7874104976654053, 0.7854836583137512, 0.7744848132133484, 0.7788085341453552, 0.7856888175010681, 0.7926185727119446, 0.77792888879776, 0.7827470898628235, 0.7736683487892151, 0.7795482277870178, 0.7765815854072571, 0.7858994007110596, 0.7868682146072388, 0.7867763638496399, 0.7875387072563171, 0.7862852811813354, 0.781684398651123];[0.03398638591170311, 0.03876546025276184, 0.03787343576550484, 0.03753511980175972, 0.03354274109005928, 0.03186584636569023, 0.03754360228776932, 0.03673340007662773, 0.03725559636950493, 0.034242913126945496, 0.03179100528359413, 0.038583215326070786, 0.02773977257311344, 0.031558405607938766, 0.040752798318862915, 0.0401439294219017, 0.030607907101511955, 0.035071685910224915, 0.037642594426870346, 0.04434864595532417, 0.03127777576446533, 0.03883030638098717, 0.03186076506972313, 0.03468593955039978, 0.03342796862125397, 0.038553040474653244, 0.03933092579245567, 0.040012434124946594, 0.040471117943525314, 0.039986517280340195, 0.03593156114220619];[-0.8258494138717651, -0.8409044146537781, -0.8361579775810242, -0.833890974521637, -0.8212646842002869, -0.8146311044692993, -0.8427338600158691, -0.8356051445007324, -0.8332316875457764, -0.8198733329772949, -0.8184673190116882, -0.836362898349762, -0.8070644736289978, -0.817842960357666, -0.8443029522895813, -0.8476256728172302, -0.816243052482605, -0.8284251689910889, -0.8356439471244812, -0.888409435749054, -0.8184319734573364, -0.8426056504249573, -0.8208451867103577, -0.8293718099594116, -0.8241070508956909, -0.8394640684127808, -0.8394232988357544, -0.8415383100509644, -0.8438308835029602, -0.8477545976638794, -0.8260599970817566];[0.44662362337112427, 0.43630990386009216, 0.43995556235313416, 0.43058130145072937, 0.4321432113647461, 0.41369935870170593, 0.434237003326416, 0.43181973695755005, 0.4402599036693573, 0.4272412657737732, 0.41823673248291016, 0.4170020520687103, 0.42404311895370483, 0.4103245139122009, 0.4265489876270294, 0.41400423645973206, 0.4024049639701843, 0.42271870374679565, 0.42816659808158875, 0.434905081987381, 0.4063151478767395, 0.41033169627189636, 0.4121207892894745, 0.43693017959594727, 0.428252249956131, 0.4388662576675415, 0.4033326208591461, 0.4535957872867584, 0.40166768431663513, 0.41419288516044617];1949.5921568870544
400;[0.7718713283538818, 0.7733016014099121, 0.7713887691497803, 0.771132230758667, 0.7694839239120483, 0.7769182324409485, 0.770554780960083, 0.7740231156349182, 0.7623611688613892, 0.7707039713859558, 0.7671035528182983, 0.7725517749786377, 0.7651506066322327, 0.766751229763031, 0.7655602693557739, 0.7614140510559082, 0.773006021976471, 0.7652778029441833, 0.7666242718696594, 0.7618274092674255, 0.7691782712936401, 0.7687647938728333, 0.7666760683059692, 0.7652245163917542, 0.7642698884010315, 0.7698974609375, 0.7717467546463013, 0.7655072808265686, 0.7566407322883606, 0.7664511799812317, 0.7649792432785034];[0.038732193410396576, 0.034501127898693085, 0.03310022130608559, 0.033477090299129486, 0.03243199363350868, 0.039725083857774734, 0.03207762911915779, 0.033497754484415054, 0.026670292019844055, 0.03232886642217636, 0.0282185897231102, 0.03277880698442459, 0.027736546471714973, 0.028725281357765198, 0.026659803465008736, 0.023353271186351776, 0.03049972467124462, 0.028020229190587997, 0.028785137459635735, 0.024107525125145912, 0.028428247198462486, 0.027839642018079758, 0.02688361331820488, 0.023557791486382484, 0.023890841752290726, 0.02845166064798832, 0.029698623344302177, 0.025256186723709106, 0.019085627049207687, 0.026544198393821716, 0.021537529304623604];[-0.8386055827140808, -0.8260599970817566, -0.8202540278434753, -0.8242533206939697, -0.8186632394790649, -0.8431572318077087, -0.8232720494270325, -0.8217096924781799, -0.8015952110290527, -0.8196286559104919, -0.8075622916221619, -0.8304119110107422, -0.8008846640586853, -0.8115924000740051, -0.7997500896453857, -0.7963030338287354, -0.834136426448822, -0.8072556853294373, -0.8103230595588684, -0.7978386282920837, -0.8122532963752747, -0.8029525876045227, -0.804909884929657, -0.7936728596687317, -0.7935060262680054, -0.8043165802955627, -0.811427891254425, -0.8000237941741943, -0.7806529402732849, -0.805372953414917, -0.7893431186676025];[0.40687501430511475, 0.4342222213745117, 0.4197006821632385, 0.4428253471851349, 0.4246547222137451, 0.4299792945384979, 0.43039727210998535, 0.4386368691921234, 0.4468827247619629, 0.4039638638496399, 0.4281647801399231, 0.4313035011291504, 0.40913155674934387, 0.44437387585639954, 0.4242929220199585, 0.43221378326416016, 0.4320603609085083, 0.45771434903144836, 0.4165390729904175, 0.4283353388309479, 0.4246982932090759, 0.41979122161865234, 0.41294214129447937, 0.4454723000526428, 0.4250270128250122, 0.4268552362918854, 0.4445635676383972, 0.4300306737422943, 0.41100242733955383, 0.4128759205341339];1939.3661558628082
450;[0.7701276540756226, 0.768836259841919, 0.7750465273857117, 0.7721844911575317, 0.7709850668907166, 0.7689809799194336, 0.7728262543678284, 0.7689495086669922, 0.7776809930801392, 0.7714537978172302, 0.775658130645752, 0.7704290151596069, 0.7732409834861755, 0.7696027159690857, 0.7776125073432922, 0.768848180770874, 0.7716951370239258, 0.7604743242263794, 0.7681201100349426, 0.7784885168075562, 0.7739226818084717, 0.7764134407043457, 0.7655186057090759, 0.7686482667922974, 0.7801532745361328, 0.7674124240875244, 0.7801132202148438, 0.7715122699737549, 0.778428316116333, 0.7699978351593018, 0.7759671211242676];[0.03517783433198929, 0.0337233766913414, 0.037567708641290665, 0.03373871371150017, 0.0346168652176857, 0.03361811861395836, 0.03802581503987312, 0.03309943154454231, 0.03977731987833977, 0.035535190254449844, 0.040307894349098206, 0.03271027281880379, 0.03437428921461105, 0.03596637770533562, 0.04000145569443703, 0.03281252831220627, 0.03384464234113693, 0.026979977265000343, 0.029743120074272156, 0.040300413966178894, 0.03425423800945282, 0.038874316960573196, 0.031650807708501816, 0.03254154324531555, 0.04149719327688217, 0.03309664875268936, 0.041413985192775726, 0.032244451344013214, 0.038177646696567535, 0.03496360033750534, 0.037747398018836975];[-0.8249574303627014, -0.8232424259185791, -0.8341563940048218, -0.8241269588470459, -0.8327211141586304, -0.8186891078948975, -0.8326597213745117, -0.8186962604522705, -0.8396275043487549, -0.8264926671981812, -0.8444985151290894, -0.8187659382820129, -0.830177366733551, -0.8321779370307922, -0.8417903184890747, -0.8252220749855042, -0.8205766677856445, -0.8014377951622009, -0.8140960335731506, -0.8510981798171997, -0.823758602142334, -0.8380489945411682, -0.8165611028671265, -0.8185621500015259, -0.8506919145584106, -0.8183495998382568, -0.8553751707077026, -0.8239942789077759, -0.8336347937583923, -0.8258488774299622, -0.834751307964325];[0.40579500794410706, 0.4315238893032074, 0.43366318941116333, 0.4245687425136566, 0.4423232078552246, 0.4196430742740631, 0.4310603439807892, 0.43858930468559265, 0.43196767568588257, 0.42879071831703186, 0.43854379653930664, 0.3936663269996643, 0.4283209443092346, 0.43457794189453125, 0.4236754775047302, 0.4424208998680115, 0.4346718192100525, 0.4334924817085266, 0.4500245153903961, 0.43161582946777344, 0.44616928696632385, 0.4202526807785034, 0.42228367924690247, 0.4323585033416748, 0.4363083839416504, 0.4544486701488495, 0.4828593134880066, 0.4244631826877594, 0.43490663170814514, 0.43571406602859497];1949.5891373157501
500;[0.7742420434951782, 0.7703443765640259, 0.7881498336791992, 0.7812734246253967, 0.7725253701210022, 0.7749205231666565, 0.7805407643318176, 0.7705535888671875, 0.7715195417404175, 0.7707812786102295, 0.7667680978775024, 0.7700096368789673, 0.769717276096344, 0.775537371635437, 0.7675043940544128, 0.7736654877662659, 0.7740257382392883, 0.7717145681381226, 0.7768793702125549, 0.775658369064331, 0.7711304426193237, 0.7738025784492493, 0.7694627642631531, 0.7832347750663757, 0.7731146812438965, 0.7783028483390808, 0.7876606583595276, 0.7769520282745361, 0.7853689193725586, 0.7713276147842407, 0.7770026326179504];[0.036258865147829056, 0.03433667868375778, 0.04351692274212837, 0.03774112090468407, 0.032135821878910065, 0.03267775475978851, 0.03772349655628204, 0.031008785590529442, 0.03126092627644539, 0.029933514073491096, 0.025708677247166634, 0.03177085146307945, 0.03025864250957966, 0.03309544175863266, 0.0251179076731205, 0.02921619638800621, 0.03140048682689667, 0.02831288054585457, 0.03117324411869049, 0.0315314419567585, 0.027866961434483528, 0.030057186260819435, 0.02799651026725769, 0.036810003221035004, 0.029290853068232536, 0.03390255197882652, 0.041526082903146744, 0.0319327712059021, 0.038144659250974655, 0.028111126273870468, 0.03261680528521538];[-0.8328738808631897, -0.8248859643936157, -0.869256854057312, -0.8344491124153137, -0.8149158358573914, -0.8209581971168518, -0.8322931528091431, -0.8149396777153015, -0.820036768913269, -0.8135573267936707, -0.8029824495315552, -0.8210301399230957, -0.8116980791091919, -0.8198582530021667, -0.7999849915504456, -0.8133181929588318, -0.8130674362182617, -0.8084293603897095, -0.815933108329773, -0.813997209072113, -0.8101058602333069, -0.8122676610946655, -0.8079469203948975, -0.8350090384483337, -0.8105384707450867, -0.8305743336677551, -0.8518581390380859, -0.8191174864768982, -0.8390787243843079, -0.8078450560569763, -0.8213397264480591];[0.44624051451683044, 0.4622343182563782, 0.426541805267334, 0.4423770010471344, 0.4237270951271057, 0.4288581609725952, 0.4168602526187897, 0.4317212402820587, 0.43112266063690186, 0.4253700077533722, 0.42765942215919495, 0.4307958483695984, 0.4538348615169525, 0.4294171929359436, 0.43726029992103577, 0.4514707624912262, 0.4162459373474121, 0.4222725033760071, 0.40542545914649963, 0.4437628984451294, 0.4222608506679535, 0.41001254320144653, 0.43433594703674316, 0.4173547923564911, 0.437764048576355, 0.4074690341949463, 0.42163169384002686, 0.41360267996788025, 0.4085733890533447, 0.42460736632347107];1944.97749710083
550;[0.7799436450004578, 0.7721823453903198, 0.7718172073364258, 0.7723437547683716, 0.7679266929626465, 0.780189037322998, 0.7790080308914185, 0.7761742472648621, 0.7736251354217529, 0.7733315825462341, 0.7720912098884583, 0.782288670539856, 0.7738926410675049, 0.7817474007606506, 0.7715505361557007, 0.7782431840896606, 0.7917935252189636, 0.7709445953369141, 0.7774370908737183, 0.7788078188896179, 0.7741184830665588, 0.7835684418678284, 0.7805004119873047, 0.7810565233230591, 0.7757672667503357, 0.777823269367218, 0.7965816259384155, 0.7798765897750854, 0.7813054323196411, 0.7811005711555481, 0.786698043346405];[0.04087536036968231, 0.035442061722278595, 0.03579533100128174, 0.03443785756826401, 0.029872726649045944, 0.041101470589637756, 0.03955810144543648, 0.036449700593948364, 0.03533536568284035, 0.036555517464876175, 0.03272474184632301, 0.03884575888514519, 0.0345030315220356, 0.039544545114040375, 0.029484262689948082, 0.03770120069384575, 0.04493154585361481, 0.030969008803367615, 0.03291371092200279, 0.03400636091828346, 0.030057841911911964, 0.037082504481077194, 0.03378046676516533, 0.03536634519696236, 0.03299376368522644, 0.03378284350037575, 0.0464274100959301, 0.03654412552714348, 0.036642421036958694, 0.03325358405709267, 0.03827695548534393];[-0.8462213277816772, -0.8323542475700378, -0.828588604927063, -0.8263301849365234, -0.8111469745635986, -0.8466532230377197, -0.8430905342102051, -0.8326300978660583, -0.8270363211631775, -0.8332534432411194, -0.8185572624206543, -0.8583393692970276, -0.8260311484336853, -0.8426643013954163, -0.8125320076942444, -0.8320152163505554, -0.8777900338172913, -0.8126900792121887, -0.820732593536377, -0.8254311084747314, -0.8173453211784363, -0.836409330368042, -0.8240894675254822, -0.8380705118179321, -0.8189154267311096, -0.8209680318832397, -0.8646640181541443, -0.8300668001174927, -0.8296926021575928, -0.8259638547897339, -0.8465977907180786];[0.42128321528434753, 0.4221749007701874, 0.4274332523345947, 0.42306259274482727, 0.4389539957046509, 0.42874518036842346, 0.4367111325263977, 0.43554869294166565, 0.425259530544281, 0.45637547969818115, 0.41739749908447266, 0.4402221739292145, 0.43009814620018005, 0.419522762298584, 0.4118804335594177, 0.4123576581478119, 0.41443511843681335, 0.41191983222961426, 0.4150218665599823, 0.41500625014305115, 0.41973355412483215, 0.4263257384300232, 0.41458290815353394, 0.40486225485801697, 0.4489380419254303, 0.4136812090873718, 0.4134098291397095, 0.4141604006290436, 0.40540531277656555, 0.40416282415390015];1931.3235256671906
600;[0.7843565344810486, 0.7713982462882996, 0.7780406475067139, 0.7761141061782837, 0.779687762260437, 0.7682763934135437, 0.7758651375770569, 0.7744401693344116, 0.7824869155883789, 0.7748847603797913, 0.7717831134796143, 0.7715468406677246, 0.7780470848083496, 0.7750048041343689, 0.7732356786727905, 0.7797440886497498, 0.7862673997879028, 0.7853397130966187, 0.7801811695098877, 0.7817423343658447, 0.7876576781272888, 0.7811342477798462, 0.7795032858848572, 0.7834339141845703, 0.782404363155365, 0.7845355272293091, 0.7886973023414612, 0.7748731374740601, 0.7820139527320862, 0.779280424118042, 0.7863527536392212];[0.0427822507917881, 0.03257358819246292, 0.04012465849518776, 0.038246624171733856, 0.03973478078842163, 0.029779396951198578, 0.03809916600584984, 0.03375034034252167, 0.04117785394191742, 0.034145623445510864, 0.033932097256183624, 0.02946585975587368, 0.03606894612312317, 0.033137641847133636, 0.03093201294541359, 0.039783865213394165, 0.04037432000041008, 0.04119886830449104, 0.03757175803184509, 0.03918398916721344, 0.04477303847670555, 0.0393327958881855, 0.03523490950465202, 0.0409555621445179, 0.03875498101115227, 0.040801916271448135, 0.0413590632379055, 0.03099100850522518, 0.038692984730005264, 0.03572012484073639, 0.04148798808455467];[-0.8588883280754089, -0.8168007731437683, -0.843465268611908, -0.8327102661132812, -0.8444321155548096, -0.8125060200691223, -0.833338737487793, -0.8244994282722473, -0.8413282632827759, -0.8242959976196289, -0.8224149346351624, -0.8117970824241638, -0.8293835520744324, -0.8211026787757874, -0.818117082118988, -0.845297634601593, -0.844402015209198, -0.8459311723709106, -0.8392270803451538, -0.8400482535362244, -0.8584375977516174, -0.8442658185958862, -0.8339329361915588, -0.8489798307418823, -0.8368384838104248, -0.8429796695709229, -0.8839004039764404, -0.8182741403579712, -0.8386616706848145, -0.8390501737594604, -0.8487366437911987];[0.46445897221565247, 0.4221253991127014, 0.43443378806114197, 0.44334906339645386, 0.4607311487197876, 0.43059536814689636, 0.44904664158821106, 0.4122828245162964, 0.4288483262062073, 0.4211999475955963, 0.43108412623405457, 0.4269517660140991, 0.4182840883731842, 0.4252089858055115, 0.45400604605674744, 0.4010906219482422, 0.4146726131439209, 0.4261833429336548, 0.402883917093277, 0.40766528248786926, 0.40207841992378235, 0.46133092045783997, 0.4194684624671936, 0.4207076132297516, 0.41967085003852844, 0.4186250567436218, 0.41260600090026855, 0.4132152795791626, 0.4141941964626312, 0.42473506927490234];1923.8294305801392
650;[0.7730379700660706, 0.7731894254684448, 0.7741961479187012, 0.7818169593811035, 0.7827513813972473, 0.7782793045043945, 0.7713994383811951, 0.7738228440284729, 0.7765681147575378, 0.7733994126319885, 0.7697663903236389, 0.7697955965995789, 0.7740479707717896, 0.7707688212394714, 0.772943377494812, 0.775451123714447, 0.7694054245948792, 0.7757710218429565, 0.7783642411231995, 0.7724336385726929, 0.7775023579597473, 0.7752347588539124, 0.7762827277183533, 0.7776681184768677, 0.7803024053573608, 0.7862598896026611, 0.7779936790466309, 0.7700047492980957, 0.7798402309417725, 0.7778732776641846, 0.7752137780189514];[0.03675731644034386, 0.038344837725162506, 0.03911057114601135, 0.041592247784137726, 0.043058935552835464, 0.039545804262161255, 0.036052849143743515, 0.037074629217386246, 0.03755689784884453, 0.03764301910996437, 0.03249305859208107, 0.031585823744535446, 0.0356973372399807, 0.034581564366817474, 0.029911471530795097, 0.0328652560710907, 0.032108016312122345, 0.03723975643515587, 0.03640254586935043, 0.032754071056842804, 0.037354424595832825, 0.03446786105632782, 0.031588874757289886, 0.03572430834174156, 0.03345225751399994, 0.03808951750397682, 0.032748229801654816, 0.027403339743614197, 0.0375659242272377, 0.033782217651605606, 0.0288397129625082];[-0.8281813859939575, -0.8414814472198486, -0.8529344201087952, -0.8508986234664917, -0.8477628827095032, -0.8412562608718872, -0.8421897292137146, -0.8311750888824463, -0.8328402042388916, -0.8323092460632324, -0.8184694051742554, -0.8179187774658203, -0.8262388110160828, -0.823905885219574, -0.8136249780654907, -0.8189931511878967, -0.8187829852104187, -0.8334750533103943, -0.8431350588798523, -0.8189969062805176, -0.8337953686714172, -0.830193042755127, -0.8178558945655823, -0.8282219767570496, -0.8246009349822998, -0.8422682881355286, -0.8198400735855103, -0.8080191612243652, -0.8355172872543335, -0.8265421390533447, -0.8154118657112122];[0.4383142590522766, 0.4396018981933594, 0.440982460975647, 0.43644168972969055, 0.44107046723365784, 0.4409046769142151, 0.451252818107605, 0.4326564073562622, 0.4343211352825165, 0.4289226531982422, 0.43502891063690186, 0.4319564402103424, 0.4523301124572754, 0.4299561381340027, 0.41721558570861816, 0.41537559032440186, 0.44716671109199524, 0.4450649321079254, 0.43746161460876465, 0.4189692735671997, 0.4351537525653839, 0.40979334712028503, 0.46764296293258667, 0.42122069001197815, 0.4249831438064575, 0.4264398515224457, 0.4283272325992584, 0.43549561500549316, 0.4684911072254181, 0.42043691873550415];1938.2329814434052
700;[0.7688427567481995, 0.7750826478004456, 0.767429530620575, 0.7742570638656616, 0.7756591439247131, 0.7779175639152527, 0.7746255397796631, 0.7717139720916748, 0.789290726184845, 0.784889280796051, 0.7784761786460876, 0.773603618144989, 0.772019624710083, 0.7802032828330994, 0.7847567200660706, 0.7807955741882324, 0.7798894047737122, 0.7818238735198975, 0.7758586406707764, 0.7735956311225891, 0.7785433530807495, 0.7760197520256042, 0.7761250734329224, 0.7876136898994446, 0.7804142832756042, 0.7790417671203613, 0.7785821557044983, 0.7825559973716736, 0.7948967218399048, 0.7837978601455688, 0.7847755551338196];[0.0325908288359642, 0.037865035235881805, 0.032351016998291016, 0.039364978671073914, 0.035495031625032425, 0.04036310315132141, 0.0370243564248085, 0.03428476303815842, 0.045230183750391006, 0.04153500124812126, 0.04114341735839844, 0.032950155436992645, 0.031320229172706604, 0.03904050216078758, 0.044798996299505234, 0.03845914825797081, 0.03647305443882942, 0.03791555017232895, 0.03573743999004364, 0.034002747386693954, 0.03751487284898758, 0.03548286855220795, 0.03484799340367317, 0.040383003652095795, 0.03778062015771866, 0.03764530271291733, 0.0379021018743515, 0.04117773100733757, 0.046883758157491684, 0.040192898362874985, 0.03951339051127434];[-0.8223816156387329, -0.8351360559463501, -0.8187758326530457, -0.8379765748977661, -0.8283317685127258, -0.8409665822982788, -0.8345538973808289, -0.8244197964668274, -0.9018117785453796, -0.8583424687385559, -0.8436196446418762, -0.8199669718742371, -0.8161122798919678, -0.8375571966171265, -0.8570090532302856, -0.838988184928894, -0.8425276875495911, -0.8348079919815063, -0.8284191489219666, -0.8225036263465881, -0.8348382115364075, -0.8273828625679016, -0.8232462406158447, -0.8421862721443176, -0.8351367712020874, -0.8360718488693237, -0.8359172940254211, -0.8437301516532898, -0.8636348843574524, -0.8386991620063782, -0.8388096690177917];[0.4277840852737427, 0.42771288752555847, 0.4226457476615906, 0.44416478276252747, 0.44528838992118835, 0.43796172738075256, 0.40482866764068604, 0.44026875495910645, 0.41911619901657104, 0.44640034437179565, 0.4324023425579071, 0.43727627396583557, 0.421977162361145, 0.42998382449150085, 0.42341122031211853, 0.42747998237609863, 0.4143598973751068, 0.4202612340450287, 0.4412028193473816, 0.47519534826278687, 0.4213399291038513, 0.42126891016960144, 0.3996279239654541, 0.4719529151916504, 0.4219672977924347, 0.4350864291191101, 0.42062708735466003, 0.4249444305896759, 0.4260142147541046, 0.4284919500350952];1920.2613110542297
750;[0.7702447175979614, 0.7836725115776062, 0.7723252773284912, 0.7715531587600708, 0.7719435095787048, 0.7757760286331177, 0.7724180817604065, 0.7798509001731873, 0.7777406573295593, 0.7753305435180664, 0.7793383598327637, 0.7843561768531799, 0.7767154574394226, 0.7802625298500061, 0.7764096856117249, 0.7747482061386108, 0.7775391936302185, 0.7830901145935059, 0.7884683012962341, 0.7792548537254333, 0.7838063836097717, 0.7925218343734741, 0.7902531027793884, 0.778670072555542, 0.7788023948669434, 0.7830936312675476, 0.7929503321647644, 0.784307599067688, 0.7932997941970825, 0.7854539752006531, 0.7882272005081177];[0.03627016022801399, 0.043545495718717575, 0.03576057776808739, 0.03395130857825279, 0.03450914844870567, 0.03692130744457245, 0.03483213111758232, 0.04211242124438286, 0.03597378358244896, 0.03558314964175224, 0.037987615913152695, 0.04401852935552597, 0.038114335387945175, 0.041027266532182693, 0.03634678199887276, 0.03655797988176346, 0.03738474100828171, 0.042436279356479645, 0.04383848235011101, 0.03808969631791115, 0.04571906104683876, 0.04730921611189842, 0.0478927418589592, 0.03875768929719925, 0.03987734019756317, 0.03808242455124855, 0.050196584314107895, 0.040767744183540344, 0.04688797518610954, 0.04129219800233841, 0.045698124915361404];[-0.8291909098625183, -0.8504239916801453, -0.8304489850997925, -0.8264240026473999, -0.8308565616607666, -0.8343037962913513, -0.8270342946052551, -0.8462942838668823, -0.8302940130233765, -0.8271012306213379, -0.8335561752319336, -0.8648831844329834, -0.8347287774085999, -0.8430653214454651, -0.8344516754150391, -0.8309519290924072, -0.8384820222854614, -0.8481460213661194, -0.8722067475318909, -0.8348268866539001, -0.8566393852233887, -0.8902053833007812, -0.8759323954582214, -0.8346918821334839, -0.8431779742240906, -0.845052182674408, -0.8784487247467041, -0.8412385582923889, -0.8928237557411194, -0.8459418416023254, -0.8598907589912415];[0.43207305669784546, 0.4380144476890564, 0.4410800635814667, 0.4292756915092468, 0.4532833397388458, 0.4353656768798828, 0.4350627064704895, 0.43120816349983215, 0.4219647943973541, 0.4333057999610901, 0.4445890188217163, 0.42959004640579224, 0.43139007687568665, 0.42838233709335327, 0.44175103306770325, 0.4257091283798218, 0.42379873991012573, 0.44764721393585205, 0.4266970753669739, 0.44028231501579285, 0.4140488803386688, 0.4262147843837738, 0.436219722032547, 0.4182056784629822, 0.47153955698013306, 0.4309709072113037, 0.4500228464603424, 0.42736196517944336, 0.42524638772010803, 0.42635995149612427];1924.014707326889
800;[0.7814730405807495, 0.7712513208389282, 0.7729852199554443, 0.7700485587120056, 0.7775505781173706, 0.7679473161697388, 0.7688844799995422, 0.7697986364364624, 0.7667691707611084, 0.777100145816803, 0.7764577865600586, 0.774118959903717, 0.7758952975273132, 0.7802219390869141, 0.7761150002479553, 0.7783014178276062, 0.7759543061256409, 0.781929612159729, 0.7867763042449951, 0.7777347564697266, 0.78407222032547, 0.7794173955917358, 0.7863114476203918, 0.7900531888008118, 0.7918885350227356, 0.7846731543540955, 0.7848338484764099, 0.7822796702384949, 0.7877920866012573, 0.795915424823761, 0.7864509224891663];[0.04097798466682434, 0.03290130943059921, 0.03416019678115845, 0.03247738257050514, 0.03861303627490997, 0.029340505599975586, 0.03187071532011032, 0.03177683427929878, 0.03192421793937683, 0.03765156865119934, 0.03897423297166824, 0.03685377165675163, 0.034165121614933014, 0.03906751051545143, 0.03809889778494835, 0.03758767992258072, 0.03701451048254967, 0.04048920050263405, 0.04339584335684776, 0.03392508625984192, 0.04263722896575928, 0.04069172218441963, 0.04346565529704094, 0.04582883045077324, 0.04685179144144058, 0.04027959331870079, 0.035702526569366455, 0.03759852051734924, 0.04085695743560791, 0.04747601971030235, 0.04189799353480339];[-0.8487133383750916, -0.8207247853279114, -0.8204902410507202, -0.8218672275543213, -0.8497486710548401, -0.8085055947303772, -0.8180469870567322, -0.8144046664237976, -0.8150039315223694, -0.8547759652137756, -0.8372100591659546, -0.8360385894775391, -0.8250154852867126, -0.838837742805481, -0.8351536393165588, -0.8392894268035889, -0.8318343162536621, -0.8393815159797668, -0.8550426363945007, -0.8255559802055359, -0.8474093079566956, -0.8415948152542114, -0.8541448712348938, -0.8640846014022827, -0.8590054512023926, -0.8426198363304138, -0.8287707567214966, -0.8317620754241943, -0.8446268439292908, -0.8603870272636414, -0.8423618078231812];[0.43543270230293274, 0.4311268627643585, 0.42755043506622314, 0.44177162647247314, 0.4561816453933716, 0.4546894133090973, 0.41365912556648254, 0.4202168583869934, 0.4286143481731415, 0.4366971254348755, 0.4156050682067871, 0.43915659189224243, 0.42625200748443604, 0.4268415868282318, 0.4278257191181183, 0.4426525831222534, 0.4063660502433777, 0.42981332540512085, 0.42901289463043213, 0.4342317283153534, 0.4416190981864929, 0.4127978980541229, 0.4364410638809204, 0.4251318871974945, 0.4088500142097473, 0.4207252562046051, 0.4059809148311615, 0.40613800287246704, 0.4084695279598236, 0.409061998128891];1924.135469198227
850;[0.7738751173019409, 0.7709159255027771, 0.7674990296363831, 0.7718743681907654, 0.7683373689651489, 0.766873300075531, 0.7774757146835327, 0.7662297487258911, 0.765984058380127, 0.7716396450996399, 0.7720956802368164, 0.7669958472251892, 0.7672362327575684, 0.7714325785636902, 0.7696777582168579, 0.7687028646469116, 0.7629252672195435, 0.7651610970497131, 0.7731950283050537, 0.7724094390869141, 0.7735910415649414, 0.7721336483955383, 0.7738044857978821, 0.769102931022644, 0.7803366780281067, 0.7696422338485718, 0.7700147032737732, 0.7750970125198364, 0.7801495790481567, 0.7713194489479065, 0.7772878408432007];[0.03582756966352463, 0.03395755589008331, 0.033525846898555756, 0.035365864634513855, 0.03214549273252487, 0.030498914420604706, 0.035562664270401, 0.03168100118637085, 0.03032437339425087, 0.034200165420770645, 0.0321851409971714, 0.030411062762141228, 0.027894241735339165, 0.031252648681402206, 0.03106085956096649, 0.028943069279193878, 0.02576383575797081, 0.029629962518811226, 0.03511453792452812, 0.03419598564505577, 0.03255042806267738, 0.03248303756117821, 0.032109055668115616, 0.03128945454955101, 0.03689168393611908, 0.031989626586437225, 0.02662927657365799, 0.032600805163383484, 0.03668367862701416, 0.03022812493145466, 0.033694010227918625];[-0.8319753408432007, -0.8233543634414673, -0.8210440874099731, -0.8279271721839905, -0.8180805444717407, -0.8124768733978271, -0.8262460827827454, -0.814300537109375, -0.812321662902832, -0.825536847114563, -0.8179945945739746, -0.8118622899055481, -0.8075088858604431, -0.8168622851371765, -0.8156273365020752, -0.8061672449111938, -0.8028157353401184, -0.8133375644683838, -0.8273564577102661, -0.8279696702957153, -0.8245118856430054, -0.825997531414032, -0.8160986304283142, -0.8137967586517334, -0.8351072072982788, -0.8160216212272644, -0.8054422736167908, -0.8182031512260437, -0.8382190465927124, -0.8107956051826477, -0.8237949013710022];[0.43179649114608765, 0.42615360021591187, 0.41985654830932617, 0.4174528419971466, 0.456683486700058, 0.43030625581741333, 0.4144979417324066, 0.4277130365371704, 0.43970537185668945, 0.42075127363204956, 0.4053265154361725, 0.4390672743320465, 0.4185068905353546, 0.4212595224380493, 0.41276422142982483, 0.43223828077316284, 0.4173889756202698, 0.4171188473701477, 0.4265373647212982, 0.428371399641037, 0.422389417886734, 0.4412631690502167, 0.44300365447998047, 0.43684789538383484, 0.42170199751853943, 0.4235590696334839, 0.439335435628891, 0.43027499318122864, 0.4261264503002167, 0.41834545135498047];1938.8856463432312
900;[0.7756485342979431, 0.7673004865646362, 0.7664880156517029, 0.7724066972732544, 0.766466498374939, 0.7747787833213806, 0.7749508619308472, 0.7766755223274231, 0.7768961191177368, 0.771374523639679, 0.7702029943466187, 0.7816925048828125, 0.7681519985198975, 0.7754838466644287, 0.7883545756340027, 0.7788881063461304, 0.7690818905830383, 0.7743306159973145, 0.782871663570404, 0.7718285918235779, 0.7732846736907959, 0.7801932096481323, 0.784025251865387, 0.7748469710350037, 0.7771894335746765, 0.7779291868209839, 0.7802270650863647, 0.7719125747680664, 0.7765287160873413, 0.7790409922599792, 0.777159571647644];[0.03539879247546196, 0.03274374455213547, 0.030722109600901604, 0.036454830318689346, 0.029163209721446037, 0.035352278500795364, 0.035887278616428375, 0.03178432211279869, 0.03830869495868683, 0.03267674893140793, 0.02749272994697094, 0.038715116679668427, 0.03144858032464981, 0.03359661251306534, 0.04313215985894203, 0.03738066926598549, 0.03221489116549492, 0.031424056738615036, 0.037559378892183304, 0.03202604874968529, 0.0310200285166502, 0.03958455100655556, 0.04097316041588783, 0.03267669305205345, 0.03377719223499298, 0.0376429483294487, 0.036033254116773605, 0.029811125248670578, 0.031390875577926636, 0.03609742224216461, 0.03328216075897217];[-0.8271000981330872, -0.8188294768333435, -0.8159153461456299, -0.8324276208877563, -0.8095561861991882, -0.8259268999099731, -0.8337441086769104, -0.8204779028892517, -0.8512155413627625, -0.8169269561767578, -0.8039897680282593, -0.833544909954071, -0.8145052194595337, -0.8173024654388428, -0.8496664762496948, -0.8307085037231445, -0.817600429058075, -0.8168896436691284, -0.8314492106437683, -0.8210982084274292, -0.8185264468193054, -0.8382471799850464, -0.8434118628501892, -0.8189160823822021, -0.8210409879684448, -0.8298142552375793, -0.8314118981361389, -0.8101379871368408, -0.8214012384414673, -0.8345973491668701, -0.8224141001701355];[0.4415842294692993, 0.43645209074020386, 0.42664727568626404, 0.40975576639175415, 0.4157431125640869, 0.4185570180416107, 0.4285346269607544, 0.43874573707580566, 0.44171229004859924, 0.44555115699768066, 0.43037328124046326, 0.41172826290130615, 0.4242480993270874, 0.42546650767326355, 0.45839667320251465, 0.41803568601608276, 0.43206313252449036, 0.4285041093826294, 0.4214288592338562, 0.4035354256629944, 0.4188143014907837, 0.4186132848262787, 0.42715102434158325, 0.4124296009540558, 0.41742655634880066, 0.41881734132766724, 0.4179668426513672, 0.4220363199710846, 0.41562408208847046, 0.41252049803733826];1933.498368024826
950;[0.7704263925552368, 0.768886148929596, 0.7658518552780151, 0.7748110294342041, 0.7776449918746948, 0.777517557144165, 0.7731955051422119, 0.7733379602432251, 0.7775883674621582, 0.7709217667579651, 0.7761664390563965, 0.7788981795310974, 0.771375834941864, 0.7733763456344604, 0.7743484973907471, 0.7769606113433838, 0.7742736339569092, 0.7717271447181702, 0.7703710794448853, 0.7798867225646973, 0.7756823897361755, 0.7860073447227478, 0.7756521105766296, 0.7748376131057739, 0.7797907590866089, 0.7829169034957886, 0.7775111198425293, 0.7750828862190247, 0.7723326683044434, 0.7750875353813171, 0.7768682837486267];[0.03167470917105675, 0.032631922513246536, 0.03037954680621624, 0.03737908601760864, 0.036630500108003616, 0.038099419325590134, 0.03028777614235878, 0.03242116793990135, 0.03650352358818054, 0.03056083247065544, 0.03318249434232712, 0.03605744242668152, 0.02844545803964138, 0.031152231618762016, 0.02801518328487873, 0.032061830163002014, 0.030471259728074074, 0.03134956210851669, 0.02570977248251438, 0.0343887098133564, 0.029564661905169487, 0.0398559607565403, 0.030707454308867455, 0.03039800561964512, 0.03297474980354309, 0.03545321151614189, 0.030005283653736115, 0.029184099286794662, 0.027923140674829483, 0.027011241763830185, 0.0295802503824234];[-0.8184921145439148, -0.8171020746231079, -0.8123910427093506, -0.8353784084320068, -0.8314625024795532, -0.8394984006881714, -0.8126177787780762, -0.8205987811088562, -0.8350425958633423, -0.8145159482955933, -0.8226368427276611, -0.8299810886383057, -0.8099489212036133, -0.8129123449325562, -0.8086579442024231, -0.8174077272415161, -0.8188940286636353, -0.8134952187538147, -0.801447868347168, -0.828909695148468, -0.8115420937538147, -0.8364619612693787, -0.8150057792663574, -0.81450355052948, -0.8211989998817444, -0.8309052586555481, -0.8235092163085938, -0.8122331500053406, -0.8109480142593384, -0.8026419281959534, -0.8132967948913574];[0.477462500333786, 0.4336138665676117, 0.4352356493473053, 0.42564547061920166, 0.4335516095161438, 0.4298633337020874, 0.414843887090683, 0.4262823760509491, 0.4294884204864502, 0.4268806576728821, 0.41297632455825806, 0.4376760721206665, 0.42377856373786926, 0.41743481159210205, 0.4340173304080963, 0.42742660641670227, 0.4161136746406555, 0.3868938684463501, 0.41409048438072205, 0.43151941895484924, 0.4204312562942505, 0.42099204659461975, 0.4087589383125305, 0.4474148452281952, 0.3969949185848236, 0.4138239324092865, 0.41740137338638306, 0.40843480825424194, 0.40475496649742126, 0.4188924729824066];1935.3850457668304
1000;[0.7706597447395325, 0.7687996625900269, 0.7677332162857056, 0.7711696028709412, 0.76982581615448, 0.7740616202354431, 0.780200183391571, 0.7708112001419067, 0.7651446461677551, 0.7746744155883789, 0.7749870419502258, 0.7677591443061829, 0.7795489430427551, 0.7784913778305054, 0.7722498178482056, 0.7735063433647156, 0.7786552906036377, 0.77232426404953, 0.7761472463607788, 0.7761736512184143, 0.7805391550064087, 0.7802698016166687, 0.7758963704109192, 0.7693162560462952, 0.7817002534866333, 0.7891930937767029, 0.7773820161819458, 0.773817777633667, 0.777519166469574, 0.7867064476013184, 0.7769684791564941];[0.034670133143663406, 0.03169825300574303, 0.03395476192235947, 0.037737321108579636, 0.037512343376874924, 0.039358507841825485, 0.04314212501049042, 0.03526240587234497, 0.031058892607688904, 0.039446089416742325, 0.03946709260344505, 0.031924400478601456, 0.04014626517891884, 0.03849157691001892, 0.03593186289072037, 0.03593975305557251, 0.038638994097709656, 0.03364571928977966, 0.03629068285226822, 0.037388529628515244, 0.04078434035181999, 0.04135284945368767, 0.03637048229575157, 0.033844299614429474, 0.04248078539967537, 0.04981985688209534, 0.038770146667957306, 0.03602638468146324, 0.035990290343761444, 0.044712699949741364, 0.04111004248261452];[-0.8294352293014526, -0.8172755837440491, -0.8238086104393005, -0.8357106447219849, -0.8386830687522888, -0.8394114375114441, -0.8535997867584229, -0.8290290236473083, -0.8164927959442139, -0.8458881378173828, -0.8359745740890503, -0.8164242506027222, -0.8413569331169128, -0.844437837600708, -0.8394458293914795, -0.8263646364212036, -0.8409762978553772, -0.8216036558151245, -0.8281481266021729, -0.836064338684082, -0.8446195125579834, -0.8503217101097107, -0.830141007900238, -0.8228834271430969, -0.8564450144767761, -0.8719307780265808, -0.8352442383766174, -0.8303351998329163, -0.8292316794395447, -0.8597160577774048, -0.8472720384597778];[0.4151111841201782, 0.410537987947464, 0.4196375012397766, 0.445661336183548, 0.4372785985469818, 0.428615540266037, 0.44445887207984924, 0.42510688304901123, 0.43517231941223145, 0.42448174953460693, 0.425365149974823, 0.4483703076839447, 0.4589022994041443, 0.4286126494407654, 0.423114150762558, 0.43985316157341003, 0.4333685040473938, 0.43319594860076904, 0.4428999423980713, 0.42533814907073975, 0.4243156313896179, 0.4273008704185486, 0.432725727558136, 0.44883105158805847, 0.42903974652290344, 0.4387192726135254, 0.4323869049549103, 0.43751153349876404, 0.42380884289741516, 0.4467606842517853];1933.8418111801147
1050;[0.7767015695571899, 0.7661950588226318, 0.7801274657249451, 0.7766127586364746, 0.7824065685272217, 0.7745074033737183, 0.7728275060653687, 0.7728562951087952, 0.7716756463050842, 0.7807547450065613, 0.7764567136764526, 0.7770469188690186, 0.7900391817092896, 0.7908660173416138, 0.7868838310241699, 0.783984363079071, 0.7882840037345886, 0.7878698706626892, 0.7784038186073303, 0.7839531898498535, 0.7877269983291626, 0.7915368676185608, 0.7914047837257385, 0.8008660674095154, 0.7915121912956238, 0.7873757481575012, 0.7858505845069885, 0.7891510725021362, 0.8066199421882629, 0.7847934365272522, 0.7894831299781799];[0.03815692290663719, 0.03386438637971878, 0.040860481560230255, 0.0398823544383049, 0.04424067959189415, 0.03477209061384201, 0.0328550860285759, 0.033314719796180725, 0.03077899105846882, 0.03656487166881561, 0.032294441014528275, 0.037695810198783875, 0.043906260281801224, 0.042865727096796036, 0.043843887746334076, 0.04023487865924835, 0.04101606830954552, 0.04117394983768463, 0.03351195901632309, 0.038020480424165726, 0.04020107164978981, 0.04256206378340721, 0.04310492053627968, 0.05182594060897827, 0.04142947494983673, 0.04020383581519127, 0.0372869111597538, 0.040540751069784164, 0.05378671735525131, 0.0386752188205719, 0.041521452367305756];[-0.8371472954750061, -0.8225589394569397, -0.8471137881278992, -0.8421575427055359, -0.8649206757545471, -0.8248156905174255, -0.8185068368911743, -0.8209519386291504, -0.81328946352005, -0.8284987807273865, -0.8185887336730957, -0.8333561420440674, -0.8617635369300842, -0.8546184301376343, -0.8602400422096252, -0.8403950333595276, -0.8418368101119995, -0.8402943015098572, -0.8205958008766174, -0.8339740037918091, -0.845528244972229, -0.8467565774917603, -0.851130485534668, -0.8834167718887329, -0.8483456373214722, -0.8385970592498779, -0.8324549198150635, -0.840012788772583, -0.8917542695999146, -0.8346378207206726, -0.8485072255134583];[0.4303419888019562, 0.4590165913105011, 0.444667786359787, 0.4435616135597229, 0.46189144253730774, 0.45885902643203735, 0.4404624104499817, 0.43409696221351624, 0.433529257774353, 0.43387943506240845, 0.41265395283699036, 0.4124689996242523, 0.4358234405517578, 0.4358397424221039, 0.4336584508419037, 0.4161608815193176, 0.4094054102897644, 0.3980726897716522, 0.39780399203300476, 0.4162904918193817, 0.3965360224246979, 0.40926215052604675, 0.4141770005226135, 0.39261505007743835, 0.3932759165763855, 0.4048554599285126, 0.40956032276153564, 0.4005485475063324, 0.39289647340774536, 0.3970593214035034];1945.9213869571686
1100;[0.767893373966217, 0.7728338837623596, 0.7745295166969299, 0.7792366147041321, 0.7764779925346375, 0.7778794765472412, 0.7788773775100708, 0.7687358856201172, 0.7841191291809082, 0.7799296975135803, 0.7730255126953125, 0.7777344584465027, 0.7872504591941833, 0.7786792516708374, 0.7781150937080383, 0.7839916944503784, 0.7819132208824158, 0.7786819338798523, 0.7856788039207458, 0.779857873916626, 0.7855257391929626, 0.7875710725784302, 0.7829293012619019, 0.7922328114509583, 0.7824696898460388, 0.7813659906387329, 0.7847648859024048, 0.7911436557769775, 0.7945226430892944, 0.7869758009910583, 0.7885030508041382];[0.035056453198194504, 0.036548443138599396, 0.0366741418838501, 0.04010705649852753, 0.03694941848516464, 0.036090485751628876, 0.04169774800539017, 0.03349253535270691, 0.04277497157454491, 0.03882557153701782, 0.032079216092824936, 0.0367317721247673, 0.04660699889063835, 0.039069101214408875, 0.03774355351924896, 0.043444495648145676, 0.03932962566614151, 0.037906352430582047, 0.04440890625119209, 0.03694017231464386, 0.041924022138118744, 0.043602775782346725, 0.03979220986366272, 0.050423670560121536, 0.0405535064637661, 0.04022487998008728, 0.039848215878009796, 0.046119801700115204, 0.048813704401254654, 0.041999347507953644, 0.045064326375722885];[-0.8261896967887878, -0.8289040923118591, -0.8308538198471069, -0.8360505104064941, -0.8302412629127502, -0.8289520144462585, -0.842542827129364, -0.8207439184188843, -0.8507646918296814, -0.8395053744316101, -0.8169742226600647, -0.8278729915618896, -0.870404839515686, -0.8364970684051514, -0.8393575549125671, -0.8598957061767578, -0.8337144255638123, -0.8361178040504456, -0.8506349325180054, -0.8359297513961792, -0.8514480590820312, -0.8566513061523438, -0.8384050130844116, -0.8762413859367371, -0.841648280620575, -0.8449008464813232, -0.836941659450531, -0.8972287774085999, -0.8656365871429443, -0.8499099016189575, -0.8549076914787292];[0.4383199214935303, 0.43792861700057983, 0.42612963914871216, 0.43263697624206543, 0.4240574836730957, 0.4393005967140198, 0.44062310457229614, 0.4358568489551544, 0.4324389100074768, 0.4416591227054596, 0.43388280272483826, 0.4424836337566376, 0.44376206398010254, 0.41457152366638184, 0.44761353731155396, 0.41638651490211487, 0.41940659284591675, 0.4162048399448395, 0.4109659194946289, 0.425067275762558, 0.42594537138938904, 0.42901068925857544, 0.4289378821849823, 0.43262559175491333, 0.42641231417655945, 0.4199831485748291, 0.45012709498405457, 0.42119526863098145, 0.40728268027305603, 0.4334404766559601];1941.7565882205963
1150;[0.7852113246917725, 0.7702478766441345, 0.7734867930412292, 0.7735124230384827, 0.7762176394462585, 0.7769612669944763, 0.7784655690193176, 0.7726897597312927, 0.7753450870513916, 0.7769918441772461, 0.7820526957511902, 0.7710287570953369, 0.7741047739982605, 0.7794272899627686, 0.7906684279441833, 0.7763791084289551, 0.7776575684547424, 0.7813673615455627, 0.7789173722267151, 0.7714179158210754, 0.7772449254989624, 0.775288462638855, 0.7772727608680725, 0.7772690057754517, 0.7860711812973022, 0.7753843069076538, 0.7790675163269043, 0.7837785482406616, 0.7824649214744568, 0.7803695201873779, 0.7833133935928345];[0.04333550110459328, 0.0338716059923172, 0.03522972762584686, 0.03535821661353111, 0.037167370319366455, 0.03715897351503372, 0.03744060918688774, 0.03345596045255661, 0.034441988915205, 0.03512096777558327, 0.039200782775878906, 0.031233951449394226, 0.030577614903450012, 0.035097524523735046, 0.04205521568655968, 0.03181617334485054, 0.033756598830223083, 0.035217367112636566, 0.03233594819903374, 0.027924062684178352, 0.03431607410311699, 0.02955491468310356, 0.03494563326239586, 0.031697697937488556, 0.03903676196932793, 0.03400004655122757, 0.03546556457877159, 0.03863362967967987, 0.03752090409398079, 0.03558928892016411, 0.036675579845905304];[-0.8496584892272949, -0.8246461749076843, -0.82756108045578, -0.8333266377449036, -0.8342229127883911, -0.8323951959609985, -0.8362093567848206, -0.8206877708435059, -0.8225629925727844, -0.823361337184906, -0.8385003805160522, -0.8164305090904236, -0.8146429061889648, -0.8262568116188049, -0.8467776775360107, -0.8168027400970459, -0.8297255039215088, -0.8334637880325317, -0.8150416016578674, -0.8082027435302734, -0.8240278959274292, -0.8130287528038025, -0.8256509900093079, -0.8174534440040588, -0.8371685147285461, -0.825313150882721, -0.8302429914474487, -0.8386701941490173, -0.8404893279075623, -0.8316120505332947, -0.8374603390693665];[0.41387519240379333, 0.4506157636642456, 0.43071630597114563, 0.43577221035957336, 0.4273468852043152, 0.4102162718772888, 0.42485877871513367, 0.42558109760284424, 0.4179663062095642, 0.41961854696273804, 0.413465678691864, 0.42485311627388, 0.4183638095855713, 0.42197757959365845, 0.40745100378990173, 0.414595365524292, 0.4206738770008087, 0.4203205704689026, 0.419571191072464, 0.4550397992134094, 0.43879565596580505, 0.39471229910850525, 0.42942899465560913, 0.4236389696598053, 0.41780492663383484, 0.418077290058136, 0.39812010526657104, 0.4161562919616699, 0.4127058982849121, 0.4199110269546509];1933.7691056728363
1200;[0.7727193832397461, 0.769628643989563, 0.7696352005004883, 0.7716208100318909, 0.779034435749054, 0.7768217921257019, 0.7672358751296997, 0.7703691720962524, 0.7722338438034058, 0.7721047401428223, 0.7813836336135864, 0.7737935781478882, 0.776220440864563, 0.7705302238464355, 0.7724493741989136, 0.7737392783164978, 0.7786315083503723, 0.7770976424217224, 0.77106773853302, 0.7835029363632202, 0.7735159397125244, 0.7832551002502441, 0.7802910804748535, 0.7817966341972351, 0.7760840058326721, 0.7832475304603577, 0.7838152050971985, 0.7917420864105225, 0.778502881526947, 0.7781721353530884, 0.7738646864891052];[0.03595331311225891, 0.03365132957696915, 0.032596394419670105, 0.03636075183749199, 0.04161091521382332, 0.037300609052181244, 0.03016621060669422, 0.033889785408973694, 0.034756820648908615, 0.034920647740364075, 0.041488099843263626, 0.03434077277779579, 0.03530428931117058, 0.031024958938360214, 0.035497963428497314, 0.03350447490811348, 0.03803415596485138, 0.03511495143175125, 0.029912855476140976, 0.04077513888478279, 0.0344424694776535, 0.04083678498864174, 0.03713414445519447, 0.03928698971867561, 0.03554460406303406, 0.03962518647313118, 0.04149690270423889, 0.0449991375207901, 0.03631489723920822, 0.03520587459206581, 0.029613511636853218];[-0.827035129070282, -0.8230292201042175, -0.8197638988494873, -0.839023232460022, -0.8449352383613586, -0.834163248538971, -0.8121359348297119, -0.8230869770050049, -0.8253368735313416, -0.8313724398612976, -0.8463926911354065, -0.8245769143104553, -0.828916609287262, -0.8135241866111755, -0.8292746543884277, -0.8256556391716003, -0.8383371829986572, -0.8295562863349915, -0.8127135634422302, -0.8519479632377625, -0.8248457312583923, -0.8413880467414856, -0.8306307792663574, -0.8403082489967346, -0.8262683749198914, -0.8396670818328857, -0.8471094965934753, -0.858668863773346, -0.8409006595611572, -0.828964114189148, -0.8115705251693726];[0.42660799622535706, 0.42536234855651855, 0.43287205696105957, 0.42703360319137573, 0.42220693826675415, 0.4265216886997223, 0.42328941822052, 0.43044307827949524, 0.4150065779685974, 0.43430712819099426, 0.41767188906669617, 0.41952046751976013, 0.4334694445133209, 0.4161524772644043, 0.40750670433044434, 0.4192669987678528, 0.44061270356178284, 0.42321455478668213, 0.42054516077041626, 0.45093125104904175, 0.4238130748271942, 0.438900887966156, 0.4154044985771179, 0.4282657206058502, 0.429034024477005, 0.406718909740448, 0.41345590353012085, 0.4210483431816101, 0.39728328585624695, 0.4132387340068817];1930.2296071052551
1250;[0.770042359828949, 0.7615366578102112, 0.7734321355819702, 0.775603175163269, 0.7839191555976868, 0.7693565487861633, 0.7786431312561035, 0.7714895009994507, 0.776099681854248, 0.7765218615531921, 0.776519775390625, 0.7770230174064636, 0.7855148911476135, 0.7836689352989197, 0.7740724086761475, 0.7787913084030151, 0.7771952152252197, 0.7724270820617676, 0.7802531719207764, 0.777938961982727, 0.7763960957527161, 0.7829496264457703, 0.7765674591064453, 0.7795881628990173, 0.779647171497345, 0.7733832001686096, 0.7770594954490662, 0.7715375423431396, 0.7783297896385193, 0.7815054059028625, 0.7810843586921692];[0.03240371495485306, 0.026444608345627785, 0.03566919267177582, 0.03812122717499733, 0.0460163913667202, 0.03334503248333931, 0.041313957422971725, 0.034587424248456955, 0.03614291548728943, 0.034611161798238754, 0.03470149636268616, 0.03336605429649353, 0.04072901979088783, 0.041348524391651154, 0.0331057608127594, 0.035426054149866104, 0.034147243946790695, 0.03151780739426613, 0.03523577004671097, 0.035974644124507904, 0.033335257321596146, 0.03754688426852226, 0.033617787063121796, 0.034348804503679276, 0.03590662032365799, 0.030314521864056587, 0.03404286131262779, 0.030827796086668968, 0.03340504318475723, 0.035012055188417435, 0.034727875143289566];[-0.8209971189498901, -0.8025553822517395, -0.8345276117324829, -0.8438416719436646, -0.8630388975143433, -0.8196568489074707, -0.84602290391922, -0.829519510269165, -0.8331676721572876, -0.8260666131973267, -0.8254852294921875, -0.8249636292457581, -0.8471169471740723, -0.8446555733680725, -0.8218417763710022, -0.8288549780845642, -0.8278898000717163, -0.8156065940856934, -0.82723069190979, -0.8313572406768799, -0.8264719843864441, -0.8339658379554749, -0.8232316970825195, -0.8263213038444519, -0.8256604075431824, -0.814221203327179, -0.8235645294189453, -0.8131739497184753, -0.8217038512229919, -0.8283333778381348, -0.8234966397285461];[0.43978598713874817, 0.4178484380245209, 0.4416712522506714, 0.4353404641151428, 0.42475634813308716, 0.4456848204135895, 0.4526861310005188, 0.4403369128704071, 0.4216599464416504, 0.4277506470680237, 0.4320864677429199, 0.43322300910949707, 0.42954063415527344, 0.4227175712585449, 0.405672550201416, 0.41880419850349426, 0.37799400091171265, 0.42189955711364746, 0.40972900390625, 0.4265308976173401, 0.41293153166770935, 0.422224223613739, 0.40947118401527405, 0.4027356505393982, 0.41914159059524536, 0.399822860956192, 0.4142967164516449, 0.4207356572151184, 0.41720810532569885, 0.40116846561431885];1931.0748665332794
1300;[0.7769807577133179, 0.7787334322929382, 0.7951832413673401, 0.7726901173591614, 0.775779664516449, 0.764129638671875, 0.7645969390869141, 0.7792117595672607, 0.7780327200889587, 0.7756292223930359, 0.769102156162262, 0.7642049193382263, 0.7624740600585938, 0.7705808877944946, 0.7717714905738831, 0.7728279829025269, 0.7757067680358887, 0.7764458656311035, 0.7763651609420776, 0.7772643566131592, 0.7801830172538757, 0.7739351987838745, 0.7850036025047302, 0.7766217589378357, 0.7729387283325195, 0.7765703201293945, 0.7677918672561646, 0.7689767479896545, 0.7771945595741272, 0.776472270488739, 0.7751159071922302];[0.03946933150291443, 0.04081764444708824, 0.05103183910250664, 0.03608884662389755, 0.03538984805345535, 0.02823355421423912, 0.028749540448188782, 0.04089691862463951, 0.03681366145610809, 0.034549348056316376, 0.029582645744085312, 0.026610637083649635, 0.023317065089941025, 0.02809571474790573, 0.030479758977890015, 0.029656486585736275, 0.03056381456553936, 0.031643345952034, 0.03301641717553139, 0.03111422248184681, 0.029982030391693115, 0.02714524418115616, 0.03759697079658508, 0.03050168789923191, 0.027976520359516144, 0.031018130481243134, 0.021451950073242188, 0.02513798326253891, 0.03029216080904007, 0.027173848822712898, 0.027918661013245583];[-0.8411913514137268, -0.8564392924308777, -0.8953497409820557, -0.8301146030426025, -0.8245550394058228, -0.8055612444877625, -0.806824803352356, -0.856075644493103, -0.829240083694458, -0.8247912526130676, -0.812990128993988, -0.8022573590278625, -0.7949986457824707, -0.809101939201355, -0.8172251582145691, -0.8105648159980774, -0.8157693147659302, -0.8171238303184509, -0.8237043023109436, -0.8156397938728333, -0.8202025294303894, -0.809147834777832, -0.836163341999054, -0.8120058178901672, -0.8071349859237671, -0.8174102902412415, -0.7909887433052063, -0.7994272112846375, -0.8119078278541565, -0.8215801119804382, -0.8107847571372986];[0.42677029967308044, 0.44189146161079407, 0.4108635187149048, 0.4873509407043457, 0.4270475506782532, 0.4270683526992798, 0.4175681173801422, 0.4376095235347748, 0.42550745606422424, 0.4160920977592468, 0.44578075408935547, 0.42693275213241577, 0.4155949652194977, 0.41864633560180664, 0.4254160523414612, 0.41449663043022156, 0.41190293431282043, 0.40807756781578064, 0.42512616515159607, 0.42209458351135254, 0.4069972336292267, 0.40712782740592957, 0.42567265033721924, 0.3982294201850891, 0.4091099202632904, 0.4063319265842438, 0.4221285283565521, 0.4177059531211853, 0.39613643288612366, 0.39625200629234314];1947.9023990631104
1350;[0.7678991556167603, 0.7743018865585327, 0.7758618593215942, 0.7774133682250977, 0.778320848941803, 0.7761397957801819, 0.7762511968612671, 0.7760535478591919, 0.7704493999481201, 0.7738451361656189, 0.7714962363243103, 0.7757571935653687, 0.7696675658226013, 0.7733460664749146, 0.7700880169868469, 0.7694912552833557, 0.7699685096740723, 0.7697089910507202, 0.7664028406143188, 0.77646404504776, 0.7718915343284607, 0.7737976908683777, 0.7804250121116638, 0.7728378176689148, 0.7734917402267456, 0.7726210355758667, 0.7785464525222778, 0.780813455581665, 0.7673596143722534, 0.77506422996521, 0.7842352986335754];[0.03227810189127922, 0.03728550672531128, 0.03633622080087662, 0.03670894727110863, 0.0394851490855217, 0.03519267216324806, 0.033397216349840164, 0.03485485538840294, 0.02997676469385624, 0.03337283432483673, 0.032070696353912354, 0.03383421525359154, 0.028671573847532272, 0.03144523873925209, 0.029936885461211205, 0.027442339807748795, 0.02789742313325405, 0.0289518591016531, 0.026958243921399117, 0.03318680450320244, 0.029081908985972404, 0.03450404107570648, 0.03553248196840286, 0.027726536616683006, 0.02855495736002922, 0.028981652110815048, 0.03226764500141144, 0.03457058221101761, 0.025397509336471558, 0.030367763713002205, 0.034900180995464325];[-0.8188521265983582, -0.8320513963699341, -0.8296973705291748, -0.8305926322937012, -0.8407565951347351, -0.8281844258308411, -0.8240426182746887, -0.8226888179779053, -0.8145870566368103, -0.8195770382881165, -0.8210761547088623, -0.8192644119262695, -0.808660626411438, -0.8197397589683533, -0.8121309876441956, -0.8064702153205872, -0.8059437870979309, -0.8057786822319031, -0.8042666912078857, -0.8292064070701599, -0.8106248378753662, -0.8246574997901917, -0.8276143670082092, -0.8041630983352661, -0.8066866993904114, -0.80999755859375, -0.8213145732879639, -0.8270899653434753, -0.7980239391326904, -0.8148173093795776, -0.8409380912780762];[0.4448031187057495, 0.4450709819793701, 0.4340115785598755, 0.4460219144821167, 0.4340973496437073, 0.4154607355594635, 0.4305403232574463, 0.43799859285354614, 0.41946619749069214, 0.42036718130111694, 0.4146777391433716, 0.4430624544620514, 0.4286147356033325, 0.4121622145175934, 0.4181166887283325, 0.43544721603393555, 0.41755399107933044, 0.43065062165260315, 0.4115874469280243, 0.40658968687057495, 0.409623384475708, 0.4161018431186676, 0.42336151003837585, 0.41719722747802734, 0.4141193926334381, 0.4092937409877777, 0.41426512598991394, 0.41850191354751587, 0.4186439514160156, 0.4061061143875122];1920.493292093277
1400;[0.7739479541778564, 0.7664336562156677, 0.7747102379798889, 0.7742741703987122, 0.779257595539093, 0.785459578037262, 0.7752722501754761, 0.78106689453125, 0.7780492901802063, 0.7808727622032166, 0.7817707061767578, 0.7790499329566956, 0.7821530103683472, 0.7887505292892456, 0.7775520086288452, 0.7747973799705505, 0.7867521643638611, 0.7903657555580139, 0.7825323939323425, 0.7801645398139954, 0.7808843851089478, 0.780269205570221, 0.7813943028450012, 0.7805158495903015, 0.7858781814575195, 0.7756572365760803, 0.7843974828720093, 0.7813166975975037, 0.7781918048858643, 0.7782129049301147, 0.7808234691619873];[0.03584079444408417, 0.030294520780444145, 0.038465168327093124, 0.03843836858868599, 0.03843475878238678, 0.04607350379228592, 0.035844285041093826, 0.04046090692281723, 0.036297693848609924, 0.039925381541252136, 0.03900929167866707, 0.037637319415807724, 0.0425628200173378, 0.04702124744653702, 0.03546886518597603, 0.03317275270819664, 0.04323770850896835, 0.04638883098959923, 0.04046332836151123, 0.03720172494649887, 0.03642810136079788, 0.03713326156139374, 0.038565732538700104, 0.03842947632074356, 0.04120338335633278, 0.03287560120224953, 0.03833797946572304, 0.03747621551156044, 0.0350758396089077, 0.03587181121110916, 0.037706006318330765];[-0.834911048412323, -0.8099880814552307, -0.8375453948974609, -0.8371268510818481, -0.83609539270401, -0.8583261370658875, -0.82514888048172, -0.8490650057792664, -0.831500768661499, -0.8401163220405579, -0.8392572402954102, -0.8365532755851746, -0.8508722186088562, -0.8606804013252258, -0.8303787708282471, -0.8200299739837646, -0.8513789176940918, -0.862171471118927, -0.8466948866844177, -0.8305348753929138, -0.8301127552986145, -0.833285927772522, -0.8369720578193665, -0.8397455215454102, -0.8557292222976685, -0.8244180083274841, -0.8376235365867615, -0.8399250507354736, -0.8257948756217957, -0.8305451273918152, -0.8307263255119324];[0.4568778872489929, 0.4445452094078064, 0.4364919364452362, 0.43997520208358765, 0.42702871561050415, 0.42939281463623047, 0.4245215356349945, 0.4212403893470764, 0.41455328464508057, 0.4186926782131195, 0.4364626109600067, 0.43445444107055664, 0.4176674783229828, 0.4307669997215271, 0.44564375281333923, 0.4132044017314911, 0.4191422760486603, 0.4081895649433136, 0.4289122521877289, 0.42230162024497986, 0.4155466854572296, 0.4264671802520752, 0.4198160171508789, 0.41859179735183716, 0.4114457964897156, 0.4147815406322479, 0.451063871383667, 0.4091070592403412, 0.4107923209667206, 0.415650337934494];1948.8747730255127
1450;[0.7742912769317627, 0.7697622179985046, 0.7774933576583862, 0.7781763672828674, 0.7752624154090881, 0.7731617093086243, 0.774871289730072, 0.7763646841049194, 0.7735222578048706, 0.7747065424919128, 0.7722716927528381, 0.7818085551261902, 0.7916263341903687, 0.7807329893112183, 0.7854647636413574, 0.7755026817321777, 0.7792437076568604, 0.7839455604553223, 0.7873501181602478, 0.7872204780578613, 0.7860218286514282, 0.7843329310417175, 0.7767914533615112, 0.7777323722839355, 0.7763426899909973, 0.7822771072387695, 0.7750419974327087, 0.7779609560966492, 0.7820358276367188, 0.7810940146446228, 0.7769404649734497];[0.037088099867105484, 0.035942964255809784, 0.03877338767051697, 0.039435360580682755, 0.03695335611701012, 0.035647742450237274, 0.035907354205846786, 0.03733176738023758, 0.03625372424721718, 0.0347428023815155, 0.0336846299469471, 0.0402706004679203, 0.04634682089090347, 0.03511640429496765, 0.040490977466106415, 0.03379208967089653, 0.036137234419584274, 0.03980773687362671, 0.043511763215065, 0.04194999113678932, 0.04238910973072052, 0.038034599274396896, 0.03334333747625351, 0.03676455095410347, 0.035478588193655014, 0.03661714866757393, 0.0318133570253849, 0.03277568891644478, 0.03745239973068237, 0.038268692791461945, 0.032545287162065506];[-0.8339441418647766, -0.8288349509239197, -0.8428627252578735, -0.845008909702301, -0.8308923244476318, -0.8269789814949036, -0.8318846225738525, -0.8372348546981812, -0.8305268287658691, -0.8239071369171143, -0.8236430287361145, -0.8432475924491882, -0.8700923919677734, -0.8257125616073608, -0.8476595282554626, -0.8199130892753601, -0.8322658538818359, -0.8402125239372253, -0.8529330492019653, -0.8409855365753174, -0.8476983308792114, -0.8516108393669128, -0.819728434085846, -0.8324869275093079, -0.826341986656189, -0.8321497440338135, -0.8200572729110718, -0.8162158131599426, -0.8340890407562256, -0.8299060463905334, -0.8189598321914673];[0.4270692467689514, 0.42665982246398926, 0.4200175702571869, 0.43015995621681213, 0.43964532017707825, 0.4393678605556488, 0.42870473861694336, 0.43630391359329224, 0.43339717388153076, 0.4238154888153076, 0.42092078924179077, 0.4072660505771637, 0.4208710789680481, 0.421260267496109, 0.422123521566391, 0.4271036684513092, 0.39051586389541626, 0.43481600284576416, 0.4220638573169708, 0.4152376055717468, 0.38692164421081543, 0.42358705401420593, 0.44485849142074585, 0.40520840883255005, 0.40922683477401733, 0.4273454248905182, 0.4169003963470459, 0.39156636595726013, 0.4198739230632782, 0.41883790493011475];1918.0487976074219
1500;[0.7787718772888184, 0.7723175287246704, 0.7773904800415039, 0.7720433473587036, 0.7761950492858887, 0.7798856496810913, 0.7693963646888733, 0.7785334587097168, 0.770391583442688, 0.7738891839981079, 0.7766298651695251, 0.7737478017807007, 0.7783481478691101, 0.7687580585479736, 0.7797302007675171, 0.774053692817688, 0.7798569798469543, 0.7770552635192871, 0.7827758193016052, 0.7861604690551758, 0.787498414516449, 0.7759520411491394, 0.7794142961502075, 0.7812039852142334, 0.7791095972061157, 0.7812353372573853, 0.7909428477287292, 0.7835389971733093, 0.7837439179420471, 0.7910445928573608, 0.7822234630584717];[0.03847665712237358, 0.03769361227750778, 0.03830815106630325, 0.035218216478824615, 0.03494900465011597, 0.03990601748228073, 0.03187790885567665, 0.03749214485287666, 0.032819632440805435, 0.03451036661863327, 0.03482416272163391, 0.03508530557155609, 0.03544757142663002, 0.03122246451675892, 0.0363481380045414, 0.03358267620205879, 0.039361558854579926, 0.035733554512262344, 0.04032974690198898, 0.03803853318095207, 0.043026961386203766, 0.03382149338722229, 0.0377986766397953, 0.03751532360911369, 0.03529530391097069, 0.03852023929357529, 0.04622018337249756, 0.041624076664447784, 0.03828025609254837, 0.04617299884557724, 0.03645675256848335];[-0.8343251347541809, -0.8339007496833801, -0.837617814540863, -0.830113410949707, -0.8261165618896484, -0.8406441807746887, -0.8158971667289734, -0.8338103890419006, -0.8171570897102356, -0.8254453539848328, -0.8633627891540527, -0.8273957371711731, -0.8281349539756775, -0.8148441910743713, -0.8339052796363831, -0.820073127746582, -0.8368586897850037, -0.8276421427726746, -0.845170259475708, -0.8527982234954834, -0.8562405109405518, -0.8221840858459473, -0.8364694118499756, -0.8386225700378418, -0.8313451409339905, -0.8345330357551575, -0.8573207855224609, -0.8463245034217834, -0.8358736634254456, -0.85467529296875, -0.8287898898124695];[0.42568373680114746, 0.4240516722202301, 0.4310988187789917, 0.44382408261299133, 0.42919713258743286, 0.42708706855773926, 0.4428718388080597, 0.42245736718177795, 0.4239589273929596, 0.4393182098865509, 0.447462797164917, 0.4259873628616333, 0.42854344844818115, 0.4274713397026062, 0.43219447135925293, 0.4200386106967926, 0.42497920989990234, 0.449537992477417, 0.415253221988678, 0.42766040563583374, 0.4252694249153137, 0.4057103097438812, 0.4226081073284149, 0.41151148080825806, 0.43287381529808044, 0.42375943064689636, 0.42821162939071655, 0.4153885245323181, 0.4214412569999695, 0.41130635142326355];1933.727668762207
1550;[0.7677679657936096, 0.770394504070282, 0.780540943145752, 0.7704944014549255, 0.771221935749054, 0.773927628993988, 0.7754918932914734, 0.7707730531692505, 0.7778661847114563, 0.7727386951446533, 0.7810428142547607, 0.7738646268844604, 0.7828329205513, 0.7775475978851318, 0.7749567627906799, 0.7805772423744202, 0.7803887724876404, 0.7801083326339722, 0.7769023776054382, 0.7798614501953125, 0.783594012260437, 0.7860246300697327, 0.7783559560775757, 0.779579758644104, 0.7834578156471252, 0.8012366890907288, 0.7809116840362549, 0.7846565842628479, 0.7804213762283325, 0.7855295538902283, 0.7856076955795288];[0.030608566477894783, 0.03519950807094574, 0.036084335297346115, 0.03272455930709839, 0.032881639897823334, 0.03468607738614082, 0.034850407391786575, 0.029138578101992607, 0.03486447036266327, 0.03285806626081467, 0.03829699009656906, 0.032322049140930176, 0.039482057094573975, 0.03672973811626434, 0.03212549537420273, 0.037177152931690216, 0.037011634558439255, 0.033700037747621536, 0.03250792250037193, 0.03459029644727707, 0.03546368330717087, 0.03876938298344612, 0.030886178836226463, 0.0334274061024189, 0.03622378781437874, 0.04796476289629936, 0.03288538381457329, 0.03766067326068878, 0.034093089401721954, 0.03695845231413841, 0.037029970437288284];[-0.8175908327102661, -0.8245183825492859, -0.8903250694274902, -0.8166207671165466, -0.82322096824646, -0.8404571413993835, -0.8298161625862122, -0.8141248822212219, -0.8208040595054626, -0.8204965591430664, -0.8362688422203064, -0.8182160258293152, -0.8515200018882751, -0.8328533172607422, -0.8200040459632874, -0.8350252509117126, -0.8356236219406128, -0.8278470635414124, -0.8201236128807068, -0.8294956684112549, -0.8297193646430969, -0.8375644087791443, -0.8132733106613159, -0.8237465023994446, -0.8310709595680237, -0.8849641680717468, -0.8252805471420288, -0.8325583338737488, -0.8246881365776062, -0.8323869705200195, -0.8315549492835999];[0.42447441816329956, 0.43189576268196106, 0.4355476498603821, 0.4242420792579651, 0.41544151306152344, 0.44045498967170715, 0.4328122138977051, 0.41476455330848694, 0.41408276557922363, 0.4114573299884796, 0.42781904339790344, 0.4409889280796051, 0.42680004239082336, 0.41971033811569214, 0.4089415371417999, 0.4090486466884613, 0.4021511375904083, 0.4032829701900482, 0.41085585951805115, 0.41171133518218994, 0.40470731258392334, 0.40469104051589966, 0.4019683301448822, 0.39576807618141174, 0.395519495010376, 0.4151097536087036, 0.400248259305954, 0.3995637595653534, 0.3962257206439972, 0.4064893126487732];1938.4662547111511
1600;[0.7711772918701172, 0.778433084487915, 0.7770112156867981, 0.7779994010925293, 0.7725592851638794, 0.7708228826522827, 0.7752746939659119, 0.774591863155365, 0.7732805609703064, 0.7730934619903564, 0.7707391977310181, 0.7708154916763306, 0.7713643312454224, 0.776272177696228, 0.7704194784164429, 0.7670463919639587, 0.7677405476570129, 0.7661604881286621, 0.765447735786438, 0.7667306065559387, 0.7632552981376648, 0.7774683833122253, 0.7633398771286011, 0.7609010934829712, 0.7647045254707336, 0.7709996104240417, 0.7737849950790405, 0.766613781452179, 0.7614578604698181, 0.7732974886894226, 0.767417848110199];[0.03391256928443909, 0.03842322155833244, 0.03805992752313614, 0.03753795847296715, 0.033595360815525055, 0.03343671187758446, 0.03433756157755852, 0.03515181690454483, 0.033894915133714676, 0.035210274159908295, 0.030717089772224426, 0.02991156093776226, 0.032880932092666626, 0.035309020429849625, 0.03002425841987133, 0.024948924779891968, 0.026731299236416817, 0.02675669826567173, 0.024113468825817108, 0.027092991396784782, 0.024339882656931877, 0.03607331961393356, 0.024403758347034454, 0.02177116461098194, 0.02512061968445778, 0.029386067762970924, 0.03174658864736557, 0.024304445832967758, 0.022877588868141174, 0.03016134351491928, 0.025806715711951256];[-0.8252195715904236, -0.8508248329162598, -0.8369867205619812, -0.8458245992660522, -0.8225699067115784, -0.8186100125312805, -0.8257387280464172, -0.8344935178756714, -0.8235614895820618, -0.8237600326538086, -0.8119938969612122, -0.8103342056274414, -0.8204204440116882, -0.825943648815155, -0.8157991766929626, -0.7961556911468506, -0.7999825477600098, -0.8040505647659302, -0.7965922355651855, -0.8017333745956421, -0.7970020771026611, -0.8317861557006836, -0.7938875555992126, -0.7902524471282959, -0.7983906865119934, -0.819484293460846, -0.818671703338623, -0.8075708150863647, -0.791193962097168, -0.8104936480522156, -0.8033405542373657];[0.4434272348880768, 0.4542945325374603, 0.43259140849113464, 0.43131816387176514, 0.42551660537719727, 0.4170958399772644, 0.42293065786361694, 0.46059340238571167, 0.409788578748703, 0.43105506896972656, 0.42879819869995117, 0.4562511742115021, 0.4469452202320099, 0.4314744174480438, 0.41382896900177, 0.4203914999961853, 0.4157463312149048, 0.41909727454185486, 0.43590137362480164, 0.41168779134750366, 0.42641571164131165, 0.4251878559589386, 0.4248296916484833, 0.4226868748664856, 0.42660146951675415, 0.42553555965423584, 0.41150087118148804, 0.43610841035842896, 0.4214725196361542, 0.4086896479129791];1935.23388838768
1650;[0.7757501602172852, 0.7707268595695496, 0.7669742703437805, 0.7712568640708923, 0.7684243321418762, 0.7710039019584656, 0.7746242880821228, 0.7785961031913757, 0.7747393250465393, 0.7700105309486389, 0.7751051187515259, 0.7755481004714966, 0.7782058119773865, 0.7754111289978027, 0.7726001143455505, 0.7727450728416443, 0.764816403388977, 0.7745676040649414, 0.7756249904632568, 0.7744633555412292, 0.7794028520584106, 0.7772626876831055, 0.7777451276779175, 0.7753267884254456, 0.7727886438369751, 0.7711213827133179, 0.7703573107719421, 0.7753923535346985, 0.7819696068763733, 0.7813977003097534, 0.7869892120361328];[0.03510047122836113, 0.032790761440992355, 0.029288941994309425, 0.033266860991716385, 0.031209034845232964, 0.03135618567466736, 0.0346633642911911, 0.03725353255867958, 0.03432188183069229, 0.029599908739328384, 0.03349420428276062, 0.03350161015987396, 0.035290662199258804, 0.03368527069687843, 0.03190265968441963, 0.030801644548773766, 0.024906056001782417, 0.03405842185020447, 0.032838236540555954, 0.0324491523206234, 0.03480248153209686, 0.03482188284397125, 0.034160833805799484, 0.036491043865680695, 0.03276241570711136, 0.029315989464521408, 0.029959719628095627, 0.03102436102926731, 0.03839392587542534, 0.03665141761302948, 0.04327075183391571];[-0.8312815427780151, -0.820539653301239, -0.811119556427002, -0.8195891976356506, -0.8176189064979553, -0.8151023983955383, -0.8241482973098755, -0.8312676548957825, -0.8248708248138428, -0.8108684420585632, -0.846328854560852, -0.8272476196289062, -0.8300493359565735, -0.8188031911849976, -0.8159647583961487, -0.8136233687400818, -0.7988099455833435, -0.8235204219818115, -0.8208062052726746, -0.8205750584602356, -0.8252672553062439, -0.8309503793716431, -0.8250939846038818, -0.8294675350189209, -0.8170396089553833, -0.808825671672821, -0.8103584051132202, -0.8207135796546936, -0.8470196723937988, -0.8331460952758789, -0.8627390265464783];[0.4371953010559082, 0.4361240863800049, 0.42870384454727173, 0.45055848360061646, 0.432583749294281, 0.4473753273487091, 0.44162049889564514, 0.4069131910800934, 0.4316461384296417, 0.4294016659259796, 0.41861459612846375, 0.4214017689228058, 0.444743275642395, 0.43150562047958374, 0.4569896459579468, 0.418063223361969, 0.40788936614990234, 0.4257510304450989, 0.41200709342956543, 0.42868414521217346, 0.4362376928329468, 0.4350809156894684, 0.43869590759277344, 0.44974014163017273, 0.42677247524261475, 0.40926074981689453, 0.4180956184864044, 0.44496211409568787, 0.4207547903060913, 0.4087667465209961];1945.742558479309
1700;[0.779885470867157, 0.7708311676979065, 0.7790501713752747, 0.7798269987106323, 0.7711948156356812, 0.7715174555778503, 0.776568591594696, 0.7763895392417908, 0.7837730050086975, 0.7764250636100769, 0.7767996788024902, 0.78271484375, 0.7872113585472107, 0.7860073447227478, 0.7807906270027161, 0.7781410813331604, 0.7718806266784668, 0.7822121381759644, 0.7761094570159912, 0.7803735733032227, 0.7764734029769897, 0.78555828332901, 0.7731636762619019, 0.7827723622322083, 0.7839736342430115, 0.777087926864624, 0.778006374835968, 0.7847646474838257, 0.7815139293670654, 0.7779130339622498, 0.7889660596847534];[0.04248794913291931, 0.0335686132311821, 0.0408138744533062, 0.03975215181708336, 0.033780958503484726, 0.03313671797513962, 0.03291359543800354, 0.03455502912402153, 0.04228886961936951, 0.03840336576104164, 0.037163153290748596, 0.03979557007551193, 0.03969869017601013, 0.04264101758599281, 0.03830510005354881, 0.03221014887094498, 0.032179828733205795, 0.04181775078177452, 0.03376983478665352, 0.03697516769170761, 0.03332221135497093, 0.039831023663282394, 0.03259649872779846, 0.039315108209848404, 0.03700817748904228, 0.027838600799441338, 0.028321342542767525, 0.03638991713523865, 0.03285130113363266, 0.031172310933470726, 0.03636237606406212];[-0.8475978374481201, -0.825203537940979, -0.8558527231216431, -0.8409190773963928, -0.8222441077232361, -0.8219178915023804, -0.8233439922332764, -0.8624793291091919, -0.8477967381477356, -0.8324019908905029, -0.8312686681747437, -0.8388724327087402, -0.8412156701087952, -0.8529602289199829, -0.8322533369064331, -0.8180872797966003, -0.818366289138794, -0.8530253171920776, -0.8235776424407959, -0.8343573808670044, -0.8220553994178772, -0.8436989188194275, -0.8199014663696289, -0.8416559100151062, -0.833786129951477, -0.8061033487319946, -0.8090579509735107, -0.8281959891319275, -0.8202918171882629, -0.8157792687416077, -0.8351908326148987];[0.4431908130645752, 0.420988529920578, 0.42082953453063965, 0.4413852393627167, 0.43281078338623047, 0.4405115246772766, 0.4332464337348938, 0.4482302665710449, 0.43555474281311035, 0.4179566502571106, 0.44741010665893555, 0.4266427159309387, 0.40930595993995667, 0.4277918338775635, 0.4332488775253296, 0.4128999412059784, 0.46423524618148804, 0.4196085035800934, 0.41879981756210327, 0.4146743714809418, 0.4049619734287262, 0.40181323885917664, 0.4100458025932312, 0.40998750925064087, 0.40513619780540466, 0.40363365411758423, 0.40927737951278687, 0.3998374938964844, 0.3856945037841797, 0.39555326104164124];1958.0454051494598
1750;[0.7730234861373901, 0.7780064940452576, 0.7738988995552063, 0.7761533260345459, 0.7770265936851501, 0.7728646993637085, 0.7791035771369934, 0.7724992036819458, 0.7734500765800476, 0.7728033661842346, 0.7668179869651794, 0.7679389715194702, 0.7756503820419312, 0.7757666110992432, 0.776869535446167, 0.7806980609893799, 0.7743346095085144, 0.7716788649559021, 0.7660703659057617, 0.7780023813247681, 0.773730993270874, 0.7762739658355713, 0.7713868618011475, 0.7753607630729675, 0.7786484360694885, 0.7705110907554626, 0.7714707255363464, 0.7865963578224182, 0.7790848612785339, 0.7909743785858154, 0.7793036699295044];[0.03697793930768967, 0.03936958312988281, 0.03685548156499863, 0.03867138922214508, 0.03932170197367668, 0.03422822058200836, 0.041740525513887405, 0.03399701789021492, 0.03420834243297577, 0.032203517854213715, 0.030242659151554108, 0.03370973840355873, 0.037160664796829224, 0.03961089998483658, 0.039927009493112564, 0.04124569520354271, 0.037380244582891464, 0.033374540507793427, 0.02953375317156315, 0.039427198469638824, 0.0370953269302845, 0.03889148682355881, 0.03603868931531906, 0.03751622140407562, 0.04052554816007614, 0.03676244989037514, 0.03535185009241104, 0.04772143438458443, 0.04151731729507446, 0.05211456120014191, 0.040181636810302734];[-0.8309073448181152, -0.838546097278595, -0.8340712785720825, -0.8386554718017578, -0.8373021483421326, -0.8247142434120178, -0.8502334356307983, -0.824259340763092, -0.8249928951263428, -0.8193995356559753, -0.8110162019729614, -0.8221192359924316, -0.8346969485282898, -0.8501717448234558, -0.8509380221366882, -0.8591700792312622, -0.8300594687461853, -0.8180289268493652, -0.8109012246131897, -0.8427443504333496, -0.8361412882804871, -0.8379047513008118, -0.8284731507301331, -0.833467960357666, -0.8413881063461304, -0.836183488368988, -0.8300862908363342, -0.8771673440933228, -0.8508350849151611, -0.8780367970466614, -0.8399885892868042];[0.41306596994400024, 0.4379020035266876, 0.43752241134643555, 0.4566388726234436, 0.44960692524909973, 0.4381367266178131, 0.4518671929836273, 0.43945586681365967, 0.44807156920433044, 0.4390323758125305, 0.4537142515182495, 0.4585760831832886, 0.4332984983921051, 0.446666419506073, 0.44012221693992615, 0.4861070215702057, 0.42301660776138306, 0.441684752702713, 0.44761034846305847, 0.45189541578292847, 0.43018120527267456, 0.4494066536426544, 0.44838622212409973, 0.44165071845054626, 0.425748735666275, 0.44414615631103516, 0.4450957179069519, 0.4449089467525482, 0.454208105802536, 0.4495079517364502];1946.487057685852
1800;[0.7821429967880249, 0.7675867080688477, 0.7707169651985168, 0.7769557237625122, 0.7757459282875061, 0.7682031989097595, 0.7777371406555176, 0.7806376218795776, 0.7719703316688538, 0.7702549695968628, 0.7702819108963013, 0.775780439376831, 0.7817058563232422, 0.7750534415245056, 0.7823742628097534, 0.7836903929710388, 0.7850232124328613, 0.7695683836936951, 0.7885133624076843, 0.7776516675949097, 0.7809999585151672, 0.7726994752883911, 0.7858192324638367, 0.7867772579193115, 0.775532066822052, 0.7742137312889099, 0.7908181548118591, 0.7867737412452698, 0.7828998565673828, 0.7722916603088379, 0.7789123058319092];[0.04342906177043915, 0.0319753922522068, 0.03306584432721138, 0.036622531712055206, 0.036236923187971115, 0.031683649867773056, 0.03655901178717613, 0.03918229416012764, 0.03401368483901024, 0.029558731243014336, 0.030622893944382668, 0.03499051555991173, 0.037363845854997635, 0.03306061401963234, 0.037759069353342056, 0.040251169353723526, 0.04041721299290657, 0.029957305639982224, 0.04427492618560791, 0.03339623287320137, 0.0358726866543293, 0.02860867604613304, 0.04001229628920555, 0.03835088759660721, 0.03161816671490669, 0.032000064849853516, 0.044017694890499115, 0.040720436722040176, 0.034903980791568756, 0.02820415236055851, 0.031009184196591377];[-0.8736435174942017, -0.8171858191490173, -0.8206611275672913, -0.8287621736526489, -0.8282249569892883, -0.8215385675430298, -0.8319389224052429, -0.842339038848877, -0.8243507742881775, -0.8111926913261414, -0.8159303069114685, -0.8253298401832581, -0.8360611200332642, -0.819421648979187, -0.8334037065505981, -0.8440124988555908, -0.8406964540481567, -0.8123733997344971, -0.8552866578102112, -0.8189787268638611, -0.8251045942306519, -0.806881844997406, -0.8412591814994812, -0.8493850827217102, -0.8153666257858276, -0.8153855800628662, -0.8507154583930969, -0.8434070944786072, -0.8339833617210388, -0.8095765113830566, -0.8150061964988708];[0.4468134641647339, 0.4121783673763275, 0.4462639093399048, 0.4351768493652344, 0.4312171936035156, 0.4267809987068176, 0.4580724537372589, 0.42385533452033997, 0.4084886610507965, 0.41833192110061646, 0.42765867710113525, 0.41789770126342773, 0.428618460893631, 0.413478285074234, 0.3967765271663666, 0.4204395115375519, 0.41968387365341187, 0.4373610317707062, 0.4171510636806488, 0.41813984513282776, 0.42424634099006653, 0.4161711037158966, 0.41158613562583923, 0.409288227558136, 0.41107237339019775, 0.40296658873558044, 0.40412598848342896, 0.41507476568222046, 0.41220223903656006, 0.4275756776332855];1957.5314478874207
1850;[0.7757498025894165, 0.7689154744148254, 0.7796996831893921, 0.7725158929824829, 0.776863157749176, 0.7738447785377502, 0.7689969539642334, 0.772068440914154, 0.7716343402862549, 0.774766743183136, 0.7689642310142517, 0.7683254480361938, 0.7755053639411926, 0.7726572155952454, 0.7704792618751526, 0.7734646201133728, 0.7721792459487915, 0.7695478200912476, 0.7689038515090942, 0.7678743004798889, 0.7690867185592651, 0.7771015763282776, 0.7720810174942017, 0.764182448387146, 0.7704576253890991, 0.7682197690010071, 0.7681306004524231, 0.7709371447563171, 0.7731829285621643, 0.7784196734428406, 0.7753275632858276];[0.03700700029730797, 0.03577554225921631, 0.04102391004562378, 0.03739095851778984, 0.039068255573511124, 0.038223009556531906, 0.033569324761629105, 0.03344288095831871, 0.035074617713689804, 0.035280074924230576, 0.030960354954004288, 0.031160635873675346, 0.034054163843393326, 0.03415060043334961, 0.034302905201911926, 0.036812592297792435, 0.03760518506169319, 0.03321509435772896, 0.029864581301808357, 0.030039038509130478, 0.031980302184820175, 0.03609030321240425, 0.031899936497211456, 0.02585405856370926, 0.029116760939359665, 0.0293711107224226, 0.027192043140530586, 0.029067082330584526, 0.03338029608130455, 0.03712841123342514, 0.03330129012465477];[-0.8342115879058838, -0.8318104147911072, -0.8424243927001953, -0.8316478133201599, -0.8408297300338745, -0.8355177044868469, -0.8203368782997131, -0.8223345875740051, -0.8288107514381409, -0.8284454345703125, -0.8128921389579773, -0.8142855167388916, -0.8275691866874695, -0.822992205619812, -0.8232693672180176, -0.8317975997924805, -0.8325679898262024, -0.8208609819412231, -0.812309741973877, -0.810997486114502, -0.8171864151954651, -0.8326891660690308, -0.8211238980293274, -0.8017802238464355, -0.8126662373542786, -0.8095981478691101, -0.8025004267692566, -0.8099944591522217, -0.818710207939148, -0.836345374584198, -0.8225476145744324];[0.4192661643028259, 0.4354417026042938, 0.4114989638328552, 0.44386059045791626, 0.45626166462898254, 0.4338921904563904, 0.4120102524757385, 0.4301096796989441, 0.4324882924556732, 0.45833784341812134, 0.4184403419494629, 0.4410899877548218, 0.45619213581085205, 0.4217311441898346, 0.43115249276161194, 0.4328565001487732, 0.4454406201839447, 0.45128822326660156, 0.4292609393596649, 0.42850616574287415, 0.45950284600257874, 0.4235905408859253, 0.4023377299308777, 0.412308007478714, 0.41766494512557983, 0.42960384488105774, 0.4308907091617584, 0.4209776222705841, 0.4203542470932007, 0.42851021885871887];2026.6669704914093
1900;[0.7713056802749634, 0.7720383405685425, 0.7754369974136353, 0.7765838503837585, 0.781226396560669, 0.7841109037399292, 0.7759592533111572, 0.773046612739563, 0.7723486423492432, 0.7712164521217346, 0.7761600613594055, 0.7722139358520508, 0.7861698269844055, 0.7808675169944763, 0.7746210694313049, 0.780799925327301, 0.7773096561431885, 0.7754784822463989, 0.7748023271560669, 0.7762453556060791, 0.7793049216270447, 0.7760806083679199, 0.7841581106185913, 0.7797706723213196, 0.780720591545105, 0.783024787902832, 0.78774094581604, 0.790500819683075, 0.7829433083534241, 0.7891820073127747, 0.7789047360420227];[0.03523588180541992, 0.0343267060816288, 0.036462318152189255, 0.03667985647916794, 0.04013029858469963, 0.041247524321079254, 0.03456047177314758, 0.033855412155389786, 0.03337714448571205, 0.03230806440114975, 0.03543296083807945, 0.030756117776036263, 0.04112626239657402, 0.03709343820810318, 0.03065795823931694, 0.035481493920087814, 0.034415747970342636, 0.03110930323600769, 0.03117031417787075, 0.03237573802471161, 0.032209694385528564, 0.032744474709033966, 0.03543359041213989, 0.032491959631443024, 0.0320163257420063, 0.035443346947431564, 0.03791908547282219, 0.0400547981262207, 0.03408461809158325, 0.03791046142578125, 0.03132180869579315];[-0.8318257927894592, -0.824834942817688, -0.8369249701499939, -0.8298578858375549, -0.8382288217544556, -0.8461333513259888, -0.8247711658477783, -0.8219169974327087, -0.8273969888687134, -0.815360963344574, -0.8294930458068848, -0.8142734169960022, -0.8557406663894653, -0.8381223678588867, -0.8164173364639282, -0.8297200798988342, -0.8239144086837769, -0.8127031326293945, -0.8209229707717896, -0.8185044527053833, -0.8157501220703125, -0.8195080161094666, -0.8257719874382019, -0.8240277767181396, -0.8206572532653809, -0.8301518559455872, -0.8366979956626892, -0.8501750230789185, -0.8241930603981018, -0.8359319567680359, -0.8183395862579346];[0.42382684350013733, 0.42996153235435486, 0.432766318321228, 0.4210834503173828, 0.4349153935909271, 0.4159358739852905, 0.42134150862693787, 0.42531558871269226, 0.41446107625961304, 0.40105459094047546, 0.41277503967285156, 0.4226517677307129, 0.41548895835876465, 0.4290194809436798, 0.41565531492233276, 0.3980516493320465, 0.4241243302822113, 0.4157636761665344, 0.4138065576553345, 0.39379557967185974, 0.40336963534355164, 0.40435636043548584, 0.40727201104164124, 0.40276235342025757, 0.41106992959976196, 0.39966464042663574, 0.3977571427822113, 0.4018259644508362, 0.40078213810920715, 0.408173143863678];1934.6451075077057
1950;[0.7726964950561523, 0.7699547410011292, 0.7825827598571777, 0.7735728025436401, 0.7774519324302673, 0.7794689536094666, 0.7736325263977051, 0.7824428677558899, 0.7750914096832275, 0.7771649360656738, 0.778412938117981, 0.7755565643310547, 0.7798674702644348, 0.7794544100761414, 0.7721933722496033, 0.7675402164459229, 0.7754701972007751, 0.78264981508255, 0.7776246070861816, 0.7773159146308899, 0.7786182761192322, 0.7746587991714478, 0.7810092568397522, 0.7752742171287537, 0.779231607913971, 0.779181957244873, 0.7706995606422424, 0.7812390923500061, 0.7867626547813416, 0.7808172106742859, 0.7790083289146423];[0.03449713811278343, 0.03266604617238045, 0.044896069914102554, 0.03929722309112549, 0.03863462060689926, 0.03817151114344597, 0.03307389095425606, 0.03873265162110329, 0.03569865599274635, 0.03706717863678932, 0.03494062274694443, 0.03560292348265648, 0.038299500942230225, 0.03730480372905731, 0.032985854893922806, 0.029335178434848785, 0.03665647655725479, 0.039614882320165634, 0.035734470933675766, 0.03401893004775047, 0.033357031643390656, 0.03238736838102341, 0.03830762207508087, 0.0344061441719532, 0.03535398840904236, 0.03652137890458107, 0.02612900920212269, 0.03302451968193054, 0.04139101132750511, 0.033176571130752563, 0.03217038884758949];[-0.8272060751914978, -0.8235626816749573, -0.8543201684951782, -0.8427781462669373, -0.8392336368560791, -0.8349798321723938, -0.8210729956626892, -0.8445430397987366, -0.8363288640975952, -0.8336628675460815, -0.8283740282058716, -0.8283628821372986, -0.8349975347518921, -0.8340952396392822, -0.8184088468551636, -0.8096205592155457, -0.8277062773704529, -0.8392642140388489, -0.8451771140098572, -0.8265575170516968, -0.8194551467895508, -0.8204271197319031, -0.830578088760376, -0.8252156972885132, -0.8313850164413452, -0.828125536441803, -0.7983587980270386, -0.8219542503356934, -0.845282793045044, -0.8234583735466003, -0.8247725367546082];[0.4529273509979248, 0.4380315840244293, 0.45179012417793274, 0.43267300724983215, 0.4311749041080475, 0.41605210304260254, 0.4234617054462433, 0.42256036400794983, 0.42691856622695923, 0.42561352252960205, 0.4175718128681183, 0.4459913969039917, 0.4196053743362427, 0.42824703454971313, 0.41088658571243286, 0.4210010766983032, 0.40665391087532043, 0.41470253467559814, 0.40888267755508423, 0.43412816524505615, 0.43635043501853943, 0.41534295678138733, 0.40691444277763367, 0.40977948904037476, 0.4369502067565918, 0.39593133330345154, 0.41073423624038696, 0.4101589322090149, 0.40716904401779175, 0.4232105612754822];1934.3141441345215
2000;[0.769666314125061, 0.7680286765098572, 0.7765530347824097, 0.7791225910186768, 0.7778983116149902, 0.77927565574646, 0.7765295505523682, 0.7801843285560608, 0.7837958335876465, 0.793724536895752, 0.7970333099365234, 0.7923260927200317, 0.7924625277519226, 0.7854484915733337, 0.7864615321159363, 0.7821276783943176, 0.7975888848304749, 0.7843752503395081, 0.7930719256401062, 0.7969513535499573, 0.7873660922050476, 0.7922022938728333, 0.7856925129890442, 0.7922295928001404, 0.7912337779998779, 0.789656400680542, 0.799036979675293, 0.7885136604309082, 0.7861894965171814, 0.80119389295578, 0.7979419827461243];[0.03254355862736702, 0.03162004053592682, 0.0377248153090477, 0.0388355553150177, 0.038180213421583176, 0.04047688469290733, 0.03524700924754143, 0.042325813323259354, 0.043077804148197174, 0.0484333336353302, 0.049969445914030075, 0.04832861199975014, 0.046706024557352066, 0.042512331157922745, 0.04475683346390724, 0.0399874784052372, 0.0494295209646225, 0.04137974604964256, 0.047674160450696945, 0.05037630721926689, 0.041090693324804306, 0.04665074497461319, 0.03934131935238838, 0.042355529963970184, 0.04448628053069115, 0.04140868037939072, 0.053132761269807816, 0.03922579437494278, 0.04169842600822449, 0.05496964231133461, 0.049577921628952026];[-0.8230075836181641, -0.8172357678413391, -0.8363745808601379, -0.8403801918029785, -0.8385531902313232, -0.8442270159721375, -0.8281607031822205, -0.8494542837142944, -0.8526356220245361, -0.8738062977790833, -0.8921952247619629, -0.8695986866950989, -0.8602972626686096, -0.8520081639289856, -0.8494232296943665, -0.8378466963768005, -0.8983079195022583, -0.8437960743904114, -0.8618949055671692, -0.8746543526649475, -0.8440072536468506, -0.87730872631073, -0.8389042019844055, -0.8486731648445129, -0.8513398170471191, -0.8435265421867371, -0.8825923800468445, -0.8416844606399536, -0.8464492559432983, -0.8852792978286743, -0.8695394992828369];[0.4582643508911133, 0.4433189332485199, 0.45443516969680786, 0.4252869486808777, 0.41506820917129517, 0.42867252230644226, 0.42718589305877686, 0.43249544501304626, 0.42735356092453003, 0.4275612235069275, 0.41935068368911743, 0.4115520417690277, 0.41747909784317017, 0.42729219794273376, 0.41324862837791443, 0.41168877482414246, 0.400288850069046, 0.42179515957832336, 0.40981006622314453, 0.4462403357028961, 0.4123305082321167, 0.40810635685920715, 0.4189499616622925, 0.40516701340675354, 0.4170120656490326, 0.43678057193756104, 0.4024593234062195, 0.3995495140552521, 0.4183772802352905, 0.41278380155563354];1934.8455851078033
2050;[0.7718462944030762, 0.775148868560791, 0.7724937796592712, 0.774617075920105, 0.7752581834793091, 0.7724780440330505, 0.7712973952293396, 0.7862107157707214, 0.779005765914917, 0.7813049554824829, 0.7827943563461304, 0.7819578051567078, 0.777881383895874, 0.7729007005691528, 0.787004828453064, 0.7804134488105774, 0.7764862179756165, 0.7788830399513245, 0.7810682654380798, 0.7791298627853394, 0.7841212153434753, 0.7897748947143555, 0.7888569235801697, 0.7752179503440857, 0.7785663604736328, 0.7749194502830505, 0.7839604020118713, 0.7857687473297119, 0.7814388275146484, 0.7894777059555054, 0.7848228812217712];[0.03210893273353577, 0.03759915009140968, 0.03486957773566246, 0.03922473266720772, 0.04012903571128845, 0.03287465497851372, 0.034367840737104416, 0.04545305669307709, 0.040834762156009674, 0.04077611863613129, 0.042187489569187164, 0.04132219776511192, 0.03698904812335968, 0.03424719721078873, 0.04219744727015495, 0.03901221975684166, 0.035322606563568115, 0.03743325546383858, 0.04176715761423111, 0.03870725259184837, 0.04235207661986351, 0.046190809458494186, 0.047352809458971024, 0.03472195193171501, 0.03580247238278389, 0.03479151055216789, 0.040393535047769547, 0.04294867813587189, 0.03822927922010422, 0.04711086302995682, 0.039842840284109116];[-0.8186960816383362, -0.8401284217834473, -0.8241673111915588, -0.8376956582069397, -0.8428847193717957, -0.822624921798706, -0.8252530097961426, -0.8765265941619873, -0.8460872769355774, -0.8440591096878052, -0.8588481545448303, -0.8453293442726135, -0.8320267200469971, -0.8249529600143433, -0.853630781173706, -0.8398321866989136, -0.8269069194793701, -0.8354713320732117, -0.8486261367797852, -0.839817464351654, -0.8543509840965271, -0.8608391880989075, -0.8630900979042053, -0.8266969323158264, -0.8345608115196228, -0.8266596794128418, -0.845230221748352, -0.8450101613998413, -0.8372313380241394, -0.8626121878623962, -0.8426940441131592];[0.4287780225276947, 0.4530177116394043, 0.42839497327804565, 0.4479081928730011, 0.41137197613716125, 0.44439804553985596, 0.4445493519306183, 0.43134960532188416, 0.44604530930519104, 0.4640251398086548, 0.410493940114975, 0.42920762300491333, 0.42300766706466675, 0.44108426570892334, 0.41694292426109314, 0.44346898794174194, 0.4412747919559479, 0.4312491714954376, 0.464081346988678, 0.4282243251800537, 0.4291388690471649, 0.44310498237609863, 0.4355582594871521, 0.4262371063232422, 0.44624170660972595, 0.4368680715560913, 0.4452715814113617, 0.4426557719707489, 0.43902456760406494, 0.4314987361431122];1941.9905498027802
2100;[0.776093065738678, 0.7788369059562683, 0.7815287113189697, 0.7751346826553345, 0.7752460837364197, 0.7793878316879272, 0.7759249210357666, 0.7758314609527588, 0.7823885679244995, 0.7729452848434448, 0.7780197858810425, 0.7780595421791077, 0.7805922031402588, 0.7790635824203491, 0.7715998888015747, 0.7759214043617249, 0.7797519564628601, 0.7718527913093567, 0.7832273840904236, 0.7858537435531616, 0.7839456796646118, 0.7775410413742065, 0.7717427015304565, 0.7816810011863708, 0.7731438875198364, 0.7773159742355347, 0.7807387709617615, 0.7777453660964966, 0.7733189463615417, 0.7748147249221802, 0.7860779166221619];[0.0371716171503067, 0.0372576080262661, 0.03939199447631836, 0.036328572779893875, 0.03654423728585243, 0.040612827986478806, 0.03500266745686531, 0.034539006650447845, 0.039024870842695236, 0.031750794500112534, 0.037892311811447144, 0.037375979125499725, 0.03981306403875351, 0.03679048269987106, 0.03349146991968155, 0.03490954264998436, 0.03944823145866394, 0.030489129945635796, 0.03997214511036873, 0.043350446969270706, 0.0415048748254776, 0.035057276487350464, 0.03193758428096771, 0.038876280188560486, 0.030443748459219933, 0.0321626141667366, 0.03601888194680214, 0.0313708521425724, 0.03200382739305496, 0.02829846739768982, 0.03816433995962143];[-0.8355830907821655, -0.8329287171363831, -0.8479483127593994, -0.8354969024658203, -0.8275157809257507, -0.8399761915206909, -0.8265652060508728, -0.828588604927063, -0.8406659960746765, -0.8171098828315735, -0.8351172804832458, -0.8335062265396118, -0.8408547043800354, -0.8340122103691101, -0.8214972019195557, -0.8274268507957458, -0.8432233929634094, -0.8132738471031189, -0.8457520604133606, -0.8521292805671692, -0.8502901792526245, -0.8294860124588013, -0.8201156854629517, -0.8391667604446411, -0.8159807920455933, -0.81854647397995, -0.8293471932411194, -0.8170937299728394, -0.8176922798156738, -0.8071949481964111, -0.8514279723167419];[0.4451564848423004, 0.43710049986839294, 0.4297717809677124, 0.43006619811058044, 0.4359409809112549, 0.43627768754959106, 0.4249032735824585, 0.484973281621933, 0.42446717619895935, 0.4517628848552704, 0.4248563349246979, 0.4417479932308197, 0.4020754396915436, 0.4102994501590729, 0.42367660999298096, 0.4350161552429199, 0.43465420603752136, 0.4239005744457245, 0.4305237829685211, 0.4253142476081848, 0.44950419664382935, 0.41377925872802734, 0.40325918793678284, 0.415528804063797, 0.4176216423511505, 0.44169116020202637, 0.4341852068901062, 0.41193467378616333, 0.4207344353199005, 0.42013290524482727];1976.6012303829193
2150;[0.7846554517745972, 0.7788230180740356, 0.7768490314483643, 0.7769767045974731, 0.7697349190711975, 0.7800850868225098, 0.7687541842460632, 0.7716083526611328, 0.7777610421180725, 0.7729913592338562, 0.776393473148346, 0.784981906414032, 0.7739271521568298, 0.7799585461616516, 0.7843673825263977, 0.7781248688697815, 0.7726367115974426, 0.7747130393981934, 0.7917075753211975, 0.7781383991241455, 0.7872211337089539, 0.7869731187820435, 0.792540967464447, 0.788135826587677, 0.7828867435455322, 0.7850559949874878, 0.7826350927352905, 0.7764992713928223, 0.7817906737327576, 0.7849308848381042, 0.7885183691978455];[0.045015111565589905, 0.03761761635541916, 0.037144795060157776, 0.03611018881201744, 0.03245801478624344, 0.038207538425922394, 0.031110495328903198, 0.03197144344449043, 0.039113450795412064, 0.03504260629415512, 0.03769364580512047, 0.044278789311647415, 0.03260018676519394, 0.03828641027212143, 0.04236643761396408, 0.0348590724170208, 0.03189254179596901, 0.03488660231232643, 0.04569841921329498, 0.034516725689172745, 0.041475147008895874, 0.03931090608239174, 0.044362857937812805, 0.042714305222034454, 0.0394306555390358, 0.042134325951337814, 0.03976242616772652, 0.03347471356391907, 0.03837214782834053, 0.03890196233987808, 0.04179058596491814];[-0.8600744605064392, -0.8501216769218445, -0.8354237079620361, -0.8298918604850769, -0.8218969106674194, -0.83726567029953, -0.8141120076179504, -0.8173089623451233, -0.8361591100692749, -0.8267031908035278, -0.8341790437698364, -0.8519408106803894, -0.8200132846832275, -0.8406181931495667, -0.8477673530578613, -0.8241828680038452, -0.816098153591156, -0.8231968879699707, -0.8568823933601379, -0.8243112564086914, -0.8520886301994324, -0.8408389687538147, -0.8625883460044861, -0.8485884666442871, -0.843934178352356, -0.8574677109718323, -0.8440903425216675, -0.8215818405151367, -0.8392300605773926, -0.8393017053604126, -0.8443117737770081];[0.43963155150413513, 0.42704901099205017, 0.4345886707305908, 0.43492650985717773, 0.427521675825119, 0.44193047285079956, 0.4519154727458954, 0.457150399684906, 0.42993995547294617, 0.4445827007293701, 0.4167749881744385, 0.43960118293762207, 0.4180290997028351, 0.42647022008895874, 0.42481729388237, 0.42836952209472656, 0.4211318790912628, 0.42820414900779724, 0.4118647575378418, 0.4208504259586334, 0.42807987332344055, 0.43065306544303894, 0.42720717191696167, 0.4424791634082794, 0.42203593254089355, 0.42409390211105347, 0.4098568856716156, 0.4142405390739441, 0.41055116057395935, 0.42069199681282043];1948.2358400821686
2200;[0.7703465223312378, 0.7818504571914673, 0.7814608216285706, 0.7720193266868591, 0.7738699913024902, 0.7715901136398315, 0.7705167531967163, 0.7719037532806396, 0.7711725831031799, 0.7776605486869812, 0.7816624641418457, 0.7751585245132446, 0.7734277844429016, 0.7702630162239075, 0.7762966752052307, 0.7663342356681824, 0.7737136483192444, 0.7626716494560242, 0.778900146484375, 0.7703760862350464, 0.7679473161697388, 0.7725430727005005, 0.7710123062133789, 0.7683234214782715, 0.767327070236206, 0.7653734087944031, 0.7727954387664795, 0.7662595510482788, 0.7770955562591553, 0.7612541913986206, 0.7669310569763184];[0.033480461686849594, 0.043521102517843246, 0.04246268421411514, 0.03525117412209511, 0.03630267083644867, 0.0323137603700161, 0.03226487338542938, 0.034343522042036057, 0.03511815145611763, 0.03655455261468887, 0.04006480425596237, 0.034035276621580124, 0.03237754851579666, 0.030554329976439476, 0.03293539211153984, 0.025589630007743835, 0.031297001987695694, 0.02323683351278305, 0.03415368124842644, 0.030771566554903984, 0.028133533895015717, 0.02978668548166752, 0.027822628617286682, 0.025724144652485847, 0.027840206399559975, 0.025041909888386726, 0.029540477320551872, 0.025416849181056023, 0.03402670472860336, 0.021255481988191605, 0.028049660846590996];[-0.8213127851486206, -0.8572643995285034, -0.8507523536682129, -0.8291309475898743, -0.8301869034767151, -0.819408118724823, -0.8232939839363098, -0.826443076133728, -0.8244915008544922, -0.8360962867736816, -0.8431171774864197, -0.830650806427002, -0.8175930380821228, -0.8152887225151062, -0.8217478394508362, -0.8008936643600464, -0.8174357414245605, -0.7932965755462646, -0.8252962231636047, -0.8160865902900696, -0.8077898621559143, -0.8141478300094604, -0.8084903359413147, -0.8001759648323059, -0.8079109787940979, -0.7987196445465088, -0.811948835849762, -0.7996076941490173, -0.8227680325508118, -0.7883658409118652, -0.8070728778839111];[0.42894819378852844, 0.4395798444747925, 0.41614672541618347, 0.4226313531398773, 0.4693308174610138, 0.4481254518032074, 0.4374908208847046, 0.41974425315856934, 0.43212294578552246, 0.42183345556259155, 0.43448418378829956, 0.41956180334091187, 0.43477675318717957, 0.42827361822128296, 0.4420108497142792, 0.4390939474105835, 0.42120039463043213, 0.42041391134262085, 0.4216380715370178, 0.4173903465270996, 0.41602176427841187, 0.43861278891563416, 0.414792001247406, 0.4437935948371887, 0.42256709933280945, 0.41353198885917664, 0.4277189075946808, 0.42955440282821655, 0.42372289299964905, 0.4379390478134155];1917.1918697357178
2250;[0.7763099074363708, 0.7747440338134766, 0.7696047425270081, 0.7798705101013184, 0.7730101943016052, 0.7829089164733887, 0.7738311886787415, 0.7763286232948303, 0.7780677676200867, 0.7725518941879272, 0.7736982107162476, 0.7745109796524048, 0.7783614993095398, 0.7737776637077332, 0.7727476954460144, 0.7728481292724609, 0.775661289691925, 0.7820546627044678, 0.7834097743034363, 0.7759311199188232, 0.781065046787262, 0.7830064296722412, 0.7809745073318481, 0.7670024633407593, 0.775734007358551, 0.7769851684570312, 0.7733194231987, 0.7785542607307434, 0.7769296169281006, 0.7758785486221313, 0.7812697887420654];[0.0398031547665596, 0.03632340952754021, 0.03345271944999695, 0.03975042700767517, 0.03398117795586586, 0.03993913531303406, 0.03498964011669159, 0.03801383823156357, 0.038661014288663864, 0.03386588394641876, 0.03410692512989044, 0.032711777836084366, 0.03727651759982109, 0.031704556196928024, 0.031993769109249115, 0.031247036531567574, 0.034079410135746, 0.03774634003639221, 0.03770170360803604, 0.03407793492078781, 0.03575335815548897, 0.03625387325882912, 0.0376705676317215, 0.02621808834373951, 0.02989104948937893, 0.031154898926615715, 0.02869919128715992, 0.0332910493016243, 0.03333203122019768, 0.0329878106713295, 0.03443390130996704];[-0.848635196685791, -0.8317598104476929, -0.8210909366607666, -0.8391152620315552, -0.8267092704772949, -0.8633288741111755, -0.8243469595909119, -0.8346384167671204, -0.8404208421707153, -0.8232521414756775, -0.8232907056808472, -0.8221096992492676, -0.8357948064804077, -0.816527783870697, -0.8161489367485046, -0.8170332908630371, -0.8278695940971375, -0.83309406042099, -0.8332986831665039, -0.8261444568634033, -0.8318263292312622, -0.8301973938941956, -0.8360351920127869, -0.8007447719573975, -0.812704861164093, -0.8139344453811646, -0.8093115091323853, -0.8223930597305298, -0.8205533623695374, -0.8177438378334045, -0.8284773230552673];[0.43730366230010986, 0.44191497564315796, 0.4259420931339264, 0.4259786605834961, 0.4342571198940277, 0.42221948504447937, 0.45477747917175293, 0.40417250990867615, 0.4256412088871002, 0.41421759128570557, 0.4186955690383911, 0.41534510254859924, 0.43130025267601013, 0.41274896264076233, 0.4207107424736023, 0.42263516783714294, 0.41847681999206543, 0.3945934772491455, 0.4163462519645691, 0.4096117317676544, 0.43082308769226074, 0.433118611574173, 0.41442611813545227, 0.4076246917247772, 0.41319698095321655, 0.4119848608970642, 0.41591954231262207, 0.4386375844478607, 0.40731582045555115, 0.4129566550254822];1928.3143208026886
2300;[0.7647644877433777, 0.7694414258003235, 0.7725664377212524, 0.7732007503509521, 0.7791764736175537, 0.7767526507377625, 0.7712875008583069, 0.7859325408935547, 0.7789921164512634, 0.780835747718811, 0.7804074883460999, 0.7767686247825623, 0.7801940441131592, 0.7790356278419495, 0.7818215489387512, 0.7846202850341797, 0.7849379181861877, 0.7852470874786377, 0.794633150100708, 0.7800518870353699, 0.7793764472007751, 0.7785032987594604, 0.7893939018249512, 0.7869101166725159, 0.7890238761901855, 0.7890896201133728, 0.783436119556427, 0.786274790763855, 0.785106897354126, 0.7939774394035339, 0.7858313322067261];[0.02967829816043377, 0.03224719688296318, 0.035903315991163254, 0.03494948521256447, 0.04366549104452133, 0.03773612901568413, 0.03571884706616402, 0.04688551276922226, 0.04111810401082039, 0.043734852224588394, 0.04016781970858574, 0.03871320188045502, 0.03859132155776024, 0.03958136588335037, 0.04162272810935974, 0.041538506746292114, 0.03921090438961983, 0.04180241376161575, 0.04514108598232269, 0.03721628338098526, 0.03943580761551857, 0.03603406995534897, 0.04715403914451599, 0.041399408131837845, 0.0466211773455143, 0.044486258178949356, 0.04060668498277664, 0.04063987731933594, 0.04142479971051216, 0.04931367188692093, 0.044170379638671875];[-0.810307502746582, -0.8192539811134338, -0.8290964961051941, -0.8261784911155701, -0.8504959344863892, -0.8446840643882751, -0.8261395692825317, -0.8628437519073486, -0.8490497469902039, -0.8531164526939392, -0.8533036708831787, -0.8374050855636597, -0.8411374092102051, -0.8394132852554321, -0.8453506827354431, -0.8461369872093201, -0.8392449021339417, -0.8445771336555481, -0.8546140789985657, -0.8346154689788818, -0.8379176259040833, -0.8274281620979309, -0.8656586408615112, -0.846481204032898, -0.866754949092865, -0.8527783751487732, -0.847058892250061, -0.8396425247192383, -0.855375349521637, -0.866934061050415, -0.8539838790893555];[0.4529367685317993, 0.4449317455291748, 0.4281763732433319, 0.4326682686805725, 0.4265241324901581, 0.4286535084247589, 0.4416886866092682, 0.4362979531288147, 0.4280783236026764, 0.41591161489486694, 0.46088358759880066, 0.44641542434692383, 0.44561517238616943, 0.4386380910873413, 0.4386843144893646, 0.4435563087463379, 0.40812069177627563, 0.4525100588798523, 0.4770219624042511, 0.4418310523033142, 0.4107128977775574, 0.4076683819293976, 0.4226016700267792, 0.42063403129577637, 0.4133341312408447, 0.4351828992366791, 0.41887685656547546, 0.40357381105422974, 0.42192530632019043, 0.4159736931324005];1939.516010761261
2350;[0.7772398591041565, 0.776297926902771, 0.7688301205635071, 0.7805490493774414, 0.7785492539405823, 0.7705793976783752, 0.7746360898017883, 0.77937251329422, 0.7747859954833984, 0.7863850593566895, 0.7724405527114868, 0.777863621711731, 0.7672200202941895, 0.7858138680458069, 0.7659088373184204, 0.7874915599822998, 0.7774221897125244, 0.7828548550605774, 0.7801225781440735, 0.7804551720619202, 0.7775155305862427, 0.774719774723053, 0.7778903245925903, 0.7902954816818237, 0.7911431193351746, 0.771886944770813, 0.7766803503036499, 0.7839740514755249, 0.7788398265838623, 0.7760517597198486, 0.7812055945396423];[0.03944852203130722, 0.037367407232522964, 0.03388584032654762, 0.04098452627658844, 0.04024795815348625, 0.032332103699445724, 0.036936745047569275, 0.03984060883522034, 0.03968586027622223, 0.040979381650686264, 0.0313151553273201, 0.03797273710370064, 0.02896091528236866, 0.03922219201922417, 0.027222130447626114, 0.04368653520941734, 0.033873748034238815, 0.03998662158846855, 0.03780893608927727, 0.03607644513249397, 0.033051203936338425, 0.03476708009839058, 0.034366678446531296, 0.04106147214770317, 0.04519452527165413, 0.02590164542198181, 0.03256087377667427, 0.034702811390161514, 0.034859366714954376, 0.030617982149124146, 0.03306494280695915];[-0.8408023118972778, -0.8305550813674927, -0.8211039304733276, -0.844088613986969, -0.851548969745636, -0.8167619109153748, -0.8269520401954651, -0.8497289419174194, -0.8352789282798767, -0.8432074785232544, -0.8178625702857971, -0.8364019989967346, -0.8114045262336731, -0.8783208131790161, -0.8024759292602539, -0.8492709398269653, -0.8233072757720947, -0.8462693095207214, -0.8325840830802917, -0.8277438879013062, -0.8257843852043152, -0.8254713416099548, -0.8284037113189697, -0.8454376459121704, -0.8579941391944885, -0.802054226398468, -0.8167436718940735, -0.8244550824165344, -0.8276499509811401, -0.8147764801979065, -0.842015266418457];[0.4297902286052704, 0.4359564483165741, 0.43657562136650085, 0.4343193769454956, 0.44161948561668396, 0.42979106307029724, 0.4242986738681793, 0.41886261105537415, 0.42276549339294434, 0.43388116359710693, 0.42758071422576904, 0.40791428089141846, 0.4265974462032318, 0.43145298957824707, 0.4202890992164612, 0.42371562123298645, 0.41540440917015076, 0.42848891019821167, 0.4371170401573181, 0.4261639714241028, 0.4302379786968231, 0.43870604038238525, 0.4200786054134369, 0.4564155340194702, 0.4293392598628998, 0.4218595325946808, 0.4144118130207062, 0.4293939471244812, 0.4485030174255371, 0.43643954396247864];1940.085139989853
2400;[0.7749884724617004, 0.7626388669013977, 0.7679718136787415, 0.7679807543754578, 0.7710020542144775, 0.7700822353363037, 0.7729616761207581, 0.7652295827865601, 0.7712013125419617, 0.7693101167678833, 0.7671888470649719, 0.7648369073867798, 0.7721396684646606, 0.7708032131195068, 0.7713748216629028, 0.7675313949584961, 0.7675374150276184, 0.7695502638816833, 0.7734707593917847, 0.7689507603645325, 0.7723332643508911, 0.7713176012039185, 0.7697322964668274, 0.7699218392372131, 0.7684750556945801, 0.7670366764068604, 0.778994619846344, 0.7707101702690125, 0.769637942314148, 0.7759133577346802, 0.7713877558708191];[0.03647138923406601, 0.029395319521427155, 0.03020336478948593, 0.030162181705236435, 0.031297989189624786, 0.031270865350961685, 0.03278211131691933, 0.031134149059653282, 0.03291509300470352, 0.032383229583501816, 0.02812434360384941, 0.027167897671461105, 0.033246371895074844, 0.030323240906000137, 0.03167097270488739, 0.026329688727855682, 0.030464619398117065, 0.028119157999753952, 0.029001502320170403, 0.025395898148417473, 0.03166636824607849, 0.02876894921064377, 0.02563677541911602, 0.026452094316482544, 0.02507385052740574, 0.025124404579401016, 0.033377595245838165, 0.024664996191859245, 0.026640640571713448, 0.030727574601769447, 0.024515919387340546];[-0.8433907628059387, -0.8088288903236389, -0.813886284828186, -0.8124815821647644, -0.8161880970001221, -0.8191165924072266, -0.8217533826828003, -0.8163974285125732, -0.8196151852607727, -0.8174305558204651, -0.8060991764068604, -0.8074401617050171, -0.8219080567359924, -0.8097298741340637, -0.8185054063796997, -0.8056033253669739, -0.8133541941642761, -0.8094644546508789, -0.8142482042312622, -0.7967186570167542, -0.8166759014129639, -0.8084996342658997, -0.8006827235221863, -0.8115092515945435, -0.7963125109672546, -0.7995327115058899, -0.8222070932388306, -0.7963899374008179, -0.801397442817688, -0.8144384622573853, -0.7967318892478943];[0.43164414167404175, 0.422605961561203, 0.41436997056007385, 0.4162008762359619, 0.44239476323127747, 0.42905858159065247, 0.420444518327713, 0.43202802538871765, 0.42607274651527405, 0.42164722084999084, 0.42077305912971497, 0.4301548898220062, 0.4339989721775055, 0.43218135833740234, 0.42645296454429626, 0.4605218768119812, 0.4111129939556122, 0.42724692821502686, 0.4449421465396881, 0.4281959533691406, 0.43535763025283813, 0.4075266718864441, 0.4361354112625122, 0.4195730984210968, 0.41424286365509033, 0.4313282370567322, 0.40341901779174805, 0.41547784209251404, 0.4155137240886688, 0.4173130989074707];1937.31787276268
2450;[0.7677467465400696, 0.7690026164054871, 0.76910799741745, 0.7685507535934448, 0.7780852913856506, 0.7709624171257019, 0.7759451866149902, 0.7744349241256714, 0.7805339694023132, 0.7766889929771423, 0.7767660617828369, 0.7717583179473877, 0.7766621708869934, 0.7772256135940552, 0.7758322358131409, 0.7764661908149719, 0.7823396325111389, 0.7834881544113159, 0.7842989563941956, 0.7769497036933899, 0.7753859758377075, 0.7830158472061157, 0.7795763611793518, 0.7821120619773865, 0.7757599353790283, 0.7898474931716919, 0.7753808498382568, 0.7801426649093628, 0.7840270400047302, 0.7879915237426758, 0.7895338535308838];[0.03293411433696747, 0.033190224319696426, 0.03499281406402588, 0.034706078469753265, 0.03985641524195671, 0.035187575966119766, 0.03827054053544998, 0.03506076708436012, 0.041444167494773865, 0.03549765795469284, 0.037657130509614944, 0.032556723803281784, 0.036632224917411804, 0.03686719387769699, 0.03471071645617485, 0.03696809336543083, 0.03950097784399986, 0.04238096624612808, 0.03909245505928993, 0.033663585782051086, 0.035840731114149094, 0.03870246931910515, 0.03869503736495972, 0.03487586975097656, 0.03490571305155754, 0.04232501611113548, 0.0322902575135231, 0.03782445192337036, 0.04308414086699486, 0.041403573006391525, 0.043537382036447525];[-0.8149830102920532, -0.8215987682342529, -0.8270468711853027, -0.8226367831230164, -0.8463387489318848, -0.8290100693702698, -0.8350879549980164, -0.8277615904808044, -0.8447853326797485, -0.8259426951408386, -0.8344467878341675, -0.8180955648422241, -0.8318881988525391, -0.833406388759613, -0.8371850252151489, -0.8301999568939209, -0.8377878665924072, -0.8475057482719421, -0.848631739616394, -0.8235051035881042, -0.8258007168769836, -0.8365339636802673, -0.8383376002311707, -0.827883243560791, -0.8267667889595032, -0.8463262319564819, -0.816667914390564, -0.8329867124557495, -0.8495403528213501, -0.8423746228218079, -0.8505598306655884];[0.4213055670261383, 0.4274562895298004, 0.4415290057659149, 0.4356720745563507, 0.45745038986206055, 0.45091375708580017, 0.42895615100860596, 0.439786821603775, 0.4297049939632416, 0.4322611689567566, 0.43164223432540894, 0.433626264333725, 0.43222159147262573, 0.4255991578102112, 0.413804292678833, 0.44311606884002686, 0.43294912576675415, 0.417708158493042, 0.41711777448654175, 0.43496817350387573, 0.4186480939388275, 0.40839090943336487, 0.4211495518684387, 0.42457684874534607, 0.4427897334098816, 0.42247289419174194, 0.41349300742149353, 0.4342542886734009, 0.4082866609096527, 0.43175411224365234];1969.418389081955
2500;[0.7785080671310425, 0.7742082476615906, 0.7715647220611572, 0.7810821533203125, 0.7717004418373108, 0.7726457715034485, 0.7725767493247986, 0.7777727842330933, 0.7838411927223206, 0.779758632183075, 0.7695953249931335, 0.7716063261032104, 0.774405300617218, 0.7743167281150818, 0.7739190459251404, 0.7702125906944275, 0.783370852470398, 0.7814880013465881, 0.7772105932235718, 0.7715781331062317, 0.7805347442626953, 0.7798288464546204, 0.7759353518486023, 0.7765711545944214, 0.7741532325744629, 0.789890468120575, 0.778046190738678, 0.779083251953125, 0.7910457849502563, 0.7773941159248352, 0.7865489721298218];[0.04087982326745987, 0.03507957607507706, 0.03199473023414612, 0.04013316333293915, 0.03324896842241287, 0.03484275937080383, 0.033067602664232254, 0.03701923415064812, 0.04221498593688011, 0.03995500132441521, 0.03186190873384476, 0.031850796192884445, 0.03428854048252106, 0.03375646471977234, 0.03341805934906006, 0.0340406559407711, 0.040380850434303284, 0.0361853763461113, 0.03611377254128456, 0.031296346336603165, 0.039376698434352875, 0.03911031410098076, 0.03663570061326027, 0.03681248426437378, 0.035398419946432114, 0.045433320105075836, 0.03644236922264099, 0.038004860281944275, 0.0430479422211647, 0.03554446995258331, 0.04094548150897026];[-0.8479679822921753, -0.8273093700408936, -0.8144770264625549, -0.8391461968421936, -0.8215254545211792, -0.8269346952438354, -0.8229572772979736, -0.8319337368011475, -0.8593649864196777, -0.8418154716491699, -0.8163354396820068, -0.8195846080780029, -0.8238305449485779, -0.825869083404541, -0.8217292428016663, -0.8241049647331238, -0.8474954962730408, -0.8299194574356079, -0.8307843208312988, -0.8168229460716248, -0.8414621949195862, -0.8432414531707764, -0.8344695568084717, -0.8305935263633728, -0.8271917700767517, -0.8575549721717834, -0.832222044467926, -0.8311741352081299, -0.8593729734420776, -0.8305337429046631, -0.8535996675491333];[0.4366789162158966, 0.4348040521144867, 0.44550567865371704, 0.40997374057769775, 0.4333649277687073, 0.43249213695526123, 0.42395877838134766, 0.43116480112075806, 0.4481348693370819, 0.4246101677417755, 0.44133344292640686, 0.4396442472934723, 0.4208071827888489, 0.4224977195262909, 0.4434688091278076, 0.44177061319351196, 0.4145985245704651, 0.4258066415786743, 0.4266495704650879, 0.41730308532714844, 0.42882129549980164, 0.43138960003852844, 0.444644033908844, 0.4217052161693573, 0.4206832945346832, 0.42868852615356445, 0.4258158802986145, 0.41776859760284424, 0.4454222023487091, 0.420989066362381];1948.6934547424316
2550;[0.77707839012146, 0.7769188284873962, 0.779011607170105, 0.7722159624099731, 0.7773354649543762, 0.7653079032897949, 0.7670245170593262, 0.7711671590805054, 0.7661890983581543, 0.7738449573516846, 0.7702991366386414, 0.7679810523986816, 0.7746009230613708, 0.779840350151062, 0.769046425819397, 0.7766035795211792, 0.7623758912086487, 0.7622420787811279, 0.773829460144043, 0.7668758630752563, 0.7685304880142212, 0.7652565240859985, 0.7680275440216064, 0.766707181930542, 0.7755200266838074, 0.7617842555046082, 0.7776147723197937, 0.7673519253730774, 0.7677575945854187, 0.7610471844673157, 0.7724158763885498];[0.03674916550517082, 0.03865911439061165, 0.0413653627038002, 0.035930801182985306, 0.04127269610762596, 0.029898960143327713, 0.028996547684073448, 0.031260471791028976, 0.02829054556787014, 0.03444788232445717, 0.031563807278871536, 0.028193041682243347, 0.03484668955206871, 0.03660271689295769, 0.029397783800959587, 0.0325150266289711, 0.023965083062648773, 0.024209586903452873, 0.03257568180561066, 0.027462726458907127, 0.028671057894825935, 0.025721559301018715, 0.028613056987524033, 0.02677922509610653, 0.03199274465441704, 0.021844498813152313, 0.03439575806260109, 0.028379999101161957, 0.026001079007983208, 0.019996371120214462, 0.028296416625380516];[-0.8327585458755493, -0.8343005776405334, -0.8421725034713745, -0.8327063322067261, -0.8424785137176514, -0.8141114115715027, -0.808070182800293, -0.8140690326690674, -0.805342435836792, -0.8255202174186707, -0.8158413767814636, -0.808218240737915, -0.8288043141365051, -0.8395314812660217, -0.8068614602088928, -0.8584104180335999, -0.7934433817863464, -0.7952636480331421, -0.8237819671630859, -0.8034748435020447, -0.8077229261398315, -0.8015016317367554, -0.812015950679779, -0.8040075898170471, -0.8162699937820435, -0.7879118919372559, -0.8389362692832947, -0.807823121547699, -0.7996405363082886, -0.7858155965805054, -0.8109623789787292];[0.4271676242351532, 0.4277048707008362, 0.40960556268692017, 0.4346615672111511, 0.42009198665618896, 0.42617103457450867, 0.4303569793701172, 0.42221328616142273, 0.44172632694244385, 0.43002381920814514, 0.4263467788696289, 0.4459177255630493, 0.4292759895324707, 0.43626996874809265, 0.43684062361717224, 0.4053764343261719, 0.4234348237514496, 0.42972904443740845, 0.42373549938201904, 0.444324791431427, 0.44273409247398376, 0.4205530881881714, 0.431303471326828, 0.4258926808834076, 0.43061181902885437, 0.42878931760787964, 0.41042470932006836, 0.4424470067024231, 0.46085789799690247, 0.42225369811058044];1971.629191160202
2600;[0.7680361866950989, 0.7756290435791016, 0.7765896320343018, 0.7695450186729431, 0.7718931436538696, 0.7684586644172668, 0.7776273488998413, 0.7679791450500488, 0.7653946876525879, 0.7703732252120972, 0.7717471122741699, 0.7715404629707336, 0.7752841711044312, 0.7704808712005615, 0.7676133513450623, 0.7686662077903748, 0.7633061408996582, 0.7608916759490967, 0.7674802541732788, 0.7677972912788391, 0.7739559412002563, 0.7730470299720764, 0.7713713645935059, 0.765714168548584, 0.7717206478118896, 0.7676241993904114, 0.7777294516563416, 0.7638449668884277, 0.7719308137893677, 0.7679508924484253, 0.7725087404251099];[0.033960726112127304, 0.03891768306493759, 0.039304934442043304, 0.03239526227116585, 0.03531213104724884, 0.029213322326540947, 0.0376308374106884, 0.03278670832514763, 0.03172014281153679, 0.031593725085258484, 0.031831447035074234, 0.03713114187121391, 0.03715180978178978, 0.03296218067407608, 0.02997356653213501, 0.03269989416003227, 0.026544317603111267, 0.026202859356999397, 0.029997162520885468, 0.030496984720230103, 0.036878377199172974, 0.033677343279123306, 0.03451807424426079, 0.02901327796280384, 0.03362593427300453, 0.03350621461868286, 0.03983527049422264, 0.02888651192188263, 0.03417671099305153, 0.03136938065290451, 0.03329836577177048];[-0.8221240639686584, -0.8365627527236938, -0.8410834074020386, -0.8186745047569275, -0.8274251818656921, -0.8107503056526184, -0.8390989899635315, -0.840377926826477, -0.8132544755935669, -0.8190768957138062, -0.8161654472351074, -0.8548814058303833, -0.8436441421508789, -0.8255149126052856, -0.8130201697349548, -0.8232006430625916, -0.803837776184082, -0.8014622330665588, -0.8117592930793762, -0.8156899213790894, -0.8309651613235474, -0.8274573683738708, -0.8258277773857117, -0.8089472651481628, -0.8216568827629089, -0.8205602765083313, -0.84759521484375, -0.8091214895248413, -0.824498176574707, -0.8149868249893188, -0.821435809135437];[0.43485355377197266, 0.42771288752555847, 0.4337637722492218, 0.447038471698761, 0.4534127414226532, 0.4368855357170105, 0.4407423734664917, 0.43525201082229614, 0.43527695536613464, 0.4292587339878082, 0.4362422823905945, 0.44017651677131653, 0.4334316849708557, 0.4409114718437195, 0.4245133697986603, 0.43097227811813354, 0.43282249569892883, 0.43237847089767456, 0.4536101222038269, 0.44789111614227295, 0.43725088238716125, 0.42635419964790344, 0.42680782079696655, 0.436570405960083, 0.4719482958316803, 0.4503180682659149, 0.43199002742767334, 0.439985066652298, 0.46555107831954956, 0.44282376766204834];1923.741185426712
2650;[0.7740353941917419, 0.7796701788902283, 0.7785449624061584, 0.7684533596038818, 0.7665684819221497, 0.7660322189331055, 0.7732787728309631, 0.7767928242683411, 0.782068133354187, 0.7686846256256104, 0.7749167680740356, 0.7735642790794373, 0.7728323936462402, 0.7790836095809937, 0.7811606526374817, 0.7735870480537415, 0.7788465023040771, 0.7841202616691589, 0.7817243933677673, 0.7774617671966553, 0.784654974937439, 0.7813036441802979, 0.7747531533241272, 0.7698949575424194, 0.7773008346557617, 0.789520263671875, 0.7740452885627747, 0.7751793265342712, 0.7837899923324585, 0.7857237458229065, 0.7770798802375793];[0.03320349007844925, 0.04463178664445877, 0.039324626326560974, 0.03073975071310997, 0.029718276113271713, 0.029057158157229424, 0.03347798064351082, 0.035592399537563324, 0.03913458436727524, 0.03034290298819542, 0.03259729593992233, 0.03208059072494507, 0.031234806403517723, 0.035489678382873535, 0.03539351001381874, 0.030755236744880676, 0.03368080034852028, 0.03719158098101616, 0.038617465645074844, 0.0325423963367939, 0.03794034197926521, 0.036092936992645264, 0.0313284769654274, 0.025515589863061905, 0.030485739931464195, 0.04029477387666702, 0.028700493276119232, 0.029225146397948265, 0.03637760505080223, 0.0387122817337513, 0.03071109764277935];[-0.8250634670257568, -0.860245943069458, -0.837817370891571, -0.8136665225028992, -0.811021089553833, -0.8094364404678345, -0.8215638399124146, -0.8311092257499695, -0.8492481112480164, -0.8125016093254089, -0.81923508644104, -0.8170353174209595, -0.814168393611908, -0.8283292651176453, -0.8274742364883423, -0.8170291781425476, -0.8313072919845581, -0.8347042202949524, -0.8440117239952087, -0.8188289999961853, -0.8374685049057007, -0.8267544507980347, -0.815708577632904, -0.7976217269897461, -0.8160791397094727, -0.8374737501144409, -0.8065024614334106, -0.8107537627220154, -0.8448538780212402, -0.8368064165115356, -0.8161033987998962];[0.43896475434303284, 0.4350545406341553, 0.4230833351612091, 0.43574345111846924, 0.40639352798461914, 0.4317791163921356, 0.4325798749923706, 0.4344102144241333, 0.4284062385559082, 0.452754408121109, 0.41627368330955505, 0.39954110980033875, 0.4403841197490692, 0.4250921905040741, 0.42031362652778625, 0.41186806559562683, 0.41250380873680115, 0.40756359696388245, 0.43376943469047546, 0.40641507506370544, 0.4235900044441223, 0.40743008255958557, 0.4089530408382416, 0.46280840039253235, 0.40545687079429626, 0.4073564112186432, 0.43069544434547424, 0.4121682643890381, 0.4067069888114929, 0.4010636806488037];1942.9431331157684
2700;[0.7685233950614929, 0.7784858345985413, 0.7660492062568665, 0.7735007405281067, 0.7763723134994507, 0.7753260731697083, 0.7706630229949951, 0.7702804207801819, 0.7824605107307434, 0.7770427465438843, 0.780344545841217, 0.7731277346611023, 0.7731075286865234, 0.7782785296440125, 0.7725269794464111, 0.7781683206558228, 0.7707088589668274, 0.7718260884284973, 0.7740764021873474, 0.7774317860603333, 0.7748277187347412, 0.7749835252761841, 0.7738270163536072, 0.7763149738311768, 0.7754696607589722, 0.7840704917907715, 0.7796684503555298, 0.7779086232185364, 0.775080680847168, 0.785434365272522, 0.7839970588684082];[0.03286826238036156, 0.040852949023246765, 0.02916797623038292, 0.03327476978302002, 0.03799447417259216, 0.0362071767449379, 0.03243441879749298, 0.032023701816797256, 0.042389776557683945, 0.0384596586227417, 0.03809399902820587, 0.03347310051321983, 0.03441019356250763, 0.03691963106393814, 0.034137461334466934, 0.03452570363879204, 0.03197919577360153, 0.031118331477046013, 0.030868103727698326, 0.033718083053827286, 0.03285004943609238, 0.03212450444698334, 0.02967050112783909, 0.03293799236416817, 0.029607396572828293, 0.038499053567647934, 0.03482672572135925, 0.033264242112636566, 0.03064524009823799, 0.03938359394669533, 0.037362296134233475];[-0.8173689842224121, -0.8486724495887756, -0.8084796071052551, -0.8217033743858337, -0.8372166156768799, -0.8327617645263672, -0.8172817230224609, -0.8215019702911377, -0.8610559701919556, -0.8357858061790466, -0.834740400314331, -0.8252698183059692, -0.8237415552139282, -0.8292453289031982, -0.8213754892349243, -0.8281024694442749, -0.8153811097145081, -0.8128618597984314, -0.8133584260940552, -0.8222529292106628, -0.8211550712585449, -0.8200705051422119, -0.8124433755874634, -0.8241317272186279, -0.8098739981651306, -0.8408570885658264, -0.8244880437850952, -0.8280016183853149, -0.8148863315582275, -0.8399495482444763, -0.8421019911766052];[0.42999887466430664, 0.45420005917549133, 0.44702425599098206, 0.46028953790664673, 0.4358673393726349, 0.43529263138771057, 0.4442657232284546, 0.4301545321941376, 0.42439746856689453, 0.41847753524780273, 0.45736968517303467, 0.41880953311920166, 0.42448726296424866, 0.4444293975830078, 0.41843199729919434, 0.42128920555114746, 0.45084673166275024, 0.4115537703037262, 0.4165439009666443, 0.44140657782554626, 0.4101579189300537, 0.41744139790534973, 0.41550254821777344, 0.4111604392528534, 0.4260859787464142, 0.4198366701602936, 0.40088745951652527, 0.42881152033805847, 0.423306941986084, 0.3963780403137207];1931.0109508037567
2750;[0.7686010599136353, 0.7784078121185303, 0.7739588618278503, 0.7832514643669128, 0.778532087802887, 0.7720040678977966, 0.7784222364425659, 0.7782614231109619, 0.7789064645767212, 0.7814795970916748, 0.7780271768569946, 0.770598292350769, 0.7847121953964233, 0.7881424427032471, 0.7744497060775757, 0.7772523760795593, 0.7751795053482056, 0.780363142490387, 0.7893737554550171, 0.7783050537109375, 0.7865508198738098, 0.7828903794288635, 0.7910105586051941, 0.780975341796875, 0.7881628274917603, 0.7825378775596619, 0.7786125540733337, 0.7898080348968506, 0.7798663973808289, 0.7884714007377625, 0.795677125453949];[0.033337730914354324, 0.04055013135075569, 0.03925240412354469, 0.04431823268532753, 0.040597062557935715, 0.03426924720406532, 0.040787868201732635, 0.03814631700515747, 0.03656763583421707, 0.04076489806175232, 0.03802826255559921, 0.03470177575945854, 0.04561993107199669, 0.0469171516597271, 0.03647097572684288, 0.03666921332478523, 0.03624952957034111, 0.039624523371458054, 0.0436239019036293, 0.038651254028081894, 0.04240328446030617, 0.04116706922650337, 0.045312490314245224, 0.03522154688835144, 0.041334062814712524, 0.03875982016324997, 0.03575430437922478, 0.047174155712127686, 0.035463541746139526, 0.04260556027293205, 0.0459732785820961];[-0.8176805973052979, -0.8572117686271667, -0.8413256406784058, -0.8527488112449646, -0.8370533585548401, -0.8408573269844055, -0.8430018424987793, -0.8363831639289856, -0.8313080668449402, -0.8453826904296875, -0.8353421092033386, -0.8244451284408569, -0.8560183644294739, -0.8621424436569214, -0.8267971277236938, -0.8325327634811401, -0.8311871886253357, -0.8426869511604309, -0.8498083353042603, -0.8327142596244812, -0.8465085029602051, -0.840348482131958, -0.8608552813529968, -0.8274716138839722, -0.8456267714500427, -0.8361451625823975, -0.8320192694664001, -0.8654845356941223, -0.8283286094665527, -0.8504802584648132, -0.8757064938545227];[0.4319007694721222, 0.4350146949291229, 0.45085233449935913, 0.40294700860977173, 0.43723833560943604, 0.44024571776390076, 0.4193073809146881, 0.4105024039745331, 0.4236408770084381, 0.43521949648857117, 0.444042831659317, 0.4373193383216858, 0.4311457872390747, 0.43338340520858765, 0.4020407795906067, 0.44395795464515686, 0.42111387848854065, 0.43347617983818054, 0.4421229958534241, 0.45883890986442566, 0.4214964807033539, 0.41523897647857666, 0.4224858283996582, 0.43942978978157043, 0.4545441269874573, 0.4350886344909668, 0.41819027066230774, 0.43622535467147827, 0.4245058000087738, 0.4190240800380707];1952.0365223884583
2800;[0.7688477039337158, 0.7691584825515747, 0.7819247245788574, 0.7709070444107056, 0.7733148336410522, 0.7689904570579529, 0.7690407633781433, 0.7701228260993958, 0.7740025520324707, 0.7726596593856812, 0.7705363035202026, 0.7686495184898376, 0.7668803334236145, 0.7727862596511841, 0.7670543193817139, 0.7762933969497681, 0.7683064937591553, 0.7673866152763367, 0.768576443195343, 0.7649140357971191, 0.7743711471557617, 0.7745376825332642, 0.7679449319839478, 0.7760413885116577, 0.7722671627998352, 0.7688978314399719, 0.7691214680671692, 0.7650922536849976, 0.7669470310211182, 0.7665020823478699, 0.7640770673751831];[0.030676502734422684, 0.035411983728408813, 0.0419854037463665, 0.03404606878757477, 0.035185448825359344, 0.03082375042140484, 0.03360478952527046, 0.03246733173727989, 0.03600999340415001, 0.03551177680492401, 0.03258093446493149, 0.03187427297234535, 0.027559978887438774, 0.03161121532320976, 0.03159552067518234, 0.03413179889321327, 0.03008130192756653, 0.029623502865433693, 0.028193805366754532, 0.027040861546993256, 0.033236466348171234, 0.03531049191951752, 0.02785446122288704, 0.035664819180965424, 0.030943244695663452, 0.029101058840751648, 0.029148666188120842, 0.02545713633298874, 0.027437269687652588, 0.024301357567310333, 0.02446996420621872];[-0.8194093108177185, -0.8289963006973267, -0.8528323173522949, -0.8212951421737671, -0.8295125365257263, -0.8158496022224426, -0.8229604959487915, -0.820101261138916, -0.8360965251922607, -0.8301170468330383, -0.8157698512077332, -0.8212996125221252, -0.8077589273452759, -0.81727534532547, -0.8141408562660217, -0.8210024833679199, -0.8108696341514587, -0.8140317797660828, -0.8074395060539246, -0.8021842241287231, -0.8218057751655579, -0.8297002911567688, -0.806509256362915, -0.8333971500396729, -0.8133940696716309, -0.8110857009887695, -0.8106860518455505, -0.7959645986557007, -0.8062648177146912, -0.7975701093673706, -0.7975595593452454];[0.4288221299648285, 0.42777591943740845, 0.443053662776947, 0.4267958998680115, 0.44342508912086487, 0.42341044545173645, 0.43631836771965027, 0.423122376203537, 0.4327109456062317, 0.43503373861312866, 0.4384899437427521, 0.42816102504730225, 0.44300830364227295, 0.42430585622787476, 0.404905766248703, 0.4419157803058624, 0.4408668875694275, 0.4260847568511963, 0.44528061151504517, 0.43131938576698303, 0.43477821350097656, 0.4478996992111206, 0.44213637709617615, 0.4273998439311981, 0.4467112421989441, 0.45050257444381714, 0.4279036521911621, 0.43510526418685913, 0.4373920261859894, 0.44147899746894836];1941.708536863327
2850;[0.7697654366493225, 0.7722345590591431, 0.7664762139320374, 0.7662924528121948, 0.7766292691230774, 0.7678860425949097, 0.7717582583427429, 0.7784316539764404, 0.7733859419822693, 0.7683929800987244, 0.7745489478111267, 0.7705358862876892, 0.7799117565155029, 0.7688294053077698, 0.7720692157745361, 0.7729037404060364, 0.7793745398521423, 0.7771772742271423, 0.7704237699508667, 0.7780798673629761, 0.7755089998245239, 0.7729806303977966, 0.7791538238525391, 0.7700554728507996, 0.7749547958374023, 0.7755686044692993, 0.7733314037322998, 0.7800559401512146, 0.7735466361045837, 0.7769566774368286, 0.7707266807556152];[0.0327116996049881, 0.03535713255405426, 0.030555861070752144, 0.030090201646089554, 0.037215910851955414, 0.03127366676926613, 0.03308520466089249, 0.03897622227668762, 0.03620576858520508, 0.029781121760606766, 0.03438005596399307, 0.031445711851119995, 0.03848295286297798, 0.03198857977986336, 0.03314249962568283, 0.03211476281285286, 0.035036150366067886, 0.03740070387721062, 0.031077641993761063, 0.034849829971790314, 0.03337125480175018, 0.030013728886842728, 0.036905545741319656, 0.02741006389260292, 0.030231399461627007, 0.03460318595170975, 0.03168218210339546, 0.03563398867845535, 0.03234116733074188, 0.034991465508937836, 0.029857076704502106];[-0.8201571106910706, -0.8347635865211487, -0.8123621940612793, -0.8119931817054749, -0.8316599130630493, -0.8135576844215393, -0.8232752084732056, -0.8403275012969971, -0.8360192179679871, -0.8076258301734924, -0.8254377245903015, -0.817106306552887, -0.8340622186660767, -0.8166463375091553, -0.8325522541999817, -0.8175094127655029, -0.8521886467933655, -0.8405978679656982, -0.8137919902801514, -0.8288830518722534, -0.82490473985672, -0.8122208118438721, -0.8331831097602844, -0.8031670451164246, -0.8133177161216736, -0.8224402070045471, -0.815872848033905, -0.8326109051704407, -0.8185898661613464, -0.827683687210083, -0.81456059217453];[0.4413687586784363, 0.4255678653717041, 0.43438681960105896, 0.4201616644859314, 0.43169814348220825, 0.43933090567588806, 0.4405130445957184, 0.427386999130249, 0.42214179039001465, 0.42882847785949707, 0.4276145398616791, 0.4211631417274475, 0.42770737409591675, 0.46148213744163513, 0.425327330827713, 0.42505186796188354, 0.42195263504981995, 0.42222315073013306, 0.4312559962272644, 0.4383777379989624, 0.4473664164543152, 0.4287247955799103, 0.4171984791755676, 0.4197714328765869, 0.4346681237220764, 0.40731626749038696, 0.4224734902381897, 0.428370863199234, 0.4532485902309418, 0.4255433678627014];1937.8478863239288
2900;[0.7813458442687988, 0.7732750177383423, 0.7703379988670349, 0.7729229927062988, 0.7752255201339722, 0.7733256220817566, 0.7676130533218384, 0.7648493051528931, 0.7741265296936035, 0.7728477716445923, 0.7669452428817749, 0.7701944708824158, 0.7661752104759216, 0.7708690166473389, 0.7666289806365967, 0.7710645794868469, 0.7711398601531982, 0.7713425159454346, 0.7697604894638062, 0.7699748277664185, 0.7736182808876038, 0.7671670913696289, 0.7713440656661987, 0.7659010887145996, 0.7714481353759766, 0.7683814167976379, 0.771633505821228, 0.7707249522209167, 0.7628777027130127, 0.7727739214897156, 0.7631825804710388];[0.040740303695201874, 0.03553948923945427, 0.031247064471244812, 0.03321206197142601, 0.03847726806998253, 0.03448813408613205, 0.030911030247807503, 0.02947893552482128, 0.03263053297996521, 0.03331401199102402, 0.030867181718349457, 0.03057439811527729, 0.02795284241437912, 0.030627043917775154, 0.028954334557056427, 0.027558911591768265, 0.029643531888723373, 0.032002899795770645, 0.03030632808804512, 0.030769474804401398, 0.033866822719573975, 0.03045494854450226, 0.031270842999219894, 0.029058584943413734, 0.02867974527180195, 0.026544999331235886, 0.029274877160787582, 0.029009489342570305, 0.02563663013279438, 0.033346835523843765, 0.024924499914050102];[-0.8474368453025818, -0.8299875855445862, -0.8130647540092468, -0.8220475912094116, -0.8355745673179626, -0.8284794092178345, -0.8123045563697815, -0.8121419548988342, -0.8203790187835693, -0.8187557458877563, -0.8108649849891663, -0.8180862665176392, -0.8054577708244324, -0.8162797093391418, -0.8136430978775024, -0.8078694343566895, -0.8113839030265808, -0.8206372261047363, -0.8148472905158997, -0.8160042762756348, -0.8201183080673218, -0.8126655220985413, -0.8143855333328247, -0.8107209205627441, -0.8121347427368164, -0.8037355542182922, -0.8084170818328857, -0.80958092212677, -0.8012926578521729, -0.8225680589675903, -0.8001196384429932];[0.45235511660575867, 0.43192294239997864, 0.432323157787323, 0.4184422791004181, 0.4478625953197479, 0.42625635862350464, 0.42508116364479065, 0.4400143027305603, 0.43494531512260437, 0.4405350089073181, 0.45708876848220825, 0.4158499538898468, 0.42646661400794983, 0.4175281226634979, 0.44331231713294983, 0.4252777397632599, 0.43610161542892456, 0.44325587153434753, 0.42869922518730164, 0.4384433627128601, 0.43121856451034546, 0.4296732544898987, 0.4306623935699463, 0.4241306185722351, 0.421397864818573, 0.41475605964660645, 0.4391857981681824, 0.4479193389415741, 0.4205248951911926, 0.4184401333332062];1932.364379644394
2950;[0.7813006639480591, 0.7702988386154175, 0.768846333026886, 0.7735986709594727, 0.7806529998779297, 0.7750666737556458, 0.7749494314193726, 0.7794120907783508, 0.7800562381744385, 0.7807254195213318, 0.7878587245941162, 0.7884404063224792, 0.7811926603317261, 0.7790900468826294, 0.7788731455802917, 0.7851848602294922, 0.7795105576515198, 0.7847345471382141, 0.7862939238548279, 0.7895718812942505, 0.7844740152359009, 0.7827960848808289, 0.78167325258255, 0.7887427806854248, 0.7885768413543701, 0.7979623079299927, 0.782421350479126, 0.7881209850311279, 0.7821078896522522, 0.7901154160499573, 0.7924405336380005];[0.04249199479818344, 0.03516770899295807, 0.03418004512786865, 0.03753739595413208, 0.04216460511088371, 0.03800688683986664, 0.03638743236660957, 0.04174233600497246, 0.040456440299749374, 0.04014810547232628, 0.04535764828324318, 0.0439460426568985, 0.03690566122531891, 0.035070858895778656, 0.041234876960515976, 0.04018785431981087, 0.037259381264448166, 0.0422113835811615, 0.04415778070688248, 0.04496772587299347, 0.038618188351392746, 0.039497021585702896, 0.038466040045022964, 0.04402512311935425, 0.042108651250600815, 0.0509156733751297, 0.039774034172296524, 0.04297386482357979, 0.038474250584840775, 0.039583541452884674, 0.04618193954229355];[-0.8564563393592834, -0.8298222422599792, -0.8230603933334351, -0.8358544111251831, -0.8504302501678467, -0.8356251120567322, -0.8339956998825073, -0.8461593389511108, -0.8451894521713257, -0.8391580581665039, -0.8612486124038696, -0.8713840842247009, -0.8313173055648804, -0.8307735323905945, -0.8464988470077515, -0.8550196290016174, -0.8317462205886841, -0.8477264642715454, -0.8585542440414429, -0.8593273162841797, -0.8410865068435669, -0.839512825012207, -0.8379889726638794, -0.8521926403045654, -0.8495752215385437, -0.879072904586792, -0.8412732481956482, -0.8557767271995544, -0.8357638716697693, -0.8401908278465271, -0.8573036789894104];[0.4796049892902374, 0.4564640522003174, 0.4270043969154358, 0.42072826623916626, 0.4356372654438019, 0.45967963337898254, 0.438323050737381, 0.4471069872379303, 0.43606314063072205, 0.4198516607284546, 0.4217616617679596, 0.4279381334781647, 0.4448528289794922, 0.4237293004989624, 0.4146724045276642, 0.4181349575519562, 0.41124531626701355, 0.41294896602630615, 0.4066877067089081, 0.42503634095191956, 0.4208160638809204, 0.4166237711906433, 0.40491119027137756, 0.4193150997161865, 0.39109256863594055, 0.41695693135261536, 0.3962767422199249, 0.40570956468582153, 0.38038116693496704, 0.40966424345970154];1947.6541085243225
3000;[0.7795382142066956, 0.7758412957191467, 0.7725546956062317, 0.7707929015159607, 0.7728055715560913, 0.7831900119781494, 0.7708695530891418, 0.7705044150352478, 0.7729306221008301, 0.7766686081886292, 0.7741466164588928, 0.7754012942314148, 0.7707038521766663, 0.780470609664917, 0.7779672741889954, 0.7768670916557312, 0.7694894075393677, 0.7775726318359375, 0.7691641449928284, 0.7769989967346191, 0.7743556499481201, 0.7778224349021912, 0.7808343768119812, 0.773245096206665, 0.7807948589324951, 0.7847512364387512, 0.7833338975906372, 0.7955722808837891, 0.7821164727210999, 0.7832841873168945, 0.784028947353363];[0.038465727120637894, 0.036378342658281326, 0.03439920395612717, 0.03224963694810867, 0.03339746594429016, 0.0406193733215332, 0.03411483019590378, 0.03146331384778023, 0.031693510711193085, 0.03575120493769646, 0.03357682377099991, 0.03201622515916824, 0.03223802149295807, 0.03525461256504059, 0.031735483556985855, 0.0326383002102375, 0.028842799365520477, 0.032869696617126465, 0.027595562860369682, 0.032597560435533524, 0.03196443244814873, 0.031446970999240875, 0.03420660272240639, 0.028958674520254135, 0.03483600914478302, 0.03716360777616501, 0.037948936223983765, 0.045849043875932693, 0.031468458473682404, 0.033363327383995056, 0.03491934761404991];[-0.8446155786514282, -0.8278798460960388, -0.8250769376754761, -0.8158048391342163, -0.8203231692314148, -0.8532307744026184, -0.8225545287132263, -0.8159838318824768, -0.8162232637405396, -0.8333445191383362, -0.8231195211410522, -0.8172110319137573, -0.8172209858894348, -0.8393645286560059, -0.8171820044517517, -0.8188323974609375, -0.8064993023872375, -0.8244249224662781, -0.8047869801521301, -0.8187894225120544, -0.8196136355400085, -0.8200214505195618, -0.8228028416633606, -0.8090148568153381, -0.8248054385185242, -0.8314936757087708, -0.8304944038391113, -0.859369695186615, -0.819875180721283, -0.8226655125617981, -0.8270638585090637];[0.4387519955635071, 0.41671285033226013, 0.4291093647480011, 0.4277094304561615, 0.4321995675563812, 0.3908630311489105, 0.4123707115650177, 0.4162379801273346, 0.4291881322860718, 0.4106447696685791, 0.43075108528137207, 0.44175878167152405, 0.41728541254997253, 0.4223853051662445, 0.423037052154541, 0.4394172728061676, 0.40791699290275574, 0.41650956869125366, 0.41978663206100464, 0.408019483089447, 0.41296783089637756, 0.413485050201416, 0.4085521399974823, 0.4033661484718323, 0.4279273450374603, 0.4162161648273468, 0.3695578873157501, 0.4158231019973755, 0.4060623347759247, 0.39586693048477173];1933.064814567566
3050;[0.771178126335144, 0.7689964175224304, 0.7700061798095703, 0.7765432596206665, 0.7733743786811829, 0.7752216458320618, 0.7791124582290649, 0.7822829484939575, 0.7666378617286682, 0.7781322598457336, 0.7681446075439453, 0.7731233239173889, 0.7743335962295532, 0.7742146849632263, 0.7737787961959839, 0.7683307528495789, 0.7786610722541809, 0.7736017107963562, 0.7840337157249451, 0.7770028114318848, 0.7711167931556702, 0.7795208692550659, 0.7729195356369019, 0.7873049974441528, 0.7914777994155884, 0.7777074575424194, 0.7795125842094421, 0.7855226993560791, 0.7820010781288147, 0.7832524180412292, 0.7810396552085876];[0.0329926535487175, 0.03436693921685219, 0.036125361919403076, 0.039617426693439484, 0.034461021423339844, 0.03663446754217148, 0.035803068429231644, 0.038716115057468414, 0.025804447010159492, 0.035854700952768326, 0.027725573629140854, 0.030292289331555367, 0.031963005661964417, 0.03065914660692215, 0.030089620500802994, 0.028877563774585724, 0.033991746604442596, 0.032116468995809555, 0.03889061138033867, 0.03143179789185524, 0.028193695470690727, 0.035218581557273865, 0.030039222911000252, 0.038708120584487915, 0.04581063240766525, 0.03246406093239784, 0.03361727297306061, 0.03882636874914169, 0.03434359282255173, 0.0367751307785511, 0.037601251155138016];[-0.82136070728302, -0.8234796524047852, -0.8257848024368286, -0.8421145677566528, -0.8243626356124878, -0.8302357196807861, -0.8271647691726685, -0.848375141620636, -0.7990227341651917, -0.830666720867157, -0.8074313998222351, -0.8115999698638916, -0.8176647424697876, -0.8153620362281799, -0.8138653635978699, -0.8107691407203674, -0.8311609029769897, -0.8168736696243286, -0.8447232842445374, -0.817539393901825, -0.8064860701560974, -0.8298384547233582, -0.8134490847587585, -0.8360079526901245, -0.8680974841117859, -0.8276955485343933, -0.8231276273727417, -0.8385761976242065, -0.8255459666252136, -0.8332865238189697, -0.8353814482688904];[0.43015068769454956, 0.4281151294708252, 0.41696152091026306, 0.42539048194885254, 0.4130565822124481, 0.42148521542549133, 0.4229615330696106, 0.4404918849468231, 0.4204529821872711, 0.4286274313926697, 0.40955108404159546, 0.42595410346984863, 0.4113209843635559, 0.4075296223163605, 0.4063466191291809, 0.4165591895580292, 0.4138334393501282, 0.4225790500640869, 0.40830525755882263, 0.4410441815853119, 0.4192225933074951, 0.4100703001022339, 0.4128902852535248, 0.40217354893684387, 0.424655944108963, 0.4453750550746918, 0.4012215733528137, 0.4082721769809723, 0.40539446473121643, 0.40829282999038696];1935.0023329257965
3100;[0.7692521810531616, 0.771922767162323, 0.7748001217842102, 0.7716911435127258, 0.7728118896484375, 0.7794451713562012, 0.7783483862876892, 0.7841761112213135, 0.7762868404388428, 0.7753109931945801, 0.771557629108429, 0.7851507663726807, 0.7762430310249329, 0.7750445008277893, 0.7840648293495178, 0.7785077095031738, 0.7864194512367249, 0.7888420224189758, 0.785391628742218, 0.7916247844696045, 0.7833968997001648, 0.7855805158615112, 0.7849050164222717, 0.7878586053848267, 0.7862055897712708, 0.7843053936958313, 0.7916434407234192, 0.7859558463096619, 0.7906887531280518, 0.7934297919273376, 0.7890195250511169];[0.0324285514652729, 0.03552544116973877, 0.037918511778116226, 0.03484688326716423, 0.03508846461772919, 0.039600830525159836, 0.03641437366604805, 0.0406174398958683, 0.035459328442811966, 0.0352964773774147, 0.031509678810834885, 0.045645274221897125, 0.03560332581400871, 0.03383955359458923, 0.04235973209142685, 0.03703926131129265, 0.04276253283023834, 0.043441399931907654, 0.04096688702702522, 0.047399941831827164, 0.04011666029691696, 0.04362672567367554, 0.0405612513422966, 0.04291599616408348, 0.04053613916039467, 0.038654476404190063, 0.04149030148983002, 0.04194875806570053, 0.0452050045132637, 0.0473838746547699, 0.04005753621459007];[-0.8188472390174866, -0.828672468662262, -0.8346001505851746, -0.8245523571968079, -0.825163722038269, -0.8411471843719482, -0.8308402895927429, -0.8551246523857117, -0.8272161483764648, -0.8301055431365967, -0.8145302534103394, -0.8643858432769775, -0.8286998271942139, -0.8231959342956543, -0.8434032201766968, -0.8294722437858582, -0.8492974638938904, -0.856049656867981, -0.8459375500679016, -0.8708590269088745, -0.8409751653671265, -0.8527294993400574, -0.8448953032493591, -0.8481429219245911, -0.84224534034729, -0.8385462164878845, -0.8479059338569641, -0.8508623242378235, -0.8601431846618652, -0.8695179224014282, -0.8440359830856323];[0.4495922327041626, 0.4155499041080475, 0.4237842261791229, 0.43178558349609375, 0.4360836446285248, 0.43572571873664856, 0.4312049448490143, 0.4538756310939789, 0.41848158836364746, 0.42152753472328186, 0.430033802986145, 0.4188593626022339, 0.4698418378829956, 0.4282788634300232, 0.4183448851108551, 0.4278773069381714, 0.4151180684566498, 0.4466007351875305, 0.40699058771133423, 0.4583355486392975, 0.4122246205806732, 0.4371199309825897, 0.42045068740844727, 0.41835346817970276, 0.42261919379234314, 0.4056432247161865, 0.4347006380558014, 0.405590295791626, 0.4321003556251526, 0.43575721979141235];1944.5904688835144
3150;[0.7777324914932251, 0.7767019271850586, 0.7717435359954834, 0.7765599489212036, 0.7750428318977356, 0.7765551805496216, 0.7706763744354248, 0.7684121131896973, 0.7852619290351868, 0.7772077322006226, 0.7719642519950867, 0.7638439536094666, 0.786014199256897, 0.7749635577201843, 0.7802538871765137, 0.7748776078224182, 0.7766918540000916, 0.7764912247657776, 0.7884253859519958, 0.7839211821556091, 0.7845146059989929, 0.7896158695220947, 0.7840652465820312, 0.7808228731155396, 0.7893469929695129, 0.7812848091125488, 0.7819687128067017, 0.7721680998802185, 0.7770990133285522, 0.7884761691093445, 0.7855700254440308];[0.03830850496888161, 0.040693093091249466, 0.03457054868340492, 0.03957805782556534, 0.03824829310178757, 0.03742576763033867, 0.031937431544065475, 0.03173738345503807, 0.04346321150660515, 0.03584142029285431, 0.032348405569791794, 0.027027957141399384, 0.040190499275922775, 0.0331173874437809, 0.03613116219639778, 0.031646206974983215, 0.031756721436977386, 0.03560981899499893, 0.039535608142614365, 0.03487926349043846, 0.03812863677740097, 0.04401576891541481, 0.03984440490603447, 0.03477027267217636, 0.04068246856331825, 0.036022983491420746, 0.03589000552892685, 0.026487242430448532, 0.03144296258687973, 0.04044627770781517, 0.03704965114593506];[-0.836405873298645, -0.8452082276344299, -0.8280672430992126, -0.8402199149131775, -0.82843017578125, -0.8327648043632507, -0.8226955533027649, -0.8154440522193909, -0.8558706045150757, -0.8299996256828308, -0.8198239207267761, -0.8046289086341858, -0.8441766500473022, -0.8212617039680481, -0.8266710638999939, -0.8144145607948303, -0.8163641691207886, -0.8292873501777649, -0.8403469324111938, -0.8288713693618774, -0.8372291326522827, -0.8533316254615784, -0.8391232490539551, -0.8215104937553406, -0.8408346772193909, -0.8357564210891724, -0.8386958241462708, -0.8038950562477112, -0.8167661428451538, -0.8430202007293701, -0.8328200578689575];[0.4473910629749298, 0.4415799677371979, 0.42646026611328125, 0.4152284264564514, 0.39423951506614685, 0.4504301846027374, 0.42990556359291077, 0.44868773221969604, 0.44706445932388306, 0.42079487442970276, 0.41377851366996765, 0.42528364062309265, 0.4204896092414856, 0.4161958396434784, 0.42370864748954773, 0.4339396357536316, 0.4001341760158539, 0.4205734431743622, 0.4152468144893646, 0.4090580344200134, 0.4341822862625122, 0.41576406359672546, 0.41474688053131104, 0.41040459275245667, 0.403246134519577, 0.4244515597820282, 0.4110482931137085, 0.4068034887313843, 0.4094330668449402, 0.4167499542236328];1939.0768249034882
3200;[0.7738699316978455, 0.769858717918396, 0.7723174095153809, 0.7682834267616272, 0.7818887829780579, 0.7733219861984253, 0.7744747400283813, 0.7678838968276978, 0.7884153723716736, 0.7692397236824036, 0.768919050693512, 0.7730244398117065, 0.7667442560195923, 0.7665053606033325, 0.7758001089096069, 0.7794262766838074, 0.7759484648704529, 0.7708660960197449, 0.7737966775894165, 0.7727490067481995, 0.767738938331604, 0.7714608907699585, 0.7727031111717224, 0.7748554348945618, 0.7688316702842712, 0.7685771584510803, 0.7727293968200684, 0.7694351077079773, 0.7701749205589294, 0.7674313187599182, 0.7769820690155029];[0.03582867607474327, 0.03303792327642441, 0.032335761934518814, 0.0304518211632967, 0.04187436029314995, 0.036302465945482254, 0.036695074290037155, 0.03321179002523422, 0.04699181765317917, 0.030013205483555794, 0.030551237985491753, 0.0313485749065876, 0.028712844476103783, 0.027555737644433975, 0.032368894666433334, 0.03505386412143707, 0.034075912088155746, 0.027257321402430534, 0.031258437782526016, 0.03008919581770897, 0.02815937250852585, 0.029971418902277946, 0.028613992035388947, 0.029667191207408905, 0.023121360689401627, 0.02645334042608738, 0.029570322483778, 0.023409755900502205, 0.026395058259367943, 0.022597946226596832, 0.032296329736709595];[-0.8303912878036499, -0.8216637372970581, -0.8195081949234009, -0.8117973804473877, -0.8490053415298462, -0.8327646255493164, -0.8288201689720154, -0.8215560913085938, -0.8719468712806702, -0.8117399215698242, -0.8132755756378174, -0.8174429535865784, -0.8093075752258301, -0.806732177734375, -0.8177539110183716, -0.8246732354164124, -0.8244441151618958, -0.8167057037353516, -0.8189682364463806, -0.8107064962387085, -0.8051048517227173, -0.8149493336677551, -0.814605176448822, -0.8106752038002014, -0.7943630814552307, -0.8015981316566467, -0.815445601940155, -0.793911337852478, -0.8000641465187073, -0.791638970375061, -0.8174564838409424];[0.4328795373439789, 0.43507373332977295, 0.437623530626297, 0.4347253441810608, 0.42904379963874817, 0.4409683644771576, 0.43505337834358215, 0.4298801124095917, 0.44004565477371216, 0.4297931492328644, 0.4491179287433624, 0.4311930239200592, 0.4299848675727844, 0.4210685193538666, 0.452191025018692, 0.41705918312072754, 0.4260410666465759, 0.4093743562698364, 0.43442362546920776, 0.4216231405735016, 0.4479019045829773, 0.4137437641620636, 0.4154810607433319, 0.41930508613586426, 0.42133936285972595, 0.4108748435974121, 0.41200006008148193, 0.4437595307826996, 0.41385942697525024, 0.40330830216407776];1942.692634820938
3250;[0.7686925530433655, 0.7673875093460083, 0.7738662362098694, 0.7764003872871399, 0.7789595723152161, 0.7775140404701233, 0.7758448123931885, 0.7751148343086243, 0.7721124291419983, 0.7681462168693542, 0.7673882842063904, 0.774244487285614, 0.7840844392776489, 0.7743399739265442, 0.7656216621398926, 0.7714411616325378, 0.7780246138572693, 0.7828723192214966, 0.7765219807624817, 0.7776074409484863, 0.7746238112449646, 0.7721495032310486, 0.7741528153419495, 0.7717064619064331, 0.787055253982544, 0.7775320410728455, 0.777621865272522, 0.7763758897781372, 0.7763425707817078, 0.7777113914489746, 0.7741657495498657];[0.032502178102731705, 0.02976059354841709, 0.0373477078974247, 0.0387103408575058, 0.04194580391049385, 0.03929901868104935, 0.03731132671236992, 0.03417474031448364, 0.03404055908322334, 0.032009050250053406, 0.028049150481820107, 0.035856474190950394, 0.042499084025621414, 0.03427334874868393, 0.030343398451805115, 0.03321574255824089, 0.037276677787303925, 0.03913644328713417, 0.034080665558576584, 0.03468477353453636, 0.03234774246811867, 0.030284374952316284, 0.029725434258580208, 0.027706751599907875, 0.040865618735551834, 0.032983411103487015, 0.029426787048578262, 0.031167112290859222, 0.03222702816128731, 0.0318983718752861, 0.029305005446076393];[-0.8183684349060059, -0.8097947835922241, -0.8307701349258423, -0.8394573926925659, -0.8477862477302551, -0.8434614539146423, -0.8330456614494324, -0.8226694464683533, -0.8386046886444092, -0.8181321024894714, -0.8095675706863403, -0.8275761604309082, -0.8541085720062256, -0.8195207715034485, -0.8111283779144287, -0.8173938393592834, -0.8391829133033752, -0.8413060307502747, -0.8232505321502686, -0.8233650922775269, -0.8198425769805908, -0.8173008561134338, -0.8073117136955261, -0.8032878637313843, -0.8436872363090515, -0.8174201250076294, -0.8130924105644226, -0.8226615190505981, -0.815356433391571, -0.8165305852890015, -0.8092467784881592];[0.4458284080028534, 0.4096934497356415, 0.43564051389694214, 0.467206746339798, 0.4152056574821472, 0.43514561653137207, 0.4408368170261383, 0.43884599208831787, 0.43491771817207336, 0.44373050332069397, 0.42530038952827454, 0.4508056044578552, 0.4275049865245819, 0.4364485740661621, 0.44591185450553894, 0.4292715787887573, 0.43181923031806946, 0.43453657627105713, 0.4252801835536957, 0.4302114248275757, 0.4304116666316986, 0.4403485357761383, 0.42386990785598755, 0.43066075444221497, 0.4348609447479248, 0.4201490581035614, 0.4368777871131897, 0.4399307668209076, 0.43726810812950134, 0.46894532442092896];1960.2767794132233
3300;[0.7795279026031494, 0.7726452350616455, 0.7723154425621033, 0.7741944193840027, 0.767375111579895, 0.7750961780548096, 0.7755290269851685, 0.7769750952720642, 0.7697233557701111, 0.7653144598007202, 0.7672826647758484, 0.7787496447563171, 0.7774524688720703, 0.7840034365653992, 0.7715685367584229, 0.7755933403968811, 0.7759298086166382, 0.7793605327606201, 0.7740051746368408, 0.7820413708686829, 0.7730430960655212, 0.7738545536994934, 0.7792384028434753, 0.7742579579353333, 0.7801597714424133, 0.7797995805740356, 0.7791584730148315, 0.7786493897438049, 0.7784674763679504, 0.7759837508201599, 0.7726491689682007];[0.04072694480419159, 0.034432969987392426, 0.03429235890507698, 0.037216298282146454, 0.03243653103709221, 0.035797543823719025, 0.03654198348522186, 0.03790818527340889, 0.03379261493682861, 0.029287366196513176, 0.03072500415146351, 0.04016914963722229, 0.03604024648666382, 0.0403730534017086, 0.030467623844742775, 0.03333044424653053, 0.035278335213661194, 0.036988284438848495, 0.03145676851272583, 0.035768214613199234, 0.02734483778476715, 0.03130020946264267, 0.03637760132551193, 0.03093530610203743, 0.03697459399700165, 0.033957045525312424, 0.03564175218343735, 0.034909438341856, 0.03679296374320984, 0.033693548291921616, 0.030361276119947433];[-0.8439280986785889, -0.8253388404846191, -0.8314195275306702, -0.8373842239379883, -0.8167775273323059, -0.8240914940834045, -0.8285340666770935, -0.8338009119033813, -0.8226940035820007, -0.809070348739624, -0.8136118650436401, -0.8397774696350098, -0.8318054676055908, -0.8469820618629456, -0.8156422972679138, -0.8206386566162109, -0.825837254524231, -0.8305619955062866, -0.8202205300331116, -0.8334773778915405, -0.8077766299247742, -0.8180581331253052, -0.8307892680168152, -0.8162786364555359, -0.8311358690261841, -0.8271422386169434, -0.8305814862251282, -0.8272466659545898, -0.8290922045707703, -0.819932758808136, -0.8106889724731445];[0.4417845606803894, 0.44421064853668213, 0.44424325227737427, 0.4301496148109436, 0.4406956434249878, 0.42950189113616943, 0.43418261408805847, 0.4379975497722626, 0.4210488200187683, 0.43431976437568665, 0.42424628138542175, 0.42247432470321655, 0.43174663186073303, 0.4148884415626526, 0.4092281460762024, 0.421339750289917, 0.43481776118278503, 0.43658170104026794, 0.4252327084541321, 0.4304266571998596, 0.4189172387123108, 0.4518359303474426, 0.4482157826423645, 0.4269471764564514, 0.42213237285614014, 0.4052318036556244, 0.43691444396972656, 0.39731836318969727, 0.4264896512031555, 0.42832714319229126];1927.8286397457123
3350;[0.7736531496047974, 0.7786110639572144, 0.779370129108429, 0.7822375297546387, 0.7718324065208435, 0.7704873085021973, 0.7736796140670776, 0.7827969789505005, 0.7763625383377075, 0.7814039587974548, 0.7758755087852478, 0.7741002440452576, 0.775556743144989, 0.7772966027259827, 0.7804719805717468, 0.7795178890228271, 0.7758882641792297, 0.7715146541595459, 0.772252082824707, 0.7715334892272949, 0.7804607152938843, 0.7679154276847839, 0.7782294750213623, 0.7774673700332642, 0.771905779838562, 0.7772949934005737, 0.7765005826950073, 0.7712708115577698, 0.7717403769493103, 0.778576672077179, 0.7741090059280396];[0.037911467254161835, 0.04010194540023804, 0.03944019600749016, 0.04493353143334389, 0.0355369970202446, 0.03385405242443085, 0.03626606985926628, 0.04177255928516388, 0.037592895328998566, 0.04101865366101265, 0.037800174206495285, 0.0393250435590744, 0.03661038354039192, 0.03593456372618675, 0.040124740451574326, 0.03912372142076492, 0.0401812307536602, 0.0358145609498024, 0.03599473461508751, 0.0317649208009243, 0.03814607113599777, 0.027929043397307396, 0.036555904895067215, 0.03927642107009888, 0.031205886974930763, 0.03988556191325188, 0.03562581539154053, 0.03195248171687126, 0.03432578220963478, 0.036778781563043594, 0.033405523747205734];[-0.8339468240737915, -0.8426660895347595, -0.8373390436172485, -0.8560920357704163, -0.8314732909202576, -0.8261918425559998, -0.8330923914909363, -0.8544037938117981, -0.8382896780967712, -0.8439770340919495, -0.8350449800491333, -0.8433390855789185, -0.834987461566925, -0.8326534628868103, -0.8406859040260315, -0.8377398252487183, -0.8399562239646912, -0.8321840763092041, -0.826260507106781, -0.8215692043304443, -0.8396682739257812, -0.8068231344223022, -0.8319394588470459, -0.8362522125244141, -0.8193888664245605, -0.8421145081520081, -0.8348039984703064, -0.8145051598548889, -0.8213359713554382, -0.8294203281402588, -0.8203757405281067];[0.44235292077064514, 0.4361173212528229, 0.4379536509513855, 0.4390314519405365, 0.4390658736228943, 0.42667660117149353, 0.4371455907821655, 0.42854437232017517, 0.4441281855106354, 0.42095112800598145, 0.4214748442173004, 0.43302246928215027, 0.4266360402107239, 0.40589505434036255, 0.4446377456188202, 0.4399603009223938, 0.4323447644710541, 0.43296146392822266, 0.4402923882007599, 0.42246949672698975, 0.446347177028656, 0.4212438464164734, 0.4297739863395691, 0.4423905313014984, 0.4138459861278534, 0.41860252618789673, 0.42624878883361816, 0.43851205706596375, 0.42159008979797363, 0.42972421646118164];1949.077977180481
3400;[0.7642442584037781, 0.7713507413864136, 0.7795100808143616, 0.7744345664978027, 0.773364245891571, 0.7669390439987183, 0.7650240659713745, 0.7855408191680908, 0.7729095816612244, 0.7722955942153931, 0.773520290851593, 0.7698992490768433, 0.7742455005645752, 0.7666142582893372, 0.774274468421936, 0.7700196504592896, 0.7737184166908264, 0.7756173014640808, 0.7741589546203613, 0.777434229850769, 0.7715630531311035, 0.7735670208930969, 0.7697636485099792, 0.7707470655441284, 0.7756074666976929, 0.7745842337608337, 0.7778571844100952, 0.779329240322113, 0.7800809144973755, 0.7727198004722595, 0.7789298892021179];[0.028251400217413902, 0.034830451011657715, 0.03936062753200531, 0.036444537341594696, 0.03305313363671303, 0.03116852045059204, 0.027268296107649803, 0.04516640305519104, 0.03348076716065407, 0.03416253998875618, 0.03392700105905533, 0.030330609530210495, 0.032668717205524445, 0.02780098281800747, 0.03319042548537254, 0.026665784418582916, 0.03335925564169884, 0.03379109129309654, 0.030902201309800148, 0.03298436105251312, 0.03198086470365524, 0.03163852542638779, 0.025720320641994476, 0.025925466790795326, 0.030859725549817085, 0.02931971848011017, 0.03156016394495964, 0.03168807551264763, 0.0346960686147213, 0.028561746701598167, 0.030251454561948776];[-0.8074080348014832, -0.8263856172561646, -0.8389008045196533, -0.831493616104126, -0.8234376311302185, -0.8161997199058533, -0.803194522857666, -0.8530640602111816, -0.8221118450164795, -0.8259161114692688, -0.8208171129226685, -0.8146831393241882, -0.8225817680358887, -0.8071767687797546, -0.8271042108535767, -0.8053102493286133, -0.8207409381866455, -0.8214945793151855, -0.8189841508865356, -0.82181715965271, -0.8210806250572205, -0.8200610280036926, -0.8025709390640259, -0.8018965125083923, -0.8145899772644043, -0.8136804699897766, -0.8189792633056641, -0.820315957069397, -0.8294061422348022, -0.8318052887916565, -0.8160065412521362];[0.42780932784080505, 0.4286664128303528, 0.42631542682647705, 0.43969476222991943, 0.4358178675174713, 0.41119468212127686, 0.44240882992744446, 0.43335434794425964, 0.4830414652824402, 0.4113558232784271, 0.4184110760688782, 0.458819717168808, 0.42348530888557434, 0.4222272038459778, 0.41705766320228577, 0.40071195363998413, 0.3961968421936035, 0.4207303822040558, 0.4304906129837036, 0.4289103150367737, 0.431719571352005, 0.41284364461898804, 0.4237510859966278, 0.43443387746810913, 0.42266616225242615, 0.423708975315094, 0.4170105457305908, 0.4148869216442108, 0.41571518778800964, 0.4143984019756317];1928.7511880397797
3450;[0.7701950073242188, 0.7753866314888, 0.7734044194221497, 0.7748739123344421, 0.7650331854820251, 0.7668353915214539, 0.7775046229362488, 0.7837156057357788, 0.7752507328987122, 0.7765973806381226, 0.7789192795753479, 0.7726680040359497, 0.7780947089195251, 0.7773787379264832, 0.781570553779602, 0.7725165486335754, 0.7730833292007446, 0.7722315192222595, 0.779215395450592, 0.7719940543174744, 0.7801194190979004, 0.7785564661026001, 0.7806094288825989, 0.77656489610672, 0.7727880477905273, 0.7805216908454895, 0.7782903909683228, 0.7706460952758789, 0.7735113501548767, 0.7793493270874023, 0.7731127738952637];[0.03263486549258232, 0.03792598843574524, 0.03721246123313904, 0.03695175424218178, 0.031256239861249924, 0.031505294144153595, 0.0395156666636467, 0.04247882217168808, 0.03665933012962341, 0.03591269254684448, 0.037623386830091476, 0.031962864100933075, 0.036179136484861374, 0.03624977171421051, 0.03599870577454567, 0.03129546344280243, 0.032455433160066605, 0.03243658319115639, 0.0349176786839962, 0.03003319539129734, 0.03587021678686142, 0.032723329961299896, 0.03474768251180649, 0.03266723081469536, 0.028563307598233223, 0.03202585130929947, 0.03144913539290428, 0.02606833726167679, 0.02715977095067501, 0.03373425081372261, 0.02835416980087757];[-0.8212994337081909, -0.8342580795288086, -0.8330861926078796, -0.837144672870636, -0.8133477568626404, -0.8166943192481995, -0.8404242992401123, -0.8542355895042419, -0.8329169154167175, -0.8278762698173523, -0.8398600220680237, -0.8166800737380981, -0.8323026299476624, -0.8320521712303162, -0.8353217840194702, -0.8211984634399414, -0.8212534189224243, -0.8170595765113831, -0.8240959048271179, -0.8109268546104431, -0.8309001922607422, -0.8200485706329346, -0.8238584399223328, -0.8187199234962463, -0.8074283599853516, -0.8223934173583984, -0.8176005482673645, -0.803372323513031, -0.8043143153190613, -0.8231891393661499, -0.8076993227005005];[0.43856245279312134, 0.4505307674407959, 0.4246305525302887, 0.4357086420059204, 0.4347972571849823, 0.4300419092178345, 0.4365498423576355, 0.43033671379089355, 0.4284040629863739, 0.44075706601142883, 0.4535524845123291, 0.43082767724990845, 0.43297773599624634, 0.4193885326385498, 0.4148886203765869, 0.41723909974098206, 0.41783764958381653, 0.40771499276161194, 0.4178161025047302, 0.40698865056037903, 0.41190141439437866, 0.4113808572292328, 0.4085237681865692, 0.43173426389694214, 0.4089905023574829, 0.4108686149120331, 0.42520904541015625, 0.4039313793182373, 0.40891754627227783, 0.4062369763851166];1930.9699411392212
3500;[0.7799900770187378, 0.7741914987564087, 0.7776553630828857, 0.7741908431053162, 0.7771093845367432, 0.7761236429214478, 0.7800030708312988, 0.7651615142822266, 0.7757018208503723, 0.7696913480758667, 0.7686286568641663, 0.7710254788398743, 0.7732694745063782, 0.7686765789985657, 0.7714247107505798, 0.7701818943023682, 0.7673811912536621, 0.7711650729179382, 0.7756482362747192, 0.777503252029419, 0.7701539397239685, 0.7804279327392578, 0.7671071887016296, 0.7699303030967712, 0.7703003883361816, 0.7751120924949646, 0.7704091668128967, 0.7681835293769836, 0.7664597034454346, 0.773312509059906, 0.7638596296310425];[0.03934689611196518, 0.035568464547395706, 0.03854590654373169, 0.03580351173877716, 0.041695158928632736, 0.034738894551992416, 0.041730787605047226, 0.028144774958491325, 0.036916717886924744, 0.03173092380166054, 0.028053762391209602, 0.032557398080825806, 0.03320414945483208, 0.026744024828076363, 0.03183983266353607, 0.03164679929614067, 0.02914777398109436, 0.03174787759780884, 0.03510499373078346, 0.03753073140978813, 0.030993381515145302, 0.03728412464261055, 0.02687237598001957, 0.03066234104335308, 0.029599443078041077, 0.034708406776189804, 0.028349854052066803, 0.026742439717054367, 0.027396243065595627, 0.030233360826969147, 0.023366104811429977];[-0.8416905403137207, -0.82920241355896, -0.848339855670929, -0.830064058303833, -0.8484847545623779, -0.8241376876831055, -0.8489157557487488, -0.8056250810623169, -0.8318418264389038, -0.8211749196052551, -0.8073277473449707, -0.8198846578598022, -0.8203492760658264, -0.8048372864723206, -0.8166393637657166, -0.816750168800354, -0.8078210949897766, -0.823169469833374, -0.8307194113731384, -0.8405553102493286, -0.8131405711174011, -0.8387575149536133, -0.8022966980934143, -0.8195178508758545, -0.8116319179534912, -0.826352596282959, -0.8031837344169617, -0.8034192323684692, -0.8036827445030212, -0.8159112930297852, -0.7953183650970459];[0.43417730927467346, 0.43588003516197205, 0.4480911195278168, 0.4209986925125122, 0.45840299129486084, 0.4298149049282074, 0.45358115434646606, 0.4274001121520996, 0.43356460332870483, 0.4351394474506378, 0.448837012052536, 0.4247630834579468, 0.4182225167751312, 0.4327394962310791, 0.4598662257194519, 0.4396130442619324, 0.4230409264564514, 0.43751260638237, 0.42040976881980896, 0.4306413233280182, 0.41508638858795166, 0.41665521264076233, 0.43698549270629883, 0.43083012104034424, 0.43004775047302246, 0.4376243054866791, 0.42484620213508606, 0.4530576765537262, 0.4118494689464569, 0.44733232259750366];1947.4616451263428
3550;[0.7742922902107239, 0.7823390364646912, 0.7717004418373108, 0.7809897661209106, 0.781921923160553, 0.7761386036872864, 0.7812521457672119, 0.7756213545799255, 0.7887405157089233, 0.7704746127128601, 0.7772809863090515, 0.7792177200317383, 0.78066086769104, 0.7859833836555481, 0.7784917950630188, 0.7894739508628845, 0.7858003973960876, 0.775712251663208, 0.7796792387962341, 0.7816473841667175, 0.7775552868843079, 0.7822850346565247, 0.783140242099762, 0.7815610766410828, 0.7799084186553955, 0.7776780128479004, 0.7820799350738525, 0.787042498588562, 0.7912648320198059, 0.7798176407814026, 0.787161648273468];[0.037251152098178864, 0.042619239538908005, 0.034610264003276825, 0.04268871247768402, 0.04343001917004585, 0.03637351095676422, 0.04187804460525513, 0.039316222071647644, 0.04807822033762932, 0.034570515155792236, 0.03858700394630432, 0.04166242852807045, 0.039716243743896484, 0.045166946947574615, 0.040351465344429016, 0.04918358474969864, 0.04469927400350571, 0.03753438591957092, 0.0418911837041378, 0.043450064957141876, 0.04241887107491493, 0.042289309203624725, 0.04265287145972252, 0.04519285634160042, 0.04192204773426056, 0.040874335914850235, 0.04453931003808975, 0.04734699800610542, 0.05094973370432854, 0.039437465369701385, 0.050827689468860626];[-0.8325448036193848, -0.8533997535705566, -0.8228898644447327, -0.8484011292457581, -0.8524590730667114, -0.8319916725158691, -0.8489183187484741, -0.8367418646812439, -0.885727047920227, -0.8241491317749023, -0.8375028967857361, -0.8444982767105103, -0.8449683785438538, -0.8600394129753113, -0.8411562442779541, -0.8791733384132385, -0.857151985168457, -0.8322502970695496, -0.844632089138031, -0.8514581918716431, -0.8486713767051697, -0.8502479791641235, -0.8489938974380493, -0.8559670448303223, -0.8493536114692688, -0.841687023639679, -0.8552678227424622, -0.8709774613380432, -0.8740232586860657, -0.8420673608779907, -0.8816643357276917];[0.4354182183742523, 0.4237735867500305, 0.43338003754615784, 0.43135762214660645, 0.4371218681335449, 0.43387413024902344, 0.43089038133621216, 0.4376521408557892, 0.4377054274082184, 0.4353812634944916, 0.453556627035141, 0.4329840838909149, 0.4494960308074951, 0.43287524580955505, 0.43614521622657776, 0.42302677035331726, 0.44108080863952637, 0.4261375367641449, 0.4580654799938202, 0.45074623823165894, 0.4435083866119385, 0.4376045763492584, 0.43905335664749146, 0.44242236018180847, 0.439456582069397, 0.45839637517929077, 0.4470628499984741, 0.47322598099708557, 0.4416554570198059, 0.4314625561237335];1956.3861527442932
3600;[0.7710103392601013, 0.7769190073013306, 0.7807275652885437, 0.7743403911590576, 0.7868532538414001, 0.7806327939033508, 0.7739333510398865, 0.7774147987365723, 0.7736165523529053, 0.7818365097045898, 0.7826439738273621, 0.789384126663208, 0.7851479649543762, 0.7770712971687317, 0.7797293663024902, 0.7985717058181763, 0.7790102958679199, 0.7856517434120178, 0.7959966659545898, 0.7955359816551208, 0.78846275806427, 0.7913133502006531, 0.7909693121910095, 0.7869069576263428, 0.7856299877166748, 0.7940628528594971, 0.7968846559524536, 0.7819848656654358, 0.7817127704620361, 0.7806018590927124, 0.7838929891586304];[0.036884766072034836, 0.03800693526864052, 0.03865021839737892, 0.03518464416265488, 0.04529927298426628, 0.03985848277807236, 0.032594259828329086, 0.03790350258350372, 0.036736905574798584, 0.041547682136297226, 0.040640246123075485, 0.04480439051985741, 0.04106409102678299, 0.0370342992246151, 0.03910144791007042, 0.048397790640592575, 0.03897903859615326, 0.03960445523262024, 0.053549181669950485, 0.04650038853287697, 0.04615910351276398, 0.045596346259117126, 0.04450954124331474, 0.04210269823670387, 0.04184144735336304, 0.046281807124614716, 0.048833977431058884, 0.03898187726736069, 0.03730850666761398, 0.037357863038778305, 0.03686753287911415];[-0.8321592211723328, -0.8349534869194031, -0.8423961400985718, -0.8242103457450867, -0.8514317870140076, -0.8445909023284912, -0.8193233013153076, -0.8289333581924438, -0.8276718854904175, -0.8495350480079651, -0.845137357711792, -0.8564310669898987, -0.8415544629096985, -0.8289188146591187, -0.8397257924079895, -0.8732208609580994, -0.8361482620239258, -0.8373783826828003, -0.8741827607154846, -0.8672471642494202, -0.8572940826416016, -0.8567757606506348, -0.8564784526824951, -0.8468247652053833, -0.8481842875480652, -0.8721111416816711, -0.8706777095794678, -0.8405779004096985, -0.8332205414772034, -0.8337792754173279, -0.8299629092216492];[0.4404671788215637, 0.42741626501083374, 0.4328436553478241, 0.4244784116744995, 0.4125523567199707, 0.43524643778800964, 0.40687352418899536, 0.4343019127845764, 0.41431552171707153, 0.45366722345352173, 0.42805004119873047, 0.42978042364120483, 0.4202384352684021, 0.416333943605423, 0.4168446362018585, 0.4279266595840454, 0.4318021535873413, 0.42932283878326416, 0.4226211905479431, 0.4368923306465149, 0.42960795760154724, 0.4128427803516388, 0.4238114655017853, 0.41674038767814636, 0.4143243134021759, 0.4327976107597351, 0.41985753178596497, 0.4221811890602112, 0.4345366656780243, 0.43240052461624146];1930.7050807476044
3650;[0.7695708274841309, 0.7774549126625061, 0.7735452651977539, 0.7797740697860718, 0.7706989645957947, 0.7755274176597595, 0.7727609276771545, 0.7728307843208313, 0.7679803967475891, 0.7702413201332092, 0.7732711434364319, 0.7749757766723633, 0.7662185430526733, 0.770021378993988, 0.7704968452453613, 0.7727764248847961, 0.7751690149307251, 0.7801576852798462, 0.7725173234939575, 0.7711735963821411, 0.7658644318580627, 0.7692616581916809, 0.7666609883308411, 0.7701375484466553, 0.7713989615440369, 0.7691844701766968, 0.7744960188865662, 0.7743911147117615, 0.7793415188789368, 0.7705351114273071, 0.7785950899124146];[0.033356767147779465, 0.040802016854286194, 0.03557296097278595, 0.039846938103437424, 0.034216899424791336, 0.03576692193746567, 0.03468760848045349, 0.034534700214862823, 0.029992591589689255, 0.03098737634718418, 0.036882877349853516, 0.036722175776958466, 0.03137398138642311, 0.033889614045619965, 0.030539657920598984, 0.03144453465938568, 0.03332825377583504, 0.039255544543266296, 0.030919568613171577, 0.03153044357895851, 0.027911309152841568, 0.03193027526140213, 0.02869802713394165, 0.0302840918302536, 0.03370261564850807, 0.02705651894211769, 0.03140342980623245, 0.03443698585033417, 0.03661493957042694, 0.028627213090658188, 0.03350236266851425];[-0.8181540369987488, -0.8437712788581848, -0.8265155553817749, -0.8419433236122131, -0.8210616707801819, -0.8286563754081726, -0.8243303894996643, -0.8247674107551575, -0.814486026763916, -0.81666100025177, -0.8339338302612305, -0.8327261805534363, -0.8139216899871826, -0.8221471309661865, -0.8162209391593933, -0.8155065178871155, -0.8230587840080261, -0.8434995412826538, -0.8178419470787048, -0.8280113935470581, -0.8055155277252197, -0.8180860280990601, -0.8070186972618103, -0.8125969171524048, -0.821861743927002, -0.8040106296539307, -0.8173515200614929, -0.823113203048706, -0.8344597220420837, -0.8122654557228088, -0.8319941163063049];[0.43706971406936646, 0.4638628363609314, 0.42023158073425293, 0.4279311001300812, 0.43285849690437317, 0.4422817826271057, 0.4344620108604431, 0.42774698138237, 0.44868287444114685, 0.4338175654411316, 0.4249986708164215, 0.4294118285179138, 0.4621409773826599, 0.41968002915382385, 0.4431731104850769, 0.43074920773506165, 0.43241846561431885, 0.4294092655181885, 0.4332422912120819, 0.43024566769599915, 0.438906192779541, 0.44403475522994995, 0.41494014859199524, 0.4476529657840729, 0.414568692445755, 0.4277624487876892, 0.4229945242404938, 0.4112043082714081, 0.41718602180480957, 0.4346940815448761];1947.6377778053284
3700;[0.7767847180366516, 0.7751838564872742, 0.7707645297050476, 0.7752072215080261, 0.779037356376648, 0.7848743796348572, 0.7719201445579529, 0.7774146795272827, 0.775046169757843, 0.7785489559173584, 0.780788779258728, 0.7727400660514832, 0.7752927541732788, 0.7756592631340027, 0.7827760577201843, 0.776888370513916, 0.7775537967681885, 0.7828648686408997, 0.7777386903762817, 0.7776604890823364, 0.7754324078559875, 0.7797346711158752, 0.7815433144569397, 0.7866864204406738, 0.7760022878646851, 0.7845251560211182, 0.7787184715270996, 0.7770405411720276, 0.790847659111023, 0.784075140953064, 0.7775475978851318];[0.038039159029722214, 0.03809497877955437, 0.03406276926398277, 0.03649156168103218, 0.03718385472893715, 0.044985219836235046, 0.03268291428685188, 0.038460623472929, 0.03463020920753479, 0.0339021272957325, 0.038717593997716904, 0.03236517310142517, 0.03218857944011688, 0.034202441573143005, 0.03602612763643265, 0.03240204602479935, 0.03166962414979935, 0.037607207894325256, 0.03323185816407204, 0.03203977644443512, 0.027804894372820854, 0.03230797499418259, 0.029954327270388603, 0.033390168100595474, 0.030621271580457687, 0.03357524797320366, 0.031972501426935196, 0.030671142041683197, 0.041173044592142105, 0.03554193675518036, 0.02807743102312088];[-0.8338400721549988, -0.83268803358078, -0.8221752047538757, -0.8291596174240112, -0.8331267833709717, -0.8611477017402649, -0.8196078538894653, -0.840425968170166, -0.8223995566368103, -0.821211040019989, -0.8410685062408447, -0.8204222321510315, -0.8177496790885925, -0.8211677670478821, -0.8278349041938782, -0.8216063380241394, -0.8175062537193298, -0.8349282145500183, -0.8226045966148376, -0.8186450004577637, -0.8090738654136658, -0.8172746300697327, -0.8119423985481262, -0.8252960443496704, -0.815176248550415, -0.8214278817176819, -0.8141295313835144, -0.8137573003768921, -0.8475813865661621, -0.8258464932441711, -0.807182252407074];[0.4446715712547302, 0.4334245026111603, 0.4307655692100525, 0.425933301448822, 0.4195108413696289, 0.42904940247535706, 0.42063379287719727, 0.4169575273990631, 0.4185624122619629, 0.42742958664894104, 0.4203313887119293, 0.42248207330703735, 0.41074028611183167, 0.4449629783630371, 0.40722891688346863, 0.41730445623397827, 0.40955042839050293, 0.4147251844406128, 0.42139312624931335, 0.4176039695739746, 0.40519362688064575, 0.40644463896751404, 0.3932398557662964, 0.3930882513523102, 0.40716078877449036, 0.39787837862968445, 0.39940065145492554, 0.40922579169273376, 0.38281524181365967, 0.410020649433136];1976.442344903946
3750;[0.7779315114021301, 0.7765570878982544, 0.770645260810852, 0.773753821849823, 0.763873279094696, 0.7750405073165894, 0.7639354467391968, 0.7852334976196289, 0.771854817867279, 0.7712224125862122, 0.7692301273345947, 0.7774527668952942, 0.7712395787239075, 0.7737970948219299, 0.7853425741195679, 0.7752824425697327, 0.7752043604850769, 0.7718075513839722, 0.7817387580871582, 0.7880071997642517, 0.7745473384857178, 0.7794960141181946, 0.781600832939148, 0.7773048281669617, 0.7871561646461487, 0.7782368659973145, 0.7716710567474365, 0.7793295383453369, 0.7778480648994446, 0.7756780982017517, 0.7787815928459167];[0.04010831564664841, 0.0375782810151577, 0.03596181422472, 0.03678539767861366, 0.030638817697763443, 0.03962678834795952, 0.03300997242331505, 0.04374751076102257, 0.03452855721116066, 0.03279218077659607, 0.0335908941924572, 0.039773762226104736, 0.03654433414340019, 0.03681055083870888, 0.04413432255387306, 0.037646085023880005, 0.03735475614666939, 0.0352046862244606, 0.038512371480464935, 0.046793680638074875, 0.03454484045505524, 0.04269915074110031, 0.041827503591775894, 0.03774898499250412, 0.04510486498475075, 0.03730759397149086, 0.031364329159259796, 0.04048970341682434, 0.0373518243432045, 0.035477325320243835, 0.0360761396586895];[-0.8408828377723694, -0.8359268307685852, -0.830169677734375, -0.8354709148406982, -0.8118565678596497, -0.8472094535827637, -0.8199729323387146, -0.8844175934791565, -0.8249759674072266, -0.8211836218833923, -0.824643075466156, -0.869367778301239, -0.8349159359931946, -0.8312863707542419, -0.8639304041862488, -0.8342241644859314, -0.8325509428977966, -0.8361278772354126, -0.8391388654708862, -0.8614403009414673, -0.8252785205841064, -0.8501237630844116, -0.845999538898468, -0.8365252614021301, -0.8634859323501587, -0.8333066701889038, -0.816091775894165, -0.8426855206489563, -0.8377690315246582, -0.8312094211578369, -0.8316951990127563];[0.433948814868927, 0.43657734990119934, 0.46431124210357666, 0.43291908502578735, 0.4385482370853424, 0.42346322536468506, 0.4381372928619385, 0.4515498876571655, 0.44390010833740234, 0.43112295866012573, 0.43547987937927246, 0.43501490354537964, 0.431095689535141, 0.42640215158462524, 0.427417516708374, 0.47207000851631165, 0.4289177656173706, 0.43025487661361694, 0.4291638731956482, 0.42684969305992126, 0.4271884858608246, 0.424351304769516, 0.4378941059112549, 0.41579100489616394, 0.4307696223258972, 0.42515936493873596, 0.39111828804016113, 0.4240533709526062, 0.4082801043987274, 0.42659443616867065];1975.9223942756653
3800;[0.7720962762832642, 0.7732495069503784, 0.7739052772521973, 0.7673929333686829, 0.7671477794647217, 0.7799688577651978, 0.7733180522918701, 0.7674378752708435, 0.7742990255355835, 0.7854940891265869, 0.7830155491828918, 0.7750419974327087, 0.7775545716285706, 0.7807560563087463, 0.7776961922645569, 0.7860140800476074, 0.7778149843215942, 0.7801238298416138, 0.7802295088768005, 0.7880217432975769, 0.7827967405319214, 0.7907257080078125, 0.7802148461341858, 0.7808565497398376, 0.7797780632972717, 0.787846565246582, 0.7854426503181458, 0.7824977040290833, 0.7888738512992859, 0.7874151468276978, 0.788946270942688];[0.03428170457482338, 0.036402083933353424, 0.03778557479381561, 0.03244127333164215, 0.032654810696840286, 0.03940070420503616, 0.03505314514040947, 0.031363628804683685, 0.03415723517537117, 0.04307243973016739, 0.04439259693026543, 0.03415151312947273, 0.039878640323877335, 0.04054410383105278, 0.03729648515582085, 0.04556163772940636, 0.03621562942862511, 0.03726698085665703, 0.03741832450032234, 0.042987942695617676, 0.04036332294344902, 0.0469939298927784, 0.03629729896783829, 0.03883255645632744, 0.03762764483690262, 0.041796956211328506, 0.040597978979349136, 0.041130706667900085, 0.045651983469724655, 0.04321478307247162, 0.04363810643553734];[-0.8256890177726746, -0.8295437097549438, -0.8382720351219177, -0.8203508257865906, -0.8188846707344055, -0.8386783003807068, -0.8345237374305725, -0.8163192272186279, -0.8225700855255127, -0.8513098359107971, -0.8577151894569397, -0.8244427442550659, -0.8418152928352356, -0.8424530625343323, -0.8353577852249146, -0.8615726828575134, -0.8302799463272095, -0.8370345830917358, -0.832711398601532, -0.850870668888092, -0.8430561423301697, -0.8618015646934509, -0.8274791240692139, -0.8365387916564941, -0.834449827671051, -0.8466318845748901, -0.844668984413147, -0.8475862741470337, -0.861822247505188, -0.8511727452278137, -0.8486805558204651];[0.4305662512779236, 0.42618533968925476, 0.4312192499637604, 0.43057167530059814, 0.42741650342941284, 0.4427940547466278, 0.4246339797973633, 0.45227739214897156, 0.42768070101737976, 0.42248451709747314, 0.42251479625701904, 0.4479585587978363, 0.42193564772605896, 0.45170459151268005, 0.44365933537483215, 0.42326849699020386, 0.41799286007881165, 0.4185338020324707, 0.4399603009223938, 0.4738423824310303, 0.4098162055015564, 0.434235543012619, 0.4208577275276184, 0.41824203729629517, 0.4267723560333252, 0.4080950617790222, 0.4526553750038147, 0.42411723732948303, 0.4164598286151886, 0.4104706645011902];1941.0588948726654
3850;[0.7717000842094421, 0.7739759087562561, 0.7744127511978149, 0.7687267065048218, 0.775026261806488, 0.780160665512085, 0.7671693563461304, 0.7732170224189758, 0.7710778117179871, 0.7714623212814331, 0.7851705551147461, 0.7829734683036804, 0.7710570693016052, 0.779435932636261, 0.7790877819061279, 0.7726168632507324, 0.7803518176078796, 0.7733862400054932, 0.7789616584777832, 0.784555196762085, 0.7775216102600098, 0.7756099104881287, 0.7850924730300903, 0.7808114290237427, 0.7829928398132324, 0.7736506462097168, 0.7796909213066101, 0.7822360396385193, 0.7795929312705994, 0.7872793674468994, 0.7823528051376343];[0.035215020179748535, 0.03870199993252754, 0.03877812623977661, 0.03316444158554077, 0.03619177266955376, 0.040868502110242844, 0.03127080202102661, 0.03739813715219498, 0.03175025433301926, 0.032060954719781876, 0.044045090675354004, 0.0437685027718544, 0.031865641474723816, 0.03749867156147957, 0.035681914538145065, 0.03347896412014961, 0.03541591018438339, 0.03212559223175049, 0.035829562693834305, 0.03835734724998474, 0.03514719009399414, 0.031659085303545, 0.03692939877510071, 0.03629617393016815, 0.03993052989244461, 0.028342945501208305, 0.03421007841825485, 0.035681940615177155, 0.03163578361272812, 0.037478312849998474, 0.036205314099788666];[-0.827389121055603, -0.8357560634613037, -0.8366567492485046, -0.823438286781311, -0.8314482569694519, -0.8391525745391846, -0.8158038258552551, -0.83323734998703, -0.8177419900894165, -0.8231706023216248, -0.8528282642364502, -0.8503977656364441, -0.8170425295829773, -0.8347404599189758, -0.8277380466461182, -0.8192122578620911, -0.83254474401474, -0.8172701597213745, -0.830398678779602, -0.8385181427001953, -0.8276186585426331, -0.8162088990211487, -0.8339779376983643, -0.83930903673172, -0.837856113910675, -0.8073359131813049, -0.8240369558334351, -0.8278871178627014, -0.8191609382629395, -0.8342289328575134, -0.8303794264793396];[0.43534335494041443, 0.43761757016181946, 0.4556337296962738, 0.4280546307563782, 0.4377915561199188, 0.5036746859550476, 0.4396553337574005, 0.418750137090683, 0.42011088132858276, 0.4269368052482605, 0.42200562357902527, 0.4151681065559387, 0.4682088792324066, 0.41828128695487976, 0.42499688267707825, 0.4230394661426544, 0.427701473236084, 0.3987467885017395, 0.4256543815135956, 0.41201698780059814, 0.41964566707611084, 0.41548383235931396, 0.440522164106369, 0.41304081678390503, 0.41261255741119385, 0.40189507603645325, 0.4063255488872528, 0.39826729893684387, 0.3816765248775482, 0.4002574682235718];1982.4209425449371
3900;[0.7764260172843933, 0.7752693295478821, 0.7742659449577332, 0.7705330848693848, 0.769525408744812, 0.7752972841262817, 0.7719961404800415, 0.7715088725090027, 0.7796466946601868, 0.7669621109962463, 0.7644693851470947, 0.7752845883369446, 0.7702888250350952, 0.7730581760406494, 0.7679722309112549, 0.7670608162879944, 0.7676079869270325, 0.7700462937355042, 0.7652096152305603, 0.768746554851532, 0.7690998911857605, 0.7635260820388794, 0.7684357762336731, 0.7756108045578003, 0.7753517627716064, 0.7705593109130859, 0.7667927742004395, 0.7620304822921753, 0.7639073133468628, 0.7632573246955872, 0.7647818326950073];[0.0392027273774147, 0.035937439650297165, 0.03874910622835159, 0.03629180043935776, 0.03416413441300392, 0.033253587782382965, 0.03677860274910927, 0.03308744728565216, 0.03984132409095764, 0.03157626837491989, 0.029421893879771233, 0.036455895751714706, 0.03586611896753311, 0.034354183822870255, 0.03303612396121025, 0.029769567772746086, 0.030306192114949226, 0.03086971491575241, 0.02797025255858898, 0.029854701831936836, 0.030365794897079468, 0.028165770694613457, 0.02981487289071083, 0.03782763332128525, 0.033386338502168655, 0.029621154069900513, 0.03032197803258896, 0.02639666758477688, 0.02733236737549305, 0.026183398440480232, 0.025665991008281708];[-0.8461412191390991, -0.8509981036186218, -0.8384515643119812, -0.8292243480682373, -0.8236651420593262, -0.8354425430297852, -0.8300771117210388, -0.8197178840637207, -0.8397310376167297, -0.8171838521957397, -0.8130112886428833, -0.8322973847389221, -0.8287289142608643, -0.8268154263496399, -0.8182684779167175, -0.8089568614959717, -0.8133186101913452, -0.8168375492095947, -0.8064638376235962, -0.8122262954711914, -0.8153191804885864, -0.8038604855537415, -0.8115314245223999, -0.8367038369178772, -0.8230137228965759, -0.8082964420318604, -0.8095403909683228, -0.8029908537864685, -0.8075823187828064, -0.8014563918113708, -0.7986924648284912];[0.41620615124702454, 0.4355536103248596, 0.43953901529312134, 0.42972227931022644, 0.4382404386997223, 0.42269524931907654, 0.42639365792274475, 0.41827425360679626, 0.4472709596157074, 0.4416414201259613, 0.451387882232666, 0.43745991587638855, 0.45370087027549744, 0.4419046938419342, 0.44227781891822815, 0.4250330924987793, 0.43572500348091125, 0.4332609474658966, 0.46507391333580017, 0.4554457664489746, 0.4541391134262085, 0.4416187107563019, 0.4492305517196655, 0.4271961450576782, 0.43544018268585205, 0.4370376467704773, 0.4487750828266144, 0.43924063444137573, 0.4345235228538513, 0.4448188841342926];2041.145162820816
3950;[0.7668476700782776, 0.7829270362854004, 0.76459801197052, 0.7778846621513367, 0.7730175256729126, 0.7759860157966614, 0.7763692736625671, 0.7809011340141296, 0.7773963212966919, 0.7807729244232178, 0.7808361053466797, 0.7836230993270874, 0.7878431677818298, 0.7732359170913696, 0.7885349988937378, 0.7876380681991577, 0.7893689870834351, 0.7817097902297974, 0.7862250208854675, 0.7824528813362122, 0.7891784906387329, 0.7799432873725891, 0.7832513451576233, 0.7918680310249329, 0.7950587272644043, 0.7899174094200134, 0.7966976761817932, 0.790602445602417, 0.7936232089996338, 0.8055471181869507, 0.7993336319923401];[0.03283039852976799, 0.045247044414281845, 0.03013998083770275, 0.04144271835684776, 0.03498378023505211, 0.03732539340853691, 0.040052879601716995, 0.04111159220337868, 0.03848616033792496, 0.039107270538806915, 0.038792967796325684, 0.04192454367876053, 0.04433198645710945, 0.03451273962855339, 0.044491320848464966, 0.04510843753814697, 0.04669862240552902, 0.042832888662815094, 0.04352712258696556, 0.03919590637087822, 0.04450264200568199, 0.03879477456212044, 0.040960609912872314, 0.04944268614053726, 0.04789707064628601, 0.04672027751803398, 0.04790254682302475, 0.047626253217458725, 0.04900113120675087, 0.054334741085767746, 0.052540894597768784];[-0.8205925226211548, -0.864242434501648, -0.8181272745132446, -0.8481665849685669, -0.8257123827934265, -0.8299955129623413, -0.8423254489898682, -0.8453364968299866, -0.836298942565918, -0.8377088904380798, -0.8391168713569641, -0.8485810160636902, -0.8560260534286499, -0.825151264667511, -0.8602777123451233, -0.8597497940063477, -0.8619151711463928, -0.8486621379852295, -0.8519359230995178, -0.8370222449302673, -0.8542666435241699, -0.8372827172279358, -0.8427430391311646, -0.8714119791984558, -0.8671415448188782, -0.8607839345932007, -0.86887526512146, -0.8687316179275513, -0.8755320310592651, -0.9063524603843689, -0.8931422233581543];[0.4285307228565216, 0.43815791606903076, 0.451566606760025, 0.47136688232421875, 0.4781401455402374, 0.4318235218524933, 0.4347365200519562, 0.42795878648757935, 0.42471104860305786, 0.4210338890552521, 0.4268600642681122, 0.41442060470581055, 0.43494951725006104, 0.41582003235816956, 0.42169687151908875, 0.42944100499153137, 0.4079980254173279, 0.42907431721687317, 0.4242152273654938, 0.4101496934890747, 0.42203646898269653, 0.42598339915275574, 0.42824262380599976, 0.43136903643608093, 0.4061385691165924, 0.41767942905426025, 0.4018687903881073, 0.4161612391471863, 0.4299672245979309, 0.41096246242523193];2098.88112616539
4000;[0.7758664488792419, 0.7740862965583801, 0.7692092657089233, 0.7719201445579529, 0.7769030332565308, 0.7769091129302979, 0.7721104621887207, 0.7845850586891174, 0.7826919555664062, 0.7780917882919312, 0.778881847858429, 0.7819460034370422, 0.7880193591117859, 0.7784265279769897, 0.7835034132003784, 0.7795524001121521, 0.7819693088531494, 0.7734359502792358, 0.7815737724304199, 0.7827255725860596, 0.7745106816291809, 0.7779704332351685, 0.7868618369102478, 0.7779971957206726, 0.7869850993156433, 0.7812630534172058, 0.7730612754821777, 0.7807954549789429, 0.7786349058151245, 0.7755643129348755, 0.7825149297714233];[0.0369487926363945, 0.03895898908376694, 0.03474370390176773, 0.03387705236673355, 0.03613796830177307, 0.03734990581870079, 0.036786437034606934, 0.04241342842578888, 0.0410069115459919, 0.03536280244588852, 0.03653309494256973, 0.04087458923459053, 0.04563988745212555, 0.039634473621845245, 0.042073529213666916, 0.040075626224279404, 0.04128678888082504, 0.03395616635680199, 0.03866008296608925, 0.042173948138952255, 0.0344390906393528, 0.03912106528878212, 0.04008384048938751, 0.037496764212846756, 0.04002329334616661, 0.03855123743414879, 0.03491032123565674, 0.03718425706028938, 0.039373986423015594, 0.03509490191936493, 0.039480309933423996];[-0.832825243473053, -0.8395082354545593, -0.8250704407691956, -0.8229729533195496, -0.8283438682556152, -0.8328005075454712, -0.8302711248397827, -0.8510397672653198, -0.8483877778053284, -0.8309268355369568, -0.8321899175643921, -0.843776285648346, -0.869306206703186, -0.8400388360023499, -0.848136305809021, -0.8382680416107178, -0.844740092754364, -0.8240271806716919, -0.8406944870948792, -0.8585483431816101, -0.8296395540237427, -0.8355728983879089, -0.8493370413780212, -0.8334293961524963, -0.8492317795753479, -0.8340780735015869, -0.8222671151161194, -0.8386945128440857, -0.8404045701026917, -0.8279794454574585, -0.8369783759117126];[0.4398709535598755, 0.4348008334636688, 0.4329937994480133, 0.44337886571884155, 0.43796566128730774, 0.41696029901504517, 0.4275932013988495, 0.4235697388648987, 0.4464993178844452, 0.4278567433357239, 0.42049044370651245, 0.40953367948532104, 0.43229907751083374, 0.42618829011917114, 0.4469057619571686, 0.4297187626361847, 0.4302026331424713, 0.45579418540000916, 0.42489638924598694, 0.45250633358955383, 0.4285634756088257, 0.4622596800327301, 0.42295488715171814, 0.44086533784866333, 0.4176880419254303, 0.43678852915763855, 0.42305201292037964, 0.42062240839004517, 0.42658084630966187, 0.423954576253891];2032.9899446964264
4050;[0.7695102095603943, 0.7789542078971863, 0.7806909680366516, 0.78066486120224, 0.7797189354896545, 0.772194504737854, 0.7764862179756165, 0.7861492037773132, 0.7809416651725769, 0.7812986969947815, 0.7840972542762756, 0.7850550413131714, 0.7857752442359924, 0.7850897908210754, 0.7841882109642029, 0.7831370234489441, 0.7926135063171387, 0.7862532734870911, 0.7921836972236633, 0.7916843295097351, 0.7870598435401917, 0.7942568063735962, 0.7872390151023865, 0.7928668260574341, 0.8020548224449158, 0.7950333952903748, 0.7886893153190613, 0.7949347496032715, 0.7934256792068481, 0.806498646736145, 0.7879830598831177];[0.03308466449379921, 0.038858912885189056, 0.042966537177562714, 0.03853796422481537, 0.04068334028124809, 0.03484351187944412, 0.03940975293517113, 0.043052736669778824, 0.042807694524526596, 0.04257015883922577, 0.044844046235084534, 0.04780593141913414, 0.04637940973043442, 0.04267929494380951, 0.0461571142077446, 0.04232894256711006, 0.048421092331409454, 0.04502898082137108, 0.04988131672143936, 0.04981175437569618, 0.04476658254861832, 0.04838161543011665, 0.04671808332204819, 0.050250109285116196, 0.055200252681970596, 0.052262552082538605, 0.04861863702535629, 0.051565058529376984, 0.04695383086800575, 0.059991054236888885, 0.0443526916205883];[-0.8229476809501648, -0.839522123336792, -0.8556829690933228, -0.8376814126968384, -0.84429532289505, -0.8250163197517395, -0.8400665521621704, -0.8637096285820007, -0.8493344187736511, -0.8487865328788757, -0.8620403409004211, -0.8676904439926147, -0.8652060031890869, -0.8537836670875549, -0.8617746233940125, -0.8500022292137146, -0.8707848787307739, -0.860487163066864, -0.8778045177459717, -0.8666157722473145, -0.8747367262840271, -0.8729755878448486, -0.8693316578865051, -0.8737273216247559, -0.9152652621269226, -0.9039453864097595, -0.8691615462303162, -0.8905312418937683, -0.863606870174408, -0.9226282238960266, -0.8538867831230164];[0.43096664547920227, 0.41933363676071167, 0.42569735646247864, 0.41537222266197205, 0.437450647354126, 0.43580132722854614, 0.4314408600330353, 0.4304182529449463, 0.4300619661808014, 0.45511049032211304, 0.43727514147758484, 0.45163431763648987, 0.4211212396621704, 0.46058496832847595, 0.45646601915359497, 0.43599972128868103, 0.43039795756340027, 0.44373393058776855, 0.4592978060245514, 0.4562735855579376, 0.43206992745399475, 0.4654437005519867, 0.4390864670276642, 0.4447978436946869, 0.4425722658634186, 0.4430108368396759, 0.44835081696510315, 0.43759867548942566, 0.44788333773612976, 0.46964511275291443];1978.4051208496094
4100;[0.7719650864601135, 0.7742124795913696, 0.7758455276489258, 0.7692500352859497, 0.7816879749298096, 0.7734805941581726, 0.7726409435272217, 0.7784954905509949, 0.7752473950386047, 0.7779293656349182, 0.7790611386299133, 0.7790650129318237, 0.7726616263389587, 0.7772833704948425, 0.7870405316352844, 0.7798524498939514, 0.7838258743286133, 0.7754313945770264, 0.7782101035118103, 0.7763060927391052, 0.7766398191452026, 0.773512601852417, 0.7807617783546448, 0.7715883851051331, 0.7756078839302063, 0.7749844789505005, 0.7766535878181458, 0.7745552659034729, 0.7771520614624023, 0.7763733863830566, 0.7711788415908813];[0.03487067297101021, 0.034858331084251404, 0.036846574395895004, 0.032690513879060745, 0.039575446397066116, 0.03357797861099243, 0.03331078216433525, 0.03849778696894646, 0.03366975486278534, 0.03537699580192566, 0.03897937014698982, 0.03621705621480942, 0.03149525448679924, 0.03480919823050499, 0.042014624923467636, 0.03736677020788193, 0.038833003491163254, 0.02948525920510292, 0.033514171838760376, 0.032476890832185745, 0.031141724437475204, 0.027927367016673088, 0.03521217405796051, 0.02943427674472332, 0.02912203222513199, 0.02905263379216194, 0.031763706356287, 0.029187418520450592, 0.03014826588332653, 0.03043743222951889, 0.02554694190621376];[-0.8271980881690979, -0.8227991461753845, -0.8281396627426147, -0.8187242150306702, -0.8389683365821838, -0.8218931555747986, -0.8197426199913025, -0.838805615901947, -0.825283408164978, -0.8341532945632935, -0.8356197476387024, -0.8278012275695801, -0.816074550151825, -0.823214590549469, -0.8438252210617065, -0.835098147392273, -0.8391574025154114, -0.8114684224128723, -0.8277406692504883, -0.8194281458854675, -0.813576877117157, -0.8061744570732117, -0.8334084749221802, -0.8119637370109558, -0.8130545020103455, -0.8092354536056519, -0.8232741951942444, -0.8107104301452637, -0.8133724331855774, -0.8172720074653625, -0.8020634055137634];[0.435779869556427, 0.4234503507614136, 0.4302784204483032, 0.42127472162246704, 0.4321006238460541, 0.4281310439109802, 0.41564205288887024, 0.4253707528114319, 0.4223734736442566, 0.4307995140552521, 0.42497408390045166, 0.4096749424934387, 0.4127422869205475, 0.4060012102127075, 0.4146694242954254, 0.4198244512081146, 0.4207427203655243, 0.4748470187187195, 0.4271535575389862, 0.4019832909107208, 0.40934789180755615, 0.4321109354496002, 0.41570454835891724, 0.4271083474159241, 0.42612284421920776, 0.403525710105896, 0.40135887265205383, 0.40081214904785156, 0.39433926343917847, 0.4005975127220154];2012.1686539649963
4150;[0.7738735675811768, 0.7684344053268433, 0.7808980345726013, 0.7730271816253662, 0.7735221982002258, 0.766690194606781, 0.775351345539093, 0.7772117257118225, 0.7801883816719055, 0.7719342112541199, 0.7727323770523071, 0.7698644995689392, 0.7749029994010925, 0.7788864970207214, 0.7753860950469971, 0.7753419876098633, 0.7628675699234009, 0.7798271775245667, 0.7805599570274353, 0.7662765979766846, 0.7928939461708069, 0.7745545506477356, 0.7788757681846619, 0.7771142721176147, 0.7693354487419128, 0.7840659618377686, 0.7710815072059631, 0.780593991279602, 0.7758070826530457, 0.7730844616889954, 0.7816826701164246];[0.037310000509023666, 0.032756514847278595, 0.0419226698577404, 0.035921432077884674, 0.03960537537932396, 0.033309485763311386, 0.03847459331154823, 0.03752310946583748, 0.04154685139656067, 0.03592660650610924, 0.0370718315243721, 0.03425643965601921, 0.039899300783872604, 0.03831269592046738, 0.0373782142996788, 0.038516342639923096, 0.02947513945400715, 0.04111596196889877, 0.04068052023649216, 0.030174661427736282, 0.05035369098186493, 0.03714746981859207, 0.039259690791368484, 0.03799989074468613, 0.03348083421587944, 0.0414065383374691, 0.03468960523605347, 0.04179440811276436, 0.03838641196489334, 0.03508392348885536, 0.04245778173208237];[-0.8332653641700745, -0.8182176351547241, -0.8503576517105103, -0.8293994665145874, -0.8405258059501648, -0.8217186331748962, -0.8364447355270386, -0.8330267667770386, -0.8435394167900085, -0.8287563323974609, -0.8355730175971985, -0.8202980160713196, -0.8368884325027466, -0.8348162770271301, -0.8329669833183289, -0.840200662612915, -0.8072602152824402, -0.8396982550621033, -0.8424097895622253, -0.8143147230148315, -0.8815135359764099, -0.8323612213134766, -0.8398262858390808, -0.8381897211074829, -0.8220083117485046, -0.8581393361091614, -0.8254833221435547, -0.8453153371810913, -0.838374674320221, -0.8309752345085144, -0.8470627665519714];[0.43327367305755615, 0.43268921971321106, 0.42822393774986267, 0.4581744968891144, 0.43947523832321167, 0.4480818808078766, 0.4358021020889282, 0.4557090699672699, 0.42767515778541565, 0.4345841705799103, 0.4388052821159363, 0.4450792968273163, 0.41944146156311035, 0.441759318113327, 0.42544618248939514, 0.4328356981277466, 0.4400428831577301, 0.4411701560020447, 0.42544248700141907, 0.4380544424057007, 0.4483296275138855, 0.4149309992790222, 0.4377249479293823, 0.40534061193466187, 0.43690282106399536, 0.450268417596817, 0.4342799782752991, 0.44537603855133057, 0.46589258313179016, 0.4377369284629822];1953.0958693027496
4200;[0.774819552898407, 0.7775284647941589, 0.773731529712677, 0.76827073097229, 0.7821481823921204, 0.7727819085121155, 0.7697222828865051, 0.768171489238739, 0.7690351605415344, 0.7742372155189514, 0.7662478685379028, 0.7691199779510498, 0.7788230776786804, 0.7731967568397522, 0.7687281370162964, 0.777941882610321, 0.7672774195671082, 0.7769161462783813, 0.7734190821647644, 0.7743924856185913, 0.7804269194602966, 0.7800449132919312, 0.7762769460678101, 0.7734218239784241, 0.7704688906669617, 0.76814866065979, 0.7714536190032959, 0.7731403708457947, 0.7715636491775513, 0.7759571075439453, 0.775947630405426];[0.03890760987997055, 0.0379888080060482, 0.03634557127952576, 0.033431991934776306, 0.04455965384840965, 0.03601565584540367, 0.033089231699705124, 0.034166425466537476, 0.034043826162815094, 0.03747019171714783, 0.030277468264102936, 0.030087117105722427, 0.039558593183755875, 0.03409286588430405, 0.030302561819553375, 0.03667059540748596, 0.030122047290205956, 0.03802892938256264, 0.03207780048251152, 0.03503955528140068, 0.040531057864427567, 0.039362549781799316, 0.03658869490027428, 0.034579649567604065, 0.03248380869626999, 0.031796377152204514, 0.03498843312263489, 0.03246002271771431, 0.031016189604997635, 0.034797750413417816, 0.03561864048242569];[-0.8345641493797302, -0.8354230523109436, -0.8344749808311462, -0.8238817453384399, -0.860745906829834, -0.8299388885498047, -0.8212162852287292, -0.8248324394226074, -0.8236671090126038, -0.8352086544036865, -0.8143400549888611, -0.8125900626182556, -0.8407712578773499, -0.8239336609840393, -0.8112667202949524, -0.8439483046531677, -0.8148009181022644, -0.8380594849586487, -0.818829357624054, -0.8239316940307617, -0.8432921171188354, -0.8431901931762695, -0.8338311314582825, -0.830262303352356, -0.8184074759483337, -0.8170479536056519, -0.8211280703544617, -0.8187839984893799, -0.8151415586471558, -0.8529962301254272, -0.8296356201171875];[0.4195796847343445, 0.4408121705055237, 0.43740904331207275, 0.42146411538124084, 0.4366568922996521, 0.42211011052131653, 0.4713667929172516, 0.43903467059135437, 0.47232845425605774, 0.43315526843070984, 0.43728700280189514, 0.4192028343677521, 0.4380338788032532, 0.4207894504070282, 0.4712861180305481, 0.4518333077430725, 0.4298793077468872, 0.43128496408462524, 0.40708407759666443, 0.46690791845321655, 0.41316142678260803, 0.43328261375427246, 0.43402066826820374, 0.4280485212802887, 0.40921273827552795, 0.4316856861114502, 0.429477334022522, 0.4549981951713562, 0.42900025844573975, 0.4141114354133606];1955.9329452514648
4250;[0.7660307884216309, 0.7740492820739746, 0.7751618027687073, 0.7733193635940552, 0.7856842279434204, 0.7854831218719482, 0.7843275666236877, 0.7793459296226501, 0.7729325890541077, 0.7779130935668945, 0.7804857492446899, 0.7771923542022705, 0.7820295691490173, 0.7705475687980652, 0.7809225916862488, 0.7745948433876038, 0.7777711153030396, 0.7654410600662231, 0.7768844962120056, 0.7738436460494995, 0.7865667343139648, 0.7785964608192444, 0.7817040085792542, 0.7830659747123718, 0.7771291732788086, 0.7826713919639587, 0.7828665971755981, 0.7775883078575134, 0.7776547074317932, 0.7779301404953003, 0.7795752286911011];[0.030949516221880913, 0.038606878370046616, 0.03751429170370102, 0.035509999841451645, 0.04282963275909424, 0.04605257883667946, 0.041815903037786484, 0.037089280784130096, 0.03505155071616173, 0.03516286611557007, 0.04031958431005478, 0.03910636529326439, 0.0398588627576828, 0.030250506475567818, 0.03892387077212334, 0.03437291085720062, 0.0346100777387619, 0.028796769678592682, 0.037896327674388885, 0.034628599882125854, 0.04390422999858856, 0.03673936054110527, 0.037289947271347046, 0.03974156826734543, 0.03775570169091225, 0.035326823592185974, 0.04007731005549431, 0.03325805068016052, 0.03692412003874779, 0.034880902618169785, 0.03735576942563057];[-0.8158609867095947, -0.8379254341125488, -0.8426940441131592, -0.8294366598129272, -0.8501970767974854, -0.8680314421653748, -0.8537951707839966, -0.8427361845970154, -0.8279411792755127, -0.8270986080169678, -0.841938316822052, -0.8393007516860962, -0.8396103382110596, -0.8144268989562988, -0.8430651426315308, -0.8245586156845093, -0.8248698711395264, -0.8061105012893677, -0.8370904922485352, -0.8246667385101318, -0.8553652763366699, -0.8265556693077087, -0.8434960246086121, -0.8460344672203064, -0.8376024961471558, -0.825888454914093, -0.8378133773803711, -0.8224520087242126, -0.8337979912757874, -0.8270146250724792, -0.8306494951248169];[0.4404301643371582, 0.4328806698322296, 0.4299203157424927, 0.42040351033210754, 0.4374465346336365, 0.45564019680023193, 0.4280385673046112, 0.4147675633430481, 0.43319883942604065, 0.4165014624595642, 0.4287358522415161, 0.43645545840263367, 0.40878069400787354, 0.4333205223083496, 0.4357842803001404, 0.41770508885383606, 0.4196544289588928, 0.43827196955680847, 0.42602968215942383, 0.41496244072914124, 0.42224350571632385, 0.427385538816452, 0.4142215847969055, 0.4294898509979248, 0.42018789052963257, 0.4212782084941864, 0.4438556134700775, 0.4250079095363617, 0.40348443388938904, 0.4648408591747284];2002.8419094085693
4300;[0.7731620073318481, 0.7757030129432678, 0.7808671593666077, 0.7784402966499329, 0.7752906084060669, 0.775620698928833, 0.7803939580917358, 0.7717949151992798, 0.7788854241371155, 0.7770881056785583, 0.7732946872711182, 0.7736958861351013, 0.7767783403396606, 0.773687481880188, 0.7697358131408691, 0.7715482115745544, 0.7834442853927612, 0.7763869166374207, 0.7770211100578308, 0.7706394195556641, 0.7803336381912231, 0.7765215039253235, 0.7736837267875671, 0.776818037033081, 0.7812313437461853, 0.7675713896751404, 0.7816931009292603, 0.7786033749580383, 0.7886557579040527, 0.7816047072410583, 0.7784858345985413];[0.0369359627366066, 0.037334591150283813, 0.042142778635025024, 0.04066796228289604, 0.03877360001206398, 0.035323310643434525, 0.0412457175552845, 0.035999003797769547, 0.041601426899433136, 0.03933063894510269, 0.03910644352436066, 0.036426134407520294, 0.03769303113222122, 0.035228975117206573, 0.032857831567525864, 0.034799039363861084, 0.04539279639720917, 0.03488710895180702, 0.0364997424185276, 0.02973196841776371, 0.039755865931510925, 0.03606541454792023, 0.03304169327020645, 0.036929383873939514, 0.036671075969934464, 0.02868833765387535, 0.03717300668358803, 0.03617093712091446, 0.041471969336271286, 0.03735317662358284, 0.03607944771647453];[-0.8307245969772339, -0.8387693166732788, -0.854873538017273, -0.8430150747299194, -0.8369877934455872, -0.8279255628585815, -0.844793438911438, -0.8325010538101196, -0.844370424747467, -0.8483561873435974, -0.8341479301452637, -0.8316218852996826, -0.843456506729126, -0.8370176553726196, -0.8212921023368835, -0.8269684314727783, -0.858460545539856, -0.8299764394760132, -0.8330124616622925, -0.811335563659668, -0.8434799313545227, -0.8319075107574463, -0.8215235471725464, -0.8358948230743408, -0.8306096196174622, -0.807317316532135, -0.8390989899635315, -0.8389820456504822, -0.858453631401062, -0.8361138105392456, -0.8312045931816101];[0.44481030106544495, 0.43635809421539307, 0.430939644575119, 0.42893314361572266, 0.45023778080940247, 0.4280881881713867, 0.44155624508857727, 0.4306764304637909, 0.4296017587184906, 0.45218661427497864, 0.4357902407646179, 0.4336448609828949, 0.44424837827682495, 0.44181007146835327, 0.4251706004142761, 0.428080677986145, 0.43766704201698303, 0.4426092207431793, 0.42194774746894836, 0.43164628744125366, 0.45179834961891174, 0.4414414167404175, 0.41602227091789246, 0.4409954249858856, 0.420680969953537, 0.42669251561164856, 0.4301358461380005, 0.44196024537086487, 0.4562413692474365, 0.4244421422481537];1957.0461957454681
4350;[0.7711126208305359, 0.7811471223831177, 0.7761368751525879, 0.7726361751556396, 0.7701144814491272, 0.7771228551864624, 0.7749837636947632, 0.7687222361564636, 0.7750440239906311, 0.7711493968963623, 0.7740755677223206, 0.7720080614089966, 0.7806621789932251, 0.7746577262878418, 0.7730613350868225, 0.7763366103172302, 0.7732590436935425, 0.7713963389396667, 0.770561695098877, 0.7787991762161255, 0.7736141681671143, 0.7752945423126221, 0.7785729169845581, 0.7735852599143982, 0.7723004221916199, 0.7798710465431213, 0.7760176062583923, 0.7795863747596741, 0.778364896774292, 0.7731088995933533, 0.7792302966117859];[0.03230096027255058, 0.038487013429403305, 0.037660494446754456, 0.036722443997859955, 0.033067043870687485, 0.035407423973083496, 0.033054303377866745, 0.029239507392048836, 0.03366171196103096, 0.032844554632902145, 0.034421518445014954, 0.03270018845796585, 0.038303304463624954, 0.03234643489122391, 0.03216069936752319, 0.030944257974624634, 0.03337087482213974, 0.03028705157339573, 0.03127673640847206, 0.03692252188920975, 0.031439244747161865, 0.032673902809619904, 0.03951995447278023, 0.03302296623587608, 0.03078361228108406, 0.03811078146100044, 0.03193897381424904, 0.03463400900363922, 0.03479469195008278, 0.029744813218712807, 0.03454182296991348];[-0.818899393081665, -0.8370966911315918, -0.8300676345825195, -0.8277562856674194, -0.8188204169273376, -0.826781690120697, -0.8263174891471863, -0.8126049041748047, -0.8208403587341309, -0.8184995651245117, -0.8256043791770935, -0.8210342526435852, -0.8350301384925842, -0.8173182606697083, -0.819137692451477, -0.8158153295516968, -0.8248435258865356, -0.8122174739837646, -0.8140581846237183, -0.833745002746582, -0.8129263520240784, -0.8220861554145813, -0.8368029594421387, -0.8198956251144409, -0.8173629641532898, -0.8335528373718262, -0.8176478147506714, -0.8287423253059387, -0.8210068345069885, -0.8129634261131287, -0.849090039730072];[0.4230111241340637, 0.4162665903568268, 0.43982845544815063, 0.4307185411453247, 0.42266929149627686, 0.4230960011482239, 0.4286333918571472, 0.4325456917285919, 0.430237740278244, 0.42450010776519775, 0.4380057752132416, 0.4136982858181, 0.4184393584728241, 0.45082783699035645, 0.4302893579006195, 0.4256787598133087, 0.43389472365379333, 0.4161671996116638, 0.411586195230484, 0.429317444562912, 0.4422179162502289, 0.45878177881240845, 0.40999120473861694, 0.4212651252746582, 0.41555145382881165, 0.4197450280189514, 0.40515953302383423, 0.4207746088504791, 0.4254591763019562, 0.4405292868614197];1985.8154225349426
4400;[0.7702599763870239, 0.7683145999908447, 0.7758830785751343, 0.7875335812568665, 0.7810757160186768, 0.775080680847168, 0.7727273106575012, 0.7738537192344666, 0.7791347503662109, 0.7873482704162598, 0.7799961566925049, 0.7901812791824341, 0.7871027588844299, 0.7826803922653198, 0.7909066677093506, 0.7993952035903931, 0.7982696294784546, 0.7907278537750244, 0.7905581593513489, 0.7863457202911377, 0.7845448851585388, 0.7948675751686096, 0.7863878011703491, 0.7947424650192261, 0.7864551544189453, 0.7920354008674622, 0.7882510423660278, 0.7903220653533936, 0.7947471737861633, 0.7953599095344543, 0.7920361161231995];[0.03421413153409958, 0.033447083085775375, 0.03901771083474159, 0.047910671681165695, 0.04224522039294243, 0.037470292299985886, 0.03477085754275322, 0.03504544124007225, 0.03838145732879639, 0.04555323347449303, 0.035625096410512924, 0.044139549136161804, 0.04190346598625183, 0.040088266134262085, 0.04745806008577347, 0.05367712303996086, 0.052702926099300385, 0.0433584526181221, 0.04374545067548752, 0.04305008798837662, 0.0390184186398983, 0.04698676988482475, 0.03875119239091873, 0.04816700145602226, 0.040737710893154144, 0.045237768441438675, 0.040716636925935745, 0.04653679206967354, 0.0486152321100235, 0.045614391565322876, 0.04477054625749588];[-0.8220859169960022, -0.8196926712989807, -0.8388652205467224, -0.8641780018806458, -0.8467885851860046, -0.8312321901321411, -0.8287606835365295, -0.8266752362251282, -0.8389201760292053, -0.872658908367157, -0.8295594453811646, -0.8512016534805298, -0.8448234796524048, -0.8413333296775818, -0.8663581013679504, -0.8832402229309082, -0.8981439471244812, -0.8524045348167419, -0.8490930199623108, -0.8499913215637207, -0.8389780521392822, -0.8595716953277588, -0.8354503512382507, -0.8736148476600647, -0.8422117233276367, -0.8689010143280029, -0.8438735008239746, -0.8577254414558411, -0.8611558079719543, -0.8567241430282593, -0.856407880783081];[0.43358978629112244, 0.4354470670223236, 0.4253491759300232, 0.43003588914871216, 0.4427478015422821, 0.41001108288764954, 0.41414546966552734, 0.42106229066848755, 0.4346540570259094, 0.42371025681495667, 0.41400933265686035, 0.4129095673561096, 0.43835702538490295, 0.4274365305900574, 0.41554564237594604, 0.4104953110218048, 0.40481483936309814, 0.40088585019111633, 0.4036805033683777, 0.40713822841644287, 0.42213231325149536, 0.4110901951789856, 0.4113726019859314, 0.42493945360183716, 0.40625840425491333, 0.4076917767524719, 0.4037928581237793, 0.4124900996685028, 0.401965469121933, 0.39248406887054443];1987.4341673851013
4450;[0.773384153842926, 0.7726166844367981, 0.7751314640045166, 0.7836526036262512, 0.7712083458900452, 0.7727802395820618, 0.7735501527786255, 0.7708991765975952, 0.7795899510383606, 0.7807115316390991, 0.7845755815505981, 0.774075984954834, 0.7687194347381592, 0.7757400274276733, 0.7826218008995056, 0.7761275172233582, 0.769720196723938, 0.784931480884552, 0.7737621068954468, 0.7792667150497437, 0.771946132183075, 0.7731280326843262, 0.7839361429214478, 0.7696229815483093, 0.7706843614578247, 0.7751915454864502, 0.7739763855934143, 0.7823493480682373, 0.7836493849754333, 0.774032711982727, 0.7812619805335999];[0.03670812398195267, 0.035387951880693436, 0.037692222744226456, 0.04313283786177635, 0.03325028344988823, 0.03748881444334984, 0.034359753131866455, 0.03210296481847763, 0.03695109486579895, 0.03825549781322479, 0.042352285236120224, 0.03419558331370354, 0.030094245448708534, 0.03449580818414688, 0.03755306452512741, 0.03460386395454407, 0.030048225075006485, 0.04259616509079933, 0.03225868567824364, 0.03635413944721222, 0.029054148122668266, 0.030817287042737007, 0.03687184303998947, 0.02787492237985134, 0.030874378979206085, 0.030638596042990685, 0.03262787684798241, 0.03756153583526611, 0.03852154687047005, 0.03317539393901825, 0.03697867691516876];[-0.8316198587417603, -0.8247236013412476, -0.833600640296936, -0.8568058013916016, -0.8260554075241089, -0.835368275642395, -0.8222792744636536, -0.8163901567459106, -0.8325594663619995, -0.8355588316917419, -0.8501982688903809, -0.8325886130332947, -0.8125746846199036, -0.8259007334709167, -0.8364405632019043, -0.8242137432098389, -0.8123770952224731, -0.8504509329795837, -0.8182188868522644, -0.8408457040786743, -0.8098686337471008, -0.8191311359405518, -0.8357179760932922, -0.8037571310997009, -0.8136875033378601, -0.8164063692092896, -0.8198806643486023, -0.8391945958137512, -0.8396296501159668, -0.8202940821647644, -0.8361669182777405];[0.43171077966690063, 0.4315412640571594, 0.43254706263542175, 0.4371146559715271, 0.4359617531299591, 0.43720850348472595, 0.43621572852134705, 0.41467440128326416, 0.44967252016067505, 0.4185389578342438, 0.4426964819431305, 0.43164634704589844, 0.4266185164451599, 0.42500340938568115, 0.4211079180240631, 0.454791784286499, 0.4208776354789734, 0.42719054222106934, 0.41279956698417664, 0.41915658116340637, 0.41848814487457275, 0.4102861285209656, 0.4062608778476715, 0.42000073194503784, 0.4260089695453644, 0.44993358850479126, 0.43132704496383667, 0.4203605353832245, 0.40091273188591003, 0.4200938940048218];2003.7425661087036
4500;[0.7799035906791687, 0.7773812413215637, 0.7715187668800354, 0.7699971199035645, 0.7704857587814331, 0.7674006223678589, 0.7690113186836243, 0.7748852968215942, 0.7750632166862488, 0.7688391208648682, 0.782085657119751, 0.7639176845550537, 0.7653337121009827, 0.772020161151886, 0.7742714881896973, 0.7719905972480774, 0.7699413299560547, 0.7728216648101807, 0.7681272625923157, 0.7730443477630615, 0.7670133113861084, 0.7728381156921387, 0.7632097005844116, 0.7656252384185791, 0.7729660868644714, 0.767016589641571, 0.7720133662223816, 0.7738310098648071, 0.7649238705635071, 0.7656703591346741, 0.7591073513031006];[0.04227187857031822, 0.036382611840963364, 0.03520302101969719, 0.03173226863145828, 0.03362146019935608, 0.03182152286171913, 0.03124815970659256, 0.035249050706624985, 0.035654742270708084, 0.03450798615813255, 0.041960883885622025, 0.02857041172683239, 0.02887836843729019, 0.03240695595741272, 0.03466640040278435, 0.03122616745531559, 0.03068004734814167, 0.03611788526177406, 0.027186745777726173, 0.032169412821531296, 0.02676319144666195, 0.03215852379798889, 0.026276882737874985, 0.027210820466279984, 0.03506247699260712, 0.02780342847108841, 0.031078575178980827, 0.03262418136000633, 0.02900128997862339, 0.02537626400589943, 0.021882159635424614];[-0.8445484042167664, -0.8308075070381165, -0.827741801738739, -0.815052330493927, -0.8224077224731445, -0.8157448768615723, -0.8161395788192749, -0.8303641080856323, -0.8334013223648071, -0.8230293989181519, -0.8524290919303894, -0.8039103746414185, -0.8062422871589661, -0.820813775062561, -0.8309614062309265, -0.817642092704773, -0.8117324113845825, -0.831097424030304, -0.8066182732582092, -0.825552225112915, -0.8037686347961426, -0.8213804960250854, -0.8037960529327393, -0.8038996458053589, -0.8306378126144409, -0.8060685992240906, -0.8132433295249939, -0.8221320509910583, -0.8093135952949524, -0.7991189360618591, -0.7907792925834656];[0.4468455910682678, 0.46265220642089844, 0.46036314964294434, 0.4373537003993988, 0.46796801686286926, 0.4543668329715729, 0.4313230812549591, 0.430118590593338, 0.42654791474342346, 0.4432380497455597, 0.42900165915489197, 0.43674278259277344, 0.47946199774742126, 0.43636322021484375, 0.44993433356285095, 0.441257119178772, 0.41796326637268066, 0.44975078105926514, 0.450824111700058, 0.4510706663131714, 0.4072102904319763, 0.4021076560020447, 0.43479111790657043, 0.4364199638366699, 0.43628671765327454, 0.42185160517692566, 0.43866702914237976, 0.423949658870697, 0.44149506092071533, 0.42920196056365967];2003.5560319423676
4550;[0.77451491355896, 0.7787947058677673, 0.7642563581466675, 0.7746177911758423, 0.7685167789459229, 0.7761992812156677, 0.7764149904251099, 0.7730006575584412, 0.7726055383682251, 0.7713390588760376, 0.7694305181503296, 0.7791527509689331, 0.7755578756332397, 0.7737813591957092, 0.7728615999221802, 0.7757951617240906, 0.7780095338821411, 0.7756577134132385, 0.7740595936775208, 0.767989456653595, 0.7774941921234131, 0.7710559368133545, 0.7787035703659058, 0.7728925943374634, 0.7720098495483398, 0.7749490737915039, 0.7702558040618896, 0.7759507894515991, 0.7770534157752991, 0.7809242606163025, 0.7787914276123047];[0.03537604957818985, 0.043276116251945496, 0.029638729989528656, 0.03565913066267967, 0.03154110163450241, 0.038100700825452805, 0.03585819527506828, 0.03361925855278969, 0.03400888666510582, 0.03351304680109024, 0.031847041100263596, 0.04030914977192879, 0.035130470991134644, 0.03495404124259949, 0.03229483962059021, 0.036715757101774216, 0.03905988112092018, 0.035155631601810455, 0.03503276780247688, 0.030539823696017265, 0.036655493080616, 0.032934531569480896, 0.03693438693881035, 0.03218977898359299, 0.03179161250591278, 0.03171825036406517, 0.02806171402335167, 0.035529252141714096, 0.03279801085591316, 0.036435309797525406, 0.03742983564734459];[-0.8261992931365967, -0.8512160181999207, -0.8105102777481079, -0.8287656903266907, -0.8159868121147156, -0.8347861766815186, -0.8286969065666199, -0.8232645988464355, -0.8278949856758118, -0.8227771520614624, -0.8142902851104736, -0.842613697052002, -0.8281823992729187, -0.8266222476959229, -0.8171568512916565, -0.8314675092697144, -0.838325023651123, -0.8295149803161621, -0.8235790729522705, -0.8134716153144836, -0.8345771431922913, -0.8173271417617798, -0.831060528755188, -0.8231821656227112, -0.8139387965202332, -0.816699206829071, -0.8081814646720886, -0.8330549597740173, -0.8206527233123779, -0.82785564661026, -0.8452684879302979];[0.42387455701828003, 0.44599780440330505, 0.44102558493614197, 0.44148531556129456, 0.4303959608078003, 0.43378955125808716, 0.4090476930141449, 0.43558189272880554, 0.43449100852012634, 0.4607154428958893, 0.4285854399204254, 0.44412529468536377, 0.43105167150497437, 0.4464080035686493, 0.4585148096084595, 0.4320807158946991, 0.43961846828460693, 0.41700899600982666, 0.4361933469772339, 0.42804956436157227, 0.44835165143013, 0.4467664659023285, 0.44247567653656006, 0.43884459137916565, 0.42051953077316284, 0.4272894561290741, 0.416761577129364, 0.4441984295845032, 0.4671580493450165, 0.44550326466560364];2038.766310453415
4600;[0.7703679800033569, 0.7767482399940491, 0.7775377035140991, 0.7735366225242615, 0.775602400302887, 0.7697674036026001, 0.7710524797439575, 0.7694565653800964, 0.7735159993171692, 0.7691217064857483, 0.7759146690368652, 0.7725919485092163, 0.7795881032943726, 0.7698359489440918, 0.7685456275939941, 0.773162841796875, 0.7684369683265686, 0.7756146192550659, 0.7730721235275269, 0.7769062519073486, 0.7760987877845764, 0.771499514579773, 0.7763880491256714, 0.7713468074798584, 0.7750532627105713, 0.7764096260070801, 0.7831990718841553, 0.7712934613227844, 0.7814732789993286, 0.77884441614151, 0.7856751680374146];[0.032315317541360855, 0.040331557393074036, 0.03909456357359886, 0.03638773411512375, 0.038583435118198395, 0.034949664026498795, 0.03380487486720085, 0.03416784852743149, 0.03303977847099304, 0.030947886407375336, 0.03381505236029625, 0.03468051180243492, 0.039693206548690796, 0.031219370663166046, 0.029773695394396782, 0.032510023564100266, 0.031578272581100464, 0.0361325778067112, 0.03324629366397858, 0.035518113523721695, 0.03443920984864235, 0.032812342047691345, 0.03496372327208519, 0.03332628682255745, 0.03395697474479675, 0.03562460467219353, 0.038223136216402054, 0.03224486857652664, 0.0381995365023613, 0.03598954528570175, 0.04073718562722206];[-0.8186097741127014, -0.845835268497467, -0.8392171859741211, -0.8360561728477478, -0.836224377155304, -0.8259263634681702, -0.82590651512146, -0.8235905170440674, -0.8189966678619385, -0.8162022233009338, -0.8215919137001038, -0.8340851664543152, -0.8412755727767944, -0.815704345703125, -0.8112426996231079, -0.8217928409576416, -0.814699649810791, -0.8297163248062134, -0.8249768614768982, -0.8282734751701355, -0.8257477283477783, -0.8219537138938904, -0.8232924938201904, -0.8225445747375488, -0.8332144618034363, -0.8357300758361816, -0.8445003628730774, -0.820379376411438, -0.8337100744247437, -0.8298832774162292, -0.844161868095398];[0.43364378809928894, 0.4326075315475464, 0.4431692361831665, 0.4333268702030182, 0.4284968376159668, 0.4354676902294159, 0.4279288053512573, 0.4272688925266266, 0.43062323331832886, 0.4370247423648834, 0.44369691610336304, 0.41862398386001587, 0.42044639587402344, 0.4363139271736145, 0.42031151056289673, 0.41842591762542725, 0.43118730187416077, 0.4206521511077881, 0.43459296226501465, 0.42441874742507935, 0.42140376567840576, 0.42359766364097595, 0.40619510412216187, 0.44936758279800415, 0.43466177582740784, 0.4184955060482025, 0.4628054201602936, 0.4224345088005066, 0.4246188998222351, 0.417285293340683];1994.7870576381683
4650;[0.7690682411193848, 0.7743242383003235, 0.7698568105697632, 0.7771798968315125, 0.7807716131210327, 0.7727581262588501, 0.7792635560035706, 0.7727046012878418, 0.7849493026733398, 0.7818326950073242, 0.7781735062599182, 0.7807287573814392, 0.7699148058891296, 0.7719337940216064, 0.7714415788650513, 0.7784053683280945, 0.7767748832702637, 0.777912437915802, 0.7687962651252747, 0.7738261818885803, 0.7729997038841248, 0.7818474769592285, 0.7745620012283325, 0.770968496799469, 0.7757567167282104, 0.775239109992981, 0.772529661655426, 0.781195878982544, 0.775888979434967, 0.7784034609794617, 0.7823401093482971];[0.03358170762658119, 0.03576963394880295, 0.03285730630159378, 0.04050414264202118, 0.042805954813957214, 0.032885778695344925, 0.03857259824872017, 0.035711005330085754, 0.04076250642538071, 0.041115887463092804, 0.04011431708931923, 0.03904399648308754, 0.033036161214113235, 0.033941760659217834, 0.030791085213422775, 0.036461807787418365, 0.034259166568517685, 0.03907999396324158, 0.0323190912604332, 0.03441162407398224, 0.03274522349238396, 0.037470098584890366, 0.035283781588077545, 0.03183666989207268, 0.03602130711078644, 0.03415679186582565, 0.0324973464012146, 0.04238733649253845, 0.03724905848503113, 0.037583522498607635, 0.040908824652433395];[-0.8208686709403992, -0.8265729546546936, -0.8228533864021301, -0.8429878354072571, -0.8505927920341492, -0.815773606300354, -0.8385725617408752, -0.8265587687492371, -0.8538689613342285, -0.8742755055427551, -0.8373270630836487, -0.8417789340019226, -0.8244212865829468, -0.82178795337677, -0.8121747970581055, -0.8316169381141663, -0.8232160806655884, -0.838594913482666, -0.8166393041610718, -0.8247420787811279, -0.8242530226707458, -0.828825831413269, -0.8288087844848633, -0.8167194724082947, -0.8351938724517822, -0.825210452079773, -0.8273228406906128, -0.8623127341270447, -0.8366366624832153, -0.8351294994354248, -0.8551263213157654];[0.4414600729942322, 0.4484497606754303, 0.4346265196800232, 0.4170607924461365, 0.45254677534103394, 0.43117451667785645, 0.45116207003593445, 0.444534569978714, 0.4161836504936218, 0.4352401793003082, 0.45306894183158875, 0.466324120759964, 0.43232396245002747, 0.4600176215171814, 0.4321315884590149, 0.43520069122314453, 0.4253426194190979, 0.4356510639190674, 0.4245982766151428, 0.41276636719703674, 0.4529821276664734, 0.4181835353374481, 0.41085249185562134, 0.4311806559562683, 0.4287966191768646, 0.4477602541446686, 0.441752552986145, 0.4259844124317169, 0.4380074143409729, 0.4342784285545349];1977.658893585205
4700;[0.7789782881736755, 0.7683526873588562, 0.760448157787323, 0.7798777222633362, 0.7732892036437988, 0.7768171429634094, 0.7714735269546509, 0.7776278853416443, 0.7835293412208557, 0.7822949290275574, 0.7776827216148376, 0.780359148979187, 0.7848325371742249, 0.7790716290473938, 0.7794634103775024, 0.7895140051841736, 0.7834399342536926, 0.7763999104499817, 0.7794094681739807, 0.7843331098556519, 0.7850522398948669, 0.7877621054649353, 0.7838159203529358, 0.7887297868728638, 0.7925055027008057, 0.7839301824569702, 0.7963057160377502, 0.7926390171051025, 0.7804128527641296, 0.7819944024085999, 0.7879347205162048];[0.039683349430561066, 0.032386135309934616, 0.02677316591143608, 0.0400678776204586, 0.03507111594080925, 0.03701711446046829, 0.032716020941734314, 0.03397605940699577, 0.04035048186779022, 0.0401158481836319, 0.03989081829786301, 0.035383425652980804, 0.041973792016506195, 0.03982401639223099, 0.03558618947863579, 0.044023919850587845, 0.039150841534137726, 0.035848964005708694, 0.03743724524974823, 0.03783726319670677, 0.039844758808612823, 0.04142768681049347, 0.038928497582674026, 0.039706166833639145, 0.04346447065472603, 0.03785545006394386, 0.04591335728764534, 0.04113107919692993, 0.03267858922481537, 0.036620453000068665, 0.041256196796894073];[-0.8379944562911987, -0.8175734281539917, -0.8034387230873108, -0.8418818116188049, -0.827087938785553, -0.833392858505249, -0.8171523809432983, -0.826219916343689, -0.8404334783554077, -0.8375747799873352, -0.8405327200889587, -0.835282564163208, -0.84730464220047, -0.8426143527030945, -0.8291819095611572, -0.851165235042572, -0.8393366932868958, -0.8278675675392151, -0.8301990628242493, -0.8344873189926147, -0.8435354232788086, -0.8489140868186951, -0.8380873799324036, -0.8399596214294434, -0.8496608734130859, -0.8330714702606201, -0.8704890608787537, -0.8506484627723694, -0.8183187246322632, -0.8315497040748596, -0.8440434336662292];[0.4151325225830078, 0.446260541677475, 0.4500245153903961, 0.4282519519329071, 0.4443221688270569, 0.4268167018890381, 0.43428701162338257, 0.43967315554618835, 0.42610815167427063, 0.4135979413986206, 0.4529659152030945, 0.43196049332618713, 0.41748055815696716, 0.43337294459342957, 0.421613484621048, 0.4148213863372803, 0.41633349657058716, 0.41539356112480164, 0.4177249073982239, 0.41910403966903687, 0.423458456993103, 0.4080064594745636, 0.40612950921058655, 0.4147091805934906, 0.40933066606521606, 0.414198637008667, 0.4021959602832794, 0.41123950481414795, 0.40430670976638794, 0.4068075120449066];1965.496502161026
4750;[0.7794287800788879, 0.7755707502365112, 0.7688813805580139, 0.7784065008163452, 0.770015299320221, 0.7668064832687378, 0.7797657251358032, 0.7696841955184937, 0.7747383713722229, 0.7875927686691284, 0.7781772613525391, 0.7754403352737427, 0.7728355526924133, 0.7667302489280701, 0.7704648375511169, 0.7787966132164001, 0.7770761251449585, 0.7761080265045166, 0.7731256484985352, 0.7734836339950562, 0.7689294219017029, 0.7775743007659912, 0.7736799120903015, 0.7708090543746948, 0.7790985703468323, 0.7760107517242432, 0.7776526808738708, 0.7784484624862671, 0.7718253135681152, 0.7853620052337646, 0.778571367263794];[0.041733283549547195, 0.040503814816474915, 0.03257637098431587, 0.038062069565057755, 0.031719546765089035, 0.029040103778243065, 0.0393112413585186, 0.027978019788861275, 0.03385964408516884, 0.04104897379875183, 0.03445727378129959, 0.03094354458153248, 0.029479417949914932, 0.025238484144210815, 0.02768724039196968, 0.033911991864442825, 0.03328508138656616, 0.03082185611128807, 0.031166790053248405, 0.029772158712148666, 0.025689007714390755, 0.029903575778007507, 0.026608584448695183, 0.02535177208483219, 0.032742273062467575, 0.02490673027932644, 0.0303542148321867, 0.030634451657533646, 0.025882381945848465, 0.035681068897247314, 0.030357806012034416];[-0.8518840670585632, -0.841198742389679, -0.8195863366127014, -0.8374214768409729, -0.8207657933235168, -0.8104234933853149, -0.8431458473205566, -0.8048840165138245, -0.8227791786193848, -0.847141444683075, -0.8273253440856934, -0.8196871280670166, -0.8099473714828491, -0.801555871963501, -0.8035022020339966, -0.8221753835678101, -0.8175467252731323, -0.8144260048866272, -0.8167557120323181, -0.8112711310386658, -0.8020639419555664, -0.8142418265342712, -0.8005814552307129, -0.7992203831672668, -0.8187537789344788, -0.8072875738143921, -0.8165773153305054, -0.8186880350112915, -0.8001627326011658, -0.8326448202133179, -0.812383234500885];[0.4377584457397461, 0.43776875734329224, 0.4284787178039551, 0.4216690957546234, 0.41898486018180847, 0.43955332040786743, 0.4335428774356842, 0.42083027958869934, 0.41989007592201233, 0.41361114382743835, 0.417728990316391, 0.4262523949146271, 0.41830965876579285, 0.42424872517585754, 0.4219546914100647, 0.39676228165626526, 0.4017961621284485, 0.41153597831726074, 0.42465630173683167, 0.44634369015693665, 0.40887802839279175, 0.42716142535209656, 0.4143799841403961, 0.38776642084121704, 0.40710386633872986, 0.4071305990219116, 0.4019956588745117, 0.37598729133605957, 0.41703924536705017, 0.4274444282054901];1945.788322687149
4800;[0.7742926478385925, 0.7693877816200256, 0.7744500041007996, 0.7740169763565063, 0.7728118896484375, 0.7692112326622009, 0.7625345587730408, 0.7680104374885559, 0.773173451423645, 0.7737451195716858, 0.7775018215179443, 0.774599015712738, 0.7676478028297424, 0.7707756757736206, 0.7708186507225037, 0.7653358578681946, 0.7689439058303833, 0.7735863924026489, 0.7829909324645996, 0.7789815664291382, 0.7700052261352539, 0.7750716209411621, 0.7715021371841431, 0.772697389125824, 0.7766026258468628, 0.7692264318466187, 0.7767857909202576, 0.7745792269706726, 0.7837206125259399, 0.7745471596717834, 0.775052547454834];[0.03619750961661339, 0.032586824148893356, 0.03684338554739952, 0.035861190408468246, 0.032827235758304596, 0.03148961067199707, 0.02651825174689293, 0.030782237648963928, 0.03411479666829109, 0.03424469754099846, 0.03574175760149956, 0.03328428044915199, 0.031180795282125473, 0.030889933928847313, 0.032571740448474884, 0.02705509029328823, 0.033750299364328384, 0.03185630589723587, 0.038386858999729156, 0.03600967675447464, 0.029022052884101868, 0.032313939183950424, 0.028904518112540245, 0.033150602132081985, 0.030663060024380684, 0.028256265446543694, 0.032282572239637375, 0.031676582992076874, 0.03860124945640564, 0.033077728003263474, 0.03006153739988804];[-0.8328568935394287, -0.8231972455978394, -0.8305478692054749, -0.8294517397880554, -0.8192943930625916, -0.8159289360046387, -0.8003390431404114, -0.8122644424438477, -0.8221734762191772, -0.8229851126670837, -0.8377336263656616, -0.8216384053230286, -0.8163734078407288, -0.8130253553390503, -0.8189753293991089, -0.8043518662452698, -0.8200422525405884, -0.820565938949585, -0.8468509316444397, -0.8298136591911316, -0.8094741106033325, -0.820642352104187, -0.8281019330024719, -0.8210169672966003, -0.815717875957489, -0.8047438859939575, -0.822804868221283, -0.8168598413467407, -0.8433127999305725, -0.819312572479248, -0.8154897689819336];[0.42471617460250854, 0.416475385427475, 0.43242740631103516, 0.430941104888916, 0.4337177872657776, 0.44032207131385803, 0.4162778854370117, 0.4128115177154541, 0.41953548789024353, 0.4434702694416046, 0.4187779724597931, 0.41800081729888916, 0.4194592237472534, 0.4306465685367584, 0.40848758816719055, 0.41562220454216003, 0.4308512806892395, 0.4406542479991913, 0.4222933053970337, 0.4145854413509369, 0.41909506916999817, 0.41734302043914795, 0.42989492416381836, 0.4207734763622284, 0.41418081521987915, 0.41839227080345154, 0.4241582453250885, 0.41973748803138733, 0.4283609390258789, 0.42517581582069397];1957.3805148601532
4850;[0.7771209478378296, 0.7755498290061951, 0.7743951082229614, 0.7657527923583984, 0.7702231407165527, 0.7832727432250977, 0.7760750651359558, 0.7740626335144043, 0.7905436158180237, 0.7716353535652161, 0.7698637843132019, 0.7816213369369507, 0.765641450881958, 0.7735131978988647, 0.7886127233505249, 0.779203474521637, 0.790422797203064, 0.7829799056053162, 0.7862964868545532, 0.7794610261917114, 0.7884097695350647, 0.7860703468322754, 0.7882022261619568, 0.7821953296661377, 0.7920663952827454, 0.7902477979660034, 0.7957322001457214, 0.7854058146476746, 0.7874926328659058, 0.7891115546226501, 0.787900984287262];[0.03999890014529228, 0.03781162202358246, 0.034361332654953, 0.030783360823988914, 0.032215625047683716, 0.04090183600783348, 0.0351942777633667, 0.03277990594506264, 0.04788931831717491, 0.03259972482919693, 0.03000747412443161, 0.0385102778673172, 0.03020630218088627, 0.034830864518880844, 0.043974824249744415, 0.0364089235663414, 0.04425615817308426, 0.04293195903301239, 0.04020971804857254, 0.036396849900484085, 0.04257155582308769, 0.040206700563430786, 0.04225209727883339, 0.03912995010614395, 0.044873155653476715, 0.04165900871157646, 0.046353232115507126, 0.0375334657728672, 0.03841687738895416, 0.04061094671487808, 0.04106137529015541];[-0.8417781591415405, -0.8327135443687439, -0.8232269287109375, -0.8118286728858948, -0.8184345960617065, -0.8619460463523865, -0.8269943594932556, -0.8196136355400085, -0.8740379214286804, -0.8209673166275024, -0.813659131526947, -0.8357037901878357, -0.810828685760498, -0.8231827616691589, -0.8541927337646484, -0.8293919563293457, -0.8636756539344788, -0.8517516255378723, -0.8442429304122925, -0.8331885933876038, -0.853917121887207, -0.8407914042472839, -0.8417235612869263, -0.838262140750885, -0.850193202495575, -0.8494513630867004, -0.8677560687065125, -0.8402631282806396, -0.8327258229255676, -0.8421494364738464, -0.8395944833755493];[0.43688255548477173, 0.42460644245147705, 0.42960453033447266, 0.4233122169971466, 0.4476679563522339, 0.43160274624824524, 0.4404589831829071, 0.4304347634315491, 0.4369232952594757, 0.417283296585083, 0.4279867112636566, 0.42249438166618347, 0.40201157331466675, 0.4416545033454895, 0.4488781690597534, 0.41394954919815063, 0.42554301023483276, 0.4071551263332367, 0.4139648377895355, 0.40498340129852295, 0.4098187983036041, 0.40814775228500366, 0.4032277464866638, 0.3973418176174164, 0.4213198721408844, 0.4069161117076874, 0.39749062061309814, 0.40302029252052307, 0.3984443247318268, 0.4018837511539459];1956.1520628929138
4900;[0.7751725316047668, 0.7771521806716919, 0.7735950946807861, 0.7710374593734741, 0.7797845602035522, 0.7696588635444641, 0.7779954075813293, 0.7705398201942444, 0.7816738486289978, 0.778847873210907, 0.7738158702850342, 0.7804061770439148, 0.7759379148483276, 0.7769943475723267, 0.7762868404388428, 0.7771236896514893, 0.7812492251396179, 0.7777848839759827, 0.7791194319725037, 0.7854849100112915, 0.7832547426223755, 0.7701779007911682, 0.7758288979530334, 0.781645655632019, 0.7683753371238708, 0.7884067296981812, 0.7730154991149902, 0.7749716639518738, 0.7821016907691956, 0.7792066335678101, 0.7721362709999084];[0.03560052067041397, 0.04012603685259819, 0.0369342565536499, 0.03195149451494217, 0.03791201114654541, 0.031803153455257416, 0.03826582431793213, 0.03137139603495598, 0.04009654000401497, 0.03638019785284996, 0.03363294154405594, 0.039346519857645035, 0.03641436994075775, 0.03519117087125778, 0.034580957144498825, 0.033996082842350006, 0.03841396048665047, 0.03739847242832184, 0.037310000509023666, 0.042894959449768066, 0.04074731096625328, 0.02847675234079361, 0.03438926115632057, 0.0373871810734272, 0.03039129450917244, 0.04470015689730644, 0.029642688110470772, 0.032421037554740906, 0.037002790719270706, 0.037140779197216034, 0.030075013637542725];[-0.8262383341789246, -0.8405663967132568, -0.8288604021072388, -0.8186305165290833, -0.8489968180656433, -0.8142558336257935, -0.8348288536071777, -0.8144984841346741, -0.857130765914917, -0.8310936093330383, -0.8256435394287109, -0.8383604884147644, -0.837049663066864, -0.8279320597648621, -0.8293744921684265, -0.8295972347259521, -0.8349819183349609, -0.8334161639213562, -0.8317669034004211, -0.8572558760643005, -0.842388927936554, -0.8104408383369446, -0.8245987296104431, -0.8339675068855286, -0.813235342502594, -0.8613041639328003, -0.8135705590248108, -0.8225050568580627, -0.8335180878639221, -0.8335784077644348, -0.8125916719436646];[0.44518712162971497, 0.4194185435771942, 0.42979657649993896, 0.4585357904434204, 0.4278945326805115, 0.38249340653419495, 0.4600839912891388, 0.4303821325302124, 0.4204006791114807, 0.44622817635536194, 0.444538950920105, 0.4251249134540558, 0.44074612855911255, 0.4399528205394745, 0.4369381368160248, 0.4154878556728363, 0.41279613971710205, 0.4287795424461365, 0.42950931191444397, 0.42596304416656494, 0.4265914559364319, 0.38568252325057983, 0.41633203625679016, 0.41307738423347473, 0.4333924949169159, 0.3925148844718933, 0.4359046518802643, 0.4013928472995758, 0.40150323510169983, 0.39583277702331543];1929.5107109546661
4950;[0.7709441184997559, 0.7721347808837891, 0.7746008634567261, 0.7812955379486084, 0.7885366678237915, 0.7744888067245483, 0.7781854271888733, 0.7712579965591431, 0.7733908295631409, 0.782265841960907, 0.7793577909469604, 0.774027943611145, 0.7845603227615356, 0.7828995585441589, 0.7855582237243652, 0.7841058969497681, 0.7753921151161194, 0.781072199344635, 0.781154215335846, 0.7868561148643494, 0.7891634702682495, 0.7817628979682922, 0.7835398316383362, 0.7851098775863647, 0.7852839827537537, 0.7790428996086121, 0.7775201201438904, 0.7883197069168091, 0.783602774143219, 0.7839420437812805, 0.7857212424278259];[0.03529605641961098, 0.03549636900424957, 0.03684787079691887, 0.039550457149744034, 0.047219689935445786, 0.03447570279240608, 0.038021884858608246, 0.032724279910326004, 0.033297810703516006, 0.04032646864652634, 0.03853725269436836, 0.03420792520046234, 0.04212458059191704, 0.03921658918261528, 0.04103199020028114, 0.03849577158689499, 0.03026391565799713, 0.03678906336426735, 0.03459560498595238, 0.04063580185174942, 0.040685705840587616, 0.03585361689329147, 0.03680324926972389, 0.037897512316703796, 0.03769981488585472, 0.03249020501971245, 0.03113456815481186, 0.03969607502222061, 0.036813557147979736, 0.03665395826101303, 0.03720168024301529];[-0.829927384853363, -0.828220546245575, -0.8316094279289246, -0.8396871089935303, -0.8631369471549988, -0.8270772695541382, -0.8390524387359619, -0.8257127404212952, -0.8215537667274475, -0.8512584567070007, -0.8379703760147095, -0.8202673196792603, -0.8583142161369324, -0.8389577865600586, -0.8482438325881958, -0.8392037153244019, -0.8167096376419067, -0.8346226215362549, -0.827512800693512, -0.8488306999206543, -0.851649284362793, -0.8277384042739868, -0.8317841291427612, -0.8339619040489197, -0.8375993371009827, -0.8217350244522095, -0.814926266670227, -0.8388011455535889, -0.8314629197120667, -0.8257915377616882, -0.8316499590873718];[0.4287530779838562, 0.44346317648887634, 0.4425165057182312, 0.42476460337638855, 0.412899374961853, 0.42654579877853394, 0.4249517619609833, 0.4254816472530365, 0.44059962034225464, 0.4229409098625183, 0.42439961433410645, 0.4301414489746094, 0.42266181111335754, 0.4185503423213959, 0.4167289435863495, 0.40939804911613464, 0.4286084473133087, 0.4213311970233917, 0.41829174757003784, 0.44323378801345825, 0.41009125113487244, 0.41248589754104614, 0.4097446799278259, 0.4193459451198578, 0.39397695660591125, 0.41911688446998596, 0.40108931064605713, 0.3777657151222229, 0.4140258729457855, 0.40227407217025757];1924.0386698246002
5000;[0.773542046546936, 0.7675836086273193, 0.7739623785018921, 0.7785423994064331, 0.7762143015861511, 0.7724164724349976, 0.7776761054992676, 0.7654097080230713, 0.7754589915275574, 0.7715669274330139, 0.7743909358978271, 0.7810710072517395, 0.7781585454940796, 0.778957188129425, 0.7789390087127686, 0.7774321436882019, 0.7703866362571716, 0.7784693837165833, 0.7830237150192261, 0.7737365365028381, 0.7723856568336487, 0.7840997576713562, 0.7757647037506104, 0.7745779156684875, 0.7919234037399292, 0.7744623422622681, 0.7768368124961853, 0.781928539276123, 0.7756101489067078, 0.7802779078483582, 0.7887845039367676];[0.03643457964062691, 0.03356443718075752, 0.03820148482918739, 0.03896729275584221, 0.036213282495737076, 0.033936697989702225, 0.03900734707713127, 0.02934992127120495, 0.040028300136327744, 0.034623075276613235, 0.03546566143631935, 0.04048539325594902, 0.03871944174170494, 0.03719313070178032, 0.042259301990270615, 0.038417570292949677, 0.033601678907871246, 0.03897840902209282, 0.042365044355392456, 0.035083964467048645, 0.0350724421441555, 0.04217610880732536, 0.03567954897880554, 0.03607364743947983, 0.04791153967380524, 0.03488999605178833, 0.03649077191948891, 0.04355774447321892, 0.03615964576601982, 0.03753532096743584, 0.04714285209774971];[-0.8297635316848755, -0.8191519975662231, -0.8332064151763916, -0.8340780735015869, -0.8284066915512085, -0.8204083442687988, -0.8526804447174072, -0.8087407350540161, -0.8373414278030396, -0.8263591527938843, -0.8270702958106995, -0.8440502285957336, -0.840843141078949, -0.8331760764122009, -0.8443503975868225, -0.8353950381278992, -0.8210174441337585, -0.8439825773239136, -0.8503593802452087, -0.8298034071922302, -0.8285735845565796, -0.857753336429596, -0.8284916877746582, -0.8310497999191284, -0.8643068671226501, -0.826106071472168, -0.8370040059089661, -0.8502176403999329, -0.8251891136169434, -0.832050621509552, -0.8606476783752441];[0.42446836829185486, 0.4642673432826996, 0.42586490511894226, 0.4234006702899933, 0.4349263608455658, 0.4369637668132782, 0.43508943915367126, 0.44205743074417114, 0.4478641152381897, 0.4234144389629364, 0.4262123107910156, 0.4519837498664856, 0.4415206015110016, 0.43113774061203003, 0.4310760796070099, 0.42127642035484314, 0.4561488628387451, 0.43799784779548645, 0.4344358742237091, 0.42586395144462585, 0.4149375855922699, 0.422838419675827, 0.42607632279396057, 0.4172436594963074, 0.4340372681617737, 0.42409804463386536, 0.426287978887558, 0.42634913325309753, 0.4301770031452179, 0.4369331896305084];1919.2043242454529
