Seed;RMSE History;MMD History;Log-Likelihood History;Max EIG History;Deployment Time
50;[0.7821969985961914, 0.7755045294761658, 0.7834911346435547, 0.7978236079216003, 0.8001277446746826, 0.8012654781341553, 0.8298444151878357, 0.8360124230384827, 0.8288730978965759, 0.8573305606842041, 0.8373721837997437, 0.8854146599769592, 0.871658980846405, 0.9113597869873047, 0.9143732786178589, 0.9044762849807739, 0.9252749681472778, 0.9226497411727905, 0.9188739061355591, 0.9252355098724365, 0.9177384972572327, 0.9347584247589111, 0.9115579128265381, 0.920473039150238, 0.9041488766670227, 0.9068460464477539, 0.9049026966094971, 0.8873311877250671, 0.8793101906776428, 0.8870924115180969, 0.8923203349113464];[0.04275934398174286, 0.027120716869831085, 0.029260361567139626, 0.04116244986653328, 0.04211007431149483, 0.04645713046193123, 0.08301319181919098, 0.09029937535524368, 0.08192151039838791, 0.12291911244392395, 0.10445111244916916, 0.16115069389343262, 0.1494421809911728, 0.19598710536956787, 0.20539768040180206, 0.19586165249347687, 0.21619296073913574, 0.21701790392398834, 0.21062690019607544, 0.21674560010433197, 0.2076212465763092, 0.22555983066558838, 0.20340649783611298, 0.21257880330085754, 0.19800880551338196, 0.19677957892417908, 0.19535818696022034, 0.17811967432498932, 0.16446758806705475, 0.17995977401733398, 0.19063296914100647];[-0.8513761162757874, -0.8025596141815186, -0.813038170337677, -0.8402866125106812, -0.8491513133049011, -0.8547129034996033, -0.9562798142433167, -0.9773225784301758, -0.9496591091156006, -1.066426396369934, -1.0158518552780151, -1.2198100090026855, -1.1659448146820068, -1.3430339097976685, -1.3711705207824707, -1.3579429388046265, -1.4480435848236084, -1.4298659563064575, -1.436750054359436, -1.470677137374878, -1.4335483312606812, -1.5172725915908813, -1.3916884660720825, -1.4523534774780273, -1.370089054107666, -1.4097529649734497, -1.414701223373413, -1.3107726573944092, -1.3142958879470825, -1.341701626777649, -1.3639936447143555];[0.4498543441295624, 0.39895448088645935, 0.364107221364975, 0.3246506452560425, 0.3184605836868286, 0.2957705557346344, 0.21350376307964325, 0.2011207938194275, 0.2032504379749298, 0.15778745710849762, 0.14745765924453735, 0.10873337090015411, 0.09646613895893097, 0.0775357261300087, 0.06251358985900879, 0.05233202502131462, 0.04675614461302757, 0.04828193411231041, 0.04309152066707611, 0.04377225786447525, 0.056084904819726944, 0.056087855249643326, 0.056049853563308716, 0.06112826615571976, 0.06603416055440903, 0.05918343365192413, 0.06463716179132462, 0.07303562015295029, 0.0899040475487709, 0.07219401001930237]
100;[0.7740078568458557, 0.7663812637329102, 0.7752853035926819, 0.7730782628059387, 0.7748285531997681, 0.7829495668411255, 0.799096941947937, 0.8140736222267151, 0.8207247257232666, 0.8269906044006348, 0.8421151041984558, 0.8620545864105225, 0.8778328895568848, 0.8922783732414246, 0.9215053915977478, 0.9262050986289978, 0.9299157857894897, 0.9534940719604492, 0.9475628733634949, 0.9717544317245483, 0.9728708267211914, 1.0009565353393555, 0.9846375584602356, 0.9864031076431274, 0.9784508943557739, 0.978258490562439, 0.9972204566001892, 0.975077211856842, 0.995736837387085, 0.9808384776115417, 0.980733335018158];[0.03575695678591728, 0.03435043618083, 0.03388763591647148, 0.03451500087976456, 0.03956059366464615, 0.037672851234674454, 0.04771633446216583, 0.06434114277362823, 0.07557345181703568, 0.0882984921336174, 0.10054546594619751, 0.13670627772808075, 0.1567593514919281, 0.17833930253982544, 0.21249423921108246, 0.22017072141170502, 0.22467440366744995, 0.2458743005990982, 0.2490445226430893, 0.2720225155353546, 0.27871838212013245, 0.30337056517601013, 0.28971347212791443, 0.28809159994125366, 0.28376275300979614, 0.28611913323402405, 0.302187442779541, 0.27761751413345337, 0.30016905069351196, 0.2869330942630768, 0.2836071252822876];[-0.8250949382781982, -0.822531521320343, -0.8225620985031128, -0.8257699608802795, -0.8386409878730774, -0.8319828510284424, -0.8679470419883728, -0.9217128753662109, -0.962938666343689, -0.9888136982917786, -1.074238896369934, -1.1503764390945435, -1.2381584644317627, -1.3255079984664917, -1.4750518798828125, -1.493936538696289, -1.5230281352996826, -1.6795072555541992, -1.6187852621078491, -1.7732347249984741, -1.7041794061660767, -1.8659863471984863, -1.7725592851638794, -1.8157930374145508, -1.751902461051941, -1.7238507270812988, -1.8487900495529175, -1.7687660455703735, -1.8478232622146606, -1.7572277784347534, -1.7746046781539917];[0.43560758233070374, 0.4445490837097168, 0.45083650946617126, 0.42380616068840027, 0.4258287250995636, 0.4108846187591553, 0.3892143666744232, 0.33448559045791626, 0.327059805393219, 0.2732776999473572, 0.2560596168041229, 0.19721916317939758, 0.1673375964164734, 0.13997438549995422, 0.11019732803106308, 0.0968790054321289, 0.07176029682159424, 0.05548259988427162, 0.035027384757995605, 0.023622991517186165, 0.01974962092936039, 0.015604387037456036, 0.012791440822184086, 0.011935506947338581, 0.006521346978843212, 0.004663272760808468, 0.0039753722958266735, 0.004086003173142672, 0.0034391044173389673, 0.0038115517236292362]
150;[0.7738230228424072, 0.7840698957443237, 0.7866447567939758, 0.7902432680130005, 0.7962404489517212, 0.789669394493103, 0.799814760684967, 0.7912899255752563, 0.7769068479537964, 0.780546247959137, 0.7808942794799805, 0.7749692797660828, 0.7876318097114563, 0.7844991683959961, 0.7898476719856262, 0.8058274388313293, 0.8201797604560852, 0.808279812335968, 0.8182982802391052, 0.7980679273605347, 0.8125180006027222, 0.8227159380912781, 0.8222759962081909, 0.8342679738998413, 0.8454411625862122, 0.850652813911438, 0.8879257440567017, 0.8581965565681458, 0.8888663053512573, 0.8909361362457275, 0.8893488645553589];[0.0353887565433979, 0.037158023566007614, 0.03409873694181442, 0.03712000325322151, 0.04069042578339577, 0.037505075335502625, 0.046805210411548615, 0.035427723079919815, 0.02884475700557232, 0.032284192740917206, 0.04023836925625801, 0.039645690470933914, 0.04766039177775383, 0.045667652040719986, 0.05443165451288223, 0.07502637058496475, 0.09456285834312439, 0.08442294597625732, 0.09570647031068802, 0.0863572508096695, 0.0961509644985199, 0.10620559751987457, 0.10280020534992218, 0.11309993267059326, 0.12741699814796448, 0.13560450077056885, 0.1748645156621933, 0.14778964221477509, 0.17924898862838745, 0.1804324984550476, 0.17806999385356903];[-0.8276398181915283, -0.8361821174621582, -0.8313897252082825, -0.8388832807540894, -0.8439702391624451, -0.8409395813941956, -0.8681485056877136, -0.8295345902442932, -0.80854731798172, -0.8229186534881592, -0.8446513414382935, -0.8440749645233154, -0.8755638003349304, -0.8662616610527039, -0.8832091093063354, -0.9622927308082581, -1.0271943807601929, -0.9816131591796875, -1.0301034450531006, -0.9963186383247375, -1.028682827949524, -1.0801173448562622, -1.061340570449829, -1.0934067964553833, -1.1411690711975098, -1.1634306907653809, -1.3425910472869873, -1.1983122825622559, -1.342529535293579, -1.3854116201400757, -1.4153459072113037];[0.46959537267684937, 0.4067738950252533, 0.37456652522087097, 0.35922563076019287, 0.3630363643169403, 0.3448624610900879, 0.35654863715171814, 0.3749670386314392, 0.3648882806301117, 0.38532787561416626, 0.42555874586105347, 0.463972270488739, 0.5207845568656921, 0.5310367941856384, 0.5769133567810059, 0.5568621158599854, 0.5681003332138062, 0.5519737601280212, 0.5869489312171936, 0.5161634683609009, 0.6081864237785339, 0.7173383235931396, 0.7119373083114624, 0.6606404185295105, 0.5080479979515076, 0.34680870175361633, 0.2601182460784912, 0.31767022609710693, 0.2195085883140564, 0.26747626066207886]
200;[0.7712486386299133, 0.7753798961639404, 0.7768536806106567, 0.7854897975921631, 0.8012373447418213, 0.7957876324653625, 0.7893884181976318, 0.7806929349899292, 0.7743009924888611, 0.790778636932373, 0.8269515037536621, 0.8234022259712219, 0.8189326524734497, 0.8452889919281006, 0.8612057566642761, 0.8787719011306763, 0.8900085687637329, 0.8862797617912292, 0.9055436253547668, 0.9353689551353455, 0.9359608292579651, 0.9308969378471375, 0.9601227641105652, 0.9679663181304932, 0.9623509645462036, 0.9935046434402466, 0.9823420643806458, 0.9947082996368408, 0.9889591336250305, 1.012097954750061, 0.9965465664863586];[0.03644751384854317, 0.038959238678216934, 0.0293816439807415, 0.03564557060599327, 0.04227004572749138, 0.042741235345602036, 0.043494075536727905, 0.03548634424805641, 0.030714843422174454, 0.043280016630887985, 0.08834449201822281, 0.08554574847221375, 0.08211679011583328, 0.11516553908586502, 0.1335398405790329, 0.1555957794189453, 0.16995760798454285, 0.17360247671604156, 0.19299709796905518, 0.22553573548793793, 0.2294239103794098, 0.2254624366760254, 0.25455614924430847, 0.26748114824295044, 0.2667600214481354, 0.2964843809604645, 0.28683245182037354, 0.2983015775680542, 0.29436686635017395, 0.32064539194107056, 0.30234163999557495];[-0.8304311633110046, -0.8383864760398865, -0.819160521030426, -0.8273310661315918, -0.8819165825843811, -0.8522520661354065, -0.8623726963996887, -0.8413965106010437, -0.8186687231063843, -0.8468595743179321, -1.0070801973342896, -1.0140461921691895, -0.9876894950866699, -1.120870590209961, -1.1730597019195557, -1.2753657102584839, -1.3223092555999756, -1.2947734594345093, -1.4229742288589478, -1.5541486740112305, -1.5409959554672241, -1.5284807682037354, -1.6966369152069092, -1.7006052732467651, -1.6610041856765747, -1.8209177255630493, -1.7661789655685425, -1.8306610584259033, -1.7968690395355225, -1.8777836561203003, -1.82060706615448];[0.41035547852516174, 0.4544350504875183, 0.3980741798877716, 0.39575743675231934, 0.36916986107826233, 0.38300076127052307, 0.43960416316986084, 0.5597127676010132, 0.5183460712432861, 0.4839954078197479, 0.5119022727012634, 0.46354618668556213, 0.3783533275127411, 0.2975265085697174, 0.26040926575660706, 0.20603932440280914, 0.2034325748682022, 0.17171157896518707, 0.12374211102724075, 0.11524481326341629, 0.08226171880960464, 0.06507858633995056, 0.048620350658893585, 0.036483749747276306, 0.02563934400677681, 0.020688343793153763, 0.01628226600587368, 0.015642160549759865, 0.014022082090377808, 0.013627566397190094]
250;[0.7790236473083496, 0.7792714834213257, 0.7896693348884583, 0.829330563545227, 0.852614164352417, 0.8477925658226013, 0.8744385838508606, 0.8946970105171204, 0.9225113987922668, 0.95284104347229, 0.9465104937553406, 0.9768261313438416, 0.9994689226150513, 0.9755889177322388, 0.9902489185333252, 0.9761219024658203, 0.982548713684082, 0.9888390302658081, 1.0037386417388916, 0.9881278872489929, 0.9784020781517029, 1.0126432180404663, 1.0117019414901733, 0.9728588461875916, 0.9975143671035767, 1.0021162033081055, 0.9783002138137817, 1.0140233039855957, 0.9972966909408569, 1.0015556812286377, 0.9808352589607239];[0.04095490276813507, 0.04183170199394226, 0.040063999593257904, 0.07984914630651474, 0.10924936085939407, 0.11627543717622757, 0.1467321515083313, 0.18097491562366486, 0.21665525436401367, 0.25022533535957336, 0.24866983294487, 0.27526235580444336, 0.2996038794517517, 0.2767041027545929, 0.2971620261669159, 0.27996549010276794, 0.2883707582950592, 0.29418179392814636, 0.30780303478240967, 0.29301586747169495, 0.2849385142326355, 0.31683653593063354, 0.31444108486175537, 0.2767552435398102, 0.3027544915676117, 0.30507901310920715, 0.2869980037212372, 0.3182040750980377, 0.3028092384338379, 0.31084567308425903, 0.2868993282318115];[-0.8494722843170166, -0.8507771492004395, -0.8431681990623474, -0.9700555205345154, -1.1321343183517456, -1.0980134010314941, -1.2149579524993896, -1.2950433492660522, -1.4333155155181885, -1.5973796844482422, -1.5831164121627808, -1.738361120223999, -1.8805814981460571, -1.7547111511230469, -1.7835588455200195, -1.7435338497161865, -1.7446370124816895, -1.7777471542358398, -1.8702298402786255, -1.7740468978881836, -1.7451685667037964, -1.911248803138733, -1.9241689443588257, -1.7336934804916382, -1.8453997373580933, -1.8757318258285522, -1.7320096492767334, -1.923879623413086, -1.8372771739959717, -1.8389993906021118, -1.7413071393966675];[0.43426933884620667, 0.42786577343940735, 0.39576059579849243, 0.36098361015319824, 0.3224904239177704, 0.24671925604343414, 0.232736274600029, 0.1446806937456131, 0.1195564717054367, 0.07619933784008026, 0.05168355628848076, 0.03149490803480148, 0.026772646233439445, 0.022453444078564644, 0.016550244763493538, 0.01261947676539421, 0.010976320132613182, 0.011538242921233177, 0.014402379281818867, 0.013483474962413311, 0.012994787655770779, 0.01342435646802187, 0.009858837351202965, 0.010783554054796696, 0.007203293032944202, 0.008678587153553963, 0.005616837181150913, 0.008398652076721191, 0.009091099724173546, 0.004769133869558573]
300;[0.7677474617958069, 0.7716230750083923, 0.7846614718437195, 0.801541805267334, 0.830457866191864, 0.8269526362419128, 0.8248868584632874, 0.8485937118530273, 0.871928334236145, 0.9296891093254089, 0.9360703229904175, 0.9504172205924988, 0.9813864231109619, 0.9877932667732239, 0.9910433888435364, 0.9997127056121826, 0.9908174276351929, 0.983668327331543, 0.9816290140151978, 0.9976609945297241, 1.008497953414917, 1.0234466791152954, 1.0132546424865723, 1.006218433380127, 1.0074372291564941, 1.0146890878677368, 1.0195949077606201, 1.0065479278564453, 1.005056619644165, 1.0192232131958008, 1.0151578187942505];[0.03291848674416542, 0.03246600925922394, 0.03868264704942703, 0.04764818772673607, 0.07809310406446457, 0.07290686666965485, 0.07122357934713364, 0.10550433397293091, 0.14729349315166473, 0.21908330917358398, 0.23272205889225006, 0.25110924243927, 0.2756602168083191, 0.29264184832572937, 0.29574987292289734, 0.30272477865219116, 0.2976795732975006, 0.2918331027030945, 0.29109057784080505, 0.30260008573532104, 0.31194835901260376, 0.3251844644546509, 0.31905055046081543, 0.3129134178161621, 0.3117872178554535, 0.31763917207717896, 0.3276774287223816, 0.31475627422332764, 0.31247344613075256, 0.326558381319046, 0.3214099109172821];[-0.821944534778595, -0.8180883526802063, -0.8353548049926758, -0.8636807203292847, -0.9585610628128052, -0.9456555843353271, -0.9376002550125122, -1.0612504482269287, -1.2070199251174927, -1.4860577583312988, -1.5263044834136963, -1.6059800386428833, -1.8264719247817993, -1.7803375720977783, -1.7983291149139404, -1.8535078763961792, -1.8164582252502441, -1.7519104480743408, -1.7373826503753662, -1.842458724975586, -1.9115262031555176, -1.998826026916504, -1.90810227394104, -1.8825976848602295, -1.8887094259262085, -1.9482522010803223, -1.9225977659225464, -1.8717834949493408, -1.866829752922058, -1.9599151611328125, -1.9333820343017578];[0.4320686161518097, 0.4426668882369995, 0.41186797618865967, 0.38799285888671875, 0.36085692048072815, 0.3290477395057678, 0.30959004163742065, 0.2749657928943634, 0.22899354994297028, 0.13999156653881073, 0.0751502588391304, 0.04702730476856232, 0.03026077337563038, 0.021400265395641327, 0.0238482765853405, 0.012607242912054062, 0.010659066960215569, 0.009255497716367245, 0.0063267783261835575, 0.010644838213920593, 0.0072299642488360405, 0.007586524821817875, 0.006177088711410761, 0.008537687361240387, 0.00927746668457985, 0.005701047368347645, 0.005925315897911787, 0.004105597734451294, 0.006967073772102594, 0.005617192946374416]
350;[0.7704355716705322, 0.8241363167762756, 0.8525679707527161, 0.8732501268386841, 0.8974294066429138, 0.9138840436935425, 0.9489277005195618, 0.9609330892562866, 0.9543632864952087, 0.9815433621406555, 0.9803435802459717, 1.010872721672058, 0.9740667939186096, 0.9851147532463074, 1.0073890686035156, 1.0004960298538208, 0.9997581839561462, 1.0014210939407349, 1.010862946510315, 1.0251593589782715, 0.988926351070404, 1.0014585256576538, 0.9939699769020081, 0.9983441829681396, 0.9850358963012695, 1.0155068635940552, 1.027782917022705, 1.0154128074645996, 1.0178554058074951, 0.9988220930099487, 0.9971480965614319];[0.03398638591170311, 0.08151135593652725, 0.11325819045305252, 0.15470418334007263, 0.19009321928024292, 0.20990125834941864, 0.24482227861881256, 0.2627536952495575, 0.2559785544872284, 0.28657519817352295, 0.2846950590610504, 0.3160622715950012, 0.2806318700313568, 0.2893155813217163, 0.312019944190979, 0.3035677373409271, 0.3072538375854492, 0.3082233965396881, 0.3156382143497467, 0.3201814591884613, 0.2961823046207428, 0.30580413341522217, 0.2991816997528076, 0.3037768304347992, 0.2930055558681488, 0.3203234374523163, 0.33473360538482666, 0.3232022225856781, 0.32556676864624023, 0.302909255027771, 0.3069601356983185];[-0.8258494138717651, -0.9974499344825745, -1.125645637512207, -1.2473992109298706, -1.3698091506958008, -1.4502073526382446, -1.6401879787445068, -1.6676102876663208, -1.6444621086120605, -1.7422927618026733, -1.7576454877853394, -1.8927749395370483, -1.703071117401123, -1.7929884195327759, -1.8824753761291504, -1.868491530418396, -1.8272567987442017, -1.8553097248077393, -1.9181044101715088, -2.072859525680542, -1.76414954662323, -1.8712533712387085, -1.8213822841644287, -1.828519344329834, -1.762460470199585, -1.9204894304275513, -1.9621690511703491, -1.8995651006698608, -1.923327922821045, -1.8415820598602295, -1.8203617334365845];[0.44662362337112427, 0.43653783202171326, 0.3945568799972534, 0.2900121510028839, 0.15123994648456573, 0.09926474839448929, 0.06444248557090759, 0.04616427794098854, 0.031419187784194946, 0.026417160406708717, 0.01844683848321438, 0.01638607867062092, 0.010345008224248886, 0.008290456607937813, 0.008259642869234085, 0.007649151608347893, 0.007367983460426331, 0.004602562170475721, 0.0043136789463460445, 0.004331289790570736, 0.0038145920261740685, 0.0034294200595468283, 0.0027136399876326323, 0.0022983693052083254, 0.0024693096056580544, 0.002321470994502306, 0.001997868763282895, 0.0019246700685471296, 0.0017458301736041903, 0.0015281124506145716]
400;[0.7718713283538818, 0.7727268934249878, 0.7787206768989563, 0.7861567735671997, 0.8036251664161682, 0.8106207847595215, 0.8283360600471497, 0.8446558117866516, 0.8251588344573975, 0.819814145565033, 0.8213943839073181, 0.8416453003883362, 0.8314498066902161, 0.8304535150527954, 0.8190500736236572, 0.8075793385505676, 0.8252781629562378, 0.8232262134552002, 0.833366334438324, 0.8324735164642334, 0.8621532320976257, 0.8649507164955139, 0.8761197328567505, 0.8757457733154297, 0.8980220556259155, 0.9212487936019897, 0.9332255125045776, 0.9355539679527283, 0.9196487069129944, 0.939759373664856, 0.9456794857978821];[0.038732193410396576, 0.02859148383140564, 0.03388495743274689, 0.04259137809276581, 0.05709259957075119, 0.06444235891103745, 0.08593104034662247, 0.10755632817745209, 0.08775688707828522, 0.0765252336859703, 0.08163535594940186, 0.10560289025306702, 0.1033082976937294, 0.10393331944942474, 0.09391608834266663, 0.0805099606513977, 0.09583646804094315, 0.09838797897100449, 0.1124371811747551, 0.11300551146268845, 0.1408488154411316, 0.15035386383533478, 0.16392144560813904, 0.1693304479122162, 0.190446138381958, 0.21838335692882538, 0.2293883115053177, 0.2318263053894043, 0.22179433703422546, 0.2383211851119995, 0.24652720987796783];[-0.8386055827140808, -0.812456488609314, -0.8207505345344543, -0.8443624377250671, -0.8855105638504028, -0.9045171737670898, -0.9664810299873352, -1.0354106426239014, -0.9669365286827087, -0.9344667792320251, -0.9493253827095032, -1.0826140642166138, -1.0323920249938965, -1.0539008378982544, -1.006537675857544, -0.9598610401153564, -1.0608433485031128, -1.0258344411849976, -1.0819634199142456, -1.0727579593658447, -1.2096072435379028, -1.2243237495422363, -1.2968734502792358, -1.289399266242981, -1.405329942703247, -1.5024625062942505, -1.5637785196304321, -1.5833426713943481, -1.471887469291687, -1.5925624370574951, -1.6050496101379395];[0.40687501430511475, 0.4447513222694397, 0.40193429589271545, 0.38267752528190613, 0.3392923176288605, 0.33080625534057617, 0.24311020970344543, 0.19724062085151672, 0.2086382359266281, 0.23528379201889038, 0.2188718318939209, 0.22850556671619415, 0.23625153303146362, 0.2542549669742584, 0.28117284178733826, 0.3189222812652588, 0.2906768023967743, 0.25259289145469666, 0.20025719702243805, 0.20798394083976746, 0.1879746913909912, 0.14434507489204407, 0.13121867179870605, 0.1213381215929985, 0.10775928944349289, 0.10272470861673355, 0.08774103969335556, 0.07770100980997086, 0.06404183059930801, 0.06142054498195648]
450;[0.7701276540756226, 0.7666698694229126, 0.7788795232772827, 0.803963840007782, 0.8248759508132935, 0.8513491749763489, 0.897715151309967, 0.9221702218055725, 0.9736351370811462, 0.9597612619400024, 0.980380117893219, 0.9823933839797974, 0.9797252416610718, 0.9824590086936951, 0.9889231324195862, 0.962669849395752, 0.9986996650695801, 0.9676064252853394, 0.9839335680007935, 0.9986785650253296, 1.0022015571594238, 1.0276615619659424, 0.987504780292511, 0.9929730892181396, 1.012800931930542, 1.0003737211227417, 1.023582935333252, 0.9949069023132324, 1.0249844789505005, 1.0095741748809814, 1.0209705829620361];[0.03517783433198929, 0.027756866067647934, 0.02891339175403118, 0.05628524720668793, 0.08584055304527283, 0.12294037640094757, 0.18078555166721344, 0.21453046798706055, 0.2682969868183136, 0.25874099135398865, 0.2792612314224243, 0.2842494547367096, 0.28050512075424194, 0.28583601117134094, 0.2911204695701599, 0.26432105898857117, 0.3029639422893524, 0.2737002372741699, 0.29001137614250183, 0.3004952371120453, 0.3066175878047943, 0.3358183801174164, 0.2930840849876404, 0.297853946685791, 0.3105315566062927, 0.3085010349750519, 0.32493650913238525, 0.30133387446403503, 0.3300698399543762, 0.31432852149009705, 0.3267814517021179];[-0.8249574303627014, -0.8068296909332275, -0.8105407953262329, -0.8909432888031006, -0.9758066534996033, -1.086514949798584, -1.2978039979934692, -1.4200435876846313, -1.6747708320617676, -1.6183953285217285, -1.7338227033615112, -1.7333732843399048, -1.7328168153762817, -1.749204397201538, -1.7746524810791016, -1.6733604669570923, -1.8255267143249512, -1.6679574251174927, -1.7366334199905396, -1.8633798360824585, -1.8422961235046387, -1.9618412256240845, -1.786558985710144, -1.8048750162124634, -1.9903733730316162, -1.831356406211853, -2.0077950954437256, -1.8105605840682983, -1.9724630117416382, -1.9083728790283203, -1.9679653644561768];[0.40579500794410706, 0.41647210717201233, 0.3808833956718445, 0.3295930027961731, 0.28449323773384094, 0.23034711182117462, 0.15401063859462738, 0.08629562705755234, 0.06616197526454926, 0.04623798280954361, 0.03230668231844902, 0.032431647181510925, 0.024744201451539993, 0.024606814607977867, 0.018387610092759132, 0.02041773684322834, 0.019832342863082886, 0.016182642430067062, 0.01264014933258295, 0.01480847131460905, 0.013278904370963573, 0.00960430409759283, 0.01032792218029499, 0.010568059049546719, 0.011707263067364693, 0.008345592767000198, 0.006035523489117622, 0.006462793797254562, 0.010044386610388756, 0.00508514977991581]
500;[0.7742420434951782, 0.7762029767036438, 0.8001335263252258, 0.7936752438545227, 0.8158844113349915, 0.8359642624855042, 0.8780237436294556, 0.8559846878051758, 0.878534197807312, 0.8898747563362122, 0.8964038491249084, 0.9012693166732788, 0.9034963250160217, 0.9231851100921631, 0.9243981838226318, 0.9268349409103394, 0.9367126822471619, 0.9257296919822693, 0.9351299405097961, 0.9213122725486755, 0.9235292673110962, 0.9107286334037781, 0.9076684713363647, 0.9263002872467041, 0.908463180065155, 0.9297359585762024, 0.9407148361206055, 0.9169155955314636, 0.9589706063270569, 0.9188361763954163, 0.9378503561019897];[0.036258865147829056, 0.032366953790187836, 0.04329264536499977, 0.03889469429850578, 0.06697606295347214, 0.09287736564874649, 0.14143335819244385, 0.12504467368125916, 0.1603603959083557, 0.17750601470470428, 0.18370260298252106, 0.18964837491512299, 0.19483600556850433, 0.21816931664943695, 0.2203470915555954, 0.22374391555786133, 0.23502874374389648, 0.22535176575183868, 0.23094822466373444, 0.21761846542358398, 0.2222554087638855, 0.21041670441627502, 0.20895947515964508, 0.2220645695924759, 0.20789174735546112, 0.22682784497737885, 0.235306054353714, 0.21460619568824768, 0.2599319517612457, 0.21758030354976654, 0.23506207764148712];[-0.8328738808631897, -0.8191113471984863, -0.8635742664337158, -0.839829683303833, -0.9298495054244995, -1.0282148122787476, -1.2204103469848633, -1.134976863861084, -1.2645313739776611, -1.3258296251296997, -1.3362919092178345, -1.4010369777679443, -1.3894622325897217, -1.4757285118103027, -1.482286810874939, -1.5159478187561035, -1.5715126991271973, -1.5018638372421265, -1.5724372863769531, -1.5135647058486938, -1.5147098302841187, -1.461260199546814, -1.4564292430877686, -1.5593620538711548, -1.4556061029434204, -1.5883432626724243, -1.668625831604004, -1.5252734422683716, -1.709722876548767, -1.5124907493591309, -1.6312896013259888];[0.44624051451683044, 0.40528419613838196, 0.4015498757362366, 0.36949434876441956, 0.3757810592651367, 0.296698659658432, 0.2558979392051697, 0.21223454177379608, 0.1491229236125946, 0.13031916320323944, 0.12245401740074158, 0.11109071969985962, 0.11269055306911469, 0.09566512703895569, 0.08026782423257828, 0.0753689706325531, 0.06760116666555405, 0.06510833650827408, 0.07230529189109802, 0.07888799160718918, 0.07606475800275803, 0.077853724360466, 0.06304021924734116, 0.04667752608656883, 0.03647088631987572, 0.031171228736639023, 0.02770902030169964, 0.023384353145956993, 0.02339193969964981, 0.015436124987900257]
550;[0.7799436450004578, 0.8315846920013428, 0.8636935949325562, 0.8690115213394165, 0.8833592534065247, 0.9211478233337402, 0.9324854016304016, 0.9441590309143066, 0.962985098361969, 0.968673050403595, 0.9776750802993774, 1.0030114650726318, 0.9789372086524963, 1.0038886070251465, 0.977639377117157, 0.9929648637771606, 1.0253924131393433, 0.9869847297668457, 1.0053900480270386, 0.9996129274368286, 0.9786025285720825, 1.01460862159729, 1.0222309827804565, 1.0044333934783936, 0.9977489709854126, 0.996814489364624, 1.0407480001449585, 1.0067194700241089, 1.023628830909729, 0.9925981760025024, 1.0207375288009644];[0.04087536036968231, 0.08503668010234833, 0.12128167599439621, 0.1487925499677658, 0.1724570393562317, 0.2143571823835373, 0.22812508046627045, 0.24451656639575958, 0.26618242263793945, 0.26810723543167114, 0.2836414873600006, 0.30208611488342285, 0.2835184335708618, 0.30736786127090454, 0.2843904197216034, 0.3007277846336365, 0.32082003355026245, 0.2949669659137726, 0.3134228587150574, 0.3023809790611267, 0.2839537560939789, 0.3175073564052582, 0.328533411026001, 0.308503657579422, 0.3050803542137146, 0.3064294457435608, 0.34247905015945435, 0.3148845136165619, 0.3337467610836029, 0.29632967710494995, 0.32040247321128845];[-0.8462213277816772, -1.0047773122787476, -1.123090386390686, -1.2423572540283203, -1.3197319507598877, -1.5400276184082031, -1.5754376649856567, -1.614029884338379, -1.6955519914627075, -1.7347049713134766, -1.7352434396743774, -1.9211690425872803, -1.751678705215454, -1.8754593133926392, -1.724814534187317, -1.8165934085845947, -2.058685779571533, -1.787722110748291, -1.8591068983078003, -1.8643839359283447, -1.7411420345306396, -1.942853569984436, -1.9356043338775635, -1.8988081216812134, -1.833672046661377, -1.810692310333252, -2.069157123565674, -1.8760157823562622, -1.948020100593567, -1.8193745613098145, -1.9753234386444092];[0.42128321528434753, 0.43387389183044434, 0.4340694844722748, 0.41790398955345154, 0.31422165036201477, 0.14211423695087433, 0.0949239581823349, 0.05882468447089195, 0.023910166695713997, 0.01884404756128788, 0.01547124981880188, 0.011363635770976543, 0.010265527293086052, 0.010346011258661747, 0.01003441121429205, 0.006129492074251175, 0.005618037190288305, 0.004733530338853598, 0.005071502644568682, 0.003996174316853285, 0.003488687099888921, 0.003492774209007621, 0.0031859830487519503, 0.003069633152335882, 0.002472984604537487, 0.0026966771110892296, 0.002322429558262229, 0.0022537042386829853, 0.002191114006564021, 0.0019033842254430056]
600;[0.7843565344810486, 0.7793406844139099, 0.798322319984436, 0.7990306615829468, 0.7929876446723938, 0.7848671674728394, 0.7953417897224426, 0.8068583011627197, 0.8343572616577148, 0.8342767357826233, 0.8343192338943481, 0.8443142771720886, 0.8603449463844299, 0.8581930994987488, 0.8512126207351685, 0.8650709986686707, 0.8730236291885376, 0.9075660109519958, 0.8910325169563293, 0.9012772440910339, 0.8990485072135925, 0.9063533544540405, 0.8799508213996887, 0.8825182318687439, 0.8813394904136658, 0.884847104549408, 0.8859053254127502, 0.8793123364448547, 0.8981844186782837, 0.890205442905426, 0.8991991281509399];[0.0427822507917881, 0.034565191715955734, 0.0437176413834095, 0.04574698209762573, 0.04294649511575699, 0.03312842547893524, 0.04545770213007927, 0.0508047379553318, 0.08198479562997818, 0.08912002295255661, 0.09762468934059143, 0.11572021245956421, 0.1370328813791275, 0.13600867986679077, 0.12945209443569183, 0.14210441708564758, 0.1470583826303482, 0.1897948682308197, 0.173514723777771, 0.18876202404499054, 0.18139877915382385, 0.19443412125110626, 0.1670459508895874, 0.1724710613489151, 0.17341643571853638, 0.17933087050914764, 0.1742430478334427, 0.17515160143375397, 0.19412089884281158, 0.18666167557239532, 0.19538314640522003];[-0.8588883280754089, -0.8232197761535645, -0.8605661392211914, -0.8529627323150635, -0.8481625914573669, -0.8206723928451538, -0.8500427603721619, -0.868465781211853, -0.967736005783081, -0.9936481714248657, -1.0300332307815552, -1.0877201557159424, -1.1777030229568481, -1.1677031517028809, -1.1493535041809082, -1.2280164957046509, -1.22371506690979, -1.3994221687316895, -1.3494393825531006, -1.3800543546676636, -1.4137765169143677, -1.4181631803512573, -1.306289792060852, -1.3287922143936157, -1.3517253398895264, -1.3568283319473267, -1.441227674484253, -1.3214597702026367, -1.4200907945632935, -1.379675030708313, -1.4246323108673096];[0.46445897221565247, 0.40677767992019653, 0.3748820126056671, 0.36881986260414124, 0.3794504404067993, 0.3714476525783539, 0.37914884090423584, 0.3139743506908417, 0.27262696623802185, 0.2700221538543701, 0.22921794652938843, 0.2302969992160797, 0.21184682846069336, 0.24724572896957397, 0.22270630300045013, 0.21620048582553864, 0.21608854830265045, 0.1624487340450287, 0.1306440234184265, 0.11375238001346588, 0.12514199316501617, 0.11516851931810379, 0.11894359439611435, 0.1096537634730339, 0.09439975023269653, 0.08712723106145859, 0.06733377277851105, 0.0542735829949379, 0.05005588382482529, 0.04326329380273819]
650;[0.7730379700660706, 0.7750142812728882, 0.7843180894851685, 0.8227540850639343, 0.8622939586639404, 0.8882067203521729, 0.9096418619155884, 0.9387664794921875, 0.9548466205596924, 0.9586257338523865, 0.9544987082481384, 0.9579507112503052, 0.9904041290283203, 0.9866339564323425, 0.9951890110969543, 1.0048953294754028, 0.9962649941444397, 1.0119011402130127, 0.9973298907279968, 0.9988064765930176, 1.0151005983352661, 1.005810022354126, 1.0067174434661865, 0.999419093132019, 1.0106210708618164, 1.029830813407898, 1.0167616605758667, 1.0041180849075317, 1.0099831819534302, 1.0092850923538208, 1.0140312910079956];[0.03675731644034386, 0.03439180552959442, 0.037192799150943756, 0.06744671612977982, 0.12509946525096893, 0.16712304949760437, 0.19820579886436462, 0.23554319143295288, 0.25414204597473145, 0.2600736916065216, 0.25719812512397766, 0.2591572403907776, 0.2960013747215271, 0.29256877303123474, 0.30271852016448975, 0.31093886494636536, 0.3033953309059143, 0.3152903914451599, 0.29962247610092163, 0.3040176331996918, 0.32109129428863525, 0.31202003359794617, 0.31579041481018066, 0.3051563501358032, 0.3192332088947296, 0.3348717987537384, 0.325979620218277, 0.31232136487960815, 0.3134802579879761, 0.31290778517723083, 0.31865864992141724];[-0.8281813859939575, -0.8316683769226074, -0.8440436720848083, -0.9166104197502136, -1.1158052682876587, -1.266404628753662, -1.4136828184127808, -1.5479944944381714, -1.6194539070129395, -1.6621007919311523, -1.6490296125411987, -1.6737233400344849, -1.7990007400512695, -1.7746957540512085, -1.7982968091964722, -1.8583190441131592, -1.8240814208984375, -1.9356995820999146, -1.8725154399871826, -1.8546240329742432, -1.9211342334747314, -1.8777539730072021, -1.8703056573867798, -1.8611462116241455, -1.889367699623108, -2.0008208751678467, -1.9129974842071533, -1.854530692100525, -1.9202598333358765, -1.897741436958313, -1.916534662246704];[0.4383142590522766, 0.4342503845691681, 0.3956293761730194, 0.34113216400146484, 0.3166690468788147, 0.2355264127254486, 0.13635751605033875, 0.08280984312295914, 0.05752655491232872, 0.031212860718369484, 0.022434065118432045, 0.014366195537149906, 0.008143635466694832, 0.0058211516588926315, 0.0049515594728291035, 0.002474712673574686, 0.002033231081441045, 0.0013081972720101476, 0.0011768597178161144, 0.0012005976168438792, 0.0010292811784893274, 0.0008670528186485171, 0.0008694557473063469, 0.0007991192978806794, 0.0007234793738462031, 0.0006931180832907557, 0.0005837692297063768, 0.0005303866346366704, 0.0005120952846482396, 0.000576825172174722]
700;[0.7688427567481995, 0.810862123966217, 0.8306905627250671, 0.8833056688308716, 0.866593599319458, 0.8927368521690369, 0.9166081547737122, 0.9335877299308777, 0.967701256275177, 0.9737787246704102, 0.9781025648117065, 0.9662889838218689, 0.9811863899230957, 1.005476713180542, 0.9907371401786804, 1.0050504207611084, 0.9912477731704712, 0.9957917332649231, 0.9921810626983643, 1.0023399591445923, 0.9807559251785278, 1.0028815269470215, 1.008380651473999, 1.0074284076690674, 0.9927497506141663, 0.9920513033866882, 1.000476598739624, 1.0115411281585693, 1.0235064029693604, 1.001311182975769, 1.0055261850357056];[0.0325908288359642, 0.06601231545209885, 0.09273029863834381, 0.1555769294500351, 0.1501302421092987, 0.1803092509508133, 0.2145240753889084, 0.23519861698150635, 0.2622942626476288, 0.2729240655899048, 0.2815650403499603, 0.27397680282592773, 0.28718891739845276, 0.3154914081096649, 0.2925242781639099, 0.30889326333999634, 0.2930848002433777, 0.30043190717697144, 0.29966676235198975, 0.31059491634368896, 0.2863970696926117, 0.31179481744766235, 0.3168103098869324, 0.3150455951690674, 0.2997475862503052, 0.2995399236679077, 0.30618831515312195, 0.3206931948661804, 0.32589179277420044, 0.30846309661865234, 0.311834454536438];[-0.8223816156387329, -0.9317317605018616, -1.0158969163894653, -1.2566741704940796, -1.2279047966003418, -1.3623380661010742, -1.5095335245132446, -1.5587809085845947, -1.8388588428497314, -1.7780230045318604, -1.770177960395813, -1.6795129776000977, -1.7400791645050049, -1.851223349571228, -1.8401687145233154, -1.8895419836044312, -1.8405566215515137, -1.834527611732483, -1.794397234916687, -1.8435537815093994, -1.7520763874053955, -1.855098843574524, -1.857187271118164, -1.8716198205947876, -1.7970577478408813, -1.8033714294433594, -1.8431532382965088, -1.8924481868743896, -1.9882158041000366, -1.8611011505126953, -1.8665452003479004];[0.4277840852737427, 0.4309872090816498, 0.42213451862335205, 0.4460400938987732, 0.397792786359787, 0.319532185792923, 0.17149536311626434, 0.06505416333675385, 0.03448513150215149, 0.025668231770396233, 0.013408486731350422, 0.00984485074877739, 0.006221481133252382, 0.005395739804953337, 0.004406094551086426, 0.003512674244120717, 0.003030685242265463, 0.0027805787976831198, 0.0026769188698381186, 0.002049195347353816, 0.0019496168242767453, 0.0018166778609156609, 0.0020482605323195457, 0.0015710779698565602, 0.0014467869186773896, 0.001150002470239997, 0.0013673941139131784, 0.0013432924170047045, 0.0010593037586659193, 0.001180443912744522]
750;[0.7702447175979614, 0.7981616854667664, 0.7974479794502258, 0.8118720650672913, 0.8291975855827332, 0.8409879803657532, 0.8599792718887329, 0.8807243704795837, 0.8656036257743835, 0.9002683162689209, 0.9314641356468201, 0.9553364515304565, 0.9543928503990173, 0.9609001278877258, 0.9672888517379761, 0.9697321653366089, 0.9704160690307617, 0.9887265563011169, 0.9867514967918396, 0.9841562509536743, 0.9989055395126343, 0.9990034103393555, 1.0086441040039062, 0.9768843650817871, 0.984940230846405, 0.9937543869018555, 1.025848388671875, 0.9845243692398071, 1.0020439624786377, 0.9876888990402222, 0.9841148853302002];[0.03627016022801399, 0.053664613515138626, 0.05299052968621254, 0.057227302342653275, 0.07551600784063339, 0.09534814208745956, 0.1245582103729248, 0.151122584939003, 0.14281871914863586, 0.19098743796348572, 0.22979992628097534, 0.25095808506011963, 0.25441327691078186, 0.2620451748371124, 0.2704014182090759, 0.2769816815853119, 0.27402493357658386, 0.29456719756126404, 0.287949800491333, 0.2896682024002075, 0.3037656843662262, 0.29978686571121216, 0.3106928765773773, 0.2816911041736603, 0.290988951921463, 0.2969352900981903, 0.32889848947525024, 0.290587455034256, 0.2987228035926819, 0.2952323853969574, 0.2889859676361084];[-0.8291909098625183, -0.8805261254310608, -0.8854966759681702, -0.8968559503555298, -0.9654004573822021, -1.0387413501739502, -1.1431890726089478, -1.244819164276123, -1.1937283277511597, -1.3606374263763428, -1.5250976085662842, -1.688410758972168, -1.6567840576171875, -1.672391653060913, -1.7021702527999878, -1.6989710330963135, -1.7201491594314575, -1.7850087881088257, -1.8269277811050415, -1.7698256969451904, -1.8429310321807861, -1.8862395286560059, -1.9227010011672974, -1.7525399923324585, -1.7779184579849243, -1.8284728527069092, -2.0148258209228516, -1.7761647701263428, -1.9569424390792847, -1.7721511125564575, -1.7909107208251953];[0.43207305669784546, 0.4361328184604645, 0.4182346761226654, 0.36766111850738525, 0.38252612948417664, 0.33086156845092773, 0.31310853362083435, 0.2957519292831421, 0.2040284126996994, 0.175596684217453, 0.09572269022464752, 0.05732456222176552, 0.034839943051338196, 0.02474197931587696, 0.020084470510482788, 0.014967463910579681, 0.011263616383075714, 0.009501252323389053, 0.007845278829336166, 0.008290748111903667, 0.007585856597870588, 0.006782516371458769, 0.006363990716636181, 0.0057124970480799675, 0.00553232803940773, 0.00645029591396451, 0.005881092045456171, 0.0069968742318451405, 0.007012435235083103, 0.006709842011332512]
800;[0.7814730405807495, 0.8011070489883423, 0.81533282995224, 0.8361174464225769, 0.8603735566139221, 0.8668837547302246, 0.8640106916427612, 0.8796685338020325, 0.8685293793678284, 0.8795491456985474, 0.8798279762268066, 0.8873662352561951, 0.8898301124572754, 0.8852805495262146, 0.8828639388084412, 0.8737311363220215, 0.8723413348197937, 0.8937832117080688, 0.8924190402030945, 0.8982471227645874, 0.9186472296714783, 0.9314868450164795, 0.9545542597770691, 0.9578568339347839, 0.9538637399673462, 0.9552837014198303, 0.966935396194458, 0.9508198499679565, 0.9668431282043457, 0.9855225682258606, 0.9671550393104553];[0.04097798466682434, 0.053812187165021896, 0.06545859575271606, 0.0927824079990387, 0.11937905848026276, 0.13945934176445007, 0.1385880559682846, 0.15776586532592773, 0.1444043219089508, 0.15024717152118683, 0.1519329845905304, 0.16189362108707428, 0.16756010055541992, 0.16164569556713104, 0.15870551764965057, 0.14413748681545258, 0.14834006130695343, 0.17399533092975616, 0.1700008362531662, 0.18616114556789398, 0.20840919017791748, 0.22734913229942322, 0.24900192022323608, 0.2502478063106537, 0.2541142404079437, 0.257434606552124, 0.27135318517684937, 0.2563723921775818, 0.2666015625, 0.28829705715179443, 0.2701732814311981];[-0.8487133383750916, -0.8846762776374817, -0.928045392036438, -1.025217890739441, -1.1292977333068848, -1.1597707271575928, -1.1587783098220825, -1.225192904472351, -1.1667927503585815, -1.2355542182922363, -1.2081258296966553, -1.253298044204712, -1.2567412853240967, -1.238494634628296, -1.2211114168167114, -1.1981219053268433, -1.1909548044204712, -1.2842161655426025, -1.335801601409912, -1.33455228805542, -1.4478545188903809, -1.523506760597229, -1.666278600692749, -1.7134867906570435, -1.6517846584320068, -1.6415863037109375, -1.674734115600586, -1.6142680644989014, -1.7100170850753784, -1.785910964012146, -1.7100383043289185];[0.43543270230293274, 0.4240308105945587, 0.35773876309394836, 0.302929550409317, 0.24968519806861877, 0.18861797451972961, 0.16753657162189484, 0.169176384806633, 0.1728663295507431, 0.1703585386276245, 0.1809270977973938, 0.15328553318977356, 0.14250506460666656, 0.14829008281230927, 0.1662592738866806, 0.17287348210811615, 0.1597459465265274, 0.1358797550201416, 0.12193439900875092, 0.09144974499940872, 0.08562318980693817, 0.058974530547857285, 0.040914710611104965, 0.03977666795253754, 0.028350548818707466, 0.026912152767181396, 0.024507902562618256, 0.02028939127922058, 0.019687723368406296, 0.01743527501821518]
850;[0.7738751173019409, 0.7809768319129944, 0.7911016345024109, 0.8100337982177734, 0.8005457520484924, 0.8014987707138062, 0.7907871603965759, 0.7826768159866333, 0.7767856121063232, 0.7943753004074097, 0.8090705275535583, 0.798042356967926, 0.8074626922607422, 0.8266438841819763, 0.8317133188247681, 0.8362049460411072, 0.8345925211906433, 0.8479192852973938, 0.9017916321754456, 0.8931854963302612, 0.8938072919845581, 0.8846654295921326, 0.8973293304443359, 0.8885270953178406, 0.9134603142738342, 0.9019905924797058, 0.8929560780525208, 0.9024707078933716, 0.8978625535964966, 0.8985791802406311, 0.9151046276092529];[0.03582756966352463, 0.03793032094836235, 0.04636464640498161, 0.06474746763706207, 0.05693760886788368, 0.05577851086854935, 0.04334479197859764, 0.040275879204273224, 0.03237297758460045, 0.049144331365823746, 0.06942402571439743, 0.06232122331857681, 0.07420779019594193, 0.0985199362039566, 0.10301776230335236, 0.11847775429487228, 0.11564424633979797, 0.13757134974002838, 0.1930619329214096, 0.18484950065612793, 0.1833551973104477, 0.17999382317066193, 0.18969933688640594, 0.18223468959331512, 0.20552493631839752, 0.20085233449935913, 0.18936960399150848, 0.19886666536331177, 0.19103991985321045, 0.19745111465454102, 0.21077236533164978];[-0.8319753408432007, -0.840268075466156, -0.8584144115447998, -0.9182267189025879, -0.8952500820159912, -0.8859640955924988, -0.8444023728370667, -0.8350192904472351, -0.813052237033844, -0.8602170348167419, -0.9226670265197754, -0.9053837656974792, -0.9426718354225159, -1.056014895439148, -1.065468192100525, -1.0923198461532593, -1.1005820035934448, -1.1676448583602905, -1.4084558486938477, -1.3961011171340942, -1.3823806047439575, -1.3595024347305298, -1.4122852087020874, -1.3676321506500244, -1.483673095703125, -1.4194645881652832, -1.3838582038879395, -1.4399096965789795, -1.4431415796279907, -1.4061743021011353, -1.5062012672424316];[0.43179649114608765, 0.43122202157974243, 0.40323126316070557, 0.3639674782752991, 0.31746429204940796, 0.33925655484199524, 0.3486023545265198, 0.3462095260620117, 0.359602153301239, 0.3460114300251007, 0.35748374462127686, 0.3625276982784271, 0.38229215145111084, 0.36181530356407166, 0.3307878077030182, 0.26766088604927063, 0.22914572060108185, 0.18240070343017578, 0.12909749150276184, 0.10559028387069702, 0.0942625179886818, 0.08164283633232117, 0.07246080785989761, 0.06818665564060211, 0.06249803304672241, 0.05738609656691551, 0.05475062131881714, 0.05198295786976814, 0.04692618548870087, 0.04204477742314339]
900;[0.7756485342979431, 0.7750929594039917, 0.7855661511421204, 0.8052871823310852, 0.8093631863594055, 0.8222156167030334, 0.8435915112495422, 0.8779816627502441, 0.9074867367744446, 0.914625346660614, 0.9329559803009033, 0.9697000980377197, 0.9500543475151062, 0.9689322710037231, 1.0061275959014893, 1.0091301202774048, 0.9767568111419678, 0.9893919229507446, 1.0114582777023315, 0.9704184532165527, 0.9845419526100159, 1.0177055597305298, 1.021931767463684, 0.9963500499725342, 0.9987376928329468, 1.0039318799972534, 1.0214283466339111, 0.9949821829795837, 1.0028754472732544, 1.0099183320999146, 1.0111833810806274];[0.03539879247546196, 0.034442413598299026, 0.03692032769322395, 0.05660518258810043, 0.0563165508210659, 0.06757855415344238, 0.09882532805204391, 0.15362155437469482, 0.1882922649383545, 0.20937234163284302, 0.2310899943113327, 0.26983770728111267, 0.25282153487205505, 0.2698464095592499, 0.30660271644592285, 0.3151964545249939, 0.2826692759990692, 0.2955394387245178, 0.3170737624168396, 0.27812254428863525, 0.28764069080352783, 0.3245435655117035, 0.3286213278770447, 0.30134087800979614, 0.3060908317565918, 0.3089611232280731, 0.3257955312728882, 0.3054387867450714, 0.3089183568954468, 0.3155655562877655, 0.31855157017707825];[-0.8271000981330872, -0.8254181146621704, -0.8358652591705322, -0.895119309425354, -0.887933611869812, -0.9321354031562805, -1.0401126146316528, -1.2289319038391113, -1.4301828145980835, -1.4190384149551392, -1.489496111869812, -1.6812738180160522, -1.5967639684677124, -1.6914401054382324, -1.88845956325531, -1.8706355094909668, -1.7334576845169067, -1.783613681793213, -1.895128607749939, -1.6924521923065186, -1.7699179649353027, -1.9454046487808228, -1.9528108835220337, -1.8380489349365234, -1.83424711227417, -1.8692997694015503, -1.953352928161621, -1.781842827796936, -1.851157784461975, -1.9021074771881104, -1.8905726671218872];[0.4415842294692993, 0.4180096685886383, 0.41342929005622864, 0.4092405438423157, 0.40505677461624146, 0.3939228653907776, 0.3452889025211334, 0.2951532304286957, 0.1927596628665924, 0.13393749296665192, 0.09554807096719742, 0.07765242457389832, 0.05901642516255379, 0.04476626589894295, 0.028265973553061485, 0.024305425584316254, 0.01798166334629059, 0.013553152792155743, 0.011067003943026066, 0.01059053000062704, 0.008656286634504795, 0.007284402381628752, 0.006905778311192989, 0.007519599050283432, 0.004963739775121212, 0.006631025113165379, 0.005534088239073753, 0.009355267509818077, 0.010620741173624992, 0.009530436247587204]
950;[0.7704263925552368, 0.7697718739509583, 0.7689339518547058, 0.7775538563728333, 0.7931201457977295, 0.7977710962295532, 0.7871352434158325, 0.7878130674362183, 0.7937911152839661, 0.7909001111984253, 0.8206942677497864, 0.8284998536109924, 0.8123127222061157, 0.8214337825775146, 0.8229789137840271, 0.8314912915229797, 0.8255704641342163, 0.8369130492210388, 0.8369143009185791, 0.862780749797821, 0.8567386269569397, 0.8968102931976318, 0.882686972618103, 0.8864914178848267, 0.902701199054718, 0.8970414400100708, 0.9115288853645325, 0.9067224264144897, 0.907631516456604, 0.9177009463310242, 0.9188103675842285];[0.03167470917105675, 0.024263933300971985, 0.02190971001982689, 0.029070066288113594, 0.0375656932592392, 0.04186364635825157, 0.03257334977388382, 0.03901522979140282, 0.042000025510787964, 0.042892936617136, 0.07246668636798859, 0.08180244266986847, 0.07017428427934647, 0.08154366910457611, 0.08229313045740128, 0.09191612899303436, 0.08426813781261444, 0.10111334919929504, 0.10543881356716156, 0.13025283813476562, 0.13126391172409058, 0.1742851436138153, 0.16146571934223175, 0.1693403571844101, 0.1930118352174759, 0.186604306101799, 0.2050735056400299, 0.20443245768547058, 0.20663107931613922, 0.21810708940029144, 0.21865949034690857];[-0.8184921145439148, -0.7935429811477661, -0.7897902727127075, -0.8102754354476929, -0.8362436294555664, -0.8477616906166077, -0.8172085285186768, -0.8349069356918335, -0.8478222489356995, -0.8453212380409241, -0.9491105675697327, -0.9710707068443298, -0.9473593235015869, -0.9885601997375488, -0.9800912141799927, -1.032629132270813, -1.0160212516784668, -1.052791714668274, -1.0542274713516235, -1.1773601770401, -1.1506141424179077, -1.3386574983596802, -1.2813177108764648, -1.3097034692764282, -1.408721923828125, -1.4468225240707397, -1.491908311843872, -1.4524623155593872, -1.468769907951355, -1.4786995649337769, -1.514354944229126];[0.477462500333786, 0.41220468282699585, 0.37463709712028503, 0.40560081601142883, 0.34337931871414185, 0.29447752237319946, 0.3177434504032135, 0.36515864729881287, 0.370668888092041, 0.39875099062919617, 0.351982980966568, 0.30766618251800537, 0.34994277358055115, 0.3541213274002075, 0.4111250042915344, 0.4091179072856903, 0.39219799637794495, 0.37275663018226624, 0.3199242055416107, 0.31250113248825073, 0.25665780901908875, 0.19782382249832153, 0.1910431832075119, 0.1704331785440445, 0.16704897582530975, 0.14703592658042908, 0.11376158148050308, 0.0856110230088234, 0.07772999256849289, 0.06836757063865662]
1000;[0.7706597447395325, 0.770581841468811, 0.8134909868240356, 0.8365930318832397, 0.8583093881607056, 0.8758508563041687, 0.9044402837753296, 0.9203702807426453, 0.9097921848297119, 0.9570167660713196, 0.9604660272598267, 0.9699358344078064, 0.9980517625808716, 0.9926532506942749, 0.9795045852661133, 0.997003436088562, 1.0179704427719116, 0.9942889213562012, 1.014207124710083, 1.0048928260803223, 1.00107741355896, 1.0067851543426514, 1.0136611461639404, 0.9854516386985779, 1.0287771224975586, 1.037887692451477, 1.0148210525512695, 1.0109702348709106, 1.0103527307510376, 1.022133231163025, 1.0080677270889282];[0.034670133143663406, 0.034543007612228394, 0.07706167548894882, 0.1029537096619606, 0.12101064622402191, 0.14588861167430878, 0.1844312846660614, 0.20881876349449158, 0.2022952288389206, 0.2517333924770355, 0.2595357298851013, 0.27371492981910706, 0.30096203088760376, 0.29443129897117615, 0.2793401777744293, 0.30217811465263367, 0.32207486033439636, 0.3021003305912018, 0.31899693608283997, 0.31008249521255493, 0.30582401156425476, 0.3099846839904785, 0.32086455821990967, 0.29258376359939575, 0.33416327834129333, 0.3409435451030731, 0.3231784999370575, 0.31949400901794434, 0.31836041808128357, 0.327731728553772, 0.31676000356674194];[-0.8294352293014526, -0.8258917927742004, -0.9612614512443542, -1.0647374391555786, -1.1441419124603271, -1.2294703722000122, -1.3576452732086182, -1.4478129148483276, -1.4067530632019043, -1.6274794340133667, -1.6497446298599243, -1.6912286281585693, -1.8362091779708862, -1.8244479894638062, -1.7906384468078613, -1.8286824226379395, -1.9314374923706055, -1.7992148399353027, -1.9069178104400635, -1.8684598207473755, -1.855723261833191, -1.8807356357574463, -1.8974575996398926, -1.7698252201080322, -2.007843255996704, -2.050372362136841, -1.8997853994369507, -1.8828754425048828, -1.8678172826766968, -1.967663049697876, -1.8774627447128296];[0.4151111841201782, 0.44252386689186096, 0.4420616626739502, 0.42763057351112366, 0.38068047165870667, 0.30822116136550903, 0.2788912057876587, 0.21661530435085297, 0.1760835349559784, 0.11532904207706451, 0.08595843613147736, 0.050058264285326004, 0.036757104098796844, 0.029320064932107925, 0.019410381093621254, 0.016486145555973053, 0.013355395756661892, 0.012576143257319927, 0.008298343978822231, 0.008587178774178028, 0.005631050560623407, 0.004900459200143814, 0.004125287756323814, 0.003736334154382348, 0.0030153763946145773, 0.002565381582826376, 0.002279960550367832, 0.0035726402420550585, 0.0022097022738307714, 0.002505216049030423]
1050;[0.7767015695571899, 0.7730223536491394, 0.7945187091827393, 0.8004812598228455, 0.8108816742897034, 0.8023647665977478, 0.827517569065094, 0.8285208940505981, 0.8304897546768188, 0.8833104372024536, 0.8859906792640686, 0.9055088758468628, 0.9264220595359802, 0.9433881640434265, 0.9347203373908997, 0.9319164156913757, 0.9504228234291077, 0.9553143382072449, 0.9347144365310669, 0.9386134743690491, 0.9559555053710938, 0.9512322545051575, 0.9598862528800964, 0.9671132564544678, 0.954658031463623, 0.9520517587661743, 0.9455533623695374, 0.9605945944786072, 0.9804962277412415, 0.9452974796295166, 0.9519637227058411];[0.03815692290663719, 0.0359702929854393, 0.043086834251880646, 0.047491464763879776, 0.05665872246026993, 0.04647747054696083, 0.07772313058376312, 0.08750660717487335, 0.09305866062641144, 0.16373616456985474, 0.1714833378791809, 0.19226913154125214, 0.2147706001996994, 0.23239070177078247, 0.22944693267345428, 0.23267921805381775, 0.25039374828338623, 0.25767067074775696, 0.23855966329574585, 0.24203483760356903, 0.25566455721855164, 0.2538597583770752, 0.2620038390159607, 0.2624392509460449, 0.2581089735031128, 0.25839918851852417, 0.2487201988697052, 0.2642514705657959, 0.2777068614959717, 0.24740856885910034, 0.25295355916023254];[-0.8371472954750061, -0.828201413154602, -0.8539913892745972, -0.8645949959754944, -0.9168156385421753, -0.8599153161048889, -0.954303503036499, -0.9886685013771057, -1.0168259143829346, -1.252609372138977, -1.2952831983566284, -1.418069839477539, -1.559173583984375, -1.6397244930267334, -1.606816053390503, -1.5654659271240234, -1.6451760530471802, -1.656077265739441, -1.5622488260269165, -1.572510004043579, -1.6866129636764526, -1.6391785144805908, -1.6818093061447144, -1.7558588981628418, -1.650465488433838, -1.6241849660873413, -1.6094416379928589, -1.6796091794967651, -1.8203709125518799, -1.6198921203613281, -1.6715527772903442];[0.4303419888019562, 0.4324410557746887, 0.39992108941078186, 0.3613503873348236, 0.36092525720596313, 0.3460177183151245, 0.29488545656204224, 0.24383752048015594, 0.24811215698719025, 0.2245572805404663, 0.16306135058403015, 0.1502804011106491, 0.12002209573984146, 0.09483403712511063, 0.0720660388469696, 0.05403826758265495, 0.037618789821863174, 0.029861345887184143, 0.02670155093073845, 0.028256122022867203, 0.02177484519779682, 0.018956460058689117, 0.017480989918112755, 0.014311477541923523, 0.01378144882619381, 0.012013089843094349, 0.011896106414496899, 0.01270026434212923, 0.011469204910099506, 0.012373700737953186]
1100;[0.767893373966217, 0.7831783294677734, 0.7932979464530945, 0.7973593473434448, 0.7959418892860413, 0.7978515625, 0.8115796446800232, 0.8255061507225037, 0.8530790209770203, 0.8411500453948975, 0.8302594423294067, 0.8403573036193848, 0.8539475202560425, 0.8358790874481201, 0.8394041657447815, 0.8540601134300232, 0.8656923174858093, 0.8618873953819275, 0.8670477867126465, 0.8615908026695251, 0.8597255349159241, 0.8582624197006226, 0.8584604859352112, 0.8700230121612549, 0.8502118587493896, 0.8590693473815918, 0.8666045665740967, 0.8833698034286499, 0.8759587407112122, 0.8755735158920288, 0.8817045092582703];[0.035056453198194504, 0.04434598237276077, 0.05195830762386322, 0.05486004799604416, 0.05051789805293083, 0.04698938503861427, 0.061316534876823425, 0.08348288387060165, 0.11651046574115753, 0.10861092805862427, 0.09816905856132507, 0.11040045320987701, 0.1252533197402954, 0.11276211589574814, 0.1147230863571167, 0.12651057541370392, 0.14645875990390778, 0.1432524472475052, 0.1495921015739441, 0.14451730251312256, 0.14496399462223053, 0.14193782210350037, 0.14676520228385925, 0.15489532053470612, 0.14138837158679962, 0.1501924991607666, 0.1621127426624298, 0.17271184921264648, 0.1684270203113556, 0.1713963747024536, 0.17812345921993256];[-0.8261896967887878, -0.8515353202819824, -0.8763411641120911, -0.8782069683074951, -0.869950532913208, -0.8620049357414246, -0.8974649310112, -0.9709416031837463, -1.0871033668518066, -1.065401554107666, -1.0266550779342651, -1.0642720460891724, -1.1576460599899292, -1.0672852993011475, -1.0717687606811523, -1.1448038816452026, -1.2136778831481934, -1.1920517683029175, -1.2043122053146362, -1.1939762830734253, -1.1953582763671875, -1.2295799255371094, -1.2050578594207764, -1.3085592985153198, -1.1996867656707764, -1.2648853063583374, -1.2678343057632446, -1.4312793016433716, -1.3592883348464966, -1.3224773406982422, -1.3434231281280518];[0.4383199214935303, 0.4259391725063324, 0.42836543917655945, 0.4584806561470032, 0.42193081974983215, 0.4135265052318573, 0.39495301246643066, 0.3472670018672943, 0.331342488527298, 0.3026331067085266, 0.3477354347705841, 0.32746171951293945, 0.34671685099601746, 0.275984525680542, 0.2603779435157776, 0.2324933558702469, 0.18754200637340546, 0.17349186539649963, 0.16329196095466614, 0.17854540050029755, 0.19515608251094818, 0.21146701276302338, 0.21490991115570068, 0.17399154603481293, 0.1671174168586731, 0.1202276349067688, 0.10460877418518066, 0.09148059040307999, 0.07963450998067856, 0.07063236832618713]
1150;[0.7852113246917725, 0.7682425379753113, 0.7740036845207214, 0.777911901473999, 0.7819004654884338, 0.7810035347938538, 0.7827565670013428, 0.7670149207115173, 0.7680113315582275, 0.76847243309021, 0.7643879055976868, 0.7597202658653259, 0.7647541761398315, 0.787054181098938, 0.8065645098686218, 0.8043161630630493, 0.8302603960037231, 0.8395821452140808, 0.855800986289978, 0.8455462455749512, 0.868786096572876, 0.8644343614578247, 0.8680950999259949, 0.8640831708908081, 0.8905494809150696, 0.8699876666069031, 0.8841072916984558, 0.884309709072113, 0.8905742168426514, 0.8965546488761902, 0.915377676486969];[0.04333550110459328, 0.028947696089744568, 0.029010728001594543, 0.029440876096487045, 0.03521311655640602, 0.033858101814985275, 0.03383607044816017, 0.023953352123498917, 0.02579866535961628, 0.028810035437345505, 0.03045574575662613, 0.02863001823425293, 0.03318426012992859, 0.05219622701406479, 0.07338593155145645, 0.07694622129201889, 0.10931374132633209, 0.11827503144741058, 0.14436472952365875, 0.1349024921655655, 0.16327060759067535, 0.16064932942390442, 0.16414301097393036, 0.1611216515302658, 0.18871751427650452, 0.16734585165977478, 0.18217360973358154, 0.17883804440498352, 0.1831749528646469, 0.19178125262260437, 0.2100324183702469];[-0.8496584892272949, -0.8140258193016052, -0.8087467551231384, -0.8136093020439148, -0.8278383612632751, -0.8258348703384399, -0.8304390907287598, -0.7949458956718445, -0.8006551265716553, -0.809113085269928, -0.8181946873664856, -0.8078509569168091, -0.8310830593109131, -0.8817970156669617, -0.9509427547454834, -0.9487901926040649, -1.0859729051589966, -1.1257822513580322, -1.1990060806274414, -1.1803185939788818, -1.287442684173584, -1.278416633605957, -1.3262332677841187, -1.277086615562439, -1.405307650566101, -1.3201045989990234, -1.3711568117141724, -1.3954945802688599, -1.4395623207092285, -1.4387409687042236, -1.5160340070724487];[0.41387519240379333, 0.44644448161125183, 0.4160240590572357, 0.38221126794815063, 0.3970020115375519, 0.3843421936035156, 0.40673914551734924, 0.3893575370311737, 0.41791796684265137, 0.461544930934906, 0.4887886345386505, 0.5347113013267517, 0.5739517211914062, 0.5229421854019165, 0.5486130714416504, 0.6168187260627747, 0.5462474822998047, 0.4517500102519989, 0.4291751980781555, 0.25282686948776245, 0.21559184789657593, 0.1796083152294159, 0.1461058408021927, 0.11557335406541824, 0.08652886748313904, 0.0808074101805687, 0.05916012451052666, 0.056046269834041595, 0.05904099717736244, 0.05756073445081711]
1200;[0.7727193832397461, 0.773289680480957, 0.7784467339515686, 0.7915736436843872, 0.8065145015716553, 0.79547119140625, 0.7839004397392273, 0.8001386523246765, 0.8073294162750244, 0.8147043585777283, 0.8265504240989685, 0.8277787566184998, 0.8338308930397034, 0.8230082988739014, 0.8405223488807678, 0.8478448390960693, 0.8539945483207703, 0.8646725416183472, 0.8551036715507507, 0.8765117526054382, 0.8899526000022888, 0.9029470086097717, 0.9187302589416504, 0.9284434914588928, 0.9147607684135437, 0.9380429983139038, 0.9513088464736938, 0.9684346914291382, 0.9502289295196533, 0.9544247984886169, 0.934512197971344];[0.03595331311225891, 0.03284458816051483, 0.030829137191176414, 0.03750082477927208, 0.050295304507017136, 0.042097099125385284, 0.0360683910548687, 0.052032820880413055, 0.05922207236289978, 0.0734376534819603, 0.08789818733930588, 0.0892358049750328, 0.09874314814805984, 0.09096508473157883, 0.11271040886640549, 0.12225319445133209, 0.12448250502347946, 0.14091113209724426, 0.1383591592311859, 0.16141261160373688, 0.18567103147506714, 0.19943970441818237, 0.21925564110279083, 0.22770069539546967, 0.21623975038528442, 0.23908984661102295, 0.24899351596832275, 0.2710192799568176, 0.25098365545272827, 0.2575901448726654, 0.23870016634464264];[-0.827035129070282, -0.8205850720405579, -0.8152040243148804, -0.8398644924163818, -0.8761008977890015, -0.8466920256614685, -0.8303749561309814, -0.876349687576294, -0.8978248834609985, -0.9689098000526428, -1.0144370794296265, -1.0286839008331299, -1.052612066268921, -1.0161144733428955, -1.111407995223999, -1.1590778827667236, -1.1701555252075195, -1.2212111949920654, -1.1886699199676514, -1.3174854516983032, -1.3632076978683472, -1.4611337184906006, -1.5180096626281738, -1.574982762336731, -1.4944251775741577, -1.6071488857269287, -1.6921558380126953, -1.7365213632583618, -1.6681294441223145, -1.6522670984268188, -1.55281400680542];[0.42660799622535706, 0.4253847599029541, 0.3997834324836731, 0.3584583103656769, 0.3632209897041321, 0.36192867159843445, 0.4117811918258667, 0.40972188115119934, 0.4754543900489807, 0.5089321732521057, 0.49431586265563965, 0.5103682279586792, 0.5242726802825928, 0.46775996685028076, 0.4097136855125427, 0.3654326796531677, 0.3149072527885437, 0.27877870202064514, 0.2598167359828949, 0.2110435515642166, 0.1573398858308792, 0.10176115483045578, 0.07836119085550308, 0.07478529959917068, 0.05629972368478775, 0.04497107118368149, 0.042766038328409195, 0.048590999096632004, 0.019040698185563087, 0.011564306914806366]
1250;[0.770042359828949, 0.7668277025222778, 0.7988652586936951, 0.8402127623558044, 0.8682423233985901, 0.8666151165962219, 0.9008690714836121, 0.9339872598648071, 0.95450758934021, 0.9767194986343384, 0.9763237833976746, 0.9881314635276794, 1.0112780332565308, 1.0092874765396118, 0.9852852821350098, 1.0032535791397095, 1.0061780214309692, 0.9916884303092957, 1.0039057731628418, 1.001852035522461, 0.9979068040847778, 1.0165483951568604, 0.9999271035194397, 1.0062261819839478, 1.0154566764831543, 0.9901666641235352, 1.0071381330490112, 1.0001978874206543, 1.0170373916625977, 1.012967586517334, 1.018410325050354];[0.03240371495485306, 0.026265965774655342, 0.05237710103392601, 0.0983196273446083, 0.13792020082473755, 0.1492103934288025, 0.18931728601455688, 0.2308499813079834, 0.25648021697998047, 0.27892833948135376, 0.2790616750717163, 0.2913970649242401, 0.31577804684638977, 0.31193843483924866, 0.29216304421424866, 0.30830618739128113, 0.31123578548431396, 0.30164027214050293, 0.31161534786224365, 0.3077235221862793, 0.30303052067756653, 0.3210461139678955, 0.3075321614742279, 0.31027930974960327, 0.3218703866004944, 0.2981692850589752, 0.3132716119289398, 0.30859023332595825, 0.32284167408943176, 0.3183116614818573, 0.3255409598350525];[-0.8209971189498901, -0.8021709322929382, -0.8803526163101196, -1.0655837059020996, -1.2496143579483032, -1.2196440696716309, -1.407907247543335, -1.532360315322876, -1.6226844787597656, -1.7301725149154663, -1.7422904968261719, -1.800646185874939, -1.8968058824539185, -1.9101076126098633, -1.7632228136062622, -1.863510251045227, -1.8881144523620605, -1.7883827686309814, -1.8759371042251587, -1.8691154718399048, -1.8346318006515503, -1.9554566144943237, -1.8562676906585693, -1.904287576675415, -1.9169375896453857, -1.7891134023666382, -1.8793044090270996, -1.823706030845642, -1.9333946704864502, -1.9301304817199707, -1.9351701736450195];[0.43978598713874817, 0.4177744686603546, 0.37386947870254517, 0.36236628890037537, 0.3074319362640381, 0.3112865686416626, 0.16147248446941376, 0.08658625185489655, 0.05967092886567116, 0.04097956791520119, 0.029814837500452995, 0.020385965704917908, 0.01630663126707077, 0.010171826928853989, 0.007392126601189375, 0.010369721800088882, 0.005699825007468462, 0.009381216019392014, 0.004439039621502161, 0.0029810883570462465, 0.002444471698254347, 0.005210115574300289, 0.0015702261589467525, 0.0012026785407215357, 0.001652908744290471, 0.0023418376222252846, 0.0008620958542451262, 0.0011221179738640785, 0.0005796941695734859, 0.0006381768034771085]
1300;[0.7769807577133179, 0.7680067420005798, 0.8058374524116516, 0.8346248269081116, 0.8734830617904663, 0.9003828763961792, 0.915412962436676, 0.9456995129585266, 0.9487981200218201, 0.9530157446861267, 0.9313803911209106, 0.9328675270080566, 0.9323592185974121, 0.9569337964057922, 0.9692994952201843, 0.970528781414032, 0.9786024689674377, 0.9883354306221008, 0.9925280809402466, 0.9963183403015137, 1.0042349100112915, 0.9990376830101013, 1.0160140991210938, 0.9978026151657104, 0.9915483593940735, 1.0002530813217163, 0.9939833283424377, 0.9987863898277283, 1.0107520818710327, 1.0143306255340576, 1.0082210302352905];[0.03946933150291443, 0.025929471477866173, 0.0648789331316948, 0.11586400121450424, 0.1689826101064682, 0.2007799595594406, 0.22009918093681335, 0.24250254034996033, 0.2481553703546524, 0.25825536251068115, 0.2349693775177002, 0.2394946664571762, 0.23801790177822113, 0.26154637336730957, 0.27359911799430847, 0.27579933404922485, 0.2816322147846222, 0.29107192158699036, 0.2982163727283478, 0.30054351687431335, 0.3060394525527954, 0.3052515685558319, 0.3198912441730499, 0.30283835530281067, 0.2982637286186218, 0.30406591296195984, 0.3025527894496918, 0.3040430545806885, 0.3172973096370697, 0.31735748052597046, 0.3138008713722229];[-0.8411913514137268, -0.8151500821113586, -0.9598138332366943, -1.1021556854248047, -1.2863914966583252, -1.4106770753860474, -1.4742584228515625, -1.6946972608566284, -1.6664553880691528, -1.6501015424728394, -1.5524331331253052, -1.5482984781265259, -1.545911431312561, -1.657230019569397, -1.7216182947158813, -1.7125316858291626, -1.769293189048767, -1.8284639120101929, -1.8264100551605225, -1.8380199670791626, -1.9029757976531982, -1.8362606763839722, -1.9505584239959717, -1.840283989906311, -1.8188607692718506, -1.8761423826217651, -1.7983200550079346, -1.8534259796142578, -1.9104965925216675, -1.9458309412002563, -1.8932980298995972];[0.42677029967308044, 0.42686527967453003, 0.4350910186767578, 0.4646919369697571, 0.3551546037197113, 0.10861358791589737, 0.03152243420481682, 0.019904909655451775, 0.011700590141117573, 0.008530884981155396, 0.006470862776041031, 0.005505815148353577, 0.004804393742233515, 0.004127667285501957, 0.00335242529399693, 0.002420748583972454, 0.002152801491320133, 0.0014922823756933212, 0.0014666495844721794, 0.0014173637609928846, 0.0014406436821445823, 0.0015925836050882936, 0.0011732092825695872, 0.0009984967764467, 0.0010702621657401323, 0.0011648701038211584, 0.0007663643336854875, 0.0007066615507937968, 0.000516035477630794, 0.0006148815737105906]
1350;[0.7678991556167603, 0.7781981825828552, 0.782246470451355, 0.7857560515403748, 0.8121219277381897, 0.8162118196487427, 0.8215645551681519, 0.8285807967185974, 0.8201714754104614, 0.8218359351158142, 0.8231621384620667, 0.8332683444023132, 0.8394337892532349, 0.8673384785652161, 0.8859187364578247, 0.8840601444244385, 0.8879883289337158, 0.917775571346283, 0.9247182011604309, 0.9570748805999756, 0.9484285712242126, 0.9670938849449158, 0.9846500754356384, 0.9801862835884094, 0.9731128215789795, 0.9850144982337952, 1.0121437311172485, 1.0081639289855957, 0.9788291454315186, 1.011283278465271, 1.0203300714492798];[0.03227810189127922, 0.03178318589925766, 0.03116813860833645, 0.032025087624788284, 0.06137934699654579, 0.07022705674171448, 0.0747266411781311, 0.08817613124847412, 0.07967189699411392, 0.07913284748792648, 0.0849296823143959, 0.09656353294849396, 0.1079404354095459, 0.13959760963916779, 0.16682438552379608, 0.16819623112678528, 0.1724361628293991, 0.21043813228607178, 0.22134463489055634, 0.25340941548347473, 0.2486485242843628, 0.2670728862285614, 0.2846938669681549, 0.2870769798755646, 0.27728796005249023, 0.29070359468460083, 0.31632012128829956, 0.3091428279876709, 0.2868485152721405, 0.316131591796875, 0.3192442059516907];[-0.8188521265983582, -0.8151859641075134, -0.8097881078720093, -0.8170250058174133, -0.8996952176094055, -0.9278393387794495, -0.9278608560562134, -0.9715943336486816, -0.9426743388175964, -0.9398645758628845, -0.9612694382667542, -0.9985897541046143, -1.0425676107406616, -1.1763625144958496, -1.2607969045639038, -1.2617639303207397, -1.2843596935272217, -1.4107710123062134, -1.4604178667068481, -1.6423894166946411, -1.5920988321304321, -1.711130142211914, -1.7829080820083618, -1.7275400161743164, -1.7008624076843262, -1.7704691886901855, -1.9017084836959839, -1.9220420122146606, -1.735995888710022, -1.924234390258789, -2.0172667503356934];[0.4448031187057495, 0.4273897111415863, 0.36893343925476074, 0.3651520311832428, 0.3165505528450012, 0.28509166836738586, 0.28365662693977356, 0.24958939850330353, 0.24603348970413208, 0.26080313324928284, 0.2086685746908188, 0.19769199192523956, 0.1552024483680725, 0.15472497045993805, 0.1351018249988556, 0.12089496105909348, 0.10165007412433624, 0.07240668684244156, 0.049190789461135864, 0.033446453511714935, 0.028243670240044594, 0.02323882095515728, 0.01837989129126072, 0.017837615683674812, 0.01434275321662426, 0.015992527827620506, 0.00937179010361433, 0.011697260662913322, 0.008841199800372124, 0.009156212210655212]
1400;[0.7739479541778564, 0.7735663652420044, 0.7910566329956055, 0.8055536150932312, 0.8217631578445435, 0.845215380191803, 0.8310774564743042, 0.8614386320114136, 0.8683405518531799, 0.8845819234848022, 0.9080920815467834, 0.929652750492096, 0.939447820186615, 0.9734743237495422, 0.954503059387207, 0.960716962814331, 0.9760478734970093, 0.9906377792358398, 0.9949840307235718, 0.9809750318527222, 0.9968252778053284, 1.0030837059020996, 1.0009899139404297, 1.0091971158981323, 0.9995548129081726, 0.9969888925552368, 1.024657130241394, 1.006763219833374, 1.0071219205856323, 0.9999620914459229, 1.0095009803771973];[0.03584079444408417, 0.03117298148572445, 0.044828299432992935, 0.05714234337210655, 0.07377931475639343, 0.10338166356086731, 0.09220371395349503, 0.1285201758146286, 0.14156626164913177, 0.1592147797346115, 0.1920589804649353, 0.21908530592918396, 0.2342928797006607, 0.2688921093940735, 0.25584477186203003, 0.260692298412323, 0.2791246175765991, 0.29312607645988464, 0.2980651259422302, 0.2858974039554596, 0.3033929467201233, 0.30884435772895813, 0.3071994483470917, 0.3139859735965729, 0.30306103825569153, 0.305240273475647, 0.32999181747436523, 0.3113870322704315, 0.31778815388679504, 0.30870604515075684, 0.3160238265991211];[-0.834911048412323, -0.8125584721565247, -0.8584228754043579, -0.8959143161773682, -0.9522588849067688, -1.0452104806900024, -0.9943510293960571, -1.1342228651046753, -1.1679147481918335, -1.2297054529190063, -1.3452008962631226, -1.4623464345932007, -1.5415111780166626, -1.7207443714141846, -1.604248285293579, -1.652953028678894, -1.7375495433807373, -1.8208686113357544, -1.8415900468826294, -1.7664084434509277, -1.8144769668579102, -1.8699008226394653, -1.8419198989868164, -1.911044955253601, -1.8686059713363647, -1.8149259090423584, -1.9556965827941895, -1.8880712985992432, -1.8510910272598267, -1.8198567628860474, -1.8964227437973022];[0.4568778872489929, 0.40855956077575684, 0.400827556848526, 0.3906330168247223, 0.36490172147750854, 0.31659016013145447, 0.26994943618774414, 0.22822222113609314, 0.18670432269573212, 0.18184083700180054, 0.13757635653018951, 0.10781516134738922, 0.0789375826716423, 0.05487528070807457, 0.040426105260849, 0.03477600961923599, 0.024098141118884087, 0.01795209012925625, 0.01830684393644333, 0.011587475426495075, 0.00825913529843092, 0.009081539697945118, 0.005101799964904785, 0.009813733398914337, 0.00820189155638218, 0.002648161491379142, 0.0028077750466763973, 0.0020623286254704, 0.0011534461518749595, 0.000987228937447071]
1450;[0.7742912769317627, 0.7748741507530212, 0.7913740277290344, 0.8203955292701721, 0.8410947918891907, 0.8600757122039795, 0.8765767216682434, 0.895354151725769, 0.9228186011314392, 0.9237959384918213, 0.9272809028625488, 0.964040219783783, 0.983430027961731, 0.9747395515441895, 0.9698440432548523, 0.9738009572029114, 0.9838774800300598, 0.9817800521850586, 0.9889959692955017, 1.0175254344940186, 1.0035815238952637, 0.9977133274078369, 0.9893561601638794, 0.9850818514823914, 0.9870182275772095, 1.0038108825683594, 0.9920844435691833, 0.9950533509254456, 1.0174068212509155, 1.0082745552062988, 0.9930075407028198];[0.037088099867105484, 0.039754606783390045, 0.04634249210357666, 0.07778900116682053, 0.11272376775741577, 0.13662201166152954, 0.15988701581954956, 0.1826217621564865, 0.2183845043182373, 0.2220064103603363, 0.22559377551078796, 0.2616176903247833, 0.2826167643070221, 0.2790553867816925, 0.2706495523452759, 0.2809487581253052, 0.2878960072994232, 0.28307726979255676, 0.29163163900375366, 0.3242396414279938, 0.3061705529689789, 0.29961222410202026, 0.29801446199417114, 0.29164549708366394, 0.2935175895690918, 0.3098128139972687, 0.3028256595134735, 0.3044506311416626, 0.32447776198387146, 0.31674274802207947, 0.30160656571388245];[-0.8339441418647766, -0.8397780656814575, -0.8668028116226196, -0.980922520160675, -1.0845203399658203, -1.1808949708938599, -1.2791448831558228, -1.3848426342010498, -1.4951183795928955, -1.5022063255310059, -1.531063437461853, -1.7176897525787354, -1.78610360622406, -1.7147945165634155, -1.7394437789916992, -1.7192599773406982, -1.784928798675537, -1.7764784097671509, -1.8203277587890625, -1.933532953262329, -1.8862847089767456, -1.8835725784301758, -1.783933162689209, -1.7816035747528076, -1.7929898500442505, -1.8597413301467896, -1.7960410118103027, -1.8039190769195557, -1.9103996753692627, -1.8708291053771973, -1.7961434125900269];[0.4270692467689514, 0.42841050028800964, 0.40310609340667725, 0.39151594042778015, 0.3850681483745575, 0.3159690499305725, 0.2319365292787552, 0.1540551632642746, 0.09850709140300751, 0.06131378933787346, 0.04290387034416199, 0.03245003893971443, 0.024547116830945015, 0.0212511345744133, 0.016810815781354904, 0.010921177454292774, 0.005020297598093748, 0.0035590140614658594, 0.0034736706875264645, 0.0025951918214559555, 0.002260890556499362, 0.0018932514358311892, 0.0013946916442364454, 0.0010424295905977488, 0.0009872250957414508, 0.0006282347021624446, 0.0005384276155382395, 0.0004494412278290838, 0.0003971562546212226, 0.00034689606400206685]
1500;[0.7787718772888184, 0.7809550762176514, 0.8236798048019409, 0.8371289968490601, 0.8551802039146423, 0.8821590542793274, 0.8808144927024841, 0.9148494601249695, 0.9075441360473633, 0.9252523183822632, 0.932754635810852, 0.9528719186782837, 0.9752789735794067, 0.9637309908866882, 0.9946466088294983, 0.9765260815620422, 0.9925246834754944, 0.9794553518295288, 1.0045768022537231, 0.9906173348426819, 1.0052762031555176, 0.9831923246383667, 0.978654146194458, 0.9941335916519165, 0.9960203766822815, 0.991163432598114, 1.0269520282745361, 0.9882578253746033, 0.986217200756073, 1.0156617164611816, 1.0009163618087769];[0.03847665712237358, 0.04040020704269409, 0.07390661537647247, 0.08656425774097443, 0.11620179563760757, 0.1529609113931656, 0.16416586935520172, 0.20238962769508362, 0.20072747766971588, 0.22148562967777252, 0.22661714255809784, 0.25164586305618286, 0.27598413825035095, 0.26937776803970337, 0.29588544368743896, 0.27998262643814087, 0.2965216636657715, 0.28669241070747375, 0.3080439269542694, 0.29009708762168884, 0.30738505721092224, 0.2902710735797882, 0.2843478322029114, 0.2961898744106293, 0.2999741733074188, 0.2979978919029236, 0.33132460713386536, 0.289368212223053, 0.29330140352249146, 0.31877121329307556, 0.30975341796875];[-0.8343251347541809, -0.8425348997116089, -0.955290675163269, -1.0094913244247437, -1.1151244640350342, -1.2922309637069702, -1.2868242263793945, -1.4620696306228638, -1.4256796836853027, -1.4935195446014404, -1.5803370475769043, -1.6283808946609497, -1.7300148010253906, -1.6674124002456665, -1.8406007289886475, -1.742256999015808, -1.8232671022415161, -1.7360224723815918, -1.88690185546875, -1.8575918674468994, -1.8982144594192505, -1.7480926513671875, -1.7509132623672485, -1.8494980335235596, -1.843805193901062, -1.813138484954834, -1.9997121095657349, -1.8353254795074463, -1.772222638130188, -1.9431252479553223, -1.8380292654037476];[0.42568373680114746, 0.4207596778869629, 0.3845246136188507, 0.348721444606781, 0.28641918301582336, 0.24071213603019714, 0.22104229032993317, 0.16382993757724762, 0.13247379660606384, 0.11475745588541031, 0.07231151312589645, 0.0527903214097023, 0.0397791862487793, 0.02947075478732586, 0.02370072528719902, 0.01608610898256302, 0.016281934455037117, 0.016487054526805878, 0.007409729994833469, 0.007988751865923405, 0.009742368012666702, 0.006520489696413279, 0.003976377658545971, 0.004029759205877781, 0.003753742203116417, 0.006354773882776499, 0.0028010914102196693, 0.005787941627204418, 0.0026498460210859776, 0.001844010897912085]
1550;[0.7677679657936096, 0.7713013887405396, 0.7834194898605347, 0.7787680625915527, 0.7850436568260193, 0.8016300201416016, 0.819734513759613, 0.834495484828949, 0.8396123647689819, 0.8581923842430115, 0.864702045917511, 0.8594875931739807, 0.8975564241409302, 0.8766007423400879, 0.8705678582191467, 0.8857144713401794, 0.8752840757369995, 0.8620072603225708, 0.8432601094245911, 0.846464991569519, 0.8491007089614868, 0.8442511558532715, 0.8331226706504822, 0.8347163796424866, 0.8442864418029785, 0.8712300658226013, 0.8396483659744263, 0.8426575064659119, 0.8402759432792664, 0.8504475951194763, 0.8557568192481995];[0.030608566477894783, 0.03655368089675903, 0.03444983810186386, 0.029771724715828896, 0.029970811679959297, 0.043512146919965744, 0.06708747893571854, 0.08839818090200424, 0.09936414659023285, 0.12310444563627243, 0.1341220885515213, 0.13184115290641785, 0.1685798168182373, 0.153300479054451, 0.14540544152259827, 0.15941599011421204, 0.14698249101638794, 0.1344490647315979, 0.11289451271295547, 0.11634190380573273, 0.1212136447429657, 0.11745871603488922, 0.1127280443906784, 0.11217290908098221, 0.1261148303747177, 0.14929544925689697, 0.12214868515729904, 0.13023054599761963, 0.12897127866744995, 0.14235949516296387, 0.1509142965078354];[-0.8175908327102661, -0.8284569978713989, -0.8829306960105896, -0.8088558912277222, -0.8159134387969971, -0.8575215339660645, -0.9133526682853699, -0.9709593653678894, -0.9976443648338318, -1.0992118120193481, -1.1334357261657715, -1.1065655946731567, -1.2812235355377197, -1.2008304595947266, -1.1627198457717896, -1.2285100221633911, -1.1943511962890625, -1.1233583688735962, -1.0638490915298462, -1.1019045114517212, -1.1250027418136597, -1.0902782678604126, -1.066035270690918, -1.0939016342163086, -1.14625883102417, -1.2878711223602295, -1.124599575996399, -1.1429275274276733, -1.1472899913787842, -1.2018688917160034, -1.2466555833816528];[0.42447441816329956, 0.4250783324241638, 0.42450350522994995, 0.3974362313747406, 0.35419145226478577, 0.3107967972755432, 0.2408219277858734, 0.21589699387550354, 0.1884930580854416, 0.17816035449504852, 0.13353261351585388, 0.12979373335838318, 0.11318056285381317, 0.11134286224842072, 0.1182532012462616, 0.11674875766038895, 0.1370266228914261, 0.15870454907417297, 0.17783644795417786, 0.2049747258424759, 0.2744629979133606, 0.26591596007347107, 0.2703666388988495, 0.28136804699897766, 0.2795219123363495, 0.2752698063850403, 0.24327759444713593, 0.22756171226501465, 0.22200839221477509, 0.15901370346546173]
1600;[0.7711772918701172, 0.7756654024124146, 0.7760015726089478, 0.7798771262168884, 0.8158800005912781, 0.8305383920669556, 0.8515831828117371, 0.8535005450248718, 0.8885712623596191, 0.9057375192642212, 0.9259659647941589, 0.9410329461097717, 0.9484035968780518, 0.957915723323822, 0.9616093635559082, 0.9647915363311768, 0.9717538952827454, 0.9776604771614075, 0.9762929677963257, 0.9892944693565369, 0.9731452465057373, 1.0196138620376587, 0.9713287949562073, 0.9760550260543823, 0.9848632216453552, 0.9946929812431335, 1.008333444595337, 0.9887861609458923, 0.9836487770080566, 1.0050629377365112, 0.9998735785484314];[0.03391256928443909, 0.0352933369576931, 0.02979171648621559, 0.03206943720579147, 0.07553648948669434, 0.10582416504621506, 0.13121332228183746, 0.1364438831806183, 0.18234921991825104, 0.20551908016204834, 0.2284480333328247, 0.24385811388492584, 0.2502063810825348, 0.25939691066741943, 0.2645997703075409, 0.2704201936721802, 0.28007298707962036, 0.2842525541782379, 0.28215882182121277, 0.29755648970603943, 0.2809576988220215, 0.32251933217048645, 0.2772049307823181, 0.2825239300727844, 0.2922104001045227, 0.2974926233291626, 0.3125819265842438, 0.29391297698020935, 0.2916261553764343, 0.31073272228240967, 0.3077252209186554];[-0.8252195715904236, -0.841373860836029, -0.8123578429222107, -0.8253191709518433, -0.9620971083641052, -1.0701898336410522, -1.180127739906311, -1.2276623249053955, -1.3816739320755005, -1.467362403869629, -1.5288029909133911, -1.6027840375900269, -1.6680470705032349, -1.681689977645874, -1.6974327564239502, -1.6729450225830078, -1.7035915851593018, -1.7476122379302979, -1.7219191789627075, -1.7791000604629517, -1.7137011289596558, -1.976352572441101, -1.7074116468429565, -1.7197576761245728, -1.7722052335739136, -1.8469538688659668, -1.897061824798584, -1.823153018951416, -1.7580091953277588, -1.8783446550369263, -1.8423776626586914];[0.4434272348880768, 0.4675990343093872, 0.40797579288482666, 0.38553428649902344, 0.4090506136417389, 0.35862576961517334, 0.34166112542152405, 0.28922051191329956, 0.24438481032848358, 0.14360718429088593, 0.04904396831989288, 0.04310087487101555, 0.025524139404296875, 0.020264513790607452, 0.015141269192099571, 0.008865372277796268, 0.00400250218808651, 0.0029366803355515003, 0.0020146502647548914, 0.0019543315283954144, 0.0016867447411641479, 0.0011696440633386374, 0.0008205901249311864, 0.0008130996720865369, 0.0005828145076520741, 0.0005395506741479039, 0.0004479986091610044, 0.00037191383307799697, 0.00035269296495243907, 0.0004464555822778493]
1650;[0.7757501602172852, 0.7723621726036072, 0.7874385714530945, 0.8322266340255737, 0.8640995621681213, 0.8892272114753723, 0.926796019077301, 0.9608567953109741, 0.9659526944160461, 0.9668797850608826, 0.9805611371994019, 0.9782314300537109, 0.9833281636238098, 0.9824813008308411, 0.9750743508338928, 0.9875352382659912, 0.9695768356323242, 0.9983887672424316, 1.0064135789871216, 0.9896954298019409, 0.9985390901565552, 0.997265100479126, 1.0153402090072632, 0.9939298033714294, 1.0131922960281372, 0.9938021898269653, 1.005679726600647, 1.002308964729309, 1.0220097303390503, 1.0191344022750854, 1.0394198894500732];[0.03510047122836113, 0.02838152088224888, 0.03964424133300781, 0.09699348360300064, 0.1414203643798828, 0.17758651077747345, 0.21909001469612122, 0.2560979425907135, 0.2695230543613434, 0.27211785316467285, 0.2812187075614929, 0.27752721309661865, 0.2881053686141968, 0.28675469756126404, 0.2798527479171753, 0.2918286919593811, 0.2762277126312256, 0.30277469754219055, 0.3126753270626068, 0.2958619296550751, 0.29977181553840637, 0.30030539631843567, 0.31899943947792053, 0.2967211604118347, 0.31951937079429626, 0.30322691798210144, 0.3111439049243927, 0.3078174293041229, 0.32613664865493774, 0.3238736689090729, 0.3420928418636322];[-0.8312815427780151, -0.8086597323417664, -0.8362346291542053, -1.0127689838409424, -1.1800202131271362, -1.3038190603256226, -1.483199954032898, -1.6457334756851196, -1.6838881969451904, -1.680190086364746, -1.7929869890213013, -1.7693700790405273, -1.7640881538391113, -1.7708319425582886, -1.7320342063903809, -1.7914791107177734, -1.686553716659546, -1.8542430400848389, -1.8816791772842407, -1.7985557317733765, -1.873004674911499, -1.8554917573928833, -1.9435871839523315, -1.8618550300598145, -1.9156666994094849, -1.7948232889175415, -1.8854589462280273, -1.85348379611969, -1.979770541191101, -1.9398689270019531, -2.0806124210357666];[0.4371953010559082, 0.42150381207466125, 0.39928874373435974, 0.31497812271118164, 0.2423897534608841, 0.13461552560329437, 0.09512202441692352, 0.07341636717319489, 0.033198293298482895, 0.02443469502031803, 0.02044403925538063, 0.02352568879723549, 0.020561497658491135, 0.016169320791959763, 0.012172870337963104, 0.01075818482786417, 0.00944830197840929, 0.007483735680580139, 0.0056723058223724365, 0.005206153262406588, 0.004459380637854338, 0.004164866171777248, 0.002828349592164159, 0.0020398544147610664, 0.0014535628724843264, 0.00117597880307585, 0.0013575147604569793, 0.0011943391291424632, 0.0009718815563246608, 0.0011782009387388825]
1700;[0.779885470867157, 0.799573540687561, 0.8039749264717102, 0.8124256134033203, 0.8141398429870605, 0.8045072555541992, 0.8097642660140991, 0.828027606010437, 0.8304935693740845, 0.8237097263336182, 0.818653404712677, 0.8259655833244324, 0.8386650681495667, 0.836295485496521, 0.8381392955780029, 0.8292388319969177, 0.8206755518913269, 0.8530987501144409, 0.8425142168998718, 0.8550723195075989, 0.855205774307251, 0.8853535056114197, 0.8707376718521118, 0.9062837362289429, 0.9156016707420349, 0.9103579521179199, 0.9060122966766357, 0.9211253523826599, 0.9262876510620117, 0.915026843547821, 0.9381774067878723];[0.04248794913291931, 0.056179579347372055, 0.05590135604143143, 0.06669145077466965, 0.07312735915184021, 0.062158599495887756, 0.0584086999297142, 0.0753529816865921, 0.08831216394901276, 0.08426249772310257, 0.0778016597032547, 0.08332405239343643, 0.09620015323162079, 0.09302986413240433, 0.10020052641630173, 0.10028541833162308, 0.09858282655477524, 0.12937957048416138, 0.12487495690584183, 0.14322638511657715, 0.1469724178314209, 0.17679809033870697, 0.16612251102924347, 0.2055296003818512, 0.21567268669605255, 0.2101627141237259, 0.20747581124305725, 0.22013065218925476, 0.22619466483592987, 0.21745552122592926, 0.2352234274148941];[-0.8475978374481201, -0.905937910079956, -0.9207727909088135, -0.9558186531066895, -0.9443314671516418, -0.9145274758338928, -0.8998534083366394, -1.0300074815750122, -0.994658350944519, -0.9903916120529175, -0.9696917533874512, -1.0025784969329834, -1.038049340248108, -1.0583751201629639, -1.046039342880249, -1.0438936948776245, -1.0436159372329712, -1.2133829593658447, -1.1516937017440796, -1.230043888092041, -1.23553466796875, -1.3799623250961304, -1.3175294399261475, -1.476717233657837, -1.5065642595291138, -1.4651587009429932, -1.4509714841842651, -1.543911099433899, -1.553635597229004, -1.4691029787063599, -1.6309305429458618];[0.4431908130645752, 0.41094130277633667, 0.41516929864883423, 0.36721527576446533, 0.32361140847206116, 0.3452368974685669, 0.33054378628730774, 0.3061041533946991, 0.3138270676136017, 0.32131072878837585, 0.32494914531707764, 0.37072983384132385, 0.3297613263130188, 0.3148459196090698, 0.33259010314941406, 0.3373837172985077, 0.3388386368751526, 0.3245890736579895, 0.3197539150714874, 0.2452390193939209, 0.2123650163412094, 0.18654431402683258, 0.15862317383289337, 0.1437435746192932, 0.10781881213188171, 0.07662200927734375, 0.053251177072525024, 0.044120099395513535, 0.03816759213805199, 0.034142088145017624]
1750;[0.7730234861373901, 0.77255779504776, 0.8101276755332947, 0.8229255080223083, 0.8555378913879395, 0.8917739391326904, 0.935247540473938, 0.9616039991378784, 0.9829768538475037, 0.9896281957626343, 0.9939728379249573, 0.9946160912513733, 1.0037366151809692, 1.011340618133545, 1.0134015083312988, 1.0281239748001099, 1.012061357498169, 0.9995964169502258, 0.9885642528533936, 1.0163683891296387, 0.9973354339599609, 1.017874002456665, 1.022070288658142, 1.0000423192977905, 1.0265581607818604, 1.0099529027938843, 0.99513179063797, 1.0407341718673706, 1.005302906036377, 1.0311362743377686, 1.0075792074203491];[0.03697793930768967, 0.03891555219888687, 0.06879065185785294, 0.07285775989294052, 0.1233774721622467, 0.17482666671276093, 0.22479280829429626, 0.2576964497566223, 0.2847774922847748, 0.29282617568969727, 0.2991807162761688, 0.3014574646949768, 0.30891427397727966, 0.3145529627799988, 0.317895770072937, 0.33144131302833557, 0.31734925508499146, 0.30658218264579773, 0.2973860800266266, 0.3232744038105011, 0.30150145292282104, 0.32732531428337097, 0.32984459400177, 0.30653759837150574, 0.3332637846469879, 0.3181394636631012, 0.29997116327285767, 0.3432721197605133, 0.3093355596065521, 0.33651527762413025, 0.31402549147605896];[-0.8309073448181152, -0.8380035161972046, -0.9334167838096619, -0.9590479731559753, -1.127059817314148, -1.3326455354690552, -1.5612362623214722, -1.6715631484985352, -1.7446175813674927, -1.7685155868530273, -1.8084032535552979, -1.8034074306488037, -1.8689743280410767, -1.9308967590332031, -1.920141577720642, -1.9981900453567505, -1.9070342779159546, -1.8336776494979858, -1.7520281076431274, -1.9185577630996704, -1.8359179496765137, -1.9076248407363892, -1.934570074081421, -1.8328187465667725, -1.9675694704055786, -1.8883533477783203, -1.8204587697982788, -2.0962483882904053, -1.8823212385177612, -2.0127315521240234, -1.8649262189865112];[0.41306596994400024, 0.44760826230049133, 0.42817017436027527, 0.4191071689128876, 0.4442567527294159, 0.4418944716453552, 0.2962605357170105, 0.15989474952220917, 0.07927002757787704, 0.06331838667392731, 0.034558799117803574, 0.02852488122880459, 0.02035217545926571, 0.014882565476000309, 0.013160167261958122, 0.00913371704518795, 0.009123348630964756, 0.008012094534933567, 0.0062681748531758785, 0.0050870622508227825, 0.005715380888432264, 0.005983815062791109, 0.004440481774508953, 0.006213767919689417, 0.0033835098147392273, 0.0052237496711313725, 0.0029798969626426697, 0.002688415115699172, 0.002468002261593938, 0.003033725544810295]
1800;[0.7821429967880249, 0.7746222615242004, 0.812559962272644, 0.8465523719787598, 0.8718765377998352, 0.8865157961845398, 0.9214714169502258, 0.952589213848114, 0.9599751830101013, 0.9645257592201233, 0.9682475328445435, 0.990448534488678, 1.0023043155670166, 0.9951431751251221, 1.0099961757659912, 1.0116040706634521, 1.0131083726882935, 0.9831416606903076, 1.0370705127716064, 1.0121492147445679, 1.014827013015747, 0.9901386499404907, 1.0246503353118896, 1.0274935960769653, 0.996854841709137, 0.991046667098999, 1.0293322801589966, 1.0305993556976318, 1.019388198852539, 1.0011247396469116, 0.9959357976913452];[0.04342906177043915, 0.03295912221074104, 0.06272050738334656, 0.10548663139343262, 0.148723304271698, 0.1715681254863739, 0.2113768756389618, 0.24441537261009216, 0.25992506742477417, 0.265529066324234, 0.27040326595306396, 0.29181376099586487, 0.3048136532306671, 0.3003028631210327, 0.31381627917289734, 0.3182452619075775, 0.31814810633659363, 0.29178667068481445, 0.34108665585517883, 0.3192910850048065, 0.3231205940246582, 0.2984740436077118, 0.3293795585632324, 0.3303375840187073, 0.3059031665325165, 0.2991798520088196, 0.3326319456100464, 0.33665579557418823, 0.3265322744846344, 0.309550017118454, 0.3017658293247223];[-0.8736435174942017, -0.8202664256095886, -0.9047489166259766, -1.0580357313156128, -1.2017574310302734, -1.2891899347305298, -1.445706844329834, -1.5989922285079956, -1.6461931467056274, -1.6560806035995483, -1.672637939453125, -1.806167721748352, -1.8663560152053833, -1.809240460395813, -1.8850932121276855, -1.9080201387405396, -1.9161100387573242, -1.7410588264465332, -2.047874927520752, -1.8943425416946411, -1.9008511304855347, -1.7846194505691528, -1.9826544523239136, -2.00938081741333, -1.8087824583053589, -1.791980266571045, -2.017648220062256, -2.0010263919830322, -1.932394027709961, -1.830807089805603, -1.8024916648864746];[0.4468134641647339, 0.43042343854904175, 0.3786070942878723, 0.3289884626865387, 0.24353213608264923, 0.15876685082912445, 0.10270249098539352, 0.06921874731779099, 0.05128900706768036, 0.040899280458688736, 0.023043107241392136, 0.021006079390645027, 0.016898352652788162, 0.018345940858125687, 0.013307105749845505, 0.011893781833350658, 0.012164274230599403, 0.012184073217213154, 0.008310172706842422, 0.0057370830327272415, 0.009457949548959732, 0.008872094564139843, 0.004491658415645361, 0.004604395478963852, 0.003404716495424509, 0.007524662185460329, 0.005087752360850573, 0.003109371056780219, 0.003955930005759001, 0.00200246786698699]
1850;[0.7757498025894165, 0.7687819600105286, 0.7822088003158569, 0.8075464367866516, 0.8448365926742554, 0.8566610813140869, 0.8620562553405762, 0.8762580752372742, 0.8920450806617737, 0.9244288802146912, 0.94392991065979, 0.9723982810974121, 0.9814549684524536, 0.9957184791564941, 0.989846408367157, 0.99615478515625, 0.9981616139411926, 0.9862899780273438, 0.999001681804657, 0.979242742061615, 1.0005998611450195, 1.007964015007019, 0.9901760220527649, 0.9691108465194702, 1.007839560508728, 1.0018237829208374, 0.9938165545463562, 0.9992666244506836, 1.0093594789505005, 1.0279370546340942, 1.0079138278961182];[0.03700700029730797, 0.029115764424204826, 0.04439178481698036, 0.06944789737462997, 0.1169365644454956, 0.13397109508514404, 0.14420750737190247, 0.1617521047592163, 0.18093310296535492, 0.21946553885936737, 0.2447407841682434, 0.2776747941970825, 0.2874870002269745, 0.3007785379886627, 0.29545387625694275, 0.3021013140678406, 0.30544355511665344, 0.29007378220558167, 0.3068956732749939, 0.28685468435287476, 0.3092099726200104, 0.3124508261680603, 0.2946762442588806, 0.2751774191856384, 0.31473585963249207, 0.30841901898384094, 0.30073583126068115, 0.30846747756004333, 0.3117256760597229, 0.32898759841918945, 0.3112959861755371];[-0.8342115879058838, -0.8110523819923401, -0.8549833297729492, -0.9434645771980286, -1.1019123792648315, -1.1535483598709106, -1.2017822265625, -1.2347795963287354, -1.3454034328460693, -1.4769136905670166, -1.5646215677261353, -1.6947368383407593, -1.7560579776763916, -1.8344948291778564, -1.8069865703582764, -1.8333014249801636, -1.8453881740570068, -1.7871111631393433, -1.8319120407104492, -1.7382866144180298, -1.8412439823150635, -1.9009008407592773, -1.8089814186096191, -1.6796523332595825, -1.884577989578247, -1.8499956130981445, -1.8055593967437744, -1.8167016506195068, -1.9253441095352173, -2.023867607116699, -1.912879467010498];[0.4192661643028259, 0.4235156774520874, 0.5043255090713501, 0.4039899408817291, 0.3339400291442871, 0.30515792965888977, 0.24516381323337555, 0.20974011719226837, 0.1360860913991928, 0.1025710329413414, 0.06238007918000221, 0.0447879321873188, 0.011311405338346958, 0.005015220493078232, 0.0025458119343966246, 0.0018147308146581054, 0.0013738448033109307, 0.0014179671416059136, 0.0010030822595581412, 0.001012209104374051, 0.0007265201420523226, 0.0006855729152448475, 0.0006404121522791684, 0.0005348810227587819, 0.0004914042074233294, 0.00034578333725221455, 0.00037371134385466576, 0.00028681938420049846, 0.0002907447051256895, 0.0002555080282036215]
1900;[0.7713056802749634, 0.779436469078064, 0.7830033898353577, 0.8040482997894287, 0.8231990337371826, 0.8318130373954773, 0.8233916163444519, 0.8250208497047424, 0.835685133934021, 0.8404527306556702, 0.8591011762619019, 0.8732753992080688, 0.9126924276351929, 0.9114700555801392, 0.9142236113548279, 0.9364243745803833, 0.9465652704238892, 0.9725486040115356, 0.9708659648895264, 0.9807823896408081, 1.0009433031082153, 0.9860943555831909, 1.0032901763916016, 0.9980548620223999, 0.9987731575965881, 1.0026699304580688, 1.0082061290740967, 1.012535572052002, 1.0086915493011475, 1.0154144763946533, 0.9929670691490173];[0.03523588180541992, 0.0352657176554203, 0.036959510296583176, 0.0533769316971302, 0.07293706387281418, 0.08429004997015, 0.07585444301366806, 0.08087445795536041, 0.09181975573301315, 0.10503199696540833, 0.12765824794769287, 0.15323278307914734, 0.19394457340240479, 0.1926996260881424, 0.20754683017730713, 0.23199279606342316, 0.24609658122062683, 0.2770043909549713, 0.27251744270324707, 0.28635358810424805, 0.30724355578422546, 0.29098182916641235, 0.3061292767524719, 0.3038221597671509, 0.3025241792201996, 0.30916646122932434, 0.31194359064102173, 0.315531849861145, 0.31462347507476807, 0.31709346175193787, 0.30101290345191956];[-0.8318257927894592, -0.828451931476593, -0.8297778964042664, -0.8894870281219482, -0.9476442933082581, -0.9984889030456543, -0.9551835060119629, -0.9758096933364868, -1.020405650138855, -1.0409685373306274, -1.1529757976531982, -1.223318099975586, -1.4175394773483276, -1.4290457963943481, -1.4187873601913452, -1.5386284589767456, -1.5880229473114014, -1.7070581912994385, -1.744621992111206, -1.7570401430130005, -1.839128017425537, -1.7855533361434937, -1.8751044273376465, -1.8324403762817383, -1.8510409593582153, -1.8560640811920166, -1.9007295370101929, -1.9198858737945557, -1.886960744857788, -1.9322595596313477, -1.8073856830596924];[0.42382684350013733, 0.45469701290130615, 0.4061862528324127, 0.36414751410484314, 0.32879915833473206, 0.30941927433013916, 0.329485684633255, 0.2888116240501404, 0.27566471695899963, 0.2668784558773041, 0.2744481861591339, 0.19438131153583527, 0.1629161834716797, 0.13037189841270447, 0.08186473697423935, 0.059922151267528534, 0.0410376600921154, 0.025507695972919464, 0.016106296330690384, 0.009842350147664547, 0.009208710864186287, 0.006886632647365332, 0.006695760879665613, 0.010600276291370392, 0.003475569887086749, 0.003646701341494918, 0.005435514729470015, 0.0027364548295736313, 0.005387537647038698, 0.002717316383495927]
1950;[0.7726964950561523, 0.7662491202354431, 0.7809721231460571, 0.7767589688301086, 0.7737707495689392, 0.7816879153251648, 0.7907872200012207, 0.7940397262573242, 0.7875716686248779, 0.7868584990501404, 0.7801545858383179, 0.7818779349327087, 0.7853966355323792, 0.7787870168685913, 0.7799711227416992, 0.7668911218643188, 0.7708890438079834, 0.7741122841835022, 0.768284022808075, 0.7780176997184753, 0.7917628884315491, 0.7903978824615479, 0.7891058325767517, 0.7768557667732239, 0.7805687189102173, 0.7868147492408752, 0.7829732298851013, 0.8028866052627563, 0.8247602581977844, 0.8014029264450073, 0.8006099462509155];[0.03449713811278343, 0.02545224130153656, 0.03343406692147255, 0.03114001825451851, 0.02583707869052887, 0.029865557327866554, 0.03904203698039055, 0.0395083986222744, 0.03562954440712929, 0.03429729491472244, 0.028864378109574318, 0.0326848141849041, 0.03558369353413582, 0.034573327749967575, 0.04808642342686653, 0.04290790855884552, 0.05069821700453758, 0.05895302817225456, 0.0503389947116375, 0.060652609914541245, 0.07176272571086884, 0.07471596449613571, 0.0782817155122757, 0.06671372056007385, 0.0698053315281868, 0.07855351269245148, 0.0754755511879921, 0.09519270062446594, 0.11441047489643097, 0.09518591314554214, 0.09274332970380783];[-0.8272060751914978, -0.8007606267929077, -0.8198952078819275, -0.8163352608680725, -0.8008280992507935, -0.8091922402381897, -0.8319405317306519, -0.8332584500312805, -0.8329964876174927, -0.8260771036148071, -0.8084821105003357, -0.8190235495567322, -0.82627934217453, -0.8438698649406433, -0.8762000203132629, -0.8590856790542603, -0.8791031837463379, -0.9157619476318359, -0.9117330312728882, -0.9316661357879639, -0.9572237730026245, -0.9721481800079346, -0.9852414131164551, -0.9477037191390991, -0.959040641784668, -0.982790470123291, -0.9642924070358276, -1.0476140975952148, -1.1573165655136108, -1.040145754814148, -1.0394574403762817];[0.4529273509979248, 0.410613089799881, 0.41439393162727356, 0.3747618794441223, 0.3754245638847351, 0.36577850580215454, 0.3631768524646759, 0.3488948941230774, 0.38487711548805237, 0.357145756483078, 0.3583489656448364, 0.34386828541755676, 0.3883640170097351, 0.4588066339492798, 0.5143015384674072, 0.5269619226455688, 0.6042162775993347, 0.5613476634025574, 0.5487001538276672, 0.5729803442955017, 0.6039422154426575, 0.6249309182167053, 0.49778324365615845, 0.5196283459663391, 0.6102378964424133, 0.6812963485717773, 0.40153539180755615, 0.6404262185096741, 0.6277177929878235, 0.4212288558483124]
2000;[0.769666314125061, 0.8146228194236755, 0.8463826179504395, 0.8534327745437622, 0.8803753852844238, 0.8734595775604248, 0.8683497309684753, 0.8906798958778381, 0.9000253081321716, 0.9327769875526428, 0.9470219016075134, 0.9641172289848328, 0.9697152376174927, 0.955234169960022, 0.9592192769050598, 0.9734435677528381, 0.9904474020004272, 0.9844363331794739, 1.0016237497329712, 1.0165741443634033, 0.9796087741851807, 1.003915786743164, 0.9847971200942993, 0.9918553233146667, 0.9941797852516174, 0.994663417339325, 1.011804223060608, 0.9871750473976135, 0.9879859685897827, 1.011471152305603, 1.0107711553573608];[0.03254355862736702, 0.07324758917093277, 0.0971752181649208, 0.12317349016666412, 0.16146990656852722, 0.1608179658651352, 0.1601697951555252, 0.18634238839149475, 0.19486933946609497, 0.2283649891614914, 0.24133148789405823, 0.26237916946411133, 0.27094337344169617, 0.2586578130722046, 0.26707378029823303, 0.2812248766422272, 0.2910083532333374, 0.29275357723236084, 0.30717357993125916, 0.3234921395778656, 0.2870749533176422, 0.3072888255119324, 0.28971928358078003, 0.299113005399704, 0.300620436668396, 0.30222731828689575, 0.3138379752635956, 0.2948555648326874, 0.29437559843063354, 0.31582605838775635, 0.31883901357650757];[-0.8230075836181641, -0.9493691325187683, -1.0493957996368408, -1.1474772691726685, -1.2886874675750732, -1.2912259101867676, -1.2765451669692993, -1.3763676881790161, -1.4468034505844116, -1.59184992313385, -1.7064651250839233, -1.7203669548034668, -1.7442052364349365, -1.6661888360977173, -1.654488444328308, -1.712655782699585, -1.8744689226150513, -1.7796255350112915, -1.8687089681625366, -1.9326809644699097, -1.7402538061141968, -1.9054607152938843, -1.7871054410934448, -1.7992757558822632, -1.8108824491500854, -1.8030544519424438, -1.9252581596374512, -1.7726759910583496, -1.7826693058013916, -1.9198940992355347, -1.8924221992492676];[0.4582643508911133, 0.3992636203765869, 0.3946658968925476, 0.38795047998428345, 0.3347790837287903, 0.34350502490997314, 0.18925142288208008, 0.12888234853744507, 0.0971851721405983, 0.0692511722445488, 0.04893237352371216, 0.03291165083646774, 0.023541083559393883, 0.015152966603636742, 0.00837614107877016, 0.00505046546459198, 0.0028757790569216013, 0.002416701056063175, 0.0016135206678882241, 0.0013177837245166302, 0.001102651352994144, 0.0008105442975647748, 0.0006323081906884909, 0.0005726422532461584, 0.00047980528324842453, 0.00046806212048977613, 0.0004449095868039876, 0.00047940443619154394, 0.0003380088310223073, 0.00037479199818335474]
2050;[0.7718462944030762, 0.7788639664649963, 0.7793194055557251, 0.7832731604576111, 0.7852437496185303, 0.7840267419815063, 0.7856804132461548, 0.807239830493927, 0.8104317784309387, 0.8333786725997925, 0.8443925976753235, 0.8397867679595947, 0.8460030555725098, 0.8469754457473755, 0.8647393584251404, 0.8359614014625549, 0.8371670246124268, 0.833209216594696, 0.8455879092216492, 0.8446004986763, 0.8642473816871643, 0.8749154210090637, 0.8845917582511902, 0.8592900037765503, 0.8663784861564636, 0.8616060018539429, 0.8655380606651306, 0.8814520835876465, 0.8883914947509766, 0.913282036781311, 0.9061732292175293];[0.03210893273353577, 0.03689182177186012, 0.034763019531965256, 0.03747560828924179, 0.03981228545308113, 0.03516995161771774, 0.03848244622349739, 0.053219154477119446, 0.06622610241174698, 0.0915374755859375, 0.10378751158714294, 0.10170478373765945, 0.1130044013261795, 0.11794835329055786, 0.13150304555892944, 0.10265699774026871, 0.10344641655683517, 0.09994138032197952, 0.11836118996143341, 0.11998678743839264, 0.14434455335140228, 0.15632720291614532, 0.16773100197315216, 0.14312644302845, 0.14985379576683044, 0.147892564535141, 0.1497315913438797, 0.17103849351406097, 0.17862959206104279, 0.20476354658603668, 0.20089755952358246];[-0.8186960816383362, -0.8573406934738159, -0.8247730135917664, -0.8350672721862793, -0.846078097820282, -0.831171452999115, -0.8369011282920837, -0.898961067199707, -0.9418401718139648, -1.0304961204528809, -1.0863982439041138, -1.0572190284729004, -1.0764234066009521, -1.1145719289779663, -1.1816149950027466, -1.0519729852676392, -1.0585349798202515, -1.0421229600906372, -1.1215547323226929, -1.1172465085983276, -1.2254114151000977, -1.271706461906433, -1.3258914947509766, -1.2123327255249023, -1.2460986375808716, -1.2149745225906372, -1.2536271810531616, -1.3154964447021484, -1.3476126194000244, -1.4850895404815674, -1.4323915243148804];[0.4287780225276947, 0.4421656131744385, 0.4280231297016144, 0.39615491032600403, 0.38997742533683777, 0.40281856060028076, 0.40212252736091614, 0.3930570185184479, 0.38626381754875183, 0.32715439796447754, 0.2902158796787262, 0.29007667303085327, 0.2703656852245331, 0.26268088817596436, 0.24700100719928741, 0.2571284770965576, 0.2541082799434662, 0.2463299036026001, 0.22518803179264069, 0.1944582760334015, 0.17260469496250153, 0.1388019621372223, 0.15022188425064087, 0.1609477400779724, 0.1555096060037613, 0.1505662500858307, 0.1448276937007904, 0.11741812527179718, 0.08452847599983215, 0.07840699702501297]
2100;[0.776093065738678, 0.7950547337532043, 0.8200789093971252, 0.8319404721260071, 0.8610571622848511, 0.9174739122390747, 0.9423099160194397, 0.9535906910896301, 0.9739810228347778, 0.9688189029693604, 0.9874632358551025, 0.9973766803741455, 1.0104211568832397, 1.0082745552062988, 0.9843740463256836, 1.0007898807525635, 1.0109992027282715, 0.9939239025115967, 1.0165828466415405, 1.024849772453308, 1.0265886783599854, 1.006015658378601, 1.005237102508545, 1.0226669311523438, 0.9902796745300293, 1.0131983757019043, 1.0258971452713013, 1.0214530229568481, 1.012008547782898, 1.0117840766906738, 1.0304104089736938];[0.0371716171503067, 0.04867618530988693, 0.07486466318368912, 0.1035696417093277, 0.1470254361629486, 0.2110327035188675, 0.24250641465187073, 0.2547217905521393, 0.2747134566307068, 0.2715942859649658, 0.2905476987361908, 0.303977906703949, 0.31549835205078125, 0.31117647886276245, 0.291864275932312, 0.309783399105072, 0.3154294788837433, 0.3017239272594452, 0.32046690583229065, 0.32712286710739136, 0.3307676315307617, 0.31188273429870605, 0.3114072382450104, 0.3264417052268982, 0.29609325528144836, 0.32245421409606934, 0.3342798948287964, 0.3290438950061798, 0.31955888867378235, 0.3199610412120819, 0.3335762917995453];[-0.8355830907821655, -0.8760589361190796, -0.9718316197395325, -1.0611541271209717, -1.203016757965088, -1.497822880744934, -1.5647337436676025, -1.6387749910354614, -1.7420095205307007, -1.706831455230713, -1.8012194633483887, -1.8294892311096191, -1.8930302858352661, -1.9069243669509888, -1.768807053565979, -1.8321770429611206, -1.9161860942840576, -1.7977858781814575, -1.9434641599655151, -2.0024898052215576, -1.9861913919448853, -1.8711514472961426, -1.8744330406188965, -1.9704622030258179, -1.797774076461792, -1.8857637643814087, -1.947229266166687, -1.9402841329574585, -1.8968435525894165, -1.8751674890518188, -2.026279926300049];[0.4451564848423004, 0.4263050854206085, 0.43657386302948, 0.42425909638404846, 0.38640296459198, 0.11131065338850021, 0.04949476942420006, 0.02964998409152031, 0.02147984690964222, 0.016825156286358833, 0.014249313622713089, 0.009312884882092476, 0.009575207717716694, 0.007674790918827057, 0.004416411276906729, 0.004115314222872257, 0.004115462303161621, 0.004107620567083359, 0.003112590638920665, 0.002313528675585985, 0.007560701575130224, 0.002481144620105624, 0.0018454212695360184, 0.0030513335950672626, 0.002277046674862504, 0.001998694147914648, 0.0023201231379061937, 0.001605091616511345, 0.00241351081058383, 0.0011776775354519486]
2150;[0.7846554517745972, 0.8028162717819214, 0.8118686676025391, 0.8302320837974548, 0.856224000453949, 0.904992938041687, 0.9095910787582397, 0.9267886281013489, 0.9691799283027649, 0.9592958688735962, 0.9833090901374817, 1.0069668292999268, 0.9865944981575012, 1.0029624700546265, 1.0183717012405396, 0.9914727807044983, 0.991816520690918, 0.9811431765556335, 1.0233869552612305, 0.994985818862915, 1.0117909908294678, 1.0220295190811157, 1.0161607265472412, 1.0134283304214478, 1.0085232257843018, 1.0024666786193848, 1.0095891952514648, 1.0071150064468384, 1.0049846172332764, 1.017953872680664, 1.0170159339904785];[0.045015111565589905, 0.045974791049957275, 0.06492720544338226, 0.09385319799184799, 0.13603581488132477, 0.19481267035007477, 0.20694583654403687, 0.22435443103313446, 0.2717171311378479, 0.2624046802520752, 0.2874845564365387, 0.30679312348365784, 0.29535040259361267, 0.3075512647628784, 0.32034775614738464, 0.2982032597064972, 0.30154621601104736, 0.2871659994125366, 0.32589346170425415, 0.3027856647968292, 0.3185473680496216, 0.32748353481292725, 0.31850665807724, 0.3193577527999878, 0.3131772577762604, 0.30586662888526917, 0.31484290957450867, 0.316032350063324, 0.3130999505519867, 0.32454484701156616, 0.3245636820793152];[-0.8600744605064392, -0.8686828017234802, -0.9283353090286255, -1.0008699893951416, -1.150665283203125, -1.41036856174469, -1.4434205293655396, -1.5138906240463257, -1.7131682634353638, -1.674350380897522, -1.7819807529449463, -1.9167401790618896, -1.7580211162567139, -1.8664978742599487, -1.9706714153289795, -1.788998007774353, -1.793737769126892, -1.7588269710540771, -1.9955028295516968, -1.808641791343689, -1.9065243005752563, -1.94834303855896, -1.9438271522521973, -1.9124958515167236, -1.9005075693130493, -1.8905678987503052, -1.902051568031311, -1.8623162508010864, -1.8644613027572632, -1.931168556213379, -1.923459768295288];[0.43963155150413513, 0.38003724813461304, 0.3613952100276947, 0.3306849002838135, 0.2985096573829651, 0.15058200061321259, 0.08153177797794342, 0.05092846229672432, 0.02698054537177086, 0.015894971787929535, 0.010005696676671505, 0.007162139285355806, 0.005601533688604832, 0.007869780994951725, 0.0020666744094341993, 0.00224212184548378, 0.001176817691884935, 0.0008874328341335058, 0.0004827715747524053, 0.00042540612048469484, 0.00046800856944173574, 0.00034874939592555165, 0.0006192395812831819, 0.0004253082734066993, 0.00037972358404658735, 0.00031028303783386946, 0.0003679484943859279, 0.0003558955795597285, 0.00034393882378935814, 0.0003108737582806498]
2200;[0.7703465223312378, 0.7788819670677185, 0.7799709439277649, 0.8040904402732849, 0.8392596244812012, 0.8612175583839417, 0.8809961676597595, 0.922494113445282, 0.9196755886077881, 0.9571521282196045, 0.9650360345840454, 0.9543314576148987, 0.9634893536567688, 0.9547368884086609, 0.9626476764678955, 0.9599660038948059, 0.9977411031723022, 0.9655880331993103, 1.0084136724472046, 0.98860102891922, 0.9875530004501343, 1.0004565715789795, 0.9915249347686768, 1.0000793933868408, 0.9785085916519165, 0.9893341064453125, 0.9989442229270935, 0.9932692646980286, 1.0205035209655762, 0.9748580455780029, 1.000521183013916];[0.033480461686849594, 0.03400265425443649, 0.03186631575226784, 0.05909306928515434, 0.10827083885669708, 0.14019720256328583, 0.17024973034858704, 0.2177298218011856, 0.21879759430885315, 0.25383493304252625, 0.26067250967025757, 0.25461068749427795, 0.2647300362586975, 0.2568613290786743, 0.26455992460250854, 0.2665913999080658, 0.3017931282520294, 0.27337461709976196, 0.3110031485557556, 0.294005811214447, 0.2916989326477051, 0.3079308569431305, 0.29999840259552, 0.30779924988746643, 0.2849472761154175, 0.29581159353256226, 0.3025462031364441, 0.2997571527957916, 0.32262757420539856, 0.2812606692314148, 0.3077158033847809];[-0.8213127851486206, -0.8264244198799133, -0.8199292421340942, -0.9005809426307678, -1.0730451345443726, -1.1865613460540771, -1.311728835105896, -1.5111342668533325, -1.4890456199645996, -1.7039375305175781, -1.757606029510498, -1.649938702583313, -1.6937509775161743, -1.6483615636825562, -1.6994260549545288, -1.6493679285049438, -1.8528697490692139, -1.673187017440796, -1.9392160177230835, -1.8079270124435425, -1.7944252490997314, -1.842440128326416, -1.8081203699111938, -1.8397754430770874, -1.739750862121582, -1.7875185012817383, -1.8622132539749146, -1.814004898071289, -1.984938621520996, -1.720750093460083, -1.8547098636627197];[0.42894819378852844, 0.391279011964798, 0.39912182092666626, 0.34937113523483276, 0.3102533221244812, 0.3025064766407013, 0.18363915383815765, 0.1172177866101265, 0.07973171025514603, 0.05354674160480499, 0.04538118466734886, 0.03759271278977394, 0.022323403507471085, 0.01804962381720543, 0.012358315289020538, 0.009147250093519688, 0.007676583714783192, 0.0061243679374456406, 0.005260247737169266, 0.0038399368058890104, 0.0039004883728921413, 0.004370918497443199, 0.003103782655671239, 0.0027096092235296965, 0.002852232661098242, 0.002394202398136258, 0.00225756224244833, 0.0026696871500462294, 0.0024744533002376556, 0.002030100906267762]
2250;[0.7763099074363708, 0.7793877124786377, 0.8101180791854858, 0.8322797417640686, 0.8429773449897766, 0.8585302829742432, 0.8838918805122375, 0.9192605018615723, 0.9293195605278015, 0.9593023061752319, 0.9582849740982056, 0.9802618026733398, 0.9861172437667847, 0.9901664853096008, 0.9917125701904297, 0.9941974878311157, 1.003960132598877, 1.0116640329360962, 1.0292555093765259, 1.0060724020004272, 1.0293692350387573, 1.0295100212097168, 1.027047038078308, 0.9853491187095642, 1.0226939916610718, 1.0006680488586426, 1.0030049085617065, 1.0059603452682495, 1.0124475955963135, 1.0133222341537476, 1.0258994102478027];[0.0398031547665596, 0.03333151713013649, 0.06516332179307938, 0.08590814471244812, 0.1046530157327652, 0.12348028272390366, 0.1659328043460846, 0.20760542154312134, 0.22065109014511108, 0.2560513913631439, 0.2573639452457428, 0.2832673192024231, 0.2890360951423645, 0.2936868965625763, 0.29678598046302795, 0.301179438829422, 0.3121901750564575, 0.31695136427879333, 0.33490338921546936, 0.31293633580207825, 0.3343394100666046, 0.33736056089401245, 0.33042553067207336, 0.2961328327655792, 0.3314873278141022, 0.30494362115859985, 0.3111579716205597, 0.30972394347190857, 0.32115599513053894, 0.3201887905597687, 0.33403781056404114];[-0.848635196685791, -0.8238695859909058, -0.9240085482597351, -1.0008386373519897, -1.0506094694137573, -1.1805051565170288, -1.2676864862442017, -1.4463223218917847, -1.5124585628509521, -1.6487818956375122, -1.6388055086135864, -1.7278670072555542, -1.7787935733795166, -1.7884732484817505, -1.8036328554153442, -1.7942721843719482, -1.851872444152832, -1.9191319942474365, -1.996806263923645, -1.8749687671661377, -1.9922575950622559, -1.9860284328460693, -1.9965837001800537, -1.7459367513656616, -1.9293793439865112, -1.8614472150802612, -1.844360113143921, -1.888583779335022, -1.899782419204712, -1.9181569814682007, -1.9518561363220215];[0.43730366230010986, 0.41200512647628784, 0.3601614236831665, 0.2910664677619934, 0.262752890586853, 0.26610067486763, 0.1800248622894287, 0.12629689276218414, 0.10465699434280396, 0.07583808898925781, 0.058329857885837555, 0.039682477712631226, 0.023069510236382484, 0.020472068339586258, 0.020012395456433296, 0.011668370105326176, 0.009873930364847183, 0.007962317205965519, 0.008241849951446056, 0.007549945265054703, 0.004621904343366623, 0.0030195764265954494, 0.002274795202538371, 0.0009386804304085672, 0.0006886737537570298, 0.0013566777342930436, 0.0005688175442628562, 0.0003649301652330905, 0.0003737253719009459, 0.0005472673219628632]
2300;[0.7647644877433777, 0.7786920666694641, 0.7940165996551514, 0.8086207509040833, 0.8518655300140381, 0.8650801777839661, 0.8747453689575195, 0.9213109612464905, 0.919380247592926, 0.9566424489021301, 0.9533289670944214, 0.9380607008934021, 0.9554485082626343, 0.9500921368598938, 0.9640334248542786, 0.964106559753418, 0.9631950855255127, 0.9716753959655762, 0.9817588925361633, 0.9639352560043335, 0.9599332809448242, 0.9557178020477295, 0.9777138829231262, 0.9796042442321777, 0.9864242076873779, 0.987554132938385, 0.9893216490745544, 0.988469123840332, 1.0015666484832764, 0.9959852695465088, 1.0031734704971313];[0.02967829816043377, 0.03422180935740471, 0.042301375418901443, 0.051263853907585144, 0.11109612882137299, 0.1329503208398819, 0.15001675486564636, 0.20408950746059418, 0.2078215479850769, 0.2466713786125183, 0.24915005266666412, 0.23616982996463776, 0.2547726333141327, 0.24974924325942993, 0.26497191190719604, 0.26532164216041565, 0.26328352093696594, 0.2721681594848633, 0.2806059718132019, 0.2669215500354767, 0.26263946294784546, 0.2595881521701813, 0.28000330924987793, 0.2835504412651062, 0.28762081265449524, 0.2936805486679077, 0.2914718985557556, 0.29552093148231506, 0.30811774730682373, 0.30242666602134705, 0.31160712242126465];[-0.810307502746582, -0.825221598148346, -0.8454067707061768, -0.868445873260498, -1.04583740234375, -1.1253284215927124, -1.1672598123550415, -1.4073821306228638, -1.3955585956573486, -1.6126197576522827, -1.5923610925674438, -1.5455785989761353, -1.6032122373580933, -1.5965611934661865, -1.6632015705108643, -1.6635708808898926, -1.6388798952102661, -1.717926025390625, -1.7546966075897217, -1.6579684019088745, -1.659507155418396, -1.6274150609970093, -1.7331174612045288, -1.7320877313613892, -1.8191337585449219, -1.7773611545562744, -1.8036946058273315, -1.7786833047866821, -1.8556314706802368, -1.8558882474899292, -1.8529529571533203];[0.4529367685317993, 0.41812586784362793, 0.36853721737861633, 0.3165980875492096, 0.20780937373638153, 0.14972089231014252, 0.1250217705965042, 0.08629529178142548, 0.07012660801410675, 0.049654897302389145, 0.04132082685828209, 0.030969085171818733, 0.030756153166294098, 0.0311830323189497, 0.02409343793988228, 0.02287900634109974, 0.023922933265566826, 0.025238150730729103, 0.021280502900481224, 0.018466515466570854, 0.018359417095780373, 0.01949765533208847, 0.014751150272786617, 0.012013344094157219, 0.01132247969508171, 0.013607204891741276, 0.008697036653757095, 0.011673233471810818, 0.00412810780107975, 0.005403047427535057]
2350;[0.7772398591041565, 0.7985382080078125, 0.8071514964103699, 0.8511455059051514, 0.8654716610908508, 0.8742506504058838, 0.9087626338005066, 0.9351351261138916, 0.9419278502464294, 0.9945394396781921, 0.9655483961105347, 0.9862775206565857, 0.9824299216270447, 1.0250449180603027, 0.9719465970993042, 1.0220695734024048, 1.0150952339172363, 1.0117360353469849, 1.0117228031158447, 1.0153796672821045, 1.0027382373809814, 1.0082541704177856, 1.014916181564331, 1.0398465394973755, 1.042173147201538, 0.9986344575881958, 1.0061897039413452, 1.0370339155197144, 1.0293508768081665, 1.0067596435546875, 1.0185669660568237];[0.03944852203130722, 0.048098981380462646, 0.06538453698158264, 0.11949003487825394, 0.14290909469127655, 0.15922269225120544, 0.19947047531604767, 0.22342272102832794, 0.2396463304758072, 0.2943726181983948, 0.2695361375808716, 0.2855569124221802, 0.2864762842655182, 0.32280588150024414, 0.27886325120925903, 0.32222115993499756, 0.32277610898017883, 0.31437742710113525, 0.32042548060417175, 0.3231668174266815, 0.30941662192344666, 0.3191414177417755, 0.3199051022529602, 0.34630143642425537, 0.3443519175052643, 0.30840542912483215, 0.31307512521743774, 0.34889188408851624, 0.3366752862930298, 0.3140358030796051, 0.3248477280139923];[-0.8408023118972778, -0.866145133972168, -0.9146290421485901, -1.095295786857605, -1.1805084943771362, -1.2446792125701904, -1.3786990642547607, -1.5767067670822144, -1.5861362218856812, -1.8128618001937866, -1.657812476158142, -1.8115200996398926, -1.7532823085784912, -2.071563959121704, -1.6927244663238525, -1.992799997329712, -1.9116560220718384, -1.936201572418213, -1.8769712448120117, -1.8990917205810547, -1.8449863195419312, -1.8642587661743164, -1.9206523895263672, -2.037991762161255, -2.0881810188293457, -1.8154534101486206, -1.8663232326507568, -1.9874420166015625, -1.9824275970458984, -1.8724982738494873, -1.9650825262069702];[0.4297902286052704, 0.37489718198776245, 0.30379241704940796, 0.2581038773059845, 0.21418891847133636, 0.18134929239749908, 0.1338219940662384, 0.10388866066932678, 0.061314068734645844, 0.048193689435720444, 0.03296702727675438, 0.027069421485066414, 0.020389357581734657, 0.013587014749646187, 0.012980076484382153, 0.010244021192193031, 0.011189484037458897, 0.006464388221502304, 0.007227099500596523, 0.008363733999431133, 0.006794213317334652, 0.006042585242539644, 0.004651342984288931, 0.004140047822147608, 0.0026518336962908506, 0.0024440272245556116, 0.0036903293803334236, 0.001586879137903452, 0.002453669672831893, 0.0016393596306443214]
2400;[0.7749884724617004, 0.7622370719909668, 0.7801381945610046, 0.7865901589393616, 0.7939532995223999, 0.8182468414306641, 0.837955892086029, 0.8417739868164062, 0.8654163479804993, 0.8753308653831482, 0.8573296666145325, 0.8667731285095215, 0.8916715979576111, 0.9004420638084412, 0.9163829684257507, 0.8951182961463928, 0.8957529664039612, 0.8924002647399902, 0.9087127447128296, 0.9100748896598816, 0.9128787517547607, 0.9196211695671082, 0.9209654331207275, 0.9257885217666626, 0.9420169591903687, 0.9317313432693481, 0.9620385766029358, 0.949142336845398, 0.9574049115180969, 0.9654669165611267, 0.9631191492080688];[0.03647138923406601, 0.024465076625347137, 0.0352037213742733, 0.044901687651872635, 0.05010015144944191, 0.07982704788446426, 0.10491000860929489, 0.11554477363824844, 0.1465318351984024, 0.1566590815782547, 0.13966527581214905, 0.15156972408294678, 0.18180915713310242, 0.1916399896144867, 0.2108832746744156, 0.18957631289958954, 0.19151565432548523, 0.19009923934936523, 0.2071986049413681, 0.20893622934818268, 0.21232405304908752, 0.21940253674983978, 0.2227472960948944, 0.2234078049659729, 0.24615252017974854, 0.23332743346691132, 0.2571975290775299, 0.25054872035980225, 0.2611105442047119, 0.26579606533050537, 0.26638558506965637];[-0.8433907628059387, -0.7955840229988098, -0.8297202587127686, -0.8542580604553223, -0.8668016195297241, -0.9626713991165161, -1.0435676574707031, -1.0818836688995361, -1.1899738311767578, -1.2407612800598145, -1.1728150844573975, -1.2207001447677612, -1.3292862176895142, -1.3982303142547607, -1.4712867736816406, -1.3724466562271118, -1.3945767879486084, -1.3658859729766846, -1.4521769285202026, -1.4515825510025024, -1.4684916734695435, -1.4917455911636353, -1.5025171041488647, -1.5377317667007446, -1.5892302989959717, -1.5427123308181763, -1.7262187004089355, -1.6306207180023193, -1.6770979166030884, -1.7208400964736938, -1.6802153587341309];[0.43164414167404175, 0.41003817319869995, 0.4141375422477722, 0.41806572675704956, 0.40368324518203735, 0.3906855583190918, 0.369128942489624, 0.3342578709125519, 0.29615136981010437, 0.2655794322490692, 0.26321402192115784, 0.25561490654945374, 0.21254204213619232, 0.1743544340133667, 0.1514918953180313, 0.12655285000801086, 0.0947459489107132, 0.08241472393274307, 0.06648261100053787, 0.05588724836707115, 0.04950358346104622, 0.043714482337236404, 0.03895905613899231, 0.027271663770079613, 0.02448328398168087, 0.01985040307044983, 0.018595607951283455, 0.020404862239956856, 0.01796208694577217, 0.01714434288442135]
2450;[0.7677467465400696, 0.7856547832489014, 0.8162885308265686, 0.8263351917266846, 0.8515909314155579, 0.872474730014801, 0.8973827958106995, 0.9311732649803162, 0.9551692605018616, 0.9570037126541138, 0.9514708518981934, 0.940413773059845, 0.9544587731361389, 0.9605257511138916, 0.9588382840156555, 0.9300249218940735, 0.9652292728424072, 0.964150607585907, 0.950205385684967, 0.9448912739753723, 0.9431149959564209, 0.9626039862632751, 0.9530314803123474, 0.9410841464996338, 0.9445706009864807, 0.9520110487937927, 0.9261429905891418, 0.9427496194839478, 0.9413155317306519, 0.9418187737464905, 0.958421528339386];[0.03293411433696747, 0.04360827058553696, 0.07084999978542328, 0.08796674013137817, 0.1184665784239769, 0.14685969054698944, 0.18600648641586304, 0.2254578173160553, 0.2510782480239868, 0.258576899766922, 0.25249379873275757, 0.24334342777729034, 0.2556345462799072, 0.2620374858379364, 0.2608075439929962, 0.23333756625652313, 0.26541444659233093, 0.2644839286804199, 0.244330495595932, 0.24712996184825897, 0.24407365918159485, 0.264522522687912, 0.25517934560775757, 0.24416399002075195, 0.24645759165287018, 0.2524225115776062, 0.23049403727054596, 0.24329251050949097, 0.24398116767406464, 0.24252250790596008, 0.2592531740665436];[-0.8149830102920532, -0.853033185005188, -0.9392991065979004, -0.9938899874687195, -1.1078269481658936, -1.2233506441116333, -1.3423595428466797, -1.5069997310638428, -1.6639535427093506, -1.6380373239517212, -1.63797926902771, -1.5722935199737549, -1.6352949142456055, -1.6772878170013428, -1.6724646091461182, -1.5229063034057617, -1.7333921194076538, -1.7111300230026245, -1.67915678024292, -1.5960129499435425, -1.598663330078125, -1.7064944505691528, -1.658604383468628, -1.5841448307037354, -1.6136549711227417, -1.65193772315979, -1.5208011865615845, -1.6197377443313599, -1.605156660079956, -1.6154396533966064, -1.6987875699996948];[0.4213055670261383, 0.4309957027435303, 0.38936251401901245, 0.34325289726257324, 0.2703999876976013, 0.20436957478523254, 0.13370753824710846, 0.09334120154380798, 0.060766998678445816, 0.03843573108315468, 0.02996012009680271, 0.026840906590223312, 0.024236802011728287, 0.019096391275525093, 0.021872684359550476, 0.017085226252675056, 0.016442615538835526, 0.017942382022738457, 0.016656331717967987, 0.015012272633612156, 0.013738601468503475, 0.01361806970089674, 0.013506182469427586, 0.012797611765563488, 0.012200640514492989, 0.012507948093116283, 0.012139213271439075, 0.012348450720310211, 0.012596318498253822, 0.011689879931509495]
2500;[0.7785080671310425, 0.8041857481002808, 0.8039772510528564, 0.8502878546714783, 0.8591453433036804, 0.890480637550354, 0.9181954264640808, 0.9415939450263977, 0.9737609028816223, 0.9634928703308105, 0.958226203918457, 0.9629989266395569, 0.9847886562347412, 0.975909411907196, 0.9785160422325134, 0.9618000388145447, 0.9943346381187439, 0.9846464991569519, 0.9818965792655945, 0.9826647043228149, 0.9936842322349548, 0.9846397638320923, 0.9744595289230347, 0.9943585991859436, 0.9881625175476074, 1.0220599174499512, 0.9873496294021606, 0.9985678791999817, 1.0214000940322876, 1.0066908597946167, 1.009313702583313];[0.04087982326745987, 0.06015222519636154, 0.0584835559129715, 0.11744299530982971, 0.1421969085931778, 0.18424394726753235, 0.21775202453136444, 0.2412141114473343, 0.2766239047050476, 0.2638827860355377, 0.2628086805343628, 0.26535725593566895, 0.28926360607147217, 0.2804691195487976, 0.28645753860473633, 0.2636707127094269, 0.29767510294914246, 0.28990858793258667, 0.28342702984809875, 0.28811776638031006, 0.2977519631385803, 0.2878161668777466, 0.27703770995140076, 0.2995755672454834, 0.29767152667045593, 0.3285615146160126, 0.29250580072402954, 0.30531054735183716, 0.3201874792575836, 0.3118092119693756, 0.31481653451919556];[-0.8479679822921753, -0.9044493436813354, -0.8953645825386047, -1.1003596782684326, -1.2030888795852661, -1.3794900178909302, -1.512617826461792, -1.6247010231018066, -1.7681770324707031, -1.7293142080307007, -1.6709526777267456, -1.6845476627349854, -1.7823374271392822, -1.7491790056228638, -1.7604213953018188, -1.7048360109329224, -1.844588041305542, -1.7818987369537354, -1.790886640548706, -1.7820473909378052, -1.8348194360733032, -1.8045766353607178, -1.7656482458114624, -1.8426916599273682, -1.784071445465088, -1.9768308401107788, -1.8110430240631104, -1.8341865539550781, -2.0105574131011963, -1.889786958694458, -1.9054553508758545];[0.4366789162158966, 0.4278877079486847, 0.44505828619003296, 0.42227280139923096, 0.42168501019477844, 0.27075621485710144, 0.08565258979797363, 0.027164673432707787, 0.016113881021738052, 0.008559836074709892, 0.005933609791100025, 0.00377158191986382, 0.003552050096914172, 0.002868460724130273, 0.0025881007313728333, 0.0020203811582177877, 0.001765190507285297, 0.0019426059443503618, 0.0014723342610523105, 0.0015552047407254577, 0.0014719620812684298, 0.0013007812667638063, 0.0012957100989297032, 0.0012992124538868666, 0.001303688157349825, 0.0012764822458848357, 0.0013560948427766562, 0.00125956314150244, 0.001138745923526585, 0.0008707422530278563]
2550;[0.77707839012146, 0.771442711353302, 0.7952012419700623, 0.8001762628555298, 0.8218837380409241, 0.8064019680023193, 0.8071990013122559, 0.8196071982383728, 0.8167611360549927, 0.8259432911872864, 0.8512563705444336, 0.8614935278892517, 0.8943689465522766, 0.9089142084121704, 0.9064596891403198, 0.9097604155540466, 0.8998884558677673, 0.9161509871482849, 0.9500178098678589, 0.948835551738739, 0.9665753841400146, 0.9739678502082825, 0.9758185148239136, 0.985439121723175, 1.0185229778289795, 0.9831832051277161, 1.0256750583648682, 0.9986990690231323, 1.0081586837768555, 0.9922071099281311, 1.008705496788025];[0.03674916550517082, 0.029606105759739876, 0.04608236625790596, 0.049938976764678955, 0.07215433567762375, 0.05892854928970337, 0.057471178472042084, 0.07355291396379471, 0.07833783328533173, 0.09291721135377884, 0.13146507740020752, 0.14629556238651276, 0.1823679506778717, 0.19325008988380432, 0.2017972767353058, 0.19822609424591064, 0.1965586096048355, 0.21625514328479767, 0.24571530520915985, 0.2500862181186676, 0.26741522550582886, 0.27741581201553345, 0.27763134241104126, 0.29081323742866516, 0.3252735435962677, 0.2872368097305298, 0.3292010426521301, 0.30206573009490967, 0.31660544872283936, 0.30169788002967834, 0.31184953451156616];[-0.8327585458755493, -0.8104376196861267, -0.8572008609771729, -0.8661156892776489, -0.9336589574813843, -0.8963600397109985, -0.8878743052482605, -0.9378867745399475, -0.9418296217918396, -1.010107159614563, -1.1303924322128296, -1.1936286687850952, -1.342044472694397, -1.4606177806854248, -1.3831136226654053, -1.5057573318481445, -1.3745037317276, -1.4579962491989136, -1.62346351146698, -1.6110306978225708, -1.7030311822891235, -1.7344706058502197, -1.7528691291809082, -1.7807807922363281, -1.9321086406707764, -1.7686100006103516, -2.010443925857544, -1.8524360656738281, -1.8694926500320435, -1.7856059074401855, -1.9182629585266113];[0.4271676242351532, 0.42566415667533875, 0.42207616567611694, 0.3611920475959778, 0.3442302644252777, 0.3329256474971771, 0.33817896246910095, 0.316952645778656, 0.27782899141311646, 0.27633970975875854, 0.21524931490421295, 0.20421968400478363, 0.16060654819011688, 0.14099201560020447, 0.1265481859445572, 0.11423654854297638, 0.09097209572792053, 0.0681959018111229, 0.053718894720077515, 0.041757792234420776, 0.02795550599694252, 0.018609890714287758, 0.012011648155748844, 0.008113382384181023, 0.005082340445369482, 0.0020770695991814137, 0.0011548056500032544, 0.0011260057799518108, 0.001962294802069664, 0.0013903685612604022]
2600;[0.7680361866950989, 0.7765150666236877, 0.7798960208892822, 0.7686445116996765, 0.7704503536224365, 0.7664170861244202, 0.7736001014709473, 0.7683636546134949, 0.765214741230011, 0.781899631023407, 0.7847820520401001, 0.8019981980323792, 0.8124222755432129, 0.8184086680412292, 0.8089266419410706, 0.8196152448654175, 0.8197377920150757, 0.8144305944442749, 0.8219065070152283, 0.8234696984291077, 0.8501551151275635, 0.840864896774292, 0.8504884243011475, 0.8494015336036682, 0.8653261065483093, 0.8762924671173096, 0.8885290026664734, 0.8715330362319946, 0.8936247825622559, 0.8911493420600891, 0.9003506898880005];[0.033960726112127304, 0.0365913100540638, 0.0355902723968029, 0.02424931712448597, 0.027285292744636536, 0.019697433337569237, 0.02739325910806656, 0.028067205101251602, 0.03212641179561615, 0.041472163051366806, 0.05516557767987251, 0.07194226235151291, 0.08959704637527466, 0.09202785789966583, 0.08572495728731155, 0.09242166578769684, 0.08911524713039398, 0.09000645577907562, 0.09663845598697662, 0.10310111194849014, 0.1362055540084839, 0.1263934224843979, 0.14053402841091156, 0.14388979971408844, 0.15924371778964996, 0.170517235994339, 0.1863192468881607, 0.17121607065200806, 0.1925772875547409, 0.18969863653182983, 0.19799409806728363];[-0.8221240639686584, -0.8271557688713074, -0.8311922550201416, -0.7956794500350952, -0.8045318722724915, -0.7858883142471313, -0.8060293197631836, -0.8201104402542114, -0.8171697854995728, -0.853005051612854, -0.889436662197113, -0.9816239476203918, -1.0363895893096924, -1.0340458154678345, -0.9950789213180542, -1.0351084470748901, -1.0169240236282349, -1.0161775350570679, -1.042919635772705, -1.0699180364608765, -1.2139711380004883, -1.1960501670837402, -1.2289983034133911, -1.239557147026062, -1.3110219240188599, -1.348366618156433, -1.4131836891174316, -1.3187693357467651, -1.422588586807251, -1.402470588684082, -1.4566491842269897];[0.43485355377197266, 0.41657769680023193, 0.40786802768707275, 0.4102625846862793, 0.40459203720092773, 0.41896289587020874, 0.43399086594581604, 0.45535483956336975, 0.5268893241882324, 0.6086881756782532, 0.5067996382713318, 0.6395303606987, 0.5119659304618835, 0.5501420497894287, 0.5192859172821045, 0.4629790186882019, 0.5148512721061707, 0.36072972416877747, 0.5893183350563049, 0.4530267119407654, 0.3468225598335266, 0.3337937295436859, 0.21411655843257904, 0.42551523447036743, 0.4884587824344635, 0.44344741106033325, 0.4268519878387451, 0.4196541905403137, 0.12190380692481995, 0.25532665848731995]
2650;[0.7740353941917419, 0.7813953161239624, 0.7904567718505859, 0.8097927570343018, 0.8409229516983032, 0.8797134757041931, 0.8992902040481567, 0.9252856373786926, 0.9722890257835388, 0.9550615549087524, 0.9723566174507141, 0.983228325843811, 0.9791755080223083, 0.9994920492172241, 1.01833975315094, 1.0043821334838867, 1.010647177696228, 1.03704833984375, 1.010669469833374, 1.0113239288330078, 1.0333571434020996, 1.0178189277648926, 0.994479238986969, 0.9993618726730347, 1.0127570629119873, 1.0434733629226685, 0.9974650740623474, 1.0042513608932495, 1.028267741203308, 1.0398012399673462, 1.0151458978652954];[0.03320349007844925, 0.037802327424287796, 0.04656922444701195, 0.0695623978972435, 0.11339237540960312, 0.16513489186763763, 0.1867445856332779, 0.214046448469162, 0.2663930654525757, 0.25573962926864624, 0.2774541676044464, 0.2901468873023987, 0.2844133675098419, 0.3065893054008484, 0.3235514163970947, 0.3123883903026581, 0.314994752407074, 0.34245336055755615, 0.31412941217422485, 0.31873956322669983, 0.3371713161468506, 0.32293224334716797, 0.29956531524658203, 0.31158941984176636, 0.31824666261672974, 0.34957146644592285, 0.3063313961029053, 0.3117159903049469, 0.33062830567359924, 0.34517771005630493, 0.32284149527549744];[-0.8250634670257568, -0.8525533080101013, -0.858079731464386, -0.9263688921928406, -1.0657129287719727, -1.231985092163086, -1.3296736478805542, -1.46859872341156, -1.703561544418335, -1.6146270036697388, -1.683223843574524, -1.7383098602294922, -1.7422324419021606, -1.8307279348373413, -1.9125051498413086, -1.8534713983535767, -1.9101951122283936, -2.038161039352417, -1.9313212633132935, -1.8849843740463257, -2.0190892219543457, -1.9322805404663086, -1.82743239402771, -1.8184837102890015, -1.9049580097198486, -2.053211212158203, -1.8234792947769165, -1.8599072694778442, -2.033240556716919, -2.0590744018554688, -1.9133578538894653];[0.43896475434303284, 0.4185904860496521, 0.39365673065185547, 0.35512232780456543, 0.29132387042045593, 0.21862606704235077, 0.16916732490062714, 0.13901609182357788, 0.08200613409280777, 0.05829866975545883, 0.03731460124254227, 0.027207735925912857, 0.0187888965010643, 0.017950044944882393, 0.012281113304197788, 0.01150811929255724, 0.005971506703644991, 0.006321099121123552, 0.006343080196529627, 0.006852715276181698, 0.004409192595630884, 0.007311493624001741, 0.0051884725689888, 0.004523970186710358, 0.00366918183863163, 0.005456580780446529, 0.002617087448015809, 0.004716073628515005, 0.0037751204799860716, 0.0038083100225776434]
2700;[0.7685233950614929, 0.7908246517181396, 0.7919691801071167, 0.8097097277641296, 0.8085215091705322, 0.8115824460983276, 0.8005065321922302, 0.8008409142494202, 0.8089414834976196, 0.7911644577980042, 0.8059887290000916, 0.8004206418991089, 0.8095692992210388, 0.8081365823745728, 0.8097983598709106, 0.819518506526947, 0.8167054057121277, 0.8049731850624084, 0.81014084815979, 0.832536518573761, 0.8290511965751648, 0.8350681066513062, 0.8452824354171753, 0.8537603616714478, 0.857875406742096, 0.870810329914093, 0.8564180731773376, 0.8662075996398926, 0.8584960103034973, 0.8632557988166809, 0.8624523282051086];[0.03286826238036156, 0.03878553956747055, 0.04056701064109802, 0.06096075102686882, 0.05957741662859917, 0.062063705176115036, 0.05084497481584549, 0.05092018470168114, 0.05521201342344284, 0.04112856835126877, 0.051774878054857254, 0.04760119691491127, 0.05930362641811371, 0.05964464321732521, 0.06828536838293076, 0.07750121504068375, 0.07788663357496262, 0.0671856552362442, 0.0743260309100151, 0.10446232557296753, 0.10538894683122635, 0.11356694251298904, 0.13149793446063995, 0.13942238688468933, 0.14661265909671783, 0.15914438664913177, 0.14570671319961548, 0.15552419424057007, 0.150878444314003, 0.15254230797290802, 0.1498209536075592];[-0.8173689842224121, -0.839171290397644, -0.8373816013336182, -0.8903871178627014, -0.8890997171401978, -0.89912348985672, -0.866111159324646, -0.8656798005104065, -0.8929601311683655, -0.8396467566490173, -0.8737117052078247, -0.869772732257843, -0.8892199993133545, -0.8933042883872986, -0.9297780394554138, -0.9775093793869019, -0.9701131582260132, -0.9312931895256042, -0.9530306458473206, -1.0580875873565674, -1.073054552078247, -1.1138004064559937, -1.1566420793533325, -1.2209488153457642, -1.22109055519104, -1.3154367208480835, -1.2362178564071655, -1.2955288887023926, -1.240066647529602, -1.2911986112594604, -1.318758487701416];[0.42999887466430664, 0.39634525775909424, 0.3232184946537018, 0.2785572409629822, 0.2990930378437042, 0.28653162717819214, 0.3190976083278656, 0.30783820152282715, 0.33740633726119995, 0.33870890736579895, 0.317298024892807, 0.30094507336616516, 0.303369402885437, 0.3535231649875641, 0.31905168294906616, 0.32078900933265686, 0.3182915449142456, 0.30844831466674805, 0.3019692301750183, 0.2755565643310547, 0.26264339685440063, 0.2450592964887619, 0.2425518035888672, 0.22290746867656708, 0.21139360964298248, 0.18628686666488647, 0.1620636284351349, 0.15359769761562347, 0.1523105651140213, 0.1500978320837021]
2750;[0.7686010599136353, 0.780470073223114, 0.801095724105835, 0.8530596494674683, 0.8554785847663879, 0.8661685585975647, 0.8917967081069946, 0.9019591212272644, 0.8894408941268921, 0.9189417958259583, 0.9427553415298462, 0.9499555230140686, 0.9717892408370972, 0.9758316874504089, 0.959966778755188, 0.9713245630264282, 0.9750428199768066, 0.9809417724609375, 1.000463604927063, 0.9806146621704102, 1.0044713020324707, 1.0014923810958862, 1.01252019405365, 0.9989105463027954, 1.0289644002914429, 1.0020190477371216, 0.9955748319625854, 1.0159962177276611, 1.0000360012054443, 1.0202099084854126, 1.0244102478027344];[0.033337730914354324, 0.04105767607688904, 0.04803987964987755, 0.1065262034535408, 0.1211363673210144, 0.14135675132274628, 0.1744356006383896, 0.18766289949417114, 0.17850375175476074, 0.21259565651416779, 0.24023906886577606, 0.25300052762031555, 0.2731441259384155, 0.276523232460022, 0.26774266362190247, 0.2772771120071411, 0.2812144458293915, 0.28459814190864563, 0.3060586452484131, 0.2897310256958008, 0.31255292892456055, 0.30969732999801636, 0.31608083844184875, 0.305965393781662, 0.3338157534599304, 0.3103008568286896, 0.30322015285491943, 0.3174338638782501, 0.31070640683174133, 0.32547715306282043, 0.3242369592189789];[-0.8176805973052979, -0.8595113754272461, -0.8670948147773743, -1.0522245168685913, -1.1200387477874756, -1.2075262069702148, -1.3397928476333618, -1.376969814300537, -1.317222237586975, -1.4904197454452515, -1.585364580154419, -1.6107144355773926, -1.7277337312698364, -1.73757803440094, -1.6492670774459839, -1.6952999830245972, -1.7324198484420776, -1.7713322639465332, -1.8461612462997437, -1.7363625764846802, -1.864469051361084, -1.841664433479309, -1.9074920415878296, -1.8317434787750244, -1.9816744327545166, -1.8530571460723877, -1.816390872001648, -1.9538259506225586, -1.8194811344146729, -1.9582633972167969, -2.031130075454712];[0.4319007694721222, 0.4221940040588379, 0.37671324610710144, 0.3035103380680084, 0.2385428249835968, 0.1876099854707718, 0.1355125606060028, 0.10765229165554047, 0.09197112917900085, 0.06782327592372894, 0.04983479902148247, 0.0337614007294178, 0.02736220695078373, 0.0222921185195446, 0.01820993609726429, 0.011692180298268795, 0.01351112499833107, 0.012021975591778755, 0.004677828401327133, 0.0033001061528921127, 0.003225624095648527, 0.0028434062842279673, 0.0030582635663449764, 0.002630262402817607, 0.0023078990634530783, 0.0018413526704534888, 0.0016354910330846906, 0.001543633989058435, 0.0013770658988505602, 0.0011057555675506592]
2800;[0.7688477039337158, 0.7628080248832703, 0.7978511452674866, 0.7991430759429932, 0.8380743265151978, 0.8395891189575195, 0.8586705923080444, 0.8863456845283508, 0.8929625153541565, 0.9188400506973267, 0.9280768036842346, 0.935670018196106, 0.9483332633972168, 0.9706050753593445, 0.9777125716209412, 0.994253933429718, 0.9892420768737793, 0.9939557909965515, 0.9789440035820007, 0.9776563048362732, 1.0068178176879883, 1.0043801069259644, 0.9938740730285645, 1.017714262008667, 1.0185744762420654, 0.996995210647583, 1.0051395893096924, 1.0017319917678833, 0.9912827014923096, 1.003254771232605, 0.9967309236526489];[0.030676502734422684, 0.02501642145216465, 0.056008633226156235, 0.06304766237735748, 0.10142164677381516, 0.11018870770931244, 0.13650280237197876, 0.16661226749420166, 0.17473100125789642, 0.20877666771411896, 0.22314205765724182, 0.22965995967388153, 0.24696852266788483, 0.2737405002117157, 0.2808080315589905, 0.29839298129081726, 0.29347240924835205, 0.29985538125038147, 0.2876090705394745, 0.2853529453277588, 0.31178510189056396, 0.30996447801589966, 0.3016396164894104, 0.31977686285972595, 0.32626500725746155, 0.3008487820625305, 0.3116726279258728, 0.3113388419151306, 0.29884952306747437, 0.31104806065559387, 0.30318552255630493];[-0.8194093108177185, -0.7999976873397827, -0.9187097549438477, -0.9149026274681091, -1.0903208255767822, -1.0779469013214111, -1.1671398878097534, -1.2751238346099854, -1.2920405864715576, -1.4492363929748535, -1.4780778884887695, -1.547405481338501, -1.599358081817627, -1.6974492073059082, -1.7520965337753296, -1.830840826034546, -1.8001866340637207, -1.8183283805847168, -1.730898380279541, -1.7300559282302856, -1.8799880743026733, -1.8749991655349731, -1.8003458976745605, -1.9694924354553223, -1.9306777715682983, -1.8401737213134766, -1.8713774681091309, -1.830928921699524, -1.7875691652297974, -1.832460880279541, -1.8212890625];[0.4288221299648285, 0.4422095715999603, 0.45608681440353394, 0.4204484522342682, 0.40516331791877747, 0.32872650027275085, 0.27015385031700134, 0.21580110490322113, 0.19840040802955627, 0.12295226007699966, 0.09524610638618469, 0.0761328786611557, 0.0559246689081192, 0.035563837736845016, 0.019808419048786163, 0.007865840569138527, 0.006269289646297693, 0.004638897255063057, 0.00382924429140985, 0.0035156691446900368, 0.0032986945006996393, 0.002693398855626583, 0.0025065073277801275, 0.002180745592340827, 0.0020005865953862667, 0.0020206591580063105, 0.0015405475860461593, 0.0016225522849708796, 0.001277518691495061, 0.0012708442518487573]
2850;[0.7697654366493225, 0.7742334008216858, 0.7954884767532349, 0.8467055559158325, 0.8411339521408081, 0.8566209077835083, 0.871926486492157, 0.9035542011260986, 0.8968716263771057, 0.9173040986061096, 0.9437959790229797, 0.9279206395149231, 0.9491978287696838, 0.9340130090713501, 0.9315792322158813, 0.9364307522773743, 0.9416619539260864, 0.9402338266372681, 0.922199010848999, 0.9417865872383118, 0.9466629028320312, 0.9421725869178772, 0.949181318283081, 0.936440646648407, 0.9447859525680542, 0.9569053053855896, 0.9441720247268677, 0.9606156945228577, 0.9339141249656677, 0.9539011120796204, 0.9428471922874451];[0.0327116996049881, 0.03357543796300888, 0.05950009077787399, 0.12073706835508347, 0.12208529561758041, 0.14212018251419067, 0.15983349084854126, 0.1943083256483078, 0.1918647289276123, 0.21872562170028687, 0.24588540196418762, 0.22672443091869354, 0.2487890124320984, 0.2366665005683899, 0.2308880239725113, 0.23877161741256714, 0.23451848328113556, 0.23921771347522736, 0.22551846504211426, 0.24082238972187042, 0.25021523237228394, 0.24681635200977325, 0.2492731511592865, 0.2410857230424881, 0.24825695157051086, 0.26141974329948425, 0.2459494173526764, 0.26134371757507324, 0.2343030720949173, 0.2581772804260254, 0.24733544886112213];[-0.8201571106910706, -0.826728880405426, -0.9153692126274109, -1.1187009811401367, -1.1297117471694946, -1.184260368347168, -1.2934139966964722, -1.4585850238800049, -1.4413481950759888, -1.4754217863082886, -1.5914157629013062, -1.536210060119629, -1.6381996870040894, -1.567187786102295, -1.5762677192687988, -1.5670443773269653, -1.7046453952789307, -1.6168004274368286, -1.516935110092163, -1.6232154369354248, -1.6157147884368896, -1.5900347232818604, -1.6682218313217163, -1.5622854232788086, -1.6143651008605957, -1.6779526472091675, -1.6201738119125366, -1.7121708393096924, -1.5857735872268677, -1.6575909852981567, -1.610595703125];[0.4413687586784363, 0.45372164249420166, 0.4256541430950165, 0.4027245044708252, 0.4213772118091583, 0.37951505184173584, 0.2952437400817871, 0.18241357803344727, 0.12300150096416473, 0.07141564041376114, 0.05884357914328575, 0.049237724393606186, 0.03798678517341614, 0.04166386276483536, 0.03642492741346359, 0.0316365621984005, 0.03803713992238045, 0.03179444000124931, 0.0327952615916729, 0.029252594336867332, 0.021953975781798363, 0.018294043838977814, 0.01844969391822815, 0.014209178276360035, 0.013866436667740345, 0.012708674184978008, 0.012205429375171661, 0.012908904813230038, 0.012723015621304512, 0.011684956029057503]
2900;[0.7813458442687988, 0.772148609161377, 0.7738832831382751, 0.7766712307929993, 0.7896257042884827, 0.8047758936882019, 0.8145527243614197, 0.8377971649169922, 0.8912945985794067, 0.8905556797981262, 0.9030786156654358, 0.9116843342781067, 0.8991072773933411, 0.9265677332878113, 0.9271206855773926, 0.9453624486923218, 0.9622145295143127, 0.9726289510726929, 0.976653516292572, 0.9795888066291809, 0.9772976636886597, 0.9721978306770325, 0.9949563145637512, 0.9792782664299011, 0.9889188408851624, 0.9884676337242126, 1.0108015537261963, 1.0118705034255981, 0.980366051197052, 1.0139048099517822, 0.9996504783630371];[0.040740303695201874, 0.030068708583712578, 0.026066411286592484, 0.02858803980052471, 0.04141100496053696, 0.056043993681669235, 0.0749392881989479, 0.10765283554792404, 0.1707226186990738, 0.17624396085739136, 0.18681225180625916, 0.1981399804353714, 0.18755942583084106, 0.21717968583106995, 0.2235250025987625, 0.24412357807159424, 0.26125991344451904, 0.2720608711242676, 0.2768705487251282, 0.28072354197502136, 0.27658623456954956, 0.27642154693603516, 0.3029763698577881, 0.28691500425338745, 0.2945575416088104, 0.29434412717819214, 0.31749415397644043, 0.3202994167804718, 0.2882198989391327, 0.3173406720161438, 0.30736857652664185];[-0.8474368453025818, -0.8175164461135864, -0.8000137209892273, -0.8132143020629883, -0.850189208984375, -0.8916473388671875, -0.9410901069641113, -1.067022681236267, -1.2557730674743652, -1.2780512571334839, -1.3369992971420288, -1.3862590789794922, -1.323806643486023, -1.456968069076538, -1.4764255285263062, -1.5598655939102173, -1.656943917274475, -1.7289828062057495, -1.7386142015457153, -1.7692028284072876, -1.7688395977020264, -1.7228341102600098, -1.8095393180847168, -1.7496241331100464, -1.8032206296920776, -1.7784377336502075, -1.8870686292648315, -1.9006967544555664, -1.7553476095199585, -1.9306635856628418, -1.8448137044906616];[0.45235511660575867, 0.4198860228061676, 0.40151044726371765, 0.372684121131897, 0.35822585225105286, 0.3349786400794983, 0.2944927513599396, 0.22166702151298523, 0.17281486093997955, 0.14554275572299957, 0.13240908086299896, 0.11226273328065872, 0.13120032846927643, 0.09613346308469772, 0.06867974251508713, 0.04259749874472618, 0.04089108854532242, 0.032933469861745834, 0.030230969190597534, 0.024565313011407852, 0.019540706649422646, 0.013359127566218376, 0.013656972907483578, 0.007956909947097301, 0.005684454459697008, 0.003414673963561654, 0.00292047206312418, 0.004598219413310289, 0.0017289966344833374, 0.0014761389466002584]
2950;[0.7813006639480591, 0.779875636100769, 0.7839958071708679, 0.8307693004608154, 0.8515647053718567, 0.8660964965820312, 0.8592521548271179, 0.8930307626724243, 0.8939608335494995, 0.9196146726608276, 0.940735936164856, 0.9660527110099792, 0.9826955795288086, 0.9648167490959167, 0.9622576832771301, 0.9803832769393921, 0.9719164371490479, 0.9880782961845398, 0.9913533926010132, 1.0012916326522827, 1.002819299697876, 0.9938867688179016, 0.9966826438903809, 1.011583924293518, 1.0056315660476685, 1.0207833051681519, 0.9846757054328918, 1.0016404390335083, 0.9937784075737, 0.9961667656898499, 1.0170727968215942];[0.04249199479818344, 0.04021769016981125, 0.042774055153131485, 0.08782260864973068, 0.11239752173423767, 0.13757534325122833, 0.13508521020412445, 0.1802874207496643, 0.1852571815252304, 0.21547925472259521, 0.23699167370796204, 0.26077911257743835, 0.28398892283439636, 0.2682740390300751, 0.26477640867233276, 0.28110215067863464, 0.27635458111763, 0.29159221053123474, 0.2950214147567749, 0.30574357509613037, 0.3047932982444763, 0.30139458179473877, 0.30272814631462097, 0.3197580873966217, 0.3139384686946869, 0.32280516624450684, 0.2910520136356354, 0.30889248847961426, 0.3029494285583496, 0.30438101291656494, 0.32300299406051636];[-0.8564563393592834, -0.8473169803619385, -0.8526890277862549, -0.9983978271484375, -1.0997917652130127, -1.1983081102371216, -1.1854692697525024, -1.3663800954818726, -1.378072738647461, -1.5056594610214233, -1.6188725233078003, -1.7622150182724, -1.7922087907791138, -1.6824369430541992, -1.7039517164230347, -1.8016060590744019, -1.7222729921340942, -1.8109053373336792, -1.8298444747924805, -1.8672319650650024, -1.8843700885772705, -1.8161861896514893, -1.8353056907653809, -1.9071362018585205, -1.874954342842102, -1.978155493736267, -1.7740397453308105, -1.8639674186706543, -1.8050353527069092, -1.8094403743743896, -1.9442473649978638];[0.4796049892902374, 0.43376797437667847, 0.4258522093296051, 0.42496275901794434, 0.40696752071380615, 0.405605673789978, 0.3554593622684479, 0.2405022531747818, 0.19366683065891266, 0.116709865629673, 0.08238518983125687, 0.049425940960645676, 0.02023821324110031, 0.014044792391359806, 0.010476155206561089, 0.008608692325651646, 0.004063598811626434, 0.001932124374434352, 0.0012496586423367262, 0.0009370232583023608, 0.0008613779209554195, 0.0008093799697235227, 0.000563340843655169, 0.00047014059964567423, 0.0003657522320281714, 0.00044445032835938036, 0.0003670821606647223, 0.00036097283009439707, 0.00037290554610081017, 0.00025685547734610736]
3000;[0.7795382142066956, 0.780211329460144, 0.7837945818901062, 0.7900240421295166, 0.7977105379104614, 0.8258349895477295, 0.8301675915718079, 0.8338285088539124, 0.843826413154602, 0.8581229448318481, 0.8485931754112244, 0.8837745785713196, 0.881118893623352, 0.9069544076919556, 0.9323301315307617, 0.9345301389694214, 0.929280161857605, 0.9513177871704102, 0.9492707252502441, 0.9615407586097717, 0.9539254307746887, 0.9670206904411316, 0.9718296527862549, 0.9501798152923584, 0.9626280069351196, 0.9760502576828003, 0.9675123691558838, 0.9900121092796326, 0.969590425491333, 0.9941677451133728, 0.9799885153770447];[0.038465727120637894, 0.034949012100696564, 0.03439340740442276, 0.03483813256025314, 0.04223852604627609, 0.06893736869096756, 0.08318475633859634, 0.09219178557395935, 0.10600036382675171, 0.12662352621555328, 0.11194930970668793, 0.16194207966327667, 0.16425618529319763, 0.19034795463085175, 0.22517041862010956, 0.2304832488298416, 0.2287559062242508, 0.25061845779418945, 0.25227421522140503, 0.2638186812400818, 0.256476491689682, 0.26818645000457764, 0.2744652330875397, 0.25247204303741455, 0.2624960243701935, 0.27885040640830994, 0.27003300189971924, 0.28723105788230896, 0.2720946967601776, 0.30223625898361206, 0.28421542048454285];[-0.8446155786514282, -0.8236989378929138, -0.8262383341789246, -0.8238731026649475, -0.8433250784873962, -0.9380050301551819, -0.9663750529289246, -0.9989893436431885, -1.0372145175933838, -1.1174763441085815, -1.0900951623916626, -1.2327780723571777, -1.2627991437911987, -1.4060331583023071, -1.494137167930603, -1.5152182579040527, -1.5019932985305786, -1.6230190992355347, -1.5903074741363525, -1.6641379594802856, -1.606209635734558, -1.70296049118042, -1.6959940195083618, -1.6015022993087769, -1.6697837114334106, -1.7340070009231567, -1.7073768377304077, -1.8480839729309082, -1.7277342081069946, -1.81361985206604, -1.7628536224365234];[0.4387519955635071, 0.41033080220222473, 0.3915453255176544, 0.3654421269893646, 0.33489659428596497, 0.3074403703212738, 0.27306079864501953, 0.2460857629776001, 0.20648740231990814, 0.17778204381465912, 0.17795336246490479, 0.1530030369758606, 0.13046768307685852, 0.09968142956495285, 0.0721210241317749, 0.054260797798633575, 0.041754670441150665, 0.04319920018315315, 0.03325917199254036, 0.030427798628807068, 0.02736326865851879, 0.0315505750477314, 0.02880515716969967, 0.029882779344916344, 0.03426241874694824, 0.03305396810173988, 0.024795737117528915, 0.01726262830197811, 0.013662745244801044, 0.0088382912799716]
3050;[0.771178126335144, 0.7712475657463074, 0.7754080891609192, 0.7976205945014954, 0.7990947365760803, 0.798582136631012, 0.8044095039367676, 0.8151498436927795, 0.8105530738830566, 0.847179651260376, 0.8512712121009827, 0.8839644193649292, 0.8905927538871765, 0.9053739309310913, 0.903816282749176, 0.8781226873397827, 0.8949602842330933, 0.9018515348434448, 0.9010229706764221, 0.888577938079834, 0.8715524673461914, 0.876968264579773, 0.8728639483451843, 0.9005798101425171, 0.9060459733009338, 0.8856319785118103, 0.8827555179595947, 0.9029114842414856, 0.8934918642044067, 0.8936244249343872, 0.9129445552825928];[0.0329926535487175, 0.03421811759471893, 0.03386332094669342, 0.04329237341880798, 0.04351605102419853, 0.04383864626288414, 0.04851485788822174, 0.05777301639318466, 0.05804312601685524, 0.10167389363050461, 0.12059318274259567, 0.16913866996765137, 0.18011130392551422, 0.19852595031261444, 0.1974060833454132, 0.1716281771659851, 0.1870199739933014, 0.19543233513832092, 0.18887203931808472, 0.18553368747234344, 0.16883045434951782, 0.1712394654750824, 0.16830849647521973, 0.19940397143363953, 0.1993829756975174, 0.18330597877502441, 0.1809130162000656, 0.2003919929265976, 0.18842172622680664, 0.19329792261123657, 0.21156810224056244];[-0.82136070728302, -0.8229115009307861, -0.8202540278434753, -0.853850781917572, -0.8474529385566711, -0.8527588844299316, -0.8650246858596802, -0.9043553471565247, -0.8910207748413086, -1.0361931324005127, -1.0941897630691528, -1.2705276012420654, -1.347116470336914, -1.411320686340332, -1.4045982360839844, -1.3034194707870483, -1.392333745956421, -1.4136810302734375, -1.4681142568588257, -1.3477414846420288, -1.2751377820968628, -1.3366482257843018, -1.3182119131088257, -1.426731824874878, -1.508375644683838, -1.374681830406189, -1.349525809288025, -1.4538986682891846, -1.4305667877197266, -1.3938978910446167, -1.50533926486969];[0.43015068769454956, 0.4224696755409241, 0.4085448384284973, 0.35513830184936523, 0.34197425842285156, 0.3423357605934143, 0.3497968912124634, 0.3745676875114441, 0.3627987205982208, 0.3247566223144531, 0.26848578453063965, 0.30773890018463135, 0.21380561590194702, 0.11378712207078934, 0.08346561342477798, 0.0751117691397667, 0.06848848611116409, 0.07901901006698608, 0.07207372039556503, 0.07343070209026337, 0.07043599337339401, 0.06562605500221252, 0.056436438113451004, 0.04720349609851837, 0.042533546686172485, 0.04148353263735771, 0.03434063121676445, 0.031220247969031334, 0.029431719332933426, 0.03000427596271038]
3100;[0.7692521810531616, 0.7883841395378113, 0.8030847907066345, 0.8433717489242554, 0.8482682704925537, 0.8948456048965454, 0.9205741286277771, 0.9461513161659241, 0.9472878575325012, 0.9517462253570557, 0.9334769248962402, 0.9697740077972412, 0.955828070640564, 0.9701796770095825, 0.9914083480834961, 0.9711781144142151, 0.9920302033424377, 0.9887441396713257, 0.9913382530212402, 1.0064175128936768, 0.9996410608291626, 1.0128146409988403, 0.9992257356643677, 1.003609299659729, 0.995659589767456, 0.9960904121398926, 1.0121912956237793, 0.9956287145614624, 1.015353798866272, 0.9976028800010681, 1.0022625923156738];[0.0324285514652729, 0.044252585619688034, 0.04927454888820648, 0.09940445423126221, 0.11913886666297913, 0.181393101811409, 0.2137177735567093, 0.23806160688400269, 0.24687917530536652, 0.2516128718852997, 0.23654645681381226, 0.26998212933540344, 0.2605054974555969, 0.2758828401565552, 0.29519471526145935, 0.279060959815979, 0.2968095541000366, 0.29279762506484985, 0.2976423501968384, 0.31133580207824707, 0.3075021505355835, 0.3172900378704071, 0.3072231709957123, 0.3109688460826874, 0.3021254539489746, 0.3020026981830597, 0.31611931324005127, 0.3012816905975342, 0.3218785524368286, 0.299370676279068, 0.31151309609413147];[-0.8188472390174866, -0.8524444699287415, -0.869137167930603, -1.0466225147247314, -1.1288479566574097, -1.3812755346298218, -1.478395938873291, -1.6530804634094238, -1.604662299156189, -1.6390894651412964, -1.5396181344985962, -1.7301455736160278, -1.6365678310394287, -1.6819145679473877, -1.8240512609481812, -1.6957298517227173, -1.812272548675537, -1.8254458904266357, -1.796602487564087, -1.8961962461471558, -1.8451422452926636, -1.9167007207870483, -1.8347041606903076, -1.859940528869629, -1.8205913305282593, -1.8353514671325684, -1.9101083278656006, -1.821230411529541, -1.944521427154541, -1.8614699840545654, -1.8346846103668213];[0.4495922327041626, 0.40258902311325073, 0.3745344281196594, 0.34459590911865234, 0.25845810770988464, 0.18977400660514832, 0.1430852711200714, 0.0994376689195633, 0.07143491506576538, 0.05557817220687866, 0.03208529204130173, 0.028421444818377495, 0.028401726856827736, 0.022267531603574753, 0.019642619416117668, 0.013234765268862247, 0.00789843313395977, 0.006470853462815285, 0.003431004239246249, 0.0045250956900417805, 0.002557881874963641, 0.001824300386942923, 0.0014679426094517112, 0.0010855477303266525, 0.0009449070785194635, 0.0007335350965149701, 0.0006349784089252353, 0.0006228011916391551, 0.0006100921891629696, 0.0005610781954601407]
3150;[0.7777324914932251, 0.7920084595680237, 0.7996249198913574, 0.8320861458778381, 0.8587419390678406, 0.8806252479553223, 0.8774282336235046, 0.8919364213943481, 0.9253461360931396, 0.9385254979133606, 0.9283304810523987, 0.9284084439277649, 0.9989334344863892, 0.9797741770744324, 0.9982506632804871, 0.9965371489524841, 0.9980989694595337, 1.0034312009811401, 1.021968126296997, 1.0213418006896973, 1.0184835195541382, 1.0233128070831299, 1.0177316665649414, 1.0310567617416382, 1.028733491897583, 1.0073672533035278, 1.0165928602218628, 0.9797407984733582, 1.0024254322052002, 1.036549687385559, 1.004422903060913];[0.03830850496888161, 0.04316796362400055, 0.04083374887704849, 0.08070702105760574, 0.12482870370149612, 0.15254101157188416, 0.15334689617156982, 0.17835000157356262, 0.20860552787780762, 0.23176845908164978, 0.22610938549041748, 0.22977153956890106, 0.30022019147872925, 0.2854762077331543, 0.3040820360183716, 0.3065098226070404, 0.3034496605396271, 0.30909645557403564, 0.3268063962459564, 0.32848304510116577, 0.32310351729393005, 0.32848700881004333, 0.3204098343849182, 0.33833906054496765, 0.3349669575691223, 0.3129045367240906, 0.3229445815086365, 0.28690898418426514, 0.310943067073822, 0.34326231479644775, 0.3109084963798523];[-0.836405873298645, -0.8507641553878784, -0.8430376052856445, -0.9498417973518372, -1.0790518522262573, -1.2011091709136963, -1.2066017389297485, -1.2861493825912476, -1.480223536491394, -1.5246126651763916, -1.4928295612335205, -1.4976959228515625, -1.8573893308639526, -1.751221776008606, -1.8462653160095215, -1.7972960472106934, -1.8500539064407349, -1.8754459619522095, -1.9506067037582397, -1.940266489982605, -1.9432464838027954, -1.9715667963027954, -1.952292799949646, -1.9932243824005127, -1.985564947128296, -1.8851691484451294, -1.935001015663147, -1.732204794883728, -1.8395239114761353, -2.034125328063965, -1.8619662523269653];[0.4473910629749298, 0.4003715217113495, 0.3245263397693634, 0.24187563359737396, 0.18362146615982056, 0.16169628500938416, 0.14187820255756378, 0.11085745692253113, 0.08924280852079391, 0.0685894787311554, 0.044700562953948975, 0.031046543270349503, 0.02024487964808941, 0.015215280465781689, 0.007207508664578199, 0.005066231824457645, 0.0075717284344136715, 0.002687993925064802, 0.0019432108383625746, 0.002309541217982769, 0.0013501885114237666, 0.0011399948270991445, 0.0010423531057313085, 0.002088838955387473, 0.000942771730478853, 0.0006191228167153895, 0.0004758060968015343, 0.0004260554851498455, 0.0005001510726287961, 0.00035458861384540796]
3200;[0.7738699316978455, 0.7715571522712708, 0.775353193283081, 0.8077515959739685, 0.8594221472740173, 0.8917037844657898, 0.9238883256912231, 0.9346526861190796, 0.9876277446746826, 0.963752031326294, 0.9687354564666748, 0.9803405404090881, 0.9828165769577026, 0.9911790490150452, 1.0083286762237549, 1.030002474784851, 1.0185185670852661, 1.0129748582839966, 1.0122880935668945, 1.0165499448776245, 0.991107165813446, 1.0078293085098267, 1.0075349807739258, 1.014137864112854, 0.9969793558120728, 0.9979371428489685, 1.0066131353378296, 1.0128449201583862, 0.9942624568939209, 0.9965590834617615, 1.011779546737671];[0.03582867607474327, 0.030696239322423935, 0.031170200556516647, 0.061453886330127716, 0.1395578682422638, 0.18414412438869476, 0.22170087695121765, 0.23637278378009796, 0.2802122235298157, 0.26723113656044006, 0.2722223997116089, 0.2821582555770874, 0.28898078203201294, 0.2964939773082733, 0.3123549520969391, 0.33462661504745483, 0.3221278488636017, 0.3198092579841614, 0.3167409300804138, 0.3244079649448395, 0.29799744486808777, 0.31552377343177795, 0.3129700720310211, 0.3196903169155121, 0.3084695339202881, 0.30576252937316895, 0.3114601969718933, 0.323405921459198, 0.30235639214515686, 0.3056202530860901, 0.31727948784828186];[-0.8303912878036499, -0.8150928020477295, -0.8135596513748169, -0.9020662903785706, -1.2200721502304077, -1.371923804283142, -1.5085219144821167, -1.5594241619110107, -1.8649258613586426, -1.6697551012039185, -1.691920280456543, -1.7615437507629395, -1.7651413679122925, -1.7961530685424805, -1.879650592803955, -1.9981646537780762, -1.960264801979065, -1.911775827407837, -1.9310566186904907, -1.916100025177002, -1.8052599430084229, -1.8727848529815674, -1.8800437450408936, -1.918411135673523, -1.7939972877502441, -1.817490816116333, -1.8872336149215698, -1.8804923295974731, -1.816119909286499, -1.8226819038391113, -1.9121084213256836];[0.4328795373439789, 0.40477555990219116, 0.4146358370780945, 0.416668564081192, 0.412638783454895, 0.18483521044254303, 0.096373550593853, 0.06545776128768921, 0.05405274033546448, 0.037740692496299744, 0.030883444473147392, 0.02298867516219616, 0.01624860242009163, 0.010310627520084381, 0.008188873529434204, 0.007529605180025101, 0.003859858028590679, 0.002079299883916974, 0.0011521440465003252, 0.0007565194391645491, 0.0004633086209651083, 0.0003760073450393975, 0.00024306763953063637, 0.0002731666900217533, 0.00019262365822214633, 0.00016858457820490003, 0.00015625280502717942, 0.0001983819529414177, 0.00020586958271451294, 0.00015744133270345628]
3250;[0.7686925530433655, 0.7716627717018127, 0.7962249517440796, 0.8198371529579163, 0.8779948353767395, 0.9134954214096069, 0.9290639162063599, 0.9556156992912292, 0.9470595717430115, 0.9597837328910828, 0.9602109789848328, 0.9957566857337952, 1.0070306062698364, 0.9998758435249329, 0.972076416015625, 0.9992453455924988, 0.9948599934577942, 1.0054365396499634, 1.016082525253296, 1.0083733797073364, 0.9892048239707947, 1.0038442611694336, 1.0086231231689453, 0.98392653465271, 1.0267555713653564, 0.9992542266845703, 1.0108609199523926, 0.9876013994216919, 1.0019463300704956, 1.010557770729065, 1.00709867477417];[0.032502178102731705, 0.021728547289967537, 0.05693111568689346, 0.08690890669822693, 0.1582309901714325, 0.20183928310871124, 0.22529344260692596, 0.256635844707489, 0.24669216573238373, 0.26432469487190247, 0.26566073298454285, 0.3010629713535309, 0.3080224096775055, 0.30719199776649475, 0.27842727303504944, 0.30642807483673096, 0.29728224873542786, 0.30563947558403015, 0.32391485571861267, 0.3122943341732025, 0.2952745854854584, 0.3116756081581116, 0.3178294897079468, 0.2951028347015381, 0.3272767961025238, 0.3063845634460449, 0.31551557779312134, 0.29206687211990356, 0.3086942732334137, 0.31487932801246643, 0.31365206837654114];[-0.8183684349060059, -0.7904791831970215, -0.8951011896133423, -0.9807472825050354, -1.2812708616256714, -1.4424467086791992, -1.4967783689498901, -1.624169945716858, -1.6377016305923462, -1.6598625183105469, -1.6473145484924316, -1.8312628269195557, -1.9127826690673828, -1.851523756980896, -1.7135615348815918, -1.8353108167648315, -1.8527289628982544, -1.9225083589553833, -1.9058059453964233, -1.8960708379745483, -1.8013945817947388, -1.8630623817443848, -1.8673781156539917, -1.7404283285140991, -2.0068440437316895, -1.8456897735595703, -1.92056143283844, -1.8008157014846802, -1.8560597896575928, -1.8998198509216309, -1.890924096107483];[0.4458284080028534, 0.37606707215309143, 0.36779090762138367, 0.3179033696651459, 0.26953601837158203, 0.214982807636261, 0.16193920373916626, 0.08779744803905487, 0.050610266625881195, 0.038381293416023254, 0.02059156261384487, 0.018084796145558357, 0.012737183831632137, 0.009810388088226318, 0.005664915312081575, 0.005652552470564842, 0.004674108698964119, 0.003987616393715143, 0.00348633318208158, 0.0030539168510586023, 0.0030965893529355526, 0.002562633017078042, 0.0026413174346089363, 0.002631506184116006, 0.0022620363160967827, 0.002210415666922927, 0.0023880423977971077, 0.002236347645521164, 0.0020584305748343468, 0.0021729522850364447]
3300;[0.7795279026031494, 0.7722688317298889, 0.7744032144546509, 0.7792609930038452, 0.8114537596702576, 0.8346670269966125, 0.8443238139152527, 0.8658945560455322, 0.8647077679634094, 0.8672083616256714, 0.8739945292472839, 0.9060764312744141, 0.8900137543678284, 0.9143774509429932, 0.8870012760162354, 0.9093911647796631, 0.924299955368042, 0.9354652762413025, 0.9265687465667725, 0.9363468289375305, 0.9367527961730957, 0.9609097838401794, 0.9885299205780029, 0.9889810681343079, 0.9903146028518677, 0.9997648000717163, 0.9976111650466919, 1.0209312438964844, 1.0112082958221436, 1.0054166316986084, 1.00028395652771];[0.04072694480419159, 0.03318960219621658, 0.03321201726794243, 0.04038165137171745, 0.0652962476015091, 0.08201213926076889, 0.1069699227809906, 0.13812845945358276, 0.14136222004890442, 0.14950276911258698, 0.15850421786308289, 0.19092385470867157, 0.17321951687335968, 0.19828832149505615, 0.1718684285879135, 0.19883683323860168, 0.21810723841190338, 0.22705236077308655, 0.222538024187088, 0.22852259874343872, 0.2337018996477127, 0.2611483931541443, 0.29150715470314026, 0.2925264239311218, 0.2909238636493683, 0.29950591921806335, 0.299429714679718, 0.3270609676837921, 0.3167237937450409, 0.3090175688266754, 0.3073706328868866];[-0.8439280986785889, -0.8219010233879089, -0.8290894627571106, -0.8564319014549255, -0.9253320693969727, -0.9839615225791931, -1.068502426147461, -1.17290461063385, -1.1900278329849243, -1.2043761014938354, -1.2325774431228638, -1.388169765472412, -1.3321011066436768, -1.4382493495941162, -1.3014750480651855, -1.4081943035125732, -1.4860477447509766, -1.5531727075576782, -1.4901388883590698, -1.5791689157485962, -1.5434577465057373, -1.6553127765655518, -1.7842875719070435, -1.7902889251708984, -1.8318527936935425, -1.8632718324661255, -1.8495653867721558, -1.9452884197235107, -1.9047698974609375, -1.8786712884902954, -1.8358817100524902];[0.4417845606803894, 0.4418202042579651, 0.4472023844718933, 0.4386317729949951, 0.3896235227584839, 0.3641722798347473, 0.373716801404953, 0.26985716819763184, 0.22128115594387054, 0.19092077016830444, 0.18017013370990753, 0.16729314625263214, 0.16632434725761414, 0.14035186171531677, 0.14000895619392395, 0.117946557700634, 0.09167684614658356, 0.0715014636516571, 0.07101695239543915, 0.05740823224186897, 0.044069480150938034, 0.03523903712630272, 0.02341458760201931, 0.022062228992581367, 0.013397298753261566, 0.011350546963512897, 0.008218001574277878, 0.006228522397577763, 0.0054830946028232574, 0.004063540603965521]
3350;[0.7736531496047974, 0.8125002980232239, 0.8476792573928833, 0.8887350559234619, 0.8713778257369995, 0.8830296397209167, 0.9004308581352234, 0.9282051920890808, 0.926562488079071, 0.9320645928382874, 0.9211785197257996, 0.934097409248352, 0.9249740242958069, 0.9197953343391418, 0.9146387577056885, 0.9323428869247437, 0.9161220192909241, 0.9213434457778931, 0.9394949674606323, 0.9588497281074524, 0.9677065014839172, 0.9562082886695862, 0.9748536348342896, 0.9663817286491394, 0.9634226560592651, 0.9710455536842346, 0.9804893136024475, 0.9855634570121765, 0.97796630859375, 0.995524525642395, 0.9844885468482971];[0.037911467254161835, 0.06605862826108932, 0.10427641868591309, 0.15706273913383484, 0.1468692123889923, 0.16669373214244843, 0.19106756150722504, 0.2196178287267685, 0.22024130821228027, 0.22239461541175842, 0.21704049408435822, 0.22954270243644714, 0.21859323978424072, 0.21371302008628845, 0.21380741894245148, 0.22709782421588898, 0.21323950588703156, 0.22073718905448914, 0.24303998053073883, 0.26215463876724243, 0.2672825753688812, 0.25817766785621643, 0.28156572580337524, 0.2686018645763397, 0.2687024772167206, 0.27145352959632874, 0.2833077311515808, 0.29212459921836853, 0.28072047233581543, 0.30256006121635437, 0.29149550199508667];[-0.8339468240737915, -0.9353687763214111, -1.0490611791610718, -1.29769766330719, -1.2383642196655273, -1.2878624200820923, -1.3838104009628296, -1.5365855693817139, -1.5127294063568115, -1.589634895324707, -1.5056883096694946, -1.565359115600586, -1.5343921184539795, -1.4974541664123535, -1.4599522352218628, -1.5882723331451416, -1.507623553276062, -1.5198390483856201, -1.576695442199707, -1.66297447681427, -1.7388222217559814, -1.6473989486694336, -1.7407747507095337, -1.726420521736145, -1.6786179542541504, -1.759239673614502, -1.7865437269210815, -1.7761523723602295, -1.7767515182495117, -1.8315786123275757, -1.7615938186645508];[0.44235292077064514, 0.3902127742767334, 0.40844741463661194, 0.36073124408721924, 0.30822300910949707, 0.24888832867145538, 0.17871716618537903, 0.11926036328077316, 0.09728039801120758, 0.09537547081708908, 0.0802982822060585, 0.09088320285081863, 0.09434783458709717, 0.10844273865222931, 0.07820890843868256, 0.06161089986562729, 0.055693041533231735, 0.03552332520484924, 0.024497875943779945, 0.01783590018749237, 0.013120299205183983, 0.01052696630358696, 0.008340098895132542, 0.006417491007596254, 0.007233921904116869, 0.006566247437149286, 0.004577314481139183, 0.004441297147423029, 0.005296729505062103, 0.003811236470937729]
3400;[0.7642442584037781, 0.7739227414131165, 0.7997751235961914, 0.8317728638648987, 0.8516606092453003, 0.8731836080551147, 0.88426673412323, 0.9488198757171631, 0.9323659539222717, 0.9506083726882935, 0.9491990804672241, 0.9402536749839783, 0.9492942690849304, 0.9261748194694519, 0.9460195302963257, 0.9469649195671082, 0.9605515599250793, 0.9762227535247803, 0.9633346199989319, 0.9726405739784241, 0.9426469802856445, 0.9631209969520569, 0.9635987281799316, 0.9615693092346191, 0.9771768450737, 0.9772437214851379, 0.9703222513198853, 0.9784999489784241, 0.9783298969268799, 0.9656604528427124, 0.9968101978302002];[0.028251400217413902, 0.0318869948387146, 0.042324863374233246, 0.08088533580303192, 0.11308488249778748, 0.14914223551750183, 0.17236512899398804, 0.23909999430179596, 0.22661547362804413, 0.24740634858608246, 0.2478811889886856, 0.23632490634918213, 0.24389392137527466, 0.22260555624961853, 0.24161440134048462, 0.24828417599201202, 0.2613927721977234, 0.28066200017929077, 0.2621579170227051, 0.2729586362838745, 0.2407989650964737, 0.2633013129234314, 0.2685239911079407, 0.2665713131427765, 0.2770540118217468, 0.2789901793003082, 0.27174174785614014, 0.2799982726573944, 0.27981826663017273, 0.2649843692779541, 0.3002511262893677];[-0.8074080348014832, -0.8179871439933777, -0.8492247462272644, -0.9567497372627258, -1.0616743564605713, -1.183351755142212, -1.2655200958251953, -1.5816104412078857, -1.4960362911224365, -1.6096301078796387, -1.6079648733139038, -1.5804857015609741, -1.6085114479064941, -1.488057017326355, -1.6366244554519653, -1.5956485271453857, -1.6792585849761963, -1.7428163290023804, -1.7217741012573242, -1.7473195791244507, -1.6294374465942383, -1.6983461380004883, -1.6738638877868652, -1.675274133682251, -1.7750164270401, -1.7696540355682373, -1.7425826787948608, -1.775017261505127, -1.7888319492340088, -1.7622140645980835, -1.8403198719024658];[0.42780932784080505, 0.41032874584198, 0.3525112569332123, 0.24380293488502502, 0.17360170185565948, 0.13109761476516724, 0.09112829715013504, 0.0655885711312294, 0.05220208689570427, 0.041237324476242065, 0.03469681739807129, 0.04304885119199753, 0.046246487647295, 0.0471675731241703, 0.038787901401519775, 0.03138986602425575, 0.023416632786393166, 0.020121121779084206, 0.021433645859360695, 0.017622746527194977, 0.015493994578719139, 0.01162236649543047, 0.011284087784588337, 0.00974463764578104, 0.007119935471564531, 0.007241848856210709, 0.006137192714959383, 0.0061078364960849285, 0.0044806646183133125, 0.004017472267150879]
3450;[0.7701950073242188, 0.7752081751823425, 0.7974758148193359, 0.8273386359214783, 0.8309334516525269, 0.8405174016952515, 0.8674332499504089, 0.8908377289772034, 0.9265407919883728, 0.9347053170204163, 0.9548597931861877, 0.9548130631446838, 0.9812734127044678, 0.9855202436447144, 0.9974188804626465, 0.9785395264625549, 0.9924499988555908, 0.9934018850326538, 1.0081110000610352, 0.9945356249809265, 1.0022846460342407, 1.0122007131576538, 1.0151491165161133, 1.0201693773269653, 1.0036273002624512, 1.0322198867797852, 1.024082899093628, 0.9899572730064392, 1.0113012790679932, 1.0183714628219604, 1.0071144104003906];[0.03263486549258232, 0.031459078192710876, 0.06032150983810425, 0.08628618717193604, 0.10315486043691635, 0.11335478723049164, 0.14322075247764587, 0.16533856093883514, 0.21603849530220032, 0.22788971662521362, 0.25029775500297546, 0.25608423352241516, 0.28318437933921814, 0.28775182366371155, 0.2990162968635559, 0.280369371175766, 0.2962033748626709, 0.29851916432380676, 0.3147730827331543, 0.3000919222831726, 0.30372676253318787, 0.31829941272735596, 0.3192642033100128, 0.32427215576171875, 0.31227990984916687, 0.33445844054222107, 0.33050537109375, 0.2951779067516327, 0.3173331618309021, 0.32112210988998413, 0.3153415322303772];[-0.8212994337081909, -0.8161076903343201, -0.9244561791419983, -1.0191926956176758, -1.0348474979400635, -1.06851327419281, -1.1676892042160034, -1.2727608680725098, -1.466316819190979, -1.495977520942688, -1.6147123575210571, -1.6098957061767578, -1.740772008895874, -1.7605600357055664, -1.844937801361084, -1.7415213584899902, -1.80361008644104, -1.7990344762802124, -1.8846620321273804, -1.8114603757858276, -1.8850866556167603, -1.8964213132858276, -1.9324994087219238, -1.9660844802856445, -1.8239656686782837, -2.0254836082458496, -1.9576648473739624, -1.7859641313552856, -1.901108980178833, -1.9523024559020996, -1.8624135255813599];[0.43856245279312134, 0.4272425174713135, 0.44084134697914124, 0.38631850481033325, 0.355055034160614, 0.30401119589805603, 0.26562750339508057, 0.22833554446697235, 0.15524257719516754, 0.1000017374753952, 0.07114367932081223, 0.052665308117866516, 0.035811491310596466, 0.030271777883172035, 0.021639980375766754, 0.02050883136689663, 0.01611175946891308, 0.014863662421703339, 0.013979610055685043, 0.010883954353630543, 0.008482597768306732, 0.00909608043730259, 0.006343356333673, 0.006731219589710236, 0.006758485455065966, 0.010667121037840843, 0.006289413198828697, 0.010920091532170773, 0.011020587757229805, 0.006186039187014103]
3500;[0.7799900770187378, 0.7691375613212585, 0.7834776639938354, 0.8070473670959473, 0.8367730379104614, 0.8407440781593323, 0.8718215823173523, 0.8705130219459534, 0.8981700539588928, 0.9094508290290833, 0.9050077199935913, 0.9131758809089661, 0.9409890174865723, 0.9305347800254822, 0.9371285438537598, 0.9402843117713928, 0.9486786127090454, 0.9608750939369202, 0.9722039699554443, 0.9938783645629883, 0.9842420220375061, 0.9982811212539673, 0.9840258359909058, 0.9974108338356018, 1.0014369487762451, 0.9988720417022705, 1.0036606788635254, 0.9994446635246277, 1.0090128183364868, 1.0099655389785767, 1.0020889043807983];[0.03934689611196518, 0.027462061494588852, 0.037618011236190796, 0.060941971838474274, 0.08593881875276566, 0.0958017110824585, 0.14092135429382324, 0.1543997973203659, 0.1881212294101715, 0.20358529686927795, 0.20145754516124725, 0.21136727929115295, 0.2428046464920044, 0.2326730489730835, 0.24066589772701263, 0.24205262959003448, 0.2525320053100586, 0.2619982361793518, 0.27190321683883667, 0.29447731375694275, 0.2892424762248993, 0.2974812686443329, 0.2917836904525757, 0.3001159429550171, 0.3088350296020508, 0.3004579246044159, 0.31131091713905334, 0.3049968481063843, 0.31716930866241455, 0.31550905108451843, 0.3109801709651947];[-0.8416905403137207, -0.8070061802864075, -0.8397917747497559, -0.9093517065048218, -1.0175023078918457, -1.0318437814712524, -1.2269525527954102, -1.2333059310913086, -1.3888076543807983, -1.4450191259384155, -1.4162229299545288, -1.4606002569198608, -1.5874143838882446, -1.5367991924285889, -1.5572818517684937, -1.5828685760498047, -1.6148583889007568, -1.6866116523742676, -1.7703484296798706, -1.8591052293777466, -1.778304100036621, -1.880555510520935, -1.7456164360046387, -1.8611323833465576, -1.8505553007125854, -1.8720449209213257, -1.8481699228286743, -1.8383759260177612, -1.8757050037384033, -1.9094154834747314, -1.843002438545227];[0.43417730927467346, 0.42587563395500183, 0.4090035557746887, 0.42459720373153687, 0.39957520365715027, 0.3743172883987427, 0.37398457527160645, 0.2937866151332855, 0.15814360976219177, 0.10510600358247757, 0.0915423035621643, 0.07984019815921783, 0.04884198680520058, 0.028069064021110535, 0.02280011586844921, 0.01985176093876362, 0.018238991498947144, 0.017280135303735733, 0.01191711239516735, 0.008230742998421192, 0.006695338990539312, 0.005790831986814737, 0.005073338747024536, 0.002990273293107748, 0.00257512996904552, 0.0022140350192785263, 0.0021376698277890682, 0.001934744999743998, 0.0021392202470451593, 0.0014680715976282954]
3550;[0.7742922902107239, 0.7930310964584351, 0.8166324496269226, 0.8224912881851196, 0.8391258120536804, 0.8389573693275452, 0.8561020493507385, 0.8608695864677429, 0.8735324740409851, 0.864027202129364, 0.8925846815109253, 0.9133524298667908, 0.907945454120636, 0.9288555979728699, 0.9241818189620972, 0.9436696767807007, 0.9532026648521423, 0.9546359777450562, 0.9461669921875, 0.9635922312736511, 0.9596620202064514, 0.9487897157669067, 0.9703732132911682, 0.9627963304519653, 0.9724213480949402, 0.9616442322731018, 0.9845696687698364, 0.9798625707626343, 0.9968305826187134, 0.9722452163696289, 0.9955644607543945];[0.037251152098178864, 0.051263727247714996, 0.0759955570101738, 0.0864604040980339, 0.09822852909564972, 0.09814798831939697, 0.12233860790729523, 0.13053590059280396, 0.1441248506307602, 0.1530153751373291, 0.1851085126399994, 0.21010969579219818, 0.20571458339691162, 0.2256900668144226, 0.22548454999923706, 0.2388225942850113, 0.2542994022369385, 0.2603619694709778, 0.2501995265483856, 0.26618850231170654, 0.26371869444847107, 0.24889683723449707, 0.27239400148391724, 0.2660636603832245, 0.27554193139076233, 0.2676739990711212, 0.2898050546646118, 0.28034454584121704, 0.3005492091178894, 0.27622190117836, 0.29909592866897583];[-0.8325448036193848, -0.8804391026496887, -0.9495663046836853, -1.0014734268188477, -1.0425770282745361, -1.0435484647750854, -1.1226637363433838, -1.1344574689865112, -1.2510082721710205, -1.2089018821716309, -1.3629223108291626, -1.4648267030715942, -1.4370847940444946, -1.5725435018539429, -1.5260367393493652, -1.6483606100082397, -1.6557172536849976, -1.6339436769485474, -1.5971348285675049, -1.683212399482727, -1.678317904472351, -1.634547472000122, -1.7219961881637573, -1.7051281929016113, -1.7329007387161255, -1.6706199645996094, -1.7683669328689575, -1.7853525876998901, -1.8448951244354248, -1.7162519693374634, -1.872037410736084];[0.4354182183742523, 0.42573627829551697, 0.43616756796836853, 0.44431063532829285, 0.3963533937931061, 0.349067360162735, 0.2990531623363495, 0.24835923314094543, 0.2509813606739044, 0.22092819213867188, 0.1812714785337448, 0.13400380313396454, 0.06349268555641174, 0.04765107482671738, 0.040356799960136414, 0.030721314251422882, 0.021746233105659485, 0.017572803422808647, 0.015392339788377285, 0.01408812403678894, 0.012381796725094318, 0.012721680104732513, 0.0123507184907794, 0.011591129936277866, 0.009402752853929996, 0.008309477008879185, 0.0072513120248913765, 0.00615512952208519, 0.004461789503693581, 0.004828006960451603]
3600;[0.7710103392601013, 0.7856937646865845, 0.8328373432159424, 0.8439316749572754, 0.8906450271606445, 0.8968270421028137, 0.8878732323646545, 0.9091995358467102, 0.9126357436180115, 0.929038405418396, 0.9260958433151245, 0.9698420763015747, 0.973102867603302, 0.9503734111785889, 0.9493898153305054, 0.975578248500824, 0.9665167331695557, 0.9714549779891968, 1.0007753372192383, 0.9789079427719116, 0.9897820353507996, 0.989327609539032, 0.9938302040100098, 0.9858851432800293, 0.9854351878166199, 0.9989681839942932, 1.0027230978012085, 0.9717823266983032, 0.9732048511505127, 0.9678800106048584, 0.9879317879676819];[0.036884766072034836, 0.04535551369190216, 0.09224604815244675, 0.11671760678291321, 0.17885223031044006, 0.19204756617546082, 0.1860772669315338, 0.21019266545772552, 0.2178204506635666, 0.22844494879245758, 0.2299771010875702, 0.26999378204345703, 0.27811160683631897, 0.2531461715698242, 0.253045916557312, 0.274535208940506, 0.2707230746746063, 0.27816900610923767, 0.3051512837409973, 0.2797143757343292, 0.2971749007701874, 0.2914452850818634, 0.2989775538444519, 0.2884538471698761, 0.2927991449832916, 0.3009374439716339, 0.3068309426307678, 0.27755722403526306, 0.27836042642593384, 0.2729245126247406, 0.29710426926612854];[-0.8321592211723328, -0.8620041608810425, -1.0439039468765259, -1.1016284227371216, -1.3770873546600342, -1.4288010597229004, -1.368707299232483, -1.462357997894287, -1.4692326784133911, -1.5793615579605103, -1.5352296829223633, -1.7559260129928589, -1.7383999824523926, -1.6444417238235474, -1.6340011358261108, -1.792784571647644, -1.710943579673767, -1.705157995223999, -1.882804036140442, -1.8129069805145264, -1.8049308061599731, -1.8319358825683594, -1.8284554481506348, -1.8121188879013062, -1.7815717458724976, -1.876272201538086, -1.8896864652633667, -1.7160676717758179, -1.7295762300491333, -1.7074791193008423, -1.7740085124969482];[0.4404671788215637, 0.41668882966041565, 0.4138466715812683, 0.4277111887931824, 0.4035332202911377, 0.17975398898124695, 0.13207748532295227, 0.08570458739995956, 0.03414414823055267, 0.015433225780725479, 0.011798886582255363, 0.006874978542327881, 0.0053129917941987514, 0.004463947843760252, 0.0033735462930053473, 0.0023141312412917614, 0.001498812809586525, 0.0013674224028363824, 0.001169724971987307, 0.0009689542930573225, 0.0007139543304219842, 0.0006581374909728765, 0.0006660321960225701, 0.0006504719494841993, 0.0007302430458366871, 0.000543177651707083, 0.0006162896752357483, 0.0005713589489459991, 0.0008831648738123477, 0.0004743686586152762]
3650;[0.7695708274841309, 0.7890134453773499, 0.8061888813972473, 0.8499727249145508, 0.8850246667861938, 0.9312319159507751, 0.9454939961433411, 0.9690151214599609, 0.9821603298187256, 0.9869589805603027, 0.9931968450546265, 1.0000462532043457, 0.982395350933075, 1.005759358406067, 0.9979930520057678, 1.0181245803833008, 1.0223387479782104, 1.0223838090896606, 1.0112582445144653, 1.013213038444519, 1.006761074066162, 1.0039583444595337, 0.9958022832870483, 1.0099780559539795, 1.006374716758728, 1.0187478065490723, 1.0154365301132202, 1.010940670967102, 1.027130365371704, 1.0017895698547363, 1.0389865636825562];[0.033356767147779465, 0.04843037575483322, 0.060362525284290314, 0.11112568527460098, 0.1644679605960846, 0.22168414294719696, 0.24065133929252625, 0.27077722549438477, 0.2847967743873596, 0.29169830679893494, 0.2964903712272644, 0.30523839592933655, 0.2910289466381073, 0.3104974925518036, 0.30407416820526123, 0.32606402039527893, 0.32915157079696655, 0.32353124022483826, 0.3148307204246521, 0.31679850816726685, 0.31301358342170715, 0.31285637617111206, 0.30372172594070435, 0.31564658880233765, 0.31016093492507935, 0.32902130484580994, 0.32124871015548706, 0.31662750244140625, 0.33387988805770874, 0.30803346633911133, 0.34014156460762024];[-0.8181540369987488, -0.8662773966789246, -0.8938018679618835, -1.0594432353973389, -1.2231441736221313, -1.4457448720932007, -1.5546945333480835, -1.6652506589889526, -1.7268983125686646, -1.771720051765442, -1.829903483390808, -1.8475568294525146, -1.7422752380371094, -1.8791389465332031, -1.8289191722869873, -1.9101792573928833, -1.940225601196289, -1.983327031135559, -1.919127345085144, -1.940564751625061, -1.8713316917419434, -1.8556690216064453, -1.796360731124878, -1.893062949180603, -1.8909103870391846, -1.9080630540847778, -1.9152992963790894, -1.9018343687057495, -1.9836549758911133, -1.8512295484542847, -2.0659780502319336];[0.43706971406936646, 0.4446765184402466, 0.36451256275177, 0.27171728014945984, 0.1788056194782257, 0.10112946480512619, 0.05391091853380203, 0.03380582854151726, 0.028001898899674416, 0.022057659924030304, 0.017822762951254845, 0.011309300549328327, 0.015419097617268562, 0.008053740486502647, 0.005600329488515854, 0.005926282610744238, 0.006626156624406576, 0.004911056254059076, 0.008838014677166939, 0.007214273791760206, 0.003129864577203989, 0.008928156457841396, 0.0032415424939244986, 0.003281479934230447, 0.0024989100638777018, 0.0028650611639022827, 0.003948693163692951, 0.0024702567607164383, 0.0027004810981452465, 0.002727109007537365]
3700;[0.7767847180366516, 0.7825933694839478, 0.795834481716156, 0.8053804636001587, 0.8321492671966553, 0.8456169962882996, 0.8304053544998169, 0.8452317714691162, 0.8323768973350525, 0.855024516582489, 0.8932826519012451, 0.9144439697265625, 0.925889253616333, 0.9441683888435364, 0.9641690850257874, 0.9693066477775574, 0.9892761707305908, 0.9896483421325684, 0.9922374486923218, 0.9885091781616211, 0.9810448288917542, 0.9893231987953186, 1.0042105913162231, 1.0058465003967285, 1.0065670013427734, 1.017898678779602, 1.0210223197937012, 0.99041748046875, 1.0245572328567505, 1.0134308338165283, 0.9982547760009766];[0.038039159029722214, 0.04217125102877617, 0.051099784672260284, 0.06463930010795593, 0.09199272096157074, 0.10779742896556854, 0.09490272402763367, 0.10666780918836594, 0.09670575708150864, 0.12712770700454712, 0.17250990867614746, 0.2058270424604416, 0.2247002124786377, 0.24482451379299164, 0.26419496536254883, 0.2733653783798218, 0.2945861220359802, 0.2927180826663971, 0.29710376262664795, 0.295829713344574, 0.2866137623786926, 0.2932523787021637, 0.3125602900981903, 0.31069985032081604, 0.31497785449028015, 0.32484859228134155, 0.33075863122940063, 0.3000474274158478, 0.3274520933628082, 0.3199407756328583, 0.30742815136909485];[-0.8338400721549988, -0.8527003526687622, -0.8794065117835999, -0.9188870191574097, -1.0105578899383545, -1.0866079330444336, -1.0001732110977173, -1.0698984861373901, -1.0178028345108032, -1.1131824254989624, -1.2959283590316772, -1.4146183729171753, -1.4816241264343262, -1.5719846487045288, -1.6753833293914795, -1.6970927715301514, -1.7702668905258179, -1.8179049491882324, -1.823099136352539, -1.7819713354110718, -1.738057255744934, -1.7896453142166138, -1.849850058555603, -1.8909879922866821, -1.873195767402649, -1.9187378883361816, -1.9237024784088135, -1.789966106414795, -1.9906378984451294, -1.918663740158081, -1.834228754043579];[0.4446715712547302, 0.4201553761959076, 0.41400083899497986, 0.39565953612327576, 0.327956885099411, 0.3132154643535614, 0.3059902787208557, 0.28537529706954956, 0.2915307879447937, 0.21583445370197296, 0.1659272313117981, 0.10130077600479126, 0.06249283626675606, 0.044346392154693604, 0.03135744109749794, 0.022234005853533745, 0.020142734050750732, 0.012640669010579586, 0.01062468159943819, 0.009748230688273907, 0.008221177384257317, 0.009221690706908703, 0.011082668788731098, 0.0034193580504506826, 0.0020410718861967325, 0.0019025151850655675, 0.0012314796913415194, 0.0009791189804673195, 0.0008920187829062343, 0.0007750280783511698]
3750;[0.7779315114021301, 0.7741175293922424, 0.7909515500068665, 0.8127567768096924, 0.8289445638656616, 0.8415247201919556, 0.858755350112915, 0.9159665703773499, 0.9171513319015503, 0.9266560077667236, 0.9422600865364075, 0.9539691805839539, 0.9432530403137207, 0.9413495659828186, 0.9883082509040833, 0.9590194821357727, 0.9533576369285583, 0.9536101222038269, 0.9669715166091919, 0.9862964153289795, 0.9699334502220154, 0.9773146510124207, 0.9792662262916565, 0.9732449054718018, 0.993772029876709, 0.9873746633529663, 0.9767215847969055, 0.9887493252754211, 0.987587571144104, 0.9884964823722839, 0.9948753118515015];[0.04010831564664841, 0.029027990996837616, 0.04908054322004318, 0.07168567180633545, 0.10109002143144608, 0.12274432182312012, 0.15503819286823273, 0.20294050872325897, 0.21738265454769135, 0.2309480607509613, 0.2451053261756897, 0.2516939342021942, 0.24560178816318512, 0.24549400806427002, 0.28824833035469055, 0.2639767825603485, 0.25641554594039917, 0.2578064203262329, 0.2717359662055969, 0.2899227738380432, 0.27128100395202637, 0.27822673320770264, 0.28426268696784973, 0.2774856686592102, 0.2948550283908844, 0.2911496162414551, 0.2845267653465271, 0.2914375960826874, 0.29256150126457214, 0.2959069609642029, 0.3057835102081299];[-0.8408828377723694, -0.8181527256965637, -0.8782224059104919, -0.9540891647338867, -1.0604859590530396, -1.1529794931411743, -1.2455905675888062, -1.6154946088790894, -1.4940271377563477, -1.5246797800064087, -1.5998080968856812, -1.7320924997329712, -1.6281230449676514, -1.5959292650222778, -1.8289730548858643, -1.668160080909729, -1.6463193893432617, -1.6679617166519165, -1.6933633089065552, -1.8130131959915161, -1.73442542552948, -1.7897292375564575, -1.761877417564392, -1.7462444305419922, -1.865095853805542, -1.8097548484802246, -1.7272568941116333, -1.833863377571106, -1.7937219142913818, -1.7980153560638428, -1.8022834062576294];[0.433948814868927, 0.4446422755718231, 0.4248580038547516, 0.44685491919517517, 0.43098798394203186, 0.3727983236312866, 0.17424890398979187, 0.08617576956748962, 0.05907886475324631, 0.03204059600830078, 0.0161952693015337, 0.009590473026037216, 0.009695540182292461, 0.007803165353834629, 0.0064675393514335155, 0.003932657185941935, 0.0032016036566346884, 0.0022875522263348103, 0.002215445041656494, 0.002009837655350566, 0.0017224120674654841, 0.0019779675640165806, 0.001800641999579966, 0.0017727736849337816, 0.0016877221642062068, 0.0010702849831432104, 0.0009338849922642112, 0.0009353177738375962, 0.0006798066897317767, 0.0006589785916730762]
3800;[0.7720962762832642, 0.788420557975769, 0.8017773032188416, 0.80499666929245, 0.8100987672805786, 0.8256906270980835, 0.8176684975624084, 0.8092196583747864, 0.8208329081535339, 0.8206179738044739, 0.8275190591812134, 0.8177167177200317, 0.8074880838394165, 0.8210700750350952, 0.833698570728302, 0.8630845546722412, 0.8548895120620728, 0.8595249056816101, 0.8666739463806152, 0.8623595237731934, 0.8634607791900635, 0.8761981129646301, 0.8513107895851135, 0.8666534423828125, 0.8670002222061157, 0.9096922874450684, 0.9152526259422302, 0.9153863191604614, 0.9434930682182312, 0.9446420669555664, 0.9607682228088379];[0.03428170457482338, 0.04515143856406212, 0.05689365789294243, 0.05723661184310913, 0.0635724663734436, 0.07209738343954086, 0.0670810341835022, 0.06287596374750137, 0.07119474560022354, 0.07181015610694885, 0.07818715274333954, 0.06930829584598541, 0.06300236284732819, 0.07787046581506729, 0.09857580065727234, 0.13530999422073364, 0.131388857960701, 0.13420401513576508, 0.14653906226158142, 0.13975350558757782, 0.14346447587013245, 0.1553107053041458, 0.1346711814403534, 0.15008559823036194, 0.15578870475292206, 0.20078474283218384, 0.21078462898731232, 0.2112049162387848, 0.24247674643993378, 0.2446104735136032, 0.2626127600669861];[-0.8256890177726746, -0.8544508814811707, -0.8950510025024414, -0.8982077240943909, -0.9158869385719299, -0.9462296366691589, -0.9475160241127014, -0.9157825708389282, -0.9483603239059448, -0.9503147602081299, -0.9672825932502747, -0.9228694438934326, -0.9088695645332336, -0.9458683133125305, -1.021074891090393, -1.159391164779663, -1.1253825426101685, -1.1487468481063843, -1.1740001440048218, -1.1876988410949707, -1.1730940341949463, -1.243417501449585, -1.155545711517334, -1.2166292667388916, -1.2366360425949097, -1.4304736852645874, -1.4570118188858032, -1.475978136062622, -1.5971033573150635, -1.6016180515289307, -1.674018144607544];[0.4305662512779236, 0.4106637239456177, 0.40855082869529724, 0.3990292251110077, 0.4019850194454193, 0.3799338936805725, 0.3869284689426422, 0.40708860754966736, 0.3838808536529541, 0.4204804301261902, 0.41054022312164307, 0.3616645634174347, 0.31887051463127136, 0.27559205889701843, 0.23825356364250183, 0.20937398076057434, 0.18357647955417633, 0.19134055078029633, 0.18030041456222534, 0.17645277082920074, 0.1913183629512787, 0.20413342118263245, 0.19116005301475525, 0.19595906138420105, 0.18435080349445343, 0.14613142609596252, 0.10960451513528824, 0.07883928716182709, 0.06318575143814087, 0.05878722667694092]
3850;[0.7717000842094421, 0.7929441332817078, 0.8100361824035645, 0.8134742379188538, 0.8262708187103271, 0.8318676352500916, 0.8137015104293823, 0.8386218547821045, 0.8427252173423767, 0.8524848222732544, 0.8865906000137329, 0.8957377672195435, 0.8979246616363525, 0.9334990382194519, 0.9379151463508606, 0.9462268948554993, 0.9579272270202637, 0.949131965637207, 0.9667233228683472, 0.9672541618347168, 0.9618071913719177, 0.9626466631889343, 0.9834227561950684, 0.9687806367874146, 0.9971226453781128, 0.9703989028930664, 0.9802559614181519, 0.9951034784317017, 0.9869388341903687, 1.0038036108016968, 0.9907711148262024];[0.035215020179748535, 0.04745454341173172, 0.05582869425415993, 0.057165175676345825, 0.06959854811429977, 0.07645119726657867, 0.06147649511694908, 0.0913735181093216, 0.10123129189014435, 0.11699650436639786, 0.15978005528450012, 0.17253859341144562, 0.1870834231376648, 0.2289656698703766, 0.2351958453655243, 0.2463945895433426, 0.25646936893463135, 0.2501998543739319, 0.2702777087688446, 0.2673186659812927, 0.26530084013938904, 0.2660837769508362, 0.2830277383327484, 0.2704530954360962, 0.3013773262500763, 0.27859747409820557, 0.28607651591300964, 0.29850447177886963, 0.2930453419685364, 0.3087802231311798, 0.2955177128314972];[-0.827389121055603, -0.8618426322937012, -0.8820029497146606, -0.8932160139083862, -0.9264128804206848, -0.9399004578590393, -0.901586651802063, -0.9888675212860107, -1.0218677520751953, -1.0787525177001953, -1.2363682985305786, -1.3133230209350586, -1.3367613554000854, -1.5029232501983643, -1.547039270401001, -1.58113431930542, -1.6459031105041504, -1.6178433895111084, -1.683029294013977, -1.7041199207305908, -1.6761201620101929, -1.6671385765075684, -1.8011411428451538, -1.7190877199172974, -1.8529282808303833, -1.697258472442627, -1.7550841569900513, -1.828087329864502, -1.7767834663391113, -1.8641012907028198, -1.8053444623947144];[0.43534335494041443, 0.3926979601383209, 0.3508155643939972, 0.2995985448360443, 0.2901701033115387, 0.28081074357032776, 0.26199567317962646, 0.2373248040676117, 0.21953347325325012, 0.19982947409152985, 0.1543862223625183, 0.12268532812595367, 0.0792878195643425, 0.0546797551214695, 0.046340953558683395, 0.03768673166632652, 0.03721274062991142, 0.033368419855833054, 0.02468474768102169, 0.01814587041735649, 0.01867591217160225, 0.01444780919700861, 0.013738113455474377, 0.011320756748318672, 0.010711957700550556, 0.007242703810334206, 0.008153563365340233, 0.006764894817024469, 0.0048918211832642555, 0.00466481689363718]
3900;[0.7764260172843933, 0.7654951810836792, 0.786186158657074, 0.8220341801643372, 0.8335137963294983, 0.8605777025222778, 0.8840466141700745, 0.8995446562767029, 0.9300228357315063, 0.9357110857963562, 0.9437399506568909, 0.9665966033935547, 0.9661697149276733, 0.9822569489479065, 0.9762247204780579, 0.9888659715652466, 0.9894531965255737, 0.9934530854225159, 0.9887712597846985, 0.9956856369972229, 1.0054912567138672, 0.9989181756973267, 0.9929871559143066, 1.0130219459533691, 1.0216659307479858, 1.017540693283081, 1.0047252178192139, 0.982506513595581, 0.989951491355896, 0.9825340509414673, 0.9938605427742004];[0.0392027273774147, 0.02604556642472744, 0.0407499298453331, 0.07977451384067535, 0.09497551620006561, 0.12673844397068024, 0.16112150251865387, 0.18315529823303223, 0.2195388525724411, 0.23015524446964264, 0.2403867542743683, 0.26119354367256165, 0.2645905017852783, 0.28064391016960144, 0.27943581342697144, 0.2937047481536865, 0.29593631625175476, 0.29612329602241516, 0.2938602566719055, 0.30082470178604126, 0.31093937158584595, 0.30726203322410583, 0.30029791593551636, 0.3157307803630829, 0.32497307658195496, 0.32410016655921936, 0.31230247020721436, 0.28710028529167175, 0.29611241817474365, 0.28854331374168396, 0.29884979128837585];[-0.8461412191390991, -0.8067359328269958, -0.8433536291122437, -0.9603264927864075, -1.0092617273330688, -1.1248983144760132, -1.223851203918457, -1.302809238433838, -1.4604578018188477, -1.4921298027038574, -1.5388178825378418, -1.678580641746521, -1.6496859788894653, -1.7403010129928589, -1.7003920078277588, -1.776207685470581, -1.7764469385147095, -1.8251343965530396, -1.7878198623657227, -1.8313380479812622, -1.8678703308105469, -1.842660903930664, -1.8010351657867432, -1.9350353479385376, -1.9686616659164429, -1.9293134212493896, -1.8668032884597778, -1.7755022048950195, -1.8208168745040894, -1.7662086486816406, -1.8131828308105469];[0.41620615124702454, 0.4442671835422516, 0.3982095718383789, 0.3624253273010254, 0.356366902589798, 0.317834734916687, 0.25319424271583557, 0.20584313571453094, 0.14052261412143707, 0.10670439153909683, 0.08392974734306335, 0.06774687767028809, 0.05716483294963837, 0.035906024277210236, 0.027890227735042572, 0.020095031708478928, 0.019280530512332916, 0.015028459019958973, 0.011581161990761757, 0.00937421154230833, 0.00807176437228918, 0.00758333457633853, 0.009078608825802803, 0.006473695393651724, 0.00802820734679699, 0.006272365339100361, 0.0062561361119151115, 0.009291375987231731, 0.005110849626362324, 0.0050100889056921005]
3950;[0.7668476700782776, 0.7834249138832092, 0.7891720533370972, 0.8277196884155273, 0.8294943571090698, 0.8518126606941223, 0.8338193297386169, 0.8687959313392639, 0.874251663684845, 0.8929741382598877, 0.8933002948760986, 0.9091513752937317, 0.9274682998657227, 0.9023144245147705, 0.933843195438385, 0.9375560283660889, 0.9684471487998962, 0.9668248295783997, 0.969933271408081, 0.9813204407691956, 0.9856377243995667, 0.9628016352653503, 0.9599939584732056, 0.9870827794075012, 0.9810394048690796, 0.9918984174728394, 0.987559974193573, 1.0010889768600464, 0.9926295876502991, 1.0043686628341675, 1.0059747695922852];[0.03283039852976799, 0.04601801186800003, 0.04009523242712021, 0.07853149622678757, 0.08675207197666168, 0.10899990797042847, 0.09667054563760757, 0.14287519454956055, 0.1561921387910843, 0.1813548505306244, 0.18220719695091248, 0.20187225937843323, 0.22241565585136414, 0.19744570553302765, 0.22922489047050476, 0.2385273426771164, 0.2689908742904663, 0.27076923847198486, 0.27419358491897583, 0.28813523054122925, 0.2880491316318512, 0.26760339736938477, 0.26315614581108093, 0.29254424571990967, 0.2867078483104706, 0.2952156960964203, 0.29396116733551025, 0.30392709374427795, 0.29612842202186584, 0.30265989899635315, 0.30652156472206116];[-0.8205925226211548, -0.8680288195610046, -0.8488177061080933, -0.9691207408905029, -0.9934666156768799, -1.0739057064056396, -1.032748818397522, -1.1831263303756714, -1.2222204208374023, -1.3181755542755127, -1.3293565511703491, -1.4355757236480713, -1.52427077293396, -1.3982828855514526, -1.5718852281570435, -1.570556640625, -1.7102947235107422, -1.7015970945358276, -1.701458215713501, -1.7469589710235596, -1.795926570892334, -1.677261233329773, -1.6674302816390991, -1.7895405292510986, -1.7593718767166138, -1.8197925090789795, -1.794605016708374, -1.8744285106658936, -1.8535109758377075, -1.9484021663665771, -1.9222718477249146];[0.4285307228565216, 0.4311717748641968, 0.38900357484817505, 0.37645018100738525, 0.3475511968135834, 0.31672438979148865, 0.2852216362953186, 0.2286222130060196, 0.21102136373519897, 0.18813738226890564, 0.15979750454425812, 0.14293012022972107, 0.13624358177185059, 0.10465758293867111, 0.07283736020326614, 0.048239096999168396, 0.03201238811016083, 0.018544042482972145, 0.013393739238381386, 0.009227235801517963, 0.007567041553556919, 0.005109869875013828, 0.0037654994521290064, 0.002874415135011077, 0.0032996018417179585, 0.002231599995866418, 0.001823815400712192, 0.001857885392382741, 0.001365060219541192, 0.0010163330007344484]
4000;[0.7758664488792419, 0.7758930325508118, 0.7971533536911011, 0.8109068870544434, 0.8199508786201477, 0.8167589902877808, 0.8206320405006409, 0.8440627455711365, 0.8704778552055359, 0.8689774870872498, 0.8899257779121399, 0.9069578051567078, 0.9252842664718628, 0.9024893641471863, 0.899340808391571, 0.9240388870239258, 0.9292719960212708, 0.9111840128898621, 0.9228125214576721, 0.9324696660041809, 0.9168409109115601, 0.9411149024963379, 0.9593232274055481, 0.9550855755805969, 0.9768463969230652, 0.985873281955719, 0.9526981115341187, 0.9679610133171082, 0.9599400162696838, 0.9670463800430298, 0.9784984588623047];[0.0369487926363945, 0.0392853319644928, 0.055730920284986496, 0.059120405465364456, 0.06366021186113358, 0.06600964814424515, 0.08009029179811478, 0.10732584446668625, 0.1404331624507904, 0.1476610004901886, 0.17374953627586365, 0.19382937252521515, 0.20546850562095642, 0.1924285590648651, 0.18654948472976685, 0.21888385713100433, 0.2250090092420578, 0.20817255973815918, 0.21649767458438873, 0.2285868227481842, 0.2133522927761078, 0.24028344452381134, 0.256197452545166, 0.2574470043182373, 0.277854859828949, 0.29028263688087463, 0.25769320130348206, 0.270699679851532, 0.2624030113220215, 0.2714250087738037, 0.28368574380874634];[-0.832825243473053, -0.840259850025177, -0.888907790184021, -0.9068122506141663, -0.9167923331260681, -0.9233672022819519, -0.9920721054077148, -1.0812560319900513, -1.2079769372940063, -1.2024598121643066, -1.3104963302612305, -1.4178693294525146, -1.5569334030151367, -1.3902870416641235, -1.3923965692520142, -1.4931328296661377, -1.5400716066360474, -1.4335507154464722, -1.512340784072876, -1.572786569595337, -1.4886692762374878, -1.5964927673339844, -1.694187879562378, -1.6531270742416382, -1.759148359298706, -1.7817368507385254, -1.6266201734542847, -1.7174434661865234, -1.6821305751800537, -1.6969980001449585, -1.7455458641052246];[0.4398709535598755, 0.3940922021865845, 0.4223015010356903, 0.39013564586639404, 0.3779488801956177, 0.3160775601863861, 0.34771060943603516, 0.29782530665397644, 0.24537043273448944, 0.1995392143726349, 0.17490120232105255, 0.15418633818626404, 0.14640623331069946, 0.14174772799015045, 0.13730990886688232, 0.08612492680549622, 0.07163363695144653, 0.05907484143972397, 0.06707162410020828, 0.056980885565280914, 0.04990651085972786, 0.038570206612348557, 0.02595566399395466, 0.022981766611337662, 0.018361784517765045, 0.014997247606515884, 0.013472625985741615, 0.01469477266073227, 0.01232113130390644, 0.010344204492866993]
4050;[0.7695102095603943, 0.7852616906166077, 0.8006824254989624, 0.8088802695274353, 0.818032443523407, 0.8202149271965027, 0.8262446522712708, 0.8372039794921875, 0.8349943161010742, 0.8352919816970825, 0.8289598226547241, 0.8401511311531067, 0.8417261242866516, 0.8354557752609253, 0.8411338925361633, 0.8540554046630859, 0.8548983335494995, 0.8635361790657043, 0.8998079895973206, 0.901549756526947, 0.9055428504943848, 0.9184079170227051, 0.9367219805717468, 0.9459695219993591, 0.9550321102142334, 0.9636900424957275, 0.963798463344574, 0.9694152474403381, 0.982374906539917, 0.9990594387054443, 0.970213770866394];[0.03308466449379921, 0.04352477192878723, 0.055883292108774185, 0.06513158977031708, 0.07674261182546616, 0.07676118612289429, 0.07810815423727036, 0.08967141807079315, 0.08893463015556335, 0.09148641675710678, 0.08736242353916168, 0.09562575072050095, 0.09746959060430527, 0.09504856914281845, 0.11163709312677383, 0.1350177526473999, 0.13617432117462158, 0.15238134562969208, 0.1933445781469345, 0.19934971630573273, 0.20320862531661987, 0.21869821846485138, 0.23729278147220612, 0.2495419979095459, 0.25212693214416504, 0.2641596794128418, 0.270322322845459, 0.26896974444389343, 0.2861687242984772, 0.3008776307106018, 0.2744014859199524];[-0.8229476809501648, -0.8517856001853943, -0.9081158638000488, -0.9228359460830688, -0.9602381587028503, -0.9618200063705444, -0.97232985496521, -1.036707878112793, -1.0088732242584229, -1.0280647277832031, -1.0138086080551147, -1.0493541955947876, -1.0627200603485107, -1.032423973083496, -1.109535813331604, -1.1756542921066284, -1.2247302532196045, -1.2577069997787476, -1.438900113105774, -1.4462476968765259, -1.4818731546401978, -1.5063360929489136, -1.6088886260986328, -1.6223938465118408, -1.7389572858810425, -1.733813762664795, -1.690779209136963, -1.7546039819717407, -1.77483069896698, -1.8886451721191406, -1.7194448709487915];[0.43096664547920227, 0.44079673290252686, 0.4315723776817322, 0.47124266624450684, 0.43563538789749146, 0.4343297779560089, 0.3923714756965637, 0.36329469084739685, 0.3468262553215027, 0.3827885389328003, 0.3773731589317322, 0.3933712840080261, 0.4025636613368988, 0.4214808940887451, 0.42488738894462585, 0.3373204469680786, 0.3208666443824768, 0.23662279546260834, 0.1856238842010498, 0.11666747182607651, 0.08387701958417892, 0.07394815981388092, 0.060526292771101, 0.04071607068181038, 0.03042040392756462, 0.01781482808291912, 0.00970528181642294, 0.0052567762322723866, 0.004082579165697098, 0.002427048282697797]
4100;[0.7719650864601135, 0.7740082144737244, 0.7800654172897339, 0.8030604124069214, 0.8449403047561646, 0.8447548747062683, 0.8574680685997009, 0.8685842156410217, 0.8620092868804932, 0.8564966320991516, 0.8680824637413025, 0.8659436106681824, 0.8577298521995544, 0.8668713569641113, 0.8788270950317383, 0.8621888160705566, 0.8775386214256287, 0.8824963569641113, 0.8999300003051758, 0.9146904349327087, 0.9416837096214294, 0.9473555088043213, 0.9680659770965576, 0.9533812403678894, 0.971466064453125, 0.981346607208252, 0.9798346757888794, 0.9891223907470703, 1.0076433420181274, 1.009374976158142, 0.9930868744850159];[0.03487067297101021, 0.027676232159137726, 0.030863136053085327, 0.05689331889152527, 0.10065224021673203, 0.11420207470655441, 0.1294611096382141, 0.1457575261592865, 0.1338365077972412, 0.12724186480045319, 0.14333321154117584, 0.1456068754196167, 0.1369120180606842, 0.14867858588695526, 0.1619400829076767, 0.14104418456554413, 0.16298602521419525, 0.17514877021312714, 0.19457249343395233, 0.2124430388212204, 0.2418850064277649, 0.2503754794597626, 0.2658253610134125, 0.2559718191623688, 0.2756204307079315, 0.28596916794776917, 0.2792223393917084, 0.29559046030044556, 0.3160732090473175, 0.31727635860443115, 0.30032870173454285];[-0.8271980881690979, -0.8031993508338928, -0.8106015920639038, -0.8986335396766663, -1.0279802083969116, -1.0567582845687866, -1.1103202104568481, -1.1642088890075684, -1.1402373313903809, -1.1151535511016846, -1.152606725692749, -1.1860188245773315, -1.1412707567214966, -1.2095478773117065, -1.2562477588653564, -1.2028015851974487, -1.2825967073440552, -1.2894489765167236, -1.4053819179534912, -1.4648817777633667, -1.5879108905792236, -1.5986218452453613, -1.736304759979248, -1.6409727334976196, -1.709570288658142, -1.7697912454605103, -1.7869012355804443, -1.7851642370224, -1.8608487844467163, -1.8850696086883545, -1.7968758344650269];[0.435779869556427, 0.4015379250049591, 0.39383989572525024, 0.30601251125335693, 0.2683713734149933, 0.255763977766037, 0.23792517185211182, 0.22440876066684723, 0.21975375711917877, 0.21671950817108154, 0.2198844701051712, 0.16597238183021545, 0.20644834637641907, 0.22720225155353546, 0.2087802290916443, 0.18940076231956482, 0.1653401106595993, 0.13151292502880096, 0.10350732505321503, 0.06334036588668823, 0.04090862348675728, 0.03748667240142822, 0.03195352852344513, 0.026214685291051865, 0.02384708821773529, 0.017105216160416603, 0.014587333425879478, 0.008504081517457962, 0.004370702430605888, 0.002392869209870696]
4150;[0.7738735675811768, 0.7774338722229004, 0.8050488233566284, 0.8060038089752197, 0.8156989812850952, 0.832303524017334, 0.843492329120636, 0.8502419590950012, 0.8664112687110901, 0.8828752636909485, 0.90708327293396, 0.9068357348442078, 0.9428629875183105, 0.95693439245224, 0.955596923828125, 0.9662271738052368, 0.9482523202896118, 0.9909905195236206, 0.9821006655693054, 0.9601650238037109, 0.9952037334442139, 0.9884482622146606, 0.9965096712112427, 0.98985755443573, 0.9675899147987366, 0.9904091954231262, 0.9857829213142395, 0.9860298037528992, 0.9876384139060974, 0.9831892251968384, 1.005521297454834];[0.037310000509023666, 0.03513278067111969, 0.05421394854784012, 0.05376877635717392, 0.06556966155767441, 0.08471067994832993, 0.09754852950572968, 0.11454527080059052, 0.13840949535369873, 0.16635271906852722, 0.19610759615898132, 0.19992069900035858, 0.2377949208021164, 0.2542128264904022, 0.25725501775741577, 0.267619252204895, 0.2524917721748352, 0.294978529214859, 0.28594091534614563, 0.2655268907546997, 0.28851720690727234, 0.2929040491580963, 0.30143243074417114, 0.29624858498573303, 0.2734587788581848, 0.28987523913383484, 0.29244324564933777, 0.2934209704399109, 0.29404187202453613, 0.287304162979126, 0.31117576360702515];[-0.8332653641700745, -0.8252789974212646, -0.8902801275253296, -0.8852269053459167, -0.9203077554702759, -0.9836225509643555, -1.045251488685608, -1.1046804189682007, -1.1802607774734497, -1.2788751125335693, -1.3934071063995361, -1.3879283666610718, -1.5594801902770996, -1.6525098085403442, -1.6346698999404907, -1.6940568685531616, -1.6040349006652832, -1.8027552366256714, -1.7508246898651123, -1.6491483449935913, -1.9161412715911865, -1.8024214506149292, -1.8316377401351929, -1.7832266092300415, -1.6879551410675049, -1.83821439743042, -1.7721856832504272, -1.778405785560608, -1.7900075912475586, -1.7712291479110718, -1.8907740116119385];[0.43327367305755615, 0.4275895953178406, 0.39843595027923584, 0.3667204976081848, 0.38214996457099915, 0.3243881165981293, 0.3418513536453247, 0.30748251080513, 0.230734720826149, 0.1693325787782669, 0.1459140032529831, 0.13271084427833557, 0.09339296817779541, 0.061048224568367004, 0.046269193291664124, 0.033748406916856766, 0.029387066140770912, 0.021673617884516716, 0.021631289273500443, 0.014712603762745857, 0.01679677516222, 0.012036435306072235, 0.00905793346464634, 0.008220765739679337, 0.008160363882780075, 0.007712225429713726, 0.005562680773437023, 0.004584662616252899, 0.00408300943672657, 0.004233470652252436]
4200;[0.774819552898407, 0.8142628073692322, 0.8195416927337646, 0.858230471611023, 0.9281269311904907, 0.9362183809280396, 0.945840060710907, 0.9605838656425476, 0.9670224785804749, 0.973944902420044, 0.9788573980331421, 0.9803706407546997, 1.0046623945236206, 0.9945987462997437, 0.991929292678833, 1.0023987293243408, 0.9909389615058899, 0.9981898069381714, 1.0019209384918213, 1.0092096328735352, 1.0268032550811768, 1.019984483718872, 1.0112700462341309, 0.9890687465667725, 0.9957801699638367, 1.0003249645233154, 1.0015968084335327, 1.004703402519226, 1.0032495260238647, 0.9979466795921326, 0.9884177446365356];[0.03890760987997055, 0.07153192162513733, 0.08460503816604614, 0.13963542878627777, 0.22370903193950653, 0.23908685147762299, 0.24933920800685883, 0.2654978036880493, 0.2707230746746063, 0.2761859595775604, 0.28490522503852844, 0.288796991109848, 0.3082753121852875, 0.3032332956790924, 0.2986029386520386, 0.30409353971481323, 0.29834112524986267, 0.3011123538017273, 0.30699214339256287, 0.3158706724643707, 0.33072251081466675, 0.32362493872642517, 0.31545397639274597, 0.2948712408542633, 0.3012791574001312, 0.30980080366134644, 0.30893272161483765, 0.31234461069107056, 0.310054212808609, 0.2960302233695984, 0.29558873176574707];[-0.8345641493797302, -0.9442811012268066, -0.9988586902618408, -1.1980732679367065, -1.5806145668029785, -1.5639976263046265, -1.603851318359375, -1.6707947254180908, -1.6981308460235596, -1.767061471939087, -1.7413173913955688, -1.752173900604248, -1.8923567533493042, -1.8002972602844238, -1.7949424982070923, -1.9027864933013916, -1.8066449165344238, -1.8712854385375977, -1.8623414039611816, -1.8979417085647583, -1.9920837879180908, -1.9551421403884888, -1.9232490062713623, -1.7829444408416748, -1.8561540842056274, -1.8360389471054077, -1.8531990051269531, -1.8675150871276855, -1.8494360446929932, -1.91025972366333, -1.7980337142944336];[0.4195796847343445, 0.4550365209579468, 0.45695599913597107, 0.450044721364975, 0.3329032063484192, 0.05618399754166603, 0.024400990456342697, 0.01523192785680294, 0.010038385167717934, 0.0074600279331207275, 0.006099950987845659, 0.00526990694925189, 0.0037869790103286505, 0.0027296978514641523, 0.0029031855519860983, 0.0026475503109395504, 0.0022663045674562454, 0.002075850497931242, 0.0019971653819084167, 0.0017727554077282548, 0.0013914161827415228, 0.001162333064712584, 0.0014442381216213107, 0.001263451762497425, 0.001201852923259139, 0.0011161130387336016, 0.001004206482321024, 0.0009515071869827807, 0.0010295099345967174, 0.0009975857101380825]
4250;[0.7660307884216309, 0.7735407948493958, 0.7814741134643555, 0.7830028533935547, 0.8139030337333679, 0.8290970921516418, 0.8610368371009827, 0.8856791853904724, 0.9089940190315247, 0.9522578120231628, 0.9660056233406067, 0.990166187286377, 1.0046168565750122, 0.9690148234367371, 1.018242597579956, 0.9992193579673767, 0.9980846643447876, 0.9745095372200012, 0.9990171790122986, 0.9874152541160583, 1.0162535905838013, 1.0112779140472412, 1.0150185823440552, 1.0196247100830078, 1.0005035400390625, 1.022645115852356, 1.0110414028167725, 1.0117853879928589, 0.9912793636322021, 1.0103040933609009, 0.9974797368049622];[0.030949516221880913, 0.034379664808511734, 0.03286784887313843, 0.03256494924426079, 0.06749256700277328, 0.08381374180316925, 0.1327463537454605, 0.1649741232395172, 0.20196865499019623, 0.24868649244308472, 0.26445427536964417, 0.29246973991394043, 0.30872049927711487, 0.2722117006778717, 0.3231218159198761, 0.30564084649086, 0.3018460273742676, 0.2816013991832733, 0.3030082583427429, 0.2956630289554596, 0.3212108016014099, 0.3191239833831787, 0.3211504817008972, 0.3264254033565521, 0.30604419112205505, 0.331891268491745, 0.3164628744125366, 0.31879040598869324, 0.2936432957649231, 0.3182334005832672, 0.3011116087436676];[-0.8158609867095947, -0.8278087377548218, -0.8213539719581604, -0.818867027759552, -0.9190835952758789, -0.9972943663597107, -1.1484875679016113, -1.306504249572754, -1.3961832523345947, -1.581689715385437, -1.681308388710022, -1.7997045516967773, -1.8740285634994507, -1.695999026298523, -1.9416877031326294, -1.8294686079025269, -1.846137523651123, -1.7177315950393677, -1.8425462245941162, -1.7719390392303467, -1.9363001585006714, -1.8938488960266113, -1.9262157678604126, -1.934841275215149, -1.8622612953186035, -1.9313383102416992, -1.8940612077713013, -1.8956894874572754, -1.8231922388076782, -1.895464301109314, -1.8642852306365967];[0.4404301643371582, 0.4201659560203552, 0.3984008729457855, 0.3783586323261261, 0.3220444321632385, 0.32001200318336487, 0.21421144902706146, 0.14724120497703552, 0.09898514300584793, 0.060351721942424774, 0.03925902396440506, 0.026244591921567917, 0.016520807519555092, 0.014466006308794022, 0.011891075409948826, 0.011491013690829277, 0.008956294506788254, 0.006890449672937393, 0.004290448036044836, 0.0035388637334108353, 0.006220345385372639, 0.005306953564286232, 0.0025971524883061647, 0.005467669572681189, 0.0015409630723297596, 0.004544129595160484, 0.009117829613387585, 0.0015670127468183637, 0.0014216237468644977, 0.000774795887991786]
4300;[0.7731620073318481, 0.7821813821792603, 0.7965241074562073, 0.8335680961608887, 0.8668491840362549, 0.878387987613678, 0.9035317897796631, 0.8955116868019104, 0.9139776825904846, 0.9177309274673462, 0.9357203841209412, 0.9247285723686218, 0.9380254745483398, 0.9362391829490662, 0.9432224035263062, 0.9435491561889648, 0.9852771759033203, 0.9614002108573914, 0.9501024484634399, 0.9450103044509888, 0.9696818590164185, 0.9592806100845337, 0.9498483538627625, 0.9617998600006104, 0.9852558374404907, 0.941655158996582, 0.9700115919113159, 0.9643703699111938, 0.9880914092063904, 0.9736706614494324, 0.9736925363540649];[0.0369359627366066, 0.041639894247055054, 0.051217444241046906, 0.0991564691066742, 0.14301133155822754, 0.1611248254776001, 0.19928082823753357, 0.1923370063304901, 0.20964960753917694, 0.21716831624507904, 0.236380934715271, 0.22340027987957, 0.23519988358020782, 0.23605108261108398, 0.24401973187923431, 0.24548974633216858, 0.2828528881072998, 0.26400408148765564, 0.2496960163116455, 0.24973580241203308, 0.2702138423919678, 0.2633039951324463, 0.25465282797813416, 0.26359522342681885, 0.28950440883636475, 0.24720709025859833, 0.27247434854507446, 0.26803529262542725, 0.2852277159690857, 0.2761423587799072, 0.2786817252635956];[-0.8307245969772339, -0.8581309914588928, -0.8821147680282593, -1.0405102968215942, -1.2068977355957031, -1.3320640325546265, -1.4349371194839478, -1.421501636505127, -1.5371266603469849, -1.5217796564102173, -1.6107282638549805, -1.5505613088607788, -1.6091911792755127, -1.5948463678359985, -1.6130036115646362, -1.61371910572052, -1.8512777090072632, -1.6862632036209106, -1.6566168069839478, -1.5967174768447876, -1.7612675428390503, -1.6773202419281006, -1.6298705339431763, -1.7083029747009277, -1.7928861379623413, -1.5806208848953247, -1.724819540977478, -1.6930164098739624, -1.87149178981781, -1.7585947513580322, -1.7442100048065186];[0.44481030106544495, 0.4228331446647644, 0.4240219295024872, 0.43790048360824585, 0.41899868845939636, 0.34467965364456177, 0.19992761313915253, 0.10686323046684265, 0.07856763899326324, 0.059001751244068146, 0.049400608986616135, 0.03892697021365166, 0.03212589770555496, 0.030916979536414146, 0.02204173058271408, 0.01929728128015995, 0.0160831231623888, 0.014779502525925636, 0.0140394801273942, 0.012430167756974697, 0.012048334814608097, 0.011828416027128696, 0.011833872646093369, 0.011161941103637218, 0.009211280383169651, 0.008751148357987404, 0.008345344103872776, 0.008498693816363811, 0.007514872122555971, 0.006614926736801863]
4350;[0.7711126208305359, 0.783198356628418, 0.780512273311615, 0.7795995473861694, 0.7763205766677856, 0.7846721410751343, 0.7845112681388855, 0.8020838499069214, 0.8072362542152405, 0.827772319316864, 0.8355211615562439, 0.8351879119873047, 0.8484703898429871, 0.8196082711219788, 0.8256215453147888, 0.8333699703216553, 0.8418938517570496, 0.8486324548721313, 0.8687301874160767, 0.9047763347625732, 0.9070276021957397, 0.906893789768219, 0.910416305065155, 0.9069603085517883, 0.9060624837875366, 0.9270528554916382, 0.9101974368095398, 0.9437459111213684, 0.9448091983795166, 0.9431283473968506, 0.9511704444885254];[0.03230096027255058, 0.041055016219615936, 0.040599606931209564, 0.03817649930715561, 0.034921057522296906, 0.04206026718020439, 0.04332045093178749, 0.06402074545621872, 0.06954818964004517, 0.09131679683923721, 0.1070873960852623, 0.10770906507968903, 0.12086721509695053, 0.09806651622056961, 0.10074125975370407, 0.111455038189888, 0.12142106890678406, 0.13642233610153198, 0.1641954481601715, 0.20099720358848572, 0.2106698453426361, 0.2082303911447525, 0.20935221016407013, 0.20661069452762604, 0.20580197870731354, 0.22821538150310516, 0.21139958500862122, 0.24601373076438904, 0.24835242331027985, 0.24605010449886322, 0.24957986176013947];[-0.818899393081665, -0.844217836856842, -0.8386991620063782, -0.8305747509002686, -0.8244063854217529, -0.8489189743995667, -0.8533299565315247, -0.918408215045929, -0.9369304180145264, -1.0048508644104004, -1.0709244012832642, -1.0891129970550537, -1.1579585075378418, -1.051872968673706, -1.0605658292770386, -1.0988891124725342, -1.1394182443618774, -1.177365779876709, -1.29338538646698, -1.496328353881836, -1.4521030187606812, -1.4739058017730713, -1.498154640197754, -1.4646871089935303, -1.4722071886062622, -1.5735969543457031, -1.4689464569091797, -1.6247167587280273, -1.6282825469970703, -1.6138943433761597, -1.7357909679412842];[0.4230111241340637, 0.435711532831192, 0.458743155002594, 0.4143376350402832, 0.4067801237106323, 0.4279583990573883, 0.4505164921283722, 0.5221974849700928, 0.5129446983337402, 0.5795650482177734, 0.5109725594520569, 0.5684882998466492, 0.5664717555046082, 0.5411446690559387, 0.5231057405471802, 0.5765663385391235, 0.4979515075683594, 0.5992581248283386, 0.2828041613101959, 0.0700627788901329, 0.03537740930914879, 0.02289246954023838, 0.01801295205950737, 0.015954775735735893, 0.016090312972664833, 0.013448708690702915, 0.011346329934895039, 0.01203032024204731, 0.012217416428029537, 0.008184966631233692]
4400;[0.7702599763870239, 0.7711761593818665, 0.8033965826034546, 0.8385363817214966, 0.8343130350112915, 0.8430604338645935, 0.8416100740432739, 0.8473562002182007, 0.8870797753334045, 0.9040955305099487, 0.9175368547439575, 0.9495664834976196, 0.9638326168060303, 0.9738873243331909, 0.9930209517478943, 1.0015426874160767, 0.9975714683532715, 1.0136240720748901, 1.0083746910095215, 0.9790794253349304, 0.9903059005737305, 1.017997145652771, 0.999991774559021, 1.0042778253555298, 0.9890101552009583, 1.0036594867706299, 1.000609278678894, 0.9912261962890625, 1.0185065269470215, 1.0103706121444702, 1.0160887241363525];[0.03421413153409958, 0.035256851464509964, 0.060387421399354935, 0.08890983462333679, 0.08619578182697296, 0.10603341460227966, 0.10457589477300644, 0.11624132096767426, 0.1699487268924713, 0.18801850080490112, 0.2127041071653366, 0.2496478408575058, 0.26650717854499817, 0.2750299572944641, 0.2935606837272644, 0.3037188649177551, 0.29393133521080017, 0.32149505615234375, 0.31678667664527893, 0.2841426432132721, 0.2960036098957062, 0.32233738899230957, 0.3095548450946808, 0.3092914819717407, 0.29764246940612793, 0.3080742657184601, 0.3083723187446594, 0.2948017418384552, 0.3286677300930023, 0.31844261288642883, 0.32253390550613403];[-0.8220859169960022, -0.8247295618057251, -0.9070702195167542, -1.0224474668502808, -0.9927976131439209, -1.0635360479354858, -1.0744565725326538, -1.0911352634429932, -1.2651691436767578, -1.3905268907546997, -1.4327682256698608, -1.5907484292984009, -1.6620575189590454, -1.7386034727096558, -1.838142991065979, -1.8666939735412598, -1.9074963331222534, -1.895984172821045, -1.857887625694275, -1.756481647491455, -1.7937145233154297, -1.948614239692688, -1.8131489753723145, -1.8743581771850586, -1.7750400304794312, -1.8745012283325195, -1.8420538902282715, -1.8399553298950195, -1.9214882850646973, -1.8715527057647705, -1.9265613555908203];[0.43358978629112244, 0.4430483877658844, 0.4610344171524048, 0.39487895369529724, 0.39009740948677063, 0.353515088558197, 0.2862604558467865, 0.261025607585907, 0.16637253761291504, 0.13893264532089233, 0.09687945991754532, 0.06630132347345352, 0.03824089840054512, 0.02455625683069229, 0.01904495619237423, 0.01376959215849638, 0.012315784581005573, 0.0070752729661762714, 0.005176621023565531, 0.007864939980208874, 0.004712656605988741, 0.0033716275356709957, 0.003127716714516282, 0.003560996148735285, 0.0028496335726231337, 0.0022517975885421038, 0.0030443407595157623, 0.006222266238182783, 0.002107159933075309, 0.002794200787320733]
4450;[0.773384153842926, 0.773788332939148, 0.7791668772697449, 0.7970280051231384, 0.7940494418144226, 0.8272658586502075, 0.8288271427154541, 0.8694456815719604, 0.9276005625724792, 0.9506033658981323, 0.9726572036743164, 0.9565834999084473, 0.9616553783416748, 0.9911088347434998, 1.0025036334991455, 0.999216616153717, 0.9871611595153809, 1.0104013681411743, 1.0053704977035522, 1.0086919069290161, 0.9867119193077087, 0.999032199382782, 1.0300612449645996, 0.9820371270179749, 0.9978265166282654, 1.0051358938217163, 1.0031245946884155, 1.0048757791519165, 1.0243825912475586, 1.0011889934539795, 1.019700050354004];[0.03670812398195267, 0.036710795015096664, 0.038676124066114426, 0.0439448319375515, 0.0411556176841259, 0.07776164263486862, 0.09279751777648926, 0.14846673607826233, 0.22147071361541748, 0.247848778963089, 0.2727435529232025, 0.25705981254577637, 0.26597580313682556, 0.2946085035800934, 0.30773022770881653, 0.3083868622779846, 0.2950277626514435, 0.31487879157066345, 0.3131957948207855, 0.310639888048172, 0.2955452799797058, 0.305851012468338, 0.33246710896492004, 0.2884385883808136, 0.3059642016887665, 0.3117007911205292, 0.31032755970954895, 0.30712786316871643, 0.3306520879268646, 0.3106798827648163, 0.32688435912132263];[-0.8316198587417603, -0.8292867541313171, -0.8364943861961365, -0.8605941534042358, -0.8472967743873596, -0.9830379486083984, -1.016240119934082, -1.2050114870071411, -1.5098559856414795, -1.623992681503296, -1.7415106296539307, -1.6753815412521362, -1.6673898696899414, -1.8156449794769287, -1.8589876890182495, -1.8316999673843384, -1.7722485065460205, -1.9116594791412354, -1.8617507219314575, -1.9158824682235718, -1.7744816541671753, -1.8461376428604126, -2.0181047916412354, -1.7418287992477417, -1.8327316045761108, -1.8676645755767822, -1.8621538877487183, -1.8927041292190552, -1.9646879434585571, -1.838794469833374, -1.9582430124282837];[0.43171077966690063, 0.4321140646934509, 0.42738965153694153, 0.37509384751319885, 0.413953572511673, 0.367760568857193, 0.30842894315719604, 0.2524784803390503, 0.1310962289571762, 0.06728236377239227, 0.03624467924237251, 0.019455991685390472, 0.011338653042912483, 0.007770492695271969, 0.0053923302330076694, 0.0035960173700004816, 0.0039213490672409534, 0.002137012779712677, 0.001960963709279895, 0.0015995025169104338, 0.0008951181662268937, 0.000613831973168999, 0.0005138447741046548, 0.00042671142728067935, 0.0003427594783715904, 0.00033455007360316813, 0.00035421716165728867, 0.0002445742138661444, 0.00028813170501962304, 0.00025249720783904195]
4500;[0.7799035906791687, 0.7762202620506287, 0.7716218829154968, 0.7734924554824829, 0.7769624590873718, 0.7723559737205505, 0.7718508839607239, 0.7810026407241821, 0.7929598093032837, 0.799594521522522, 0.832831621170044, 0.8036924004554749, 0.7959753274917603, 0.8041719198226929, 0.8138536810874939, 0.8205972909927368, 0.8152549266815186, 0.8213980197906494, 0.8156611919403076, 0.8298197388648987, 0.8208154439926147, 0.8558017015457153, 0.8555746078491211, 0.877694308757782, 0.8914342522621155, 0.890619158744812, 0.9187989830970764, 0.9183868169784546, 0.9067681431770325, 0.9233089685440063, 0.9225574731826782];[0.04227187857031822, 0.036332663148641586, 0.03681904450058937, 0.032168008387088776, 0.0330527201294899, 0.03119858168065548, 0.02790229767560959, 0.04124877229332924, 0.05501966178417206, 0.06680264323949814, 0.09016969054937363, 0.06808560341596603, 0.0606638565659523, 0.07355117797851562, 0.08079029619693756, 0.084525465965271, 0.0807529091835022, 0.09282470494508743, 0.08938256651163101, 0.10098394006490707, 0.10113036632537842, 0.13867323100566864, 0.1497349888086319, 0.1717105209827423, 0.1834687888622284, 0.18900452554225922, 0.2167445719242096, 0.21621382236480713, 0.20712974667549133, 0.22468410432338715, 0.22558297216892242];[-0.8445484042167664, -0.8307920694351196, -0.8325287103652954, -0.8162392377853394, -0.8206981420516968, -0.8118551969528198, -0.806710958480835, -0.8489855527877808, -0.8927517533302307, -0.9385696649551392, -1.0372896194458008, -0.9392048120498657, -0.9189528226852417, -0.9568896293640137, -0.9802529811859131, -0.9835942387580872, -0.9648413062095642, -1.0229872465133667, -1.0038251876831055, -1.040263295173645, -1.04061758518219, -1.227534532546997, -1.223116397857666, -1.3279619216918945, -1.4084060192108154, -1.3829768896102905, -1.5202279090881348, -1.5163687467575073, -1.4572923183441162, -1.5163891315460205, -1.5050736665725708];[0.4468455910682678, 0.4536277949810028, 0.4496716260910034, 0.44560882449150085, 0.4065530002117157, 0.43347275257110596, 0.44541531801223755, 0.48664239048957825, 0.5380333065986633, 0.5309597849845886, 0.6087681651115417, 0.4932873547077179, 0.4713837802410126, 0.4753197133541107, 0.4747532308101654, 0.49732285737991333, 0.5632660984992981, 0.5504669547080994, 0.580083966255188, 0.59552001953125, 0.6274420619010925, 0.2769407331943512, 0.2191721647977829, 0.15966281294822693, 0.12870869040489197, 0.11875966936349869, 0.1188482940196991, 0.11647459864616394, 0.10886597633361816, 0.09486478567123413]
4550;[0.77451491355896, 0.775855541229248, 0.7679057717323303, 0.7828769683837891, 0.7799381613731384, 0.8064112663269043, 0.8242847323417664, 0.810341477394104, 0.8175435662269592, 0.8164399266242981, 0.8174943327903748, 0.8344619870185852, 0.8387448191642761, 0.8612980842590332, 0.8659858107566833, 0.8885423541069031, 0.9005797505378723, 0.9192560911178589, 0.9170700907707214, 0.9304907321929932, 0.950091540813446, 0.954063892364502, 0.9811969995498657, 0.9644448757171631, 0.9682798981666565, 0.989642858505249, 0.9840814471244812, 0.9824668169021606, 0.9998610615730286, 1.0026146173477173, 1.0038312673568726];[0.03537604957818985, 0.04233824834227562, 0.031940776854753494, 0.037598710507154465, 0.03256824612617493, 0.05035847797989845, 0.06793161481618881, 0.057336580008268356, 0.06471453607082367, 0.06535615026950836, 0.06634386628866196, 0.0835346058011055, 0.1005098968744278, 0.1305610090494156, 0.14565901458263397, 0.17118901014328003, 0.18946820497512817, 0.2109738141298294, 0.2115156352519989, 0.22716519236564636, 0.24615339934825897, 0.2567276060581207, 0.2824859023094177, 0.26523926854133606, 0.27287063002586365, 0.29390883445739746, 0.2897473871707916, 0.28186532855033875, 0.3039762079715729, 0.3082732558250427, 0.3079296946525574];[-0.8261992931365967, -0.8485043048858643, -0.8169077038764954, -0.8361116051673889, -0.8185732960700989, -0.8749036192893982, -0.9261205792427063, -0.8932850360870361, -0.9283692240715027, -0.9356349110603333, -0.9336218237876892, -1.004661202430725, -1.0546380281448364, -1.1960935592651367, -1.1991544961929321, -1.2999387979507446, -1.3651742935180664, -1.4730230569839478, -1.4489918947219849, -1.5179486274719238, -1.6418732404708862, -1.6156071424484253, -1.7765799760818481, -1.682648777961731, -1.6930255889892578, -1.785225749015808, -1.7618796825408936, -1.801988124847412, -1.8294768333435059, -1.8547354936599731, -1.8868153095245361];[0.42387455701828003, 0.4506670832633972, 0.4283209443092346, 0.4158802628517151, 0.39537397027015686, 0.3297865092754364, 0.34434524178504944, 0.3377464711666107, 0.33665868639945984, 0.3134179413318634, 0.3460032641887665, 0.3178454637527466, 0.2858520746231079, 0.22844628989696503, 0.23453491926193237, 0.18191730976104736, 0.16846150159835815, 0.12302123755216599, 0.09149929881095886, 0.08422426879405975, 0.057300690561532974, 0.04343324527144432, 0.0289674811065197, 0.022939972579479218, 0.016396725550293922, 0.01644902303814888, 0.012982519343495369, 0.010326067917048931, 0.008464144542813301, 0.009444399736821651]
4600;[0.7703679800033569, 0.8313491344451904, 0.8541001081466675, 0.8549138307571411, 0.8868609666824341, 0.9328866004943848, 0.9556294083595276, 0.9677022695541382, 0.9865929484367371, 0.9757245779037476, 0.9942880868911743, 0.9851788282394409, 1.0064194202423096, 0.989100992679596, 0.9952648878097534, 0.9932358264923096, 0.9829735159873962, 0.9937083125114441, 0.9892867803573608, 1.0013279914855957, 1.0047849416732788, 0.9837828874588013, 1.014797568321228, 0.9910643100738525, 0.9905363321304321, 1.0099838972091675, 1.0148844718933105, 0.9807568788528442, 1.0071125030517578, 0.9983354806900024, 1.0115774869918823];[0.032315317541360855, 0.08741547912359238, 0.11450930684804916, 0.12251783907413483, 0.17125363647937775, 0.23368611931800842, 0.2604213058948517, 0.2701173722743988, 0.29118242859840393, 0.28236836194992065, 0.30312472581863403, 0.2876327633857727, 0.3086235523223877, 0.2938680946826935, 0.3024895191192627, 0.29831889271736145, 0.29177993535995483, 0.2996319830417633, 0.29542475938796997, 0.30755817890167236, 0.31038084626197815, 0.29164811968803406, 0.32322388887405396, 0.29779374599456787, 0.29614782333374023, 0.3156364858150482, 0.3196675181388855, 0.28813332319259644, 0.3133908212184906, 0.30681151151657104, 0.31900909543037415];[-0.8186097741127014, -1.008386492729187, -1.1342839002609253, -1.1519392728805542, -1.3224374055862427, -1.53450345993042, -1.6524603366851807, -1.7233622074127197, -1.7991334199905396, -1.7239516973495483, -1.8045122623443604, -1.7919338941574097, -1.9039936065673828, -1.8015249967575073, -1.8149917125701904, -1.8070151805877686, -1.759271264076233, -1.8269630670547485, -1.8030308485031128, -1.8521229028701782, -1.8744621276855469, -1.7864558696746826, -1.9012449979782104, -1.8041177988052368, -1.8199622631072998, -1.9056618213653564, -1.9361555576324463, -1.7436312437057495, -1.9028323888778687, -1.829209804534912, -1.8948217630386353];[0.43364378809928894, 0.427151083946228, 0.4475712478160858, 0.41227540373802185, 0.3572096526622772, 0.20064668357372284, 0.06579245626926422, 0.02471059001982212, 0.013739451766014099, 0.0055578905157744884, 0.0030108201317489147, 0.0018403324065729976, 0.0015773207414895296, 0.0011298743775114417, 0.0010636838851496577, 0.0011019122321158648, 0.0009201811044476926, 0.0008781941141933203, 0.0006667319685220718, 0.0007110846345312893, 0.0005373138701543212, 0.0004206201119814068, 0.00039276399184018373, 0.00034190379665233195, 0.0004343903565313667, 0.0003253836475778371, 0.00033627645461820066, 0.0003054313419852406, 0.0002536064712330699, 0.00029986619483679533]
4650;[0.7690682411193848, 0.7704346179962158, 0.7735750079154968, 0.7848127484321594, 0.7982828617095947, 0.78440260887146, 0.7945457696914673, 0.7905580997467041, 0.790118932723999, 0.7788708209991455, 0.7955376505851746, 0.7958382964134216, 0.785984218120575, 0.7831071615219116, 0.7784401774406433, 0.7796128988265991, 0.7888475060462952, 0.7853156328201294, 0.7825111746788025, 0.7881694436073303, 0.7846987843513489, 0.7947714924812317, 0.7901401519775391, 0.8072553873062134, 0.8139646053314209, 0.819851279258728, 0.8200764060020447, 0.8496142029762268, 0.8424643278121948, 0.8410524129867554, 0.8581876158714294];[0.03358170762658119, 0.028535449877381325, 0.029240036383271217, 0.03704474866390228, 0.047050416469573975, 0.03808242082595825, 0.0455896221101284, 0.04324081167578697, 0.038628753274679184, 0.03272266313433647, 0.05013260245323181, 0.054168518632650375, 0.04660115763545036, 0.04760153964161873, 0.04786542057991028, 0.05437438562512398, 0.06520073115825653, 0.06157143786549568, 0.06389955431222916, 0.06728161126375198, 0.06729291379451752, 0.0771859809756279, 0.07264231890439987, 0.09167449176311493, 0.098977230489254, 0.10852357745170593, 0.10855919122695923, 0.13929146528244019, 0.1378604918718338, 0.13583415746688843, 0.15420398116111755];[-0.8208686709403992, -0.8068118095397949, -0.8145797252655029, -0.829912543296814, -0.8665036559104919, -0.8291484117507935, -0.854051411151886, -0.8414226174354553, -0.8478400111198425, -0.8514370322227478, -0.8627290725708008, -0.8876883387565613, -0.8677168488502502, -0.86495441198349, -0.8707892298698425, -0.8961973786354065, -0.9351953268051147, -0.9422421455383301, -0.9403222799301147, -0.9499130249023438, -0.953248918056488, -0.9918928146362305, -0.9593446254730225, -1.0198872089385986, -1.0750629901885986, -1.0785164833068848, -1.1012803316116333, -1.2685537338256836, -1.1998721361160278, -1.192660927772522, -1.2896430492401123];[0.4414600729942322, 0.4434804320335388, 0.4011669456958771, 0.39618363976478577, 0.3690824806690216, 0.34785908460617065, 0.3227778673171997, 0.32662105560302734, 0.3320505917072296, 0.3515625596046448, 0.32578349113464355, 0.3933512568473816, 0.4174254834651947, 0.4105091392993927, 0.45014649629592896, 0.5300648808479309, 0.5657517910003662, 0.5832560062408447, 0.5588306188583374, 0.5913174748420715, 0.4774323105812073, 0.49515947699546814, 0.519264280796051, 0.33374735713005066, 0.334164023399353, 0.3075837790966034, 0.35513973236083984, 0.29700905084609985, 0.2629658877849579, 0.2150501012802124]
4700;[0.7789782881736755, 0.7751055955886841, 0.776295006275177, 0.7964639067649841, 0.7951391339302063, 0.8103093504905701, 0.8157966732978821, 0.8243721127510071, 0.8280061483383179, 0.8234590888023376, 0.8171563148498535, 0.816736102104187, 0.8106597661972046, 0.8052736520767212, 0.8098254203796387, 0.8126264810562134, 0.8323895931243896, 0.8254425525665283, 0.8356565237045288, 0.8434655070304871, 0.8575037717819214, 0.8773924708366394, 0.8873554468154907, 0.931288480758667, 0.9488218426704407, 0.9575843214988708, 0.9910847544670105, 0.9840922355651855, 0.961757242679596, 0.9606285691261292, 0.9936773180961609];[0.039683349430561066, 0.03437232971191406, 0.032442606985569, 0.04608272388577461, 0.045407310128211975, 0.057526346296072006, 0.06217604875564575, 0.06775248795747757, 0.07641616463661194, 0.07324086129665375, 0.07178898900747299, 0.06894642114639282, 0.07389723509550095, 0.06578761339187622, 0.06598290801048279, 0.07380381226539612, 0.09689255058765411, 0.08831817656755447, 0.10277756303548813, 0.10811074823141098, 0.12824413180351257, 0.1513148993253708, 0.16756471991539001, 0.2196170687675476, 0.24337822198867798, 0.25172159075737, 0.2867427468299866, 0.28292688727378845, 0.2660102844238281, 0.264137864112854, 0.29291078448295593];[-0.8379944562911987, -0.8236591219902039, -0.8189958930015564, -0.8556695580482483, -0.8583856225013733, -0.8995620012283325, -0.9028648138046265, -0.9233830571174622, -0.9615685343742371, -0.9329973459243774, -0.9514559507369995, -0.9531331062316895, -0.9717445969581604, -0.9417334794998169, -0.9344220757484436, -0.9667804837226868, -1.0576908588409424, -1.0093812942504883, -1.0659515857696533, -1.1031498908996582, -1.1702829599380493, -1.2454506158828735, -1.2905998229980469, -1.47664475440979, -1.5640275478363037, -1.6160951852798462, -1.8079677820205688, -1.7541368007659912, -1.620168685913086, -1.6396664381027222, -1.8241990804672241];[0.4151325225830078, 0.45610693097114563, 0.38735195994377136, 0.3908919394016266, 0.4066463112831116, 0.38440850377082825, 0.372700035572052, 0.3785126507282257, 0.38288018107414246, 0.4232977628707886, 0.4810630977153778, 0.5508891344070435, 0.5472402572631836, 0.5625549554824829, 0.5917780995368958, 0.5832674503326416, 0.636236310005188, 0.6346015334129333, 0.5367493033409119, 0.4355776906013489, 0.3844551146030426, 0.3163456916809082, 0.23989249765872955, 0.16481560468673706, 0.11486302316188812, 0.08974889665842056, 0.0687456950545311, 0.06128572300076485, 0.047041334211826324, 0.03737741336226463]
4750;[0.7794287800788879, 0.8035987019538879, 0.8076194524765015, 0.8757843375205994, 0.8803495168685913, 0.9052778482437134, 0.9676029086112976, 0.9668771028518677, 0.9713620543479919, 1.0020052194595337, 0.9947733283042908, 0.9960770606994629, 0.9737853407859802, 0.9812207221984863, 0.9957995414733887, 1.0100194215774536, 0.9975579380989075, 1.0114842653274536, 0.9941145777702332, 1.000504970550537, 0.9965154528617859, 1.0024007558822632, 0.9929999709129333, 1.0056352615356445, 1.0071898698806763, 1.015260100364685, 1.0121850967407227, 1.0058014392852783, 0.9935171008110046, 1.0377020835876465, 1.0219969749450684];[0.041733283549547195, 0.0568222813308239, 0.06519050151109695, 0.15722016990184784, 0.16968514025211334, 0.19972623884677887, 0.2670007646083832, 0.2716330587863922, 0.27382248640060425, 0.2969234883785248, 0.2977398633956909, 0.2986191511154175, 0.2769508957862854, 0.2854154109954834, 0.3023073673248291, 0.3151061236858368, 0.3035265803337097, 0.31852272152900696, 0.29746735095977783, 0.3067813813686371, 0.3030056059360504, 0.3065621554851532, 0.29896023869514465, 0.3168535828590393, 0.3096507787704468, 0.3208044767379761, 0.31622985005378723, 0.3075132966041565, 0.3004196882247925, 0.3448908030986786, 0.32983139157295227];[-0.8518840670585632, -0.897753119468689, -0.9254441857337952, -1.2495146989822388, -1.3107999563217163, -1.4256844520568848, -1.7019665241241455, -1.6653766632080078, -1.7087396383285522, -1.918147325515747, -1.8315303325653076, -1.8157830238342285, -1.7222543954849243, -1.7454044818878174, -1.8135724067687988, -1.9003875255584717, -1.838188648223877, -1.8866333961486816, -1.831319808959961, -1.8352259397506714, -1.8250969648361206, -1.8631999492645264, -1.79770028591156, -1.8492501974105835, -1.9125200510025024, -1.9266995191574097, -1.9359445571899414, -1.8975520133972168, -1.8040090799331665, -2.038438558578491, -1.9446752071380615];[0.4377584457397461, 0.40356114506721497, 0.3379835784435272, 0.319297730922699, 0.19931168854236603, 0.11139249056577682, 0.060890160501003265, 0.038946378976106644, 0.02638857439160347, 0.021702392026782036, 0.01736539602279663, 0.014349631033837795, 0.012806529179215431, 0.009497357532382011, 0.009406658820807934, 0.01006298791617155, 0.0049385796301066875, 0.005179424770176411, 0.0044417246244847775, 0.004259228706359863, 0.00496590556576848, 0.0036736144684255123, 0.0032118067611008883, 0.003368356032297015, 0.0031477767042815685, 0.0024980385787785053, 0.0026263927575200796, 0.0028324963059276342, 0.0021186077501624823, 0.0019800635054707527]
4800;[0.7742926478385925, 0.768936276435852, 0.7919749617576599, 0.8240880370140076, 0.8601235151290894, 0.8851009011268616, 0.9037408828735352, 0.9166585803031921, 0.928671658039093, 0.945803701877594, 0.9504803419113159, 0.969674289226532, 0.9562934041023254, 0.9544224143028259, 0.9684074521064758, 0.9642044901847839, 0.9705905914306641, 0.9826862215995789, 1.0042346715927124, 0.9856618046760559, 0.9854251742362976, 0.9833105206489563, 0.9841592311859131, 0.9875919818878174, 1.0011107921600342, 0.986769437789917, 0.9976363182067871, 1.0064289569854736, 1.0117818117141724, 0.9892868399620056, 0.9952229857444763];[0.03619750961661339, 0.027421867474913597, 0.0383647195994854, 0.08450940996408463, 0.139327734708786, 0.17329294979572296, 0.20128507912158966, 0.21242648363113403, 0.2278631627559662, 0.2477082759141922, 0.24566763639450073, 0.268257200717926, 0.2598475515842438, 0.25721532106399536, 0.27275311946868896, 0.26993176341056824, 0.2751031517982483, 0.28744128346443176, 0.30611470341682434, 0.2869196832180023, 0.29240670800209045, 0.2863389551639557, 0.2846047878265381, 0.2942478656768799, 0.3093187212944031, 0.2940104305744171, 0.3039025068283081, 0.3124973773956299, 0.3140174448490143, 0.29315102100372314, 0.298735648393631];[-0.8328568935394287, -0.8073496222496033, -0.8297314643859863, -0.9648175835609436, -1.150873064994812, -1.3004428148269653, -1.3821943998336792, -1.4767051935195923, -1.5160324573516846, -1.5823901891708374, -1.6597040891647339, -1.723281741142273, -1.638213872909546, -1.6358987092971802, -1.6925442218780518, -1.6667296886444092, -1.7161920070648193, -1.7701340913772583, -1.9038790464401245, -1.8039112091064453, -1.7692224979400635, -1.7858335971832275, -1.814650058746338, -1.7844114303588867, -1.842074990272522, -1.7741442918777466, -1.8330199718475342, -1.8803014755249023, -1.9391735792160034, -1.8180590867996216, -1.832369327545166];[0.42471617460250854, 0.43349379301071167, 0.3719048500061035, 0.29194438457489014, 0.18835961818695068, 0.1500716358423233, 0.09924456477165222, 0.07080236822366714, 0.04989001154899597, 0.04180627316236496, 0.03384066000580788, 0.029392872005701065, 0.023217925801873207, 0.017882028594613075, 0.018897203728556633, 0.015191546641290188, 0.011538108810782433, 0.01133117638528347, 0.008845074102282524, 0.010303531773388386, 0.005681152455508709, 0.004723348189145327, 0.004725453909486532, 0.0035720858722925186, 0.0030323381070047617, 0.0030944342724978924, 0.002796395216137171, 0.003045753575861454, 0.002491321647539735, 0.002585770795121789]
4850;[0.7771209478378296, 0.7800112366676331, 0.778928816318512, 0.7784723043441772, 0.8083778023719788, 0.8510095477104187, 0.880088746547699, 0.9176910519599915, 0.9750784039497375, 0.9630222320556641, 0.965010941028595, 0.9818511605262756, 0.9733815789222717, 0.9897158145904541, 1.0233491659164429, 1.010851263999939, 1.01350736618042, 1.0191518068313599, 1.0144009590148926, 0.986406683921814, 1.0033783912658691, 1.0093097686767578, 1.0227186679840088, 1.001450538635254, 1.0296452045440674, 1.0210511684417725, 1.0256351232528687, 0.9948875904083252, 1.0083180665969849, 1.00539231300354, 1.0214015245437622];[0.03999890014529228, 0.03454742580652237, 0.02808353677392006, 0.03305778279900551, 0.07223799079656601, 0.12754496932029724, 0.16755948960781097, 0.2102571576833725, 0.26941636204719543, 0.26413559913635254, 0.2696693241596222, 0.28725194931030273, 0.282358318567276, 0.29668471217155457, 0.3268241584300995, 0.31948453187942505, 0.3164432644844055, 0.32568326592445374, 0.3227815330028534, 0.29449573159217834, 0.30859512090682983, 0.317400723695755, 0.33014845848083496, 0.3050572872161865, 0.33774206042289734, 0.32669058442115784, 0.32999974489212036, 0.29817748069763184, 0.31788370013237, 0.3123752772808075, 0.3299301564693451];[-0.8417781591415405, -0.8246530294418335, -0.8058220148086548, -0.8192989230155945, -0.9373180270195007, -1.163818120956421, -1.2551937103271484, -1.4302898645401, -1.7433804273605347, -1.6465357542037964, -1.6623936891555786, -1.7338656187057495, -1.6922223567962646, -1.7837992906570435, -1.9661163091659546, -1.886831283569336, -1.9389106035232544, -1.9437724351882935, -1.8997517824172974, -1.7635024785995483, -1.8698065280914307, -1.8758385181427002, -1.945887565612793, -1.8718205690383911, -1.990097165107727, -1.9421263933181763, -1.9895890951156616, -1.8232197761535645, -1.8571114540100098, -1.8646076917648315, -1.9281238317489624];[0.43688255548477173, 0.41725313663482666, 0.38203999400138855, 0.3731478750705719, 0.3237469792366028, 0.2593592405319214, 0.18401578068733215, 0.12324198335409164, 0.06580934673547745, 0.0388944074511528, 0.020826978608965874, 0.015894122421741486, 0.012538355775177479, 0.01220044307410717, 0.01152278482913971, 0.0047252364456653595, 0.00523817352950573, 0.004555239342153072, 0.0027055705431848764, 0.0027374224737286568, 0.0017083443235605955, 0.003008255735039711, 0.0011449706507846713, 0.001209328998811543, 0.0021024176385253668, 0.0005701365298591554, 0.001061391201801598, 0.0008885193965397775, 0.0007180637330748141, 0.0006192385917529464]
4900;[0.7751725316047668, 0.7767314910888672, 0.7761628031730652, 0.7757723927497864, 0.7742921113967896, 0.7910091876983643, 0.8018745183944702, 0.8021884560585022, 0.8239814043045044, 0.809750497341156, 0.8116032481193542, 0.8289663195610046, 0.8423583507537842, 0.8612467646598816, 0.8770378232002258, 0.8906110525131226, 0.9237491488456726, 0.9226006865501404, 0.9296490550041199, 0.9571496248245239, 0.9582391381263733, 0.9404529929161072, 0.9538511633872986, 0.9746429324150085, 0.9463925361633301, 0.9652690887451172, 0.967689037322998, 0.9659267663955688, 0.992290735244751, 0.9991219639778137, 0.9762716889381409];[0.03560052067041397, 0.03884906694293022, 0.0347464382648468, 0.03300216794013977, 0.03458890691399574, 0.0488097220659256, 0.05438867583870888, 0.05444135144352913, 0.07564109563827515, 0.07362104952335358, 0.08275411278009415, 0.1055283397436142, 0.12686629593372345, 0.15120507776737213, 0.17179375886917114, 0.1871694177389145, 0.2246948480606079, 0.22508041560649872, 0.23191387951374054, 0.2588755488395691, 0.2616972327232361, 0.24545800685882568, 0.2540090084075928, 0.2783026099205017, 0.2530946731567383, 0.2596377730369568, 0.27434083819389343, 0.2704455256462097, 0.29888683557510376, 0.3046320974826813, 0.2834443747997284];[-0.8262383341789246, -0.8368671536445618, -0.8235118389129639, -0.8213213086128235, -0.8364108800888062, -0.8696334362030029, -0.8873087763786316, -0.8948582410812378, -0.9871545433998108, -0.9572869539260864, -0.9891104698181152, -1.0855799913406372, -1.152084231376648, -1.2446372509002686, -1.2973679304122925, -1.3775596618652344, -1.5270459651947021, -1.5178048610687256, -1.5447553396224976, -1.6935068368911743, -1.6764321327209473, -1.5811567306518555, -1.6782389879226685, -1.752569556236267, -1.594592571258545, -1.7651203870773315, -1.6855344772338867, -1.6858841180801392, -1.824636459350586, -1.8520902395248413, -1.7254506349563599];[0.44518712162971497, 0.4206699728965759, 0.4394727945327759, 0.4308328628540039, 0.43183305859565735, 0.4186773896217346, 0.40826308727264404, 0.41373178362846375, 0.464534729719162, 0.47451019287109375, 0.50586998462677, 0.4962891638278961, 0.34274622797966003, 0.286586195230484, 0.23488830029964447, 0.1469871997833252, 0.07586722075939178, 0.042612962424755096, 0.027901336550712585, 0.023644741624593735, 0.012464160099625587, 0.011625928804278374, 0.0077344938181340694, 0.006708882283419371, 0.00611624913290143, 0.0057551320642232895, 0.0044327666983008385, 0.002279337029904127, 0.0017828712007030845, 0.0010566998971626163]
4950;[0.7709441184997559, 0.789720892906189, 0.8064621686935425, 0.8243756294250488, 0.8536709547042847, 0.8510510325431824, 0.8872203230857849, 0.9108952283859253, 0.9393897652626038, 0.9813631772994995, 0.9811068773269653, 0.9875891804695129, 0.9911543726921082, 1.0124682188034058, 0.9968557357788086, 1.0149099826812744, 0.9716519117355347, 0.9968852400779724, 1.003914475440979, 1.0056440830230713, 1.0216249227523804, 1.0093618631362915, 1.0232139825820923, 1.0096535682678223, 1.0116654634475708, 0.9969515204429626, 0.990612804889679, 1.0246362686157227, 1.0107861757278442, 1.0083589553833008, 1.0116106271743774];[0.03529605641961098, 0.046551600098609924, 0.05943936109542847, 0.07506652176380157, 0.11223232746124268, 0.12154676765203476, 0.1689773052930832, 0.2014193832874298, 0.23740831017494202, 0.2762365937232971, 0.28133222460746765, 0.2921862304210663, 0.2909213602542877, 0.3163968622684479, 0.2991202175617218, 0.32041215896606445, 0.27619022130966187, 0.3026799261569977, 0.3099597990512848, 0.30827203392982483, 0.3250054717063904, 0.31678277254104614, 0.32974138855934143, 0.3161526024341583, 0.3167269825935364, 0.3044946491718292, 0.29506850242614746, 0.32962772250175476, 0.31877243518829346, 0.31651103496551514, 0.3187301456928253];[-0.829927384853363, -0.8651618361473083, -0.9046974778175354, -0.9577279090881348, -1.0928045511245728, -1.1159002780914307, -1.304174542427063, -1.4138476848602295, -1.5465182065963745, -1.7848659753799438, -1.769651174545288, -1.787691593170166, -1.8419392108917236, -1.9050849676132202, -1.84091317653656, -1.9027718305587769, -1.697278618812561, -1.8411431312561035, -1.8548686504364014, -1.8817429542541504, -1.9650319814682007, -1.878129243850708, -1.9556108713150024, -1.8846850395202637, -1.9128915071487427, -1.8140395879745483, -1.8071092367172241, -1.9590049982070923, -1.8908194303512573, -1.8716628551483154, -1.8930871486663818];[0.4287530779838562, 0.42646992206573486, 0.4078328609466553, 0.3752358853816986, 0.34926822781562805, 0.3270195424556732, 0.2627734839916229, 0.1707381010055542, 0.10361823439598083, 0.058246154338121414, 0.04123719036579132, 0.031508833169937134, 0.025736719369888306, 0.022081982344388962, 0.016624344512820244, 0.013782479800283909, 0.014533224515616894, 0.016502972692251205, 0.00854956079274416, 0.012491160072386265, 0.007463697809726, 0.0059155854396522045, 0.006667444482445717, 0.00493023544549942, 0.004870286677032709, 0.004767211619764566, 0.00605960376560688, 0.00659207534044981, 0.005647752899676561, 0.0032970302272588015]
5000;[0.773542046546936, 0.7747286558151245, 0.7938010096549988, 0.816436231136322, 0.8314669728279114, 0.8418172597885132, 0.8542107343673706, 0.8507620096206665, 0.8871395587921143, 0.9138832688331604, 0.9393449425697327, 0.9606896042823792, 0.9592744708061218, 0.9588997960090637, 0.9795849323272705, 0.9770476222038269, 0.9732478260993958, 0.9950844049453735, 1.0060337781906128, 0.9871624112129211, 0.9961169362068176, 1.0064482688903809, 0.9989666938781738, 0.9960457682609558, 1.0287460088729858, 1.0066109895706177, 1.0101996660232544, 1.0261276960372925, 1.0209288597106934, 1.0167852640151978, 1.0336647033691406];[0.03643457964062691, 0.03453393653035164, 0.04556417837738991, 0.06257946789264679, 0.08179058879613876, 0.10140325129032135, 0.11277339607477188, 0.12646660208702087, 0.17290453612804413, 0.21010588109493256, 0.2370413839817047, 0.26052311062812805, 0.2620109021663666, 0.2598952651023865, 0.28423142433166504, 0.2826595902442932, 0.2786000669002533, 0.29481130838394165, 0.3068881332874298, 0.2935216426849365, 0.3032940924167633, 0.30746179819107056, 0.30535271763801575, 0.30199435353279114, 0.33109503984451294, 0.3136720359325409, 0.31550511717796326, 0.33030715584754944, 0.3306118845939636, 0.32711899280548096, 0.3350602984428406];[-0.8297635316848755, -0.8220697641372681, -0.8515082001686096, -0.9027630686759949, -0.9665957093238831, -1.0327829122543335, -1.1246849298477173, -1.126751184463501, -1.3249378204345703, -1.44059419631958, -1.5859004259109497, -1.6811162233352661, -1.6730083227157593, -1.6802352666854858, -1.7635102272033691, -1.733767032623291, -1.7247087955474854, -1.8770099878311157, -1.917648434638977, -1.7803479433059692, -1.8228005170822144, -1.9180837869644165, -1.8373229503631592, -1.8313521146774292, -2.0222160816192627, -1.869971752166748, -1.908559799194336, -1.986913800239563, -1.931699514389038, -1.8991107940673828, -2.0409231185913086];[0.42446836829185486, 0.4264984726905823, 0.3984939455986023, 0.3704182207584381, 0.36119845509529114, 0.2834264934062958, 0.26012691855430603, 0.23981738090515137, 0.2048529088497162, 0.1519973874092102, 0.09700683504343033, 0.0639684796333313, 0.04748004674911499, 0.029833069071173668, 0.02113020233809948, 0.015386242419481277, 0.008931376039981842, 0.006466121878474951, 0.006031527183949947, 0.005361872725188732, 0.003510148962959647, 0.003315485781058669, 0.0024303130339831114, 0.002240147441625595, 0.0012763161212205887, 0.0007022962090559304, 0.0005799027276225388, 0.0004254590894561261, 0.0003695304912980646, 0.00031956390012055635]
