Seed;RMSE History;MMD History;Log-Likelihood History;Max EIG History;Deployment Time
50;[1.1691153049468994, 1.1692934036254883, 1.1762157678604126, 1.1975880861282349, 1.2082563638687134, 1.2130842208862305, 1.2159409523010254, 1.2031562328338623, 1.2006216049194336, 1.1958937644958496, 1.1851938962936401, 1.1913187503814697, 1.193260908126831, 1.1984047889709473, 1.1914409399032593, 1.1917870044708252, 1.1956048011779785, 1.1983495950698853, 1.1993099451065063, 1.2055357694625854, 1.2115925550460815, 1.2169727087020874, 1.2143226861953735, 1.2200438976287842, 1.201859951019287, 1.20371413230896, 1.2065534591674805, 1.1926372051239014, 1.2058484554290771, 1.1919138431549072, 1.2038424015045166];[0.09585244953632355, 0.09080854058265686, 0.08761908113956451, 0.10518661141395569, 0.11830015480518341, 0.12267176061868668, 0.12543612718582153, 0.11299464106559753, 0.10819312930107117, 0.10607638955116272, 0.10047628730535507, 0.1048508733510971, 0.10693515837192535, 0.11035498231649399, 0.1059190183877945, 0.10630619525909424, 0.10661088675260544, 0.10779029875993729, 0.11310320347547531, 0.1294037401676178, 0.13580866158008575, 0.1418599635362625, 0.14113809168338776, 0.14338596165180206, 0.1350233405828476, 0.13831016421318054, 0.14301489293575287, 0.12960989773273468, 0.14286936819553375, 0.13719765841960907, 0.1438928246498108];[-2.1586570739746094, -2.128359794616699, -2.038424491882324, -2.125859022140503, -2.2384283542633057, -2.2403366565704346, -2.2429587841033936, -2.15736985206604, -2.1350886821746826, -2.125162124633789, -2.0820560455322266, -2.0937845706939697, -2.10172176361084, -2.14471173286438, -2.125619888305664, -2.138249397277832, -2.1744110584259033, -2.1802501678466797, -2.2994778156280518, -2.4320461750030518, -2.5037364959716797, -2.580991744995117, -2.546111822128296, -2.5618107318878174, -2.502835273742676, -2.544468402862549, -2.5772705078125, -2.480806589126587, -2.6106512546539307, -2.5516645908355713, -2.5917739868164062];[0.4498543441295624, 0.41659998893737793, 0.36391139030456543, 0.33185648918151855, 0.2988455891609192, 0.30448445677757263, 0.2710717022418976, 0.2963259816169739, 0.30764493346214294, 0.31249794363975525, 0.2506740689277649, 0.2668749988079071, 0.25000229477882385, 0.25974491238594055, 0.2889585793018341, 0.30827271938323975, 0.31481504440307617, 0.32245126366615295, 0.44767817854881287, 0.5205185413360596, 0.44786280393600464, 0.5098756551742554, 0.4705992639064789, 0.5104007720947266, 0.5226660966873169, 0.5539897680282593, 0.6301908493041992, 0.6285737752914429, 0.5305964946746826, 0.514380156993866];1612.7106702327728
50;[1.6182197332382202, 1.6189028024673462, 1.625950813293457, 1.6487517356872559, 1.658873438835144, 1.6700873374938965, 1.6687424182891846, 1.6510004997253418, 1.6451976299285889, 1.6352704763412476, 1.6308057308197021, 1.6349306106567383, 1.636319875717163, 1.640903353691101, 1.6321109533309937, 1.6300480365753174, 1.629645586013794, 1.6253448724746704, 1.616945505142212, 1.632744312286377, 1.6276178359985352, 1.6427029371261597, 1.6399328708648682, 1.643726110458374, 1.6389740705490112, 1.6403666734695435, 1.6384660005569458, 1.636232614517212, 1.6411826610565186, 1.6450783014297485, 1.6359938383102417];[0.1960361897945404, 0.19253352284431458, 0.189487025141716, 0.2080717235803604, 0.22105395793914795, 0.22886201739311218, 0.22977568209171295, 0.21412189304828644, 0.20591047406196594, 0.20288531482219696, 0.20253868401050568, 0.2022739052772522, 0.20245866477489471, 0.2065308690071106, 0.2039419710636139, 0.20654872059822083, 0.21166296303272247, 0.2160361111164093, 0.2133161723613739, 0.2238001674413681, 0.22411730885505676, 0.22820647060871124, 0.2304467111825943, 0.2325555384159088, 0.22877348959445953, 0.23114699125289917, 0.23257125914096832, 0.22964897751808167, 0.23340460658073425, 0.23467609286308289, 0.23052100837230682];[-4.32171106338501, -4.245156764984131, -4.088491439819336, -4.298796653747559, -4.4768195152282715, -4.660000801086426, -4.612203598022461, -4.35659646987915, -4.288107872009277, -4.256928443908691, -4.247352123260498, -4.217196464538574, -4.2319536209106445, -4.285035610198975, -4.305797100067139, -4.427931308746338, -4.6209540367126465, -4.721789360046387, -4.736083030700684, -4.903120040893555, -4.9177374839782715, -5.008311748504639, -5.00199031829834, -5.040045738220215, -4.996359348297119, -5.060659885406494, -5.053705215454102, -5.036105155944824, -5.101691722869873, -5.108968257904053, -5.042257785797119];[0.4498543441295624, 0.4267663061618805, 0.3486914336681366, 0.3040409982204437, 0.2759976387023926, 0.22306901216506958, 0.22286227345466614, 0.24545058608055115, 0.2688557207584381, 0.3021412193775177, 0.3214419484138489, 0.30675411224365234, 0.28359007835388184, 0.258518785238266, 0.31802651286125183, 0.41929998993873596, 0.5151380896568298, 0.5217498540878296, 0.49724072217941284, 0.5178326964378357, 0.5164870619773865, 0.5062286853790283, 0.527864933013916, 0.32831019163131714, 0.4417274296283722, 0.5056681632995605, 0.5276884436607361, 0.43266963958740234, 0.4972672760486603, 0.6388278603553772];1564.9125247001648
100;[1.1636465787887573, 1.15371835231781, 1.168821930885315, 1.1759746074676514, 1.185787558555603, 1.1887990236282349, 1.1847846508026123, 1.1816411018371582, 1.1854479312896729, 1.1861193180084229, 1.2012583017349243, 1.2012159824371338, 1.2032475471496582, 1.206032395362854, 1.2076860666275024, 1.2105469703674316, 1.1991124153137207, 1.2104716300964355, 1.2100424766540527, 1.2173504829406738, 1.2291196584701538, 1.2491533756256104, 1.2414062023162842, 1.2542115449905396, 1.2428988218307495, 1.2477614879608154, 1.2542368173599243, 1.2533942461013794, 1.2563488483428955, 1.2564197778701782, 1.247666597366333];[0.09291034936904907, 0.09415816515684128, 0.0934554934501648, 0.10385756939649582, 0.10582061111927032, 0.10959018766880035, 0.09995856136083603, 0.09666768461465836, 0.1009799987077713, 0.10219983011484146, 0.11684084683656693, 0.11872787028551102, 0.12454172223806381, 0.13049465417861938, 0.13289345800876617, 0.13556578755378723, 0.12424685060977936, 0.1388162225484848, 0.13976497948169708, 0.1520387977361679, 0.15967749059200287, 0.17415694892406464, 0.1695106327533722, 0.17337751388549805, 0.17204929888248444, 0.1737373024225235, 0.18074262142181396, 0.17889359593391418, 0.18084846436977386, 0.17949779331684113, 0.1746310591697693];[-2.136005401611328, -2.158952474594116, -2.1356208324432373, -2.208611488342285, -2.2446956634521484, -2.2782256603240967, -2.184570074081421, -2.1519360542297363, -2.1865365505218506, -2.201974391937256, -2.374713182449341, -2.3598740100860596, -2.423736572265625, -2.459503650665283, -2.4842538833618164, -2.5058536529541016, -2.4060142040252686, -2.569537878036499, -2.543743133544922, -2.6699259281158447, -2.7317399978637695, -2.8587470054626465, -2.825458288192749, -3.0529494285583496, -2.8469598293304443, -2.8749353885650635, -2.9298107624053955, -2.926351547241211, -2.9450292587280273, -2.9743621349334717, -2.8951947689056396];[0.43560758233070374, 0.4600294828414917, 0.4231208562850952, 0.4494570195674896, 0.43375512957572937, 0.45073390007019043, 0.40833380818367004, 0.41482821106910706, 0.46669530868530273, 0.48079609870910645, 0.46651455760002136, 0.4924503564834595, 0.5360077023506165, 0.520007848739624, 0.5227017402648926, 0.5643997192382812, 0.5610206723213196, 0.4910680651664734, 0.38662996888160706, 0.3133232295513153, 0.1816774159669876, 0.1339969038963318, 0.11105969548225403, 0.1473911553621292, 0.1030467301607132, 0.07121755182743073, 0.05675458908081055, 0.058097224682569504, 0.053179558366537094, 0.051245324313640594];1581.4713819026947
100;[1.6148221492767334, 1.603476643562317, 1.6100741624832153, 1.6101696491241455, 1.6165416240692139, 1.6197880506515503, 1.6207387447357178, 1.6268510818481445, 1.6322894096374512, 1.6297608613967896, 1.648431658744812, 1.6424155235290527, 1.6477322578430176, 1.6521321535110474, 1.6532611846923828, 1.6548188924789429, 1.6515820026397705, 1.657687783241272, 1.6521103382110596, 1.6597150564193726, 1.6730743646621704, 1.6924906969070435, 1.6887203454971313, 1.7000410556793213, 1.6910698413848877, 1.6956652402877808, 1.6995151042938232, 1.6985324621200562, 1.6982662677764893, 1.7024726867675781, 1.6969832181930542];[0.19523769617080688, 0.20171955227851868, 0.1904551237821579, 0.18671832978725433, 0.1861141324043274, 0.18753796815872192, 0.18698543310165405, 0.19246351718902588, 0.19501730799674988, 0.1942732185125351, 0.2059575319290161, 0.2091464102268219, 0.21253348886966705, 0.21902897953987122, 0.2170991152524948, 0.21647018194198608, 0.21311622858047485, 0.22465987503528595, 0.22698770463466644, 0.2364661693572998, 0.24185040593147278, 0.2520197629928589, 0.2500009834766388, 0.25406938791275024, 0.25294315814971924, 0.253985732793808, 0.25718680024147034, 0.2564604878425598, 0.25619420409202576, 0.2571955621242523, 0.2556954026222229];[-4.304330825805664, -4.4653730392456055, -4.207428932189941, -4.063801288604736, -4.024439334869385, -4.00274658203125, -4.025121212005615, -4.119391918182373, -4.1688127517700195, -4.1787824630737305, -4.437837600708008, -4.510458469390869, -4.565463066101074, -4.715254783630371, -4.655049800872803, -4.625942230224609, -4.547227382659912, -4.8415398597717285, -4.8804612159729, -5.031039714813232, -5.163512229919434, -5.368272304534912, -5.346927165985107, -5.58089542388916, -5.390430450439453, -5.428599834442139, -5.469357013702393, -5.461493492126465, -5.4698638916015625, -5.530660629272461, -5.4770002365112305];[0.43560758233070374, 0.4702940881252289, 0.46169617772102356, 0.39016658067703247, 0.35881808400154114, 0.3793475925922394, 0.37364861369132996, 0.38664954900741577, 0.38649219274520874, 0.35861608386039734, 0.3805142045021057, 0.36980921030044556, 0.4319513738155365, 0.37605926394462585, 0.37180963158607483, 0.3811103403568268, 0.36217445135116577, 0.40708717703819275, 0.39369022846221924, 0.25326138734817505, 0.1622380167245865, 0.1085512712597847, 0.10062812268733978, 0.08235178142786026, 0.07690814137458801, 0.062152210623025894, 0.05669597163796425, 0.05268462374806404, 0.04828713834285736, 0.04399459809064865];1579.0547709465027
150;[1.1630229949951172, 1.1683979034423828, 1.1948580741882324, 1.220548391342163, 1.2453452348709106, 1.2517608404159546, 1.2820210456848145, 1.2856619358062744, 1.2342851161956787, 1.2529743909835815, 1.2257996797561646, 1.231948971748352, 1.2421036958694458, 1.2421411275863647, 1.234527587890625, 1.2170681953430176, 1.241512417793274, 1.2371973991394043, 1.2093504667282104, 1.2264851331710815, 1.2288322448730469, 1.2132498025894165, 1.2227983474731445, 1.2255715131759644, 1.2117339372634888, 1.229952335357666, 1.2346603870391846, 1.2126909494400024, 1.2319189310073853, 1.2203930616378784, 1.2299960851669312];[0.09222948551177979, 0.08772075176239014, 0.10410533845424652, 0.13049942255020142, 0.15164822340011597, 0.1602809727191925, 0.18659371137619019, 0.1857815682888031, 0.14989520609378815, 0.15699155628681183, 0.13923758268356323, 0.14347442984580994, 0.14889119565486908, 0.1496688723564148, 0.14344635605812073, 0.13283328711986542, 0.15193802118301392, 0.1433703899383545, 0.13187719881534576, 0.14477187395095825, 0.14564940333366394, 0.13948920369148254, 0.14572668075561523, 0.14805971086025238, 0.14239609241485596, 0.15765701234340668, 0.16410578787326813, 0.15162193775177002, 0.1649014800786972, 0.15766362845897675, 0.16322797536849976];[-2.1348283290863037, -2.0830636024475098, -2.2010209560394287, -2.3668994903564453, -2.5278635025024414, -2.5904431343078613, -2.814802408218384, -2.804147958755493, -2.4883430004119873, -2.5677733421325684, -2.4067158699035645, -2.4379587173461914, -2.460864543914795, -2.4606313705444336, -2.395052433013916, -2.3295371532440186, -2.4574167728424072, -2.464952230453491, -2.344393014907837, -2.4339683055877686, -2.423896074295044, -2.3785932064056396, -2.4663240909576416, -2.512763738632202, -2.4811298847198486, -2.730576276779175, -2.7975451946258545, -2.6778206825256348, -2.7988970279693604, -2.7362537384033203, -2.8226544857025146];[0.46959537267684937, 0.4163160026073456, 0.38639411330223083, 0.2827196419239044, 0.21323361992835999, 0.16374681890010834, 0.13157501816749573, 0.13912811875343323, 0.18816347420215607, 0.21062199771404266, 0.21318267285823822, 0.19815339148044586, 0.1854175627231598, 0.17208760976791382, 0.16343066096305847, 0.1789979785680771, 0.2140173614025116, 0.18873438239097595, 0.18165287375450134, 0.18070131540298462, 0.19924230873584747, 0.18068234622478485, 0.19677630066871643, 0.18129219114780426, 0.1894456297159195, 0.13799846172332764, 0.07318652421236038, 0.07469487935304642, 0.06631151586771011, 0.05741516873240471];1579.8611052036285
150;[1.6139203310012817, 1.6211484670639038, 1.6569486856460571, 1.6701959371566772, 1.6836562156677246, 1.6882296800613403, 1.7091152667999268, 1.71736478805542, 1.6887154579162598, 1.7109004259109497, 1.690805196762085, 1.6956316232681274, 1.7048641443252563, 1.7059708833694458, 1.7035136222839355, 1.6878341436386108, 1.7167832851409912, 1.7125245332717896, 1.6851987838745117, 1.6994030475616455, 1.709201693534851, 1.693017601966858, 1.7050449848175049, 1.7052441835403442, 1.6933826208114624, 1.7090637683868408, 1.7130074501037598, 1.6933642625808716, 1.7140867710113525, 1.7010172605514526, 1.7097111940383911];[0.1945616751909256, 0.19115209579467773, 0.21896801888942719, 0.23843815922737122, 0.24928240478038788, 0.25195956230163574, 0.26333490014076233, 0.26564010977745056, 0.25493043661117554, 0.26335322856903076, 0.2548098862171173, 0.257421612739563, 0.2612919211387634, 0.2621114253997803, 0.259573370218277, 0.25259724259376526, 0.26747313141822815, 0.2619762718677521, 0.25218597054481506, 0.2587202191352844, 0.26196032762527466, 0.2580878436565399, 0.2614315450191498, 0.2605932056903839, 0.25669145584106445, 0.26237690448760986, 0.26477935910224915, 0.25649505853652954, 0.2658640146255493, 0.26039761304855347, 0.2637467682361603];[-4.298182010650635, -4.231046676635742, -4.751052379608154, -5.134188175201416, -5.341464519500732, -5.426309585571289, -5.601438999176025, -5.673637390136719, -5.445236682891846, -5.627445220947266, -5.457982063293457, -5.504643440246582, -5.5714592933654785, -5.58864164352417, -5.5552077293396, -5.438138961791992, -5.67214822769165, -5.702770233154297, -5.429145336151123, -5.54202127456665, -5.60116720199585, -5.490653991699219, -5.579125881195068, -5.59566593170166, -5.505862712860107, -5.641031742095947, -5.6567559242248535, -5.4994306564331055, -5.669891834259033, -5.563824653625488, -5.652098178863525];[0.46959537267684937, 0.4438091814517975, 0.4303397834300995, 0.39680051803588867, 0.2407589852809906, 0.13274802267551422, 0.05975813418626785, 0.04204953461885452, 0.04322926700115204, 0.042507220059633255, 0.047316815704107285, 0.0384976789355278, 0.039357513189315796, 0.03632427752017975, 0.027089832350611687, 0.022176682949066162, 0.0200661588460207, 0.022168060764670372, 0.016588641330599785, 0.012189247645437717, 0.010633712634444237, 0.010148846544325352, 0.009556709788739681, 0.00813332200050354, 0.008111000061035156, 0.007191145326942205, 0.006919380743056536, 0.006414858158677816, 0.008367623202502728, 0.005922835785895586];1570.3302068710327
200;[1.1612826585769653, 1.155698299407959, 1.1717358827590942, 1.1672905683517456, 1.1810994148254395, 1.173283338546753, 1.182652473449707, 1.1678532361984253, 1.1644905805587769, 1.1543724536895752, 1.1559743881225586, 1.1511914730072021, 1.1502270698547363, 1.1578667163848877, 1.1573079824447632, 1.1492133140563965, 1.1487659215927124, 1.1539918184280396, 1.1570627689361572, 1.1558606624603271, 1.1565555334091187, 1.1543176174163818, 1.1593575477600098, 1.15851891040802, 1.1480810642242432, 1.1580387353897095, 1.1519156694412231, 1.167073369026184, 1.15857994556427, 1.1488089561462402, 1.1552654504776];[0.0945221334695816, 0.09049282968044281, 0.09034543484449387, 0.08926081657409668, 0.08798666298389435, 0.08595839142799377, 0.08872252702713013, 0.08372000604867935, 0.09018111228942871, 0.0944904312491417, 0.1001739576458931, 0.10027560591697693, 0.10349220782518387, 0.10907921195030212, 0.11199860274791718, 0.1094416081905365, 0.10801957547664642, 0.11342713981866837, 0.11576758325099945, 0.11561191082000732, 0.1175827831029892, 0.1152430921792984, 0.11944201588630676, 0.11906513571739197, 0.11303240805864334, 0.11772376298904419, 0.11364798992872238, 0.12336940318346024, 0.11843658238649368, 0.11161749064922333, 0.11740770936012268];[-2.1454927921295166, -2.1320109367370605, -2.107113838195801, -2.0857837200164795, -2.0534491539001465, -2.0426204204559326, -2.0428552627563477, -2.0270166397094727, -2.0798444747924805, -2.157090425491333, -2.2161552906036377, -2.2219533920288086, -2.243981122970581, -2.315600872039795, -2.341224431991577, -2.3225739002227783, -2.321218729019165, -2.378284215927124, -2.383432388305664, -2.3856594562530518, -2.3962109088897705, -2.3842639923095703, -2.4111580848693848, -2.4109411239624023, -2.362837314605713, -2.407973289489746, -2.3709876537323, -2.46106219291687, -2.4169864654541016, -2.3628437519073486, -2.4027328491210938];[0.41035547852516174, 0.42619234323501587, 0.4212579131126404, 0.41332581639289856, 0.3797462582588196, 0.3839274048805237, 0.3733151853084564, 0.4185056686401367, 0.41041192412376404, 0.5081252455711365, 0.4469086527824402, 0.5183255672454834, 0.5853310823440552, 0.4951784312725067, 0.6193602681159973, 0.4875035285949707, 0.4206487238407135, 0.47493839263916016, 0.64956134557724, 0.35147419571876526, 0.4004530608654022, 0.21884888410568237, 0.4803546369075775, 0.29114794731140137, 0.12917375564575195, 0.10909217596054077, 0.07541373372077942, 0.200853630900383, 0.3626120090484619, 0.13245539367198944];1616.2590744495392
200;[1.6124927997589111, 1.6063776016235352, 1.6167457103729248, 1.609212040901184, 1.6172226667404175, 1.6136125326156616, 1.615157961845398, 1.6017236709594727, 1.6007219552993774, 1.6013240814208984, 1.602651596069336, 1.6065356731414795, 1.604142427444458, 1.6102936267852783, 1.614767074584961, 1.6150298118591309, 1.6160666942596436, 1.611613154411316, 1.6209343671798706, 1.625114917755127, 1.6140697002410889, 1.6121665239334106, 1.6173137426376343, 1.6233723163604736, 1.6118574142456055, 1.6233189105987549, 1.6201280355453491, 1.626658320426941, 1.6238312721252441, 1.6227011680603027, 1.622635006904602];[0.19693005084991455, 0.19620266556739807, 0.19680611789226532, 0.19891253113746643, 0.19170717895030975, 0.1935327649116516, 0.19545236229896545, 0.19728806614875793, 0.20483221113681793, 0.20832210779190063, 0.21019114553928375, 0.21377667784690857, 0.2155434936285019, 0.21692118048667908, 0.21895723044872284, 0.22004856169223785, 0.2202182561159134, 0.21939995884895325, 0.22425207495689392, 0.22632713615894318, 0.2230812907218933, 0.22066916525363922, 0.2241794466972351, 0.22573262453079224, 0.22209782898426056, 0.22520095109939575, 0.22370848059654236, 0.2271951586008072, 0.22551508247852325, 0.224167138338089, 0.22632986307144165];[-4.322001934051514, -4.366211414337158, -4.373069763183594, -4.406562805175781, -4.23186731338501, -4.263035297393799, -4.2844414710998535, -4.399056434631348, -4.531057834625244, -4.642973899841309, -4.654546737670898, -4.735201358795166, -4.764483451843262, -4.8097686767578125, -4.849762439727783, -4.8742594718933105, -4.894784927368164, -4.890236854553223, -4.945934772491455, -4.987867832183838, -4.917227745056152, -4.89506196975708, -4.949230670928955, -4.969262599945068, -4.912944793701172, -4.985496997833252, -4.954504013061523, -5.005588054656982, -4.986145496368408, -4.976654529571533, -4.990287780761719];[0.41035547852516174, 0.43269965052604675, 0.4641181230545044, 0.46065855026245117, 0.4780963957309723, 0.44138920307159424, 0.47744446992874146, 0.4705827236175537, 0.47138506174087524, 0.49109920859336853, 0.4996815025806427, 0.5477555394172668, 0.5042125582695007, 0.5270851254463196, 0.6629359722137451, 0.4053077697753906, 0.4492819309234619, 0.2752067446708679, 0.5299630165100098, 0.45541825890541077, 0.13777273893356323, 0.293179452419281, 0.3002060055732727, 0.4047415554523468, 0.3252989649772644, 0.2845131456851959, 0.16935159265995026, 0.16925032436847687, 0.2959223985671997, 0.1890512853860855];1528.3077235221863
250;[1.167892575263977, 1.160813570022583, 1.1601102352142334, 1.1692618131637573, 1.1856821775436401, 1.178472876548767, 1.1885048151016235, 1.180936574935913, 1.186019778251648, 1.1950491666793823, 1.179184079170227, 1.1834053993225098, 1.212080717086792, 1.1867289543151855, 1.1916141510009766, 1.1895948648452759, 1.187044620513916, 1.1996313333511353, 1.204732060432434, 1.1955968141555786, 1.1910098791122437, 1.2181049585342407, 1.2235571146011353, 1.2101503610610962, 1.2222756147384644, 1.2232487201690674, 1.2091612815856934, 1.2189782857894897, 1.2179497480392456, 1.2242767810821533, 1.2088007926940918];[0.09595180302858353, 0.09650924801826477, 0.09385094046592712, 0.09441256523132324, 0.09833182394504547, 0.09221826493740082, 0.09437789022922516, 0.09385106712579727, 0.09574566036462784, 0.10354684293270111, 0.09755680710077286, 0.10203380137681961, 0.1268998682498932, 0.1130094900727272, 0.11892733722925186, 0.12522007524967194, 0.1198182925581932, 0.13367824256420135, 0.13835065066814423, 0.13252435624599457, 0.13236886262893677, 0.151541605591774, 0.15547870099544525, 0.15035687386989594, 0.15862804651260376, 0.158949613571167, 0.1504679024219513, 0.15682514011859894, 0.15641218423843384, 0.16029149293899536, 0.1496528536081314];[-2.164726972579956, -2.1661558151245117, -2.1566638946533203, -2.1295695304870605, -2.148481845855713, -2.0892715454101562, -2.1108994483947754, -2.0809624195098877, -2.1174049377441406, -2.1776340007781982, -2.136636972427368, -2.1776044368743896, -2.3771681785583496, -2.288613796234131, -2.342130661010742, -2.407970666885376, -2.3596560955047607, -2.496286630630493, -2.5478994846343994, -2.4982707500457764, -2.5038042068481445, -2.668274402618408, -2.723508596420288, -2.6598129272460938, -2.735933780670166, -2.7322793006896973, -2.6647379398345947, -2.7165305614471436, -2.7284939289093018, -2.7543532848358154, -2.6731343269348145];[0.43426933884620667, 0.4315888583660126, 0.4465584456920624, 0.41901859641075134, 0.42567944526672363, 0.37759166955947876, 0.35084977746009827, 0.3848743140697479, 0.41029462218284607, 0.400194376707077, 0.41473037004470825, 0.4626729488372803, 0.4800395369529724, 0.5262707471847534, 0.5274335741996765, 0.5165415406227112, 0.543313205242157, 0.541671633720398, 0.37096890807151794, 0.40547865629196167, 0.4214525520801544, 0.4824165999889374, 0.47093677520751953, 0.26604071259498596, 0.20133258402347565, 0.16123808920383453, 0.13818025588989258, 0.1057141125202179, 0.09706438332796097, 0.09041259437799454];1549.7545981407166
250;[1.6186182498931885, 1.609756350517273, 1.6056572198867798, 1.6180644035339355, 1.624811053276062, 1.613105297088623, 1.626097321510315, 1.6219396591186523, 1.6213889122009277, 1.636995792388916, 1.619661569595337, 1.624813199043274, 1.6345634460449219, 1.6266330480575562, 1.6293318271636963, 1.6353081464767456, 1.6305395364761353, 1.6359648704528809, 1.6374261379241943, 1.6403988599777222, 1.6300867795944214, 1.6373318433761597, 1.6365833282470703, 1.62576425075531, 1.6349107027053833, 1.6332848072052002, 1.6298131942749023, 1.6352530717849731, 1.6370670795440674, 1.6327978372573853, 1.628896713256836];[0.19714635610580444, 0.20077095925807953, 0.20595110952854156, 0.2087332159280777, 0.21163201332092285, 0.20844332873821259, 0.21168005466461182, 0.21679726243019104, 0.21592502295970917, 0.2155161201953888, 0.21151462197303772, 0.2095390111207962, 0.21051868796348572, 0.21097402274608612, 0.21237145364284515, 0.21560360491275787, 0.21728527545928955, 0.22099456191062927, 0.22222641110420227, 0.2203255444765091, 0.21081501245498657, 0.22075308859348297, 0.22544950246810913, 0.22126777470111847, 0.22678986191749573, 0.2271566241979599, 0.22542567551136017, 0.22917398810386658, 0.22729936242103577, 0.22872738540172577, 0.2245941460132599];[-4.344611167907715, -4.4259514808654785, -4.583118915557861, -4.613927364349365, -4.660937786102295, -4.615021705627441, -4.691194534301758, -4.76890230178833, -4.755615711212158, -4.754106521606445, -4.627455711364746, -4.603134632110596, -4.590022087097168, -4.647543907165527, -4.68982458114624, -4.740135669708252, -4.774142742156982, -4.862176895141602, -4.884028911590576, -4.840243339538574, -4.644852161407471, -4.83067512512207, -4.941229343414307, -4.867377758026123, -4.972995281219482, -4.98188591003418, -4.963090896606445, -5.013486862182617, -4.956545829772949, -5.01444149017334, -4.947059154510498];[0.43426933884620667, 0.4230418801307678, 0.4780444800853729, 0.4619373083114624, 0.5483891367912292, 0.45679765939712524, 0.5445629954338074, 0.4462333023548126, 0.4801267087459564, 0.5280839800834656, 0.5655232667922974, 0.5203077793121338, 0.5831921100616455, 0.5881813168525696, 0.672829270362854, 0.6012072563171387, 0.5981091856956482, 0.6040194630622864, 0.579918622970581, 0.6141356229782104, 0.5863170623779297, 0.6809172630310059, 0.5879014730453491, 0.6051591038703918, 0.5287092924118042, 0.491318941116333, 0.4387035667896271, 0.6428780555725098, 0.5225563645362854, 0.32664594054222107];1546.5912368297577
300;[1.1581109762191772, 1.1580426692962646, 1.1728442907333374, 1.1721103191375732, 1.1871291399002075, 1.1906358003616333, 1.1870758533477783, 1.1888349056243896, 1.1837881803512573, 1.1885210275650024, 1.182827115058899, 1.1903215646743774, 1.195530652999878, 1.1884236335754395, 1.1802641153335571, 1.1723400354385376, 1.1807738542556763, 1.1944621801376343, 1.1859538555145264, 1.2044270038604736, 1.211122751235962, 1.2021844387054443, 1.2130266427993774, 1.209980845451355, 1.2143789529800415, 1.214656949043274, 1.2174031734466553, 1.21370267868042, 1.199561357498169, 1.2063310146331787, 1.209647536277771];[0.09268640726804733, 0.0882607027888298, 0.09280721843242645, 0.08765386044979095, 0.09098965674638748, 0.09080196917057037, 0.09106648713350296, 0.09180109947919846, 0.09097636491060257, 0.09167405962944031, 0.0894869863986969, 0.09743916243314743, 0.09844240546226501, 0.0942496508359909, 0.09474514424800873, 0.09865058213472366, 0.10248789936304092, 0.11463367938995361, 0.11411310732364655, 0.12666775286197662, 0.13373060524463654, 0.12499810755252838, 0.1375276893377304, 0.13444429636001587, 0.13627979159355164, 0.1368132084608078, 0.13796189427375793, 0.13483157753944397, 0.12800520658493042, 0.13540491461753845, 0.1454702764749527];[-2.136270523071289, -2.1133759021759033, -2.1183509826660156, -2.0674405097961426, -2.0435309410095215, -2.0304830074310303, -2.0166773796081543, -2.027867555618286, -2.023477554321289, -2.020627498626709, -2.027029037475586, -2.080030679702759, -2.1717889308929443, -2.0869412422180176, -2.1051218509674072, -2.1496336460113525, -2.2000019550323486, -2.3229360580444336, -2.3146610260009766, -2.4205713272094727, -2.514547348022461, -2.4281280040740967, -2.53951358795166, -2.4987943172454834, -2.529742479324341, -2.4897797107696533, -2.4684107303619385, -2.478671073913574, -2.4251694679260254, -2.513284206390381, -2.6200942993164062];[0.4320686161518097, 0.43942227959632874, 0.42887651920318604, 0.3955613374710083, 0.389514684677124, 0.36563926935195923, 0.32869717478752136, 0.36129629611968994, 0.3313891291618347, 0.336269736289978, 0.34501883387565613, 0.3822416067123413, 0.4165276885032654, 0.42057812213897705, 0.5596125721931458, 0.5565086007118225, 0.5388659834861755, 0.5872076749801636, 0.49742260575294495, 0.4929463267326355, 0.55747389793396, 0.5542479753494263, 0.5412793159484863, 0.49451810121536255, 0.41551709175109863, 0.35499322414398193, 0.3196345567703247, 0.41905421018600464, 0.4752701222896576, 0.5800666213035583];1561.7725117206573
300;[1.6095521450042725, 1.6097779273986816, 1.6180293560028076, 1.617370843887329, 1.6282691955566406, 1.6384327411651611, 1.6311765909194946, 1.632750153541565, 1.6250007152557373, 1.6298842430114746, 1.6243088245391846, 1.628814697265625, 1.6334049701690674, 1.62467360496521, 1.6186858415603638, 1.61757230758667, 1.6238573789596558, 1.6319711208343506, 1.631750464439392, 1.647805094718933, 1.6480865478515625, 1.6410549879074097, 1.6487151384353638, 1.643175482749939, 1.6434473991394043, 1.638074517250061, 1.6378859281539917, 1.6190842390060425, 1.6195632219314575, 1.6154615879058838, 1.6252309083938599];[0.19589625298976898, 0.19263844192028046, 0.19136396050453186, 0.1900044083595276, 0.18926459550857544, 0.1911211758852005, 0.18946540355682373, 0.1943817287683487, 0.19584649801254272, 0.19344481825828552, 0.18924501538276672, 0.19376102089881897, 0.19989314675331116, 0.19597963988780975, 0.19638895988464355, 0.1991111934185028, 0.20475760102272034, 0.21336355805397034, 0.21458418667316437, 0.22553198039531708, 0.2313602715730667, 0.22824008762836456, 0.23213507235050201, 0.2309323400259018, 0.22960872948169708, 0.22723031044006348, 0.2273215800523758, 0.22179502248764038, 0.2220180630683899, 0.22103063762187958, 0.22417716681957245];[-4.3096232414245605, -4.282977104187012, -4.203579902648926, -4.168442249298096, -4.087439060211182, -4.125625133514404, -4.093332767486572, -4.192207336425781, -4.248935699462891, -4.1783294677734375, -4.142369747161865, -4.174465179443359, -4.383164882659912, -4.333390712738037, -4.329244136810303, -4.393815040588379, -4.52046537399292, -4.704298496246338, -4.729452133178711, -4.921012878417969, -5.047154426574707, -4.985199451446533, -5.059105396270752, -5.0369977951049805, -5.0411376953125, -4.967446327209473, -4.957881450653076, -4.882445812225342, -4.892498970031738, -4.89131498336792, -4.9314141273498535];[0.4320686161518097, 0.43999359011650085, 0.4309278428554535, 0.40761539340019226, 0.40840449929237366, 0.3783343732357025, 0.3591923713684082, 0.4006882607936859, 0.4350344240665436, 0.4260919988155365, 0.38488301634788513, 0.3983006477355957, 0.488909512758255, 0.5110644102096558, 0.5262025594711304, 0.5589593648910522, 0.6302974820137024, 0.6160112619400024, 0.6816249489784241, 0.6689386963844299, 0.5455577373504639, 0.5535470247268677, 0.5341049432754517, 0.6043933629989624, 0.5330329537391663, 0.6966198086738586, 0.6311346888542175, 0.7109098434448242, 0.6533339023590088, 0.566535234451294];1577.085943698883
350;[1.1601711511611938, 1.1700427532196045, 1.1874843835830688, 1.1893221139907837, 1.1876115798950195, 1.1903324127197266, 1.1917165517807007, 1.1953840255737305, 1.1938623189926147, 1.2024686336517334, 1.1898276805877686, 1.1904034614562988, 1.1855548620224, 1.1947602033615112, 1.1794664859771729, 1.2009755373001099, 1.1797699928283691, 1.1876463890075684, 1.1921088695526123, 1.177614688873291, 1.1728413105010986, 1.1814321279525757, 1.1785378456115723, 1.189022183418274, 1.1711399555206299, 1.1872378587722778, 1.1936442852020264, 1.1957424879074097, 1.204932451248169, 1.2086067199707031, 1.2093700170516968];[0.09182320535182953, 0.08933375775814056, 0.0960693284869194, 0.09469540417194366, 0.09337237477302551, 0.09710056334733963, 0.0977238342165947, 0.09940921515226364, 0.10029130429029465, 0.10597361624240875, 0.09824738651514053, 0.10087204724550247, 0.09697350859642029, 0.10741247236728668, 0.10182749480009079, 0.11308719962835312, 0.10916398465633392, 0.11643565446138382, 0.11808330565690994, 0.11182896792888641, 0.11251984536647797, 0.11812412738800049, 0.1203223243355751, 0.1280883401632309, 0.12048431485891342, 0.13125140964984894, 0.1368945688009262, 0.13934014737606049, 0.14482896029949188, 0.1467791497707367, 0.146835058927536];[-2.1300342082977295, -2.0793817043304443, -2.111351251602173, -2.0948832035064697, -2.0886385440826416, -2.1263530254364014, -2.1207075119018555, -2.126551628112793, -2.1601333618164062, -2.2076191902160645, -2.1643764972686768, -2.1609742641448975, -2.1352827548980713, -2.236754894256592, -2.1925952434539795, -2.289987087249756, -2.2810542583465576, -2.362978219985962, -2.3818211555480957, -2.3210551738739014, -2.3192813396453857, -2.3666675090789795, -2.390791416168213, -2.4720144271850586, -2.4079411029815674, -2.4887428283691406, -2.5411572456359863, -2.5608181953430176, -2.614254951477051, -2.6323587894439697, -2.6218676567077637];[0.44662362337112427, 0.401945561170578, 0.368961900472641, 0.3560325801372528, 0.37925079464912415, 0.3863016366958618, 0.3973730504512787, 0.36619332432746887, 0.36809828877449036, 0.36217889189720154, 0.40286678075790405, 0.39590704441070557, 0.43389075994491577, 0.5384013652801514, 0.47291186451911926, 0.4711032211780548, 0.5512256622314453, 0.5168779492378235, 0.5310389399528503, 0.5129688382148743, 0.5326583385467529, 0.5385168194770813, 0.5664293169975281, 0.5617725849151611, 0.559502124786377, 0.6301887631416321, 0.45517098903656006, 0.512688159942627, 0.5999432802200317, 0.5503830313682556];1498.2106704711914
350;[1.61143958568573, 1.6214817762374878, 1.6345359086990356, 1.6311042308807373, 1.626798152923584, 1.625808596611023, 1.6248457431793213, 1.6286959648132324, 1.6225003004074097, 1.624162197113037, 1.6145795583724976, 1.6143202781677246, 1.609393835067749, 1.6273874044418335, 1.6121574640274048, 1.6252189874649048, 1.6187379360198975, 1.6216830015182495, 1.625353217124939, 1.6199760437011719, 1.6110661029815674, 1.6121670007705688, 1.616939663887024, 1.615167260169983, 1.6099213361740112, 1.6032909154891968, 1.607724905014038, 1.6097060441970825, 1.6054518222808838, 1.607802152633667, 1.5991069078445435];[0.1944902092218399, 0.1898684948682785, 0.1889762580394745, 0.18718111515045166, 0.18815085291862488, 0.19576790928840637, 0.19737382233142853, 0.1966778188943863, 0.19931715726852417, 0.2003135085105896, 0.19784316420555115, 0.20006613433361053, 0.20290468633174896, 0.21297675371170044, 0.20955707132816315, 0.21517151594161987, 0.21649205684661865, 0.21987083554267883, 0.22048401832580566, 0.21737298369407654, 0.21487118303775787, 0.21560488641262054, 0.2188810110092163, 0.2185094654560089, 0.2184215933084488, 0.21562594175338745, 0.21723654866218567, 0.21989621222019196, 0.21773211658000946, 0.21703532338142395, 0.21514950692653656];[-4.28690242767334, -4.122555732727051, -3.990316867828369, -4.015857219696045, -4.071364402770996, -4.278374195098877, -4.291831970214844, -4.265930652618408, -4.376598358154297, -4.38377046585083, -4.355113506317139, -4.399348258972168, -4.481705188751221, -4.690099716186523, -4.626440525054932, -4.744022846221924, -4.784187316894531, -4.846584796905518, -4.867256164550781, -4.8239970207214355, -4.773693084716797, -4.763298988342285, -4.842649459838867, -4.866286754608154, -4.84254264831543, -4.80667781829834, -4.833185195922852, -4.858784198760986, -4.83604097366333, -4.85407018661499, -4.80128812789917];[0.44662362337112427, 0.3903697431087494, 0.32647979259490967, 0.35289427638053894, 0.38517269492149353, 0.4222954511642456, 0.4284892678260803, 0.4794643521308899, 0.5346456170082092, 0.5025676488876343, 0.5522359609603882, 0.5468306541442871, 0.5742550492286682, 0.5580678582191467, 0.5627075433731079, 0.6057131290435791, 0.6217902898788452, 0.6066178679466248, 0.5084974765777588, 0.5595842003822327, 0.7012231945991516, 0.6340744495391846, 0.5678175091743469, 0.49184566736221313, 0.4658539891242981, 0.36066117882728577, 0.39944779872894287, 0.45724883675575256, 0.4454251527786255, 0.3436836302280426];1461.8008134365082
400;[1.1619477272033691, 1.1672163009643555, 1.1641703844070435, 1.1710731983184814, 1.1755893230438232, 1.1694780588150024, 1.1719173192977905, 1.1738121509552002, 1.1612496376037598, 1.1679965257644653, 1.1622191667556763, 1.1648800373077393, 1.1624704599380493, 1.161690354347229, 1.159574270248413, 1.1712915897369385, 1.168250322341919, 1.1706750392913818, 1.1599658727645874, 1.161554217338562, 1.1737900972366333, 1.155405879020691, 1.1629422903060913, 1.1651252508163452, 1.159671664237976, 1.1773852109909058, 1.1710190773010254, 1.1762828826904297, 1.1555670499801636, 1.1646260023117065, 1.164147138595581];[0.09584244340658188, 0.09223878383636475, 0.08878926932811737, 0.08692318946123123, 0.0873679667711258, 0.08605656772851944, 0.08718293905258179, 0.08572040498256683, 0.08367647975683212, 0.09406627714633942, 0.09582854807376862, 0.09555858373641968, 0.10216137766838074, 0.10411655902862549, 0.10560842603445053, 0.11049624532461166, 0.11195141077041626, 0.11521413922309875, 0.10719947516918182, 0.10618165135383606, 0.11549033224582672, 0.10971454530954361, 0.11687678843736649, 0.12032324075698853, 0.11677222698926926, 0.12935566902160645, 0.1272825300693512, 0.12880466878414154, 0.11573896557092667, 0.12126808613538742, 0.12168396264314651];[-2.163532018661499, -2.1155266761779785, -2.108952522277832, -2.0527892112731934, -2.031575918197632, -2.0460050106048584, -2.0493721961975098, -2.00034761428833, -2.022162675857544, -2.1168205738067627, -2.15097975730896, -2.151442050933838, -2.227771282196045, -2.2481675148010254, -2.2689552307128906, -2.2970523834228516, -2.334730863571167, -2.334272623062134, -2.2806899547576904, -2.2732255458831787, -2.364490509033203, -2.3220789432525635, -2.396045446395874, -2.413417339324951, -2.378632068634033, -2.485562801361084, -2.4737470149993896, -2.4979238510131836, -2.3825862407684326, -2.4393649101257324, -2.435915470123291];[0.40687501430511475, 0.4231950342655182, 0.4164618253707886, 0.3793138265609741, 0.37392300367355347, 0.40965819358825684, 0.408782422542572, 0.4047866463661194, 0.41663211584091187, 0.4805275797843933, 0.5324586629867554, 0.5617536306381226, 0.5676928162574768, 0.6259258985519409, 0.5567952990531921, 0.5624052286148071, 0.5493313670158386, 0.5815308690071106, 0.5968351364135742, 0.7653964161872864, 0.6056914925575256, 0.6036332845687866, 0.6298154592514038, 0.5130826234817505, 0.5588528513908386, 0.4999835789203644, 0.5221715569496155, 0.33083653450012207, 0.3081269860267639, 0.26901426911354065];1416.5633494853973
400;[1.6134637594223022, 1.6170454025268555, 1.6151801347732544, 1.6198714971542358, 1.624337077140808, 1.6226270198822021, 1.6241353750228882, 1.630553960800171, 1.6207306385040283, 1.621569037437439, 1.6155866384506226, 1.6115413904190063, 1.6092567443847656, 1.6083890199661255, 1.6095494031906128, 1.6139042377471924, 1.6126776933670044, 1.6175436973571777, 1.6098772287368774, 1.6159545183181763, 1.6254454851150513, 1.6200846433639526, 1.6137781143188477, 1.6176037788391113, 1.615054965019226, 1.616357684135437, 1.623453974723816, 1.6197173595428467, 1.6136085987091064, 1.6147611141204834, 1.6159001588821411];[0.19821743667125702, 0.19509363174438477, 0.1952953338623047, 0.1919141411781311, 0.19152073562145233, 0.1940513551235199, 0.19686484336853027, 0.19468924403190613, 0.1894889622926712, 0.19304242730140686, 0.19891954958438873, 0.20237213373184204, 0.2039264738559723, 0.20644064247608185, 0.20890896022319794, 0.21633607149124146, 0.21680301427841187, 0.21619071066379547, 0.21242932975292206, 0.21195626258850098, 0.2213168442249298, 0.21949033439159393, 0.21948830783367157, 0.2222248911857605, 0.22112110257148743, 0.22335675358772278, 0.22583648562431335, 0.2232961356639862, 0.22002273797988892, 0.2212890386581421, 0.22183753550052643];[-4.358528137207031, -4.272977352142334, -4.334669589996338, -4.191222667694092, -4.113126277923584, -4.2304606437683105, -4.235832214355469, -4.116210460662842, -4.059891223907471, -4.162788391113281, -4.310423851013184, -4.44906759262085, -4.511324405670166, -4.564993858337402, -4.632099628448486, -4.766919136047363, -4.814394474029541, -4.791110992431641, -4.712399005889893, -4.701625347137451, -4.885064125061035, -4.8460540771484375, -4.875328540802002, -4.901205539703369, -4.865268707275391, -4.922642230987549, -4.9562764167785645, -4.916624546051025, -4.874737739562988, -4.899020671844482, -4.906753063201904];[0.40687501430511475, 0.43035244941711426, 0.44001367688179016, 0.4059087932109833, 0.4395673871040344, 0.4686795771121979, 0.53499436378479, 0.5607402324676514, 0.5634717345237732, 0.5469013452529907, 0.6036065220832825, 0.574882984161377, 0.4892200231552124, 0.5156903266906738, 0.5498695373535156, 0.5612426996231079, 0.5525431036949158, 0.5898200869560242, 0.5452479124069214, 0.49353983998298645, 0.5764423608779907, 0.5066784620285034, 0.5040255188941956, 0.5066775679588318, 0.3054598867893219, 0.5180251002311707, 0.5400737524032593, 0.5944684743881226, 0.5081256628036499, 0.36899295449256897];1398.686663389206
450;[1.1593552827835083, 1.1574411392211914, 1.1630595922470093, 1.160921335220337, 1.157644510269165, 1.1576272249221802, 1.1799931526184082, 1.1823991537094116, 1.1887348890304565, 1.1895158290863037, 1.1931802034378052, 1.1861438751220703, 1.1863542795181274, 1.1808757781982422, 1.1863940954208374, 1.1750332117080688, 1.1750679016113281, 1.182223916053772, 1.165276050567627, 1.1728911399841309, 1.176509141921997, 1.168544054031372, 1.1560795307159424, 1.1688488721847534, 1.1823211908340454, 1.173970341682434, 1.1802988052368164, 1.166121006011963, 1.1765351295471191, 1.1669747829437256, 1.176889181137085];[0.0938735380768776, 0.08808708935976028, 0.08759880810976028, 0.08645851165056229, 0.087499238550663, 0.08583637326955795, 0.0952364131808281, 0.09846384823322296, 0.1046500876545906, 0.10398103296756744, 0.10654334723949432, 0.10484442114830017, 0.10535246133804321, 0.105497345328331, 0.10684540867805481, 0.10684166103601456, 0.1101938858628273, 0.11830207705497742, 0.10430541634559631, 0.11278316378593445, 0.1196671575307846, 0.1172209158539772, 0.11117424070835114, 0.11786961555480957, 0.12773509323596954, 0.12329822033643723, 0.1281154900789261, 0.11942870914936066, 0.1250278502702713, 0.11994489282369614, 0.12681308388710022];[-2.140838861465454, -2.0968618392944336, -2.0767438411712646, -2.0681300163269043, -2.082815170288086, -2.054877758026123, -2.1157259941101074, -2.188580274581909, -2.2099156379699707, -2.225313425064087, -2.226102828979492, -2.2109742164611816, -2.2332026958465576, -2.2257936000823975, -2.2416632175445557, -2.2798376083374023, -2.3108513355255127, -2.4062087535858154, -2.2551872730255127, -2.329383611679077, -2.3882651329040527, -2.38580322265625, -2.337372064590454, -2.384049892425537, -2.4982848167419434, -2.4538304805755615, -2.4933149814605713, -2.4044582843780518, -2.4553701877593994, -2.408775806427002, -2.4746577739715576];[0.40579500794410706, 0.43436670303344727, 0.4291694760322571, 0.4126856327056885, 0.4304077625274658, 0.39610645174980164, 0.3851979672908783, 0.46513548493385315, 0.4678923785686493, 0.4515613317489624, 0.4698106050491333, 0.5313376784324646, 0.49197089672088623, 0.5604538321495056, 0.5311470031738281, 0.5487107634544373, 0.5201752185821533, 0.5907160043716431, 0.6564496755599976, 0.5318036675453186, 0.5609079599380493, 0.4855477511882782, 0.6249744296073914, 0.6228176355361938, 0.5858471393585205, 0.5386627912521362, 0.6491215229034424, 0.5515599846839905, 0.31309086084365845, 0.5454676747322083];1409.1439406871796
450;[1.6097835302352905, 1.609373927116394, 1.6136796474456787, 1.6135759353637695, 1.609473466873169, 1.6028605699539185, 1.611352562904358, 1.6190589666366577, 1.6230727434158325, 1.6246787309646606, 1.622268557548523, 1.6170140504837036, 1.6209887266159058, 1.6115738153457642, 1.6152535676956177, 1.6179667711257935, 1.6088787317276, 1.6105380058288574, 1.6055364608764648, 1.6076686382293701, 1.604301929473877, 1.609846830368042, 1.6051808595657349, 1.6034423112869263, 1.6080564260482788, 1.604341745376587, 1.6012964248657227, 1.6066468954086304, 1.6044706106185913, 1.6121699810028076, 1.6109193563461304];[0.19667811691761017, 0.1920509934425354, 0.1906435489654541, 0.1923205852508545, 0.19309720396995544, 0.19405381381511688, 0.19835969805717468, 0.2021736204624176, 0.20666998624801636, 0.2085617482662201, 0.2088991403579712, 0.2075038105249405, 0.21183060109615326, 0.20886994898319244, 0.2127896249294281, 0.21495890617370605, 0.2118506133556366, 0.21471916139125824, 0.21240586042404175, 0.21419060230255127, 0.21298618614673615, 0.21685747802257538, 0.21597473323345184, 0.215024933218956, 0.21751108765602112, 0.21659915149211884, 0.21637076139450073, 0.21793295443058014, 0.2155451774597168, 0.21825169026851654, 0.21938587725162506];[-4.321227550506592, -4.233160018920898, -4.174964427947998, -4.216968536376953, -4.251766681671143, -4.272452354431152, -4.341922760009766, -4.422746181488037, -4.518435955047607, -4.545881748199463, -4.5688652992248535, -4.557981491088867, -4.654326438903809, -4.602502822875977, -4.706902027130127, -4.748139381408691, -4.695683479309082, -4.76318359375, -4.734663486480713, -4.770610332489014, -4.730955123901367, -4.817303657531738, -4.784350872039795, -4.781839370727539, -4.832931995391846, -4.809800148010254, -4.807772636413574, -4.839596271514893, -4.823291778564453, -4.8348541259765625, -4.87272834777832];[0.40579500794410706, 0.4335760176181793, 0.4319993257522583, 0.4424387216567993, 0.469713032245636, 0.46866512298583984, 0.4442887604236603, 0.47205111384391785, 0.47860074043273926, 0.5243975520133972, 0.5336239337921143, 0.499744713306427, 0.5557941794395447, 0.5088995099067688, 0.571434497833252, 0.5287581086158752, 0.5556211471557617, 0.5333223342895508, 0.6043428182601929, 0.5158198475837708, 0.7375020980834961, 0.3723579943180084, 0.5179498791694641, 0.5535231828689575, 0.44648560881614685, 0.5813007950782776, 0.5378073453903198, 0.5855681896209717, 0.3919490575790405, 0.4390861690044403];1386.3517038822174
500;[1.1632883548736572, 1.1630319356918335, 1.1774042844772339, 1.1723065376281738, 1.1634807586669922, 1.1705694198608398, 1.173470139503479, 1.163438320159912, 1.1594184637069702, 1.160657525062561, 1.1575124263763428, 1.1547069549560547, 1.1585553884506226, 1.1680723428726196, 1.1658434867858887, 1.1733887195587158, 1.171194314956665, 1.1731700897216797, 1.177045464515686, 1.1679607629776, 1.1753151416778564, 1.1762124300003052, 1.1825183629989624, 1.1748429536819458, 1.1830235719680786, 1.185655117034912, 1.1943864822387695, 1.1764416694641113, 1.1776409149169922, 1.1660009622573853, 1.175194263458252];[0.09256785362958908, 0.08558747917413712, 0.08603093028068542, 0.07971285283565521, 0.0828399658203125, 0.08419434726238251, 0.08289247751235962, 0.0819249302148819, 0.08173016458749771, 0.08199279755353928, 0.08194532990455627, 0.08698582649230957, 0.09173476696014404, 0.0976080670952797, 0.10348556190729141, 0.11049550771713257, 0.11267627030611038, 0.11654377728700638, 0.12170148640871048, 0.12028816342353821, 0.12497459352016449, 0.12655921280384064, 0.13141189515590668, 0.12552067637443542, 0.13007651269435883, 0.13269105553627014, 0.13888980448246002, 0.12818904221057892, 0.13027819991111755, 0.12233327329158783, 0.12553635239601135];[-2.1410880088806152, -2.0623185634613037, -2.0329887866973877, -1.9575406312942505, -2.023738384246826, -2.0285212993621826, -1.9954193830490112, -2.01346755027771, -2.0197980403900146, -2.02047061920166, -2.0299582481384277, -2.0728108882904053, -2.1319758892059326, -2.1786611080169678, -2.251446008682251, -2.300793409347534, -2.3408827781677246, -2.3741581439971924, -2.416360855102539, -2.4098317623138428, -2.441819190979004, -2.4632678031921387, -2.4942915439605713, -2.456423282623291, -2.495166301727295, -2.5152480602264404, -2.5872950553894043, -2.4969162940979004, -2.5066821575164795, -2.4412872791290283, -2.4882266521453857];[0.44624051451683044, 0.38118430972099304, 0.38253751397132874, 0.33944955468177795, 0.39484739303588867, 0.3988732695579529, 0.38006219267845154, 0.38521742820739746, 0.40595459938049316, 0.39808133244514465, 0.4222419559955597, 0.45742860436439514, 0.5786269903182983, 0.6346975564956665, 0.5771487355232239, 0.5691041350364685, 0.5995997190475464, 0.6422693133354187, 0.6344794631004333, 0.5066442489624023, 0.5577802658081055, 0.6022225022315979, 0.5579138398170471, 0.40625613927841187, 0.6060205101966858, 0.5280631184577942, 0.4362639784812927, 0.20812492072582245, 0.41526123881340027, 0.5011287927627563];1393.3919847011566
500;[1.6137923002243042, 1.6157279014587402, 1.625795841217041, 1.6248332262039185, 1.6138263940811157, 1.6227785348892212, 1.6269237995147705, 1.6215652227401733, 1.6168925762176514, 1.6192922592163086, 1.6203416585922241, 1.619528889656067, 1.6160712242126465, 1.6206823587417603, 1.6289288997650146, 1.6312004327774048, 1.6396437883377075, 1.6429524421691895, 1.6483843326568604, 1.6381359100341797, 1.6454408168792725, 1.6478911638259888, 1.6376230716705322, 1.6482234001159668, 1.6433184146881104, 1.6604375839233398, 1.6708073616027832, 1.6669667959213257, 1.677402377128601, 1.653060793876648, 1.66609787940979];[0.19445909559726715, 0.18793143332004547, 0.18444468080997467, 0.1812254637479782, 0.189654141664505, 0.19128042459487915, 0.1883157193660736, 0.1916738599538803, 0.19689741730690002, 0.2039393037557602, 0.20409676432609558, 0.207506462931633, 0.20585507154464722, 0.20760735869407654, 0.21099364757537842, 0.21436406672000885, 0.2188948094844818, 0.2184745818376541, 0.22457315027713776, 0.22160226106643677, 0.2253958135843277, 0.22738566994667053, 0.22539116442203522, 0.2291087806224823, 0.22989344596862793, 0.2379748374223709, 0.2451845407485962, 0.24323110282421112, 0.24827829003334045, 0.23860688507556915, 0.24315562844276428];[-4.307437896728516, -4.095868110656738, -3.993591547012329, -3.8433682918548584, -4.151069164276123, -4.13878870010376, -4.047125816345215, -4.131948471069336, -4.263344764709473, -4.421472072601318, -4.460190296173096, -4.506261348724365, -4.511892318725586, -4.5351152420043945, -4.573750972747803, -4.616539478302002, -4.759167194366455, -4.793071269989014, -4.860507965087891, -4.849699020385742, -4.916510581970215, -4.94633150100708, -4.915453910827637, -5.000848770141602, -5.022172451019287, -5.159624099731445, -5.286995887756348, -5.275951862335205, -5.363868236541748, -5.189733982086182, -5.311866283416748];[0.44624051451683044, 0.3767055869102478, 0.37371373176574707, 0.3703968822956085, 0.40796124935150146, 0.4355195164680481, 0.4178217351436615, 0.4797857999801636, 0.6008840799331665, 0.5426508784294128, 0.5589333176612854, 0.5488727688789368, 0.5080702304840088, 0.6739838719367981, 0.5951470732688904, 0.46833619475364685, 0.5915387868881226, 0.489745557308197, 0.5255659222602844, 0.5243275165557861, 0.599534273147583, 0.6156781315803528, 0.6296674013137817, 0.5105422735214233, 0.5364843606948853, 0.5090298652648926, 0.40905511379241943, 0.3765662908554077, 0.27269911766052246, 0.36546462774276733];1395.7196962833405
550;[1.168386459350586, 1.17466402053833, 1.1755574941635132, 1.176468014717102, 1.1781420707702637, 1.1844209432601929, 1.2006282806396484, 1.2052360773086548, 1.2160334587097168, 1.2204762697219849, 1.2327712774276733, 1.2331980466842651, 1.2306326627731323, 1.2420930862426758, 1.2352021932601929, 1.2427760362625122, 1.2659419775009155, 1.23153817653656, 1.2363946437835693, 1.238449215888977, 1.2208505868911743, 1.2356497049331665, 1.2417306900024414, 1.2240076065063477, 1.2253727912902832, 1.232116937637329, 1.2579013109207153, 1.2281203269958496, 1.2381162643432617, 1.2286882400512695, 1.2416259050369263];[0.09588392823934555, 0.09404769539833069, 0.0896080955862999, 0.0901951864361763, 0.08596571534872055, 0.08934833854436874, 0.10017559677362442, 0.10684173554182053, 0.11954036355018616, 0.1284746676683426, 0.14176304638385773, 0.14363564550876617, 0.1460428386926651, 0.15381217002868652, 0.15320847928524017, 0.16086551547050476, 0.1715032011270523, 0.15223044157028198, 0.1541307121515274, 0.1533629596233368, 0.144287571310997, 0.15624988079071045, 0.16248983144760132, 0.15454106032848358, 0.15582828223705292, 0.1601705402135849, 0.17758725583553314, 0.15878573060035706, 0.16690103709697723, 0.16043485701084137, 0.16748537123203278];[-2.1493685245513916, -2.119229316711426, -2.0620553493499756, -2.063524007797241, -2.024847984313965, -2.03365159034729, -2.102586030960083, -2.1399481296539307, -2.2245326042175293, -2.2934486865997314, -2.4333808422088623, -2.456115961074829, -2.502065896987915, -2.572335958480835, -2.5835444927215576, -2.650397539138794, -2.8274805545806885, -2.593106985092163, -2.6077184677124023, -2.6460554599761963, -2.559670925140381, -2.665130376815796, -2.713456153869629, -2.678910255432129, -2.6937429904937744, -2.7560575008392334, -2.9174482822418213, -2.734166145324707, -2.7932353019714355, -2.751955509185791, -2.856855869293213];[0.42128321528434753, 0.4115171432495117, 0.3749607801437378, 0.3680088520050049, 0.38366857171058655, 0.3360573649406433, 0.3368789553642273, 0.3151642382144928, 0.2835369408130646, 0.228928804397583, 0.1837799996137619, 0.17332375049591064, 0.17135000228881836, 0.1709936559200287, 0.1596604436635971, 0.14955441653728485, 0.1401856690645218, 0.16250304877758026, 0.15472078323364258, 0.18308115005493164, 0.15965397655963898, 0.14566583931446075, 0.13540443778038025, 0.10885880142450333, 0.10625588148832321, 0.08356671035289764, 0.08034496009349823, 0.07239335775375366, 0.06910766661167145, 0.06466817855834961];1379.7568941116333
550;[1.6184897422790527, 1.6236023902893066, 1.6268960237503052, 1.627022624015808, 1.6319218873977661, 1.639662742614746, 1.657889485359192, 1.6626677513122559, 1.6688892841339111, 1.6772949695587158, 1.6891549825668335, 1.6960527896881104, 1.6937028169631958, 1.707754135131836, 1.700286626815796, 1.7050336599349976, 1.731539249420166, 1.7012226581573486, 1.7103899717330933, 1.7136753797531128, 1.696731686592102, 1.7117278575897217, 1.7154439687728882, 1.6990137100219727, 1.7001224756240845, 1.7051491737365723, 1.7298206090927124, 1.7025142908096313, 1.7094756364822388, 1.702267050743103, 1.7147136926651];[0.19684773683547974, 0.19329163432121277, 0.19246721267700195, 0.19219470024108887, 0.193557471036911, 0.19347335398197174, 0.2068050503730774, 0.21755093336105347, 0.23165363073349, 0.24118468165397644, 0.24966304004192352, 0.2552420496940613, 0.25615769624710083, 0.2616764008998871, 0.2595146894454956, 0.2618958353996277, 0.27205201983451843, 0.26185470819473267, 0.26357007026672363, 0.2647921144962311, 0.2570434510707855, 0.26429420709609985, 0.2657434642314911, 0.2592935264110565, 0.259708970785141, 0.2620663344860077, 0.27185285091400146, 0.25940603017807007, 0.26318860054016113, 0.2603132724761963, 0.26429033279418945];[-4.308713912963867, -4.196907997131348, -4.162909507751465, -4.17233419418335, -4.202393531799316, -4.1678242683410645, -4.424577713012695, -4.632019519805908, -4.907229423522949, -5.10234260559082, -5.324379920959473, -5.407746315002441, -5.475948810577393, -5.575767517089844, -5.52390718460083, -5.577086925506592, -5.822094440460205, -5.5631914138793945, -5.597875118255615, -5.647802829742432, -5.504621982574463, -5.6324920654296875, -5.641830921173096, -5.535129070281982, -5.538922309875488, -5.588112831115723, -5.774170398712158, -5.552548408508301, -5.600638389587402, -5.55053186416626, -5.6708550453186035];[0.42128321528434753, 0.40177276730537415, 0.40242502093315125, 0.38930457830429077, 0.4007425606250763, 0.3875785768032074, 0.39734336733818054, 0.3696087896823883, 0.39409297704696655, 0.19718508422374725, 0.18601718544960022, 0.12807020545005798, 0.04748224839568138, 0.03179940581321716, 0.022097693756222725, 0.02168411947786808, 0.018854444846510887, 0.020947426557540894, 0.01873297058045864, 0.01983201876282692, 0.018016137182712555, 0.02002466842532158, 0.015445314347743988, 0.015642542392015457, 0.014496573247015476, 0.015029301866889, 0.013956758193671703, 0.013379780575633049, 0.012574177235364914, 0.012324151583015919];1377.6303927898407
600;[1.171407699584961, 1.1728544235229492, 1.1694324016571045, 1.1751481294631958, 1.191200613975525, 1.1937118768692017, 1.2126518487930298, 1.2101454734802246, 1.2226489782333374, 1.208865761756897, 1.2104169130325317, 1.2177093029022217, 1.2041971683502197, 1.2173242568969727, 1.2092366218566895, 1.2021111249923706, 1.2184302806854248, 1.2232707738876343, 1.2064515352249146, 1.1927502155303955, 1.2156422138214111, 1.1869438886642456, 1.1928882598876953, 1.1894545555114746, 1.197745680809021, 1.1950210332870483, 1.2071120738983154, 1.1992121934890747, 1.2095426321029663, 1.1972897052764893, 1.2031646966934204];[0.09664159268140793, 0.09239359945058823, 0.09770233184099197, 0.09512525796890259, 0.10503464192152023, 0.10555882751941681, 0.12068983167409897, 0.1149468868970871, 0.12234783917665482, 0.11191127449274063, 0.11906062811613083, 0.12988537549972534, 0.12601380050182343, 0.13399538397789001, 0.1320369690656662, 0.1335218846797943, 0.14365017414093018, 0.1518760323524475, 0.13919134438037872, 0.13184413313865662, 0.14735163748264313, 0.13520579040050507, 0.13598249852657318, 0.13479885458946228, 0.14182016253471375, 0.14006531238555908, 0.14543242752552032, 0.1445343792438507, 0.14878115057945251, 0.14153648912906647, 0.14548172056674957];[-2.1600303649902344, -2.107997417449951, -2.167093515396118, -2.125429153442383, -2.20700740814209, -2.225227117538452, -2.3553097248077393, -2.32077956199646, -2.361189603805542, -2.2839887142181396, -2.353116989135742, -2.4972057342529297, -2.4339241981506348, -2.501354217529297, -2.4898245334625244, -2.5071182250976562, -2.5961833000183105, -2.6785991191864014, -2.5697171688079834, -2.5060126781463623, -2.6738462448120117, -2.524656057357788, -2.5440361499786377, -2.541755437850952, -2.5897481441497803, -2.585965394973755, -2.6815736293792725, -2.6019630432128906, -2.6573143005371094, -2.5833637714385986, -2.627389430999756];[0.46445897221565247, 0.41270506381988525, 0.4379615783691406, 0.41501307487487793, 0.41922056674957275, 0.41756904125213623, 0.4293583631515503, 0.41919809579849243, 0.404453843832016, 0.40297994017601013, 0.46347275376319885, 0.46883848309516907, 0.5027897357940674, 0.5127664804458618, 0.5359693169593811, 0.632174015045166, 0.6012634634971619, 0.5434106588363647, 0.5642861127853394, 0.6485947966575623, 0.6643319129943848, 0.4338609278202057, 0.631095290184021, 0.46784913539886475, 0.5858056545257568, 0.4744720160961151, 0.5562158823013306, 0.384299099445343, 0.6018103361129761, 0.4542299807071686];1406.5136997699738
600;[1.6207085847854614, 1.622262954711914, 1.6175501346588135, 1.6234968900680542, 1.633133053779602, 1.631468653678894, 1.6495625972747803, 1.6454633474349976, 1.6511460542678833, 1.643838882446289, 1.638755202293396, 1.6489641666412354, 1.6334322690963745, 1.633541226387024, 1.6319165229797363, 1.6311266422271729, 1.649532675743103, 1.6466516256332397, 1.6392240524291992, 1.626346230506897, 1.634648323059082, 1.6197599172592163, 1.620529294013977, 1.6260627508163452, 1.619644045829773, 1.6228556632995605, 1.6369061470031738, 1.6200940608978271, 1.6254281997680664, 1.6169034242630005, 1.6218955516815186];[0.19719000160694122, 0.1921105980873108, 0.20161296427249908, 0.1996287852525711, 0.19973605871200562, 0.19708718359470367, 0.2093968242406845, 0.20390261709690094, 0.2132483571767807, 0.2056279182434082, 0.20544755458831787, 0.21611909568309784, 0.21290552616119385, 0.2161923199892044, 0.21721430122852325, 0.2217685729265213, 0.22817929089069366, 0.22945068776607513, 0.22312070429325104, 0.22044099867343903, 0.22184213995933533, 0.2212594598531723, 0.2206534892320633, 0.22340404987335205, 0.2229187935590744, 0.2242223620414734, 0.23012329638004303, 0.2255522757768631, 0.2254742980003357, 0.22259937226772308, 0.2245449423789978];[-4.313953399658203, -4.1903300285339355, -4.411597728729248, -4.3551130294799805, -4.3646345138549805, -4.339479446411133, -4.547733783721924, -4.47665548324585, -4.591479778289795, -4.480728626251221, -4.470401287078857, -4.706769943237305, -4.637693405151367, -4.739210605621338, -4.772879123687744, -4.85010290145874, -4.9753217697143555, -4.992841720581055, -4.883825302124023, -4.8274970054626465, -4.884731292724609, -4.873655796051025, -4.8821492195129395, -4.931397914886475, -4.912225246429443, -4.959535121917725, -5.081246852874756, -4.950243949890137, -4.979722023010254, -4.920224666595459, -4.96157693862915];[0.46445897221565247, 0.4421830177307129, 0.4486425220966339, 0.4566296935081482, 0.4684573709964752, 0.43170657753944397, 0.4528539180755615, 0.43034863471984863, 0.4428933560848236, 0.5259673595428467, 0.46449825167655945, 0.5048395991325378, 0.5087724328041077, 0.4380594789981842, 0.5710608959197998, 0.425001323223114, 0.5622351765632629, 0.4367242753505707, 0.47957655787467957, 0.41580748558044434, 0.43545791506767273, 0.5265679359436035, 0.5999897718429565, 0.5609237551689148, 0.6799648404121399, 0.5357524752616882, 0.3997896909713745, 0.5032595992088318, 0.41389110684394836, 0.30446135997772217];1384.0303707122803
650;[1.162111759185791, 1.157663345336914, 1.1670031547546387, 1.1642996072769165, 1.172902226448059, 1.162641167640686, 1.1699596643447876, 1.1721055507659912, 1.1737433671951294, 1.1686409711837769, 1.1709667444229126, 1.1725419759750366, 1.1814091205596924, 1.1892813444137573, 1.1795598268508911, 1.178534984588623, 1.1733310222625732, 1.1731466054916382, 1.1828851699829102, 1.1822527647018433, 1.1842910051345825, 1.1930848360061646, 1.1673213243484497, 1.1746115684509277, 1.1661276817321777, 1.166379690170288, 1.1643173694610596, 1.164461374282837, 1.1668763160705566, 1.176200270652771, 1.168674111366272];[0.09368813037872314, 0.08608144521713257, 0.091579370200634, 0.0861859992146492, 0.09270293265581131, 0.08268965780735016, 0.0870995968580246, 0.0855691060423851, 0.08718451112508774, 0.08772152662277222, 0.0893365889787674, 0.09042561054229736, 0.09962563961744308, 0.10479944944381714, 0.10693132132291794, 0.11381399631500244, 0.11693481355905533, 0.11723971366882324, 0.12469108402729034, 0.12755757570266724, 0.12975524365901947, 0.13368231058120728, 0.12062063068151474, 0.12647806107997894, 0.12048067152500153, 0.12129724025726318, 0.12154193222522736, 0.12151045352220535, 0.1233203262090683, 0.1279812455177307, 0.12445414066314697];[-2.140728712081909, -2.075526475906372, -2.1063759326934814, -2.0735740661621094, -2.109820604324341, -2.032773971557617, -2.050199270248413, -2.0187418460845947, -2.025634527206421, -2.0453357696533203, -2.0736031532287598, -2.086148262023926, -2.1513564586639404, -2.2296957969665527, -2.2724621295928955, -2.3334600925445557, -2.3721048831939697, -2.367708683013916, -2.449127197265625, -2.4937589168548584, -2.4871976375579834, -2.5259833335876465, -2.411210298538208, -2.4555840492248535, -2.424281358718872, -2.424361228942871, -2.428605556488037, -2.4347591400146484, -2.4517760276794434, -2.4771640300750732, -2.4551823139190674];[0.4383142590522766, 0.39308011531829834, 0.41821396350860596, 0.408124178647995, 0.42384716868400574, 0.401752233505249, 0.3676525950431824, 0.3298974335193634, 0.3627685606479645, 0.42440029978752136, 0.4431009888648987, 0.41906219720840454, 0.4562828540802002, 0.4577708840370178, 0.5799113512039185, 0.5611242055892944, 0.5823566913604736, 0.5281147360801697, 0.5925545692443848, 0.5600985884666443, 0.5763566493988037, 0.6545599699020386, 0.5942754149436951, 0.487394779920578, 0.443829745054245, 0.5207551121711731, 0.34744876623153687, 0.40172362327575684, 0.2337295114994049, 0.5523068904876709];1406.2957925796509
650;[1.6122995615005493, 1.6093969345092773, 1.6163476705551147, 1.6141788959503174, 1.6181108951568604, 1.6121426820755005, 1.6161768436431885, 1.6150541305541992, 1.6197669506072998, 1.6163686513900757, 1.6196626424789429, 1.6188766956329346, 1.6261982917785645, 1.6246908903121948, 1.6183910369873047, 1.6221357583999634, 1.6178630590438843, 1.6174167394638062, 1.6217275857925415, 1.619264841079712, 1.6217811107635498, 1.626974105834961, 1.6101747751235962, 1.6077775955200195, 1.6142815351486206, 1.607601284980774, 1.6040736436843872, 1.6068739891052246, 1.6041747331619263, 1.6039749383926392, 1.6048781871795654];[0.1959082931280136, 0.1892298460006714, 0.19325324892997742, 0.1906687617301941, 0.19751772284507751, 0.18902800977230072, 0.1915772259235382, 0.1903894990682602, 0.18945592641830444, 0.19041091203689575, 0.19087529182434082, 0.19158010184764862, 0.19707556068897247, 0.20073923468589783, 0.20501722395420074, 0.20431683957576752, 0.20702166855335236, 0.2085975706577301, 0.2165595144033432, 0.21744024753570557, 0.21932126581668854, 0.2226845771074295, 0.21686536073684692, 0.2184862643480301, 0.21975338459014893, 0.21682532131671906, 0.21751439571380615, 0.21795953810214996, 0.21677753329277039, 0.21769483387470245, 0.2188284546136856];[-4.3158488273620605, -4.160438537597656, -4.208746910095215, -4.209301471710205, -4.339259147644043, -4.149216175079346, -4.148014545440674, -4.138904094696045, -4.11331033706665, -4.097221851348877, -4.152770042419434, -4.199366569519043, -4.306440830230713, -4.407841205596924, -4.52755069732666, -4.509744644165039, -4.563092231750488, -4.5947651863098145, -4.750537872314453, -4.776858806610107, -4.833195686340332, -4.899786949157715, -4.810873508453369, -4.825596809387207, -4.8575215339660645, -4.830321788787842, -4.832023620605469, -4.861392974853516, -4.845544338226318, -4.841489315032959, -4.857522010803223];[0.4383142590522766, 0.4227792024612427, 0.410793274641037, 0.4137672483921051, 0.45056259632110596, 0.4003967344760895, 0.3759061396121979, 0.45503437519073486, 0.43125244975090027, 0.4446747899055481, 0.44282764196395874, 0.4857575297355652, 0.5805451273918152, 0.5493054389953613, 0.5258812308311462, 0.644053041934967, 0.579928994178772, 0.6116968989372253, 0.5956757664680481, 0.6473296880722046, 0.5562576651573181, 0.51796555519104, 0.5675970911979675, 0.4414839446544647, 0.6289847493171692, 0.3029557466506958, 0.36088770627975464, 0.3511316478252411, 0.2078210413455963, 0.30860450863838196];1403.8670060634613
700;[1.159374475479126, 1.1760153770446777, 1.1744648218154907, 1.1850992441177368, 1.1800940036773682, 1.1802726984024048, 1.186294674873352, 1.1850985288619995, 1.194324016571045, 1.181215524673462, 1.1791545152664185, 1.173750638961792, 1.1790122985839844, 1.1876686811447144, 1.1885141134262085, 1.1813806295394897, 1.187470555305481, 1.17568039894104, 1.1846050024032593, 1.1944990158081055, 1.1857415437698364, 1.1889030933380127, 1.181717038154602, 1.178219199180603, 1.1734435558319092, 1.1907970905303955, 1.191831111907959, 1.1865489482879639, 1.204177737236023, 1.2021446228027344, 1.2034269571304321];[0.09163589030504227, 0.09497299045324326, 0.08969517797231674, 0.09390168637037277, 0.08829060196876526, 0.08948683738708496, 0.0940944030880928, 0.09529720991849899, 0.1015835702419281, 0.09321972727775574, 0.10061337798833847, 0.0984111949801445, 0.10876975953578949, 0.12053051590919495, 0.12557171285152435, 0.12045130133628845, 0.12234924733638763, 0.12039362639188766, 0.12618140876293182, 0.1330675333738327, 0.12938717007637024, 0.13283081352710724, 0.1293203979730606, 0.12672261893749237, 0.12023093551397324, 0.13206836581230164, 0.13646404445171356, 0.13425204157829285, 0.146423801779747, 0.14534986019134521, 0.14460909366607666];[-2.1340997219085693, -2.1220223903656006, -2.0643410682678223, -2.0765225887298584, -2.055259943008423, -2.059141159057617, -2.0759551525115967, -2.081597328186035, -2.175309658050537, -2.0868706703186035, -2.169065475463867, -2.1703836917877197, -2.2803022861480713, -2.386090040206909, -2.443260669708252, -2.4056196212768555, -2.465622901916504, -2.4123196601867676, -2.4497241973876953, -2.549191474914551, -2.4813413619995117, -2.5124247074127197, -2.4771432876586914, -2.4728620052337646, -2.4087343215942383, -2.519017219543457, -2.5612101554870605, -2.5293214321136475, -2.6436233520507812, -2.6232714653015137, -2.617248773574829];[0.4277840852737427, 0.4155901372432709, 0.38212671875953674, 0.3674420416355133, 0.3884575664997101, 0.36168721318244934, 0.3646338880062103, 0.34304356575012207, 0.33958062529563904, 0.37378165125846863, 0.46553710103034973, 0.5224334001541138, 0.5732898116111755, 0.5618408918380737, 0.5230274796485901, 0.5444923043251038, 0.5107848644256592, 0.5602288842201233, 0.5961980223655701, 0.6323674917221069, 0.5896450877189636, 0.6026490926742554, 0.5880430936813354, 0.5774685740470886, 0.6656438708305359, 0.5022846460342407, 0.6234976649284363, 0.3957420289516449, 0.4339800179004669, 0.30617374181747437];1393.7202491760254
700;[1.6106271743774414, 1.6254225969314575, 1.6224563121795654, 1.633531928062439, 1.6265157461166382, 1.62833833694458, 1.6332916021347046, 1.6312421560287476, 1.636963129043579, 1.6257771253585815, 1.623927116394043, 1.609123706817627, 1.6062184572219849, 1.6088666915893555, 1.602044701576233, 1.601921796798706, 1.6044832468032837, 1.5958970785140991, 1.5939990282058716, 1.5952279567718506, 1.5973838567733765, 1.6041508913040161, 1.6085072755813599, 1.6077210903167725, 1.6133915185928345, 1.6062983274459839, 1.6077948808670044, 1.6105762720108032, 1.6184755563735962, 1.6202207803726196, 1.619157314300537];[0.19465148448944092, 0.19532309472560883, 0.1924043744802475, 0.1924685388803482, 0.18576660752296448, 0.1870574951171875, 0.18947897851467133, 0.18903103470802307, 0.19354526698589325, 0.19191965460777283, 0.1954498142004013, 0.1968454122543335, 0.19883999228477478, 0.2076580822467804, 0.20858369767665863, 0.20675285160541534, 0.21015939116477966, 0.20816896855831146, 0.20823325216770172, 0.21002043783664703, 0.21253764629364014, 0.21497033536434174, 0.21744176745414734, 0.2152477651834488, 0.2175549417734146, 0.21671105921268463, 0.2166132777929306, 0.2191169559955597, 0.2240491509437561, 0.22493036091327667, 0.2229756861925125];[-4.306184768676758, -4.236865043640137, -4.150449275970459, -4.129056453704834, -4.010077953338623, -4.009030818939209, -3.9755136966705322, -3.9585490226745605, -4.11287784576416, -4.098736763000488, -4.196603298187256, -4.3406758308410645, -4.387946128845215, -4.5688700675964355, -4.629534721374512, -4.6264567375183105, -4.719095706939697, -4.66508674621582, -4.657252311706543, -4.712454319000244, -4.7387919425964355, -4.787664890289307, -4.809842586517334, -4.787937164306641, -4.820734024047852, -4.836112976074219, -4.839256286621094, -4.865320205688477, -4.936112403869629, -4.943614482879639, -4.937236309051514];[0.4277840852737427, 0.4225905239582062, 0.4141288995742798, 0.3845919072628021, 0.3837006092071533, 0.354901522397995, 0.3060799539089203, 0.31004977226257324, 0.3438202142715454, 0.34729355573654175, 0.3722319006919861, 0.47054243087768555, 0.4718857407569885, 0.5148891806602478, 0.5865296125411987, 0.5512810349464417, 0.49835264682769775, 0.5396414399147034, 0.5457873940467834, 0.5055838227272034, 0.417613685131073, 0.500639021396637, 0.4141435921192169, 0.38445162773132324, 0.6562787294387817, 0.2687079906463623, 0.3291851282119751, 0.5793858170509338, 0.3536355793476105, 0.5150716304779053];1400.0996367931366
750;[1.1596049070358276, 1.1851776838302612, 1.1782197952270508, 1.18100106716156, 1.18221116065979, 1.1902920007705688, 1.1832575798034668, 1.1831251382827759, 1.1752680540084839, 1.1777305603027344, 1.1743605136871338, 1.1747596263885498, 1.1715251207351685, 1.1703006029129028, 1.1705938577651978, 1.1687968969345093, 1.1742639541625977, 1.1848863363265991, 1.1916295289993286, 1.1944773197174072, 1.1938467025756836, 1.1861735582351685, 1.195995569229126, 1.1753320693969727, 1.1814138889312744, 1.1901073455810547, 1.2116918563842773, 1.1937615871429443, 1.201107382774353, 1.1795523166656494, 1.1930807828903198];[0.09312707930803299, 0.10160468518733978, 0.09214901924133301, 0.09210164099931717, 0.0872669517993927, 0.09472773969173431, 0.08740343153476715, 0.08775613456964493, 0.0820314958691597, 0.08899272233247757, 0.08648981153964996, 0.09026120603084564, 0.09033530950546265, 0.09077071398496628, 0.08929719030857086, 0.08920794725418091, 0.09275556355714798, 0.10285741090774536, 0.10860694199800491, 0.11780606955289841, 0.11938102543354034, 0.11744827032089233, 0.12395398318767548, 0.11636002361774445, 0.12005537748336792, 0.12704625725746155, 0.14310100674629211, 0.134262815117836, 0.13630345463752747, 0.13023120164871216, 0.1395990550518036];[-2.1452887058258057, -2.1784987449645996, -2.110429048538208, -2.081573724746704, -2.047661542892456, -2.072516441345215, -2.0217039585113525, -2.0438053607940674, -1.999457597732544, -2.0208144187927246, -2.0213828086853027, -2.058819055557251, -2.053615093231201, -2.0746231079101562, -2.047980785369873, -2.0572702884674072, -2.0857858657836914, -2.19820499420166, -2.296433925628662, -2.3348193168640137, -2.3375561237335205, -2.353808879852295, -2.4282474517822266, -2.353973865509033, -2.3743011951446533, -2.4666285514831543, -2.606738805770874, -2.529106855392456, -2.625145435333252, -2.4849984645843506, -2.582958936691284];[0.43207305669784546, 0.4345357418060303, 0.4058395028114319, 0.38868477940559387, 0.3704967200756073, 0.35827091336250305, 0.33276820182800293, 0.3587684631347656, 0.3345353901386261, 0.3644278943538666, 0.3772242069244385, 0.4383833110332489, 0.40951499342918396, 0.4216724634170532, 0.420499712228775, 0.4488607347011566, 0.4333946406841278, 0.520906388759613, 0.4720150828361511, 0.6207897067070007, 0.6020324230194092, 0.4989021122455597, 0.628004789352417, 0.568393349647522, 0.596347451210022, 0.5011152625083923, 0.6499870419502258, 0.6052191257476807, 0.6788579821586609, 0.6340757012367249];1393.3969881534576
750;[1.6103107929229736, 1.633544683456421, 1.6272584199905396, 1.6284183263778687, 1.6282488107681274, 1.635684847831726, 1.6321042776107788, 1.6330115795135498, 1.6241577863693237, 1.6303343772888184, 1.632818341255188, 1.6303437948226929, 1.630850076675415, 1.6293193101882935, 1.6246129274368286, 1.6253175735473633, 1.6308223009109497, 1.6402922868728638, 1.6484627723693848, 1.6537033319473267, 1.6572192907333374, 1.6574902534484863, 1.668567419052124, 1.651672601699829, 1.6657594442367554, 1.6763854026794434, 1.6966782808303833, 1.6779142618179321, 1.6886595487594604, 1.6661083698272705, 1.6715434789657593];[0.19536666572093964, 0.19863775372505188, 0.19232457876205444, 0.1920597404241562, 0.18621614575386047, 0.19109365344047546, 0.1849627047777176, 0.1865386664867401, 0.18311642110347748, 0.19015023112297058, 0.1899198293685913, 0.19298239052295685, 0.19718492031097412, 0.1969587206840515, 0.19723929464817047, 0.19647586345672607, 0.20303942263126373, 0.21037550270557404, 0.21469207108020782, 0.22243176400661469, 0.21993857622146606, 0.22621896862983704, 0.23611822724342346, 0.23068740963935852, 0.2399493008852005, 0.24534529447555542, 0.25680992007255554, 0.24750390648841858, 0.25164180994033813, 0.24469581246376038, 0.24647073447704315];[-4.32952880859375, -4.3019890785217285, -4.21260929107666, -4.164399147033691, -4.0452985763549805, -4.015212059020996, -3.9291739463806152, -4.03241491317749, -3.9400808811187744, -4.062585830688477, -4.056551456451416, -4.100767612457275, -4.219170093536377, -4.225353240966797, -4.2548089027404785, -4.266573429107666, -4.389801502227783, -4.544380187988281, -4.667684078216553, -4.71005392074585, -4.657290458679199, -4.831331253051758, -5.027927875518799, -4.959589004516602, -5.119626045227051, -5.279844284057617, -5.4704179763793945, -5.318626880645752, -5.476099967956543, -5.255789279937744, -5.309797286987305];[0.43207305669784546, 0.4323178827762604, 0.4097498655319214, 0.3912506699562073, 0.35883408784866333, 0.3469969630241394, 0.32597458362579346, 0.35834482312202454, 0.3752405643463135, 0.3822266757488251, 0.437366783618927, 0.46477723121643066, 0.5001633167266846, 0.519957423210144, 0.5672252774238586, 0.501506507396698, 0.4690001904964447, 0.5164631009101868, 0.42473939061164856, 0.4401070773601532, 0.4895693361759186, 0.509760320186615, 0.502529501914978, 0.4900786280632019, 0.43679550290107727, 0.20307759940624237, 0.13020628690719604, 0.16842304170131683, 0.12864336371421814, 0.11021199077367783];1386.496575832367
800;[1.1682668924331665, 1.1607433557510376, 1.1695019006729126, 1.181743860244751, 1.1826844215393066, 1.1808319091796875, 1.1772691011428833, 1.1830607652664185, 1.1833453178405762, 1.193036675453186, 1.196185827255249, 1.1881664991378784, 1.1837800741195679, 1.1929312944412231, 1.210264801979065, 1.2197144031524658, 1.2055459022521973, 1.211164951324463, 1.2166815996170044, 1.2139780521392822, 1.224985122680664, 1.2291429042816162, 1.2366474866867065, 1.236343264579773, 1.2355396747589111, 1.2358405590057373, 1.2324833869934082, 1.235148549079895, 1.2345118522644043, 1.223427176475525, 1.2258882522583008];[0.09422265738248825, 0.08501400053501129, 0.08687648177146912, 0.09069511294364929, 0.09132388234138489, 0.0889798030257225, 0.0895058736205101, 0.09633728116750717, 0.0997292622923851, 0.10910187661647797, 0.11379477381706238, 0.1056843250989914, 0.10227533429861069, 0.10985279828310013, 0.12092336267232895, 0.12481702119112015, 0.12182130664587021, 0.125068798661232, 0.13250091671943665, 0.1385938972234726, 0.15161797404289246, 0.15666134655475616, 0.1622823178768158, 0.1665797382593155, 0.1663239747285843, 0.1656627655029297, 0.16419897973537445, 0.16554264724254608, 0.1650516390800476, 0.15856680274009705, 0.1603640764951706];[-2.1480984687805176, -2.063354015350342, -2.0613818168640137, -2.0832226276397705, -2.056119680404663, -2.0324506759643555, -2.0528476238250732, -2.0996830463409424, -2.1496076583862305, -2.232422351837158, -2.2924134731292725, -2.2413172721862793, -2.2048962116241455, -2.2689857482910156, -2.3461475372314453, -2.3836188316345215, -2.35359525680542, -2.368041515350342, -2.510455369949341, -2.5185348987579346, -2.646986722946167, -2.7210683822631836, -2.7758593559265137, -2.7975306510925293, -2.80017352104187, -2.7963175773620605, -2.772944927215576, -2.7972071170806885, -2.8014976978302, -2.7212700843811035, -2.7513842582702637];[0.43543270230293274, 0.42928650975227356, 0.4110949635505676, 0.3751928210258484, 0.3619411289691925, 0.3440525233745575, 0.37706297636032104, 0.3886985778808594, 0.4017474949359894, 0.43324366211891174, 0.4657500088214874, 0.41373875737190247, 0.48623862862586975, 0.48253941535949707, 0.44025179743766785, 0.414806067943573, 0.4665641188621521, 0.49700239300727844, 0.5250101685523987, 0.504202127456665, 0.5409282445907593, 0.39140307903289795, 0.37420421838760376, 0.31338322162628174, 0.20907007157802582, 0.23540744185447693, 0.17431744933128357, 0.13330547511577606, 0.1269291192293167, 0.11599348485469818];1392.1667649745941
800;[1.6170990467071533, 1.6113312244415283, 1.6171624660491943, 1.6265809535980225, 1.6275529861450195, 1.6280471086502075, 1.6225639581680298, 1.6280332803726196, 1.6250075101852417, 1.6308659315109253, 1.628114938735962, 1.6257922649383545, 1.6287388801574707, 1.6367666721343994, 1.651800513267517, 1.662806510925293, 1.6541801691055298, 1.666732668876648, 1.6670427322387695, 1.6738989353179932, 1.6836453676223755, 1.685826063156128, 1.698095440864563, 1.6951484680175781, 1.6843516826629639, 1.6785385608673096, 1.6707059144973755, 1.6707574129104614, 1.669064998626709, 1.658266544342041, 1.65755033493042];[0.19475021958351135, 0.18665054440498352, 0.188110813498497, 0.18813779950141907, 0.1876523643732071, 0.185480535030365, 0.18558399379253387, 0.18681636452674866, 0.1885383278131485, 0.19184072315692902, 0.19405041635036469, 0.19166994094848633, 0.1958000659942627, 0.20143359899520874, 0.21507257223129272, 0.2244671881198883, 0.22537487745285034, 0.23315128684043884, 0.23323370516300201, 0.23929037153720856, 0.24586458504199982, 0.2477818876504898, 0.2536744773387909, 0.25280940532684326, 0.24922707676887512, 0.24563580751419067, 0.24254582822322845, 0.24334998428821564, 0.24337300658226013, 0.23798277974128723, 0.23861856758594513];[-4.297055244445801, -4.111380100250244, -4.129054546356201, -4.052490711212158, -4.008932113647461, -3.946845769882202, -3.998748540878296, -3.9693965911865234, -4.047488212585449, -4.14678430557251, -4.188576698303223, -4.173702239990234, -4.236048221588135, -4.315404891967773, -4.496697425842285, -4.762835502624512, -4.772908687591553, -4.936661720275879, -5.011993885040283, -5.0938801765441895, -5.225544452667236, -5.283666610717773, -5.398684501647949, -5.373691558837891, -5.2956132888793945, -5.249393463134766, -5.226121425628662, -5.23655366897583, -5.239389419555664, -5.153054237365723, -5.166866302490234];[0.43543270230293274, 0.4285615086555481, 0.40272393822669983, 0.37134096026420593, 0.37151074409484863, 0.33447596430778503, 0.37128928303718567, 0.3199077248573303, 0.3517864942550659, 0.36318066716194153, 0.3931111991405487, 0.41003158688545227, 0.3990165889263153, 0.36627328395843506, 0.3865763545036316, 0.3762534558773041, 0.3749505579471588, 0.27668964862823486, 0.25489288568496704, 0.2177588939666748, 0.14704668521881104, 0.1157330721616745, 0.08490367233753204, 0.08141686767339706, 0.09905393421649933, 0.10441482067108154, 0.10851500183343887, 0.09964399039745331, 0.0883038341999054, 0.07631800323724747];1390.0766184329987
850;[1.1644517183303833, 1.1608129739761353, 1.1666334867477417, 1.1742756366729736, 1.1859599351882935, 1.1898736953735352, 1.1827353239059448, 1.1815142631530762, 1.1748862266540527, 1.196828842163086, 1.1974873542785645, 1.1945338249206543, 1.1895021200180054, 1.2040766477584839, 1.2072697877883911, 1.2000635862350464, 1.19374680519104, 1.1989209651947021, 1.2082934379577637, 1.196709156036377, 1.1923770904541016, 1.19215726852417, 1.1831899881362915, 1.1787397861480713, 1.1912471055984497, 1.1792114973068237, 1.1748168468475342, 1.1797785758972168, 1.1798162460327148, 1.1862248182296753, 1.1903765201568604];[0.09424109756946564, 0.08381804823875427, 0.08456792682409286, 0.0845099613070488, 0.09454858303070068, 0.0943942740559578, 0.09100862592458725, 0.09233434498310089, 0.08776325732469559, 0.10170596092939377, 0.10321284085512161, 0.10400712490081787, 0.10062433034181595, 0.11286606639623642, 0.11809143424034119, 0.12213315069675446, 0.1179087907075882, 0.12444119155406952, 0.13447247445583344, 0.12537315487861633, 0.12577727437019348, 0.12402068078517914, 0.11464761942625046, 0.11650567501783371, 0.12402665615081787, 0.11779385805130005, 0.11612784117460251, 0.11641095578670502, 0.11869373917579651, 0.12967368960380554, 0.1325661838054657];[-2.1420042514801025, -2.0432682037353516, -2.0183310508728027, -1.9982634782791138, -2.06428861618042, -2.0646986961364746, -2.0531678199768066, -2.064605236053467, -2.034271478652954, -2.119466543197632, -2.1351747512817383, -2.157277822494507, -2.135667562484741, -2.2534751892089844, -2.3232998847961426, -2.380434989929199, -2.3491599559783936, -2.391223907470703, -2.5064094066619873, -2.399986743927002, -2.4362380504608154, -2.389280319213867, -2.326965808868408, -2.359757423400879, -2.417529821395874, -2.333186388015747, -2.349989414215088, -2.3663744926452637, -2.3997066020965576, -2.495487928390503, -2.53011155128479];[0.43179649114608765, 0.4047996699810028, 0.3714408576488495, 0.3315797746181488, 0.3150874078273773, 0.336534321308136, 0.33379998803138733, 0.34166470170021057, 0.3316829204559326, 0.35635268688201904, 0.38471662998199463, 0.36122891306877136, 0.3274632394313812, 0.3448902666568756, 0.42181968688964844, 0.4096333980560303, 0.4217437505722046, 0.38526248931884766, 0.448638379573822, 0.4258647561073303, 0.4231145977973938, 0.37227684259414673, 0.4489595592021942, 0.46688827872276306, 0.47132638096809387, 0.457042396068573, 0.4771507680416107, 0.5171256065368652, 0.5428481698036194, 0.5855306386947632];1410.9825131893158
850;[1.6162211894989014, 1.6122779846191406, 1.618107557296753, 1.6273236274719238, 1.6358740329742432, 1.631604790687561, 1.6271826028823853, 1.622323989868164, 1.6181691884994507, 1.6374441385269165, 1.6418771743774414, 1.6421642303466797, 1.6349009275436401, 1.6478493213653564, 1.6453545093536377, 1.6454745531082153, 1.6431924104690552, 1.6497012376785278, 1.659565806388855, 1.645966649055481, 1.6459262371063232, 1.6536972522735596, 1.6543264389038086, 1.6481997966766357, 1.6634788513183594, 1.64246666431427, 1.6407297849655151, 1.6422309875488281, 1.6549863815307617, 1.6554279327392578, 1.6669361591339111];[0.19707980751991272, 0.1868031919002533, 0.1819167286157608, 0.18491193652153015, 0.19051674008369446, 0.18448208272457123, 0.18199406564235687, 0.18377909064292908, 0.18198606371879578, 0.18929581344127655, 0.19430385529994965, 0.19482675194740295, 0.1942138969898224, 0.19802840054035187, 0.19962944090366364, 0.19995982944965363, 0.19936509430408478, 0.20476315915584564, 0.21117521822452545, 0.21046791970729828, 0.2146690934896469, 0.22109417617321014, 0.217837393283844, 0.22181002795696259, 0.22678571939468384, 0.2221471220254898, 0.22213804721832275, 0.225570946931839, 0.23227368295192719, 0.23294420540332794, 0.23840580880641937];[-4.311631679534912, -4.088232517242432, -3.8839492797851562, -3.796443462371826, -3.836347818374634, -3.869112968444824, -3.8711373805999756, -3.922818183898926, -3.9037363529205322, -3.9527623653411865, -4.107966899871826, -4.191023349761963, -4.190810680389404, -4.259965419769287, -4.30878210067749, -4.337958335876465, -4.3014421463012695, -4.438766002655029, -4.5622239112854, -4.564006328582764, -4.6677422523498535, -4.792276859283447, -4.759491443634033, -4.845814228057861, -4.928884506225586, -4.8339152336120605, -4.843189716339111, -4.927548408508301, -5.060036659240723, -5.068735122680664, -5.173491954803467];[0.43179649114608765, 0.40955087542533875, 0.3511761426925659, 0.2418428510427475, 0.243346706032753, 0.31057387590408325, 0.3268181383609772, 0.34885865449905396, 0.34089869260787964, 0.31215834617614746, 0.3266599476337433, 0.3450891971588135, 0.3574155271053314, 0.37372085452079773, 0.4145459830760956, 0.4054695665836334, 0.3561830222606659, 0.41756924986839294, 0.38996562361717224, 0.4951074719429016, 0.5368467569351196, 0.5179176926612854, 0.547691822052002, 0.5521128177642822, 0.576045036315918, 0.6041204929351807, 0.5778805017471313, 0.5053722858428955, 0.5543222427368164, 0.5410076379776001];1404.3337922096252
900;[1.1650480031967163, 1.163515567779541, 1.166193962097168, 1.171981930732727, 1.1540799140930176, 1.1576459407806396, 1.162092685699463, 1.162335991859436, 1.1577001810073853, 1.1482436656951904, 1.142602801322937, 1.1578190326690674, 1.1445469856262207, 1.1459540128707886, 1.1469216346740723, 1.139218807220459, 1.137484073638916, 1.1362477540969849, 1.140684962272644, 1.1318752765655518, 1.1336371898651123, 1.1284947395324707, 1.1379351615905762, 1.1293525695800781, 1.129324197769165, 1.131600022315979, 1.137121558189392, 1.1359142065048218, 1.1366474628448486, 1.1367990970611572, 1.1334834098815918];[0.09241397678852081, 0.09310813993215561, 0.09261718392372131, 0.09397834539413452, 0.0904615968465805, 0.0906551405787468, 0.09322123974561691, 0.09326792508363724, 0.10546112060546875, 0.10295332968235016, 0.10184449702501297, 0.11122043430805206, 0.10522188991308212, 0.10315363109111786, 0.10087432712316513, 0.09916180372238159, 0.10217342525720596, 0.10450033843517303, 0.10438229888677597, 0.10130122303962708, 0.1013236939907074, 0.10026928037405014, 0.10468374937772751, 0.10011845827102661, 0.10055137425661087, 0.10202962905168533, 0.10493872314691544, 0.10332769900560379, 0.10523511469364166, 0.10601474344730377, 0.10231013596057892];[-2.1372082233428955, -2.125261068344116, -2.136695146560669, -2.1276116371154785, -2.1234583854675293, -2.115255117416382, -2.1448864936828613, -2.157547950744629, -2.260809898376465, -2.2607734203338623, -2.256847620010376, -2.3381776809692383, -2.2927823066711426, -2.273921012878418, -2.2495195865631104, -2.24202299118042, -2.273946523666382, -2.2944271564483643, -2.29978084564209, -2.2642555236816406, -2.270968198776245, -2.2619950771331787, -2.2976768016815186, -2.264335870742798, -2.2676427364349365, -2.279907703399658, -2.3120858669281006, -2.296820878982544, -2.3073463439941406, -2.308847665786743, -2.2840893268585205];[0.4415842294692993, 0.4258006811141968, 0.42454373836517334, 0.4376395642757416, 0.4602983891963959, 0.4582866132259369, 0.47998565435409546, 0.45551151037216187, 0.4857938587665558, 0.5026179552078247, 0.6228741407394409, 0.6593306660652161, 0.577971339225769, 0.628661572933197, 0.5270392298698425, 0.6341509222984314, 0.6661618947982788, 0.39823997020721436, 0.6295298933982849, 0.4392630457878113, 0.4118044376373291, 0.5631219148635864, 0.3965778648853302, 0.43652451038360596, 0.5310850143432617, 0.20669889450073242, 0.155425563454628, 0.33473631739616394, 0.24640944600105286, 0.4551551640033722];1422.2077543735504
900;[1.6162954568862915, 1.6135445833206177, 1.6148557662963867, 1.621921181678772, 1.6066104173660278, 1.6088032722473145, 1.612274408340454, 1.612245798110962, 1.6121898889541626, 1.6073907613754272, 1.6073510646820068, 1.6184288263320923, 1.6101951599121094, 1.6190334558486938, 1.6255263090133667, 1.6269822120666504, 1.6109199523925781, 1.6150516271591187, 1.6215537786483765, 1.6101059913635254, 1.618293046951294, 1.6139881610870361, 1.6216766834259033, 1.6185857057571411, 1.6179438829421997, 1.6257895231246948, 1.6212139129638672, 1.629205584526062, 1.6197513341903687, 1.6259883642196655, 1.619202733039856];[0.1951165646314621, 0.19551560282707214, 0.19850899279117584, 0.19919180870056152, 0.20411865413188934, 0.20358730852603912, 0.20942440629005432, 0.2113826721906662, 0.21793979406356812, 0.21760547161102295, 0.21785953640937805, 0.22235311567783356, 0.22015130519866943, 0.22360874712467194, 0.2266846001148224, 0.22686901688575745, 0.22107113897800446, 0.2237178236246109, 0.22369104623794556, 0.22239920496940613, 0.22405418753623962, 0.22316968441009521, 0.22576908767223358, 0.22453780472278595, 0.22442686557769775, 0.2270231395959854, 0.22464515268802643, 0.22698652744293213, 0.22503790259361267, 0.2295321673154831, 0.22397227585315704];[-4.307248115539551, -4.275102138519287, -4.399211406707764, -4.371986389160156, -4.5063157081604, -4.490642070770264, -4.639406204223633, -4.71464729309082, -4.827319622039795, -4.821403503417969, -4.828668594360352, -4.910330295562744, -4.874910831451416, -4.941500663757324, -4.990729808807373, -4.996859073638916, -4.905190467834473, -4.93889045715332, -4.964469909667969, -4.9098687171936035, -4.951641082763672, -4.931973457336426, -4.977164268493652, -4.94903564453125, -4.947320461273193, -5.000503063201904, -4.983946323394775, -5.010830402374268, -4.96883487701416, -5.021397590637207, -4.955219268798828];[0.4415842294692993, 0.4388425648212433, 0.46468183398246765, 0.47067177295684814, 0.4387623071670532, 0.48661553859710693, 0.4867386817932129, 0.47479477524757385, 0.56382155418396, 0.4541739821434021, 0.3943503499031067, 0.3601933717727661, 0.4108866751194, 0.19119839370250702, 0.3324728310108185, 0.4754720628261566, 0.17931883037090302, 0.23709729313850403, 0.16664478182792664, 0.25074464082717896, 0.3932352662086487, 0.17648744583129883, 0.1675068885087967, 0.17765040695667267, 0.21789906919002533, 0.18265382945537567, 0.6024630665779114, 0.22498324513435364, 0.1889847069978714, 0.1652107685804367];1410.6447525024414
950;[1.161017894744873, 1.1546063423156738, 1.1594480276107788, 1.16361665725708, 1.165586233139038, 1.170807957649231, 1.1738923788070679, 1.1738570928573608, 1.1788954734802246, 1.1697851419448853, 1.1700568199157715, 1.168083906173706, 1.1592131853103638, 1.1644530296325684, 1.1574734449386597, 1.153536319732666, 1.15655517578125, 1.1586506366729736, 1.149996042251587, 1.1514853239059448, 1.149509310722351, 1.1616343259811401, 1.1521520614624023, 1.156150221824646, 1.1608237028121948, 1.1630336046218872, 1.1567788124084473, 1.1650828123092651, 1.161034107208252, 1.1614441871643066, 1.1588118076324463];[0.09037106484174728, 0.08331641554832458, 0.08201862126588821, 0.08279208093881607, 0.08501484990119934, 0.09090364724397659, 0.08844172954559326, 0.09245973080396652, 0.1035943478345871, 0.09986875206232071, 0.10324767976999283, 0.10632018744945526, 0.10211972892284393, 0.10431721061468124, 0.10240989923477173, 0.10101526230573654, 0.10616228729486465, 0.1034674420952797, 0.10111913084983826, 0.10692236572504044, 0.10459482669830322, 0.11404692381620407, 0.10842137038707733, 0.11424964666366577, 0.11782623827457428, 0.11999092251062393, 0.11612715572118759, 0.12092406302690506, 0.11855059862136841, 0.11888385564088821, 0.11803238093852997];[-2.1327083110809326, -2.0585527420043945, -2.0235424041748047, -2.0335893630981445, -2.0400493144989014, -2.072848081588745, -2.057054281234741, -2.0847551822662354, -2.163240671157837, -2.1787142753601074, -2.2187047004699707, -2.2576608657836914, -2.2499725818634033, -2.2528765201568604, -2.249316692352295, -2.2291836738586426, -2.279815912246704, -2.2674717903137207, -2.247070074081421, -2.2985832691192627, -2.287977457046509, -2.353987216949463, -2.315593957901001, -2.3588640689849854, -2.3927173614501953, -2.401315450668335, -2.395118236541748, -2.4268100261688232, -2.4051079750061035, -2.3948638439178467, -2.4150078296661377];[0.477462500333786, 0.4203471541404724, 0.42431288957595825, 0.38026443123817444, 0.3879470229148865, 0.40495145320892334, 0.41489267349243164, 0.5065017342567444, 0.47273901104927063, 0.5360729098320007, 0.4811183512210846, 0.46712788939476013, 0.5983245968818665, 0.6068540215492249, 0.4389386773109436, 0.5829756259918213, 0.48294535279273987, 0.49735400080680847, 0.5277827382087708, 0.5497899651527405, 0.5636203289031982, 0.551977813243866, 0.6042678356170654, 0.5815009474754333, 0.48170366883277893, 0.587470531463623, 0.45428839325904846, 0.4136139154434204, 0.4238097071647644, 0.45230796933174133];1408.250827074051
950;[1.6131248474121094, 1.6074984073638916, 1.6165672540664673, 1.6210910081863403, 1.6179563999176025, 1.6201691627502441, 1.6224806308746338, 1.6177842617034912, 1.6213752031326294, 1.6120893955230713, 1.6135096549987793, 1.617673397064209, 1.6114698648452759, 1.6199088096618652, 1.6177489757537842, 1.6175882816314697, 1.6165199279785156, 1.6183003187179565, 1.6140456199645996, 1.6258454322814941, 1.6196686029434204, 1.6240661144256592, 1.626549243927002, 1.6207590103149414, 1.6333624124526978, 1.629149317741394, 1.6413755416870117, 1.6298021078109741, 1.6346421241760254, 1.6414982080459595, 1.6470879316329956];[0.19331327080726624, 0.18884311616420746, 0.1872289478778839, 0.18496669828891754, 0.1877102106809616, 0.1870393306016922, 0.18526355922222137, 0.18419264256954193, 0.19251087307929993, 0.1916249394416809, 0.20005732774734497, 0.20688821375370026, 0.20538286864757538, 0.20947209000587463, 0.20789800584316254, 0.2072480022907257, 0.21026968955993652, 0.21252210438251495, 0.21617792546749115, 0.22213338315486908, 0.22067031264305115, 0.22421976923942566, 0.22428859770298004, 0.22355049848556519, 0.22962845861911774, 0.22887715697288513, 0.23360297083854675, 0.2278062105178833, 0.2303285151720047, 0.23257464170455933, 0.23516418039798737];[-4.304348468780518, -4.181919097900391, -4.10415506362915, -4.0592451095581055, -4.100252151489258, -4.0231099128723145, -3.976850986480713, -4.007645606994629, -4.1006550788879395, -4.180611610412598, -4.400322437286377, -4.572933197021484, -4.560281276702881, -4.64448881149292, -4.58927059173584, -4.540979862213135, -4.623902797698975, -4.716121673583984, -4.78687858581543, -4.884719371795654, -4.886670112609863, -4.92014741897583, -4.939037322998047, -4.913483142852783, -5.029321670532227, -4.996849060058594, -5.0862860679626465, -5.000380992889404, -5.039913177490234, -5.057126045227051, -5.140276908874512];[0.477462500333786, 0.41995829343795776, 0.41013598442077637, 0.3989502489566803, 0.3984202444553375, 0.3975992202758789, 0.34220337867736816, 0.35237812995910645, 0.43974730372428894, 0.49479061365127563, 0.5367985963821411, 0.5196141600608826, 0.47873353958129883, 0.5164477825164795, 0.4974822402000427, 0.5015190243721008, 0.5504990220069885, 0.5885503888130188, 0.6776813268661499, 0.5683203339576721, 0.5157045125961304, 0.49402764439582825, 0.509594738483429, 0.440229594707489, 0.32139092683792114, 0.39110174775123596, 0.61464923620224, 0.529639482498169, 0.548229992389679, 0.6402897834777832];1410.833357334137
1000;[1.1615561246871948, 1.1566722393035889, 1.1589843034744263, 1.165563702583313, 1.1760919094085693, 1.1825671195983887, 1.1940910816192627, 1.1897563934326172, 1.1960742473602295, 1.2019801139831543, 1.1991626024246216, 1.190187931060791, 1.1891920566558838, 1.1854900121688843, 1.1894516944885254, 1.194239616394043, 1.2128292322158813, 1.2222943305969238, 1.212165355682373, 1.2092021703720093, 1.206407904624939, 1.2056580781936646, 1.2039028406143188, 1.2152026891708374, 1.211357593536377, 1.207468032836914, 1.2055089473724365, 1.2073054313659668, 1.1978344917297363, 1.189026951789856, 1.1715565919876099];[0.0941038653254509, 0.09489081054925919, 0.09591670334339142, 0.0951356366276741, 0.1000838503241539, 0.10372870415449142, 0.10631456226110458, 0.1017720028758049, 0.11137651652097702, 0.11972636729478836, 0.11958138644695282, 0.10880932956933975, 0.11659102141857147, 0.11542888730764389, 0.11426912993192673, 0.1175653338432312, 0.13369114696979523, 0.14347581565380096, 0.13473282754421234, 0.13464099168777466, 0.13775181770324707, 0.1338026374578476, 0.13370715081691742, 0.13884413242340088, 0.1367197185754776, 0.14022190868854523, 0.1374051868915558, 0.13576960563659668, 0.1356649547815323, 0.1309669464826584, 0.12057476490736008];[-2.141822099685669, -2.171149253845215, -2.1687920093536377, -2.1485707759857178, -2.186347484588623, -2.2099931240081787, -2.2141358852386475, -2.177004814147949, -2.2562148571014404, -2.3219921588897705, -2.3524558544158936, -2.251023054122925, -2.3179640769958496, -2.3328402042388916, -2.337129592895508, -2.352909803390503, -2.491610050201416, -2.60204815864563, -2.4899520874023438, -2.492047071456909, -2.521498918533325, -2.500558853149414, -2.4607648849487305, -2.5125811100006104, -2.492431402206421, -2.5435285568237305, -2.5169637203216553, -2.5022926330566406, -2.5120909214019775, -2.494662046432495, -2.4140098094940186];[0.4151111841201782, 0.45573690533638, 0.4395848214626312, 0.4326906204223633, 0.4299543499946594, 0.45831534266471863, 0.4618039131164551, 0.4294785261154175, 0.46893128752708435, 0.511237621307373, 0.5669578313827515, 0.4816283583641052, 0.5233290791511536, 0.4831409156322479, 0.49776381254196167, 0.5337305068969727, 0.5288926959037781, 0.5284261703491211, 0.5235444903373718, 0.557217001914978, 0.4537140727043152, 0.5078542232513428, 0.4253544509410858, 0.37955158948898315, 0.37656065821647644, 0.42529425024986267, 0.4349293112754822, 0.4684848189353943, 0.5075320601463318, 0.534572422504425];1405.5556206703186
1000;[1.6132582426071167, 1.6061407327651978, 1.6080936193466187, 1.6101808547973633, 1.621055245399475, 1.6171363592147827, 1.6276720762252808, 1.62653386592865, 1.629875898361206, 1.6335946321487427, 1.6312859058380127, 1.6316486597061157, 1.6438149213790894, 1.6419965028762817, 1.6500720977783203, 1.6450140476226807, 1.6586394309997559, 1.6736726760864258, 1.6620327234268188, 1.6655206680297852, 1.6689958572387695, 1.676511526107788, 1.6750385761260986, 1.6852326393127441, 1.6850495338439941, 1.6736562252044678, 1.6726796627044678, 1.6798659563064575, 1.6717712879180908, 1.6774919033050537, 1.6693860292434692];[0.19722311198711395, 0.20287691056728363, 0.20138788223266602, 0.18926724791526794, 0.19280779361724854, 0.19135195016860962, 0.1919233649969101, 0.19158700108528137, 0.19114859402179718, 0.1950315237045288, 0.19779635965824127, 0.20422032475471497, 0.21144598722457886, 0.21186940371990204, 0.21978925168514252, 0.22228796780109406, 0.22771218419075012, 0.23886141180992126, 0.2329726666212082, 0.23471081256866455, 0.24316920340061188, 0.24661533534526825, 0.24830834567546844, 0.2525451183319092, 0.2525251507759094, 0.24847742915153503, 0.24699999392032623, 0.2502996027469635, 0.2472074180841446, 0.24927210807800293, 0.24588292837142944];[-4.313696384429932, -4.5139970779418945, -4.44476842880249, -4.137020587921143, -4.1659746170043945, -4.123849391937256, -4.121028900146484, -4.14569616317749, -4.148033618927002, -4.228971481323242, -4.320445537567139, -4.44747257232666, -4.57211446762085, -4.6313252449035645, -4.829125881195068, -4.844310760498047, -4.941758632659912, -5.16327428817749, -5.0504255294799805, -5.060237407684326, -5.252568244934082, -5.339054584503174, -5.338410377502441, -5.435972213745117, -5.450353622436523, -5.343721866607666, -5.33380651473999, -5.390483856201172, -5.323529243469238, -5.375124454498291, -5.318405628204346];[0.4151111841201782, 0.45460161566734314, 0.4701210856437683, 0.3728353977203369, 0.41286900639533997, 0.4261105954647064, 0.4405708909034729, 0.41633340716362, 0.38979607820510864, 0.452362060546875, 0.4540700316429138, 0.4089810252189636, 0.432430237531662, 0.45015713572502136, 0.46798720955848694, 0.507789134979248, 0.5696220993995667, 0.5587325692176819, 0.6115275025367737, 0.5432035326957703, 0.3848807215690613, 0.19648048281669617, 0.11118605732917786, 0.06332521885633469, 0.051601849496364594, 0.041961655020713806, 0.035750407725572586, 0.04005271568894386, 0.04268134757876396, 0.036440033465623856];1395.0054683685303
1050;[1.1647053956985474, 1.1654384136199951, 1.175797462463379, 1.1747961044311523, 1.1790249347686768, 1.1711461544036865, 1.174432635307312, 1.1743112802505493, 1.1750675439834595, 1.1918286085128784, 1.1846684217453003, 1.188706398010254, 1.2051668167114258, 1.1934800148010254, 1.1864533424377441, 1.1721960306167603, 1.1679075956344604, 1.1662960052490234, 1.1565842628479004, 1.1598314046859741, 1.1570848226547241, 1.1533180475234985, 1.1597367525100708, 1.1699167490005493, 1.160136103630066, 1.165318489074707, 1.1554477214813232, 1.1691190004348755, 1.1712489128112793, 1.1547178030014038, 1.1608647108078003];[0.09442006051540375, 0.088599294424057, 0.09027884900569916, 0.08937732130289078, 0.09579063951969147, 0.0843992605805397, 0.08725576847791672, 0.08832896500825882, 0.09175806492567062, 0.1075090616941452, 0.10285235941410065, 0.11465954780578613, 0.1275726556777954, 0.12240299582481384, 0.12223229557275772, 0.11382443457841873, 0.11307103931903839, 0.11302140355110168, 0.11308549344539642, 0.11625168472528458, 0.11405830085277557, 0.11466166377067566, 0.11685223877429962, 0.12252399325370789, 0.11732794344425201, 0.12105928361415863, 0.11498408764600754, 0.12329831719398499, 0.1238456591963768, 0.11486972123384476, 0.11882498860359192];[-2.1373770236968994, -2.0926105976104736, -2.091221809387207, -2.0879175662994385, -2.1065115928649902, -2.041684627532959, -2.0323429107666016, -2.0562422275543213, -2.119809865951538, -2.2114882469177246, -2.2115426063537598, -2.3155014514923096, -2.4392943382263184, -2.3961293697357178, -2.4109339714050293, -2.3301215171813965, -2.337722063064575, -2.357909679412842, -2.352179765701294, -2.3770668506622314, -2.3778560161590576, -2.370516300201416, -2.3935117721557617, -2.4432787895202637, -2.397002696990967, -2.4225332736968994, -2.3713629245758057, -2.447012186050415, -2.4745090007781982, -2.3834023475646973, -2.4242446422576904];[0.4303419888019562, 0.421602725982666, 0.39356744289398193, 0.41207069158554077, 0.419804185628891, 0.4097127914428711, 0.3926905691623688, 0.3650248050689697, 0.4225820302963257, 0.4786928594112396, 0.502807080745697, 0.55782151222229, 0.5200405716896057, 0.4583549201488495, 0.52455735206604, 0.5434085130691528, 0.5638473033905029, 0.5435968041419983, 0.535096287727356, 0.5570560693740845, 0.5629661083221436, 0.51141756772995, 0.6224901080131531, 0.5891591310501099, 0.3009333908557892, 0.4219559133052826, 0.5703161358833313, 0.3563007414340973, 0.5808276534080505, 0.49758100509643555];1399.766096830368
1050;[1.6144083738327026, 1.616312026977539, 1.622982382774353, 1.6214946508407593, 1.6242461204528809, 1.617586612701416, 1.6188149452209473, 1.6165189743041992, 1.6146812438964844, 1.6298456192016602, 1.6290395259857178, 1.6276226043701172, 1.6401926279067993, 1.635008692741394, 1.640390157699585, 1.6226969957351685, 1.6238940954208374, 1.6235359907150269, 1.6169787645339966, 1.614426612854004, 1.6177526712417603, 1.612581491470337, 1.6143954992294312, 1.6299281120300293, 1.6228923797607422, 1.6210383176803589, 1.6198399066925049, 1.6222587823867798, 1.6385459899902344, 1.6225627660751343, 1.627892255783081];[0.1964011937379837, 0.19098511338233948, 0.19124005734920502, 0.18991397321224213, 0.196136474609375, 0.18365103006362915, 0.1869342029094696, 0.18631304800510406, 0.18623919785022736, 0.19025936722755432, 0.19497595727443695, 0.20385560393333435, 0.21233795583248138, 0.21247008442878723, 0.22018596529960632, 0.21405650675296783, 0.2146950662136078, 0.21521927416324615, 0.21519769728183746, 0.21641378104686737, 0.2202932983636856, 0.21937674283981323, 0.21956461668014526, 0.22502456605434418, 0.22323912382125854, 0.2242380678653717, 0.22302603721618652, 0.2248982936143875, 0.2310599982738495, 0.2248530387878418, 0.22719477117061615];[-4.290523529052734, -4.200902462005615, -4.169587135314941, -4.140634059906006, -4.2186970710754395, -4.03567361831665, -4.012130260467529, -3.9986512660980225, -4.049979209899902, -4.024930477142334, -4.23951530456543, -4.474544048309326, -4.666240692138672, -4.681214809417725, -4.782933235168457, -4.686961650848389, -4.7366533279418945, -4.765688419342041, -4.767701625823975, -4.794166564941406, -4.874451637268066, -4.839465618133545, -4.8481669425964355, -4.952795028686523, -4.928597927093506, -4.938575267791748, -4.920018672943115, -4.966783046722412, -5.0847578048706055, -4.965811729431152, -5.019855976104736];[0.4303419888019562, 0.4219520390033722, 0.4138852655887604, 0.42165130376815796, 0.4055596590042114, 0.40114134550094604, 0.4315306544303894, 0.40756726264953613, 0.42100781202316284, 0.40415874123573303, 0.4829402267932892, 0.5297161936759949, 0.5280090570449829, 0.5053329467773438, 0.5403053760528564, 0.6644636988639832, 0.5216971039772034, 0.5723856687545776, 0.6111876368522644, 0.5114884972572327, 0.40952828526496887, 0.5647959113121033, 0.57600998878479, 0.5979502201080322, 0.3177369236946106, 0.638072669506073, 0.3507795035839081, 0.24077141284942627, 0.30945274233818054, 0.19296477735042572];1382.9542381763458
1100;[1.157936930656433, 1.1739195585250854, 1.1771963834762573, 1.1970726251602173, 1.1958911418914795, 1.207996129989624, 1.2074425220489502, 1.2120800018310547, 1.2363786697387695, 1.2298282384872437, 1.2229214906692505, 1.2386847734451294, 1.2476696968078613, 1.243385672569275, 1.249760627746582, 1.2530946731567383, 1.2617849111557007, 1.2737410068511963, 1.2788938283920288, 1.286116123199463, 1.280096411705017, 1.3046575784683228, 1.285427451133728, 1.2900923490524292, 1.272980809211731, 1.2723417282104492, 1.2813315391540527, 1.2670270204544067, 1.2669355869293213, 1.2447913885116577, 1.2447489500045776];[0.09388509392738342, 0.09720524400472641, 0.0941704511642456, 0.10692500323057175, 0.10092382878065109, 0.10855357348918915, 0.10943128168582916, 0.11886856704950333, 0.13831062614917755, 0.1389794498682022, 0.14083421230316162, 0.15538665652275085, 0.16428935527801514, 0.16443940997123718, 0.16708317399024963, 0.1721077859401703, 0.1808500438928604, 0.18736016750335693, 0.1925106793642044, 0.19752758741378784, 0.19466230273246765, 0.20995692908763885, 0.19928236305713654, 0.20233896374702454, 0.19042417407035828, 0.1898820996284485, 0.1965980976819992, 0.18690770864486694, 0.18374834954738617, 0.17104773223400116, 0.17200402915477753];[-2.146003007888794, -2.1643903255462646, -2.114114284515381, -2.202796220779419, -2.140193462371826, -2.1997597217559814, -2.177773952484131, -2.262010335922241, -2.418342113494873, -2.4451382160186768, -2.4647157192230225, -2.5700182914733887, -2.709303617477417, -2.699289083480835, -2.7696523666381836, -2.802525043487549, -2.8775103092193604, -2.943181037902832, -2.998103141784668, -3.0580027103424072, -3.0068154335021973, -3.1908059120178223, -3.0530240535736084, -3.1129403114318848, -2.987269878387451, -2.9844090938568115, -3.026211738586426, -2.94008207321167, -2.9781253337860107, -2.826525926589966, -2.8388726711273193];[0.4383199214935303, 0.41208553314208984, 0.4303821921348572, 0.3989853262901306, 0.36816078424453735, 0.31550833582878113, 0.32368069887161255, 0.27305832505226135, 0.26608458161354065, 0.23983857035636902, 0.2209869921207428, 0.18652689456939697, 0.1800565868616104, 0.14785315096378326, 0.1317986696958542, 0.11842706054449081, 0.10104089230298996, 0.07490628957748413, 0.05410430207848549, 0.045736413449048996, 0.04060379043221474, 0.0383208692073822, 0.03553702309727669, 0.03409001976251602, 0.03316167742013931, 0.035813719034194946, 0.04404328390955925, 0.05022193863987923, 0.06484274566173553, 0.06774751096963882];1392.083178281784
1100;[1.6089624166488647, 1.6247363090515137, 1.624056100845337, 1.6457617282867432, 1.6453295946121216, 1.6595016717910767, 1.6594077348709106, 1.659456729888916, 1.6833422183990479, 1.6862980127334595, 1.683158040046692, 1.7021552324295044, 1.7135335206985474, 1.7119876146316528, 1.7208415269851685, 1.7209280729293823, 1.7294739484786987, 1.7425514459609985, 1.7418360710144043, 1.7461738586425781, 1.7389177083969116, 1.7586402893066406, 1.7401647567749023, 1.7454261779785156, 1.7344096899032593, 1.7386739253997803, 1.7512987852096558, 1.74259614944458, 1.7534388303756714, 1.7383674383163452, 1.7429264783859253];[0.19673621654510498, 0.1968853920698166, 0.19577856361865997, 0.20491132140159607, 0.2008974701166153, 0.21161940693855286, 0.2132282257080078, 0.22096000611782074, 0.2341615855693817, 0.2415168434381485, 0.24420684576034546, 0.2550763487815857, 0.2622765898704529, 0.2628113031387329, 0.26401618123054504, 0.2660706043243408, 0.2719103693962097, 0.2754574120044708, 0.276765376329422, 0.2788729667663574, 0.2762097418308258, 0.2842681407928467, 0.27734100818634033, 0.27919119596481323, 0.27374425530433655, 0.275929719209671, 0.2811988890171051, 0.27812397480010986, 0.2811785638332367, 0.27458494901657104, 0.2776118814945221];[-4.335400581359863, -4.308732032775879, -4.272390365600586, -4.38358736038208, -4.312515735626221, -4.523463726043701, -4.568409442901611, -4.679242134094238, -4.939498424530029, -5.095053195953369, -5.132251262664795, -5.326302528381348, -5.500964641571045, -5.521335601806641, -5.617148399353027, -5.619843482971191, -5.71902322769165, -5.81758975982666, -5.834513187408447, -5.88209342956543, -5.8065948486328125, -5.990968704223633, -5.824398517608643, -5.8900227546691895, -5.788498878479004, -5.820945739746094, -5.909816265106201, -5.838285446166992, -5.956197261810303, -5.808473587036133, -5.84979248046875];[0.4383199214935303, 0.4118539094924927, 0.41718652844429016, 0.4150000512599945, 0.3924522399902344, 0.3690738379955292, 0.3684900999069214, 0.3194909393787384, 0.27908334136009216, 0.20764604210853577, 0.16066353023052216, 0.13245031237602234, 0.1006944477558136, 0.054647296667099, 0.043370094150304794, 0.027473123744130135, 0.0192901361733675, 0.0165871512144804, 0.013775097206234932, 0.010389805771410465, 0.008406269364058971, 0.006434625014662743, 0.005808159243315458, 0.004642949905246496, 0.003883971134200692, 0.004100017715245485, 0.004125559236854315, 0.003791787661612034, 0.004696597345173359, 0.004670219495892525];1392.3337850570679
1150;[1.1722456216812134, 1.1556907892227173, 1.1715874671936035, 1.174943208694458, 1.1872730255126953, 1.1829698085784912, 1.1826385259628296, 1.1609845161437988, 1.164197564125061, 1.1665784120559692, 1.1597026586532593, 1.1519854068756104, 1.1494394540786743, 1.150734543800354, 1.1475285291671753, 1.1480234861373901, 1.1583729982376099, 1.150449275970459, 1.1512268781661987, 1.1494836807250977, 1.1437815427780151, 1.1459702253341675, 1.1451475620269775, 1.1456750631332397, 1.1456420421600342, 1.1378679275512695, 1.1351898908615112, 1.1371206045150757, 1.1407346725463867, 1.1418777704238892, 1.150181770324707];[0.09564739465713501, 0.08516067266464233, 0.09102940559387207, 0.09273647516965866, 0.09974648803472519, 0.09311234205961227, 0.09561683982610703, 0.09050782769918442, 0.09858375042676926, 0.10389120131731033, 0.10322505235671997, 0.10312779247760773, 0.10428211838006973, 0.10658824443817139, 0.10531683266162872, 0.10581568628549576, 0.11445915699005127, 0.1095896065235138, 0.11156582832336426, 0.11181574314832687, 0.10935883969068527, 0.11021590232849121, 0.10920779407024384, 0.1093667596578598, 0.10807595402002335, 0.10482896119356155, 0.10320238023996353, 0.10364106297492981, 0.10757177323102951, 0.10638119280338287, 0.11151058971881866];[-2.1440677642822266, -2.076036214828491, -2.090364456176758, -2.097992420196533, -2.1170313358306885, -2.0721399784088135, -2.112408399581909, -2.1187374591827393, -2.1741952896118164, -2.240102529525757, -2.2576348781585693, -2.2708237171173096, -2.279686450958252, -2.289306879043579, -2.2980713844299316, -2.2999322414398193, -2.3696630001068115, -2.3362720012664795, -2.3418943881988525, -2.3560166358947754, -2.3285396099090576, -2.3420891761779785, -2.335226535797119, -2.332367181777954, -2.319974899291992, -2.291921615600586, -2.291670322418213, -2.292712926864624, -2.3314507007598877, -2.316366195678711, -2.355074167251587];[0.41387519240379333, 0.4309355914592743, 0.39885860681533813, 0.38146427273750305, 0.3481072783470154, 0.3592311143875122, 0.40213581919670105, 0.4346047341823578, 0.4779631495475769, 0.5817133784294128, 0.5473531484603882, 0.6437258124351501, 0.5180575251579285, 0.5460361242294312, 0.5184749960899353, 0.6860874891281128, 0.6841089129447937, 0.6029781103134155, 0.484057754278183, 0.5598113536834717, 0.1774349957704544, 0.36969396471977234, 0.4864404797554016, 0.3506717383861542, 0.5751276016235352, 0.5360956788063049, 0.49493467807769775, 0.2802875339984894, 0.16280171275138855, 0.49254310131073];1410.2116899490356
1150;[1.6212307214736938, 1.6087032556533813, 1.6160469055175781, 1.6228646039962769, 1.6300128698349, 1.615942358970642, 1.6122037172317505, 1.5989793539047241, 1.598809838294983, 1.5989670753479004, 1.6006501913070679, 1.5941962003707886, 1.5965934991836548, 1.6003483533859253, 1.6049020290374756, 1.601503610610962, 1.605956792831421, 1.6011661291122437, 1.6022329330444336, 1.601330041885376, 1.6060078144073486, 1.6040986776351929, 1.606723427772522, 1.6087321043014526, 1.614082932472229, 1.6086565256118774, 1.6136456727981567, 1.6117148399353027, 1.61528742313385, 1.615808129310608, 1.616084337234497];[0.1956503838300705, 0.19024400413036346, 0.18461018800735474, 0.18889884650707245, 0.19135034084320068, 0.18343403935432434, 0.1934247463941574, 0.2025172859430313, 0.2084163874387741, 0.21211925148963928, 0.21237070858478546, 0.2112312614917755, 0.21314647793769836, 0.21527233719825745, 0.21674123406410217, 0.2159692943096161, 0.21870861947536469, 0.2159244567155838, 0.21711096167564392, 0.21734361350536346, 0.21951699256896973, 0.2180633246898651, 0.21960683166980743, 0.2202761322259903, 0.2222099006175995, 0.22080108523368835, 0.22151117026805878, 0.2206176519393921, 0.22376681864261627, 0.22301720082759857, 0.22359079122543335];[-4.288403511047363, -4.221188545227051, -4.0232415199279785, -4.0523295402526855, -4.017961025238037, -3.99715518951416, -4.265649795532227, -4.5175700187683105, -4.64662504196167, -4.723430633544922, -4.760347843170166, -4.749518394470215, -4.762415885925293, -4.797984600067139, -4.834318161010742, -4.82736349105835, -4.871867656707764, -4.839397430419922, -4.838645935058594, -4.844712257385254, -4.869892120361328, -4.852497100830078, -4.884487628936768, -4.887825965881348, -4.921817302703857, -4.891193866729736, -4.914257049560547, -4.904393196105957, -4.9590559005737305, -4.9408416748046875, -4.951140880584717];[0.41387519240379333, 0.4390489161014557, 0.3548305630683899, 0.3300990164279938, 0.30931851267814636, 0.37033897638320923, 0.42935287952423096, 0.4511118531227112, 0.48980942368507385, 0.46571072936058044, 0.47408515214920044, 0.607015073299408, 0.3221939504146576, 0.5668965578079224, 0.3908458352088928, 0.347286194562912, 0.15456144511699677, 0.12468895316123962, 0.19409486651420593, 0.16541442275047302, 0.2829491198062897, 0.5912766456604004, 0.1388341784477234, 0.25685569643974304, 0.22635242342948914, 0.2345021665096283, 0.3674679100513458, 0.1641344428062439, 0.19587773084640503, 0.11387043446302414];1394.1466553211212
1200;[1.1618475914001465, 1.1667293310165405, 1.171014666557312, 1.1730645895004272, 1.1878496408462524, 1.1830016374588013, 1.1643884181976318, 1.1651904582977295, 1.163491129875183, 1.1696606874465942, 1.176088809967041, 1.1694272756576538, 1.1645300388336182, 1.1712578535079956, 1.165913701057434, 1.170913577079773, 1.1650704145431519, 1.1662461757659912, 1.166094183921814, 1.167702078819275, 1.1720460653305054, 1.1710656881332397, 1.184969186782837, 1.1963698863983154, 1.180974006652832, 1.1976325511932373, 1.1874659061431885, 1.1815564632415771, 1.1787444353103638, 1.1839849948883057, 1.1719814538955688];[0.0929112583398819, 0.09234436601400375, 0.08743833750486374, 0.08642997592687607, 0.09105623513460159, 0.08858419209718704, 0.08079791814088821, 0.08150305598974228, 0.0894090011715889, 0.0980430394411087, 0.10948804765939713, 0.10645204782485962, 0.10822540521621704, 0.11320237070322037, 0.1117120236158371, 0.11726164817810059, 0.11636791378259659, 0.11649318784475327, 0.11600609123706818, 0.11930151283740997, 0.12499457597732544, 0.12378903478384018, 0.13221056759357452, 0.140764981508255, 0.13251672685146332, 0.14121146500110626, 0.1364445984363556, 0.13157406449317932, 0.13085253536701202, 0.13282008469104767, 0.12653397023677826];[-2.1336324214935303, -2.105992078781128, -2.05419659614563, -2.033675193786621, -2.0367965698242188, -2.0385379791259766, -1.9987046718597412, -2.0056655406951904, -2.097569465637207, -2.1890146732330322, -2.2879059314727783, -2.277179002761841, -2.2921407222747803, -2.3396496772766113, -2.331261396408081, -2.393008232116699, -2.371047258377075, -2.394665241241455, -2.3633430004119873, -2.4008188247680664, -2.443995952606201, -2.4400622844696045, -2.5248310565948486, -2.6124556064605713, -2.5061068534851074, -2.6092076301574707, -2.567837715148926, -2.519641876220703, -2.5247621536254883, -2.5480973720550537, -2.4712183475494385];[0.42660799622535706, 0.43020254373550415, 0.4009110629558563, 0.36409011483192444, 0.33242276310920715, 0.3601188361644745, 0.35552045702934265, 0.3660464882850647, 0.46558740735054016, 0.5486591458320618, 0.5039141178131104, 0.5411174297332764, 0.4600450098514557, 0.5074504613876343, 0.5629918575286865, 0.4903506338596344, 0.46158671379089355, 0.5177987217903137, 0.6220635771751404, 0.6319463849067688, 0.40297675132751465, 0.5568096041679382, 0.5714817643165588, 0.5036996006965637, 0.46360987424850464, 0.4547302722930908, 0.4810420870780945, 0.4165341258049011, 0.48155730962753296, 0.2336767613887787];1380.6672387123108
1200;[1.6125034093856812, 1.6147302389144897, 1.6224805116653442, 1.6288015842437744, 1.6427621841430664, 1.6372085809707642, 1.624595284461975, 1.6265310049057007, 1.6284414529800415, 1.629937767982483, 1.6397749185562134, 1.6314514875411987, 1.6223008632659912, 1.6300920248031616, 1.6211663484573364, 1.6234315633773804, 1.6303385496139526, 1.6265875101089478, 1.6104615926742554, 1.629006028175354, 1.6297318935394287, 1.6330006122589111, 1.6373817920684814, 1.6477586030960083, 1.6418899297714233, 1.6289854049682617, 1.6400138139724731, 1.6298952102661133, 1.6366146802902222, 1.6427890062332153, 1.6135756969451904];[0.19521841406822205, 0.19265933334827423, 0.1914544701576233, 0.19275616109371185, 0.19748477637767792, 0.19526144862174988, 0.19185678660869598, 0.1931510865688324, 0.19564425945281982, 0.20212437212467194, 0.21032187342643738, 0.20485375821590424, 0.20418930053710938, 0.20743457973003387, 0.20443151891231537, 0.19992461800575256, 0.20809663832187653, 0.20733024179935455, 0.20398540794849396, 0.21717801690101624, 0.21900048851966858, 0.2225145399570465, 0.22401654720306396, 0.22688940167427063, 0.22651514410972595, 0.22282958030700684, 0.22837413847446442, 0.22257234156131744, 0.22854012250900269, 0.22864317893981934, 0.22047531604766846];[-4.296892166137695, -4.198400974273682, -4.1453986167907715, -4.166661739349365, -4.243865013122559, -4.190922260284424, -4.170701026916504, -4.212407112121582, -4.236506462097168, -4.383771896362305, -4.51308536529541, -4.440955638885498, -4.478172779083252, -4.483477592468262, -4.438693523406982, -4.387184143066406, -4.488308429718018, -4.5173115730285645, -4.4894256591796875, -4.760308265686035, -4.812060356140137, -4.883465766906738, -4.920223712921143, -4.961551189422607, -4.932471752166748, -4.915112018585205, -4.991996765136719, -4.891909122467041, -5.002011299133301, -5.007867336273193, -4.872310161590576];[0.42660799622535706, 0.40517863631248474, 0.4026356339454651, 0.4035326838493347, 0.37692156434059143, 0.39140942692756653, 0.3718794882297516, 0.4266161024570465, 0.4470653235912323, 0.4641220271587372, 0.4684072732925415, 0.4422522485256195, 0.4542235732078552, 0.4780331552028656, 0.42319947481155396, 0.5320016741752625, 0.4009511172771454, 0.547110378742218, 0.5251650810241699, 0.5702375173568726, 0.576974093914032, 0.5844874382019043, 0.6222608685493469, 0.6974589824676514, 0.608009934425354, 0.5269508957862854, 0.5891516804695129, 0.5963231325149536, 0.4146614372730255, 0.6202285885810852];1403.353208065033
1250;[1.1603846549987793, 1.163507103919983, 1.1758962869644165, 1.178609848022461, 1.1961601972579956, 1.1933513879776, 1.2025219202041626, 1.2066869735717773, 1.217505693435669, 1.2329987287521362, 1.2283867597579956, 1.23531174659729, 1.242393970489502, 1.2241103649139404, 1.2196964025497437, 1.2363274097442627, 1.2192745208740234, 1.2218105792999268, 1.2169454097747803, 1.2400506734848022, 1.234043002128601, 1.2372195720672607, 1.2451192140579224, 1.2489668130874634, 1.2515701055526733, 1.2501072883605957, 1.2614717483520508, 1.2407549619674683, 1.2625916004180908, 1.2503176927566528, 1.257894515991211];[0.09141819924116135, 0.0906238779425621, 0.08773157745599747, 0.08852660655975342, 0.10000426322221756, 0.09953207522630692, 0.10803680121898651, 0.1123923808336258, 0.1256408989429474, 0.140827015042305, 0.14033953845500946, 0.14509233832359314, 0.14909781515598297, 0.13719700276851654, 0.1333862841129303, 0.1426854282617569, 0.13288302719593048, 0.13620175421237946, 0.1339637041091919, 0.15048937499523163, 0.15039652585983276, 0.15502236783504486, 0.16006961464881897, 0.16409505903720856, 0.16644008457660675, 0.1663156896829605, 0.17430344223976135, 0.16303932666778564, 0.17619876563549042, 0.16937634348869324, 0.17483548820018768];[-2.128469705581665, -2.1056933403015137, -2.0461089611053467, -2.0460965633392334, -2.1055424213409424, -2.0677261352539062, -2.133375406265259, -2.143453359603882, -2.238635540008545, -2.3508777618408203, -2.3433921337127686, -2.3625404834747314, -2.4312100410461426, -2.3336596488952637, -2.2939419746398926, -2.367652416229248, -2.3268752098083496, -2.353487491607666, -2.3528764247894287, -2.4839744567871094, -2.478931427001953, -2.5434517860412598, -2.603198289871216, -2.6719443798065186, -2.645676612854004, -2.677537679672241, -2.745331287384033, -2.6583008766174316, -2.781045913696289, -2.7454047203063965, -2.80045485496521];[0.43978598713874817, 0.4092339277267456, 0.3712356388568878, 0.37614840269088745, 0.3429248034954071, 0.3153632879257202, 0.30390018224716187, 0.2760145366191864, 0.2537889778614044, 0.20077922940254211, 0.18715964257717133, 0.1886034607887268, 0.18734298646450043, 0.17603987455368042, 0.16974443197250366, 0.18127760291099548, 0.15888291597366333, 0.1789039969444275, 0.18396735191345215, 0.15483082830905914, 0.13799631595611572, 0.12640801072120667, 0.11641169339418411, 0.10223966091871262, 0.09213335812091827, 0.08436933904886246, 0.07082056254148483, 0.07189927250146866, 0.07833723723888397, 0.06892099231481552];1399.6703453063965
1250;[1.6120461225509644, 1.6141258478164673, 1.6241315603256226, 1.6239537000656128, 1.6389719247817993, 1.6322197914123535, 1.6429330110549927, 1.6478632688522339, 1.660094976425171, 1.677817702293396, 1.6784265041351318, 1.689525842666626, 1.6987419128417969, 1.682645320892334, 1.677964210510254, 1.6930859088897705, 1.6782479286193848, 1.6807568073272705, 1.6806175708770752, 1.7018989324569702, 1.6997474431991577, 1.7033127546310425, 1.7138302326202393, 1.7177990674972534, 1.7200870513916016, 1.721072793006897, 1.730437159538269, 1.7134352922439575, 1.7336814403533936, 1.7230056524276733, 1.730079174041748];[0.19451381266117096, 0.19361582398414612, 0.18802501261234283, 0.18591424822807312, 0.19348296523094177, 0.19255487620830536, 0.19964009523391724, 0.2063925564289093, 0.21975907683372498, 0.23412130773067474, 0.238113671541214, 0.24344491958618164, 0.24718157947063446, 0.24157491326332092, 0.23833025991916656, 0.243947833776474, 0.23879016935825348, 0.24157607555389404, 0.24279169738292694, 0.25604671239852905, 0.2561401128768921, 0.2583545744419098, 0.26337701082229614, 0.2654603123664856, 0.2660718262195587, 0.2673414945602417, 0.2715112268924713, 0.26484328508377075, 0.2719840109348297, 0.26847103238105774, 0.2710264325141907];[-4.291416168212891, -4.250232696533203, -4.0392231941223145, -4.0045976638793945, -4.061729431152344, -3.9524552822113037, -4.082435607910156, -4.137136459350586, -4.378982067108154, -4.614081859588623, -4.7138447761535645, -4.824405670166016, -4.902034282684326, -4.871243953704834, -4.791082859039307, -4.912181854248047, -4.781235218048096, -4.895102500915527, -5.0042901039123535, -5.310632228851318, -5.375327110290527, -5.471409797668457, -5.560788154602051, -5.616196155548096, -5.614865779876709, -5.63889741897583, -5.730170726776123, -5.590816020965576, -5.746459484100342, -5.672075271606445, -5.72402811050415];[0.43978598713874817, 0.4109683036804199, 0.37721192836761475, 0.3753262162208557, 0.37694454193115234, 0.32801946997642517, 0.31397825479507446, 0.32325872778892517, 0.2817491888999939, 0.18622475862503052, 0.13076090812683105, 0.09640513360500336, 0.08465057611465454, 0.08886618167161942, 0.07736217975616455, 0.08899172395467758, 0.1095372661948204, 0.09129530191421509, 0.09077607095241547, 0.05927101895213127, 0.03448441997170448, 0.027848660945892334, 0.02540605515241623, 0.023504793643951416, 0.02104008197784424, 0.0198964960873127, 0.016451900824904442, 0.01639840006828308, 0.013071977533400059, 0.014761329628527164];1416.1235098838806
1300;[1.1659784317016602, 1.167104959487915, 1.1808006763458252, 1.1627610921859741, 1.1622120141983032, 1.1625010967254639, 1.1637624502182007, 1.1594955921173096, 1.176787257194519, 1.1698310375213623, 1.1723692417144775, 1.1746423244476318, 1.1692664623260498, 1.1782076358795166, 1.181546688079834, 1.1805782318115234, 1.1771906614303589, 1.1765425205230713, 1.1847491264343262, 1.1771669387817383, 1.1857149600982666, 1.1911942958831787, 1.1917216777801514, 1.1714729070663452, 1.1843318939208984, 1.1859827041625977, 1.1886008977890015, 1.1846628189086914, 1.17926025390625, 1.1777640581130981, 1.1709651947021484];[0.09495539218187332, 0.09964502602815628, 0.10731367021799088, 0.08818202465772629, 0.08305848389863968, 0.08257739245891571, 0.08635850250720978, 0.0884038433432579, 0.10187359154224396, 0.09978681057691574, 0.1017528846859932, 0.10594431310892105, 0.10453343391418457, 0.11226584017276764, 0.11556446552276611, 0.11555826663970947, 0.11199688166379929, 0.11558244377374649, 0.12356649339199066, 0.1217205673456192, 0.12778747081756592, 0.13109631836414337, 0.13547803461551666, 0.12209030240774155, 0.13313063979148865, 0.1344039887189865, 0.13598418235778809, 0.1340266317129135, 0.13133502006530762, 0.12802493572235107, 0.12619639933109283];[-2.1470539569854736, -2.194469690322876, -2.2575812339782715, -2.0924460887908936, -2.0257139205932617, -2.0110933780670166, -2.0502617359161377, -2.063046455383301, -2.1312551498413086, -2.127403497695923, -2.148239850997925, -2.2010419368743896, -2.2113442420959473, -2.2858071327209473, -2.3326382637023926, -2.3349928855895996, -2.31134033203125, -2.3358852863311768, -2.4086928367614746, -2.436469078063965, -2.502462863922119, -2.50606107711792, -2.544741153717041, -2.4279260635375977, -2.5169224739074707, -2.5213842391967773, -2.5470104217529297, -2.5513863563537598, -2.514920473098755, -2.4892234802246094, -2.471116542816162];[0.42677029967308044, 0.4497379958629608, 0.4438628554344177, 0.4079444706439972, 0.4339573383331299, 0.4545757472515106, 0.5005218982696533, 0.5430866479873657, 0.5419245958328247, 0.5040369033813477, 0.5796980261802673, 0.3610125780105591, 0.5917198061943054, 0.2905689775943756, 0.34454017877578735, 0.37095513939857483, 0.4113783836364746, 0.42115259170532227, 0.5659904479980469, 0.5978532433509827, 0.5524852275848389, 0.5400729179382324, 0.5645328164100647, 0.47913607954978943, 0.4657328724861145, 0.29933643341064453, 0.48876067996025085, 0.3122880756855011, 0.29792851209640503, 0.5873851776123047];1394.1783182621002
1300;[1.616513729095459, 1.6190115213394165, 1.6321748495101929, 1.6095141172409058, 1.611564040184021, 1.6089190244674683, 1.6064850091934204, 1.6116610765457153, 1.6163161993026733, 1.6031849384307861, 1.604902744293213, 1.6014893054962158, 1.6073119640350342, 1.6157044172286987, 1.615899682044983, 1.60860276222229, 1.6086868047714233, 1.6236470937728882, 1.6219494342803955, 1.613254189491272, 1.6229252815246582, 1.6178090572357178, 1.6178704500198364, 1.6005995273590088, 1.61118483543396, 1.6086938381195068, 1.61126708984375, 1.6121233701705933, 1.6172089576721191, 1.6156920194625854, 1.6182425022125244];[0.19622594118118286, 0.20824889838695526, 0.21572378277778625, 0.203390970826149, 0.20093512535095215, 0.20023725926876068, 0.1994037628173828, 0.20463424921035767, 0.20884209871292114, 0.20934610068798065, 0.2106834053993225, 0.21224382519721985, 0.2117505520582199, 0.2135915458202362, 0.21566283702850342, 0.2164752185344696, 0.21658365428447723, 0.22158361971378326, 0.2213553488254547, 0.21889516711235046, 0.22092904150485992, 0.21870192885398865, 0.22018781304359436, 0.21492886543273926, 0.21825194358825684, 0.21781158447265625, 0.2198558896780014, 0.22135838866233826, 0.22298605740070343, 0.22128018736839294, 0.22249917685985565];[-4.311828136444092, -4.587654113769531, -4.710671901702881, -4.513998985290527, -4.442491054534912, -4.413207530975342, -4.439648151397705, -4.5407586097717285, -4.621740341186523, -4.642494201660156, -4.682965278625488, -4.7198309898376465, -4.706915855407715, -4.739777088165283, -4.768213748931885, -4.784670352935791, -4.811641693115234, -4.884388446807861, -4.873103141784668, -4.847305774688721, -4.910316467285156, -4.864675998687744, -4.867855072021484, -4.800231456756592, -4.846590995788574, -4.822544574737549, -4.8709235191345215, -4.9087347984313965, -4.926758766174316, -4.901794910430908, -4.928647041320801];[0.42677029967308044, 0.4671825170516968, 0.4425189793109894, 0.483487069606781, 0.5033811926841736, 0.5152210593223572, 0.5690428614616394, 0.5527611374855042, 0.5436493158340454, 0.559208333492279, 0.5441945195198059, 0.5216314196586609, 0.4561685621738434, 0.46281757950782776, 0.588330090045929, 0.6274575591087341, 0.569176197052002, 0.5343803763389587, 0.5117696523666382, 0.606789767742157, 0.6643081307411194, 0.5791094899177551, 0.5710622668266296, 0.4890865087509155, 0.3870258033275604, 0.6620951294898987, 0.5078555941581726, 0.4182222783565521, 0.5605930685997009, 0.38521939516067505];1396.054292678833
1350;[1.1582492589950562, 1.163912296295166, 1.1689521074295044, 1.1627604961395264, 1.1583861112594604, 1.1554837226867676, 1.1561239957809448, 1.1589711904525757, 1.1598020792007446, 1.1635937690734863, 1.1587705612182617, 1.1655046939849854, 1.1632473468780518, 1.167135238647461, 1.168753981590271, 1.174989938735962, 1.164841890335083, 1.1707067489624023, 1.1680090427398682, 1.1741899251937866, 1.1783071756362915, 1.1778758764266968, 1.187784194946289, 1.185440182685852, 1.1841621398925781, 1.1890655755996704, 1.2003101110458374, 1.1956027746200562, 1.1865763664245605, 1.1945691108703613, 1.211083173751831];[0.09176962822675705, 0.10077176243066788, 0.10584450513124466, 0.10244583338499069, 0.0968954935669899, 0.09092980623245239, 0.0913456603884697, 0.09532993286848068, 0.09999949485063553, 0.10480734705924988, 0.1056235209107399, 0.10838485509157181, 0.1112486720085144, 0.11618981510400772, 0.11993036419153214, 0.12320148199796677, 0.11817330867052078, 0.12450410425662994, 0.1221921518445015, 0.1271095871925354, 0.12943777441978455, 0.13229477405548096, 0.13760171830654144, 0.13530418276786804, 0.1336701512336731, 0.13876128196716309, 0.14441873133182526, 0.14356322586536407, 0.13676300644874573, 0.14065587520599365, 0.14967095851898193];[-2.1378378868103027, -2.208327531814575, -2.259608507156372, -2.23004150390625, -2.178340435028076, -2.135972261428833, -2.1533358097076416, -2.182183265686035, -2.2275638580322266, -2.275153398513794, -2.278455972671509, -2.301546573638916, -2.322747230529785, -2.371187686920166, -2.4080581665039062, -2.432936906814575, -2.399538993835449, -2.4447922706604004, -2.433000326156616, -2.464052677154541, -2.500356912612915, -2.505246877670288, -2.5571088790893555, -2.5471625328063965, -2.524946689605713, -2.5750181674957275, -2.6287710666656494, -2.6071362495422363, -2.5435144901275635, -2.5941596031188965, -2.7318990230560303];[0.4448031187057495, 0.46298614144325256, 0.45581576228141785, 0.46556976437568665, 0.5322948694229126, 0.5349130630493164, 0.5020418763160706, 0.5201297998428345, 0.6337932348251343, 0.5667434930801392, 0.5121068954467773, 0.4844045042991638, 0.6044683456420898, 0.5544859170913696, 0.6042801737785339, 0.47844356298446655, 0.6515469551086426, 0.45954594016075134, 0.38584238290786743, 0.6073722243309021, 0.4210607409477234, 0.5273752808570862, 0.4806627333164215, 0.4771457612514496, 0.4511392116546631, 0.5045053958892822, 0.6176331639289856, 0.14427602291107178, 0.2985367476940155, 0.33955663442611694];1440.3217470645905
1350;[1.609508752822876, 1.6151140928268433, 1.624234914779663, 1.625428557395935, 1.623003363609314, 1.6156085729599, 1.6143317222595215, 1.616138219833374, 1.6169670820236206, 1.6183180809020996, 1.6229841709136963, 1.6182962656021118, 1.6177194118499756, 1.6215004920959473, 1.6205631494522095, 1.621253252029419, 1.613956093788147, 1.6184839010238647, 1.6122279167175293, 1.6126036643981934, 1.6179856061935425, 1.6182080507278442, 1.620862603187561, 1.6199167966842651, 1.6202343702316284, 1.6127660274505615, 1.6169527769088745, 1.6246309280395508, 1.618988275527954, 1.6181772947311401, 1.6273398399353027];[0.19505362212657928, 0.2106049805879593, 0.2167685329914093, 0.21315549314022064, 0.21177200973033905, 0.20790810883045197, 0.20636862516403198, 0.2077677696943283, 0.2077782303094864, 0.20640648901462555, 0.20895810425281525, 0.2123613953590393, 0.21915821731090546, 0.21900978684425354, 0.22173750400543213, 0.22171656787395477, 0.21836145222187042, 0.22127005457878113, 0.21855437755584717, 0.21984094381332397, 0.22236819565296173, 0.22571337223052979, 0.2249002754688263, 0.22461745142936707, 0.2240484207868576, 0.22171932458877563, 0.22216001152992249, 0.2271796613931656, 0.22490543127059937, 0.22424504160881042, 0.22716781497001648];[-4.322299003601074, -4.629678726196289, -4.7635722160339355, -4.66802453994751, -4.6330790519714355, -4.572852611541748, -4.546083927154541, -4.5556840896606445, -4.546953201293945, -4.510138988494873, -4.532663345336914, -4.657783031463623, -4.812412261962891, -4.839230537414551, -4.890084266662598, -4.901081562042236, -4.8576507568359375, -4.872142314910889, -4.863229274749756, -4.861751079559326, -4.918915271759033, -4.942923069000244, -4.952754974365234, -4.954784393310547, -4.936652660369873, -4.912895202636719, -4.9466776847839355, -4.99077033996582, -4.959818363189697, -4.952719211578369, -5.046513080596924];[0.4448031187057495, 0.4450685977935791, 0.47210875153541565, 0.47184598445892334, 0.534026563167572, 0.5455645322799683, 0.5187134146690369, 0.5034660696983337, 0.5343967080116272, 0.4674171507358551, 0.6540921330451965, 0.6271602511405945, 0.484218955039978, 0.5320205092430115, 0.6439135670661926, 0.4316254258155823, 0.5277397036552429, 0.40796518325805664, 0.41517361998558044, 0.47888901829719543, 0.5687060356140137, 0.3161090910434723, 0.330348938703537, 0.3436141908168793, 0.3317204713821411, 0.40404799580574036, 0.28368592262268066, 0.2381005585193634, 0.1739833950996399, 0.2002030611038208];1394.8262100219727
1400;[1.164467453956604, 1.1608444452285767, 1.1815317869186401, 1.190021276473999, 1.2021653652191162, 1.1981163024902344, 1.1914902925491333, 1.1969830989837646, 1.1937718391418457, 1.1951227188110352, 1.1838194131851196, 1.1798065900802612, 1.186080813407898, 1.1774921417236328, 1.181654930114746, 1.2008233070373535, 1.1952252388000488, 1.188881754875183, 1.1933625936508179, 1.19138503074646, 1.1894844770431519, 1.1781272888183594, 1.1808130741119385, 1.1858420372009277, 1.186248779296875, 1.1738686561584473, 1.1960701942443848, 1.2077564001083374, 1.1899187564849854, 1.1938350200653076, 1.2037452459335327];[0.09369491785764694, 0.08769132196903229, 0.09542698413133621, 0.09568119794130325, 0.11068365722894669, 0.10607254505157471, 0.10128931701183319, 0.1044824868440628, 0.1024220734834671, 0.1040491834282875, 0.0993807390332222, 0.09550017863512039, 0.09817343950271606, 0.09044528007507324, 0.09357716888189316, 0.10713768005371094, 0.10662375390529633, 0.10990395396947861, 0.1167294830083847, 0.11693979054689407, 0.11591113358736038, 0.11247771978378296, 0.11467942595481873, 0.12218046933412552, 0.12166960537433624, 0.11977223306894302, 0.1359608769416809, 0.14379891753196716, 0.13525664806365967, 0.1371401846408844, 0.14346976578235626];[-2.1511895656585693, -2.0757253170013428, -2.1227166652679443, -2.131171941757202, -2.213592052459717, -2.1899847984313965, -2.150071859359741, -2.1806094646453857, -2.165864944458008, -2.200441360473633, -2.1498868465423584, -2.112304925918579, -2.1282336711883545, -2.067783832550049, -2.0801820755004883, -2.2161951065063477, -2.2305893898010254, -2.269350051879883, -2.350585460662842, -2.3370254039764404, -2.3431968688964844, -2.3148984909057617, -2.342611789703369, -2.415419101715088, -2.4262359142303467, -2.398541212081909, -2.5506832599639893, -2.645585536956787, -2.531033515930176, -2.555818557739258, -2.614093065261841];[0.4568778872489929, 0.4237484335899353, 0.3986734449863434, 0.3456941545009613, 0.33515921235084534, 0.3313269019126892, 0.335453599691391, 0.311698853969574, 0.32590991258621216, 0.37099188566207886, 0.3807174265384674, 0.35932523012161255, 0.34820088744163513, 0.4080136716365814, 0.3866025507450104, 0.4780745506286621, 0.45475682616233826, 0.5001760125160217, 0.5265955328941345, 0.5521276593208313, 0.5255118012428284, 0.5286809802055359, 0.6529339551925659, 0.5000038146972656, 0.5801059603691101, 0.6467164754867554, 0.5840201377868652, 0.562559962272644, 0.6209478378295898, 0.5480092167854309];1397.3249757289886
1400;[1.6167819499969482, 1.611783504486084, 1.630849838256836, 1.649337887763977, 1.662911295890808, 1.665282130241394, 1.6640821695327759, 1.6782206296920776, 1.6755139827728271, 1.6684995889663696, 1.6585204601287842, 1.660239338874817, 1.6725726127624512, 1.6708875894546509, 1.6770236492156982, 1.7044123411178589, 1.703256607055664, 1.7136651277542114, 1.715054988861084, 1.7158619165420532, 1.7127691507339478, 1.7029536962509155, 1.7102975845336914, 1.7116228342056274, 1.7109057903289795, 1.7012929916381836, 1.7172168493270874, 1.7181235551834106, 1.701023817062378, 1.7004194259643555, 1.704883098602295];[0.19621329009532928, 0.19095119833946228, 0.1937517672777176, 0.20377309620380402, 0.21516554057598114, 0.21802504360675812, 0.21986617147922516, 0.22982637584209442, 0.2288832664489746, 0.21916522085666656, 0.21252597868442535, 0.2121918648481369, 0.22423182427883148, 0.23262180387973785, 0.2383815199136734, 0.2532559335231781, 0.25547119975090027, 0.26220375299453735, 0.26346659660339355, 0.2654399275779724, 0.2627308666706085, 0.25866299867630005, 0.26170629262924194, 0.26132914423942566, 0.2620411515235901, 0.2580568790435791, 0.2634252905845642, 0.2655097246170044, 0.2582961320877075, 0.25720036029815674, 0.2602856159210205];[-4.33158016204834, -4.177214622497559, -4.206836223602295, -4.428071022033691, -4.592442989349365, -4.614750862121582, -4.5906453132629395, -4.676170349121094, -4.736301422119141, -4.519619464874268, -4.4261674880981445, -4.3327836990356445, -4.577868938446045, -4.787204265594482, -4.924185752868652, -5.25187349319458, -5.321761608123779, -5.522683143615723, -5.538938522338867, -5.547826290130615, -5.5345001220703125, -5.4763569831848145, -5.530555725097656, -5.557330131530762, -5.562423229217529, -5.4729156494140625, -5.588901996612549, -5.648658275604248, -5.487725257873535, -5.479669570922852, -5.527482986450195];[0.4568778872489929, 0.4202817976474762, 0.39727783203125, 0.41023772954940796, 0.3491021394729614, 0.3024695813655853, 0.2653310000896454, 0.21347582340240479, 0.22278286516666412, 0.24836596846580505, 0.2795494794845581, 0.22494949400424957, 0.22170458734035492, 0.19258448481559753, 0.17109684646129608, 0.12419332563877106, 0.08542468398809433, 0.04669347405433655, 0.041647884994745255, 0.03928935527801514, 0.03365573287010193, 0.035452861338853836, 0.030374493449926376, 0.02709934674203396, 0.025360018014907837, 0.03061596304178238, 0.02989654615521431, 0.027651259675621986, 0.027637839317321777, 0.02510707639157772];1394.9680755138397
1450;[1.1635409593582153, 1.1600168943405151, 1.1693425178527832, 1.1611355543136597, 1.1766629219055176, 1.1890583038330078, 1.192995309829712, 1.1798067092895508, 1.1879818439483643, 1.186782956123352, 1.1758655309677124, 1.1731449365615845, 1.190421223640442, 1.1834299564361572, 1.1768633127212524, 1.1848676204681396, 1.1680552959442139, 1.1749924421310425, 1.1803566217422485, 1.1855897903442383, 1.1872366666793823, 1.211398720741272, 1.196009635925293, 1.1983596086502075, 1.2041319608688354, 1.2022422552108765, 1.2053130865097046, 1.1895205974578857, 1.198532223701477, 1.2012799978256226, 1.1833674907684326];[0.0940161719918251, 0.0951504036784172, 0.09704087674617767, 0.09104660153388977, 0.0989595577120781, 0.11031677573919296, 0.11174417287111282, 0.1056898683309555, 0.11122643947601318, 0.11538829654455185, 0.10935037583112717, 0.11001112312078476, 0.1224680170416832, 0.11874192953109741, 0.1171879842877388, 0.1252099573612213, 0.11700005829334259, 0.12230131030082703, 0.12751978635787964, 0.13273470103740692, 0.13421565294265747, 0.14515574276447296, 0.13782553374767303, 0.14283387362957, 0.14646759629249573, 0.1463443785905838, 0.14767025411128998, 0.13960354030132294, 0.14452683925628662, 0.14560125768184662, 0.13355600833892822];[-2.1458942890167236, -2.158611297607422, -2.170243740081787, -2.119922399520874, -2.170279026031494, -2.2636492252349854, -2.2659740447998047, -2.214246988296509, -2.254655361175537, -2.3042712211608887, -2.2931735515594482, -2.3004233837127686, -2.3907458782196045, -2.370434522628784, -2.3787484169006348, -2.4447617530822754, -2.3813512325286865, -2.4293465614318848, -2.4859135150909424, -2.5090136528015137, -2.5269155502319336, -2.623159885406494, -2.54693341255188, -2.6039488315582275, -2.6255273818969727, -2.6386823654174805, -2.6292264461517334, -2.573368787765503, -2.6158335208892822, -2.631246328353882, -2.5289151668548584];[0.4270692467689514, 0.4412155747413635, 0.431609570980072, 0.3927133083343506, 0.4242591857910156, 0.4653504490852356, 0.4657441973686218, 0.4830856919288635, 0.5991594791412354, 0.5537459254264832, 0.5345379710197449, 0.34297049045562744, 0.3949218988418579, 0.4308757781982422, 0.5247608423233032, 0.5072107911109924, 0.5905947089195251, 0.5396905541419983, 0.5621255040168762, 0.5555744171142578, 0.46476832032203674, 0.6779448986053467, 0.6156949400901794, 0.48297762870788574, 0.4572087824344635, 0.43520018458366394, 0.46025004982948303, 0.40343475341796875, 0.43018388748168945, 0.33641374111175537];1398.1131496429443
1450;[1.614525556564331, 1.611166000366211, 1.61632239818573, 1.6090059280395508, 1.6191418170928955, 1.622240424156189, 1.6183310747146606, 1.6125484704971313, 1.614227056503296, 1.6166293621063232, 1.6156388521194458, 1.6124143600463867, 1.61885666847229, 1.6191271543502808, 1.6162387132644653, 1.6234090328216553, 1.6136234998703003, 1.6144267320632935, 1.6199482679367065, 1.6171807050704956, 1.6192057132720947, 1.6212490797042847, 1.6129041910171509, 1.6157972812652588, 1.615433692932129, 1.6189206838607788, 1.6127145290374756, 1.6177265644073486, 1.6116255521774292, 1.6217540502548218, 1.613927960395813];[0.19652405381202698, 0.19930551946163177, 0.19848737120628357, 0.19385653734207153, 0.18974921107292175, 0.1889140009880066, 0.18679337203502655, 0.18659211695194244, 0.19560307264328003, 0.20724713802337646, 0.21218456327915192, 0.21429766714572906, 0.2187209129333496, 0.21838772296905518, 0.21930131316184998, 0.22402264177799225, 0.21932484209537506, 0.2195630818605423, 0.22294555604457855, 0.22181594371795654, 0.22306515276432037, 0.22373409569263458, 0.22046956419944763, 0.22343933582305908, 0.22362397611141205, 0.22512827813625336, 0.22336941957473755, 0.22421154379844666, 0.2213241010904312, 0.22574615478515625, 0.22250662744045258];[-4.317948341369629, -4.385357856750488, -4.3671088218688965, -4.286680221557617, -4.148879051208496, -4.089097499847412, -4.060571193695068, -4.099058151245117, -4.270975112915039, -4.539429664611816, -4.685543537139893, -4.743342876434326, -4.814694881439209, -4.819428443908691, -4.850065231323242, -4.920881271362305, -4.871402740478516, -4.880077362060547, -4.943244934082031, -4.924012660980225, -4.9340434074401855, -4.956026554107666, -4.898947238922119, -4.941354274749756, -4.931591510772705, -4.962428569793701, -4.919219493865967, -4.948217868804932, -4.909347057342529, -4.978399753570557, -4.929138660430908];[0.4270692467689514, 0.4468681216239929, 0.4284004867076874, 0.4328708052635193, 0.41442742943763733, 0.4371611475944519, 0.3897995948791504, 0.37992027401924133, 0.4811093211174011, 0.5290642976760864, 0.43548232316970825, 0.5754898190498352, 0.5664502382278442, 0.6158471703529358, 0.6211081743240356, 0.5680183172225952, 0.2260778844356537, 0.5150432586669922, 0.25932568311691284, 0.3906010389328003, 0.48168325424194336, 0.32438212633132935, 0.36749476194381714, 0.2324773371219635, 0.255950003862381, 0.17740578949451447, 0.39332929253578186, 0.48877188563346863, 0.3543495237827301, 0.22700348496437073];1394.1651198863983
1500;[1.1665245294570923, 1.1667667627334595, 1.185211181640625, 1.194750189781189, 1.2039951086044312, 1.2086459398269653, 1.1844727993011475, 1.1865791082382202, 1.1698801517486572, 1.1746679544448853, 1.1736618280410767, 1.1644445657730103, 1.1766551733016968, 1.179678201675415, 1.1876112222671509, 1.1801402568817139, 1.1871634721755981, 1.1950145959854126, 1.1860710382461548, 1.1900793313980103, 1.1925452947616577, 1.1745024919509888, 1.1872241497039795, 1.190417766571045, 1.2006994485855103, 1.1940321922302246, 1.205440878868103, 1.1916183233261108, 1.1827784776687622, 1.195749282836914, 1.1843786239624023];[0.09365392476320267, 0.09121022373437881, 0.08899413049221039, 0.09484986960887909, 0.10999347269535065, 0.11315412074327469, 0.09466498345136642, 0.09277457743883133, 0.084810271859169, 0.08769075572490692, 0.09097457677125931, 0.09382783621549606, 0.10548868775367737, 0.11507385224103928, 0.12068081647157669, 0.11897823959589005, 0.1254892200231552, 0.1293996274471283, 0.12908180058002472, 0.131427600979805, 0.13274937868118286, 0.12422233074903488, 0.1339236944913864, 0.13126720488071442, 0.1396898478269577, 0.13720855116844177, 0.14293771982192993, 0.13326396048069, 0.12982766330242157, 0.13849738240242004, 0.1326083391904831];[-2.1319963932037354, -2.097683906555176, -2.008507013320923, -2.0135061740875244, -2.093471050262451, -2.1321263313293457, -2.0186872482299805, -2.00396466255188, -1.9955506324768066, -2.0408735275268555, -2.087222099304199, -2.128364086151123, -2.2036666870117188, -2.3294692039489746, -2.3744492530822754, -2.3748104572296143, -2.433701753616333, -2.4968791007995605, -2.4612555503845215, -2.5017073154449463, -2.507396697998047, -2.4556496143341064, -2.5155441761016846, -2.4986462593078613, -2.544001579284668, -2.534588098526001, -2.5942721366882324, -2.5169668197631836, -2.4957618713378906, -2.5562994480133057, -2.5144906044006348];[0.42568373680114746, 0.4246745705604553, 0.3320366144180298, 0.2707795798778534, 0.22060942649841309, 0.23627232015132904, 0.2761170268058777, 0.29042530059814453, 0.35654035210609436, 0.36188921332359314, 0.37697672843933105, 0.44109776616096497, 0.4969799220561981, 0.5285202264785767, 0.4118299186229706, 0.4283504784107208, 0.5644707083702087, 0.38522642850875854, 0.6269615292549133, 0.4933999478816986, 0.5313878655433655, 0.592286229133606, 0.5342169404029846, 0.49290716648101807, 0.5572241544723511, 0.6743178963661194, 0.5467296838760376, 0.6188421249389648, 0.6068950891494751, 0.5953410267829895];1378.8707339763641
1500;[1.6163192987442017, 1.6175224781036377, 1.6406258344650269, 1.6484496593475342, 1.6580973863601685, 1.6709867715835571, 1.6546729803085327, 1.6578177213668823, 1.6384011507034302, 1.646902084350586, 1.639589786529541, 1.631895899772644, 1.6431269645690918, 1.6455769538879395, 1.6514952182769775, 1.6524479389190674, 1.6588540077209473, 1.666587471961975, 1.668553113937378, 1.6650245189666748, 1.6641019582748413, 1.6481842994689941, 1.6553142070770264, 1.656203269958496, 1.6663577556610107, 1.662134051322937, 1.6838148832321167, 1.6575853824615479, 1.6560368537902832, 1.6738693714141846, 1.6644313335418701];[0.19545011222362518, 0.19161854684352875, 0.19623452425003052, 0.1992267519235611, 0.21450579166412354, 0.22523881494998932, 0.21602047979831696, 0.2171800434589386, 0.2036680430173874, 0.20291879773139954, 0.2003624439239502, 0.19626672565937042, 0.20173604786396027, 0.20636466145515442, 0.20941191911697388, 0.21504904329776764, 0.22163358330726624, 0.22441045939922333, 0.23073016107082367, 0.22783158719539642, 0.22847867012023926, 0.22351820766925812, 0.22852344810962677, 0.23018139600753784, 0.23744750022888184, 0.23643192648887634, 0.24543491005897522, 0.23392944037914276, 0.23473714292049408, 0.24270381033420563, 0.23800300061702728];[-4.282301902770996, -4.164402961730957, -4.1879048347473145, -4.1984968185424805, -4.370830059051514, -4.578561782836914, -4.405642986297607, -4.4023261070251465, -4.222195625305176, -4.2657647132873535, -4.22489070892334, -4.122778415679932, -4.158231258392334, -4.211868762969971, -4.25765323638916, -4.4291205406188965, -4.63242244720459, -4.705053806304932, -4.818350315093994, -4.7803449630737305, -4.869863510131836, -4.799716949462891, -4.890293121337891, -4.972980499267578, -5.090321063995361, -5.0725274085998535, -5.24966287612915, -5.069647789001465, -5.0742106437683105, -5.204174518585205, -5.145482540130615];[0.42568373680114746, 0.4292070269584656, 0.37285879254341125, 0.312954306602478, 0.22576101124286652, 0.2136116772890091, 0.20769943296909332, 0.23841430246829987, 0.25751179456710815, 0.3298577070236206, 0.286868155002594, 0.27833470702171326, 0.3084813058376312, 0.24614468216896057, 0.2515948414802551, 0.2914722263813019, 0.3097690939903259, 0.30510956048965454, 0.24135923385620117, 0.2174372524023056, 0.25211477279663086, 0.26204702258110046, 0.24842871725559235, 0.23590373992919922, 0.19279120862483978, 0.16592518985271454, 0.14640763401985168, 0.13911162316799164, 0.13240207731723785, 0.11582209169864655];1403.7427978515625
1550;[1.158615231513977, 1.1526272296905518, 1.162665605545044, 1.1671189069747925, 1.1577155590057373, 1.1715420484542847, 1.1694836616516113, 1.1738251447677612, 1.1673929691314697, 1.1643381118774414, 1.166378378868103, 1.169089436531067, 1.1747223138809204, 1.1673544645309448, 1.1638439893722534, 1.1546626091003418, 1.149098515510559, 1.1547046899795532, 1.1536577939987183, 1.1503791809082031, 1.1530640125274658, 1.158968210220337, 1.1508928537368774, 1.163644552230835, 1.1644009351730347, 1.1644456386566162, 1.1674790382385254, 1.167154312133789, 1.1728273630142212, 1.1668299436569214, 1.1639349460601807];[0.09041145443916321, 0.09729035943746567, 0.10260215401649475, 0.10243714600801468, 0.09613718837499619, 0.09891121834516525, 0.10004215687513351, 0.10227347165346146, 0.09964356571435928, 0.10280407965183258, 0.10879462212324142, 0.11414135247468948, 0.12192574143409729, 0.11736099421977997, 0.11255928128957748, 0.10814829915761948, 0.11003578454256058, 0.11110115796327591, 0.11214233934879303, 0.1122916117310524, 0.11412131041288376, 0.11531226336956024, 0.11227566003799438, 0.12069758772850037, 0.12165958434343338, 0.12148657441139221, 0.12277521193027496, 0.1258404552936554, 0.12633340060710907, 0.12274119257926941, 0.12205429375171661];[-2.1329185962677, -2.1947262287139893, -2.3170385360717773, -2.229586601257324, -2.181763172149658, -2.198729991912842, -2.1826512813568115, -2.2373046875, -2.1981897354125977, -2.2385358810424805, -2.2960126399993896, -2.3509037494659424, -2.431478977203369, -2.3755176067352295, -2.351060628890991, -2.3024606704711914, -2.337186813354492, -2.347409963607788, -2.3474326133728027, -2.3430845737457275, -2.3851938247680664, -2.383107900619507, -2.348245143890381, -2.4372801780700684, -2.4317233562469482, -2.4290730953216553, -2.4470021724700928, -2.455493450164795, -2.4698336124420166, -2.439707040786743, -2.4404494762420654];[0.42447441816329956, 0.44610586762428284, 0.4486182630062103, 0.4568505883216858, 0.452242374420166, 0.4286060035228729, 0.5002226829528809, 0.5108644366264343, 0.6236162185668945, 0.5507797598838806, 0.5624501705169678, 0.6138108968734741, 0.5175504684448242, 0.5473316311836243, 0.6038482189178467, 0.5741862058639526, 0.5540245175361633, 0.3660080134868622, 0.5461867451667786, 0.5896240472793579, 0.5145624876022339, 0.42435771226882935, 0.493481308221817, 0.5843490958213806, 0.46871238946914673, 0.2961772084236145, 0.4844641089439392, 0.3173812925815582, 0.5942140817642212, 0.20845353603363037];1395.718193769455
1550;[1.6102544069290161, 1.603753685951233, 1.6135706901550293, 1.6149873733520508, 1.6117706298828125, 1.6230086088180542, 1.6277058124542236, 1.6345956325531006, 1.6275701522827148, 1.6224614381790161, 1.6255048513412476, 1.627056360244751, 1.6322846412658691, 1.6228348016738892, 1.6189743280410767, 1.613535761833191, 1.6205801963806152, 1.616756558418274, 1.6150134801864624, 1.6132087707519531, 1.6127351522445679, 1.6126971244812012, 1.609994888305664, 1.6160669326782227, 1.6190725564956665, 1.6274678707122803, 1.6246305704116821, 1.6305549144744873, 1.631765604019165, 1.6447985172271729, 1.6496913433074951];[0.19354327023029327, 0.20752710103988647, 0.2128826528787613, 0.20673517882823944, 0.20344123244285583, 0.20365868508815765, 0.207246795296669, 0.21050700545310974, 0.20541012287139893, 0.20466218888759613, 0.20703154802322388, 0.2082340568304062, 0.21293231844902039, 0.20953325927257538, 0.20676416158676147, 0.20640704035758972, 0.21009303629398346, 0.2089962512254715, 0.2095184326171875, 0.21194566786289215, 0.21643632650375366, 0.21727252006530762, 0.21656383574008942, 0.22180680930614471, 0.22370587289333344, 0.22703874111175537, 0.22524265944957733, 0.2313799411058426, 0.22945912182331085, 0.23453864455223083, 0.23745974898338318];[-4.312475681304932, -4.6017255783081055, -4.771581649780273, -4.56936502456665, -4.475830078125, -4.43233060836792, -4.431422710418701, -4.480515480041504, -4.344294548034668, -4.335832595825195, -4.344754219055176, -4.396245002746582, -4.51350736618042, -4.457585334777832, -4.427387714385986, -4.467676639556885, -4.57419490814209, -4.623405456542969, -4.623417854309082, -4.647618293762207, -4.784891605377197, -4.830362319946289, -4.789646148681641, -4.9144978523254395, -4.934183120727539, -4.993478298187256, -4.983621597290039, -5.037612438201904, -5.037083148956299, -5.121006011962891, -5.1732683181762695];[0.42447441816329956, 0.45348891615867615, 0.46717724204063416, 0.4944547712802887, 0.5380114912986755, 0.5431438088417053, 0.5223488211631775, 0.45677733421325684, 0.5291359424591064, 0.3417506814002991, 0.37981414794921875, 0.5427733659744263, 0.3335646986961365, 0.4795149862766266, 0.19814668595790863, 0.37827232480049133, 0.32777705788612366, 0.3769078254699707, 0.3869438171386719, 0.41072842478752136, 0.40447771549224854, 0.33374902606010437, 0.27504879236221313, 0.3768925964832306, 0.28340980410575867, 0.21018606424331665, 0.1963244378566742, 0.22319336235523224, 0.1595717966556549, 0.2798810601234436];1410.5053145885468
1600;[1.159806489944458, 1.1687655448913574, 1.1671804189682007, 1.1711642742156982, 1.1638833284378052, 1.1759001016616821, 1.1826341152191162, 1.1871418952941895, 1.1866583824157715, 1.1780451536178589, 1.1845213174819946, 1.2017669677734375, 1.199233055114746, 1.1782516241073608, 1.197690725326538, 1.180134654045105, 1.1692739725112915, 1.1661161184310913, 1.1705352067947388, 1.179537057876587, 1.1659809350967407, 1.1666573286056519, 1.1580159664154053, 1.1655597686767578, 1.1657966375350952, 1.1780678033828735, 1.183434009552002, 1.179529070854187, 1.1800282001495361, 1.1835391521453857, 1.1957646608352661];[0.09130459278821945, 0.10103359818458557, 0.09131558239459991, 0.0926443561911583, 0.09157925099134445, 0.0992015078663826, 0.10211438685655594, 0.11385338008403778, 0.1160416379570961, 0.1111035943031311, 0.11470162868499756, 0.12336091697216034, 0.12442228198051453, 0.11446011811494827, 0.11895739287137985, 0.11353521049022675, 0.10772821307182312, 0.1102808266878128, 0.11269709467887878, 0.11925584077835083, 0.11590708047151566, 0.12032213807106018, 0.11433222144842148, 0.11883678287267685, 0.11836637556552887, 0.12665030360221863, 0.1326167732477188, 0.13026075065135956, 0.13061575591564178, 0.133393794298172, 0.14047902822494507];[-2.131796360015869, -2.201413869857788, -2.113447427749634, -2.110727071762085, -2.1108694076538086, -2.180032253265381, -2.2151942253112793, -2.3249666690826416, -2.3427982330322266, -2.298642873764038, -2.3362996578216553, -2.415111780166626, -2.4249954223632812, -2.342219829559326, -2.3688478469848633, -2.3386127948760986, -2.2904105186462402, -2.334476947784424, -2.3407630920410156, -2.38429594039917, -2.3691766262054443, -2.4087867736816406, -2.3640201091766357, -2.4115729331970215, -2.3933911323547363, -2.4616997241973877, -2.5201380252838135, -2.5106594562530518, -2.4937005043029785, -2.521054744720459, -2.5909852981567383];[0.4434272348880768, 0.44289371371269226, 0.4257810115814209, 0.42636942863464355, 0.4172329604625702, 0.4265137314796448, 0.4492526352405548, 0.47948652505874634, 0.5155271887779236, 0.5853829383850098, 0.5383099317550659, 0.5496252775192261, 0.5338734984397888, 0.5685885548591614, 0.7038060426712036, 0.5460954904556274, 0.6015620231628418, 0.5530350208282471, 0.5782437920570374, 0.7181615829467773, 0.6504848599433899, 0.575573742389679, 0.5456617474555969, 0.6038426160812378, 0.6217339634895325, 0.6035314798355103, 0.4814251959323883, 0.5666457414627075, 0.5181430578231812, 0.26964595913887024];1395.8562972545624
1600;[1.6101186275482178, 1.6220709085464478, 1.6201943159103394, 1.6228054761886597, 1.613576889038086, 1.6171636581420898, 1.616244912147522, 1.6161861419677734, 1.6147953271865845, 1.6191949844360352, 1.6262818574905396, 1.6386069059371948, 1.640529751777649, 1.6190996170043945, 1.6355984210968018, 1.6230210065841675, 1.6218563318252563, 1.6274996995925903, 1.6271995306015015, 1.6369329690933228, 1.6219584941864014, 1.6312540769577026, 1.6301273107528687, 1.6301602125167847, 1.626443862915039, 1.6153968572616577, 1.6281628608703613, 1.6204466819763184, 1.6175767183303833, 1.6192337274551392, 1.6171926259994507];[0.19378677010536194, 0.20907263457775116, 0.19999520480632782, 0.19834065437316895, 0.20047858357429504, 0.19789347052574158, 0.1933465301990509, 0.20053842663764954, 0.20142149925231934, 0.2070460319519043, 0.21103723347187042, 0.21531958878040314, 0.21601174771785736, 0.2121829241514206, 0.22047977149486542, 0.22084550559520721, 0.2193150371313095, 0.22296404838562012, 0.22486533224582672, 0.23013681173324585, 0.22320985794067383, 0.22792568802833557, 0.22753682732582092, 0.22678598761558533, 0.22584691643714905, 0.22031930088996887, 0.22707882523536682, 0.2236548662185669, 0.22283147275447845, 0.2244430035352707, 0.22258150577545166];[-4.294802665710449, -4.577505588531494, -4.389421463012695, -4.335028648376465, -4.399403095245361, -4.344035625457764, -4.262848377227783, -4.4183759689331055, -4.434525966644287, -4.524631023406982, -4.6246514320373535, -4.734106063842773, -4.710510730743408, -4.684568881988525, -4.830859661102295, -4.8534770011901855, -4.823705196380615, -4.924004077911377, -4.943246841430664, -5.012192249298096, -4.920102596282959, -4.9933671951293945, -4.987153053283691, -5.00140905380249, -4.9492902755737305, -4.890412330627441, -4.990334987640381, -4.95271110534668, -4.9144978523254395, -4.94271183013916, -4.935459136962891];[0.4434272348880768, 0.46265414357185364, 0.43490785360336304, 0.4091916084289551, 0.4382724463939667, 0.4327341318130493, 0.45481663942337036, 0.43218284845352173, 0.4450610876083374, 0.45265835523605347, 0.47913476824760437, 0.5551573634147644, 0.6042944192886353, 0.5630990862846375, 0.6478830575942993, 0.6042393445968628, 0.4767904281616211, 0.6614248752593994, 0.43324151635169983, 0.6142873764038086, 0.37285199761390686, 0.4217614233493805, 0.6377720832824707, 0.5311055183410645, 0.4762459099292755, 0.513196587562561, 0.3344265818595886, 0.6758589744567871, 0.46132880449295044, 0.3688170313835144];1405.4035115242004
1650;[1.1642259359359741, 1.1686631441116333, 1.1696113348007202, 1.17625892162323, 1.181433916091919, 1.1832484006881714, 1.1849205493927002, 1.1804325580596924, 1.1739678382873535, 1.182325005531311, 1.1896015405654907, 1.1831482648849487, 1.182106852531433, 1.1842046976089478, 1.1620031595230103, 1.1574243307113647, 1.1470837593078613, 1.154086709022522, 1.154348373413086, 1.154174566268921, 1.1518508195877075, 1.1618027687072754, 1.1697406768798828, 1.1614922285079956, 1.1726504564285278, 1.1762497425079346, 1.1729252338409424, 1.1761839389801025, 1.1822491884231567, 1.1819720268249512, 1.2030470371246338];[0.09198852628469467, 0.09027419239282608, 0.08867456018924713, 0.09158045798540115, 0.09335169196128845, 0.09562034904956818, 0.09416893124580383, 0.09287109225988388, 0.08844289183616638, 0.08996393531560898, 0.09486790746450424, 0.0914631262421608, 0.09921891242265701, 0.10730773955583572, 0.10399354249238968, 0.10152361541986465, 0.09863465279340744, 0.10370048880577087, 0.1066136583685875, 0.10902472585439682, 0.10817692428827286, 0.11503376811742783, 0.12146814167499542, 0.11985473334789276, 0.12385095655918121, 0.12740378081798553, 0.12685102224349976, 0.12866860628128052, 0.1331339180469513, 0.13409525156021118, 0.14656881988048553];[-2.130429744720459, -2.1002280712127686, -2.0677995681762695, -2.0774307250976562, -2.0962235927581787, -2.099153995513916, -2.0962843894958496, -2.0861732959747314, -2.0477547645568848, -2.0234673023223877, -2.0663726329803467, -2.0613644123077393, -2.158555746078491, -2.227785110473633, -2.2546544075012207, -2.234304666519165, -2.2232658863067627, -2.273988962173462, -2.296304941177368, -2.3276970386505127, -2.3326942920684814, -2.380445957183838, -2.4589779376983643, -2.4296908378601074, -2.4648191928863525, -2.4958856105804443, -2.4781856536865234, -2.5171873569488525, -2.54180645942688, -2.5372633934020996, -2.6686644554138184];[0.4371953010559082, 0.4261378347873688, 0.394473671913147, 0.393589586019516, 0.38384926319122314, 0.35288241505622864, 0.37652015686035156, 0.3714217245578766, 0.3784516453742981, 0.32346493005752563, 0.30434995889663696, 0.373496949672699, 0.43167275190353394, 0.5258015394210815, 0.5327463150024414, 0.5070890784263611, 0.5446969866752625, 0.6020288467407227, 0.5666982531547546, 0.5847733616828918, 0.6858634948730469, 0.5973430871963501, 0.5761644244194031, 0.4704798758029938, 0.384988009929657, 0.3713224530220032, 0.3954145908355713, 0.3807365298271179, 0.3067278563976288, 0.43835586309432983];1386.3556745052338
1650;[1.614269733428955, 1.6203688383102417, 1.6214650869369507, 1.6252508163452148, 1.6253718137741089, 1.629988431930542, 1.6303458213806152, 1.6289831399917603, 1.622503638267517, 1.626127004623413, 1.6358531713485718, 1.6297231912612915, 1.6305699348449707, 1.637619137763977, 1.6277644634246826, 1.618549108505249, 1.6201916933059692, 1.6278252601623535, 1.6302474737167358, 1.6364870071411133, 1.6365454196929932, 1.6326056718826294, 1.6435177326202393, 1.6308016777038574, 1.6338568925857544, 1.6387602090835571, 1.6360464096069336, 1.640979528427124, 1.6238367557525635, 1.634932279586792, 1.6318060159683228];[0.1941642165184021, 0.19244858622550964, 0.1908857226371765, 0.19291366636753082, 0.19113367795944214, 0.19443686306476593, 0.19171197712421417, 0.1914839893579483, 0.19091761112213135, 0.1932031512260437, 0.1993218958377838, 0.19545158743858337, 0.1993449628353119, 0.2027929425239563, 0.19931954145431519, 0.20028162002563477, 0.20356135070323944, 0.21458549797534943, 0.2192750871181488, 0.2228231579065323, 0.22494414448738098, 0.22286519408226013, 0.2266121655702591, 0.224869504570961, 0.2222798466682434, 0.22849789261817932, 0.22727926075458527, 0.22789934277534485, 0.2232232391834259, 0.226198211312294, 0.2255447953939438];[-4.280521392822266, -4.232124328613281, -4.172534942626953, -4.184591770172119, -4.164555549621582, -4.170941352844238, -4.090364933013916, -4.119080543518066, -4.143777847290039, -4.148714065551758, -4.279805660247803, -4.243471622467041, -4.356410980224609, -4.392213821411133, -4.366203308105469, -4.372004985809326, -4.507236957550049, -4.723548412322998, -4.818742275238037, -4.886880874633789, -4.935276031494141, -4.909318447113037, -4.989067554473877, -4.935622692108154, -4.914294242858887, -5.01754903793335, -4.974053859710693, -4.988010883331299, -4.900589942932129, -4.953485488891602, -4.966840744018555];[0.4371953010559082, 0.4247756004333496, 0.39984649419784546, 0.39612674713134766, 0.40056517720222473, 0.385661780834198, 0.3676183223724365, 0.3658792972564697, 0.38120701909065247, 0.3906213939189911, 0.4559595286846161, 0.45830923318862915, 0.47875112295150757, 0.5820836424827576, 0.5073733925819397, 0.5285699367523193, 0.556892991065979, 0.5873128771781921, 0.5657246708869934, 0.49250322580337524, 0.5169348120689392, 0.5901535749435425, 0.6135580539703369, 0.5803648233413696, 0.6932865381240845, 0.5528278946876526, 0.5028461813926697, 0.6471380591392517, 0.5370070934295654, 0.5025326013565063];1407.0715589523315
1700;[1.1681956052780151, 1.1745017766952515, 1.1962653398513794, 1.1934494972229004, 1.2052288055419922, 1.1952491998672485, 1.205746054649353, 1.1926958560943604, 1.2035876512527466, 1.1868818998336792, 1.187725305557251, 1.1923184394836426, 1.1986159086227417, 1.1984741687774658, 1.201899766921997, 1.1997184753417969, 1.1842801570892334, 1.1731414794921875, 1.1779752969741821, 1.1944468021392822, 1.1849983930587769, 1.1943033933639526, 1.1861473321914673, 1.185302734375, 1.1811047792434692, 1.1783058643341064, 1.1802879571914673, 1.1849479675292969, 1.1913878917694092, 1.1860206127166748, 1.1848788261413574];[0.0963936597108841, 0.0923766940832138, 0.09687800705432892, 0.09423006325960159, 0.10629694908857346, 0.10009973496198654, 0.1043877899646759, 0.09662133455276489, 0.10336024314165115, 0.09404777735471725, 0.09475793689489365, 0.09775261580944061, 0.10587082803249359, 0.10616174340248108, 0.10977337509393692, 0.11005033552646637, 0.09859257191419601, 0.09962448477745056, 0.10350484400987625, 0.12278751283884048, 0.12091612070798874, 0.1288911998271942, 0.12074147909879684, 0.1246764063835144, 0.12829047441482544, 0.1249714344739914, 0.12701275944709778, 0.13154831528663635, 0.13591286540031433, 0.13394904136657715, 0.13125711679458618];[-2.157174825668335, -2.0964865684509277, -2.0695416927337646, -2.042741537094116, -2.099224090576172, -2.061290740966797, -2.086372137069702, -2.0567901134490967, -2.072629451751709, -2.0211000442504883, -2.0519661903381348, -2.0648396015167236, -2.1269776821136475, -2.1763994693756104, -2.193857192993164, -2.225437879562378, -2.1370346546173096, -2.1850545406341553, -2.2309482097625732, -2.4173789024353027, -2.3996756076812744, -2.483081340789795, -2.39947247505188, -2.4543936252593994, -2.480193853378296, -2.4599740505218506, -2.462887763977051, -2.49124813079834, -2.540177345275879, -2.5167109966278076, -2.5468103885650635];[0.4431908130645752, 0.41110479831695557, 0.3157478868961334, 0.2918801009654999, 0.28356146812438965, 0.2740348279476166, 0.25602903962135315, 0.2954694926738739, 0.27294400334358215, 0.308196097612381, 0.3472548723220825, 0.32264649868011475, 0.330994188785553, 0.36772972345352173, 0.36679187417030334, 0.3676222562789917, 0.4043026268482208, 0.4783216416835785, 0.5423807501792908, 0.5880401134490967, 0.5769762396812439, 0.572925865650177, 0.665075957775116, 0.7248671650886536, 0.6363138556480408, 0.6469215154647827, 0.5812160968780518, 0.5834360122680664, 0.5556053519248962, 0.5926833152770996];1415.0129055976868
1700;[1.6186606884002686, 1.6251224279403687, 1.641589641571045, 1.6399894952774048, 1.6537230014801025, 1.6449790000915527, 1.6577621698379517, 1.6433777809143066, 1.6545767784118652, 1.6458278894424438, 1.647024393081665, 1.6562331914901733, 1.6626943349838257, 1.6561204195022583, 1.661285638809204, 1.6509960889816284, 1.631158471107483, 1.620346188545227, 1.630797028541565, 1.6480051279067993, 1.6432255506515503, 1.6499446630477905, 1.643275499343872, 1.6541073322296143, 1.6463130712509155, 1.6305104494094849, 1.6356698274612427, 1.6372268199920654, 1.6416382789611816, 1.6410160064697266, 1.6446754932403564];[0.19752854108810425, 0.19177603721618652, 0.19326406717300415, 0.19523626565933228, 0.20673690736293793, 0.20404116809368134, 0.20885810256004333, 0.2000659853219986, 0.20568768680095673, 0.20197653770446777, 0.20164541900157928, 0.2102278769016266, 0.21511811017990112, 0.2127280831336975, 0.22032853960990906, 0.21069388091564178, 0.20220649242401123, 0.20285628736019135, 0.21301431953907013, 0.22694455087184906, 0.22251221537590027, 0.2216949611902237, 0.229303240776062, 0.23316654562950134, 0.23254315555095673, 0.2239839732646942, 0.2283535897731781, 0.23129034042358398, 0.23230455815792084, 0.23232336342334747, 0.23263677954673767];[-4.327211380004883, -4.136833190917969, -4.0264363288879395, -4.0073113441467285, -4.179500102996826, -4.137085914611816, -4.178311347961426, -4.085512161254883, -4.112246036529541, -4.040346145629883, -4.047075271606445, -4.1127238273620605, -4.174149513244629, -4.251216888427734, -4.392559051513672, -4.251595973968506, -4.246768951416016, -4.375922679901123, -4.664437770843506, -4.934919834136963, -4.85420036315918, -4.8566083908081055, -4.997866630554199, -5.087499618530273, -5.056279182434082, -4.944464206695557, -4.983582019805908, -5.035452842712402, -5.087067604064941, -5.066164016723633, -5.118460178375244];[0.4431908130645752, 0.4020833373069763, 0.3202647566795349, 0.2751995623111725, 0.24163031578063965, 0.2425740510225296, 0.2252800315618515, 0.2614211440086365, 0.24315552413463593, 0.23274242877960205, 0.20603437721729279, 0.18099242448806763, 0.19655512273311615, 0.22264079749584198, 0.21121402084827423, 0.23643772304058075, 0.2916257679462433, 0.41349369287490845, 0.4774930775165558, 0.5605830550193787, 0.6322396397590637, 0.7386483550071716, 0.6221855282783508, 0.44750264286994934, 0.573337733745575, 0.5677762627601624, 0.48781439661979675, 0.5026431083679199, 0.4643779695034027, 0.44753584265708923];1524.7477130889893
1750;[1.1624755859375, 1.1523668766021729, 1.156984567642212, 1.1619902849197388, 1.1652883291244507, 1.178855538368225, 1.1725810766220093, 1.1721736192703247, 1.1728639602661133, 1.1880141496658325, 1.1841492652893066, 1.1873536109924316, 1.2012836933135986, 1.193884253501892, 1.2068015336990356, 1.1894915103912354, 1.2064599990844727, 1.1875239610671997, 1.1697577238082886, 1.1763840913772583, 1.1763026714324951, 1.191359281539917, 1.192814588546753, 1.171979546546936, 1.1826446056365967, 1.1886032819747925, 1.1716877222061157, 1.1757404804229736, 1.176123023033142, 1.1757099628448486, 1.1623085737228394];[0.09426560997962952, 0.09799835085868835, 0.10117217898368835, 0.09989059716463089, 0.09936409443616867, 0.10912150889635086, 0.11264892667531967, 0.11446266621351242, 0.1153092160820961, 0.12548039853572845, 0.12530934810638428, 0.12786759436130524, 0.1378287374973297, 0.13656587898731232, 0.14617758989334106, 0.13441284000873566, 0.14540094137191772, 0.13424938917160034, 0.12365198880434036, 0.12890829145908356, 0.12906363606452942, 0.13692541420459747, 0.13825617730617523, 0.12703853845596313, 0.1309303343296051, 0.13514822721481323, 0.12597599625587463, 0.1283143162727356, 0.12894363701343536, 0.12764643132686615, 0.12012481689453125];[-2.1458067893981934, -2.2124876976013184, -2.2257614135742188, -2.220041275024414, -2.2091426849365234, -2.2832741737365723, -2.3238444328308105, -2.346146583557129, -2.360464334487915, -2.433824062347412, -2.42307710647583, -2.4509007930755615, -2.556342363357544, -2.5342345237731934, -2.632661819458008, -2.5269598960876465, -2.610819101333618, -2.5282130241394043, -2.4349727630615234, -2.486795425415039, -2.482712507247925, -2.5470385551452637, -2.5604190826416016, -2.469679832458496, -2.5022196769714355, -2.544220209121704, -2.478914737701416, -2.4894070625305176, -2.4924230575561523, -2.495882272720337, -2.4137985706329346];[0.41306596994400024, 0.45018818974494934, 0.45974913239479065, 0.4943937063217163, 0.48913514614105225, 0.5414062738418579, 0.4904691278934479, 0.45964887738227844, 0.4365043044090271, 0.5252488255500793, 0.4101092219352722, 0.4645272493362427, 0.45130589604377747, 0.5506977438926697, 0.5022454857826233, 0.4454845190048218, 0.4357135593891144, 0.47972071170806885, 0.3472096621990204, 0.5449687838554382, 0.4045633375644684, 0.5519278049468994, 0.6089587807655334, 0.6265335083007812, 0.6595751047134399, 0.5359582304954529, 0.5228164792060852, 0.6068114042282104, 0.45049384236335754, 0.5303786396980286];1525.0150847434998
1750;[1.6131582260131836, 1.604472279548645, 1.606082797050476, 1.6041289567947388, 1.6089057922363281, 1.6160417795181274, 1.618155837059021, 1.6196954250335693, 1.6170148849487305, 1.6227104663848877, 1.616067886352539, 1.622130274772644, 1.6210867166519165, 1.6187641620635986, 1.6306475400924683, 1.6152312755584717, 1.618211030960083, 1.6237953901290894, 1.6145110130310059, 1.6309194564819336, 1.6229894161224365, 1.62904691696167, 1.6189374923706055, 1.6171059608459473, 1.622466802597046, 1.6229450702667236, 1.6212093830108643, 1.6200370788574219, 1.6306495666503906, 1.6301995515823364, 1.6239683628082275];[0.1967126578092575, 0.2038443684577942, 0.2050914317369461, 0.20057547092437744, 0.19961097836494446, 0.20465052127838135, 0.2071838676929474, 0.21112829446792603, 0.21216265857219696, 0.2150626927614212, 0.21620245277881622, 0.21822984516620636, 0.2207900434732437, 0.22134089469909668, 0.22724267840385437, 0.22115208208560944, 0.2220572680234909, 0.22448962926864624, 0.22179952263832092, 0.22911159694194794, 0.2261156588792801, 0.228836789727211, 0.22408126294612885, 0.22511731088161469, 0.22635199129581451, 0.2271304577589035, 0.22570674121379852, 0.22463327646255493, 0.22947834432125092, 0.22967416048049927, 0.22653035819530487];[-4.3242878913879395, -4.517446994781494, -4.486551284790039, -4.404411315917969, -4.346292972564697, -4.414613723754883, -4.530087947845459, -4.648571014404297, -4.7049994468688965, -4.758819103240967, -4.768672943115234, -4.808402061462402, -4.876231670379639, -4.881021976470947, -4.9833784103393555, -4.883292198181152, -4.904245376586914, -4.950754165649414, -4.904156684875488, -5.0264105796813965, -4.9724016189575195, -5.016852855682373, -4.946937561035156, -4.944615840911865, -4.975529670715332, -5.001403331756592, -4.994682312011719, -4.971881866455078, -5.052247524261475, -5.064652442932129, -4.996129035949707];[0.41306596994400024, 0.4445992112159729, 0.40235888957977295, 0.4250732362270355, 0.21860341727733612, 0.3699902296066284, 0.5802214741706848, 0.41463378071784973, 0.41619887948036194, 0.43754076957702637, 0.5028219223022461, 0.561582088470459, 0.5447608828544617, 0.48601195216178894, 0.4113893508911133, 0.5524976849555969, 0.4574936628341675, 0.41131070256233215, 0.3120558261871338, 0.3317547142505646, 0.197841078042984, 0.12725374102592468, 0.29870569705963135, 0.4264736473560333, 0.22288288176059723, 0.3465511202812195, 0.5729973316192627, 0.10294483602046967, 0.15194547176361084, 0.20622073113918304];1402.1953659057617
1800;[1.1714726686477661, 1.1636396646499634, 1.1703232526779175, 1.1924809217453003, 1.1802765130996704, 1.1887644529342651, 1.1915801763534546, 1.192893624305725, 1.2007229328155518, 1.1946516036987305, 1.1894361972808838, 1.1942219734191895, 1.1928757429122925, 1.1859819889068604, 1.197821021080017, 1.177783489227295, 1.1782097816467285, 1.1787043809890747, 1.1936880350112915, 1.1779567003250122, 1.183462381362915, 1.1864157915115356, 1.1962641477584839, 1.1955851316452026, 1.185613989830017, 1.1934374570846558, 1.213287591934204, 1.2067314386367798, 1.2109394073486328, 1.2035309076309204, 1.198665738105774];[0.0997229814529419, 0.09246683865785599, 0.08907962590456009, 0.09740228950977325, 0.08910626173019409, 0.09588293731212616, 0.09288976341485977, 0.09551230818033218, 0.10853508859872818, 0.10317813605070114, 0.0976179987192154, 0.10472096502780914, 0.10695239901542664, 0.10368030518293381, 0.11288774758577347, 0.10633975267410278, 0.1103799119591713, 0.10721366852521896, 0.11938418447971344, 0.1147310882806778, 0.12034092843532562, 0.11951423436403275, 0.12926748394966125, 0.12763863801956177, 0.12928299605846405, 0.13652276992797852, 0.14865908026695251, 0.14750725030899048, 0.14847974479198456, 0.1440466195344925, 0.1406979113817215];[-2.1849939823150635, -2.124122381210327, -2.064727544784546, -2.1110198497772217, -2.042428493499756, -2.065479040145874, -2.0229196548461914, -2.043424606323242, -2.113044500350952, -2.091841697692871, -2.0856988430023193, -2.157061815261841, -2.198819637298584, -2.1846187114715576, -2.290647029876709, -2.248311758041382, -2.292992115020752, -2.265550374984741, -2.374387502670288, -2.363542318344116, -2.3941967487335205, -2.3927807807922363, -2.4930663108825684, -2.4590532779693604, -2.46706223487854, -2.5406525135040283, -2.6533751487731934, -2.6199004650115967, -2.6387791633605957, -2.598503589630127, -2.5752134323120117];[0.4468134641647339, 0.42086225748062134, 0.4119775891304016, 0.3824293315410614, 0.34903427958488464, 0.336680144071579, 0.28727760910987854, 0.28228887915611267, 0.2525937855243683, 0.24518254399299622, 0.3189442455768585, 0.361052542924881, 0.39971548318862915, 0.42028892040252686, 0.49288231134414673, 0.517477810382843, 0.5894220471382141, 0.5562520623207092, 0.545988917350769, 0.581362783908844, 0.5744266510009766, 0.6942998766899109, 0.6771308183670044, 0.7223159670829773, 0.5682443380355835, 0.5831618309020996, 0.5691273212432861, 0.5692874789237976, 0.5122907161712646, 0.5950711369514465];1393.5741908550262
1800;[1.6219420433044434, 1.6150163412094116, 1.6193764209747314, 1.6354001760482788, 1.622923493385315, 1.628543734550476, 1.6315691471099854, 1.6303828954696655, 1.6368699073791504, 1.6353317499160767, 1.62246572971344, 1.6238517761230469, 1.6236279010772705, 1.6145603656768799, 1.614089846611023, 1.6050541400909424, 1.6147125959396362, 1.6044270992279053, 1.6120060682296753, 1.6057097911834717, 1.611609697341919, 1.6034460067749023, 1.6061159372329712, 1.6158263683319092, 1.6040470600128174, 1.6013621091842651, 1.604928970336914, 1.602955937385559, 1.6073086261749268, 1.6108955144882202, 1.6083773374557495];[0.20051497220993042, 0.19447024166584015, 0.188781276345253, 0.19082720577716827, 0.18659095466136932, 0.19151027500629425, 0.1947224736213684, 0.1930563747882843, 0.2026326060295105, 0.20024266839027405, 0.19307434558868408, 0.19643709063529968, 0.19281461834907532, 0.1918615698814392, 0.19934159517288208, 0.20120753347873688, 0.20608074963092804, 0.2098177969455719, 0.21593652665615082, 0.21440602838993073, 0.21437908709049225, 0.2130899280309677, 0.21694572269916534, 0.2222808599472046, 0.21863813698291779, 0.2164093255996704, 0.2185187041759491, 0.21816954016685486, 0.2192082405090332, 0.22101925313472748, 0.21946142613887787];[-4.355259895324707, -4.247705936431885, -4.067148685455322, -4.012039661407471, -4.009904384613037, -4.12360954284668, -4.161199569702148, -4.137030601501465, -4.244204998016357, -4.229393005371094, -4.171792984008789, -4.204065799713135, -4.173557281494141, -4.18294620513916, -4.34574031829834, -4.453756332397461, -4.5576395988464355, -4.650710105895996, -4.764806747436523, -4.752265930175781, -4.770493984222412, -4.751131057739258, -4.829706192016602, -4.907182693481445, -4.839020729064941, -4.8290205001831055, -4.8538312911987305, -4.837643623352051, -4.880945682525635, -4.901546001434326, -4.882821559906006];[0.4468134641647339, 0.40351614356040955, 0.3855544328689575, 0.3662627041339874, 0.35075581073760986, 0.3732790946960449, 0.34922173619270325, 0.30598214268684387, 0.2850959002971649, 0.28160780668258667, 0.36802396178245544, 0.37095341086387634, 0.40590018033981323, 0.4319380223751068, 0.5460774898529053, 0.5378929972648621, 0.5999476909637451, 0.4609364867210388, 0.5496771931648254, 0.46258875727653503, 0.44754326343536377, 0.43301132321357727, 0.3869539201259613, 0.2493831366300583, 0.30704256892204285, 0.18228574097156525, 0.2279718518257141, 0.18216708302497864, 0.22872017323970795, 0.13028056919574738];1397.12468624115
1850;[1.1653484106063843, 1.1569530963897705, 1.162774682044983, 1.1564528942108154, 1.1690152883529663, 1.1612766981124878, 1.1648553609848022, 1.1601672172546387, 1.154689908027649, 1.1586264371871948, 1.1502692699432373, 1.1556710004806519, 1.1492429971694946, 1.150024175643921, 1.1531466245651245, 1.1511059999465942, 1.1565250158309937, 1.1680983304977417, 1.1634306907653809, 1.1692078113555908, 1.166811227798462, 1.1659455299377441, 1.1664127111434937, 1.1674078702926636, 1.161923885345459, 1.1588727235794067, 1.1542987823486328, 1.1628671884536743, 1.1575839519500732, 1.1577287912368774, 1.1564546823501587];[0.09370536357164383, 0.08585815876722336, 0.08869773894548416, 0.08376055210828781, 0.08495672792196274, 0.08032411336898804, 0.08303295820951462, 0.08180005848407745, 0.08750024437904358, 0.08557189255952835, 0.08844102174043655, 0.09358841180801392, 0.09465421736240387, 0.0989496111869812, 0.10447864979505539, 0.10530884563922882, 0.11173932254314423, 0.11728889495134354, 0.11324476450681686, 0.11126690357923508, 0.110116146504879, 0.11120335757732391, 0.11791858822107315, 0.11828063428401947, 0.11798535287380219, 0.1144576370716095, 0.11215722560882568, 0.11867622286081314, 0.11319766193628311, 0.11594954878091812, 0.11506824940443039];[-2.14918851852417, -2.0769314765930176, -2.0724267959594727, -2.0459673404693604, -2.022498846054077, -2.010298490524292, -2.000521421432495, -2.010375738143921, -2.0683414936065674, -2.0517795085906982, -2.0920631885528564, -2.157890796661377, -2.1824865341186523, -2.2328672409057617, -2.2650415897369385, -2.2803988456726074, -2.32580304145813, -2.389072895050049, -2.3431475162506104, -2.330315351486206, -2.31508207321167, -2.3319332599639893, -2.37961745262146, -2.3870108127593994, -2.3942739963531494, -2.370250940322876, -2.3462016582489014, -2.397714853286743, -2.3440356254577637, -2.380441188812256, -2.3825864791870117];[0.4192661643028259, 0.4297085404396057, 0.4165007472038269, 0.43067964911460876, 0.3945469558238983, 0.39332398772239685, 0.37794315814971924, 0.4184090793132782, 0.4924923777580261, 0.47149956226348877, 0.515828013420105, 0.49193328619003296, 0.5329675078392029, 0.4565959572792053, 0.5671712756156921, 0.6732694506645203, 0.48209598660469055, 0.619276225566864, 0.4568588435649872, 0.4165134131908417, 0.6129692792892456, 0.47381532192230225, 0.5875906944274902, 0.4869171380996704, 0.4070815443992615, 0.4796563386917114, 0.4536530375480652, 0.5117377638816833, 0.6271085739135742, 0.4376876950263977];1392.18040060997
1850;[1.6164441108703613, 1.609869122505188, 1.6162478923797607, 1.6108434200286865, 1.626295804977417, 1.6252354383468628, 1.6318074464797974, 1.6347334384918213, 1.63043212890625, 1.6328816413879395, 1.6241451501846313, 1.6266613006591797, 1.6189430952072144, 1.6183218955993652, 1.6151418685913086, 1.6026803255081177, 1.6039817333221436, 1.6107733249664307, 1.6058636903762817, 1.6153570413589478, 1.607638955116272, 1.6075923442840576, 1.6066733598709106, 1.604852318763733, 1.6093504428863525, 1.604446530342102, 1.6050794124603271, 1.6136586666107178, 1.6082898378372192, 1.6031652688980103, 1.6113377809524536];[0.19582338631153107, 0.19052967429161072, 0.19190667569637299, 0.19041670858860016, 0.192763552069664, 0.19143381714820862, 0.19443237781524658, 0.19388888776302338, 0.19368888437747955, 0.19548377394676208, 0.1963299661874771, 0.194915309548378, 0.19718219339847565, 0.19947831332683563, 0.20114874839782715, 0.20632299780845642, 0.2110794335603714, 0.20656843483448029, 0.21269634366035461, 0.21554580330848694, 0.2148948609828949, 0.21613670885562897, 0.21843521296977997, 0.216115802526474, 0.2200407087802887, 0.2164810597896576, 0.2181028574705124, 0.22196519374847412, 0.22003261744976044, 0.21769267320632935, 0.22096025943756104];[-4.326255798339844, -4.1941094398498535, -4.17212438583374, -4.175505638122559, -4.166258811950684, -4.1410369873046875, -4.137085437774658, -4.12394380569458, -4.166536331176758, -4.153941631317139, -4.240242004394531, -4.238438606262207, -4.322413444519043, -4.430912971496582, -4.39780855178833, -4.5673956871032715, -4.657775402069092, -4.60044527053833, -4.716510772705078, -4.790631294250488, -4.795045852661133, -4.814309120178223, -4.824361801147461, -4.810929775238037, -4.870160102844238, -4.83752965927124, -4.843412399291992, -4.943197250366211, -4.883589744567871, -4.856111526489258, -4.9080891609191895];[0.4192661643028259, 0.448289155960083, 0.41736796498298645, 0.42468559741973877, 0.39012882113456726, 0.4312727153301239, 0.38510826230049133, 0.3912000358104706, 0.3507685661315918, 0.3659461736679077, 0.4532869756221771, 0.44782257080078125, 0.4490884244441986, 0.5057744383811951, 0.5402033925056458, 0.60750812292099, 0.6010040044784546, 0.7011423110961914, 0.613272488117218, 0.5266635417938232, 0.5488147735595703, 0.348743736743927, 0.32838618755340576, 0.4217565357685089, 0.21321403980255127, 0.18764999508857727, 0.19832022488117218, 0.16325050592422485, 0.2939103841781616, 0.16593317687511444];1397.453185558319
1900;[1.162866234779358, 1.1708518266677856, 1.1909371614456177, 1.2042778730392456, 1.223899006843567, 1.2488646507263184, 1.2435730695724487, 1.2416093349456787, 1.2523834705352783, 1.2583465576171875, 1.2658733129501343, 1.293371319770813, 1.3078088760375977, 1.2899192571640015, 1.287630558013916, 1.2949790954589844, 1.2929315567016602, 1.3035383224487305, 1.2943429946899414, 1.2859508991241455, 1.2974528074264526, 1.2823725938796997, 1.292185664176941, 1.2860583066940308, 1.2884469032287598, 1.285799264907837, 1.293908953666687, 1.2910239696502686, 1.2876908779144287, 1.282987356185913, 1.2776578664779663];[0.09479523450136185, 0.09124480187892914, 0.09722737222909927, 0.10842227935791016, 0.12535537779331207, 0.15063351392745972, 0.15356487035751343, 0.15633447468280792, 0.16675794124603271, 0.17508186399936676, 0.18136364221572876, 0.20239213109016418, 0.21240827441215515, 0.19918610155582428, 0.19980737566947937, 0.2046171873807907, 0.20448660850524902, 0.21224135160446167, 0.20601533353328705, 0.20139490067958832, 0.20844846963882446, 0.19870725274085999, 0.20354107022285461, 0.2000020295381546, 0.2015361487865448, 0.2010829895734787, 0.20460805296897888, 0.20449738204479218, 0.20289133489131927, 0.19899243116378784, 0.19528338313102722];[-2.15339994430542, -2.0970025062561035, -2.121530294418335, -2.1711885929107666, -2.3308045864105225, -2.590881586074829, -2.6073129177093506, -2.637448310852051, -2.762188196182251, -2.8085834980010986, -2.874415397644043, -3.079347610473633, -3.207094430923462, -3.114501953125, -3.05856990814209, -3.1301181316375732, -3.108503818511963, -3.1741254329681396, -3.1587462425231934, -3.077216863632202, -3.1452386379241943, -3.0627193450927734, -3.131316900253296, -3.094418525695801, -3.114767551422119, -3.091001510620117, -3.1507534980773926, -3.1450955867767334, -3.1046736240386963, -3.073770761489868, -3.0540268421173096];[0.42382684350013733, 0.41381436586380005, 0.378063440322876, 0.3569038212299347, 0.31571832299232483, 0.26924198865890503, 0.2400822937488556, 0.20987461507320404, 0.189638152718544, 0.14113201200962067, 0.11715734750032425, 0.08267967402935028, 0.06113860383629799, 0.05779709294438362, 0.05050678551197052, 0.03407541662454605, 0.037709709256887436, 0.0316181443631649, 0.029107755050063133, 0.025296855717897415, 0.028085879981517792, 0.026787493377923965, 0.024463117122650146, 0.02124914899468422, 0.01596888341009617, 0.015014263801276684, 0.01475531142205, 0.012468354776501656, 0.013128601014614105, 0.01169570628553629];1387.9565739631653
1900;[1.6152089834213257, 1.6212807893753052, 1.6349430084228516, 1.6434614658355713, 1.665751576423645, 1.6992405652999878, 1.7014074325561523, 1.7019544839859009, 1.710795283317566, 1.7108186483383179, 1.7158693075180054, 1.733304738998413, 1.7426857948303223, 1.7272893190383911, 1.7246524095535278, 1.7288275957107544, 1.7287111282348633, 1.7367784976959229, 1.729371428489685, 1.7222574949264526, 1.7340186834335327, 1.7213208675384521, 1.729877233505249, 1.7228024005889893, 1.7245368957519531, 1.7220014333724976, 1.7291696071624756, 1.725904941558838, 1.7217477560043335, 1.7185499668121338, 1.7154853343963623];[0.19777290523052216, 0.19224832952022552, 0.18944939970970154, 0.20157858729362488, 0.21696552634239197, 0.24138350784778595, 0.25029271841049194, 0.2538744807243347, 0.2596780061721802, 0.26184961199760437, 0.26447594165802, 0.2726103961467743, 0.2768508493900299, 0.2694031000137329, 0.2678513824939728, 0.27085360884666443, 0.27020344138145447, 0.2752188742160797, 0.2721438705921173, 0.268720805644989, 0.27330511808395386, 0.2679825723171234, 0.2701911926269531, 0.2668364644050598, 0.26750266551971436, 0.2672431170940399, 0.2692376375198364, 0.2695384919643402, 0.2679523527622223, 0.2660920321941376, 0.2645621597766876];[-4.3414459228515625, -4.183825969696045, -4.06000280380249, -4.166214466094971, -4.390017032623291, -4.806590557098389, -5.034032821655273, -5.158126354217529, -5.376528739929199, -5.413690567016602, -5.50034761428833, -5.689465045928955, -5.7853498458862305, -5.6792120933532715, -5.620918273925781, -5.7035040855407715, -5.68485164642334, -5.74961519241333, -5.7349853515625, -5.630565643310547, -5.703702449798584, -5.600907802581787, -5.637546539306641, -5.59796142578125, -5.59138298034668, -5.571568965911865, -5.6486382484436035, -5.640147686004639, -5.609293460845947, -5.571616172790527, -5.555540084838867];[0.42382684350013733, 0.4066380262374878, 0.34212812781333923, 0.32158562541007996, 0.27663788199424744, 0.2119450718164444, 0.13638335466384888, 0.07097537815570831, 0.04266534373164177, 0.03439662605524063, 0.02267366275191307, 0.020370086655020714, 0.017356742173433304, 0.017426270991563797, 0.017821840941905975, 0.015576587058603764, 0.017441246658563614, 0.014641491696238518, 0.013699748553335667, 0.01577364280819893, 0.018156452104449272, 0.018025517463684082, 0.01813471131026745, 0.020298101007938385, 0.024954352527856827, 0.020710889250040054, 0.018493076786398888, 0.019965002313256264, 0.01714272052049637, 0.016125058755278587];1416.1924006938934
1950;[1.1628684997558594, 1.1645158529281616, 1.1767340898513794, 1.180547833442688, 1.194282054901123, 1.19544517993927, 1.1787118911743164, 1.1718097925186157, 1.174399733543396, 1.1644587516784668, 1.1657952070236206, 1.1706500053405762, 1.1681735515594482, 1.1730064153671265, 1.1613301038742065, 1.1669317483901978, 1.1752218008041382, 1.1692982912063599, 1.1799196004867554, 1.1834832429885864, 1.188493013381958, 1.1937605142593384, 1.1989482641220093, 1.1781960725784302, 1.1910114288330078, 1.1842870712280273, 1.1823019981384277, 1.1867585182189941, 1.2074543237686157, 1.1914176940917969, 1.196159839630127];[0.09297559410333633, 0.08976814150810242, 0.08866859972476959, 0.09470172226428986, 0.1048063114285469, 0.10372279584407806, 0.09147671610116959, 0.08657350391149521, 0.08727335184812546, 0.0817745253443718, 0.0875532254576683, 0.09370474517345428, 0.09685646742582321, 0.10569100826978683, 0.10643050074577332, 0.11446135491132736, 0.12109887599945068, 0.11521750688552856, 0.11925550550222397, 0.12876556813716888, 0.13197819888591766, 0.1363629400730133, 0.1408415138721466, 0.12897421419620514, 0.13766278326511383, 0.13398891687393188, 0.13287676870822906, 0.13627929985523224, 0.14901302754878998, 0.13946746289730072, 0.14235767722129822];[-2.133481025695801, -2.093132734298706, -2.057810068130493, -2.0700623989105225, -2.1358625888824463, -2.098693370819092, -2.0643043518066406, -2.054690361022949, -2.0442988872528076, -1.9970121383666992, -2.058661699295044, -2.128178358078003, -2.142961263656616, -2.2341957092285156, -2.2733371257781982, -2.358865976333618, -2.401947259902954, -2.357211112976074, -2.3937759399414062, -2.4919815063476562, -2.4998583793640137, -2.5709660053253174, -2.5747718811035156, -2.4837377071380615, -2.561030864715576, -2.5273709297180176, -2.5115320682525635, -2.539691209793091, -2.67678165435791, -2.5839033126831055, -2.610452175140381];[0.4529273509979248, 0.4259548783302307, 0.4069540798664093, 0.3416248857975006, 0.2865266501903534, 0.28765133023262024, 0.3701822757720947, 0.37042471766471863, 0.34805628657341003, 0.3218100070953369, 0.39684608578681946, 0.40343624353408813, 0.4395471215248108, 0.4998965859413147, 0.6404703855514526, 0.475740909576416, 0.5759228467941284, 0.6755319237709045, 0.7593079209327698, 0.6426504254341125, 0.4747641086578369, 0.38463178277015686, 0.4600082039833069, 0.3294254541397095, 0.26926475763320923, 0.279767245054245, 0.2947847545146942, 0.21764414012432098, 0.15137964487075806, 0.21168437600135803];1387.930107831955
1950;[1.614404320716858, 1.6160471439361572, 1.623860478401184, 1.6302478313446045, 1.6488971710205078, 1.6410881280899048, 1.6195963621139526, 1.6086056232452393, 1.611836314201355, 1.6076728105545044, 1.6111843585968018, 1.6188831329345703, 1.61331307888031, 1.61239492893219, 1.606622576713562, 1.6095678806304932, 1.5995306968688965, 1.601909875869751, 1.6134964227676392, 1.614957571029663, 1.614990234375, 1.6140481233596802, 1.624382495880127, 1.6122640371322632, 1.615793228149414, 1.6125088930130005, 1.6104308366775513, 1.6133953332901, 1.6230006217956543, 1.6164480447769165, 1.6193798780441284];[0.19580933451652527, 0.19228124618530273, 0.18647371232509613, 0.1946478933095932, 0.20845617353916168, 0.1984451711177826, 0.18750497698783875, 0.19043564796447754, 0.1914462000131607, 0.1906031370162964, 0.1896522343158722, 0.19688744843006134, 0.20020590722560883, 0.20220378041267395, 0.20688989758491516, 0.21221598982810974, 0.21012750267982483, 0.21213625371456146, 0.2168801873922348, 0.2171451449394226, 0.21900542080402374, 0.21670231223106384, 0.22467733919620514, 0.21940875053405762, 0.22214622795581818, 0.22123420238494873, 0.21973295509815216, 0.22069087624549866, 0.22514992952346802, 0.22229933738708496, 0.22386541962623596];[-4.295145034790039, -4.2191386222839355, -4.040338039398193, -4.093799591064453, -4.259202480316162, -4.1037163734436035, -4.042501449584961, -4.219204902648926, -4.21961784362793, -4.176079750061035, -4.137297630310059, -4.20896053314209, -4.35152530670166, -4.4270710945129395, -4.590672016143799, -4.711140155792236, -4.679269790649414, -4.711005687713623, -4.816798686981201, -4.815495014190674, -4.849331855773926, -4.829342365264893, -4.934282302856445, -4.876097679138184, -4.905297756195068, -4.879613399505615, -4.850619316101074, -4.882089614868164, -4.970742702484131, -4.930764198303223, -4.943004608154297];[0.4529273509979248, 0.4217870533466339, 0.40157759189605713, 0.2962586283683777, 0.22497788071632385, 0.2739511728286743, 0.3650086224079132, 0.41764888167381287, 0.4511908292770386, 0.49921777844429016, 0.5579570531845093, 0.5803571939468384, 0.45795926451683044, 0.504237711429596, 0.5026102066040039, 0.5508264899253845, 0.6029528975486755, 0.42715126276016235, 0.5211080312728882, 0.639051079750061, 0.5464046001434326, 0.6836662888526917, 0.5117648839950562, 0.29483795166015625, 0.519967257976532, 0.5859115719795227, 0.4614751935005188, 0.24772846698760986, 0.44204652309417725, 0.4530799388885498];1393.8926303386688
2000;[1.159637451171875, 1.1686922311782837, 1.1575251817703247, 1.1605050563812256, 1.1702195405960083, 1.1760958433151245, 1.1794092655181885, 1.177315592765808, 1.1875113248825073, 1.1849339008331299, 1.1977779865264893, 1.1908237934112549, 1.2011345624923706, 1.1850688457489014, 1.1778732538223267, 1.1862045526504517, 1.188843846321106, 1.1878323554992676, 1.1791659593582153, 1.179473638534546, 1.1817166805267334, 1.194135308265686, 1.1809922456741333, 1.187860369682312, 1.1773031949996948, 1.176724910736084, 1.1738413572311401, 1.1684529781341553, 1.1592285633087158, 1.1803218126296997, 1.1671397686004639];[0.09167534112930298, 0.09716540575027466, 0.09741322696208954, 0.09272944182157516, 0.09778530150651932, 0.09870470315217972, 0.10087145119905472, 0.09916125237941742, 0.10441628098487854, 0.10680539160966873, 0.11363489180803299, 0.1180797889828682, 0.1261262148618698, 0.11926454305648804, 0.11047770828008652, 0.1142517626285553, 0.11693587899208069, 0.12140597403049469, 0.11917922645807266, 0.11964120715856552, 0.12115354835987091, 0.12737306952476501, 0.12077753990888596, 0.12781210243701935, 0.1196560189127922, 0.12163331359624863, 0.12090416997671127, 0.119819775223732, 0.11650396883487701, 0.12645164132118225, 0.11988659203052521];[-2.137613534927368, -2.1501405239105225, -2.1851539611816406, -2.1362855434417725, -2.1526479721069336, -2.1653032302856445, -2.2069780826568604, -2.1961355209350586, -2.241809129714966, -2.2608227729797363, -2.3387961387634277, -2.3537251949310303, -2.414233684539795, -2.3696274757385254, -2.2824418544769287, -2.3033387660980225, -2.40969181060791, -2.4121625423431396, -2.3762686252593994, -2.369748592376709, -2.3859143257141113, -2.4515721797943115, -2.405268907546997, -2.4512522220611572, -2.391068696975708, -2.4445884227752686, -2.416827917098999, -2.409531354904175, -2.381531000137329, -2.4561972618103027, -2.4154632091522217];[0.4582643508911133, 0.45396581292152405, 0.44547969102859497, 0.4388190507888794, 0.43461665511131287, 0.429531067609787, 0.43324071168899536, 0.47069013118743896, 0.5026550889015198, 0.48357999324798584, 0.5283206105232239, 0.526465654373169, 0.5062260031700134, 0.5237661004066467, 0.4542796015739441, 0.3984263241291046, 0.475159615278244, 0.4686445891857147, 0.5709434747695923, 0.47537413239479065, 0.47977250814437866, 0.4911416471004486, 0.591245710849762, 0.49890825152397156, 0.49963870644569397, 0.5389885902404785, 0.5820708274841309, 0.6143284440040588, 0.6715677976608276, 0.4854622185230255];1403.6048121452332
2000;[1.610993504524231, 1.6171479225158691, 1.607077956199646, 1.6083683967590332, 1.6149353981018066, 1.6170659065246582, 1.6211596727371216, 1.6269559860229492, 1.6401394605636597, 1.6360042095184326, 1.6392762660980225, 1.6323460340499878, 1.639807105064392, 1.6324578523635864, 1.6314194202423096, 1.6295000314712524, 1.6401039361953735, 1.6457668542861938, 1.6418848037719727, 1.6380265951156616, 1.6521402597427368, 1.6587074995040894, 1.6575250625610352, 1.6655195951461792, 1.6669578552246094, 1.6693488359451294, 1.6760834455490112, 1.6661537885665894, 1.6690144538879395, 1.6773015260696411, 1.6816555261611938];[0.19496014714241028, 0.19863009452819824, 0.20640531182289124, 0.19963102042675018, 0.202172189950943, 0.19977498054504395, 0.19969692826271057, 0.20189130306243896, 0.2037954181432724, 0.2098778933286667, 0.21286025643348694, 0.2068132907152176, 0.2082134187221527, 0.20747148990631104, 0.20834127068519592, 0.20737487077713013, 0.21642564237117767, 0.22491252422332764, 0.22518309950828552, 0.22695912420749664, 0.23107123374938965, 0.23474982380867004, 0.23387789726257324, 0.24138984084129333, 0.24078737199306488, 0.24242618680000305, 0.24722285568714142, 0.24276353418827057, 0.2414565086364746, 0.24591349065303802, 0.2429153472185135];[-4.311058521270752, -4.31326961517334, -4.559986114501953, -4.420070171356201, -4.410312652587891, -4.367753505706787, -4.335458755493164, -4.414927959442139, -4.431480407714844, -4.555331230163574, -4.678511142730713, -4.479154109954834, -4.488264083862305, -4.501280307769775, -4.518784046173096, -4.548849582672119, -4.702916145324707, -4.867733478546143, -4.933464050292969, -4.940150260925293, -4.9889092445373535, -5.086921691894531, -5.08236837387085, -5.212242126464844, -5.216976642608643, -5.2691192626953125, -5.332452774047852, -5.264662742614746, -5.1990203857421875, -5.298194408416748, -5.2446441650390625];[0.4582643508911133, 0.43804672360420227, 0.47096893191337585, 0.4531497657299042, 0.4416497051715851, 0.47075262665748596, 0.42303964495658875, 0.5676707029342651, 0.512793242931366, 0.5411983132362366, 0.49392950534820557, 0.5400063395500183, 0.5042135119438171, 0.38142430782318115, 0.5155786871910095, 0.6078245043754578, 0.5329570174217224, 0.5987614989280701, 0.5370461344718933, 0.5941146612167358, 0.6314023733139038, 0.6792185306549072, 0.7273223400115967, 0.605362594127655, 0.404813289642334, 0.5088121891021729, 0.5978105664253235, 0.5852820873260498, 0.5218056440353394, 0.5957306027412415];1391.1766135692596
2050;[1.160905361175537, 1.1641596555709839, 1.1732127666473389, 1.1825058460235596, 1.1964207887649536, 1.1891474723815918, 1.1878033876419067, 1.1808680295944214, 1.1963964700698853, 1.2026735544204712, 1.2016873359680176, 1.2042385339736938, 1.2050658464431763, 1.2027705907821655, 1.200176477432251, 1.1929610967636108, 1.184003472328186, 1.1945199966430664, 1.1837915182113647, 1.1749070882797241, 1.1794952154159546, 1.1779228448867798, 1.1737313270568848, 1.1705635786056519, 1.1702316999435425, 1.1718895435333252, 1.168014645576477, 1.1631203889846802, 1.1593490839004517, 1.1679905652999878, 1.1563923358917236];[0.089922696352005, 0.09220251441001892, 0.09256446361541748, 0.09708241373300552, 0.09876088798046112, 0.09696535021066666, 0.09820012003183365, 0.09841937571763992, 0.1096571683883667, 0.11228710412979126, 0.1178489550948143, 0.12269912660121918, 0.12071280181407928, 0.11899209022521973, 0.1199820265173912, 0.11747916042804718, 0.11494211107492447, 0.11850571632385254, 0.11427393555641174, 0.10984518378973007, 0.11631704121828079, 0.11229125410318375, 0.11485569924116135, 0.1179371178150177, 0.11818226426839828, 0.11985977739095688, 0.11834264546632767, 0.11764802783727646, 0.11365443468093872, 0.11923466622829437, 0.114652618765831];[-2.1246562004089355, -2.1257309913635254, -2.122368812561035, -2.135593891143799, -2.1279594898223877, -2.10589337348938, -2.133575439453125, -2.155930280685425, -2.2179818153381348, -2.2147748470306396, -2.2763140201568604, -2.2770440578460693, -2.2615692615509033, -2.237988233566284, -2.29015851020813, -2.285651922225952, -2.2552857398986816, -2.31412935256958, -2.290449857711792, -2.2720839977264404, -2.318915605545044, -2.2941842079162598, -2.320979356765747, -2.3602781295776367, -2.389516830444336, -2.4078147411346436, -2.398409843444824, -2.388439416885376, -2.3633666038513184, -2.413557291030884, -2.3721485137939453];[0.4287780225276947, 0.4362128973007202, 0.417513906955719, 0.40438196063041687, 0.36299359798431396, 0.3751859962940216, 0.40941810607910156, 0.4229612350463867, 0.433898001909256, 0.5350778102874756, 0.47175243496894836, 0.48888099193573, 0.5185602903366089, 0.5908389091491699, 0.5358517169952393, 0.39744627475738525, 0.592078447341919, 0.4341222047805786, 0.6082849502563477, 0.5776065587997437, 0.45286792516708374, 0.45921552181243896, 0.5216535925865173, 0.54103684425354, 0.5043066143989563, 0.525973379611969, 0.5074328184127808, 0.5149362683296204, 0.6081694960594177, 0.4717203974723816];1382.9692995548248
2050;[1.6118731498718262, 1.6146119832992554, 1.6218886375427246, 1.6277098655700684, 1.6403415203094482, 1.6309401988983154, 1.6263928413391113, 1.6223689317703247, 1.6312488317489624, 1.6379406452178955, 1.6383789777755737, 1.6362327337265015, 1.6269404888153076, 1.6346285343170166, 1.6298564672470093, 1.6291733980178833, 1.6184380054473877, 1.6242964267730713, 1.6165827512741089, 1.607212781906128, 1.6070142984390259, 1.6103261709213257, 1.6172627210617065, 1.6178677082061768, 1.6174982786178589, 1.6174397468566895, 1.6150151491165161, 1.611940860748291, 1.6120843887329102, 1.6269021034240723, 1.6189360618591309];[0.19280458986759186, 0.19392894208431244, 0.19199179112911224, 0.19305290281772614, 0.193476602435112, 0.1925196349620819, 0.1986367404460907, 0.1937820166349411, 0.19553528726100922, 0.19457684457302094, 0.1994137167930603, 0.2038114219903946, 0.2030101865530014, 0.20764626562595367, 0.2071082592010498, 0.21357010304927826, 0.21339716017246246, 0.21402285993099213, 0.21124199032783508, 0.20854368805885315, 0.20860163867473602, 0.2135457545518875, 0.21572744846343994, 0.21739983558654785, 0.21522735059261322, 0.21826371550559998, 0.2188783884048462, 0.2179805487394333, 0.21637938916683197, 0.22284948825836182, 0.22266529500484467];[-4.279323101043701, -4.256725311279297, -4.21717643737793, -4.189088821411133, -4.158955097198486, -4.182190418243408, -4.337098598480225, -4.263643741607666, -4.206608295440674, -4.1975932121276855, -4.261345386505127, -4.380858421325684, -4.472515106201172, -4.533356189727783, -4.534064769744873, -4.683711528778076, -4.6881866455078125, -4.741097450256348, -4.636447906494141, -4.62887716293335, -4.613656044006348, -4.732058048248291, -4.741536617279053, -4.7798686027526855, -4.775137424468994, -4.838798522949219, -4.842878818511963, -4.805859565734863, -4.809964656829834, -4.932427406311035, -4.903961658477783];[0.4287780225276947, 0.4180266559123993, 0.4381275475025177, 0.3967410624027252, 0.38310351967811584, 0.40560492873191833, 0.41926097869873047, 0.4322966933250427, 0.3855854570865631, 0.3898736238479614, 0.41446229815483093, 0.4899287223815918, 0.5112637877464294, 0.4794214367866516, 0.5587621331214905, 0.5835905075073242, 0.6183283925056458, 0.5559190511703491, 0.5635750889778137, 0.5007259249687195, 0.5905660390853882, 0.6146026253700256, 0.5569267868995667, 0.596940279006958, 0.702092707157135, 0.4621405303478241, 0.36150968074798584, 0.5408440232276917, 0.5942794680595398, 0.4278120696544647];1381.3481059074402
2100;[1.1651062965393066, 1.163477897644043, 1.1723424196243286, 1.1744513511657715, 1.1713151931762695, 1.1730132102966309, 1.1762290000915527, 1.1792900562286377, 1.1817190647125244, 1.1853158473968506, 1.1790409088134766, 1.1675746440887451, 1.1715840101242065, 1.1715956926345825, 1.1623188257217407, 1.1676771640777588, 1.1748151779174805, 1.1758277416229248, 1.1773054599761963, 1.1840040683746338, 1.1916935443878174, 1.1812994480133057, 1.180535912513733, 1.1763689517974854, 1.1740251779556274, 1.181815505027771, 1.1778733730316162, 1.1685148477554321, 1.1802526712417603, 1.2069770097732544, 1.2056176662445068];[0.09392423182725906, 0.09094871580600739, 0.08747129142284393, 0.08524741977453232, 0.08258124440908432, 0.08300183713436127, 0.08389151841402054, 0.08875931799411774, 0.08809567242860794, 0.09539604932069778, 0.09847278892993927, 0.09172388911247253, 0.09831615537405014, 0.10310003161430359, 0.10335367918014526, 0.11037527769804001, 0.11672253161668777, 0.12030285596847534, 0.12298093736171722, 0.1293078064918518, 0.1368510127067566, 0.13074810802936554, 0.12976206839084625, 0.12778672575950623, 0.12479463219642639, 0.1309337168931961, 0.1286677122116089, 0.12204903364181519, 0.13109330832958221, 0.1469949185848236, 0.14686807990074158];[-2.148033380508423, -2.113494873046875, -2.05120849609375, -2.0201327800750732, -2.0030317306518555, -1.9814927577972412, -1.9901189804077148, -2.012788772583008, -2.016249179840088, -2.113046884536743, -2.1596217155456543, -2.1332662105560303, -2.1880242824554443, -2.2323548793792725, -2.2548668384552, -2.3203699588775635, -2.3767173290252686, -2.4104814529418945, -2.4431240558624268, -2.47305965423584, -2.5556883811950684, -2.4968011379241943, -2.495274305343628, -2.471346378326416, -2.463102102279663, -2.495346784591675, -2.4839396476745605, -2.4294164180755615, -2.496565341949463, -2.6587178707122803, -2.6591382026672363];[0.4451564848423004, 0.4310290515422821, 0.41056641936302185, 0.3539755344390869, 0.35304510593414307, 0.3396667540073395, 0.33087220788002014, 0.30342310667037964, 0.31647789478302, 0.36669111251831055, 0.4079199433326721, 0.48713549971580505, 0.49002203345298767, 0.5978047847747803, 0.5690041780471802, 0.5265285968780518, 0.5719942450523376, 0.5353936553001404, 0.5797262191772461, 0.4146386682987213, 0.4372631907463074, 0.4453410506248474, 0.5025420784950256, 0.5848984122276306, 0.4918813407421112, 0.4671931564807892, 0.3896059989929199, 0.5777375102043152, 0.4153890609741211, 0.2714042663574219];1395.4286761283875
2100;[1.6160051822662354, 1.6140341758728027, 1.6220322847366333, 1.6290373802185059, 1.6230005025863647, 1.6239569187164307, 1.628455638885498, 1.632971167564392, 1.6360005140304565, 1.6390279531478882, 1.6246989965438843, 1.6153255701065063, 1.626413106918335, 1.6322153806686401, 1.6242544651031494, 1.628669261932373, 1.635696291923523, 1.6364835500717163, 1.6442134380340576, 1.6406149864196777, 1.653875470161438, 1.6536043882369995, 1.6522773504257202, 1.649086356163025, 1.6542251110076904, 1.6539433002471924, 1.6580878496170044, 1.647728681564331, 1.6519787311553955, 1.6737900972366333, 1.6619900465011597];[0.19611789286136627, 0.19300983846187592, 0.1923900991678238, 0.19946429133415222, 0.19298355281352997, 0.19006207585334778, 0.1921049952507019, 0.19614923000335693, 0.19428139925003052, 0.19670172035694122, 0.19570644199848175, 0.1921190470457077, 0.19948196411132812, 0.20554456114768982, 0.20505692064762115, 0.21029973030090332, 0.2157873511314392, 0.21955788135528564, 0.222467303276062, 0.2201938033103943, 0.22778843343257904, 0.22817958891391754, 0.22872494161128998, 0.2303057610988617, 0.2328963428735733, 0.2346971482038498, 0.23780733346939087, 0.23411357402801514, 0.23692689836025238, 0.24620622396469116, 0.24178774654865265];[-4.32134485244751, -4.2443528175354, -4.1912970542907715, -4.363132953643799, -4.235617637634277, -4.125866889953613, -4.1441473960876465, -4.138672828674316, -4.081961154937744, -4.156282424926758, -4.1890034675598145, -4.199413299560547, -4.3163161277771, -4.482463359832764, -4.497828006744385, -4.608834743499756, -4.687076568603516, -4.793498516082764, -4.871208667755127, -4.784032821655273, -4.892251968383789, -4.8649420738220215, -4.890833854675293, -4.933660984039307, -5.001201152801514, -5.060633182525635, -5.143245220184326, -5.0855231285095215, -5.137307167053223, -5.325955867767334, -5.2600202560424805];[0.4451564848423004, 0.4089667797088623, 0.4127727150917053, 0.4048658609390259, 0.39299851655960083, 0.39383143186569214, 0.37018465995788574, 0.3392776548862457, 0.3018471598625183, 0.3668091893196106, 0.3901076316833496, 0.4295908212661743, 0.4675544798374176, 0.47200262546539307, 0.5281848907470703, 0.6020286679267883, 0.4856640100479126, 0.5715951919555664, 0.48351964354515076, 0.5388489365577698, 0.4268519878387451, 0.34603166580200195, 0.2855689525604248, 0.23038622736930847, 0.24234560132026672, 0.2094384729862213, 0.18997585773468018, 0.21330881118774414, 0.14059364795684814, 0.11700519919395447];1406.171374320984
2150;[1.1716128587722778, 1.1695908308029175, 1.1589090824127197, 1.1659311056137085, 1.1658647060394287, 1.177193522453308, 1.1782058477401733, 1.1846816539764404, 1.1914806365966797, 1.1865931749343872, 1.201267957687378, 1.1961076259613037, 1.1848009824752808, 1.1927050352096558, 1.200522541999817, 1.1818596124649048, 1.1700454950332642, 1.1809684038162231, 1.1927672624588013, 1.1849478483200073, 1.2179292440414429, 1.205869436264038, 1.2152118682861328, 1.210611343383789, 1.2225168943405151, 1.2067128419876099, 1.2211295366287231, 1.211205005645752, 1.2070218324661255, 1.221782922744751, 1.2042148113250732];[0.09708990156650543, 0.09210950881242752, 0.09933046251535416, 0.09742841869592667, 0.09793251752853394, 0.10190905630588531, 0.10108272731304169, 0.09977129101753235, 0.10780659317970276, 0.10400339961051941, 0.11284425109624863, 0.10886157304048538, 0.11163460463285446, 0.11506840586662292, 0.12299678474664688, 0.1092229038476944, 0.10703588277101517, 0.11796385049819946, 0.12535513937473297, 0.12705662846565247, 0.15066459774971008, 0.14236922562122345, 0.15021894872188568, 0.1490829885005951, 0.15629684925079346, 0.14625181257724762, 0.15315739810466766, 0.14936316013336182, 0.1468002051115036, 0.15526807308197021, 0.14609365165233612];[-2.159209966659546, -2.1129772663116455, -2.2103445529937744, -2.1756105422973633, -2.1859986782073975, -2.2102627754211426, -2.1953251361846924, -2.1773805618286133, -2.2284340858459473, -2.219916582107544, -2.2750816345214844, -2.2412235736846924, -2.268090009689331, -2.2965564727783203, -2.3793554306030273, -2.281217575073242, -2.26180362701416, -2.354278802871704, -2.430760383605957, -2.4554455280303955, -2.648167133331299, -2.580821990966797, -2.6620960235595703, -2.6501893997192383, -2.7093582153320312, -2.6039621829986572, -2.6889188289642334, -2.6609156131744385, -2.636341094970703, -2.7298848628997803, -2.620191812515259];[0.43963155150413513, 0.42888006567955017, 0.4600692391395569, 0.44654420018196106, 0.4255930781364441, 0.4681720733642578, 0.4368700087070465, 0.4084070026874542, 0.4606180787086487, 0.46794238686561584, 0.5388857126235962, 0.6475856304168701, 0.6230751276016235, 0.5292094945907593, 0.5173743367195129, 0.5724523663520813, 0.6024134159088135, 0.5502117276191711, 0.577979326248169, 0.5444494485855103, 0.5924394726753235, 0.7335168719291687, 0.5749302506446838, 0.5134026408195496, 0.5927287936210632, 0.6156734824180603, 0.5062842965126038, 0.5383293032646179, 0.44210830330848694, 0.42490115761756897];1392.4478912353516
2150;[1.6206806898117065, 1.6176153421401978, 1.6095699071884155, 1.6096655130386353, 1.6041587591171265, 1.597976565361023, 1.5948264598846436, 1.5963348150253296, 1.5915937423706055, 1.58754563331604, 1.5896592140197754, 1.5911593437194824, 1.5885908603668213, 1.5925183296203613, 1.5909547805786133, 1.5926152467727661, 1.5882326364517212, 1.5887978076934814, 1.5931708812713623, 1.5921188592910767, 1.5899566411972046, 1.588232398033142, 1.5961294174194336, 1.592660903930664, 1.598379373550415, 1.5887093544006348, 1.590828776359558, 1.591957449913025, 1.5930126905441284, 1.5963771343231201, 1.5922564268112183];[0.19710811972618103, 0.1943783015012741, 0.21048623323440552, 0.20393624901771545, 0.2015833556652069, 0.19808059930801392, 0.1969599723815918, 0.20015013217926025, 0.20064310729503632, 0.2040427029132843, 0.20472095906734467, 0.20668451488018036, 0.20810304582118988, 0.20741677284240723, 0.20895394682884216, 0.20982733368873596, 0.2102721780538559, 0.21223948895931244, 0.21320968866348267, 0.211527481675148, 0.21268871426582336, 0.21147090196609497, 0.21417655050754547, 0.21372894942760468, 0.2155265510082245, 0.21181277930736542, 0.21258938312530518, 0.21265505254268646, 0.21307069063186646, 0.21386238932609558, 0.21495813131332397];[-4.311519145965576, -4.2707061767578125, -4.667515754699707, -4.50592565536499, -4.472165107727051, -4.393917560577393, -4.3903703689575195, -4.468852996826172, -4.471793174743652, -4.58646821975708, -4.588927745819092, -4.637822151184082, -4.659744739532471, -4.666897773742676, -4.6807355880737305, -4.716488361358643, -4.710529327392578, -4.7359113693237305, -4.7594122886657715, -4.760523319244385, -4.753472328186035, -4.750977516174316, -4.783286094665527, -4.77833366394043, -4.803401470184326, -4.7469563484191895, -4.772340297698975, -4.776926040649414, -4.782652854919434, -4.809908390045166, -4.783271312713623];[0.43963155150413513, 0.4304863214492798, 0.4726417064666748, 0.4469926357269287, 0.4787353575229645, 0.5206630825996399, 0.5829687714576721, 0.5935786366462708, 0.5280150175094604, 0.4988633394241333, 0.5120476484298706, 0.44111368060112, 0.5819211602210999, 0.5218884944915771, 0.6194121837615967, 0.3869163691997528, 0.3879610002040863, 0.5611565709114075, 0.5453310608863831, 0.25000786781311035, 0.3371824324131012, 0.515955924987793, 0.5393942594528198, 0.19921506941318512, 0.2423381805419922, 0.13291454315185547, 0.12479054927825928, 0.13363689184188843, 0.14267435669898987, 0.6290015578269958];1393.3226521015167
2200;[1.1596378087997437, 1.1541016101837158, 1.1708366870880127, 1.163280963897705, 1.1669851541519165, 1.1596683263778687, 1.159240484237671, 1.1619166135787964, 1.1659138202667236, 1.164947271347046, 1.1726255416870117, 1.1565293073654175, 1.1571173667907715, 1.1536344289779663, 1.148221492767334, 1.1474639177322388, 1.1499511003494263, 1.1406992673873901, 1.1504201889038086, 1.1456944942474365, 1.1444580554962158, 1.1466114521026611, 1.1458760499954224, 1.1479277610778809, 1.1547112464904785, 1.1546237468719482, 1.1543461084365845, 1.15459144115448, 1.1595981121063232, 1.1454148292541504, 1.1515190601348877];[0.09183342009782791, 0.08162855356931686, 0.08448314666748047, 0.07882030308246613, 0.08005095273256302, 0.07787010818719864, 0.08115092664957047, 0.08167481422424316, 0.08313683420419693, 0.08301008492708206, 0.09686409682035446, 0.09478375315666199, 0.10160928219556808, 0.10251963883638382, 0.10419590771198273, 0.10585296899080276, 0.10967786610126495, 0.10627181082963943, 0.1124219223856926, 0.11021385341882706, 0.11099012941122055, 0.11021919548511505, 0.11041225492954254, 0.11236978322267532, 0.11663895845413208, 0.11706753075122833, 0.11617083102464676, 0.11575441062450409, 0.11900059878826141, 0.11110927909612656, 0.11465274542570114];[-2.1269755363464355, -2.0320394039154053, -1.997767448425293, -1.9725393056869507, -1.9723124504089355, -1.9848698377609253, -2.0133707523345947, -2.0148403644561768, -2.0207395553588867, -2.0263710021972656, -2.1429238319396973, -2.170217990875244, -2.2307190895080566, -2.2531330585479736, -2.28775691986084, -2.299903392791748, -2.3324849605560303, -2.3129355907440186, -2.362602949142456, -2.3378283977508545, -2.338254690170288, -2.341630220413208, -2.346047878265381, -2.3667566776275635, -2.390329122543335, -2.396930694580078, -2.396453380584717, -2.3919384479522705, -2.436316967010498, -2.348667860031128, -2.3822832107543945];[0.42894819378852844, 0.4183516502380371, 0.3663099408149719, 0.35293883085250854, 0.3803638219833374, 0.4060298204421997, 0.3820061981678009, 0.37809252738952637, 0.34770819544792175, 0.3706223666667938, 0.43231651186943054, 0.569480299949646, 0.5782569050788879, 0.5534809827804565, 0.5056469440460205, 0.5198462009429932, 0.474213182926178, 0.5649409890174866, 0.3198825418949127, 0.22271892428398132, 0.29953059554100037, 0.2617906332015991, 0.2974320650100708, 0.24865253269672394, 0.3881576657295227, 0.15293510258197784, 0.15811032056808472, 0.21216975152492523, 0.22855448722839355, 0.14161768555641174];1396.6365189552307
2200;[1.6102783679962158, 1.6059184074401855, 1.621383786201477, 1.6160600185394287, 1.618561863899231, 1.6128135919570923, 1.6107490062713623, 1.6158801317214966, 1.616396427154541, 1.6173510551452637, 1.6158766746520996, 1.6059727668762207, 1.6049329042434692, 1.609716534614563, 1.6073212623596191, 1.6061025857925415, 1.6079306602478027, 1.601709246635437, 1.6090863943099976, 1.6036773920059204, 1.604080080986023, 1.6038503646850586, 1.608112096786499, 1.6040509939193726, 1.6067612171173096, 1.6181402206420898, 1.6124383211135864, 1.6137460470199585, 1.618530511856079, 1.6084065437316895, 1.6189606189727783];[0.19495739042758942, 0.1855437010526657, 0.18634609878063202, 0.18278126418590546, 0.18251295387744904, 0.1822105050086975, 0.18507304787635803, 0.1838347613811493, 0.18945884704589844, 0.194535493850708, 0.205852210521698, 0.20317934453487396, 0.20944957435131073, 0.21193602681159973, 0.21457147598266602, 0.2163068950176239, 0.21851733326911926, 0.216454416513443, 0.21992437541484833, 0.21827369928359985, 0.22013700008392334, 0.21783901751041412, 0.21981076896190643, 0.21875950694084167, 0.2196934074163437, 0.22527767717838287, 0.2217186689376831, 0.22185246646404266, 0.22431299090385437, 0.22106710076332092, 0.22444847226142883];[-4.286954879760742, -4.072947978973389, -3.958136796951294, -3.9153711795806885, -3.8962268829345703, -3.9805538654327393, -4.0300211906433105, -3.942633867263794, -4.110500335693359, -4.263618469238281, -4.524167537689209, -4.512718200683594, -4.637391567230225, -4.69961404800415, -4.766793251037598, -4.814282417297363, -4.848503112792969, -4.831899642944336, -4.881339073181152, -4.849430084228516, -4.864029407501221, -4.8586626052856445, -4.888399124145508, -4.874783515930176, -4.881674766540527, -4.959887981414795, -4.922433376312256, -4.922982692718506, -4.973966598510742, -4.89304780960083, -4.973958969116211];[0.42894819378852844, 0.44703203439712524, 0.35645437240600586, 0.3452991545200348, 0.34124189615249634, 0.3977546989917755, 0.40933355689048767, 0.3614791929721832, 0.405982106924057, 0.4663880467414856, 0.5702481865882874, 0.6055933833122253, 0.528891384601593, 0.5036066174507141, 0.5811240077018738, 0.38405662775039673, 0.40834081172943115, 0.2866739332675934, 0.3477008044719696, 0.2910080552101135, 0.31723275780677795, 0.297629714012146, 0.2791653275489807, 0.16521607339382172, 0.5203648209571838, 0.24069702625274658, 0.11758242547512054, 0.21767695248126984, 0.12932240962982178, 0.09299588948488235];1382.3458573818207
2250;[1.1652204990386963, 1.1643860340118408, 1.1635127067565918, 1.175530195236206, 1.159847617149353, 1.1603996753692627, 1.1663877964019775, 1.1732814311981201, 1.163041114807129, 1.155992031097412, 1.159213662147522, 1.1665281057357788, 1.1737256050109863, 1.1810864210128784, 1.1690553426742554, 1.1647534370422363, 1.168695092201233, 1.1806994676589966, 1.1677573919296265, 1.1692298650741577, 1.1774938106536865, 1.1888624429702759, 1.1826967000961304, 1.181053638458252, 1.1952853202819824, 1.1934664249420166, 1.1977530717849731, 1.2050256729125977, 1.2030001878738403, 1.2034672498703003, 1.21333909034729];[0.09662307798862457, 0.08896725624799728, 0.08326463401317596, 0.08699382841587067, 0.08499396592378616, 0.0852261334657669, 0.08286011219024658, 0.0878833532333374, 0.08753408491611481, 0.08993392437696457, 0.09617962688207626, 0.10192804783582687, 0.1123492568731308, 0.11613796651363373, 0.11649489402770996, 0.1172579973936081, 0.12185023725032806, 0.12964075803756714, 0.12199896574020386, 0.12264066189527512, 0.128051295876503, 0.1361658275127411, 0.13260097801685333, 0.1319856494665146, 0.14117279648780823, 0.1405310332775116, 0.14148400723934174, 0.14712508022785187, 0.14731189608573914, 0.14786134660243988, 0.15305320918560028];[-2.160407304763794, -2.0970141887664795, -2.0277867317199707, -2.0427417755126953, -2.060232400894165, -2.06730580329895, -2.0356078147888184, -2.0645394325256348, -2.0694313049316406, -2.1110761165618896, -2.185051679611206, -2.206301689147949, -2.3218367099761963, -2.353111505508423, -2.3640010356903076, -2.3864147663116455, -2.418369770050049, -2.5018038749694824, -2.4204914569854736, -2.4429032802581787, -2.483316421508789, -2.543804168701172, -2.5275259017944336, -2.50894832611084, -2.578209400177002, -2.5849297046661377, -2.602109432220459, -2.6442103385925293, -2.6323397159576416, -2.6438686847686768, -2.6880664825439453];[0.43730366230010986, 0.41279229521751404, 0.39260950684547424, 0.3957659900188446, 0.4271467328071594, 0.4222930669784546, 0.39917734265327454, 0.40480440855026245, 0.39898279309272766, 0.4239479601383209, 0.44954052567481995, 0.4942328631877899, 0.6137177348136902, 0.6118803024291992, 0.6805217266082764, 0.35610347986221313, 0.5353327393531799, 0.45644527673721313, 0.5311500430107117, 0.505351185798645, 0.27667978405952454, 0.43312665820121765, 0.6387194991111755, 0.331251323223114, 0.31958356499671936, 0.22103449702262878, 0.5863938927650452, 0.37463369965553284, 0.48848602175712585, 0.5972086191177368];1394.038826227188
2250;[1.6151421070098877, 1.615510106086731, 1.6138852834701538, 1.6211589574813843, 1.6082388162612915, 1.6050422191619873, 1.6077390909194946, 1.6098899841308594, 1.6047580242156982, 1.6029165983200073, 1.6037356853485107, 1.6032090187072754, 1.6106305122375488, 1.608927845954895, 1.6029266119003296, 1.607425332069397, 1.6075021028518677, 1.610606074333191, 1.6194318532943726, 1.6119698286056519, 1.6174451112747192, 1.6192997694015503, 1.620152235031128, 1.6134353876113892, 1.6201227903366089, 1.6102603673934937, 1.6117702722549438, 1.616578221321106, 1.6205414533615112, 1.6163376569747925, 1.6156481504440308];[0.19821478426456451, 0.19148992002010345, 0.1856553703546524, 0.1888473629951477, 0.19470492005348206, 0.19675981998443604, 0.2007673680782318, 0.204866424202919, 0.20983336865901947, 0.21107816696166992, 0.212300643324852, 0.21377094089984894, 0.21688394248485565, 0.21698734164237976, 0.21622690558433533, 0.21830542385578156, 0.2190525382757187, 0.22075311839580536, 0.22361436486244202, 0.21971870958805084, 0.22299927473068237, 0.22478459775447845, 0.22488585114479065, 0.22150185704231262, 0.2245817482471466, 0.2204902172088623, 0.22114183008670807, 0.22350116074085236, 0.22491438686847687, 0.22397591173648834, 0.2235356867313385];[-4.330251693725586, -4.189900875091553, -4.060511112213135, -4.114020347595215, -4.317321300506592, -4.387053489685059, -4.480742931365967, -4.564867973327637, -4.647803783416748, -4.703080654144287, -4.745850563049316, -4.74443244934082, -4.800909042358398, -4.80776834487915, -4.80637788772583, -4.854153156280518, -4.871023654937744, -4.908746242523193, -4.938131809234619, -4.899830341339111, -4.932703971862793, -4.947287082672119, -4.955824375152588, -4.918898582458496, -4.956160068511963, -4.901187896728516, -4.916460037231445, -4.944430351257324, -4.944716930389404, -4.9364914894104, -4.9408674240112305];[0.43730366230010986, 0.41442519426345825, 0.38826319575309753, 0.4006848931312561, 0.4211054742336273, 0.461835116147995, 0.49987930059432983, 0.4754798710346222, 0.48385950922966003, 0.520940899848938, 0.4602869153022766, 0.5580529570579529, 0.4368247985839844, 0.5448266267776489, 0.6489969491958618, 0.3367472290992737, 0.37307360768318176, 0.19110554456710815, 0.33138716220855713, 0.3790302574634552, 0.20929540693759918, 0.28349512815475464, 0.37503787875175476, 0.24738991260528564, 0.2487337440252304, 0.08576543629169464, 0.3863738477230072, 0.41375067830085754, 0.3958146274089813, 0.24153462052345276];1409.815913438797
2300;[1.1568489074707031, 1.1637928485870361, 1.179931402206421, 1.1921792030334473, 1.2045329809188843, 1.2042802572250366, 1.2044391632080078, 1.207807183265686, 1.2103068828582764, 1.2012701034545898, 1.1987853050231934, 1.2014683485031128, 1.2026617527008057, 1.1998803615570068, 1.202942132949829, 1.1993188858032227, 1.2023248672485352, 1.2055119276046753, 1.2138904333114624, 1.1971776485443115, 1.1961148977279663, 1.1994999647140503, 1.2053109407424927, 1.2063146829605103, 1.1976982355117798, 1.1818833351135254, 1.1854112148284912, 1.1738289594650269, 1.1611027717590332, 1.162256121635437, 1.1552834510803223];[0.09082446992397308, 0.08380800485610962, 0.0917566567659378, 0.09338751435279846, 0.10587400197982788, 0.10403066873550415, 0.10536074638366699, 0.11375159025192261, 0.11823253333568573, 0.11382927745580673, 0.11405026167631149, 0.11759046465158463, 0.12333142757415771, 0.12860925495624542, 0.12909089028835297, 0.12175997346639633, 0.13187994062900543, 0.138675257563591, 0.14475052058696747, 0.1340274065732956, 0.13618133962154388, 0.13662973046302795, 0.14034242928028107, 0.1367262303829193, 0.13424047827720642, 0.12173198908567429, 0.1261940747499466, 0.12230663746595383, 0.11557140946388245, 0.11782122403383255, 0.11397258937358856];[-2.1375463008880615, -2.042357921600342, -2.0584876537323, -2.051788806915283, -2.125749111175537, -2.1271872520446777, -2.1339635848999023, -2.206669807434082, -2.251622200012207, -2.2589645385742188, -2.2533578872680664, -2.292881965637207, -2.3388936519622803, -2.3814358711242676, -2.379525899887085, -2.3422446250915527, -2.418121099472046, -2.4871551990509033, -2.575625419616699, -2.486679792404175, -2.5157554149627686, -2.5259156227111816, -2.548358917236328, -2.515324115753174, -2.515871524810791, -2.413539171218872, -2.4513988494873047, -2.414903402328491, -2.3647682666778564, -2.395028591156006, -2.3797338008880615];[0.4529367685317993, 0.399791955947876, 0.3584274649620056, 0.32678136229515076, 0.31184473633766174, 0.33517518639564514, 0.3161415755748749, 0.3311576247215271, 0.3336881697177887, 0.3489497900009155, 0.4128197133541107, 0.5130375623703003, 0.4633556604385376, 0.5601818561553955, 0.5974829196929932, 0.7027024030685425, 0.5095236301422119, 0.46885424852371216, 0.2815588116645813, 0.4497528672218323, 0.33967044949531555, 0.21262311935424805, 0.5558836460113525, 0.5299437046051025, 0.39331039786338806, 0.4889516234397888, 0.578578531742096, 0.5515069961547852, 0.5215107798576355, 0.410678893327713];1409.78506398201
2300;[1.6093753576278687, 1.6135679483413696, 1.6293725967407227, 1.640326976776123, 1.6533689498901367, 1.6538079977035522, 1.6527340412139893, 1.6608836650848389, 1.6660059690475464, 1.659388542175293, 1.658786416053772, 1.6495864391326904, 1.6408913135528564, 1.6375998258590698, 1.6312211751937866, 1.6326425075531006, 1.6175007820129395, 1.6195927858352661, 1.6261361837387085, 1.6191191673278809, 1.6207646131515503, 1.6170854568481445, 1.6253385543823242, 1.620438814163208, 1.629288911819458, 1.6183621883392334, 1.61918044090271, 1.6108784675598145, 1.6151190996170044, 1.6099246740341187, 1.6105122566223145];[0.1946004182100296, 0.18486028909683228, 0.18935668468475342, 0.19492292404174805, 0.2044966220855713, 0.20308572053909302, 0.20466876029968262, 0.2128806710243225, 0.22062130272388458, 0.21514908969402313, 0.21399131417274475, 0.20608186721801758, 0.20234991610050201, 0.20415109395980835, 0.21160322427749634, 0.21149691939353943, 0.21237868070602417, 0.21542046964168549, 0.22256450355052948, 0.2205248475074768, 0.2202838957309723, 0.2203652709722519, 0.22479209303855896, 0.2233123779296875, 0.22765102982521057, 0.2226717174053192, 0.22350049018859863, 0.22131353616714478, 0.22275890409946442, 0.22064588963985443, 0.21999302506446838];[-4.335846424102783, -4.049301624298096, -4.012004375457764, -4.119790554046631, -4.206507682800293, -4.171205997467041, -4.163275241851807, -4.265195369720459, -4.364954471588135, -4.328895568847656, -4.309286117553711, -4.239834785461426, -4.238049507141113, -4.345221519470215, -4.58903169631958, -4.6466593742370605, -4.690077781677246, -4.749730110168457, -4.877758502960205, -4.880431652069092, -4.8701019287109375, -4.893191814422607, -4.9573774337768555, -4.946188449859619, -5.0084638595581055, -4.928012847900391, -4.9443159103393555, -4.8930559158325195, -4.909264087677002, -4.888824939727783, -4.8912553787231445];[0.4529367685317993, 0.3924226760864258, 0.36596453189849854, 0.33158135414123535, 0.2905369997024536, 0.31423714756965637, 0.268578439950943, 0.2281397432088852, 0.20203988254070282, 0.21882817149162292, 0.22333745658397675, 0.2722737789154053, 0.30125582218170166, 0.34523552656173706, 0.4775797724723816, 0.5836066007614136, 0.5127373933792114, 0.463515043258667, 0.5288081169128418, 0.5395641326904297, 0.6197367906570435, 0.42951855063438416, 0.44965389370918274, 0.38232672214508057, 0.42065155506134033, 0.31716370582580566, 0.37640103697776794, 0.5076829195022583, 0.44809219241142273, 0.27736616134643555];1418.6389026641846
2350;[1.1666685342788696, 1.173032522201538, 1.1767851114273071, 1.1875652074813843, 1.178536295890808, 1.1790168285369873, 1.1759499311447144, 1.169048547744751, 1.171034812927246, 1.1657077074050903, 1.1610759496688843, 1.1571522951126099, 1.158134937286377, 1.1614261865615845, 1.1492544412612915, 1.1566864252090454, 1.1584255695343018, 1.1553834676742554, 1.1569677591323853, 1.157802700996399, 1.1540541648864746, 1.150682806968689, 1.1575853824615479, 1.167086124420166, 1.1649143695831299, 1.1551028490066528, 1.1602810621261597, 1.1563059091567993, 1.1602553129196167, 1.166783332824707, 1.1613116264343262];[0.09524848312139511, 0.08792053163051605, 0.09301750361919403, 0.0961110070347786, 0.0915597602725029, 0.09228898584842682, 0.08962798863649368, 0.09184567630290985, 0.09616062790155411, 0.09667894244194031, 0.09835857897996902, 0.09982385486364365, 0.10384387522935867, 0.10696039348840714, 0.10408468544483185, 0.10551619529724121, 0.10965441912412643, 0.10936035960912704, 0.1096174493432045, 0.1139800176024437, 0.114092156291008, 0.11047361046075821, 0.11533030867576599, 0.12093187868595123, 0.12214496731758118, 0.11634168773889542, 0.11926882714033127, 0.11757148057222366, 0.12009511888027191, 0.12308797985315323, 0.12136506289243698];[-2.151374578475952, -2.055138111114502, -2.077740430831909, -2.0968427658081055, -2.093989372253418, -2.093658685684204, -2.040482759475708, -2.108647346496582, -2.142134428024292, -2.1718497276306152, -2.205094337463379, -2.2373757362365723, -2.2688541412353516, -2.30206298828125, -2.274170398712158, -2.282217502593994, -2.3187081813812256, -2.309401035308838, -2.3177223205566406, -2.3690414428710938, -2.366631269454956, -2.3405420780181885, -2.388174533843994, -2.4216840267181396, -2.44779372215271, -2.3914804458618164, -2.409048557281494, -2.4012041091918945, -2.4185876846313477, -2.4502928256988525, -2.45833158493042];[0.4297902286052704, 0.38409507274627686, 0.3621411919593811, 0.35711467266082764, 0.37892669439315796, 0.36265531182289124, 0.3584693372249603, 0.3530200719833374, 0.4266667068004608, 0.47990283370018005, 0.4871598780155182, 0.5691182613372803, 0.5167098641395569, 0.5495380759239197, 0.5819917917251587, 0.5426202416419983, 0.548759400844574, 0.6144586801528931, 0.5733228921890259, 0.6452716588973999, 0.6201574206352234, 0.6210814714431763, 0.6555119752883911, 0.6352435350418091, 0.6257752180099487, 0.42435815930366516, 0.4493858516216278, 0.426310658454895, 0.20519205927848816, 0.25460129976272583];1395.0811955928802
2350;[1.6175931692123413, 1.622798204421997, 1.6301331520080566, 1.636022925376892, 1.6260734796524048, 1.624112606048584, 1.623417615890503, 1.6198583841323853, 1.6178100109100342, 1.6184723377227783, 1.610610008239746, 1.610016942024231, 1.610404372215271, 1.6118637323379517, 1.6037756204605103, 1.6037358045578003, 1.602789282798767, 1.6026421785354614, 1.6162816286087036, 1.6258796453475952, 1.6210190057754517, 1.629699468612671, 1.6388897895812988, 1.6533993482589722, 1.6569223403930664, 1.6472883224487305, 1.6362264156341553, 1.6355642080307007, 1.643930435180664, 1.6464014053344727, 1.6415245532989502];[0.1965591013431549, 0.1924937665462494, 0.19659820199012756, 0.1960320770740509, 0.19687218964099884, 0.1973910629749298, 0.1930607259273529, 0.1966979056596756, 0.1965136080980301, 0.19886481761932373, 0.2029372602701187, 0.20340797305107117, 0.20890958607196808, 0.21007505059242249, 0.20754356682300568, 0.20674988627433777, 0.20725199580192566, 0.2102585881948471, 0.21945324540138245, 0.22221267223358154, 0.22289107739925385, 0.22493942081928253, 0.2279585897922516, 0.23595383763313293, 0.2382279634475708, 0.23534458875656128, 0.23082619905471802, 0.23041555285453796, 0.2347894012928009, 0.2351612001657486, 0.23455287516117096];[-4.320498466491699, -4.171083927154541, -4.21381950378418, -4.186689376831055, -4.269690036773682, -4.310847282409668, -4.226778984069824, -4.298837661743164, -4.3192362785339355, -4.377228260040283, -4.479289531707764, -4.518155574798584, -4.630130767822266, -4.6640753746032715, -4.58075475692749, -4.5837297439575195, -4.587147235870361, -4.6515679359436035, -4.83187198638916, -4.898798942565918, -4.906359672546387, -4.9403486251831055, -5.012353420257568, -5.137109279632568, -5.184944152832031, -5.119503974914551, -5.049696922302246, -5.0507354736328125, -5.119814395904541, -5.145126819610596, -5.139189720153809];[0.4297902286052704, 0.39932921528816223, 0.37435275316238403, 0.41253989934921265, 0.41437485814094543, 0.469682902097702, 0.4486730992794037, 0.4474639594554901, 0.483033150434494, 0.591654896736145, 0.47545260190963745, 0.42633622884750366, 0.5276592969894409, 0.5137506723403931, 0.5375308394432068, 0.5108127593994141, 0.4753261208534241, 0.6708918809890747, 0.4947614371776581, 0.5685241222381592, 0.5079724788665771, 0.37341058254241943, 0.6905711889266968, 0.3563026785850525, 0.38384193181991577, 0.46771612763404846, 0.16510403156280518, 0.15136249363422394, 0.1277647614479065, 0.07617940753698349];1399.853060722351
2400;[1.1644259691238403, 1.1532704830169678, 1.1536250114440918, 1.1708192825317383, 1.172394037246704, 1.1812646389007568, 1.1837198734283447, 1.1764730215072632, 1.1843641996383667, 1.184729814529419, 1.1830737590789795, 1.1847363710403442, 1.1774067878723145, 1.1719930171966553, 1.1712706089019775, 1.1585972309112549, 1.1558966636657715, 1.153365969657898, 1.1559511423110962, 1.1486634016036987, 1.153207540512085, 1.1667535305023193, 1.1535910367965698, 1.1583558320999146, 1.152622103691101, 1.154491662979126, 1.1560678482055664, 1.1425126791000366, 1.1457960605621338, 1.1460784673690796, 1.1420948505401611];[0.09364286810159683, 0.08724385499954224, 0.08332287520170212, 0.09490599483251572, 0.09447088837623596, 0.10221392661333084, 0.10586688667535782, 0.10523661971092224, 0.1098027378320694, 0.1104612872004509, 0.10726720839738846, 0.10684271156787872, 0.10397423058748245, 0.1025594025850296, 0.10682445764541626, 0.098635733127594, 0.10614869743585587, 0.1046987920999527, 0.1105744019150734, 0.1074318066239357, 0.11174698173999786, 0.11441219598054886, 0.10852038860321045, 0.11332932114601135, 0.11397496610879898, 0.1137121394276619, 0.11538256704807281, 0.10979371517896652, 0.11010991036891937, 0.10962225496768951, 0.1072758361697197];[-2.158336639404297, -2.0892221927642822, -2.0486338138580322, -2.1288111209869385, -2.1144490242004395, -2.1535627841949463, -2.1825878620147705, -2.1857759952545166, -2.1945056915283203, -2.219442367553711, -2.211256742477417, -2.252185344696045, -2.1827261447906494, -2.1945674419403076, -2.2392916679382324, -2.2073001861572266, -2.282414197921753, -2.2766671180725098, -2.3291962146759033, -2.300088882446289, -2.342221736907959, -2.365474224090576, -2.3093314170837402, -2.3574230670928955, -2.3602263927459717, -2.3584725856781006, -2.388688325881958, -2.3326151371002197, -2.3371500968933105, -2.3412230014801025, -2.310394525527954];[0.43164414167404175, 0.42806094884872437, 0.400827020406723, 0.4252747595310211, 0.4000665545463562, 0.3895670473575592, 0.4376033544540405, 0.386982262134552, 0.3633425831794739, 0.3610377311706543, 0.40279853343963623, 0.35738298296928406, 0.3743082582950592, 0.3934335708618164, 0.46991103887557983, 0.49925902485847473, 0.5287901759147644, 0.5499320030212402, 0.559823215007782, 0.5831753611564636, 0.5752692818641663, 0.6345714926719666, 0.6929938197135925, 0.4795353412628174, 0.5846270322799683, 0.5163595676422119, 0.6298689246177673, 0.4189470112323761, 0.5003150105476379, 0.46108999848365784];1412.6386618614197
2400;[1.6150466203689575, 1.6072137355804443, 1.6179182529449463, 1.6423553228378296, 1.6520805358886719, 1.6704915761947632, 1.6825282573699951, 1.677342414855957, 1.6898564100265503, 1.690274715423584, 1.6869674921035767, 1.6852537393569946, 1.673413872718811, 1.6578447818756104, 1.6626819372177124, 1.6515824794769287, 1.6367533206939697, 1.629069447517395, 1.6228735446929932, 1.6217318773269653, 1.6206450462341309, 1.6238068342208862, 1.6155983209609985, 1.6115802526474, 1.6028141975402832, 1.605764389038086, 1.6165008544921875, 1.6037474870681763, 1.6125568151474, 1.611400842666626, 1.6098805665969849];[0.19569550454616547, 0.19228850305080414, 0.19261781871318817, 0.20322716236114502, 0.2107938528060913, 0.22371609508991241, 0.2350330948829651, 0.2361215353012085, 0.24238978326320648, 0.24536511301994324, 0.23938792943954468, 0.23654687404632568, 0.23041965067386627, 0.2196628451347351, 0.21770428121089935, 0.21412023901939392, 0.20616348087787628, 0.19973193109035492, 0.1986563354730606, 0.20233531296253204, 0.2032874971628189, 0.20468834042549133, 0.20920619368553162, 0.21001413464546204, 0.2084643840789795, 0.21113069355487823, 0.2175525277853012, 0.21438656747341156, 0.21908865869045258, 0.2182156890630722, 0.2184426188468933];[-4.333802223205566, -4.237729549407959, -4.212215900421143, -4.2916107177734375, -4.3663153648376465, -4.498126029968262, -4.709437370300293, -4.741969585418701, -4.811577320098877, -4.920889854431152, -4.784622669219971, -4.776243686676025, -4.566614151000977, -4.39083194732666, -4.33937931060791, -4.300117015838623, -4.243916034698486, -4.200807571411133, -4.251837730407715, -4.311033725738525, -4.394182205200195, -4.473938465118408, -4.622992038726807, -4.667113304138184, -4.631020545959473, -4.681420803070068, -4.8095383644104, -4.750101566314697, -4.847554683685303, -4.854456901550293, -4.8329620361328125];[0.43164414167404175, 0.4391340911388397, 0.4297914206981659, 0.356048047542572, 0.29900550842285156, 0.25087469816207886, 0.17700737714767456, 0.16296860575675964, 0.15212935209274292, 0.13151711225509644, 0.1432495415210724, 0.16532766819000244, 0.18368913233280182, 0.216033473610878, 0.21320724487304688, 0.20489206910133362, 0.2899053692817688, 0.36862725019454956, 0.3974277675151825, 0.4767914116382599, 0.5050229430198669, 0.5214279294013977, 0.6436132788658142, 0.5675168633460999, 0.5741544365882874, 0.5847001075744629, 0.4731452167034149, 0.6244509816169739, 0.5258604288101196, 0.4903334379196167];1412.5411999225616
2450;[1.1571780443191528, 1.1619817018508911, 1.160164713859558, 1.1526836156845093, 1.1660000085830688, 1.1584036350250244, 1.1587380170822144, 1.1534780263900757, 1.1621047258377075, 1.1526373624801636, 1.156854271888733, 1.1542928218841553, 1.1539174318313599, 1.1512696743011475, 1.160826563835144, 1.1533762216567993, 1.15805184841156, 1.1628700494766235, 1.1661832332611084, 1.1700490713119507, 1.1707308292388916, 1.1716140508651733, 1.1720162630081177, 1.1662888526916504, 1.161407232284546, 1.1712745428085327, 1.1619040966033936, 1.1674187183380127, 1.1601015329360962, 1.16739821434021, 1.1722065210342407];[0.09185286611318588, 0.09096870571374893, 0.09256115555763245, 0.08803153038024902, 0.08891583234071732, 0.08683574944734573, 0.08729572594165802, 0.09140711277723312, 0.10084604471921921, 0.10032492876052856, 0.10960313677787781, 0.1098506897687912, 0.11015136539936066, 0.11021009832620621, 0.11551521718502045, 0.11311785876750946, 0.11700433492660522, 0.11850720643997192, 0.1212863028049469, 0.1256084144115448, 0.12438766658306122, 0.12681908905506134, 0.12751859426498413, 0.12256549298763275, 0.11893265694379807, 0.12487499415874481, 0.12189160287380219, 0.1250273585319519, 0.11810768395662308, 0.12316396087408066, 0.12352749705314636];[-2.127209186553955, -2.122030019760132, -2.1338963508605957, -2.097805976867676, -2.0968801975250244, -2.0846846103668213, -2.087066173553467, -2.137413740158081, -2.2078468799591064, -2.2358529567718506, -2.311004161834717, -2.3296916484832764, -2.331143617630005, -2.342660903930664, -2.3888444900512695, -2.3633368015289307, -2.390962839126587, -2.407041549682617, -2.4629483222961426, -2.4693048000335693, -2.4603493213653564, -2.4673497676849365, -2.473971128463745, -2.4329144954681396, -2.4138879776000977, -2.4805922508239746, -2.4275641441345215, -2.4560439586639404, -2.409297466278076, -2.455091953277588, -2.4580509662628174];[0.4213055670261383, 0.4260052740573883, 0.43569526076316833, 0.4152069389820099, 0.4381767511367798, 0.42655453085899353, 0.4245687425136566, 0.48833149671554565, 0.48430317640304565, 0.6387338638305664, 0.5120273232460022, 0.371369868516922, 0.6173628568649292, 0.4704974591732025, 0.3835127055644989, 0.46573588252067566, 0.6121922135353088, 0.4369792342185974, 0.4311372935771942, 0.3897995054721832, 0.6168603301048279, 0.31748679280281067, 0.6099310517311096, 0.6841822266578674, 0.32403454184532166, 0.43320614099502563, 0.3939511179924011, 0.5160591006278992, 0.4060605466365814, 0.4270372688770294];1408.1279454231262
2450;[1.607771635055542, 1.610628604888916, 1.6087392568588257, 1.6041821241378784, 1.6179594993591309, 1.6116843223571777, 1.614913821220398, 1.613376259803772, 1.6177856922149658, 1.6049809455871582, 1.6074485778808594, 1.607080340385437, 1.609376311302185, 1.6061688661575317, 1.607926607131958, 1.6067314147949219, 1.6135952472686768, 1.6146563291549683, 1.6217985153198242, 1.6137497425079346, 1.6115089654922485, 1.6177898645401, 1.621776819229126, 1.6188827753067017, 1.6247525215148926, 1.6291762590408325, 1.6114815473556519, 1.6206650733947754, 1.619701862335205, 1.6286760568618774, 1.6312934160232544];[0.1950467824935913, 0.193556547164917, 0.2006922960281372, 0.20073384046554565, 0.20036837458610535, 0.2027420997619629, 0.2016766369342804, 0.20323190093040466, 0.2061566561460495, 0.20526868104934692, 0.21159639954566956, 0.20956237614154816, 0.21398591995239258, 0.21333593130111694, 0.21638807654380798, 0.2176702618598938, 0.21916557848453522, 0.2198159545660019, 0.22435931861400604, 0.22161412239074707, 0.22019265592098236, 0.22408011555671692, 0.22717556357383728, 0.22412393987178802, 0.22533710300922394, 0.2274203598499298, 0.22283101081848145, 0.22613036632537842, 0.22325652837753296, 0.2282179445028305, 0.2278762012720108];[-4.302424430847168, -4.294235706329346, -4.434001922607422, -4.434835433959961, -4.40265417098999, -4.4541425704956055, -4.394680023193359, -4.4228596687316895, -4.40841007232666, -4.506800174713135, -4.6214823722839355, -4.637729167938232, -4.753186225891113, -4.774700164794922, -4.818759918212891, -4.838292598724365, -4.860629558563232, -4.887441635131836, -4.959210395812988, -4.907553672790527, -4.897050857543945, -4.930222988128662, -4.970645427703857, -4.94282341003418, -4.9781365394592285, -5.029947757720947, -4.903693199157715, -4.968136310577393, -4.958378791809082, -5.015115737915039, -5.039827346801758];[0.4213055670261383, 0.4543592631816864, 0.45193368196487427, 0.43730857968330383, 0.4784476161003113, 0.5207259058952332, 0.5290713906288147, 0.38746190071105957, 0.4693653881549835, 0.5616868138313293, 0.3603305220603943, 0.5313889980316162, 0.5763121843338013, 0.5930212140083313, 0.5637307167053223, 0.6020152568817139, 0.4515252411365509, 0.5167681574821472, 0.35278359055519104, 0.3542890250682831, 0.44869980216026306, 0.4785510301589966, 0.23649311065673828, 0.5441231727600098, 0.29121047258377075, 0.34326231479644775, 0.42380204796791077, 0.35335567593574524, 0.30893319845199585, 0.29722434282302856];1388.3249928951263
2500;[1.167468786239624, 1.1798609495162964, 1.178036093711853, 1.1772873401641846, 1.1737712621688843, 1.1571927070617676, 1.1662460565567017, 1.1645400524139404, 1.1770011186599731, 1.1648845672607422, 1.1574548482894897, 1.1549605131149292, 1.1529128551483154, 1.1592202186584473, 1.1616501808166504, 1.1518361568450928, 1.162492275238037, 1.1520622968673706, 1.1605894565582275, 1.1621001958847046, 1.1609671115875244, 1.1626179218292236, 1.160338044166565, 1.1530051231384277, 1.1583940982818604, 1.1618672609329224, 1.1653131246566772, 1.159576654434204, 1.166845679283142, 1.166868805885315, 1.166606068611145];[0.09592220187187195, 0.10092991590499878, 0.09381108731031418, 0.09979739785194397, 0.09616508334875107, 0.09235037118196487, 0.096575066447258, 0.10289721190929413, 0.11236205697059631, 0.10901157557964325, 0.10829917341470718, 0.10900081694126129, 0.10983700305223465, 0.11731835454702377, 0.11630801856517792, 0.11143410950899124, 0.11762130260467529, 0.11211179196834564, 0.11717361956834793, 0.11935901641845703, 0.11963631957769394, 0.12213848531246185, 0.12024306505918503, 0.11459092795848846, 0.11882147938013077, 0.1209997609257698, 0.1228930875658989, 0.11873380094766617, 0.12353391200304031, 0.12400896847248077, 0.12423472106456757];[-2.1485342979431152, -2.1952061653137207, -2.1273207664489746, -2.1793437004089355, -2.1531870365142822, -2.1407816410064697, -2.183407783508301, -2.2423198223114014, -2.3172965049743652, -2.2951815128326416, -2.289085626602173, -2.304511547088623, -2.319918632507324, -2.3775546550750732, -2.3756439685821533, -2.3490192890167236, -2.4001429080963135, -2.356553077697754, -2.4045498371124268, -2.429868698120117, -2.42494535446167, -2.429381847381592, -2.430952310562134, -2.3800408840179443, -2.4133310317993164, -2.433300495147705, -2.4539425373077393, -2.420628547668457, -2.475482225418091, -2.463010787963867, -2.468391180038452];[0.4366789162158966, 0.43494468927383423, 0.4290521442890167, 0.4272650480270386, 0.40832439064979553, 0.412501722574234, 0.44876518845558167, 0.43975701928138733, 0.45055723190307617, 0.48425859212875366, 0.46551230549812317, 0.5650281310081482, 0.5610246062278748, 0.47987914085388184, 0.5623581409454346, 0.3356941342353821, 0.5372916460037231, 0.33955636620521545, 0.49313387274742126, 0.3363947868347168, 0.5987269282341003, 0.28789573907852173, 0.3022937476634979, 0.15710291266441345, 0.23485685884952545, 0.2882673442363739, 0.16586028039455414, 0.1415664404630661, 0.17395326495170593, 0.1750035285949707];1373.3412244319916
2500;[1.6181252002716064, 1.630364179611206, 1.628458023071289, 1.6453286409378052, 1.6406148672103882, 1.6306825876235962, 1.6411786079406738, 1.6319924592971802, 1.6468771696090698, 1.6397968530654907, 1.6394997835159302, 1.6497641801834106, 1.6390022039413452, 1.6452127695083618, 1.6376696825027466, 1.6316534280776978, 1.6458182334899902, 1.636810302734375, 1.6293829679489136, 1.6254551410675049, 1.6199123859405518, 1.6209455728530884, 1.6239041090011597, 1.6249111890792847, 1.6224088668823242, 1.6434863805770874, 1.631065845489502, 1.6314759254455566, 1.6329479217529297, 1.6264448165893555, 1.6267609596252441];[0.19702951610088348, 0.1992904394865036, 0.19623440504074097, 0.20416314899921417, 0.2030722051858902, 0.2000991255044937, 0.20313318073749542, 0.20476943254470825, 0.21021832525730133, 0.21217209100723267, 0.21445821225643158, 0.21821971237659454, 0.21755868196487427, 0.2221827656030655, 0.22274509072303772, 0.22321702539920807, 0.22788861393928528, 0.22538897395133972, 0.22142425179481506, 0.22125032544136047, 0.22007346153259277, 0.22240307927131653, 0.22394168376922607, 0.22384600341320038, 0.22395974397659302, 0.23130755126476288, 0.22781653702259064, 0.22807610034942627, 0.22885236144065857, 0.225884810090065, 0.2277933657169342];[-4.306109428405762, -4.352105617523193, -4.253182411193848, -4.383391380310059, -4.307382106781006, -4.302093982696533, -4.383543968200684, -4.434539318084717, -4.524502754211426, -4.59175443649292, -4.630695343017578, -4.709547519683838, -4.736855506896973, -4.822933197021484, -4.854598045349121, -4.9110798835754395, -4.977452278137207, -4.936782360076904, -4.899713516235352, -4.876748085021973, -4.8643293380737305, -4.8849101066589355, -4.906077861785889, -4.927135944366455, -4.943427562713623, -5.053872585296631, -5.011226654052734, -5.01850700378418, -5.043223857879639, -4.997873306274414, -5.006882667541504];[0.4366789162158966, 0.4181216359138489, 0.43536531925201416, 0.39274269342422485, 0.3589123487472534, 0.36395156383514404, 0.3874754011631012, 0.4100363850593567, 0.39946722984313965, 0.4668101668357849, 0.46501624584198, 0.49601131677627563, 0.5475273728370667, 0.5860063433647156, 0.4993991255760193, 0.5810348987579346, 0.5722695589065552, 0.5340699553489685, 0.6564508080482483, 0.6229602694511414, 0.5504050850868225, 0.570112407207489, 0.5473790764808655, 0.5443508625030518, 0.45582491159439087, 0.7429636716842651, 0.3468015789985657, 0.4062827527523041, 0.43429282307624817, 0.26855140924453735];1344.6700496673584
