Seed;RMSE History;MMD History;Log-Likelihood History;Max EIG History;Deployment Time
50;[0.7821969985961914, 0.7836557030677795, 0.781523585319519, 0.791957437992096, 0.8018147945404053, 0.8010636568069458, 0.8035079836845398, 0.7915586233139038, 0.7878206968307495, 0.7841722369194031, 0.7745591998100281, 0.7785227298736572, 0.7745867967605591, 0.7828227281570435, 0.7815713286399841, 0.7799561619758606, 0.7808484435081482, 0.7992742657661438, 0.7838919758796692, 0.8006393909454346, 0.8091055154800415, 0.8057048916816711, 0.7793182134628296, 0.7845118045806885, 0.787032961845398, 0.7872493267059326, 0.7825649976730347, 0.7803752422332764, 0.7874478697776794, 0.7914456725120544, 0.782827615737915];[0.04275934398174286, 0.03501847758889198, 0.029802890494465828, 0.03794509917497635, 0.04797026887536049, 0.048194196075201035, 0.05024293065071106, 0.03821786493062973, 0.03902270272374153, 0.03602497652173042, 0.029766781255602837, 0.034683868288993835, 0.03512871265411377, 0.04749785736203194, 0.04865286871790886, 0.058375414460897446, 0.06206495314836502, 0.08327391743659973, 0.07265928387641907, 0.08917926996946335, 0.08999406546354294, 0.09044558554887772, 0.06884311884641647, 0.07336919754743576, 0.07459092140197754, 0.07903970032930374, 0.0749630406498909, 0.07092200219631195, 0.07879828661680222, 0.0836639404296875, 0.07754430174827576];[-0.8513761162757874, -0.8469046354293823, -0.807673454284668, -0.8328796625137329, -0.8672652840614319, -0.8660188317298889, -0.8694575428962708, -0.8338233828544617, -0.8337745070457458, -0.8231878876686096, -0.8126749396324158, -0.8269705772399902, -0.8341657519340515, -0.8660196661949158, -0.8714791536331177, -0.925804078578949, -0.9434699416160583, -1.0163908004760742, -0.9761413335800171, -1.0206780433654785, -1.028160810470581, -1.054692268371582, -0.9482764601707458, -0.9680892825126648, -0.9788172841072083, -0.9893674254417419, -0.9787326455116272, -0.9596182703971863, -1.0174994468688965, -1.0375769138336182, -0.9779341220855713];[0.4498543441295624, 0.40975797176361084, 0.3908154368400574, 0.33646249771118164, 0.3149399757385254, 0.3306948244571686, 0.3297969102859497, 0.3339550197124481, 0.33447006344795227, 0.37958085536956787, 0.3516407012939453, 0.44453004002571106, 0.48894843459129333, 0.5426433682441711, 0.5541965961456299, 0.6069827079772949, 0.583075761795044, 0.6560235619544983, 0.6272132992744446, 0.6575067639350891, 0.6986562609672546, 0.5210794806480408, 0.6053290963172913, 0.46864643692970276, 0.5148157477378845, 0.576468825340271, 0.5225980281829834, 0.46693187952041626, 0.4702080190181732, 0.2731766700744629];1485.8447391986847
100;[0.7740078568458557, 0.7669825553894043, 0.7764067649841309, 0.7877740859985352, 0.7956182360649109, 0.8046927452087402, 0.807524561882019, 0.8147338628768921, 0.8184726238250732, 0.8162679076194763, 0.8325826525688171, 0.8126331567764282, 0.8177674412727356, 0.8227850794792175, 0.8261087536811829, 0.8314977884292603, 0.8275735378265381, 0.8427003026008606, 0.8376488089561462, 0.8305861949920654, 0.8194775581359863, 0.8359623551368713, 0.8316734433174133, 0.8459969162940979, 0.8219207525253296, 0.8350695967674255, 0.8420987129211426, 0.8451679348945618, 0.8478295207023621, 0.8577117323875427, 0.8449130654335022];[0.03575695678591728, 0.033121414482593536, 0.033526863902807236, 0.04387950524687767, 0.04352306202054024, 0.04990902915596962, 0.050271499902009964, 0.06024051085114479, 0.06678115576505661, 0.06282360106706619, 0.07605268806219101, 0.06534457206726074, 0.07020048797130585, 0.0791068896651268, 0.08443813025951385, 0.0911390632390976, 0.09012608975172043, 0.10254647582769394, 0.11025258898735046, 0.10701664537191391, 0.09817314893007278, 0.11829952895641327, 0.10862946510314941, 0.11275012791156769, 0.10920672118663788, 0.1162964478135109, 0.13261035084724426, 0.13495734333992004, 0.13942454755306244, 0.14685989916324615, 0.13728198409080505];[-0.8250949382781982, -0.8195773959159851, -0.8230842351913452, -0.8489372730255127, -0.8574880361557007, -0.8806018233299255, -0.8748188614845276, -0.9085286259651184, -0.9420120716094971, -0.9249334335327148, -1.03969144821167, -0.9323406219482422, -0.9554144144058228, -0.9987436532974243, -1.0169175863265991, -1.038323998451233, -1.0271183252334595, -1.0926947593688965, -1.1005913019180298, -1.09419846534729, -1.0448087453842163, -1.122734546661377, -1.0885145664215088, -1.3043828010559082, -1.0960792303085327, -1.1318275928497314, -1.1933045387268066, -1.2239136695861816, -1.2390937805175781, -1.3081119060516357, -1.220243215560913];[0.43560758233070374, 0.42674756050109863, 0.41300591826438904, 0.3978413939476013, 0.3695043921470642, 0.352744460105896, 0.33209314942359924, 0.3710405230522156, 0.355581134557724, 0.3635381758213043, 0.36910855770111084, 0.42787879705429077, 0.39294320344924927, 0.4140471816062927, 0.4906373620033264, 0.4417867660522461, 0.46504664421081543, 0.5047926902770996, 0.5096107721328735, 0.5087468028068542, 0.5422665476799011, 0.5568049550056458, 0.5395101308822632, 0.5280401110649109, 0.6005398035049438, 0.5896174311637878, 0.5860163569450378, 0.5197156667709351, 0.49618569016456604, 0.579252302646637];1473.8034644126892
150;[0.7738230228424072, 0.7784962058067322, 0.7940027713775635, 0.801292359828949, 0.817281186580658, 0.8182504773139954, 0.8421833515167236, 0.8409773707389832, 0.7995572686195374, 0.8107919692993164, 0.7818991541862488, 0.7821948528289795, 0.7881888747215271, 0.7937591671943665, 0.791647732257843, 0.7697378993034363, 0.7856670618057251, 0.784791886806488, 0.7772871255874634, 0.7837712168693542, 0.7881127595901489, 0.7895241975784302, 0.788722038269043, 0.7850391864776611, 0.763439953327179, 0.7816885113716125, 0.7918446063995361, 0.7758268117904663, 0.7977803349494934, 0.7862167954444885, 0.7872804999351501];[0.0353887565433979, 0.03304619342088699, 0.04699775204062462, 0.05954894423484802, 0.07972068339586258, 0.08256562054157257, 0.11075390875339508, 0.10278942435979843, 0.06324939429759979, 0.06610555946826935, 0.041791755706071854, 0.042390890419483185, 0.05272636190056801, 0.061304979026317596, 0.06381635367870331, 0.049272239208221436, 0.06851513683795929, 0.0582612082362175, 0.062361281365156174, 0.07441606372594833, 0.07837589830160141, 0.08157985657453537, 0.08083982020616531, 0.07684589177370071, 0.05461181700229645, 0.0717293843626976, 0.08087757974863052, 0.06806948781013489, 0.09067973494529724, 0.07828028500080109, 0.07780329883098602];[-0.8276398181915283, -0.8213138580322266, -0.8588107228279114, -0.8943763971328735, -0.9573233127593994, -0.978813111782074, -1.0561000108718872, -1.0247867107391357, -0.8983882069587708, -0.9226129651069641, -0.841600239276886, -0.842525839805603, -0.8775138258934021, -0.9189702868461609, -0.9343692660331726, -0.8744322657585144, -0.9446910619735718, -0.9647957682609558, -0.9228114485740662, -0.9618837833404541, -0.9831333756446838, -0.9874851703643799, -0.9825326204299927, -0.9879608154296875, -0.8987125158309937, -0.9928774237632751, -1.0193336009979248, -0.952070951461792, -1.045921802520752, -0.9929222464561462, -1.0331394672393799];[0.46959537267684937, 0.3919910788536072, 0.3905594050884247, 0.3569178581237793, 0.3444254994392395, 0.31345003843307495, 0.2891177237033844, 0.26714080572128296, 0.2889462411403656, 0.3035910129547119, 0.3092012107372284, 0.39544180035591125, 0.44621264934539795, 0.43995752930641174, 0.4894467890262604, 0.5235536694526672, 0.548795223236084, 0.5474293231964111, 0.5628067851066589, 0.5435483455657959, 0.5929514169692993, 0.5600289702415466, 0.5523003935813904, 0.584402859210968, 0.526413083076477, 0.3002716600894928, 0.43406903743743896, 0.2254447191953659, 0.4187745153903961, 0.6906357407569885];1456.3238303661346
200;[0.7712486386299133, 0.7670489549636841, 0.789919912815094, 0.7890898585319519, 0.8063344359397888, 0.8056724667549133, 0.8210088014602661, 0.8073992133140564, 0.802385151386261, 0.8040649890899658, 0.8137298822402954, 0.7825397849082947, 0.7912471890449524, 0.8130744695663452, 0.8291290402412415, 0.8144186735153198, 0.8265059590339661, 0.8190474510192871, 0.8201595544815063, 0.8391298055648804, 0.8299068808555603, 0.8337423205375671, 0.8349138498306274, 0.824942409992218, 0.8162958025932312, 0.8255637288093567, 0.8084055781364441, 0.8400226831436157, 0.8292359709739685, 0.8248065710067749, 0.8178989291191101];[0.03644751384854317, 0.0297910887748003, 0.041402388364076614, 0.041781213134527206, 0.047735732048749924, 0.05089820921421051, 0.0638209879398346, 0.057889942079782486, 0.063490130007267, 0.07354786992073059, 0.08669492602348328, 0.059334058314561844, 0.07409711182117462, 0.09471876919269562, 0.1121520847082138, 0.09699325263500214, 0.10781972855329514, 0.10178276896476746, 0.10531928390264511, 0.12477673590183258, 0.12164948880672455, 0.12424875795841217, 0.11893576383590698, 0.11085840314626694, 0.10597236454486847, 0.11780203133821487, 0.10250992327928543, 0.13282939791679382, 0.12208160758018494, 0.12123743444681168, 0.1137365847826004];[-0.8304311633110046, -0.8102248311042786, -0.845257580280304, -0.8431909084320068, -0.8863798379898071, -0.8703375458717346, -0.9340482354164124, -0.8993738889694214, -0.9242086410522461, -0.9712058901786804, -1.0092134475708008, -0.9017173051834106, -0.949152946472168, -1.0475382804870605, -1.089803695678711, -1.0424476861953735, -1.0803923606872559, -1.0753958225250244, -1.0837346315383911, -1.168418288230896, -1.14474618434906, -1.1391681432724, -1.1319756507873535, -1.1043237447738647, -1.0714654922485352, -1.123692274093628, -1.0720784664154053, -1.2124741077423096, -1.1498205661773682, -1.1260981559753418, -1.117396593093872];[0.41035547852516174, 0.43268394470214844, 0.40891581773757935, 0.38955602049827576, 0.3769840598106384, 0.3689142167568207, 0.388377845287323, 0.38968685269355774, 0.46093299984931946, 0.498698890209198, 0.505396842956543, 0.5170610547065735, 0.5415917634963989, 0.5709936022758484, 0.5968043804168701, 0.6324518322944641, 0.6812304854393005, 0.6535739302635193, 0.5738499164581299, 0.6273085474967957, 0.5713820457458496, 0.6263426542282104, 0.6427128314971924, 0.5761575102806091, 0.6286120414733887, 0.5860596895217896, 0.611447274684906, 0.5749130249023438, 0.5305870175361633, 0.3785817623138428];1482.8394465446472
250;[0.7790236473083496, 0.7756308913230896, 0.7778539061546326, 0.7972614169120789, 0.8045478463172913, 0.79190993309021, 0.7998402118682861, 0.7923265099525452, 0.7957802414894104, 0.8068193793296814, 0.7853137254714966, 0.7855930328369141, 0.8068493604660034, 0.7912115454673767, 0.7942664623260498, 0.7951668500900269, 0.7757180333137512, 0.7776631116867065, 0.7775289416313171, 0.7519396543502808, 0.7433574199676514, 0.7634338140487671, 0.7734777331352234, 0.7603051662445068, 0.7690827250480652, 0.7749658823013306, 0.7646803855895996, 0.7720009684562683, 0.7727829813957214, 0.7788125276565552, 0.7674580216407776];[0.04095490276813507, 0.04002730920910835, 0.03366905823349953, 0.04691685363650322, 0.04734273627400398, 0.03847770392894745, 0.04305066540837288, 0.041352279484272, 0.043990831822156906, 0.05193670839071274, 0.03979494795203209, 0.04133044555783272, 0.058810994029045105, 0.04379706457257271, 0.050407055765390396, 0.05520147830247879, 0.041715774685144424, 0.050266411155462265, 0.05209033191204071, 0.03175366297364235, 0.027026213705539703, 0.04895598441362381, 0.058033835142850876, 0.049629826098680496, 0.06090641766786575, 0.06569540500640869, 0.0565837062895298, 0.06371311098337173, 0.06461691111326218, 0.07133717834949493, 0.05878998339176178];[-0.8494722843170166, -0.8432409167289734, -0.821128249168396, -0.8595690727233887, -0.8968631625175476, -0.837202787399292, -0.8556885123252869, -0.8416527509689331, -0.8488232493400574, -0.8857992887496948, -0.8428820967674255, -0.844610333442688, -0.9131888151168823, -0.8601606488227844, -0.8721858859062195, -0.8977679014205933, -0.8579798936843872, -0.89529949426651, -0.8990523815155029, -0.8273060917854309, -0.8084970116615295, -0.8869571685791016, -0.9240359663963318, -0.8796601295471191, -0.9271274209022522, -0.9383504390716553, -0.9020777344703674, -0.9316717982292175, -0.9410397410392761, -0.9663113951683044, -0.9217776656150818];[0.43426933884620667, 0.43131405115127563, 0.41601622104644775, 0.3697361350059509, 0.36212489008903503, 0.3466290831565857, 0.351216584444046, 0.3809577524662018, 0.38137733936309814, 0.36960330605506897, 0.35719314217567444, 0.3471048176288605, 0.4064452648162842, 0.3968462347984314, 0.36960938572883606, 0.507318913936615, 0.6205534338951111, 0.5217382907867432, 0.5418449640274048, 0.6018046140670776, 0.4613867700099945, 0.5846980214118958, 0.5310515761375427, 0.4279404878616333, 0.30146610736846924, 0.5280166268348694, 0.3876492977142334, 0.5616474747657776, 0.24249257147312164, 0.3198346197605133];1455.2580244541168
300;[0.7677474617958069, 0.7680361270904541, 0.7902020812034607, 0.7871485352516174, 0.8079038262367249, 0.8087594509124756, 0.7983901500701904, 0.8037318587303162, 0.7961355447769165, 0.8107837438583374, 0.8098334670066833, 0.8186622858047485, 0.8235267996788025, 0.8318637609481812, 0.8253777027130127, 0.825764536857605, 0.8172740340232849, 0.8257090449333191, 0.8022365570068359, 0.810258150100708, 0.8365460634231567, 0.8181466460227966, 0.8304741978645325, 0.8411411046981812, 0.819887638092041, 0.8175091743469238, 0.811194658279419, 0.7970449328422546, 0.7906549572944641, 0.7715609669685364, 0.7813836932182312];[0.03291848674416542, 0.028488263487815857, 0.04400981590151787, 0.038344789296388626, 0.052853453904390335, 0.05107840150594711, 0.044064830988645554, 0.047763582319021225, 0.04330421984195709, 0.058098312467336655, 0.05695805698633194, 0.06927918642759323, 0.07083500921726227, 0.08874629437923431, 0.0923815369606018, 0.09710083156824112, 0.0923130139708519, 0.09412989765405655, 0.07927138358354568, 0.09021847695112228, 0.11430539935827255, 0.09552022814750671, 0.11100536584854126, 0.1176200583577156, 0.10310032963752747, 0.10567101836204529, 0.10258452594280243, 0.08830161392688751, 0.08218838274478912, 0.06324408203363419, 0.07262822985649109];[-0.821944534778595, -0.8086223602294922, -0.8544527292251587, -0.8376052379608154, -0.877410888671875, -0.8758630156517029, -0.8543081283569336, -0.8784210085868835, -0.8540372848510742, -0.8971899151802063, -0.8955121636390686, -0.9389175772666931, -1.0135432481765747, -0.9977625012397766, -1.0147407054901123, -1.0319511890411377, -1.0280249118804932, -1.0562565326690674, -0.9715093970298767, -1.010941505432129, -1.1290286779403687, -1.0381829738616943, -1.0958304405212402, -1.114100456237793, -1.0860240459442139, -1.1042805910110474, -1.0633772611618042, -1.0157663822174072, -0.9995173215866089, -0.9248819351196289, -0.9702807664871216];[0.4320686161518097, 0.44054853916168213, 0.4213526248931885, 0.40083301067352295, 0.4136142134666443, 0.3787693381309509, 0.3626541495323181, 0.408914715051651, 0.4116048812866211, 0.4392002522945404, 0.5015584826469421, 0.4170495569705963, 0.47659340500831604, 0.5311504602432251, 0.5392760634422302, 0.5919549465179443, 0.5728569626808167, 0.5568810701370239, 0.5817317366600037, 0.6314898729324341, 0.663948655128479, 0.642768144607544, 0.7085968255996704, 0.5682519674301147, 0.6443179845809937, 0.5364341139793396, 0.5725919008255005, 0.5355204343795776, 0.5673483610153198, 0.5211412906646729];1459.6565005779266
350;[0.7704355716705322, 0.7803067564964294, 0.8030762076377869, 0.8103308081626892, 0.8092797994613647, 0.8162845373153687, 0.8198902606964111, 0.8298089504241943, 0.8262057900428772, 0.8414029479026794, 0.822335422039032, 0.8233651518821716, 0.8166064023971558, 0.8373857140541077, 0.8198832273483276, 0.8406718969345093, 0.8170002102851868, 0.8204110860824585, 0.8214221596717834, 0.801745593547821, 0.7860376238822937, 0.8007230162620544, 0.7917520999908447, 0.8010728359222412, 0.7864647507667542, 0.7747692465782166, 0.7915085554122925, 0.7768763899803162, 0.7604303956031799, 0.7729231119155884, 0.764870822429657];[0.03398638591170311, 0.036136120557785034, 0.055409159511327744, 0.06075364723801613, 0.059455517679452896, 0.06596864759922028, 0.0664011687040329, 0.07436429709196091, 0.07001478224992752, 0.08489898592233658, 0.06610244512557983, 0.07250344753265381, 0.07008211314678192, 0.09370603412389755, 0.07996026426553726, 0.09789857268333435, 0.08351816982030869, 0.09166298061609268, 0.08839518576860428, 0.07814154028892517, 0.06306007504463196, 0.07864407449960709, 0.06747546046972275, 0.07277323305606842, 0.06748466193675995, 0.06204918399453163, 0.07728311419487, 0.061728835105895996, 0.051486894488334656, 0.06138332188129425, 0.05428146943449974];[-0.8258494138717651, -0.8281016945838928, -0.8893811106681824, -0.9061599373817444, -0.898679256439209, -0.93295818567276, -0.942369282245636, -0.9459394216537476, -0.9392949938774109, -0.9797244071960449, -0.9127752780914307, -0.9446398019790649, -0.9306301474571228, -1.046197533607483, -0.9916858077049255, -1.0755791664123535, -0.9918130040168762, -1.0350677967071533, -1.0439977645874023, -0.9754284024238586, -0.9102972149848938, -0.9811075329780579, -0.9457412958145142, -0.9618138074874878, -0.937394917011261, -0.9192577004432678, -0.9730280041694641, -0.9305015206336975, -0.8969392776489258, -0.9221338629722595, -0.8923788070678711];[0.44662362337112427, 0.4071422219276428, 0.39544641971588135, 0.4091179072856903, 0.40346458554267883, 0.4016284942626953, 0.41978803277015686, 0.35208001732826233, 0.34539085626602173, 0.3181086778640747, 0.2987726032733917, 0.31292665004730225, 0.38914954662323, 0.4662873446941376, 0.45102524757385254, 0.5368635058403015, 0.5534178018569946, 0.5147852301597595, 0.6382750272750854, 0.5467638969421387, 0.5356795787811279, 0.5058369040489197, 0.565353512763977, 0.5257733464241028, 0.5948808193206787, 0.5837758779525757, 0.6881207227706909, 0.6385696530342102, 0.5971337556838989, 0.4951851963996887];1462.3667328357697
400;[0.7718713283538818, 0.7786550521850586, 0.7743942737579346, 0.7792219519615173, 0.7854005694389343, 0.7826268076896667, 0.7846425175666809, 0.7910897731781006, 0.7777305841445923, 0.7800978422164917, 0.7741267085075378, 0.7674667835235596, 0.7644012570381165, 0.7589480876922607, 0.7543702125549316, 0.7576836943626404, 0.7579300999641418, 0.7437191009521484, 0.7430814504623413, 0.7506767511367798, 0.7479984164237976, 0.7578506469726562, 0.7488978505134583, 0.7477359175682068, 0.7442823052406311, 0.7589555978775024, 0.7537951469421387, 0.7575304508209229, 0.7484115362167358, 0.749893069267273, 0.7540256977081299];[0.038732193410396576, 0.035453759133815765, 0.030631287023425102, 0.030324237421154976, 0.03408375754952431, 0.03300813212990761, 0.036164116114377975, 0.041401803493499756, 0.03772282972931862, 0.04280310869216919, 0.04039478302001953, 0.038529977202415466, 0.03901534155011177, 0.0366104319691658, 0.03369868919253349, 0.04058985784649849, 0.04285472631454468, 0.03264934569597244, 0.03316659852862358, 0.039295490831136703, 0.036650072783231735, 0.04506554827094078, 0.038155991584062576, 0.03833875060081482, 0.03655252978205681, 0.05067793279886246, 0.04848979786038399, 0.050768766552209854, 0.040883682668209076, 0.0423685647547245, 0.04558032006025314];[-0.8386055827140808, -0.8273525238037109, -0.8165991902351379, -0.8137441873550415, -0.8228004574775696, -0.8210147619247437, -0.8323487639427185, -0.8542802333831787, -0.8344588875770569, -0.8490685224533081, -0.8443744778633118, -0.8396739959716797, -0.8427401185035706, -0.8318576216697693, -0.8319464325904846, -0.8559061288833618, -0.89139324426651, -0.8246147632598877, -0.8309661149978638, -0.848581850528717, -0.8449895977973938, -0.8798756003379822, -0.8489192128181458, -0.8399345278739929, -0.8393431305885315, -0.8884984254837036, -0.8791019320487976, -0.8873579502105713, -0.8516631722450256, -0.8585711121559143, -0.8735995888710022];[0.40687501430511475, 0.43484175205230713, 0.41295233368873596, 0.40939435362815857, 0.38503965735435486, 0.3855714499950409, 0.39741408824920654, 0.39893701672554016, 0.45401260256767273, 0.49972283840179443, 0.5308473706245422, 0.6332675814628601, 0.5883561372756958, 0.5825069546699524, 0.5579327344894409, 0.533653736114502, 0.5936923027038574, 0.4683209955692291, 0.5107278823852539, 0.41700297594070435, 0.5129793882369995, 0.5069999694824219, 0.452699214220047, 0.4270070195198059, 0.2257527858018875, 0.5328249931335449, 0.21773312985897064, 0.37860605120658875, 0.49172553420066833, 0.27305302023887634];1458.6979625225067
450;[0.7701276540756226, 0.7696455121040344, 0.7765308022499084, 0.7777122855186462, 0.7775368690490723, 0.7744420766830444, 0.7909263372421265, 0.7964619398117065, 0.7914266586303711, 0.7828583717346191, 0.7755421996116638, 0.7751488089561462, 0.7752063870429993, 0.7634927034378052, 0.7749597430229187, 0.7703300714492798, 0.7645180821418762, 0.7724290490150452, 0.7648914456367493, 0.7638837695121765, 0.7702654004096985, 0.7806298732757568, 0.7722862362861633, 0.7760387659072876, 0.7878881692886353, 0.7728410959243774, 0.7857750654220581, 0.7773182392120361, 0.7847275733947754, 0.775864839553833, 0.7818700075149536];[0.03517783433198929, 0.028836417943239212, 0.03227744251489639, 0.03269357606768608, 0.031064430251717567, 0.027527956292033195, 0.04066401720046997, 0.044776156544685364, 0.047588713467121124, 0.0397968515753746, 0.04052028805017471, 0.03524301201105118, 0.04214528203010559, 0.0379326157271862, 0.04659546911716461, 0.04583093151450157, 0.044572412967681885, 0.053287383168935776, 0.05136047303676605, 0.04992897808551788, 0.05641377344727516, 0.06183662638068199, 0.06101749464869499, 0.06364919990301132, 0.07723082602024078, 0.06377005577087402, 0.07613204419612885, 0.06853105872869492, 0.07397834956645966, 0.06916450709104538, 0.07511511445045471];[-0.8249574303627014, -0.8109272718429565, -0.8207564949989319, -0.8219104409217834, -0.8198355436325073, -0.8050519227981567, -0.8424752354621887, -0.8564452528953552, -0.8766294121742249, -0.8605586886405945, -0.8547430634498596, -0.8325787782669067, -0.8710842728614807, -0.839387834072113, -0.8688861131668091, -0.889801561832428, -0.8601850271224976, -0.9089363813400269, -0.8858857154846191, -0.8814878463745117, -0.9104213714599609, -0.9354013204574585, -0.9293854832649231, -0.9413598775863647, -1.0054519176483154, -0.949104905128479, -1.0157638788223267, -0.953385591506958, -0.9891022443771362, -0.9448720812797546, -0.9952508807182312];[0.40579500794410706, 0.416399210691452, 0.42389219999313354, 0.41083618998527527, 0.40958377718925476, 0.3763532042503357, 0.3617578148841858, 0.4104216396808624, 0.4730139672756195, 0.4893186390399933, 0.5121329426765442, 0.5629859566688538, 0.6727674603462219, 0.5368261933326721, 0.52611243724823, 0.5542958974838257, 0.6296861171722412, 0.6382483243942261, 0.6005957126617432, 0.6155532598495483, 0.578330934047699, 0.6910058856010437, 0.6223480701446533, 0.634356677532196, 0.5813525915145874, 0.3752445876598358, 0.35232359170913696, 0.5428910255432129, 0.43630489706993103, 0.4415817856788635];1463.8250648975372
500;[0.7742420434951782, 0.7719260454177856, 0.7931623458862305, 0.7876453995704651, 0.7822649478912354, 0.7903158664703369, 0.7968131303787231, 0.783311128616333, 0.7851918339729309, 0.7817928791046143, 0.774740993976593, 0.7751902937889099, 0.7834327220916748, 0.7888638377189636, 0.7883597612380981, 0.7906453013420105, 0.7890300750732422, 0.7778503894805908, 0.7746003270149231, 0.7728503346443176, 0.7726395726203918, 0.766018807888031, 0.770948588848114, 0.7871761322021484, 0.787790834903717, 0.7795202732086182, 0.8014097213745117, 0.7779075503349304, 0.7981009483337402, 0.7777044177055359, 0.7873924374580383];[0.036258865147829056, 0.02778451144695282, 0.037031181156635284, 0.0313350073993206, 0.0297444649040699, 0.0352434478700161, 0.04102246090769768, 0.030721871182322502, 0.036406420171260834, 0.044166941195726395, 0.04134959354996681, 0.047718167304992676, 0.05209377780556679, 0.050754379481077194, 0.05313187465071678, 0.05420948937535286, 0.057797499001026154, 0.049110762774944305, 0.05493314191699028, 0.05552298203110695, 0.059861548244953156, 0.05432660132646561, 0.06092188134789467, 0.07416649907827377, 0.07524087280035019, 0.06858237087726593, 0.08752153813838959, 0.06799231469631195, 0.09037134796380997, 0.07088711857795715, 0.07662783563137054];[-0.8328738808631897, -0.8095316290855408, -0.8366703391075134, -0.8159748911857605, -0.8097099661827087, -0.8310012817382812, -0.8400644659996033, -0.8146134614944458, -0.8315192461013794, -0.8533952832221985, -0.8495913147926331, -0.8632764220237732, -0.8785145878791809, -0.8810204863548279, -0.8848720788955688, -0.8844287991523743, -0.9066793918609619, -0.8762617707252502, -0.8956161737442017, -0.8947895765304565, -0.9041748046875, -0.8974141478538513, -0.9164543747901917, -0.9634455442428589, -0.9731192588806152, -0.941338300704956, -1.0773823261260986, -0.9659152626991272, -1.0527124404907227, -0.9642521142959595, -1.021978497505188];[0.44624051451683044, 0.4135609269142151, 0.3842768967151642, 0.33778706192970276, 0.3732722997665405, 0.3688100576400757, 0.36492088437080383, 0.38579073548316956, 0.40421062707901, 0.44914710521698, 0.45526909828186035, 0.4621526300907135, 0.5055587887763977, 0.5240194797515869, 0.4513826072216034, 0.6080374121665955, 0.5680618286132812, 0.619255781173706, 0.5647522211074829, 0.4407110810279846, 0.5825484395027161, 0.5112701654434204, 0.6012699007987976, 0.6043827533721924, 0.6466243267059326, 0.6054030060768127, 0.7129388451576233, 0.567804217338562, 0.4440367817878723, 0.43853092193603516];1457.7094321250916
550;[0.7799436450004578, 0.7879589796066284, 0.796903133392334, 0.8007400035858154, 0.7993279695510864, 0.8036772608757019, 0.8171253204345703, 0.815611720085144, 0.8161753416061401, 0.8152299523353577, 0.8220005035400391, 0.8152492046356201, 0.8067655563354492, 0.8113918900489807, 0.8023935556411743, 0.8017361164093018, 0.8219488263130188, 0.7862447500228882, 0.7757684588432312, 0.7806791067123413, 0.7728457450866699, 0.7884597182273865, 0.7920759320259094, 0.7887791991233826, 0.7949200868606567, 0.806178629398346, 0.816413164138794, 0.8004248738288879, 0.8147376775741577, 0.8160893321037292, 0.7966451644897461];[0.04087536036968231, 0.04335813224315643, 0.046998560428619385, 0.04849009960889816, 0.04213786497712135, 0.0458521768450737, 0.0581158846616745, 0.05935884267091751, 0.06134141981601715, 0.06288063526153564, 0.07043443620204926, 0.06467799842357635, 0.06037215515971184, 0.06285768002271652, 0.056521300226449966, 0.05877445638179779, 0.0758691132068634, 0.05086352676153183, 0.039918676018714905, 0.05287431180477142, 0.0445093996822834, 0.060451798141002655, 0.06610535085201263, 0.06613945960998535, 0.07333186268806458, 0.08081316202878952, 0.09715533256530762, 0.08818153291940689, 0.1025242730975151, 0.09915491193532944, 0.0793428048491478];[-0.8462213277816772, -0.8518839478492737, -0.8639504313468933, -0.862450361251831, -0.8460052609443665, -0.8551195859909058, -0.9030942916870117, -0.9017542600631714, -0.9071111083030701, -0.9017964601516724, -0.9317343235015869, -0.9268853664398193, -0.9090826511383057, -0.9289793372154236, -0.9058111310005188, -0.9173046946525574, -1.053281307220459, -0.8923020958900452, -0.8538647294044495, -0.9193445444107056, -0.8753252625465393, -0.9320127367973328, -0.9355728030204773, -0.9393461346626282, -0.9646152853965759, -1.0289689302444458, -1.0793260335922241, -1.0129119157791138, -1.0584498643875122, -1.0621695518493652, -1.0187616348266602];[0.42128321528434753, 0.4267769455909729, 0.38343873620033264, 0.37045130133628845, 0.3491990268230438, 0.32192462682724, 0.30212265253067017, 0.2629380226135254, 0.27877530455589294, 0.2522362172603607, 0.3196234405040741, 0.36381787061691284, 0.36499685049057007, 0.3904709815979004, 0.4335479438304901, 0.4767325818538666, 0.5361895561218262, 0.5173443555831909, 0.6223342418670654, 0.4336512088775635, 0.4937386214733124, 0.6030349731445312, 0.4921843707561493, 0.49182555079460144, 0.5793172121047974, 0.5840328931808472, 0.5629079937934875, 0.537463366985321, 0.5703557729721069, 0.6047003865242004];1460.9332747459412
600;[0.7843565344810486, 0.7858514189720154, 0.7879273891448975, 0.7966378331184387, 0.8139920830726624, 0.8065302968025208, 0.8290561437606812, 0.8331566452980042, 0.8417003154754639, 0.8230030536651611, 0.821955144405365, 0.8433488011360168, 0.8257429599761963, 0.8300533294677734, 0.8129969239234924, 0.8122233748435974, 0.8303734064102173, 0.8383758068084717, 0.8128072023391724, 0.809411883354187, 0.8295387029647827, 0.8027336597442627, 0.8034584522247314, 0.7993757128715515, 0.7846102118492126, 0.7860270738601685, 0.7790843844413757, 0.7634021043777466, 0.7730880975723267, 0.759382426738739, 0.7662636637687683];[0.0427822507917881, 0.041485950350761414, 0.043737322092056274, 0.05136147886514664, 0.06556447595357895, 0.05640939250588417, 0.08010505139827728, 0.08011940866708755, 0.08773080259561539, 0.06928089261054993, 0.07281945645809174, 0.08904221653938293, 0.07570824027061462, 0.07736656069755554, 0.06280940026044846, 0.06662817299365997, 0.08321981132030487, 0.0979611873626709, 0.07938504964113235, 0.08298733085393906, 0.09969175606966019, 0.08452045917510986, 0.08203284442424774, 0.0793524906039238, 0.0678366869688034, 0.07045028358697891, 0.06388729065656662, 0.05381340906023979, 0.061102669686079025, 0.04913787916302681, 0.055228713899850845];[-0.8588883280754089, -0.8481799364089966, -0.8628334403038025, -0.8785601854324341, -0.9221013784408569, -0.8940920233726501, -0.9885642528533936, -0.9848963618278503, -1.0030349493026733, -0.9369169473648071, -0.9397051930427551, -1.040960431098938, -0.9589975476264954, -0.957370400428772, -0.917665421962738, -0.9330516457557678, -1.002445936203003, -1.0558663606643677, -0.9845485687255859, -1.0025657415390015, -1.0694823265075684, -0.9978855848312378, -1.0038748979568481, -0.9865789413452148, -0.9459758400917053, -0.9640153050422668, -0.9957236051559448, -0.8969679474830627, -0.9338482618331909, -0.8792029619216919, -0.9141892790794373];[0.46445897221565247, 0.4179200232028961, 0.4114954173564911, 0.41120341420173645, 0.42973047494888306, 0.40781548619270325, 0.3906761109828949, 0.355910986661911, 0.34908929467201233, 0.3213610053062439, 0.3100910782814026, 0.30343976616859436, 0.34863242506980896, 0.36522749066352844, 0.39953145384788513, 0.4444679617881775, 0.4306209087371826, 0.5196396708488464, 0.49922069907188416, 0.546212911605835, 0.6103460192680359, 0.5457528233528137, 0.5711774826049805, 0.6387870907783508, 0.5339950919151306, 0.5731772184371948, 0.5688475370407104, 0.5693007707595825, 0.46587544679641724, 0.5005075335502625];1722.2530810832977
650;[0.7730379700660706, 0.7669602036476135, 0.778895378112793, 0.7785131931304932, 0.7887877821922302, 0.7809053659439087, 0.7832470536231995, 0.7855361104011536, 0.7891654372215271, 0.7795266509056091, 0.7769487500190735, 0.7760783433914185, 0.7740289568901062, 0.7669259309768677, 0.7671270370483398, 0.7672908902168274, 0.7578244805335999, 0.7514491081237793, 0.7701943516731262, 0.7697156667709351, 0.7614532113075256, 0.7641584873199463, 0.753897488117218, 0.7482175827026367, 0.7492929697036743, 0.7482191324234009, 0.7538373470306396, 0.7491577863693237, 0.7654315233230591, 0.7539936900138855, 0.7586078643798828];[0.03675731644034386, 0.026411188766360283, 0.03313756734132767, 0.028631724417209625, 0.037044987082481384, 0.02824106253683567, 0.034155819565057755, 0.03771935775876045, 0.04324357584118843, 0.03966597095131874, 0.04180242866277695, 0.0409320704638958, 0.04412993788719177, 0.042205534875392914, 0.04596001282334328, 0.04787440598011017, 0.043512795120477676, 0.03874259442090988, 0.05525198206305504, 0.05947771295905113, 0.05192555859684944, 0.051738690584897995, 0.045409973710775375, 0.03887084126472473, 0.039225127547979355, 0.03900805860757828, 0.046023160219192505, 0.04156039282679558, 0.057363469153642654, 0.045567698776721954, 0.0514526329934597];[-0.8281813859939575, -0.8035773038864136, -0.8302207589149475, -0.809402346611023, -0.8313488960266113, -0.8087434768676758, -0.8357284069061279, -0.8391810655593872, -0.8510354161262512, -0.849345326423645, -0.8482212424278259, -0.8452686667442322, -0.8632422089576721, -0.8656734824180603, -0.8652695417404175, -0.8725467324256897, -0.8574395775794983, -0.8422747850418091, -0.9339234232902527, -0.9415477514266968, -0.8884474635124207, -0.9054758548736572, -0.8693971037864685, -0.8502491116523743, -0.8502963781356812, -0.8458865284919739, -0.8733921051025391, -0.8594703078269958, -0.917115330696106, -0.8686667680740356, -0.8959230184555054];[0.4383142590522766, 0.424761563539505, 0.4102388620376587, 0.38378921151161194, 0.4034198820590973, 0.3596171736717224, 0.3769427537918091, 0.40367984771728516, 0.3911864161491394, 0.49804091453552246, 0.5124425292015076, 0.4640641510486603, 0.5485684871673584, 0.5471770763397217, 0.6135420203208923, 0.577880859375, 0.6046711802482605, 0.6110097169876099, 0.5176029205322266, 0.5561846494674683, 0.429791659116745, 0.3942582905292511, 0.5132535099983215, 0.5662103295326233, 0.6973243355751038, 0.3980841636657715, 0.42187345027923584, 0.48419487476348877, 0.3458861708641052, 0.2759307026863098];1708.141897201538
700;[0.7688427567481995, 0.7872107028961182, 0.7872751951217651, 0.80417799949646, 0.8026060461997986, 0.8044226169586182, 0.8130170106887817, 0.8111854195594788, 0.8172271251678467, 0.8061521053314209, 0.8026968240737915, 0.7908428311347961, 0.785849392414093, 0.790513813495636, 0.7925629019737244, 0.7878605723381042, 0.7865434288978577, 0.7898324728012085, 0.7899700403213501, 0.7914209365844727, 0.7930436730384827, 0.773664653301239, 0.7813248038291931, 0.7936058640480042, 0.7985413074493408, 0.8061801791191101, 0.8077877759933472, 0.8127906322479248, 0.8290411233901978, 0.8337490558624268, 0.8127812147140503];[0.0325908288359642, 0.043406594544649124, 0.042019929736852646, 0.05540041625499725, 0.04851992055773735, 0.0487668551504612, 0.056154001504182816, 0.058180149644613266, 0.05787881463766098, 0.05100565776228905, 0.05299665778875351, 0.04126422852277756, 0.04392104223370552, 0.05257148668169975, 0.05415911227464676, 0.053475916385650635, 0.05297361686825752, 0.06435282528400421, 0.060816261917352676, 0.06676556915044785, 0.07677025347948074, 0.06156610697507858, 0.06637933105230331, 0.08308582752943039, 0.08752506971359253, 0.0940883606672287, 0.09797781705856323, 0.10227638483047485, 0.11739436537027359, 0.12404530495405197, 0.1032598465681076];[-0.8223816156387329, -0.8583230376243591, -0.8468379974365234, -0.8888550400733948, -0.862602949142456, -0.8700945377349854, -0.8940359950065613, -0.8820697069168091, -0.959955096244812, -0.868474543094635, -0.8744062781333923, -0.841198205947876, -0.8596256971359253, -0.8811999559402466, -0.8829009532928467, -0.8845582008361816, -0.9048689007759094, -0.9258865714073181, -0.9033384919166565, -0.9650307297706604, -0.9651881456375122, -0.9179978966712952, -0.929931104183197, -0.997383713722229, -1.0127978324890137, -1.056674838066101, -1.0476012229919434, -1.0587177276611328, -1.1519994735717773, -1.1541435718536377, -1.074481725692749];[0.4277840852737427, 0.42124316096305847, 0.4117013216018677, 0.41187724471092224, 0.38486576080322266, 0.3639194369316101, 0.33612343668937683, 0.30260801315307617, 0.2767195701599121, 0.30357977747917175, 0.3256130814552307, 0.4688660502433777, 0.48974165320396423, 0.45189887285232544, 0.5094054937362671, 0.556452214717865, 0.5599367618560791, 0.5124777555465698, 0.6072825193405151, 0.542188286781311, 0.6000954508781433, 0.5250389575958252, 0.6755869388580322, 0.36958858370780945, 0.4974968731403351, 0.43390747904777527, 0.5319931507110596, 0.5859324932098389, 0.6094774007797241, 0.6603397727012634];1723.405266046524
750;[0.7702447175979614, 0.7986031770706177, 0.7922102212905884, 0.7999357581138611, 0.7953776121139526, 0.8067460060119629, 0.8030309081077576, 0.8045650720596313, 0.7926254868507385, 0.7967954277992249, 0.7955682277679443, 0.8035334944725037, 0.797256350517273, 0.8034711480140686, 0.7876251339912415, 0.7829855680465698, 0.7816680073738098, 0.7947440147399902, 0.7902583479881287, 0.8119796514511108, 0.7990845441818237, 0.8087224960327148, 0.8196558952331543, 0.8038691878318787, 0.8149959444999695, 0.8218109607696533, 0.8314725756645203, 0.8014425039291382, 0.8162103295326233, 0.7991058826446533, 0.8016530871391296];[0.03627016022801399, 0.05483415722846985, 0.04349246621131897, 0.0472932830452919, 0.03845251724123955, 0.051246896386146545, 0.044950585812330246, 0.04571916535496712, 0.03442426398396492, 0.04160375893115997, 0.041923318058252335, 0.04961947724223137, 0.04589023441076279, 0.05808594450354576, 0.05376631021499634, 0.05850418657064438, 0.059549205005168915, 0.07573091238737106, 0.07181663811206818, 0.09329839795827866, 0.08508727699518204, 0.09619944542646408, 0.10608674585819244, 0.09477803111076355, 0.10569503903388977, 0.10824897885322571, 0.1198575347661972, 0.09399475902318954, 0.10308929532766342, 0.08941105753183365, 0.09420578181743622];[-0.8291909098625183, -0.8907645344734192, -0.8552740216255188, -0.8631532192230225, -0.8458400368690491, -0.8734800219535828, -0.8592788577079773, -0.8623027801513672, -0.8285394906997681, -0.848048746585846, -0.8427790403366089, -0.8661291599273682, -0.8628509640693665, -0.9222291707992554, -0.899176836013794, -0.9079967141151428, -0.9232955574989319, -0.9900047779083252, -1.011676549911499, -1.0317702293395996, -0.9910714030265808, -1.0406419038772583, -1.0991060733795166, -1.028525948524475, -1.0730444192886353, -1.1022911071777344, -1.1694693565368652, -1.043678879737854, -1.1712923049926758, -1.0133123397827148, -1.0513957738876343];[0.43207305669784546, 0.41717278957366943, 0.4058822691440582, 0.3689669072628021, 0.37088924646377563, 0.3577343225479126, 0.33719027042388916, 0.32509222626686096, 0.340537965297699, 0.3601657748222351, 0.37803876399993896, 0.40327730774879456, 0.384197860956192, 0.49128419160842896, 0.5449647307395935, 0.6028492450714111, 0.5990746021270752, 0.5718079209327698, 0.533781886100769, 0.646736204624176, 0.5120150446891785, 0.49916326999664307, 0.5947043895721436, 0.5832558870315552, 0.5809190273284912, 0.5911161303520203, 0.5546147227287292, 0.6262986063957214, 0.6094743013381958, 0.5342724919319153];1711.9087920188904
800;[0.7814730405807495, 0.7712088823318481, 0.7846283912658691, 0.7964775562286377, 0.8034877181053162, 0.8003432750701904, 0.7947604656219482, 0.8009552955627441, 0.7994593381881714, 0.8133812546730042, 0.8094294667243958, 0.7889602184295654, 0.8007025718688965, 0.8124099969863892, 0.8161413669586182, 0.8205877542495728, 0.7975218296051025, 0.8064762949943542, 0.7860622406005859, 0.8016552329063416, 0.8108977675437927, 0.8094411492347717, 0.8094607591629028, 0.8064333200454712, 0.8034185767173767, 0.8004692196846008, 0.8039511442184448, 0.8224324584007263, 0.8293695449829102, 0.8207072615623474, 0.8361391425132751];[0.04097798466682434, 0.02850964665412903, 0.035211678594350815, 0.0404776968061924, 0.04936846345663071, 0.046025097370147705, 0.04487352818250656, 0.047933705151081085, 0.04876454919576645, 0.06169987469911575, 0.06282170116901398, 0.04514490067958832, 0.06325791031122208, 0.07420513778924942, 0.07897856086492538, 0.08191822469234467, 0.06967344880104065, 0.07815761119127274, 0.060017168521881104, 0.06876017153263092, 0.08010644465684891, 0.08343625068664551, 0.08521872013807297, 0.08645925670862198, 0.08770778030157089, 0.08425308763980865, 0.08997941762208939, 0.11176197230815887, 0.1161484345793724, 0.11416220664978027, 0.12642811238765717];[-0.8487133383750916, -0.806689977645874, -0.8243959546089172, -0.874853253364563, -0.8733187317848206, -0.8587528467178345, -0.8543199300765991, -0.8658595681190491, -0.8636497855186462, -0.9120569229125977, -0.9117564558982849, -0.8624471426010132, -0.9188498854637146, -0.9565398693084717, -0.9756842255592346, -1.0210020542144775, -0.948611319065094, -0.9696974754333496, -0.9584984183311462, -0.9388750195503235, -0.9927310347557068, -1.0303744077682495, -1.0353938341140747, -1.0139212608337402, -1.0232248306274414, -1.0126099586486816, -1.0208653211593628, -1.1226450204849243, -1.1482124328613281, -1.0989234447479248, -1.1800748109817505];[0.43543270230293274, 0.4006316363811493, 0.3944559097290039, 0.3836730122566223, 0.36959511041641235, 0.3696058988571167, 0.37833917140960693, 0.34333983063697815, 0.3388945460319519, 0.40119582414627075, 0.46809956431388855, 0.5772498250007629, 0.601919949054718, 0.6094816327095032, 0.6459612250328064, 0.6826575994491577, 0.6367899179458618, 0.558847188949585, 0.6275787353515625, 0.6432002782821655, 0.5974553227424622, 0.556571364402771, 0.586654007434845, 0.5950875878334045, 0.5647362470626831, 0.6718965768814087, 0.6230259537696838, 0.4938071370124817, 0.5477887988090515, 0.4981808662414551];1702.3870923519135
850;[0.7738751173019409, 0.7711970806121826, 0.7776761651039124, 0.7791285514831543, 0.7853995561599731, 0.7854437232017517, 0.7854193449020386, 0.7846038937568665, 0.7771527171134949, 0.7863156795501709, 0.782224178314209, 0.7726795077323914, 0.7762197256088257, 0.7844348549842834, 0.7880067229270935, 0.7902195453643799, 0.7867435216903687, 0.7931292653083801, 0.7977513670921326, 0.7913826704025269, 0.7907034754753113, 0.7895364761352539, 0.8089659810066223, 0.7961952090263367, 0.8047448992729187, 0.8027657270431519, 0.7958504557609558, 0.7987374663352966, 0.7984680533409119, 0.7989088892936707, 0.7982193827629089];[0.03582756966352463, 0.026118414476513863, 0.029843149706721306, 0.026455802842974663, 0.03475422412157059, 0.034918442368507385, 0.03545912727713585, 0.038775015622377396, 0.03423909470438957, 0.04531273618340492, 0.046077512204647064, 0.04213208705186844, 0.045033182948827744, 0.05659828707575798, 0.0634126365184784, 0.06733234226703644, 0.06302795559167862, 0.0780419111251831, 0.0853147879242897, 0.08047367632389069, 0.0801667794585228, 0.08145632594823837, 0.096045583486557, 0.08721677958965302, 0.09442264586687088, 0.09745900332927704, 0.08788879960775375, 0.09144987910985947, 0.08917009830474854, 0.09067288041114807, 0.08895520120859146];[-0.8319753408432007, -0.8035385608673096, -0.8088394999504089, -0.7990418076515198, -0.826246440410614, -0.8318681120872498, -0.8360856771469116, -0.8394882678985596, -0.8214535713195801, -0.8557479381561279, -0.8617466688156128, -0.8494763970375061, -0.8577646017074585, -0.9013897180557251, -0.9337718486785889, -0.9355644583702087, -0.9256336092948914, -0.9655128121376038, -1.011008620262146, -0.9822972416877747, -1.005035161972046, -0.9786104559898376, -1.061633586883545, -1.0217875242233276, -1.052313208580017, -1.0493196249008179, -1.0141905546188354, -1.0327121019363403, -1.0564308166503906, -1.0427297353744507, -1.0316283702850342];[0.43179649114608765, 0.420240193605423, 0.3845405876636505, 0.34250330924987793, 0.3530597686767578, 0.38533511757850647, 0.40526318550109863, 0.42819422483444214, 0.4506843686103821, 0.5205161571502686, 0.44402265548706055, 0.5290722846984863, 0.5935332179069519, 0.5382644534111023, 0.5335364937782288, 0.5954578518867493, 0.5958177447319031, 0.7407926321029663, 0.5339071750640869, 0.4405580461025238, 0.5115517377853394, 0.3188580572605133, 0.5567389130592346, 0.5872331857681274, 0.49733638763427734, 0.38555648922920227, 0.45293325185775757, 0.46606016159057617, 0.5447694063186646, 0.3932703733444214];1495.6945691108704
900;[0.7756485342979431, 0.7744093537330627, 0.7733745574951172, 0.783444344997406, 0.7646545767784119, 0.773780882358551, 0.7781327366828918, 0.7788584232330322, 0.7748457789421082, 0.7639126181602478, 0.7651901245117188, 0.780098021030426, 0.7588511109352112, 0.7587795257568359, 0.7735459804534912, 0.7717324495315552, 0.7619738578796387, 0.7725235223770142, 0.7837666869163513, 0.7629691362380981, 0.7762675881385803, 0.7727277278900146, 0.7777498960494995, 0.7688345313072205, 0.7729711532592773, 0.7788360714912415, 0.7800191640853882, 0.7742824554443359, 0.7755041122436523, 0.786514163017273, 0.7821838855743408];[0.03539879247546196, 0.03577475994825363, 0.029561664909124374, 0.038434527814388275, 0.024785911664366722, 0.030240997672080994, 0.03693858161568642, 0.03564557805657387, 0.04237276315689087, 0.0351729542016983, 0.042524244636297226, 0.06140042468905449, 0.041823480278253555, 0.04479454830288887, 0.054495919495821, 0.056848570704460144, 0.05297142639756203, 0.06512097269296646, 0.07402332127094269, 0.056901197880506516, 0.06773003190755844, 0.06743433326482773, 0.07210823148488998, 0.06200394406914711, 0.0655665472149849, 0.07132304459810257, 0.07322616130113602, 0.06810958683490753, 0.06909732520580292, 0.08115188777446747, 0.07588090747594833];[-0.8271000981330872, -0.8283167481422424, -0.8135500550270081, -0.8410297632217407, -0.7975698113441467, -0.8188728094100952, -0.8401769995689392, -0.8360466361045837, -0.8607855439186096, -0.8266153931617737, -0.8488591313362122, -0.9154531359672546, -0.8528512120246887, -0.8650217652320862, -0.9031212329864502, -0.9196172952651978, -0.8900445103645325, -0.9271027445793152, -0.9658107757568359, -0.897216260433197, -0.954349160194397, -0.9419001340866089, -0.9641295075416565, -0.9264872670173645, -0.9355639815330505, -0.9652572274208069, -0.9778332710266113, -0.9444998502731323, -0.9604437351226807, -1.0099549293518066, -0.9738611578941345];[0.4415842294692993, 0.41948604583740234, 0.41244998574256897, 0.4261789619922638, 0.42731180787086487, 0.4160097539424896, 0.4273344874382019, 0.43239283561706543, 0.46920210123062134, 0.4543023407459259, 0.5622408986091614, 0.5249802470207214, 0.5629717707633972, 0.5733185410499573, 0.6159727573394775, 0.701784610748291, 0.4506031274795532, 0.4509525001049042, 0.5401486158370972, 0.3796122670173645, 0.477901428937912, 0.3396114408969879, 0.5258892774581909, 0.2838330566883087, 0.4379763603210449, 0.33394432067871094, 0.38342908024787903, 0.3069704473018646, 0.3429355025291443, 0.25360482931137085];1474.018384218216
950;[0.7704263925552368, 0.7693445086479187, 0.7712734937667847, 0.7774009108543396, 0.7810161113739014, 0.7813631296157837, 0.7769333124160767, 0.7644091844558716, 0.7701830267906189, 0.7646418213844299, 0.7706387042999268, 0.7821655869483948, 0.7801134586334229, 0.7845532894134521, 0.7789052724838257, 0.7767099142074585, 0.7902739644050598, 0.7883460521697998, 0.7813063859939575, 0.7813664078712463, 0.7821546196937561, 0.7846386432647705, 0.7861940264701843, 0.7752978801727295, 0.7964755296707153, 0.7819481492042542, 0.7886549234390259, 0.780904233455658, 0.7797225117683411, 0.7864018678665161, 0.7804065942764282];[0.03167470917105675, 0.023515865206718445, 0.02333741821348667, 0.025867663323879242, 0.0293009914457798, 0.031093033030629158, 0.024426061660051346, 0.01880568079650402, 0.026874061673879623, 0.022737182676792145, 0.030796902254223824, 0.04325324669480324, 0.04091934114694595, 0.054729778319597244, 0.05540240556001663, 0.055962562561035156, 0.06968230754137039, 0.06830651313066483, 0.06651771068572998, 0.07090334594249725, 0.07028886675834656, 0.07564342767000198, 0.0780281201004982, 0.06824379414319992, 0.08952143788337708, 0.07538390904664993, 0.07823247462511063, 0.07316689938306808, 0.07285204529762268, 0.07891718298196793, 0.07317127287387848];[-0.8184921145439148, -0.79742032289505, -0.7948068380355835, -0.7998083233833313, -0.8075485825538635, -0.8137711882591248, -0.7960852384567261, -0.7815176844596863, -0.8065105080604553, -0.7936063408851624, -0.8135072588920593, -0.8508253693580627, -0.847945511341095, -0.8858234286308289, -0.8929247856140137, -0.8914957046508789, -0.9428173899650574, -0.9461709856987, -0.9345325827598572, -0.969139814376831, -0.9542633295059204, -0.9767309427261353, -0.9830082058906555, -0.943635106086731, -1.0287597179412842, -0.9822303652763367, -1.013527512550354, -0.9816691875457764, -0.978402853012085, -0.9867518544197083, -0.9790017008781433];[0.477462500333786, 0.3827817738056183, 0.4009374678134918, 0.3743687868118286, 0.37024185061454773, 0.36171862483024597, 0.3457320034503937, 0.3988669812679291, 0.42839300632476807, 0.43060553073883057, 0.4718581438064575, 0.5000636577606201, 0.5394973158836365, 0.5916150212287903, 0.49227020144462585, 0.5576643347740173, 0.6970505118370056, 0.5863513350486755, 0.5890117883682251, 0.5773451924324036, 0.5558764934539795, 0.4960728585720062, 0.5498943328857422, 0.44874101877212524, 0.37586185336112976, 0.5806175470352173, 0.532728910446167, 0.5034213662147522, 0.4944707453250885, 0.41991758346557617];1477.5451514720917
1000;[0.7706597447395325, 0.7727131247520447, 0.7778686881065369, 0.7905446887016296, 0.8024308085441589, 0.8067980408668518, 0.8196792006492615, 0.8146770000457764, 0.8108402490615845, 0.8233902454376221, 0.8102414608001709, 0.7997277975082397, 0.8187012672424316, 0.8116379380226135, 0.797111988067627, 0.7915935516357422, 0.8080235123634338, 0.8118807077407837, 0.7943242192268372, 0.7926498055458069, 0.7884006500244141, 0.7992129325866699, 0.8173987865447998, 0.822341799736023, 0.8221504092216492, 0.82472163438797, 0.8314651846885681, 0.8393323421478271, 0.8249241709709167, 0.8363383412361145, 0.8238961100578308];[0.034670133143663406, 0.03557668998837471, 0.04076181724667549, 0.04832381382584572, 0.058300599455833435, 0.06366359442472458, 0.07286010682582855, 0.06642644852399826, 0.06669870018959045, 0.07702212780714035, 0.06519561260938644, 0.06037340313196182, 0.0787975862622261, 0.07302536070346832, 0.06531719118356705, 0.06665012985467911, 0.08171416074037552, 0.08070102334022522, 0.07215549796819687, 0.07506827265024185, 0.07373930513858795, 0.08225223422050476, 0.10024362802505493, 0.10608761757612228, 0.10997419059276581, 0.11277315020561218, 0.12732863426208496, 0.1316087245941162, 0.1207423061132431, 0.13211141526699066, 0.12101423740386963];[-0.8294352293014526, -0.8286740779876709, -0.8450712561607361, -0.8682003021240234, -0.9014711976051331, -0.9170384407043457, -0.9503982067108154, -0.9273175001144409, -0.9284262657165527, -0.9739969372749329, -0.9307050704956055, -0.8979763984680176, -0.9608795046806335, -0.9487846493721008, -0.9773389101028442, -0.9295374751091003, -0.9907180666923523, -1.0307689905166626, -0.96540367603302, -0.9796068072319031, -0.9774652719497681, -0.9971369504928589, -1.0517001152038574, -1.1160768270492554, -1.1293765306472778, -1.1115202903747559, -1.1508573293685913, -1.2022771835327148, -1.1217058897018433, -1.1875929832458496, -1.1511952877044678];[0.4151111841201782, 0.4310655891895294, 0.42197203636169434, 0.39030367136001587, 0.43117696046829224, 0.44294273853302, 0.41749492287635803, 0.4208149015903473, 0.4404878318309784, 0.4554745554924011, 0.4974483847618103, 0.48036977648735046, 0.5099393129348755, 0.4991474151611328, 0.5431734919548035, 0.5135974884033203, 0.5720057487487793, 0.5591942667961121, 0.5720387101173401, 0.6059179902076721, 0.5291197299957275, 0.6105800867080688, 0.5531740188598633, 0.5532276630401611, 0.5040872097015381, 0.6867707967758179, 0.5012143850326538, 0.4092085063457489, 0.5585101842880249, 0.3052595555782318];1466.631873369217
1050;[0.7767015695571899, 0.7768852114677429, 0.7955811023712158, 0.7946251034736633, 0.8069190382957458, 0.792974591255188, 0.796967089176178, 0.7960938215255737, 0.7937703728675842, 0.8134500980377197, 0.7855215668678284, 0.7823562622070312, 0.7949671745300293, 0.7998936176300049, 0.816041886806488, 0.7968018651008606, 0.7952089309692383, 0.8117302656173706, 0.8081175088882446, 0.798957884311676, 0.8130136728286743, 0.8074275851249695, 0.8012003898620605, 0.8182433843612671, 0.8157085180282593, 0.8141978979110718, 0.7958891987800598, 0.8059530854225159, 0.8316988945007324, 0.8112829327583313, 0.8228763937950134];[0.03815692290663719, 0.03249579668045044, 0.042530376464128494, 0.041686270385980606, 0.0540098175406456, 0.04030179977416992, 0.04662676155567169, 0.0487004779279232, 0.04970233887434006, 0.07305608689785004, 0.04834923893213272, 0.054307471960783005, 0.06807031482458115, 0.07533271610736847, 0.10044429451227188, 0.08497955650091171, 0.0863904282450676, 0.10244844108819962, 0.09938782453536987, 0.09030623733997345, 0.10248275101184845, 0.10072091966867447, 0.09408464282751083, 0.10796000063419342, 0.10677868127822876, 0.10525262355804443, 0.0896030142903328, 0.10056952387094498, 0.12158240377902985, 0.1037316769361496, 0.11529882997274399];[-0.8371472954750061, -0.818875789642334, -0.8630247712135315, -0.8564749956130981, -0.8942376375198364, -0.8408305048942566, -0.8584316372871399, -0.8663365840911865, -0.8785309791564941, -0.9574454426765442, -0.8778378963470459, -0.8940408825874329, -0.9610307812690735, -0.9618048667907715, -1.0669219493865967, -1.0022379159927368, -1.0021519660949707, -1.0800085067749023, -1.0442296266555786, -1.0122017860412598, -1.0790461301803589, -1.0522509813308716, -1.037140965461731, -1.1035146713256836, -1.0684001445770264, -1.0922430753707886, -1.007282018661499, -1.0610185861587524, -1.1696147918701172, -1.0644936561584473, -1.1418743133544922];[0.4303419888019562, 0.42884209752082825, 0.37763041257858276, 0.38641154766082764, 0.3761918842792511, 0.39718931913375854, 0.39980292320251465, 0.37401649355888367, 0.4475766718387604, 0.4752703607082367, 0.528007984161377, 0.510513961315155, 0.5450966954231262, 0.6050482392311096, 0.48490992188453674, 0.526863157749176, 0.5524936318397522, 0.47939497232437134, 0.5848425030708313, 0.34966954588890076, 0.5127720236778259, 0.5885591506958008, 0.5761812329292297, 0.4596051275730133, 0.5225974321365356, 0.6287885904312134, 0.47508516907691956, 0.443409264087677, 0.725439727306366, 0.7605953216552734];1490.5798652172089
1100;[0.767893373966217, 0.7842766046524048, 0.790544331073761, 0.8131054639816284, 0.8124396800994873, 0.8233367204666138, 0.8332933187484741, 0.826109766960144, 0.838681697845459, 0.838272213935852, 0.823705792427063, 0.839277446269989, 0.8457352519035339, 0.840627133846283, 0.8391039371490479, 0.8455061316490173, 0.8515412211418152, 0.8577942252159119, 0.8590525388717651, 0.8621137142181396, 0.8531651496887207, 0.880279004573822, 0.8568297624588013, 0.8648666739463806, 0.8483802676200867, 0.8518181443214417, 0.8668823838233948, 0.8515721559524536, 0.8624513149261475, 0.8415543437004089, 0.8463099002838135];[0.035056453198194504, 0.044492244720458984, 0.0446573905646801, 0.06276500225067139, 0.05631386488676071, 0.06873360276222229, 0.08064129948616028, 0.07521431893110275, 0.08901607990264893, 0.08419211208820343, 0.0765298530459404, 0.09398991614580154, 0.10168139636516571, 0.10115794837474823, 0.0990510806441307, 0.10895226150751114, 0.12134616076946259, 0.13068468868732452, 0.13483726978302002, 0.14142288267612457, 0.13597039878368378, 0.16035184264183044, 0.14251144230365753, 0.15214475989341736, 0.13857315480709076, 0.14102685451507568, 0.16286905109882355, 0.14646553993225098, 0.1527451127767563, 0.13499324023723602, 0.14068424701690674];[-0.8261896967887878, -0.8572571873664856, -0.8525201678276062, -0.9137524366378784, -0.88646000623703, -0.9397974610328674, -0.9642443656921387, -0.9619371891021729, -1.0134221315383911, -1.0255056619644165, -0.9637086391448975, -1.0196099281311035, -1.096644639968872, -1.0482858419418335, -1.0592294931411743, -1.08628511428833, -1.1413710117340088, -1.1738066673278809, -1.2090283632278442, -1.2495357990264893, -1.191819429397583, -1.3540174961090088, -1.2240204811096191, -1.301546573638916, -1.2071971893310547, -1.2302087545394897, -1.2788633108139038, -1.2221448421478271, -1.3164771795272827, -1.1894866228103638, -1.2147594690322876];[0.4383199214935303, 0.4314766228199005, 0.422358900308609, 0.38101935386657715, 0.35245755314826965, 0.33765995502471924, 0.3516589105129242, 0.3382510840892792, 0.3677988648414612, 0.3663926124572754, 0.34071674942970276, 0.3494606018066406, 0.3362275958061218, 0.337017297744751, 0.3075951635837555, 0.3065088391304016, 0.2888961434364319, 0.32143130898475647, 0.33795249462127686, 0.3001517355442047, 0.2774129807949066, 0.27349886298179626, 0.2254306674003601, 0.25056809186935425, 0.24726714193820953, 0.23275713622570038, 0.25734105706214905, 0.19913621246814728, 0.15894022583961487, 0.1643051952123642];1458.6637766361237
1150;[0.7852113246917725, 0.7647050619125366, 0.7735748291015625, 0.7728756070137024, 0.785521388053894, 0.7845376133918762, 0.7832778692245483, 0.7600495219230652, 0.7678295373916626, 0.7764386534690857, 0.7766852974891663, 0.771889865398407, 0.7784987092018127, 0.7877912521362305, 0.7852391004562378, 0.7775462865829468, 0.781137228012085, 0.7737347483634949, 0.7718909978866577, 0.7741751670837402, 0.7785945534706116, 0.7764717936515808, 0.7822540402412415, 0.777924120426178, 0.7859150767326355, 0.7873746156692505, 0.7881556153297424, 0.7849099636077881, 0.7954924702644348, 0.7801311016082764, 0.7937971353530884];[0.04333550110459328, 0.02519230730831623, 0.02785385586321354, 0.026947390288114548, 0.036613475531339645, 0.0343504324555397, 0.03459703177213669, 0.02036103792488575, 0.03441258892416954, 0.04488310590386391, 0.04695165902376175, 0.046390026807785034, 0.052840374410152435, 0.06212404742836952, 0.06387845426797867, 0.05927323177456856, 0.06466597318649292, 0.06370322406291962, 0.06099316105246544, 0.06475416570901871, 0.07015363872051239, 0.06841639429330826, 0.07385840266942978, 0.06865944713354111, 0.07781936228275299, 0.08148811012506485, 0.08191632479429245, 0.0764225646853447, 0.08694395422935486, 0.07284969091415405, 0.08556825667619705];[-0.8496584892272949, -0.7974335551261902, -0.8013910055160522, -0.80141681432724, -0.8302215933799744, -0.8241332769393921, -0.8260325193405151, -0.7866517305374146, -0.8204988837242126, -0.8613173365592957, -0.869325578212738, -0.8691330552101135, -0.8884415030479431, -0.9557675719261169, -0.9450054168701172, -0.9140375852584839, -0.9456835389137268, -0.92783123254776, -0.9214317202568054, -0.948015570640564, -0.951658308506012, -0.9499045014381409, -0.9774413108825684, -0.9528091549873352, -0.9919325709342957, -0.997129499912262, -0.9994969367980957, -0.9746899604797363, -1.0531609058380127, -0.9714969992637634, -1.033132553100586];[0.41387519240379333, 0.43837782740592957, 0.3958531618118286, 0.36975210905075073, 0.3915911614894867, 0.3752194941043854, 0.3725177049636841, 0.41595083475112915, 0.4863654673099518, 0.5261040925979614, 0.5632174015045166, 0.5081109404563904, 0.4214162528514862, 0.4866611957550049, 0.5379247069358826, 0.5686228275299072, 0.511709451675415, 0.4650952219963074, 0.4753252863883972, 0.38213562965393066, 0.39401087164878845, 0.36149221658706665, 0.36413511633872986, 0.40630918741226196, 0.34011512994766235, 0.3492066562175751, 0.3731720447540283, 0.3797454535961151, 0.3275896906852722, 0.37183767557144165];1474.2968745231628
1200;[0.7727193832397461, 0.7811185121536255, 0.7840921878814697, 0.7919554114341736, 0.8129957318305969, 0.8163613080978394, 0.7972389459609985, 0.8019538521766663, 0.8047891855239868, 0.8006227016448975, 0.8221381306648254, 0.7980896234512329, 0.7976403832435608, 0.8016408681869507, 0.8067201972007751, 0.8190813660621643, 0.8256310820579529, 0.8156920671463013, 0.7955144047737122, 0.8053078055381775, 0.7947319746017456, 0.7896246314048767, 0.7920922636985779, 0.8044175505638123, 0.794156014919281, 0.813556432723999, 0.8259797692298889, 0.8066744208335876, 0.8064615726470947, 0.8079078197479248, 0.7888848781585693];[0.03595331311225891, 0.04051865637302399, 0.03701853007078171, 0.04148689657449722, 0.05773872509598732, 0.0584881529211998, 0.04400517791509628, 0.0524020679295063, 0.05680567026138306, 0.05424492061138153, 0.07620547711849213, 0.05444301292300224, 0.057219456881284714, 0.06423477083444595, 0.07640665024518967, 0.09144825488328934, 0.10328565537929535, 0.09504944086074829, 0.08131278306245804, 0.08817917108535767, 0.0828934907913208, 0.07985581457614899, 0.08281657844781876, 0.09426198154687881, 0.0882406085729599, 0.10526402294635773, 0.11806165426969528, 0.10044574737548828, 0.09671860933303833, 0.09697220474481583, 0.08272309601306915];[-0.827035129070282, -0.8383007645606995, -0.8333868384361267, -0.8442748785018921, -0.9072827100753784, -0.9262861609458923, -0.8516361117362976, -0.874568521976471, -0.8915888071060181, -0.8909232020378113, -0.9733974933624268, -0.8941368460655212, -0.8978304266929626, -0.9191291332244873, -0.9613964557647705, -1.0400760173797607, -1.0890839099884033, -1.0726673603057861, -0.9776284694671631, -1.0153549909591675, -0.9983347654342651, -0.9894046187400818, -1.0018070936203003, -1.0877840518951416, -1.0147382020950317, -1.1214679479599, -1.1539669036865234, -1.056311011314392, -1.0764349699020386, -1.0995450019836426, -0.9906107783317566];[0.42660799622535706, 0.43832093477249146, 0.40625110268592834, 0.3666134178638458, 0.35532593727111816, 0.3308469355106354, 0.36779117584228516, 0.31972357630729675, 0.36413124203681946, 0.36842772364616394, 0.3762110769748688, 0.44170263409614563, 0.5042842626571655, 0.5790719985961914, 0.5139628648757935, 0.5142415761947632, 0.5730169415473938, 0.5901845693588257, 0.5467838644981384, 0.4682532250881195, 0.5055041909217834, 0.4903911054134369, 0.510355532169342, 0.6141255497932434, 0.637197732925415, 0.49231261014938354, 0.4999189078807831, 0.3544364869594574, 0.6446672081947327, 0.6254503130912781];1464.6514115333557
1250;[0.770042359828949, 0.7750692367553711, 0.7874985337257385, 0.7890366315841675, 0.8064883351325989, 0.8001527190208435, 0.8057229518890381, 0.8061975240707397, 0.8074399828910828, 0.8160288333892822, 0.812578558921814, 0.8135200142860413, 0.8179444074630737, 0.8055571913719177, 0.797370195388794, 0.8047427535057068, 0.7865824103355408, 0.7892719507217407, 0.7884032726287842, 0.816077470779419, 0.8106943368911743, 0.8066430687904358, 0.8291382193565369, 0.8188920617103577, 0.8205136656761169, 0.8241133093833923, 0.8322346210479736, 0.8089260458946228, 0.8367319107055664, 0.8342189788818359, 0.8364825248718262];[0.03240371495485306, 0.03378286957740784, 0.03747043386101723, 0.03666616976261139, 0.0502178892493248, 0.04676033928990364, 0.05081477761268616, 0.051684681326150894, 0.05448373407125473, 0.06338142603635788, 0.06062633544206619, 0.06284362822771072, 0.06847604364156723, 0.059364452958106995, 0.050563111901283264, 0.061568766832351685, 0.04769604280591011, 0.05639446899294853, 0.05814496427774429, 0.08749315142631531, 0.0956268385052681, 0.09441579878330231, 0.11599733680486679, 0.10704722255468369, 0.11159288138151169, 0.11465676128864288, 0.12262951582670212, 0.10314549505710602, 0.1304742693901062, 0.12865057587623596, 0.1325179487466812];[-0.8209971189498901, -0.8230462074279785, -0.8389663100242615, -0.83277827501297, -0.8833364248275757, -0.8521280884742737, -0.874343752861023, -0.8687994480133057, -0.8747959136962891, -0.9109705090522766, -0.8980438709259033, -0.9243891835212708, -0.9396061897277832, -0.902220606803894, -0.8833054900169373, -0.9250904321670532, -0.8952155709266663, -0.9045624732971191, -0.9370809197425842, -1.0722832679748535, -1.0470716953277588, -1.0367579460144043, -1.1250070333480835, -1.1136435270309448, -1.1106353998184204, -1.130706548690796, -1.1829736232757568, -1.0693680047988892, -1.190386176109314, -1.17849862575531, -1.1924556493759155];[0.43978598713874817, 0.4090377986431122, 0.3703346252441406, 0.3852140009403229, 0.3431284427642822, 0.32180023193359375, 0.3043263256549835, 0.2907966375350952, 0.2807271182537079, 0.3004138767719269, 0.30292046070098877, 0.3649137616157532, 0.36237388849258423, 0.3566911518573761, 0.4302566349506378, 0.48492681980133057, 0.4653870165348053, 0.5776172280311584, 0.5589587688446045, 0.5728607177734375, 0.5192216634750366, 0.529818594455719, 0.4591582119464874, 0.4785756766796112, 0.49541041254997253, 0.47844642400741577, 0.4564603865146637, 0.5691837668418884, 0.6159059405326843, 0.6061660051345825];1481.5943388938904
1300;[0.7769807577133179, 0.7764125466346741, 0.7948390245437622, 0.7770212292671204, 0.782468855381012, 0.7821567058563232, 0.7766232490539551, 0.7796835899353027, 0.7939838767051697, 0.7822741866111755, 0.7813843488693237, 0.776878297328949, 0.7649467587471008, 0.7669060230255127, 0.7671287059783936, 0.7571179270744324, 0.7688277363777161, 0.7701944708824158, 0.7630988955497742, 0.7596752643585205, 0.7587441802024841, 0.7712664008140564, 0.7701647877693176, 0.7507986426353455, 0.7659010887145996, 0.7677287459373474, 0.7665310502052307, 0.777854859828949, 0.7755106687545776, 0.7677148580551147, 0.7742716073989868];[0.03946933150291443, 0.03632950410246849, 0.04831058531999588, 0.029082030057907104, 0.028607124462723732, 0.029173046350479126, 0.02654775232076645, 0.030065979808568954, 0.043845128268003464, 0.037459906190633774, 0.041165996342897415, 0.041394490748643875, 0.029488684609532356, 0.030864713713526726, 0.036064326763153076, 0.030489029362797737, 0.04366249218583107, 0.04882153496146202, 0.04231134429574013, 0.03609533607959747, 0.041364360600709915, 0.059034720063209534, 0.056792132556438446, 0.041447412222623825, 0.05745070055127144, 0.06022236868739128, 0.05830511078238487, 0.07011006027460098, 0.06768883764743805, 0.057771530002355576, 0.0643828958272934];[-0.8411913514137268, -0.8283106088638306, -0.8891696929931641, -0.8094956278800964, -0.8076463341712952, -0.8150418996810913, -0.8001821041107178, -0.8097565770149231, -0.8582189083099365, -0.8306141495704651, -0.8454644083976746, -0.847455620765686, -0.8125704526901245, -0.8136644959449768, -0.8331485390663147, -0.8134531378746033, -0.8620494604110718, -0.8795033097267151, -0.8678258061408997, -0.8471410274505615, -0.8878685235977173, -0.9299529194831848, -0.9207891821861267, -0.848835825920105, -0.9173572063446045, -0.9213867783546448, -0.9171268939971924, -0.962435781955719, -0.9639825820922852, -0.9213648438453674, -0.9503967761993408];[0.42677029967308044, 0.4295096695423126, 0.4262390732765198, 0.40285906195640564, 0.3807731568813324, 0.3593921959400177, 0.3684859871864319, 0.3671151101589203, 0.4552026391029358, 0.4405389726161957, 0.5228325128555298, 0.6122416853904724, 0.6014009118080139, 0.5740922689437866, 0.537605345249176, 0.5678578615188599, 0.5380994081497192, 0.5327591300010681, 0.5198890566825867, 0.6249622702598572, 0.5945127606391907, 0.5898832082748413, 0.6026955842971802, 0.5050354599952698, 0.4289218783378601, 0.36288732290267944, 0.5687095522880554, 0.41364702582359314, 0.4977022409439087, 0.6357308626174927];1455.1846296787262
1350;[0.7678991556167603, 0.7755931615829468, 0.7796626091003418, 0.785210132598877, 0.7926123738288879, 0.7950113415718079, 0.7970049977302551, 0.7988798022270203, 0.7903407216072083, 0.7939357757568359, 0.7960785627365112, 0.7963261008262634, 0.8063203692436218, 0.7966551184654236, 0.7995929718017578, 0.8000612258911133, 0.7901414632797241, 0.802017092704773, 0.7973892092704773, 0.7976234555244446, 0.7886409759521484, 0.7860989570617676, 0.7967274785041809, 0.7938525676727295, 0.7884054183959961, 0.7955398559570312, 0.7776846289634705, 0.7646821141242981, 0.7629328370094299, 0.7730804681777954, 0.786598801612854];[0.03227810189127922, 0.036411963403224945, 0.039040807634592056, 0.039509471505880356, 0.04531348869204521, 0.04624183103442192, 0.047633349895477295, 0.046875763684511185, 0.03958556801080704, 0.04733556881546974, 0.04959702864289284, 0.05433981865644455, 0.07149127125740051, 0.07029824703931808, 0.07714779675006866, 0.07286761701107025, 0.06937994062900543, 0.08141645789146423, 0.0741501897573471, 0.08452405780553818, 0.07648424059152603, 0.07904140651226044, 0.08746296912431717, 0.08382224291563034, 0.07646702975034714, 0.0846143513917923, 0.0690794587135315, 0.05755185708403587, 0.05647865682840347, 0.06730671972036362, 0.07444459944963455];[-0.8188521265983582, -0.8300345540046692, -0.8376396894454956, -0.8372776508331299, -0.862934947013855, -0.8724890947341919, -0.8650315999984741, -0.8654187917709351, -0.8421012759208679, -0.8724702000617981, -0.877085268497467, -0.8896054625511169, -0.9422515630722046, -0.9432162046432495, -0.9722191691398621, -0.9606544971466064, -0.9437963962554932, -0.9841002225875854, -0.9520746469497681, -0.9927943348884583, -0.98850417137146, -0.983124852180481, -1.0174812078475952, -1.0077625513076782, -0.9646075963973999, -0.9963601231575012, -0.9488471150398254, -0.9104908108711243, -0.8983169794082642, -0.9377263784408569, -1.0438786745071411];[0.4448031187057495, 0.4152602553367615, 0.44034790992736816, 0.4239572286605835, 0.4143465757369995, 0.41682881116867065, 0.40908658504486084, 0.40661245584487915, 0.3989231586456299, 0.3778545558452606, 0.42749935388565063, 0.5030784606933594, 0.5329415202140808, 0.49754124879837036, 0.48598629236221313, 0.45035508275032043, 0.5556833744049072, 0.5173565149307251, 0.5318330526351929, 0.555635392665863, 0.5793600082397461, 0.4114888608455658, 0.5644375681877136, 0.48311924934387207, 0.5336881875991821, 0.6877065300941467, 0.5139592289924622, 0.45770028233528137, 0.6353548169136047, 0.516700267791748];1465.7436830997467
1400;[0.7739479541778564, 0.7708887457847595, 0.7856929302215576, 0.7893344759941101, 0.8056074380874634, 0.8016328811645508, 0.7967824339866638, 0.8035218715667725, 0.7934603691101074, 0.7923545241355896, 0.7774309515953064, 0.7753772735595703, 0.7826749086380005, 0.7590272426605225, 0.7521940469741821, 0.7569118142127991, 0.7544090747833252, 0.7581249475479126, 0.7695881724357605, 0.7651222348213196, 0.7608533501625061, 0.7690645456314087, 0.7629484534263611, 0.7725396752357483, 0.7881497144699097, 0.7674806714057922, 0.7785810828208923, 0.7704282999038696, 0.7674515843391418, 0.7785429954528809, 0.7799773216247559];[0.03584079444408417, 0.02943441830575466, 0.03655487671494484, 0.034817855805158615, 0.048620883375406265, 0.044796209782361984, 0.040993306785821915, 0.04718853160738945, 0.0364534817636013, 0.03995044529438019, 0.03148644417524338, 0.03077157586812973, 0.03578297421336174, 0.02135476842522621, 0.016715124249458313, 0.026178544387221336, 0.03293287009000778, 0.04104008898139, 0.05564121901988983, 0.05389662832021713, 0.050116166472435, 0.05969762057065964, 0.05377970263361931, 0.06355717033147812, 0.07691467553377151, 0.05874050781130791, 0.06737664341926575, 0.06035393849015236, 0.060702815651893616, 0.07155392318964005, 0.07095878571271896];[-0.834911048412323, -0.8101251721382141, -0.8306155204772949, -0.8269295692443848, -0.8676729202270508, -0.8520221710205078, -0.8394293189048767, -0.8570451736450195, -0.8318543434143066, -0.8376251459121704, -0.815441906452179, -0.8146294951438904, -0.8301268815994263, -0.7883113622665405, -0.774956226348877, -0.8025960326194763, -0.8258902430534363, -0.8635063767433167, -0.9125370979309082, -0.8940637707710266, -0.8838297128677368, -0.9170092940330505, -0.8966382741928101, -0.929845929145813, -0.995805025100708, -0.9131296277046204, -0.9520171880722046, -0.9518905282020569, -0.9186455607414246, -0.9603841304779053, -0.9743841290473938];[0.4568778872489929, 0.41200435161590576, 0.39563843607902527, 0.3370737135410309, 0.3205583989620209, 0.33349278569221497, 0.33695098757743835, 0.3379477560520172, 0.36265575885772705, 0.39518988132476807, 0.4267923831939697, 0.4193183183670044, 0.45142480731010437, 0.5246772170066833, 0.5416823029518127, 0.6129521727561951, 0.5971999168395996, 0.6830769777297974, 0.5758576393127441, 0.6404951214790344, 0.5709668397903442, 0.48973408341407776, 0.47381576895713806, 0.36379870772361755, 0.3839927613735199, 0.3885740041732788, 0.4261474609375, 0.5166786909103394, 0.5024733543395996, 0.42254140973091125];1491.511034488678
1450;[0.7742912769317627, 0.7708897590637207, 0.7887038588523865, 0.7807927131652832, 0.8040345311164856, 0.8146167397499084, 0.821156919002533, 0.8071330189704895, 0.822303295135498, 0.828579843044281, 0.8208023309707642, 0.8131653070449829, 0.815448522567749, 0.8027607202529907, 0.815407395362854, 0.8068676590919495, 0.7831773161888123, 0.7996103763580322, 0.813227117061615, 0.818213939666748, 0.8154512047767639, 0.8278326392173767, 0.81131911277771, 0.8159673810005188, 0.8030946254730225, 0.8173779249191284, 0.8234018087387085, 0.8359904885292053, 0.8329539895057678, 0.8464899063110352, 0.836129903793335];[0.037088099867105484, 0.03628915920853615, 0.04654863104224205, 0.03857140988111496, 0.05515167489647865, 0.0649142786860466, 0.07021499425172806, 0.05695410072803497, 0.07797791808843613, 0.09014837443828583, 0.08647692948579788, 0.08344820886850357, 0.0905074030160904, 0.0790286585688591, 0.08625299483537674, 0.08362748473882675, 0.0625368133187294, 0.07459133118391037, 0.08452916890382767, 0.0950595960021019, 0.09344220906496048, 0.10123324394226074, 0.09152349084615707, 0.09833195060491562, 0.0922604650259018, 0.10581175237894058, 0.11450598388910294, 0.12974941730499268, 0.1307678073644638, 0.1421290636062622, 0.13229762017726898];[-0.8339441418647766, -0.8299354910850525, -0.8728895783424377, -0.835654616355896, -0.883400559425354, -0.9176307320594788, -0.935546338558197, -0.8948662877082825, -0.9687464237213135, -1.026633620262146, -1.0185338258743286, -1.0007518529891968, -1.0335599184036255, -0.9786437749862671, -1.0219579935073853, -1.032110571861267, -0.9238763451576233, -0.9597668647766113, -1.032325267791748, -1.0321158170700073, -1.0500261783599854, -1.1001472473144531, -1.0251613855361938, -1.0651028156280518, -1.0351814031600952, -1.0961722135543823, -1.107303261756897, -1.1725927591323853, -1.1674355268478394, -1.2325571775436401, -1.1682628393173218];[0.4270692467689514, 0.4222032129764557, 0.4160173833370209, 0.44035449624061584, 0.3935966491699219, 0.421905517578125, 0.420276939868927, 0.42507392168045044, 0.5008609890937805, 0.5414687395095825, 0.5604022741317749, 0.5585581660270691, 0.4350827634334564, 0.4721333384513855, 0.5806914567947388, 0.47510889172554016, 0.5002692341804504, 0.513649582862854, 0.5333278179168701, 0.5270547866821289, 0.5076886415481567, 0.49918365478515625, 0.48680058121681213, 0.5510514974594116, 0.5017204284667969, 0.4600927233695984, 0.39314979314804077, 0.46009311079978943, 0.25017914175987244, 0.21417336165905];1455.8545761108398
1500;[0.7787718772888184, 0.7771649360656738, 0.7958388924598694, 0.7989716529846191, 0.8049927949905396, 0.8134655356407166, 0.7949825525283813, 0.8068851828575134, 0.7994037866592407, 0.8043215870857239, 0.7976402044296265, 0.7917041182518005, 0.8060652017593384, 0.8154101371765137, 0.8155854940414429, 0.8128548264503479, 0.8235788345336914, 0.8226032853126526, 0.8259904980659485, 0.825691282749176, 0.8220984935760498, 0.8086420893669128, 0.7993876934051514, 0.7953637838363647, 0.8150919675827026, 0.8138436079025269, 0.8197267651557922, 0.7895790934562683, 0.8035382032394409, 0.8163154125213623, 0.7942895293235779];[0.03847665712237358, 0.0367242731153965, 0.046378325670957565, 0.0461018942296505, 0.05006886646151543, 0.060316428542137146, 0.04413082078099251, 0.05414561927318573, 0.048200152814388275, 0.05160966515541077, 0.04738154634833336, 0.044331930577754974, 0.062109172344207764, 0.06874992698431015, 0.0685584545135498, 0.06747670471668243, 0.07636957615613937, 0.07886030524969101, 0.08957607299089432, 0.08540034294128418, 0.08876486122608185, 0.07459324598312378, 0.0742526650428772, 0.07096432149410248, 0.08340393006801605, 0.08779314905405045, 0.0945572555065155, 0.06939049810171127, 0.08083640038967133, 0.09834563732147217, 0.07828980684280396];[-0.8343251347541809, -0.8295883536338806, -0.8594796657562256, -0.8626103401184082, -0.8700887560844421, -0.9164377450942993, -0.8526498675346375, -0.8789397478103638, -0.8719424605369568, -0.8781562447547913, -0.8954424262046814, -0.8640169501304626, -0.9068617224693298, -0.9312997460365295, -0.9432695508003235, -0.9217826724052429, -0.9574288725852966, -0.9638631343841553, -1.0053057670593262, -1.0142056941986084, -1.0223063230514526, -0.9729946851730347, -0.9648746848106384, -0.9502686858177185, -1.0188302993774414, -1.0128222703933716, -1.056482195854187, -0.950713574886322, -0.9924317598342896, -1.065805196762085, -0.9668542146682739];[0.42568373680114746, 0.42399847507476807, 0.39421674609184265, 0.3868233263492584, 0.34477752447128296, 0.3409954607486725, 0.3489801287651062, 0.34851953387260437, 0.34794408082962036, 0.33041518926620483, 0.3729654550552368, 0.4260078966617584, 0.503592312335968, 0.5403764843940735, 0.5102540850639343, 0.5150385499000549, 0.5609020590782166, 0.5267999768257141, 0.5652435421943665, 0.5982502698898315, 0.5770952105522156, 0.6131909489631653, 0.4778112769126892, 0.45084434747695923, 0.5262408256530762, 0.5387937426567078, 0.6302950978279114, 0.48974668979644775, 0.5050770044326782, 0.5315637588500977];1493.2478470802307
1550;[0.7677679657936096, 0.7665010094642639, 0.7795721888542175, 0.7869266867637634, 0.7808412909507751, 0.7913147211074829, 0.7915278673171997, 0.8007373213768005, 0.7938510179519653, 0.7834577560424805, 0.7714067101478577, 0.7678478360176086, 0.7771742939949036, 0.7621882557868958, 0.7593062520027161, 0.7504838705062866, 0.7592340707778931, 0.7512727975845337, 0.7476581335067749, 0.7534079551696777, 0.7684956192970276, 0.7740859389305115, 0.7671518325805664, 0.7666075229644775, 0.7689936757087708, 0.7639689445495605, 0.7757824659347534, 0.7683737277984619, 0.7758588194847107, 0.7715985178947449, 0.7790225148200989];[0.030608566477894783, 0.0334528312087059, 0.035110704600811005, 0.03865550830960274, 0.03196962550282478, 0.03555421531200409, 0.036752086132764816, 0.0456915907561779, 0.04332585632801056, 0.04187570512294769, 0.032349828630685806, 0.033341992646455765, 0.04286549612879753, 0.033045992255210876, 0.03566380962729454, 0.03103608265519142, 0.04195311665534973, 0.037030383944511414, 0.032263703644275665, 0.04083108529448509, 0.05797494575381279, 0.061562858521938324, 0.05720345675945282, 0.05842358618974686, 0.05924076959490776, 0.05516790971159935, 0.06689298152923584, 0.06396661698818207, 0.06662928313016891, 0.06447984278202057, 0.07312547415494919];[-0.8175908327102661, -0.8237128257751465, -0.9039713740348816, -0.8405818343162537, -0.8190857172012329, -0.8335782885551453, -0.8305115699768066, -0.8679492473602295, -0.8449157476425171, -0.8413652777671814, -0.8183514475822449, -0.8230062127113342, -0.8591843843460083, -0.8187403678894043, -0.8361737728118896, -0.8186705708503723, -0.8523358106613159, -0.8389714956283569, -0.819013774394989, -0.8453792333602905, -0.9176936149597168, -0.9168577790260315, -0.9041110873222351, -0.9145869016647339, -0.9091702103614807, -0.8969239592552185, -0.9384821653366089, -0.9243292212486267, -0.9410470128059387, -0.9309444427490234, -0.9641021490097046];[0.42447441816329956, 0.4169645607471466, 0.43526026606559753, 0.39764952659606934, 0.3802809417247772, 0.36585521697998047, 0.3452748656272888, 0.40065014362335205, 0.42508065700531006, 0.486522912979126, 0.48531997203826904, 0.4607350528240204, 0.6321356892585754, 0.6475422382354736, 0.49318286776542664, 0.48873236775398254, 0.5527912378311157, 0.6078492999076843, 0.549206554889679, 0.5803279876708984, 0.5859482288360596, 0.45843857526779175, 0.571306049823761, 0.5114461779594421, 0.42391151189804077, 0.3310023248195648, 0.5992198586463928, 0.25050264596939087, 0.5743241906166077, 0.5899118185043335];1462.661169052124
1600;[0.7711772918701172, 0.7763604521751404, 0.7815195918083191, 0.7854391932487488, 0.7797182202339172, 0.7881641983985901, 0.7953699827194214, 0.7977173328399658, 0.7935928106307983, 0.7900044322013855, 0.7878655195236206, 0.7985286116600037, 0.7993047833442688, 0.7899999618530273, 0.7937162518501282, 0.8091093897819519, 0.7986006736755371, 0.8036225438117981, 0.7986679673194885, 0.7989310026168823, 0.7966417074203491, 0.7931819558143616, 0.7850033640861511, 0.8005239367485046, 0.8152493834495544, 0.8204400539398193, 0.8275933861732483, 0.8265243768692017, 0.81646329164505, 0.8219749927520752, 0.8234773874282837];[0.03391256928443909, 0.03689379617571831, 0.035065457224845886, 0.038461312651634216, 0.03391092270612717, 0.044901587069034576, 0.05164263769984245, 0.06209917366504669, 0.062278617173433304, 0.06431061774492264, 0.06302168220281601, 0.07238052040338516, 0.07294885069131851, 0.0635945051908493, 0.07225417345762253, 0.08820424228906631, 0.0788082703948021, 0.07861126959323883, 0.0801660493016243, 0.085079126060009, 0.08088893443346024, 0.08003050088882446, 0.06799270957708359, 0.08023389428853989, 0.0997154712677002, 0.1052461788058281, 0.11805468052625656, 0.11414685100317001, 0.10795978456735611, 0.10985801368951797, 0.11485777795314789];[-0.8252195715904236, -0.8411657810211182, -0.8307912349700928, -0.8373162746429443, -0.8225768804550171, -0.8585039377212524, -0.8792497515678406, -0.9213405847549438, -0.9163507223129272, -0.9307329058647156, -0.9298306703567505, -0.9554383754730225, -0.9594260454177856, -0.9197927713394165, -0.9595015645027161, -1.0106409788131714, -0.9709654450416565, -1.0030646324157715, -0.9836883544921875, -1.0049409866333008, -0.9891572594642639, -0.9946669936180115, -0.9374018907546997, -1.0045521259307861, -1.0389978885650635, -1.0591849088668823, -1.126416802406311, -1.119196891784668, -1.0666320323944092, -1.1020435094833374, -1.116349458694458];[0.4434272348880768, 0.4256642162799835, 0.40267589688301086, 0.40543392300605774, 0.40265321731567383, 0.42536661028862, 0.4476015269756317, 0.4623357057571411, 0.5281292200088501, 0.5181742906570435, 0.49247050285339355, 0.4131784737110138, 0.46677425503730774, 0.41919922828674316, 0.44252708554267883, 0.4662781357765198, 0.4230094850063324, 0.39042505621910095, 0.39828649163246155, 0.4093933701515198, 0.5497603416442871, 0.4510531723499298, 0.44233232736587524, 0.5543332695960999, 0.4841417372226715, 0.45967939496040344, 0.5493237376213074, 0.53514564037323, 0.6387068629264832, 0.6189855933189392];1468.7765345573425
1650;[0.7757501602172852, 0.7799738645553589, 0.7744100093841553, 0.7804566621780396, 0.7870504856109619, 0.7821451425552368, 0.7858737707138062, 0.78387850522995, 0.7756425738334656, 0.771060585975647, 0.7761322259902954, 0.7717944979667664, 0.7737597823143005, 0.7726128101348877, 0.7609167695045471, 0.751038670539856, 0.7520347237586975, 0.743812620639801, 0.7582430243492126, 0.7473443150520325, 0.7481067776679993, 0.7577148675918579, 0.7618554830551147, 0.7515444159507751, 0.763113260269165, 0.7562430500984192, 0.7494749426841736, 0.7551643252372742, 0.7618790864944458, 0.7618477940559387, 0.7557826638221741];[0.03510047122836113, 0.03544294089078903, 0.027501069009304047, 0.03056989796459675, 0.03485245630145073, 0.032925162464380264, 0.03303658217191696, 0.0324714295566082, 0.027293991297483444, 0.025528332218527794, 0.027916666120290756, 0.02650424651801586, 0.02874761074781418, 0.03118138201534748, 0.024184653535485268, 0.02373380959033966, 0.028534797951579094, 0.026289645582437515, 0.04294111579656601, 0.034841347485780716, 0.03596106916666031, 0.046265117824077606, 0.05015108734369278, 0.042399100959300995, 0.05118851736187935, 0.04660063236951828, 0.04139246046543121, 0.04552406072616577, 0.05232876539230347, 0.05222517251968384, 0.04647126793861389];[-0.8312815427780151, -0.8301166296005249, -0.802761435508728, -0.8120158910751343, -0.8313828706741333, -0.8208743929862976, -0.823123037815094, -0.8213650584220886, -0.8015738129615784, -0.7985597252845764, -0.8308393955230713, -0.8057517409324646, -0.816436767578125, -0.8240793347358704, -0.8054195642471313, -0.7943211197853088, -0.8101524710655212, -0.812590479850769, -0.8606187105178833, -0.8494356274604797, -0.859718918800354, -0.8914154767990112, -0.9239055514335632, -0.8791844844818115, -0.9090761542320251, -0.9073667526245117, -0.861174464225769, -0.8987278938293457, -0.9174425005912781, -0.9106647968292236, -0.9071148633956909];[0.4371953010559082, 0.41556161642074585, 0.39932507276535034, 0.39300569891929626, 0.36245784163475037, 0.35269248485565186, 0.3735595643520355, 0.37148478627204895, 0.37962576746940613, 0.4146241247653961, 0.4233529269695282, 0.3933779001235962, 0.41345614194869995, 0.5675711035728455, 0.5761206150054932, 0.41164809465408325, 0.507712185382843, 0.5718389749526978, 0.5511331558227539, 0.504969596862793, 0.4041467607021332, 0.48987627029418945, 0.5691113471984863, 0.36532482504844666, 0.5537649393081665, 0.4242663085460663, 0.24526764452457428, 0.48823022842407227, 0.25873392820358276, 0.4766453206539154];1462.089596271515
1700;[0.779885470867157, 0.7846008539199829, 0.8094217777252197, 0.8039836287498474, 0.8155416250228882, 0.809620201587677, 0.8198697566986084, 0.8128818273544312, 0.8317462205886841, 0.8172544836997986, 0.8201565742492676, 0.8269916772842407, 0.8312099575996399, 0.8173131346702576, 0.8167255520820618, 0.8132345080375671, 0.7859554290771484, 0.786333441734314, 0.804973304271698, 0.8321312665939331, 0.8151533603668213, 0.8307469487190247, 0.8186525702476501, 0.8200789093971252, 0.8104173541069031, 0.787919819355011, 0.7845319509506226, 0.7826200127601624, 0.7865515351295471, 0.8083139061927795, 0.8114720582962036];[0.04248794913291931, 0.040010035037994385, 0.05520574003458023, 0.04725857824087143, 0.06139054149389267, 0.057210229337215424, 0.06470455229282379, 0.05877009406685829, 0.07778060436248779, 0.06523684412240982, 0.06662888079881668, 0.08031325787305832, 0.08575667440891266, 0.07070526480674744, 0.0770401656627655, 0.06897733360528946, 0.04798218607902527, 0.057355377823114395, 0.07872467488050461, 0.11316505074501038, 0.10127805173397064, 0.11706198006868362, 0.10908946394920349, 0.11114034801721573, 0.10079264640808105, 0.07473604381084442, 0.0746585950255394, 0.07471393048763275, 0.07837007194757462, 0.10233458131551743, 0.10153470188379288];[-0.8475978374481201, -0.8447201251983643, -0.8919100761413574, -0.8627236485481262, -0.898408830165863, -0.8885474801063538, -0.9209342002868652, -0.8939599394798279, -0.9496793746948242, -0.910653829574585, -0.9202393889427185, -0.9521111845970154, -0.9686428904533386, -0.9414400458335876, -0.9530941843986511, -0.9381514191627502, -0.8705011606216431, -0.9208897352218628, -0.9871904850006104, -1.1393808126449585, -1.0722028017044067, -1.1561212539672852, -1.101952314376831, -1.1334561109542847, -1.074095368385315, -0.9849182367324829, -0.9707900285720825, -0.9676203727722168, -0.9885462522506714, -1.0569286346435547, -1.1115071773529053];[0.4431908130645752, 0.40912938117980957, 0.3560047149658203, 0.3541901111602783, 0.3230375051498413, 0.34125179052352905, 0.2960851490497589, 0.2980349063873291, 0.3241787552833557, 0.3052573800086975, 0.36087915301322937, 0.3628404140472412, 0.3421865999698639, 0.34361782670021057, 0.3079676032066345, 0.3324054479598999, 0.41519469022750854, 0.5008158683776855, 0.5205878615379333, 0.5948018431663513, 0.5117293000221252, 0.5576710104942322, 0.5243952870368958, 0.49512630701065063, 0.5005572438240051, 0.6803706884384155, 0.47838735580444336, 0.3917106091976166, 0.5261927843093872, 0.532903790473938];1471.4651713371277
1750;[0.7730234861373901, 0.7666488885879517, 0.7742078304290771, 0.7803813815116882, 0.792681872844696, 0.8082478642463684, 0.802802562713623, 0.8055842518806458, 0.7907230257987976, 0.7866001725196838, 0.7733003497123718, 0.7586116790771484, 0.7576006650924683, 0.758397102355957, 0.7579274773597717, 0.7432931661605835, 0.745660662651062, 0.7426460385322571, 0.7367503046989441, 0.7588791847229004, 0.7434642910957336, 0.7538074851036072, 0.7495286464691162, 0.7508061528205872, 0.7463625073432922, 0.7473682165145874, 0.7428401112556458, 0.7364146113395691, 0.7418656945228577, 0.7422842383384705, 0.7497466802597046];[0.03697793930768967, 0.03154167905449867, 0.036448944360017776, 0.04117942228913307, 0.046150386333465576, 0.05788889899849892, 0.051109831780195236, 0.052334871143102646, 0.037559568881988525, 0.03561049699783325, 0.03214063122868538, 0.02362467534840107, 0.026678897440433502, 0.03167117014527321, 0.0289605762809515, 0.019648689776659012, 0.022913619875907898, 0.02180667035281658, 0.018884941935539246, 0.04043782874941826, 0.028749678283929825, 0.03864506259560585, 0.03795485571026802, 0.04068206995725632, 0.0374184288084507, 0.0407722033560276, 0.032769575715065, 0.02770787663757801, 0.032922908663749695, 0.03180375695228577, 0.03984718397259712];[-0.8309073448181152, -0.8145768642425537, -0.8316358923912048, -0.8472264409065247, -0.8574531674385071, -0.918628454208374, -0.8790627121925354, -0.8809750080108643, -0.8336045145988464, -0.8277927041053772, -0.8155786395072937, -0.7927068471908569, -0.8142867684364319, -0.8238295912742615, -0.8249533176422119, -0.7832089066505432, -0.7892786264419556, -0.7890288233757019, -0.7808421850204468, -0.8660252690315247, -0.8193163275718689, -0.8438889980316162, -0.8420693874359131, -0.8492507338523865, -0.8414799571037292, -0.8495914936065674, -0.846165657043457, -0.8109904527664185, -0.8402403593063354, -0.8522980809211731, -0.8541728854179382];[0.41306596994400024, 0.4443759620189667, 0.43176400661468506, 0.4457797408103943, 0.434513658285141, 0.4454740285873413, 0.43658241629600525, 0.39519500732421875, 0.39192408323287964, 0.3925016522407532, 0.4874621629714966, 0.5295454859733582, 0.49779629707336426, 0.585280179977417, 0.5655261874198914, 0.47964712977409363, 0.6574283838272095, 0.5147441625595093, 0.5218827128410339, 0.5602314472198486, 0.6759250164031982, 0.6039152145385742, 0.537696897983551, 0.43912652134895325, 0.3779790997505188, 0.45655182003974915, 0.5876017808914185, 0.5350609421730042, 0.6154170036315918, 0.37458160519599915];1457.508962392807
1800;[0.7821429967880249, 0.7733688950538635, 0.7782157063484192, 0.8045854568481445, 0.7911802530288696, 0.7978055477142334, 0.7962180376052856, 0.7867780327796936, 0.7847224473953247, 0.7791872620582581, 0.7695324420928955, 0.7670732736587524, 0.7536605596542358, 0.753012478351593, 0.7549975514411926, 0.7485024929046631, 0.7539027333259583, 0.7661808133125305, 0.7830691933631897, 0.7804849147796631, 0.7794153094291687, 0.7697368860244751, 0.7873867154121399, 0.794053316116333, 0.7838248610496521, 0.782552182674408, 0.8032917380332947, 0.7974781394004822, 0.7922713756561279, 0.789067804813385, 0.787560224533081];[0.04342906177043915, 0.03468841686844826, 0.032854072749614716, 0.05088018253445625, 0.03905530646443367, 0.045794595032930374, 0.04299414902925491, 0.03706559166312218, 0.04005429148674011, 0.03026248887181282, 0.02423689141869545, 0.024901822209358215, 0.02140137366950512, 0.026029029861092567, 0.03435400128364563, 0.03276209160685539, 0.03454504907131195, 0.053716402500867844, 0.07107462733983994, 0.06619065999984741, 0.06807365268468857, 0.05959867313504219, 0.07755838334560394, 0.0841667428612709, 0.07555679976940155, 0.0735352486371994, 0.09667077660560608, 0.09197439253330231, 0.08596296608448029, 0.08232278376817703, 0.08001944422721863];[-0.8736435174942017, -0.828361988067627, -0.8219401240348816, -0.8908950686454773, -0.8361904621124268, -0.8589238524436951, -0.8477940559387207, -0.8324229717254639, -0.8392030596733093, -0.8123019933700562, -0.7960821390151978, -0.7972380518913269, -0.7864185571670532, -0.79982590675354, -0.8325750827789307, -0.8210501074790955, -0.831300675868988, -0.8968864679336548, -0.965931236743927, -0.9610065221786499, -0.9361136555671692, -0.9227671027183533, -0.9923650026321411, -1.0056605339050293, -0.9619030356407166, -0.9715158343315125, -1.0587388277053833, -1.024796485900879, -1.0137628316879272, -0.9869306683540344, -0.984897255897522];[0.4468134641647339, 0.4223400950431824, 0.396911084651947, 0.3824307918548584, 0.35674890875816345, 0.3479439318180084, 0.36886143684387207, 0.38182348012924194, 0.39086654782295227, 0.40632298588752747, 0.40285244584083557, 0.48026353120803833, 0.5042266845703125, 0.579216718673706, 0.5301876068115234, 0.6171962022781372, 0.6738976836204529, 0.45769476890563965, 0.5307826995849609, 0.472562313079834, 0.5860624313354492, 0.3914734721183777, 0.5525586009025574, 0.6163830161094666, 0.34461846947669983, 0.6097394824028015, 0.3865281641483307, 0.40549716353416443, 0.19374726712703705, 0.45403921604156494];1450.2108376026154
1850;[0.7757498025894165, 0.7692862749099731, 0.7746396064758301, 0.7666829228401184, 0.7790694832801819, 0.7704543471336365, 0.7745018601417542, 0.7763546705245972, 0.7687811255455017, 0.7703269124031067, 0.759985089302063, 0.7653687000274658, 0.7577943801879883, 0.764400839805603, 0.7583332061767578, 0.7535474896430969, 0.7630418539047241, 0.76276034116745, 0.7580584287643433, 0.7612244486808777, 0.7629727125167847, 0.7667638659477234, 0.768218994140625, 0.7668725252151489, 0.7668030261993408, 0.7474297285079956, 0.752913236618042, 0.753521203994751, 0.7532694935798645, 0.7411541938781738, 0.743604302406311];[0.03700700029730797, 0.025424443185329437, 0.02683727629482746, 0.02108917571604252, 0.02943730354309082, 0.02111509069800377, 0.02538720704615116, 0.02361934632062912, 0.022531598806381226, 0.02484348602592945, 0.02053729072213173, 0.02781441994011402, 0.029002955183386803, 0.035104162991046906, 0.03868470713496208, 0.03635220602154732, 0.05042363703250885, 0.047359298914670944, 0.04468213766813278, 0.044989213347435, 0.0527222715318203, 0.05797527730464935, 0.05884578078985214, 0.054302286356687546, 0.057244908064603806, 0.03727811574935913, 0.042825594544410706, 0.04462675750255585, 0.04381987825036049, 0.03434894606471062, 0.03487330302596092];[-0.8342115879058838, -0.8037410974502563, -0.8026779294013977, -0.7884074449539185, -0.8083013296127319, -0.7873110175132751, -0.7988094091415405, -0.7949990630149841, -0.7904027104377747, -0.7980213165283203, -0.7871872186660767, -0.8087688684463501, -0.8159525394439697, -0.8409091234207153, -0.8456451296806335, -0.8465067744255066, -0.8839914202690125, -0.8848769068717957, -0.8631887435913086, -0.8652815222740173, -0.8982265591621399, -0.9076185822486877, -0.9340786337852478, -0.9100793600082397, -0.9115406274795532, -0.842115581035614, -0.8604726791381836, -0.8911343812942505, -0.880584180355072, -0.8291903138160706, -0.8492496609687805];[0.4192661643028259, 0.40910008549690247, 0.37615159153938293, 0.38787129521369934, 0.3765915632247925, 0.427400141954422, 0.36424165964126587, 0.3596920371055603, 0.375792920589447, 0.3644584119319916, 0.38516607880592346, 0.506220817565918, 0.5810391902923584, 0.5798774361610413, 0.6099133491516113, 0.5066019296646118, 0.5027782917022705, 0.6171275973320007, 0.5665555000305176, 0.7037221789360046, 0.5725767612457275, 0.4258663058280945, 0.40549859404563904, 0.49538877606391907, 0.6651646494865417, 0.5099076628684998, 0.6055436730384827, 0.46960732340812683, 0.5066570043563843, 0.23508696258068085];1501.1537899971008
1900;[0.7713056802749634, 0.7817716002464294, 0.7944337725639343, 0.801331102848053, 0.8165290951728821, 0.8389405608177185, 0.8259890675544739, 0.8263822793960571, 0.8322607278823853, 0.833668053150177, 0.8394761085510254, 0.8550986051559448, 0.8562995791435242, 0.8331684470176697, 0.8250115513801575, 0.8277946710586548, 0.8322672247886658, 0.8294129967689514, 0.826690137386322, 0.8145104646682739, 0.8256153464317322, 0.8105906844139099, 0.821699321269989, 0.8154445886611938, 0.8350997567176819, 0.8454766869544983, 0.8553854823112488, 0.854184627532959, 0.847137451171875, 0.8432548642158508, 0.8423581719398499];[0.03523588180541992, 0.03845394030213356, 0.04379583150148392, 0.05170714482665062, 0.06300632655620575, 0.08406391739845276, 0.07589400559663773, 0.0747566968202591, 0.0787697583436966, 0.08510271459817886, 0.0919136330485344, 0.11315074563026428, 0.11404898762702942, 0.08750669658184052, 0.09107117354869843, 0.09537775814533234, 0.10229504108428955, 0.10169258713722229, 0.09707596153020859, 0.09039387106895447, 0.1019088625907898, 0.08190213888883591, 0.09251311421394348, 0.09187536686658859, 0.11941259354352951, 0.13911834359169006, 0.14700381457805634, 0.1489444524049759, 0.14398014545440674, 0.13984669744968414, 0.1387469470500946];[-0.8318257927894592, -0.8349671959877014, -0.8517429232597351, -0.8729158043861389, -0.9171181917190552, -0.9775457978248596, -0.9512092471122742, -0.958819568157196, -0.9793710708618164, -0.983385443687439, -1.0206892490386963, -1.0828838348388672, -1.1190537214279175, -1.0498141050338745, -1.0077741146087646, -1.029953122138977, -1.0443003177642822, -1.0507395267486572, -1.0693832635879517, -1.010258674621582, -1.0485622882843018, -0.9966974258422852, -1.0302903652191162, -1.0155044794082642, -1.1226818561553955, -1.2020879983901978, -1.267193078994751, -1.27434241771698, -1.2327749729156494, -1.2117599248886108, -1.2125717401504517];[0.42382684350013733, 0.4146064817905426, 0.38931959867477417, 0.37854307889938354, 0.36981433629989624, 0.3686182498931885, 0.37159061431884766, 0.3802453279495239, 0.3377830684185028, 0.34482628107070923, 0.3650812804698944, 0.39750272035598755, 0.3912348747253418, 0.41961270570755005, 0.47237372398376465, 0.479949414730072, 0.4197279214859009, 0.4837684631347656, 0.46459102630615234, 0.4506458640098572, 0.42423349618911743, 0.4025253355503082, 0.49623411893844604, 0.5037054419517517, 0.5693976283073425, 0.409202516078949, 0.28572237491607666, 0.1928127557039261, 0.15534864366054535, 0.12454617023468018];1459.33762383461
1950;[0.7726964950561523, 0.7781668901443481, 0.7886403799057007, 0.7847463488578796, 0.7922173142433167, 0.7891217470169067, 0.7684231996536255, 0.761471152305603, 0.7572187781333923, 0.742760181427002, 0.7432027459144592, 0.739079475402832, 0.7418444156646729, 0.7396783232688904, 0.7411438822746277, 0.7319251894950867, 0.7301390767097473, 0.7376769781112671, 0.745638906955719, 0.7456330060958862, 0.7489059567451477, 0.7499324679374695, 0.7464144825935364, 0.7471734881401062, 0.748589277267456, 0.7421427965164185, 0.7375718951225281, 0.7506406903266907, 0.7552281022071838, 0.7488631010055542, 0.7675907611846924];[0.03449713811278343, 0.033450059592723846, 0.03667387738823891, 0.035657256841659546, 0.04314038157463074, 0.041109345853328705, 0.028622087091207504, 0.025532908737659454, 0.025014730170369148, 0.01713780127465725, 0.019695136696100235, 0.019417209550738335, 0.02482527680695057, 0.022590236738324165, 0.028132785111665726, 0.021253010258078575, 0.02029140666127205, 0.027692120522260666, 0.03371414914727211, 0.036749936640262604, 0.03817255049943924, 0.03836379572749138, 0.035299185663461685, 0.03697929531335831, 0.0395684577524662, 0.03461822122335434, 0.030015883967280388, 0.042100947350263596, 0.04637453705072403, 0.040912095457315445, 0.059179555624723434];[-0.8272060751914978, -0.8227584958076477, -0.8319381475448608, -0.8305075764656067, -0.8564159870147705, -0.843676745891571, -0.8088890910148621, -0.7996087670326233, -0.8010511994361877, -0.7739540338516235, -0.7824307680130005, -0.7846136689186096, -0.7965570092201233, -0.791391909122467, -0.8103352189064026, -0.7901891469955444, -0.7838139533996582, -0.8100396990776062, -0.8429127335548401, -0.8403077125549316, -0.8445778489112854, -0.8479347825050354, -0.8333668112754822, -0.8406608700752258, -0.8486515879631042, -0.8313384056091309, -0.8141582608222961, -0.8577810525894165, -0.889984667301178, -0.8541879653930664, -0.9289162755012512];[0.4529273509979248, 0.38814273476600647, 0.3875715434551239, 0.3775215446949005, 0.3336210548877716, 0.36546143889427185, 0.4171499013900757, 0.4408070743083954, 0.4519347548484802, 0.43680277466773987, 0.5123127698898315, 0.48670169711112976, 0.6001594662666321, 0.6373233199119568, 0.523272693157196, 0.5065758228302002, 0.5632554888725281, 0.3541354537010193, 0.5771673917770386, 0.6027910113334656, 0.49982911348342896, 0.46942347288131714, 0.6047942638397217, 0.49265438318252563, 0.48585450649261475, 0.2931554317474365, 0.35891029238700867, 0.47591331601142883, 0.24412456154823303, 0.4394495189189911];1484.494441986084
2000;[0.769666314125061, 0.7836461663246155, 0.7836688756942749, 0.78859943151474, 0.7995589971542358, 0.8059918880462646, 0.8060329556465149, 0.8072932362556458, 0.8222496509552002, 0.8132627606391907, 0.8210306763648987, 0.8136955499649048, 0.8248713612556458, 0.8036283254623413, 0.794241726398468, 0.8088088631629944, 0.8128578066825867, 0.8139262199401855, 0.8084562420845032, 0.7893204689025879, 0.7738167643547058, 0.773030161857605, 0.7751093506813049, 0.787754237651825, 0.7787075638771057, 0.7726154923439026, 0.7844690084457397, 0.7714638710021973, 0.7463042140007019, 0.7599152326583862, 0.7476220726966858];[0.03254355862736702, 0.044648490846157074, 0.04341788589954376, 0.04245348274707794, 0.05209202691912651, 0.05145476385951042, 0.050933923572301865, 0.05486303195357323, 0.07033760100603104, 0.0686972513794899, 0.07669802755117416, 0.07265637814998627, 0.08483035117387772, 0.06723678112030029, 0.05854341760277748, 0.08080055564641953, 0.08069394528865814, 0.09215783327817917, 0.0879678800702095, 0.06781243532896042, 0.05937003716826439, 0.0545416958630085, 0.06228947266936302, 0.0784137174487114, 0.06940644979476929, 0.06290632486343384, 0.07771046459674835, 0.06266527622938156, 0.040263958275318146, 0.050014253705739975, 0.03939664363861084];[-0.8230075836181641, -0.8535001277923584, -0.8532868027687073, -0.8447945713996887, -0.8742156624794006, -0.877673327922821, -0.8717070817947388, -0.8956291675567627, -0.9613639712333679, -0.9544881582260132, -1.045174241065979, -0.9550729393959045, -1.0094411373138428, -0.9392011165618896, -0.9053118824958801, -0.9918219447135925, -1.0405627489089966, -1.0349063873291016, -1.0290260314941406, -0.9361546039581299, -0.9052241444587708, -0.9031540751457214, -0.9464860558509827, -0.9910270571708679, -0.953632116317749, -0.9434190392494202, -0.9827117919921875, -0.9271063208580017, -0.8518794178962708, -0.9163215160369873, -0.8503708839416504];[0.4582643508911133, 0.45085301995277405, 0.4265882670879364, 0.4029392898082733, 0.4196249544620514, 0.36900487542152405, 0.3243860900402069, 0.3799437880516052, 0.36866146326065063, 0.44545140862464905, 0.5234897136688232, 0.48224884271621704, 0.5107097029685974, 0.5065130591392517, 0.5485783815383911, 0.5272390246391296, 0.5649795532226562, 0.5388637781143188, 0.5381216406822205, 0.5869198441505432, 0.5600157380104065, 0.6966867446899414, 0.5343933701515198, 0.30102241039276123, 0.48371943831443787, 0.4274100661277771, 0.48330289125442505, 0.4120541512966156, 0.40826651453971863, 0.20821493864059448];1465.6214792728424
2050;[0.7718462944030762, 0.7751827836036682, 0.7882177829742432, 0.8004247546195984, 0.8119024038314819, 0.805559515953064, 0.8028110861778259, 0.7950431704521179, 0.806114137172699, 0.8055371046066284, 0.8076894283294678, 0.7972525358200073, 0.7871409058570862, 0.7862321734428406, 0.7817460894584656, 0.7721948623657227, 0.7975851893424988, 0.7926670908927917, 0.8055216073989868, 0.8042325377464294, 0.810434103012085, 0.8094587922096252, 0.8156354427337646, 0.7994847297668457, 0.7978398203849792, 0.793661892414093, 0.8116225600242615, 0.7861572504043579, 0.7845778465270996, 0.7964709401130676, 0.7903767228126526];[0.03210893273353577, 0.03684651106595993, 0.042843133211135864, 0.05700749531388283, 0.06335876137018204, 0.05715592950582504, 0.05140026658773422, 0.04323846474289894, 0.054895106703042984, 0.05239901319146156, 0.05389246344566345, 0.051944710314273834, 0.04605601727962494, 0.04882941395044327, 0.04676947742700577, 0.04390394687652588, 0.07659590244293213, 0.07847897708415985, 0.0933467373251915, 0.09368531405925751, 0.10146576166152954, 0.1005316823720932, 0.1088404431939125, 0.0931728333234787, 0.08820744603872299, 0.08342178910970688, 0.10185817629098892, 0.07660917937755585, 0.07418878376483917, 0.08530038595199585, 0.08308535069227219];[-0.8186960816383362, -0.8305374979972839, -0.8493812680244446, -0.8927646279335022, -0.9186497330665588, -0.8928986191749573, -0.8687096834182739, -0.8485156893730164, -0.8923575282096863, -0.8729058504104614, -0.9001476168632507, -0.8743515610694885, -0.8619033098220825, -0.8826059699058533, -0.868323802947998, -0.8641033172607422, -0.9710855484008789, -0.9724558591842651, -1.0373891592025757, -1.0267586708068848, -1.0741740465164185, -1.05704665184021, -1.096891164779663, -1.0347200632095337, -1.0243239402770996, -1.001240611076355, -1.0718520879745483, -0.9923609495162964, -0.97003573179245, -1.0136357545852661, -1.0027613639831543];[0.4287780225276947, 0.4312969744205475, 0.41298413276672363, 0.4074869751930237, 0.4293324649333954, 0.3916676640510559, 0.3947206139564514, 0.3541286587715149, 0.3542730510234833, 0.36714762449264526, 0.4101846218109131, 0.43394437432289124, 0.449799120426178, 0.48065444827079773, 0.5872116088867188, 0.6052610874176025, 0.5698071122169495, 0.5870212316513062, 0.5561354756355286, 0.5041664242744446, 0.49061673879623413, 0.5337359309196472, 0.47587740421295166, 0.4561462998390198, 0.46906474232673645, 0.5362302660942078, 0.6373944282531738, 0.6249973177909851, 0.5414454340934753, 0.6809731721878052];1487.1711695194244
2100;[0.776093065738678, 0.774989128112793, 0.7916151881217957, 0.7931039929389954, 0.7924363613128662, 0.7967419028282166, 0.8027229905128479, 0.8044175505638123, 0.8035619258880615, 0.8019864559173584, 0.800942599773407, 0.7868493795394897, 0.7954702377319336, 0.7879534959793091, 0.7715449929237366, 0.7866842150688171, 0.7871489524841309, 0.7957359552383423, 0.7993671298027039, 0.8133358359336853, 0.8268001675605774, 0.8216954469680786, 0.8330447673797607, 0.8126000761985779, 0.8186594843864441, 0.8311293721199036, 0.8289528489112854, 0.8309335708618164, 0.8509296178817749, 0.8618860840797424, 0.8417180776596069];[0.0371716171503067, 0.03527609631419182, 0.0404774434864521, 0.04411300644278526, 0.04173534736037254, 0.04247460886836052, 0.050283171236515045, 0.05291419103741646, 0.05095062032341957, 0.05133388563990593, 0.05543084070086479, 0.04916369542479515, 0.059056952595710754, 0.054559048265218735, 0.044291283935308456, 0.058508966118097305, 0.061899200081825256, 0.06678754091262817, 0.07777056097984314, 0.0912468433380127, 0.1068691685795784, 0.1072373166680336, 0.11194417625665665, 0.09382788836956024, 0.1006937325000763, 0.11882774531841278, 0.11569355428218842, 0.12045488506555557, 0.14196424186229706, 0.1531362384557724, 0.13178619742393494];[-0.8355830907821655, -0.8256276845932007, -0.8496363759040833, -0.8594387173652649, -0.8539462089538574, -0.8446820974349976, -0.8728605508804321, -0.8775548934936523, -0.8720026016235352, -0.8730359077453613, -0.8843951225280762, -0.8669672608375549, -0.9061095118522644, -0.8876500725746155, -0.856221079826355, -0.904057502746582, -0.9300025105476379, -0.9492866396903992, -0.9965046048164368, -1.012929916381836, -1.098147988319397, -1.0725191831588745, -1.1000500917434692, -1.0238150358200073, -1.0614122152328491, -1.1110293865203857, -1.0996155738830566, -1.117753267288208, -1.207339882850647, -1.30191171169281, -1.2189884185791016];[0.4451564848423004, 0.41784024238586426, 0.392681747674942, 0.380964457988739, 0.40893763303756714, 0.3717370331287384, 0.39465317130088806, 0.35679322481155396, 0.3965011239051819, 0.40077653527259827, 0.5093668699264526, 0.5678569674491882, 0.6207318902015686, 0.5117103457450867, 0.5208680033683777, 0.5087392330169678, 0.5355128049850464, 0.5799107551574707, 0.546748697757721, 0.5582597851753235, 0.6181892156600952, 0.6393492221832275, 0.6689009666442871, 0.7341348528862, 0.5921010971069336, 0.604083776473999, 0.509893000125885, 0.5895918607711792, 0.4969525933265686, 0.47288525104522705];1474.9240605831146
2150;[0.7846554517745972, 0.7851166725158691, 0.7766494154930115, 0.7877758145332336, 0.7843813896179199, 0.7930951118469238, 0.7879780530929565, 0.7890981435775757, 0.7896618843078613, 0.78532874584198, 0.7906845211982727, 0.7906660437583923, 0.7829318046569824, 0.7877176403999329, 0.799394428730011, 0.7912708520889282, 0.7805016040802002, 0.7853320240974426, 0.7895993590354919, 0.7805063724517822, 0.7930078506469727, 0.7918044924736023, 0.7959664463996887, 0.8024182915687561, 0.7938528060913086, 0.7865530848503113, 0.788274347782135, 0.7975460290908813, 0.8001565933227539, 0.7982741594314575, 0.8082331418991089];[0.045015111565589905, 0.03960299864411354, 0.03537433221936226, 0.03838204964995384, 0.032722700387239456, 0.03756064549088478, 0.0346965491771698, 0.03457745164632797, 0.03776125982403755, 0.03439386934041977, 0.04211130365729332, 0.04093775898218155, 0.041266776621341705, 0.04963703826069832, 0.06929798424243927, 0.05926625430583954, 0.05685856565833092, 0.05546063929796219, 0.05550236999988556, 0.053363949060440063, 0.0663469210267067, 0.06711962819099426, 0.07001052051782608, 0.07707378268241882, 0.0765560120344162, 0.07346019148826599, 0.07418175041675568, 0.08416615426540375, 0.08632539957761765, 0.08690490573644638, 0.09892172366380692];[-0.8600744605064392, -0.8371012806892395, -0.8324731588363647, -0.8356411457061768, -0.8181831240653992, -0.8318990468978882, -0.8219549655914307, -0.8231474757194519, -0.8300731182098389, -0.8255177140235901, -0.8496915698051453, -0.8423061370849609, -0.843105673789978, -0.8664053678512573, -0.9587138891220093, -0.905197024345398, -0.896210789680481, -0.8991451263427734, -0.9393547773361206, -0.8867114186286926, -0.9457278251647949, -0.9387199878692627, -0.9726966023445129, -0.983091413974762, -0.9884568452835083, -0.9616994261741638, -0.9883126020431519, -1.0154743194580078, -1.0287904739379883, -1.050111174583435, -1.0621869564056396];[0.43963155150413513, 0.41293585300445557, 0.41063281893730164, 0.39051535725593567, 0.3648993968963623, 0.3661480247974396, 0.32492342591285706, 0.34248751401901245, 0.37157130241394043, 0.3934018909931183, 0.43988144397735596, 0.4372842311859131, 0.5173165798187256, 0.5888192057609558, 0.46804317831993103, 0.5928810834884644, 0.5345338582992554, 0.5242502689361572, 0.6006291508674622, 0.5594490766525269, 0.4868421256542206, 0.5602537393569946, 0.5421642661094666, 0.5083033442497253, 0.6240737438201904, 0.5183695554733276, 0.5567063093185425, 0.5987432599067688, 0.5566903948783875, 0.7003326416015625];1471.330159664154
2200;[0.7703465223312378, 0.7644029259681702, 0.7838988900184631, 0.7720615863800049, 0.7823543548583984, 0.7733923196792603, 0.77273029088974, 0.7751957774162292, 0.7787210941314697, 0.7798584699630737, 0.7845151424407959, 0.7692434191703796, 0.7787595391273499, 0.7712306976318359, 0.7692044973373413, 0.7635669112205505, 0.7561714053153992, 0.7510564923286438, 0.7607829570770264, 0.7458329796791077, 0.7349714636802673, 0.7357481122016907, 0.7454997897148132, 0.7472379207611084, 0.7523465752601624, 0.7483397126197815, 0.74765944480896, 0.7422322034835815, 0.7546942830085754, 0.7350234389305115, 0.7394229769706726];[0.033480461686849594, 0.02209334447979927, 0.033417318016290665, 0.02141798473894596, 0.030313381925225258, 0.022603144869208336, 0.025243276730179787, 0.027500657364726067, 0.034223977476358414, 0.03954761102795601, 0.04961492121219635, 0.040738724172115326, 0.05565468221902847, 0.04660256952047348, 0.05045127496123314, 0.04647223278880119, 0.04406546428799629, 0.03879646584391594, 0.047518037259578705, 0.03648478537797928, 0.02789362147450447, 0.027264336124062538, 0.03792673721909523, 0.039594605565071106, 0.044664204120635986, 0.040957964956760406, 0.04006494581699371, 0.03521796315908432, 0.04620450735092163, 0.028234485536813736, 0.033091090619564056];[-0.8213127851486206, -0.7889211177825928, -0.8246705532073975, -0.7907916903495789, -0.811731219291687, -0.7925618290901184, -0.8047491312026978, -0.8077923655509949, -0.8219514489173889, -0.8393183350563049, -0.8885170221328735, -0.8422031402587891, -0.901432991027832, -0.8716210722923279, -0.8898303508758545, -0.8719172477722168, -0.8662548661231995, -0.8555344343185425, -0.8903180360794067, -0.8424125909805298, -0.8095690011978149, -0.806230366230011, -0.8431614637374878, -0.8634155988693237, -0.8677481412887573, -0.8614070415496826, -0.8585823178291321, -0.8318438529968262, -0.8959037065505981, -0.8111810088157654, -0.8271527290344238];[0.42894819378852844, 0.45108339190483093, 0.3740076422691345, 0.36592990159988403, 0.3780672252178192, 0.3936629295349121, 0.378437876701355, 0.3846682012081146, 0.4011833369731903, 0.4894472062587738, 0.515112042427063, 0.43941351771354675, 0.626198947429657, 0.4872172772884369, 0.46539804339408875, 0.46694669127464294, 0.5003917217254639, 0.614722728729248, 0.48334482312202454, 0.5426213145256042, 0.45374852418899536, 0.4506883919239044, 0.4349706470966339, 0.3407760560512543, 0.3484773635864258, 0.5143177509307861, 0.12260124832391739, 0.19904355704784393, 0.17417208850383759, 0.2007407248020172];1470.8609392642975
2250;[0.7763099074363708, 0.7752219438552856, 0.775483250617981, 0.7914531230926514, 0.7772878408432007, 0.7780972719192505, 0.7782641649246216, 0.7901004552841187, 0.7767651081085205, 0.7680583596229553, 0.7639821171760559, 0.7724226117134094, 0.7753095030784607, 0.7634143829345703, 0.7616428136825562, 0.7571309804916382, 0.7545018196105957, 0.7713046669960022, 0.7598298192024231, 0.7667310237884521, 0.780735969543457, 0.7861594557762146, 0.7825596332550049, 0.7803343534469604, 0.7764217853546143, 0.7803969383239746, 0.7778386473655701, 0.7759695649147034, 0.7837990522384644, 0.7804699540138245, 0.7753393650054932];[0.0398031547665596, 0.03217490017414093, 0.02840365655720234, 0.03775808960199356, 0.029344839975237846, 0.029648005962371826, 0.028224259614944458, 0.03896695375442505, 0.037668533623218536, 0.0357096791267395, 0.03519672155380249, 0.04815094172954559, 0.05436059087514877, 0.04767967388033867, 0.04841451719403267, 0.04479377716779709, 0.04497406259179115, 0.06050634756684303, 0.050154052674770355, 0.053740520030260086, 0.07222272455692291, 0.07948402315378189, 0.0738619714975357, 0.07286921888589859, 0.069394052028656, 0.07068275660276413, 0.06847428530454636, 0.06831353157758713, 0.0777328610420227, 0.07474493235349655, 0.06825392693281174];[-0.848635196685791, -0.8353851437568665, -0.8090150356292725, -0.8425339460372925, -0.8118140697479248, -0.809951663017273, -0.8069922924041748, -0.8450669646263123, -0.8367323875427246, -0.8307034969329834, -0.8289168477058411, -0.8701518774032593, -0.8940228223800659, -0.875795304775238, -0.8789771795272827, -0.8712965250015259, -0.861369788646698, -0.9316684603691101, -0.8828215003013611, -0.9099973440170288, -0.9657491445541382, -0.9931210279464722, -0.9883899688720703, -0.9598532915115356, -0.9473118782043457, -0.9614182710647583, -0.9536520838737488, -0.9567248821258545, -0.9749096035957336, -0.9781745672225952, -0.9516940712928772];[0.43730366230010986, 0.43483778834342957, 0.4031750559806824, 0.37896472215652466, 0.38491374254226685, 0.39207959175109863, 0.3860839009284973, 0.3950560688972473, 0.4461910128593445, 0.5257076621055603, 0.561485230922699, 0.5655481219291687, 0.5458192825317383, 0.5962703824043274, 0.5862515568733215, 0.5661563873291016, 0.474399596452713, 0.47845473885536194, 0.5626156330108643, 0.7226069569587708, 0.5913723707199097, 0.38996827602386475, 0.3492831587791443, 0.41410449147224426, 0.26234036684036255, 0.6242482662200928, 0.4488658607006073, 0.4028959274291992, 0.4653899073600769, 0.26757630705833435];1478.8913922309875
2300;[0.7647644877433777, 0.775761604309082, 0.7929363250732422, 0.8082965016365051, 0.8246151208877563, 0.8278955221176147, 0.8267269134521484, 0.8287729620933533, 0.8312253952026367, 0.8251710534095764, 0.8251889944076538, 0.8198006749153137, 0.8154195547103882, 0.8248897790908813, 0.8200811743736267, 0.8120852112770081, 0.8047224283218384, 0.807974636554718, 0.7952693700790405, 0.7838572263717651, 0.7787728905677795, 0.7642964124679565, 0.7757063508033752, 0.7829078435897827, 0.769375741481781, 0.7590984106063843, 0.7650150656700134, 0.7629891633987427, 0.7794156670570374, 0.782580554485321, 0.7740650177001953];[0.02967829816043377, 0.028761792927980423, 0.044063713401556015, 0.052331455051898956, 0.07546193152666092, 0.07667691260576248, 0.07363057136535645, 0.0805395320057869, 0.08246693760156631, 0.07535921782255173, 0.07482632249593735, 0.07530038803815842, 0.0696411058306694, 0.08725349605083466, 0.08244198560714722, 0.08161827176809311, 0.08136148750782013, 0.08147896826267242, 0.06895064562559128, 0.05923239886760712, 0.05905558913946152, 0.04499999061226845, 0.05761197954416275, 0.06286485493183136, 0.05275466665625572, 0.04600546509027481, 0.04955350235104561, 0.050827618688344955, 0.06639990955591202, 0.07075900584459305, 0.06434063613414764];[-0.810307502746582, -0.8068130016326904, -0.8481413722038269, -0.8776529431343079, -0.9468161463737488, -0.9561788439750671, -0.9436472654342651, -0.9679921865463257, -0.9858965873718262, -0.973016619682312, -0.973887026309967, -0.9619154334068298, -0.94649738073349, -1.0176658630371094, -0.9829520583152771, -0.9966387748718262, -0.9823576807975769, -0.9832202196121216, -0.9439207911491394, -0.9042695164680481, -0.9061858654022217, -0.8740789890289307, -0.9075618386268616, -0.9301810264587402, -0.9020562171936035, -0.8638837337493896, -0.8829121589660645, -0.8847774267196655, -0.9516876935958862, -0.9563180804252625, -0.9314345121383667];[0.4529367685317993, 0.40741270780563354, 0.39111387729644775, 0.36052268743515015, 0.36347731947898865, 0.36184456944465637, 0.37889087200164795, 0.36924099922180176, 0.34755152463912964, 0.3432021141052246, 0.33986109495162964, 0.3695127069950104, 0.45002514123916626, 0.47966063022613525, 0.42429202795028687, 0.46975311636924744, 0.49781283736228943, 0.4925675690174103, 0.5651889443397522, 0.5346581339836121, 0.5813212990760803, 0.5136852264404297, 0.5745652318000793, 0.644973635673523, 0.5952174067497253, 0.5827843546867371, 0.5829304456710815, 0.567695140838623, 0.579425573348999, 0.6140373945236206];1470.1419110298157
2350;[0.7772398591041565, 0.7855107188224792, 0.7886660695075989, 0.7988413572311401, 0.7862536907196045, 0.7856846451759338, 0.7843296527862549, 0.7788366675376892, 0.7781290411949158, 0.7822175025939941, 0.7718058824539185, 0.759746253490448, 0.7610579133033752, 0.7538631558418274, 0.7437691688537598, 0.7540739178657532, 0.7504715919494629, 0.7529935240745544, 0.751639723777771, 0.7632877230644226, 0.7582417726516724, 0.7626644968986511, 0.7694532871246338, 0.7813085913658142, 0.7885971665382385, 0.7806333303451538, 0.784896194934845, 0.7870728969573975, 0.7802340984344482, 0.7708584070205688, 0.7645941376686096];[0.03944852203130722, 0.034817688167095184, 0.0375317819416523, 0.04319017007946968, 0.035371214151382446, 0.03290629759430885, 0.03338014334440231, 0.030891472473740578, 0.033508505672216415, 0.03319660201668739, 0.022466041147708893, 0.018635330721735954, 0.023586498573422432, 0.025247376412153244, 0.02416686899960041, 0.03631705790758133, 0.036886584013700485, 0.03857128322124481, 0.043252527713775635, 0.0523027740418911, 0.050790559500455856, 0.05332411825656891, 0.06051554158329964, 0.07320643961429596, 0.08107583224773407, 0.07588657736778259, 0.07804156839847565, 0.07923143357038498, 0.07426813989877701, 0.06391946971416473, 0.05656147748231888];[-0.8408023118972778, -0.8289111852645874, -0.8317839503288269, -0.8518504500389099, -0.8342538475990295, -0.8294884562492371, -0.8206122517585754, -0.8161448836326599, -0.81831294298172, -0.8225743174552917, -0.7921149730682373, -0.779832661151886, -0.805622935295105, -0.800197184085846, -0.7952905297279358, -0.8331533074378967, -0.8345560431480408, -0.8412322998046875, -0.8539660573005676, -0.8987279534339905, -0.8874319791793823, -0.8948299288749695, -0.9356380701065063, -0.9786131978034973, -1.013361930847168, -0.9710890054702759, -0.9797388911247253, -0.9903312921524048, -0.9650276899337769, -0.9349426031112671, -0.9420931339263916];[0.4297902286052704, 0.4072468876838684, 0.3693397045135498, 0.36086854338645935, 0.3847486078739166, 0.3688441514968872, 0.35452762246131897, 0.3689398467540741, 0.36825934052467346, 0.36702048778533936, 0.4277830421924591, 0.45778441429138184, 0.5452257394790649, 0.6500375270843506, 0.6497958898544312, 0.5785794854164124, 0.6192670464515686, 0.5671057105064392, 0.5158562660217285, 0.5192264914512634, 0.3047136068344116, 0.45109376311302185, 0.3389755189418793, 0.3695865869522095, 0.2604861259460449, 0.5642874240875244, 0.3568932116031647, 0.3400850296020508, 0.3234587609767914, 0.25298669934272766];1489.5361149311066
2400;[0.7749884724617004, 0.7599005103111267, 0.7679656744003296, 0.7870696187019348, 0.7871256470680237, 0.7924991846084595, 0.7906625866889954, 0.7835310101509094, 0.7914174199104309, 0.7842669486999512, 0.783374011516571, 0.7773676514625549, 0.7717564702033997, 0.7661874294281006, 0.7817118167877197, 0.7676324844360352, 0.7649040818214417, 0.7700228691101074, 0.7647148966789246, 0.7767094969749451, 0.7801761031150818, 0.782621443271637, 0.7568163871765137, 0.7714768052101135, 0.7790478467941284, 0.7645730376243591, 0.7782583832740784, 0.7738391160964966, 0.7683777809143066, 0.7746025323867798, 0.7781763076782227];[0.03647138923406601, 0.023433266207575798, 0.022646481171250343, 0.03496755287051201, 0.03343204781413078, 0.03773624822497368, 0.03770112618803978, 0.033983394503593445, 0.041993044316768646, 0.0388370081782341, 0.03657504916191101, 0.033366866409778595, 0.042440757155418396, 0.04061632603406906, 0.05512293800711632, 0.043410271406173706, 0.049009546637535095, 0.05181131139397621, 0.052531514316797256, 0.06440398842096329, 0.06864387542009354, 0.0658801943063736, 0.04628589004278183, 0.06264381110668182, 0.07279392331838608, 0.05758026987314224, 0.06937559694051743, 0.06823178380727768, 0.060633253306150436, 0.06933193653821945, 0.07270456850528717];[-0.8433907628059387, -0.7934229373931885, -0.7904762625694275, -0.8206730484962463, -0.8175864815711975, -0.8313922882080078, -0.8314090371131897, -0.820951521396637, -0.8430445194244385, -0.8409507870674133, -0.8313189148902893, -0.870307981967926, -0.8495802879333496, -0.8482569456100464, -0.8998144268989563, -0.854825496673584, -0.8828674554824829, -0.8924343585968018, -0.8964572548866272, -0.9329778552055359, -0.9414013028144836, -0.9650076627731323, -0.8684976100921631, -0.9354196190834045, -0.9650118350982666, -0.9083600044250488, -0.9688490629196167, -0.9460226893424988, -0.9272058606147766, -0.9563926458358765, -0.9604412913322449];[0.43164414167404175, 0.4412659704685211, 0.39308372139930725, 0.3676367402076721, 0.35548198223114014, 0.34691348671913147, 0.34449830651283264, 0.3774023950099945, 0.3902645707130432, 0.42614614963531494, 0.43517768383026123, 0.43839433789253235, 0.539603590965271, 0.5826928019523621, 0.5815064311027527, 0.5774970054626465, 0.6996909379959106, 0.7491506934165955, 0.6073663234710693, 0.5992258787155151, 0.4166207015514374, 0.4856397807598114, 0.6599833965301514, 0.47985532879829407, 0.5380536913871765, 0.3780038058757782, 0.5023798942565918, 0.6062452793121338, 0.5607415437698364, 0.2701457738876343];1470.7780168056488
2450;[0.7677467465400696, 0.7760592699050903, 0.7767093181610107, 0.7722956538200378, 0.7866232395172119, 0.7775565385818481, 0.7782676219940186, 0.7729721665382385, 0.776396632194519, 0.754188060760498, 0.7459454536437988, 0.7473272085189819, 0.7453024983406067, 0.7502538561820984, 0.7564394474029541, 0.7585058808326721, 0.7556732296943665, 0.7515596747398376, 0.7596727013587952, 0.7481124401092529, 0.7463369965553284, 0.7434198260307312, 0.752922773361206, 0.7506946921348572, 0.7570566534996033, 0.7691492438316345, 0.7463242411613464, 0.7532355785369873, 0.7635097503662109, 0.7583494782447815, 0.7563493847846985];[0.03293411433696747, 0.035878006368875504, 0.035925835371017456, 0.029268261045217514, 0.0363452285528183, 0.030646832659840584, 0.030814597383141518, 0.02819594368338585, 0.03074299730360508, 0.02072855271399021, 0.018443023785948753, 0.022228581830859184, 0.02142227627336979, 0.02655305527150631, 0.03091244213283062, 0.03746342286467552, 0.03860032185912132, 0.0365837998688221, 0.04085492715239525, 0.03715568780899048, 0.03156799450516701, 0.026185963302850723, 0.034512609243392944, 0.03321387246251106, 0.04225204139947891, 0.05016963928937912, 0.03460230678319931, 0.04456283524632454, 0.051638588309288025, 0.04789384827017784, 0.04639395698904991];[-0.8149830102920532, -0.8278624415397644, -0.8309704661369324, -0.8097972273826599, -0.8380133509635925, -0.8138827681541443, -0.8125398755073547, -0.8077337741851807, -0.8137285709381104, -0.7833144664764404, -0.7820292711257935, -0.7902401685714722, -0.7910459041595459, -0.8066895604133606, -0.8375927209854126, -0.8452561497688293, -0.8557549715042114, -0.8483749032020569, -0.9086140394210815, -0.8426845073699951, -0.824495792388916, -0.8113922476768494, -0.8410319089889526, -0.8260130882263184, -0.8570919036865234, -0.9361055493354797, -0.8350593447685242, -0.8707855939865112, -0.9042217135429382, -0.8762567043304443, -0.8766137361526489];[0.4213055670261383, 0.41893428564071655, 0.40222692489624023, 0.3974866271018982, 0.3843672275543213, 0.41775819659233093, 0.41141119599342346, 0.43551453948020935, 0.4078626334667206, 0.5058273673057556, 0.5169098377227783, 0.545033872127533, 0.46651434898376465, 0.45351484417915344, 0.4913509786128998, 0.5674449801445007, 0.5260905027389526, 0.4964858293533325, 0.4759533703327179, 0.4882465898990631, 0.5630468130111694, 0.486054003238678, 0.5591411590576172, 0.5245519280433655, 0.44814789295196533, 0.5156000852584839, 0.5254833102226257, 0.6019982695579529, 0.5539266467094421, 0.6179956197738647];1530.7525701522827
2500;[0.7785080671310425, 0.7902940511703491, 0.7952460646629333, 0.8047717213630676, 0.8048370480537415, 0.7896296381950378, 0.7992478013038635, 0.7919700145721436, 0.8110986351966858, 0.8009968996047974, 0.7958463430404663, 0.8066751956939697, 0.8013829588890076, 0.8052748441696167, 0.7738111019134521, 0.7743827700614929, 0.7842220664024353, 0.7679566740989685, 0.7736955285072327, 0.767835259437561, 0.7790882587432861, 0.7719591856002808, 0.7655375003814697, 0.7600305080413818, 0.7665896415710449, 0.7611829042434692, 0.7684134840965271, 0.7662481665611267, 0.7689788937568665, 0.7639811038970947, 0.7583396434783936];[0.04087982326745987, 0.05059337615966797, 0.04549279808998108, 0.052055902779102325, 0.0535779744386673, 0.04444325715303421, 0.050322115421295166, 0.045643214136362076, 0.06457242369651794, 0.061381254345178604, 0.06249959394335747, 0.07732613384723663, 0.08067310601472855, 0.08532676100730896, 0.057933975011110306, 0.058549996465444565, 0.06819779425859451, 0.053663868457078934, 0.06322496384382248, 0.055754777044057846, 0.07030995935201645, 0.06285029649734497, 0.054640330374240875, 0.050032369792461395, 0.05765435844659805, 0.0551372729241848, 0.06109665706753731, 0.05710354819893837, 0.06060337275266647, 0.056598372757434845, 0.05085226520895958];[-0.8479679822921753, -0.8830004334449768, -0.8562484979629517, -0.881401002407074, -0.8833793997764587, -0.8567432761192322, -0.8792232275009155, -0.8608331084251404, -0.9146478176116943, -0.9168502688407898, -0.9122288227081299, -0.9648855924606323, -0.9682906866073608, -1.0050430297851562, -0.9046782851219177, -0.908374011516571, -0.946353554725647, -0.8929986357688904, -0.931123673915863, -0.9288796782493591, -0.9568837881088257, -0.9369460344314575, -0.9212085008621216, -0.8986387252807617, -0.9240027070045471, -0.9023574590682983, -0.9357460141181946, -0.9227995276451111, -0.9505350589752197, -0.9157258868217468, -0.8987101316452026];[0.4366789162158966, 0.43048232793807983, 0.43410828709602356, 0.38532543182373047, 0.38416874408721924, 0.40566548705101013, 0.40856269001960754, 0.38695791363716125, 0.43131914734840393, 0.4377311170101166, 0.5428450107574463, 0.5958767533302307, 0.5952889323234558, 0.570407509803772, 0.4627072215080261, 0.47301894426345825, 0.6255243420600891, 0.6191451549530029, 0.5703802704811096, 0.5643942952156067, 0.6465795636177063, 0.3935204744338989, 0.6375066041946411, 0.44665995240211487, 0.5412617325782776, 0.31524497270584106, 0.2639144957065582, 0.36468470096588135, 0.12199925631284714, 0.1929004043340683];1537.1908881664276
2550;[0.77707839012146, 0.7671868801116943, 0.7804399132728577, 0.7929491996765137, 0.7948193550109863, 0.7884590029716492, 0.7921653389930725, 0.7933908700942993, 0.7827526926994324, 0.7799757122993469, 0.7756070494651794, 0.7729339003562927, 0.7760061621665955, 0.7687661647796631, 0.757847785949707, 0.7536024451255798, 0.7561955451965332, 0.7592511177062988, 0.7699836492538452, 0.7611386775970459, 0.7591239213943481, 0.753428041934967, 0.7504180073738098, 0.740835428237915, 0.7523694634437561, 0.7481294274330139, 0.7550981640815735, 0.7423940300941467, 0.7666850090026855, 0.7495045065879822, 0.7620246410369873];[0.03674916550517082, 0.025567589327692986, 0.033955588936805725, 0.04021507129073143, 0.043776318430900574, 0.03842572495341301, 0.0398905910551548, 0.041683778166770935, 0.0328042134642601, 0.030970895662903786, 0.031768571585416794, 0.03003685362637043, 0.043121907860040665, 0.04331592470407486, 0.03600645065307617, 0.035763151943683624, 0.03964938223361969, 0.04690747335553169, 0.057197608053684235, 0.04969152435660362, 0.047081347554922104, 0.042473334819078445, 0.039950646460056305, 0.030915191397070885, 0.04120353236794472, 0.03725520148873329, 0.04772917553782463, 0.03511284664273262, 0.05599770322442055, 0.040140148252248764, 0.0518818236887455];[-0.8327585458755493, -0.8007686734199524, -0.8203887939453125, -0.85685133934021, -0.8535436391830444, -0.8336459398269653, -0.8401709198951721, -0.8475961685180664, -0.8170171976089478, -0.8137108683586121, -0.8170633912086487, -0.8139091730117798, -0.8701159954071045, -0.8578466176986694, -0.8313192129135132, -0.8374897241592407, -0.8388360142707825, -0.876570463180542, -0.9071704745292664, -0.882419764995575, -0.8766484260559082, -0.8537184000015259, -0.8543726801872253, -0.8174962401390076, -0.8533501029014587, -0.8412445783615112, -0.8857652544975281, -0.8304594159126282, -0.8979178071022034, -0.8481453657150269, -0.9101689457893372];[0.4271676242351532, 0.41775888204574585, 0.4213775396347046, 0.4069862365722656, 0.3990902900695801, 0.37954604625701904, 0.346972793340683, 0.3903929889202118, 0.3494444787502289, 0.385774165391922, 0.39935174584388733, 0.4374755024909973, 0.5223919153213501, 0.5613058805465698, 0.5172723531723022, 0.5958086848258972, 0.5091861486434937, 0.45673686265945435, 0.5572984218597412, 0.5614989995956421, 0.6132333278656006, 0.42177122831344604, 0.6566216945648193, 0.5199108123779297, 0.7380617260932922, 0.6259217262268066, 0.3270713984966278, 0.5913864970207214, 0.5844745635986328, 0.49762022495269775];1570.5032856464386
2600;[0.7680361866950989, 0.7704522609710693, 0.7908316254615784, 0.788625955581665, 0.7900063395500183, 0.7962695956230164, 0.7941958904266357, 0.7836644649505615, 0.7928435802459717, 0.7932685017585754, 0.7977725267410278, 0.7856310606002808, 0.7894500494003296, 0.7839012742042542, 0.7817343473434448, 0.7879208922386169, 0.7878217101097107, 0.7917757630348206, 0.7782745957374573, 0.7685372829437256, 0.7846956253051758, 0.78642737865448, 0.7901681661605835, 0.785284161567688, 0.783740222454071, 0.7819710969924927, 0.7927276492118835, 0.7972621917724609, 0.8222983479499817, 0.8064752221107483, 0.8132382035255432];[0.033960726112127304, 0.028900666162371635, 0.041198424994945526, 0.038398828357458115, 0.037139154970645905, 0.04259035363793373, 0.040153320878744125, 0.03835035488009453, 0.05052722245454788, 0.04875971004366875, 0.05664592981338501, 0.0516689233481884, 0.055867355316877365, 0.052538927644491196, 0.05250914767384529, 0.060575079172849655, 0.06387250870466232, 0.069999098777771, 0.05900934711098671, 0.055430080741643906, 0.0680023804306984, 0.06993238627910614, 0.07523743808269501, 0.07169166207313538, 0.07305219769477844, 0.07093030959367752, 0.0822163075208664, 0.0887845903635025, 0.11366317421197891, 0.10052444785833359, 0.10462740808725357];[-0.8221240639686584, -0.8152503371238708, -0.8478915691375732, -0.8329447507858276, -0.8305763602256775, -0.8458629250526428, -0.8432192802429199, -0.8335665464401245, -0.8655527830123901, -0.863084614276886, -0.8813791275024414, -0.8712171316146851, -0.8891878128051758, -0.8784289360046387, -0.8860563039779663, -0.9066238403320312, -0.9308045506477356, -0.9545490741729736, -0.913138210773468, -0.894187331199646, -0.9508394598960876, -0.9907715320587158, -0.9794855117797852, -0.9592259526252747, -0.9606279730796814, -0.9615733027458191, -1.0171939134597778, -1.0263711214065552, -1.1210691928863525, -1.064208745956421, -1.0951136350631714];[0.43485355377197266, 0.44688880443573, 0.41099703311920166, 0.3719678223133087, 0.36161547899246216, 0.3747173249721527, 0.37411168217658997, 0.39088526368141174, 0.48850464820861816, 0.4709526002407074, 0.5422140955924988, 0.5798924565315247, 0.5424214601516724, 0.5891427993774414, 0.5825000405311584, 0.6466057896614075, 0.5324603319168091, 0.6236845254898071, 0.5835889577865601, 0.588660717010498, 0.6494699716567993, 0.449908584356308, 0.581009566783905, 0.701296329498291, 0.5004580616950989, 0.6482186317443848, 0.47266244888305664, 0.5247058868408203, 0.38182246685028076, 0.4200231432914734];1543.7764620780945
2650;[0.7740353941917419, 0.7717918753623962, 0.7775053977966309, 0.7722139954566956, 0.7732665538787842, 0.774265706539154, 0.7707284092903137, 0.7724931240081787, 0.7747365236282349, 0.7692187428474426, 0.762410581111908, 0.7702001333236694, 0.7662826776504517, 0.7696655988693237, 0.7730140089988708, 0.7788177728652954, 0.7742791771888733, 0.783766508102417, 0.7797027230262756, 0.7782177925109863, 0.782549262046814, 0.7745408415794373, 0.7702813148498535, 0.7656682133674622, 0.772525429725647, 0.7833501100540161, 0.7564088106155396, 0.7686799168586731, 0.7980596423149109, 0.7871578931808472, 0.7827261686325073];[0.03320349007844925, 0.029503073543310165, 0.029611751437187195, 0.02417394332587719, 0.027203109115362167, 0.02533078007400036, 0.02363908477127552, 0.02970556914806366, 0.036146361380815506, 0.033560339361429214, 0.027945952489972115, 0.03821894899010658, 0.039809804409742355, 0.04862614721059799, 0.05147647112607956, 0.06214624270796776, 0.059491537511348724, 0.06822241097688675, 0.06790877878665924, 0.06509929150342941, 0.07061544060707092, 0.061826515942811966, 0.06148216128349304, 0.06010161340236664, 0.06263917684555054, 0.06972619891166687, 0.04942035302519798, 0.0598754957318306, 0.08712533861398697, 0.08074314892292023, 0.07325518131256104];[-0.8250634670257568, -0.8095753192901611, -0.8098533749580383, -0.8015357255935669, -0.8048927187919617, -0.7997685670852661, -0.7982940077781677, -0.8148824572563171, -0.8446068167686462, -0.8462404012680054, -0.8107547760009766, -0.8411287665367126, -0.8426150679588318, -0.8760250806808472, -0.8846830725669861, -0.9182900190353394, -0.9228001236915588, -0.947614848613739, -0.9617791771888733, -0.9338516592979431, -0.968098521232605, -0.9326699376106262, -0.9312088489532471, -0.918664813041687, -0.9363869428634644, -1.0008256435394287, -0.8834207653999329, -0.940237820148468, -1.077485203742981, -0.9984655976295471, -1.0001447200775146];[0.43896475434303284, 0.3933585584163666, 0.39523592591285706, 0.39162713289260864, 0.3871387243270874, 0.3630911409854889, 0.3529362678527832, 0.424007773399353, 0.4343775510787964, 0.44456425309181213, 0.503518283367157, 0.5732663869857788, 0.6523868441581726, 0.5133779048919678, 0.563983142375946, 0.6045688986778259, 0.5837677717208862, 0.4720332622528076, 0.46770161390304565, 0.6511952877044678, 0.5374346971511841, 0.6299931406974792, 0.5526979565620422, 0.5999535918235779, 0.5642172694206238, 0.40763020515441895, 0.5225799083709717, 0.34834355115890503, 0.23712526261806488, 0.3043849468231201];1563.7447378635406
2700;[0.7685233950614929, 0.7839905619621277, 0.789281964302063, 0.7973762154579163, 0.7884190678596497, 0.7933275103569031, 0.7897343039512634, 0.7998980283737183, 0.8106291890144348, 0.7995434999465942, 0.8019603490829468, 0.7900096774101257, 0.8011277318000793, 0.7961109280586243, 0.79621821641922, 0.7988229393959045, 0.8012315630912781, 0.7714540958404541, 0.7774479389190674, 0.7722458243370056, 0.7887620329856873, 0.7857530117034912, 0.7886600494384766, 0.7901845574378967, 0.7939869165420532, 0.7905188798904419, 0.7979527711868286, 0.7939030528068542, 0.7923128604888916, 0.7846240997314453, 0.7767282724380493];[0.03286826238036156, 0.03532812371850014, 0.033407941460609436, 0.04126545786857605, 0.03645887225866318, 0.03868165239691734, 0.03496626019477844, 0.04241921752691269, 0.05528350919485092, 0.04832828789949417, 0.05354834347963333, 0.04214993119239807, 0.05592597275972366, 0.05189015716314316, 0.06018507853150368, 0.06819618493318558, 0.0744333267211914, 0.049839310348033905, 0.06116330996155739, 0.05745881795883179, 0.07570482045412064, 0.07663888484239578, 0.07985023409128189, 0.07958091050386429, 0.08465804159641266, 0.0822814404964447, 0.09072110801935196, 0.08732490986585617, 0.08560523390769958, 0.07711640000343323, 0.06754019111394882];[-0.8173689842224121, -0.8268713355064392, -0.8201789259910583, -0.8439898490905762, -0.8354055881500244, -0.8313766717910767, -0.8273288607597351, -0.8520128726959229, -0.8918823599815369, -0.868973433971405, -0.8968496322631836, -0.867578387260437, -0.9023118019104004, -0.8965418338775635, -0.9057654142379761, -0.9454686641693115, -0.9539505839347839, -0.8735879063606262, -0.9107202291488647, -0.9023429155349731, -0.9682414531707764, -0.9712605476379395, -0.9819260239601135, -0.987542986869812, -1.0058600902557373, -1.0000659227371216, -1.0243510007858276, -1.0228291749954224, -1.0059289932250977, -0.9830292463302612, -0.9883955717086792];[0.42999887466430664, 0.46108341217041016, 0.3466546833515167, 0.3904710114002228, 0.36656785011291504, 0.33962172269821167, 0.35434243083000183, 0.3460707664489746, 0.38883376121520996, 0.40624740719795227, 0.37092462182044983, 0.43152040243148804, 0.42843109369277954, 0.44896751642227173, 0.6659013628959656, 0.530164361000061, 0.4653344750404358, 0.47117742896080017, 0.503915548324585, 0.5354785919189453, 0.5639004111289978, 0.39522290229797363, 0.5238147377967834, 0.37896671891212463, 0.3792684078216553, 0.47618725895881653, 0.37001338601112366, 0.423918217420578, 0.5777389407157898, 0.6197993159294128];1537.6186184883118
2750;[0.7686010599136353, 0.7721278071403503, 0.7864832282066345, 0.796417236328125, 0.794581949710846, 0.790945827960968, 0.7983422875404358, 0.7997292876243591, 0.7951281070709229, 0.8082762956619263, 0.7998406291007996, 0.8084285855293274, 0.8230801224708557, 0.824491560459137, 0.8083035945892334, 0.8096982836723328, 0.7998316287994385, 0.8086419701576233, 0.8062919974327087, 0.7913473844528198, 0.8123642802238464, 0.8067274689674377, 0.8186154365539551, 0.8284261226654053, 0.826492190361023, 0.8202993273735046, 0.830701470375061, 0.8170680999755859, 0.8130199909210205, 0.7998130917549133, 0.8250468969345093];[0.033337730914354324, 0.03648119419813156, 0.04001663997769356, 0.04064558818936348, 0.04267921671271324, 0.04359264299273491, 0.04799225553870201, 0.04918372258543968, 0.05302734300494194, 0.07209405303001404, 0.06325867772102356, 0.06908243894577026, 0.08700454980134964, 0.08893179148435593, 0.07946120947599411, 0.07972580194473267, 0.07730163633823395, 0.08652187883853912, 0.08366818726062775, 0.07482458651065826, 0.09853657335042953, 0.0937914326786995, 0.10685138404369354, 0.11519259959459305, 0.11859511584043503, 0.11623213440179825, 0.12188085913658142, 0.11227268725633621, 0.10650883615016937, 0.09642591327428818, 0.11666302382946014];[-0.8176805973052979, -0.8291711211204529, -0.8429962396621704, -0.8461611866950989, -0.8489015102386475, -0.8538636565208435, -0.8707589507102966, -0.8852812051773071, -0.8895918130874634, -0.9735326170921326, -0.9292701482772827, -0.9334971904754639, -1.0194356441497803, -1.0161086320877075, -0.9659279584884644, -0.9810899496078491, -0.9774414896965027, -1.0086971521377563, -0.9992515444755554, -0.9549660086631775, -1.0461195707321167, -1.0733762979507446, -1.0864572525024414, -1.1054050922393799, -1.1459568738937378, -1.108808159828186, -1.1315747499465942, -1.0964587926864624, -1.0789374113082886, -1.0440553426742554, -1.1986382007598877];[0.4319007694721222, 0.42971929907798767, 0.3840307593345642, 0.38930320739746094, 0.3828107416629791, 0.3677930533885956, 0.3672412037849426, 0.4071158170700073, 0.42598384618759155, 0.44687655568122864, 0.5013836622238159, 0.4865363836288452, 0.5693720579147339, 0.6268024444580078, 0.5062071084976196, 0.4510544538497925, 0.5469408631324768, 0.589684009552002, 0.5446083545684814, 0.6094433665275574, 0.5931332111358643, 0.5745210647583008, 0.5514416098594666, 0.7055538892745972, 0.6355922818183899, 0.5675657987594604, 0.5461097955703735, 0.3136231303215027, 0.4038819968700409, 0.37691909074783325];1532.7294483184814
2800;[0.7688477039337158, 0.7596763968467712, 0.7869618535041809, 0.7948997020721436, 0.8033880591392517, 0.7923451066017151, 0.7874146699905396, 0.8009182810783386, 0.7915622591972351, 0.7858934998512268, 0.7849285006523132, 0.7795246839523315, 0.7651464939117432, 0.7723541259765625, 0.7733866572380066, 0.7850211262702942, 0.7851636409759521, 0.7797915935516357, 0.779865562915802, 0.7984645962715149, 0.8079449534416199, 0.7957528233528137, 0.7969499826431274, 0.8027154207229614, 0.816964328289032, 0.8114148378372192, 0.8115505576133728, 0.8007712960243225, 0.8067603707313538, 0.809425413608551, 0.8060524463653564];[0.030676502734422684, 0.02332358807325363, 0.033874139189720154, 0.04150542616844177, 0.05082501098513603, 0.03897550329566002, 0.035647571086883545, 0.043951187282800674, 0.0437769778072834, 0.04832840710878372, 0.04573573172092438, 0.04877220839262009, 0.04125683009624481, 0.0506068617105484, 0.050275057554244995, 0.06399428844451904, 0.06556624174118042, 0.06703494489192963, 0.07030937820672989, 0.08649929612874985, 0.09799201041460037, 0.08448830246925354, 0.08882077038288116, 0.0933624655008316, 0.10825128108263016, 0.10298468917608261, 0.10467050224542618, 0.0927833765745163, 0.10015760362148285, 0.10133776813745499, 0.0984213650226593];[-0.8194093108177185, -0.7920022010803223, -0.8276926279067993, -0.8475892543792725, -0.8680643439292908, -0.8369684815406799, -0.8255454301834106, -0.8668567538261414, -0.8624197840690613, -0.8641874194145203, -0.8583174347877502, -0.8785222768783569, -0.8538478016853333, -0.8905762434005737, -0.8852946758270264, -0.9375059008598328, -0.9383108019828796, -0.9472224116325378, -0.9436900615692139, -0.9978199601173401, -1.0417838096618652, -0.9947266578674316, -1.016821026802063, -1.0493216514587402, -1.0984715223312378, -1.0696169137954712, -1.0852396488189697, -1.042038917541504, -1.0515053272247314, -1.0830498933792114, -1.0647715330123901];[0.4288221299648285, 0.45025262236595154, 0.40556734800338745, 0.3169044554233551, 0.3068137764930725, 0.31754663586616516, 0.32223251461982727, 0.35281872749328613, 0.4121961295604706, 0.5232455730438232, 0.5082754492759705, 0.6111201643943787, 0.5240200161933899, 0.43275800347328186, 0.6018726825714111, 0.550092339515686, 0.5134003162384033, 0.6045609712600708, 0.6091932058334351, 0.5079218149185181, 0.48458564281463623, 0.8252947330474854, 0.5058190226554871, 0.48350223898887634, 0.4160761833190918, 0.3014352321624756, 0.4047749638557434, 0.6113696098327637, 0.7367460131645203, 0.427456796169281];1544.4262125492096
2850;[0.7697654366493225, 0.7646759748458862, 0.7630547881126404, 0.7714225649833679, 0.7758495211601257, 0.7736400365829468, 0.7806969285011292, 0.7768265604972839, 0.7809180021286011, 0.78596431016922, 0.7804937958717346, 0.77238529920578, 0.7986865043640137, 0.782201886177063, 0.788887619972229, 0.792801022529602, 0.7915652990341187, 0.7740668058395386, 0.7688910365104675, 0.7817556858062744, 0.7751888036727905, 0.7777549028396606, 0.7782570719718933, 0.7797306776046753, 0.7719275951385498, 0.7734754681587219, 0.779003918170929, 0.78357994556427, 0.7734238505363464, 0.7748925685882568, 0.7763850688934326];[0.0327116996049881, 0.02476522885262966, 0.021342987194657326, 0.026636069640517235, 0.02928539365530014, 0.029860693961381912, 0.034140221774578094, 0.03146590664982796, 0.03615589439868927, 0.04362887516617775, 0.042814649641513824, 0.03806334733963013, 0.06243838742375374, 0.05630345642566681, 0.06413374841213226, 0.07346832007169724, 0.06409131735563278, 0.05604535713791847, 0.0556342750787735, 0.06891093403100967, 0.06227530539035797, 0.06618595868349075, 0.0687069371342659, 0.068887859582901, 0.06393487751483917, 0.0633527934551239, 0.07050850242376328, 0.07292419672012329, 0.06435481458902359, 0.06600677967071533, 0.06930313259363174];[-0.8201571106910706, -0.7965515851974487, -0.7875398993492126, -0.8030673265457153, -0.8111861944198608, -0.8131737112998962, -0.8235669136047363, -0.8173455595970154, -0.839040219783783, -0.8481929302215576, -0.8496025800704956, -0.8395695090293884, -0.9177124500274658, -0.895376443862915, -0.9408553242683411, -0.9613834023475647, -1.0051450729370117, -0.9026282429695129, -0.9030129909515381, -0.9493613243103027, -0.923710823059082, -0.9504135847091675, -0.9576480984687805, -0.9576188325881958, -0.92705899477005, -0.9732235074043274, -0.9663795828819275, -1.0003827810287476, -0.9476228356361389, -0.9575170278549194, -0.95375657081604];[0.4413687586784363, 0.4146433174610138, 0.4084782302379608, 0.41570496559143066, 0.40862804651260376, 0.40931883454322815, 0.4375497102737427, 0.42702773213386536, 0.4571840763092041, 0.4783934950828552, 0.5850977897644043, 0.5706201791763306, 0.5664129257202148, 0.6524903178215027, 0.7417900562286377, 0.6065587997436523, 0.6108646392822266, 0.6038682460784912, 0.5429691672325134, 0.5958444476127625, 0.5255229473114014, 0.5722668766975403, 0.5620834231376648, 0.44664546847343445, 0.6021841764450073, 0.444308876991272, 0.4850243628025055, 0.6294556856155396, 0.4214804172515869, 0.34876516461372375];1530.7152998447418
2900;[0.7813458442687988, 0.7726180553436279, 0.7725686430931091, 0.7762150168418884, 0.7781853079795837, 0.7776697874069214, 0.7766722440719604, 0.7665162086486816, 0.7759953737258911, 0.781150758266449, 0.7600831985473633, 0.7586870789527893, 0.7581407427787781, 0.7654883861541748, 0.7553474307060242, 0.7639523148536682, 0.7562662363052368, 0.7606242299079895, 0.7567237019538879, 0.7590100169181824, 0.7590146660804749, 0.7531558871269226, 0.753208577632904, 0.7506666779518127, 0.7525017857551575, 0.7661162614822388, 0.7707937955856323, 0.7672804594039917, 0.768311619758606, 0.7669669985771179, 0.7747094631195068];[0.040740303695201874, 0.02977796643972397, 0.024282054975628853, 0.030451873317360878, 0.034060604870319366, 0.033748965710401535, 0.03170829638838768, 0.02508794702589512, 0.027670742943882942, 0.03708643093705177, 0.027026697993278503, 0.026902729645371437, 0.027279678732156754, 0.036259930580854416, 0.030525928363204002, 0.03843599930405617, 0.03792359307408333, 0.046633340418338776, 0.04690680280327797, 0.04745693504810333, 0.049302566796541214, 0.04253402724862099, 0.043172042816877365, 0.0414230041205883, 0.044136226177215576, 0.05670241639018059, 0.060055676847696304, 0.05774110555648804, 0.060047902166843414, 0.06103624030947685, 0.06834080815315247];[-0.8474368453025818, -0.8122540712356567, -0.7962636947631836, -0.8142873048782349, -0.8216530084609985, -0.8229520916938782, -0.8186918497085571, -0.7938976883888245, -0.80738365650177, -0.8550824522972107, -0.8023413419723511, -0.8089537620544434, -0.8127749562263489, -0.8460081219673157, -0.8223645091056824, -0.8453721404075623, -0.8422147631645203, -0.8732525706291199, -0.8760215044021606, -0.8786137700080872, -0.8950937390327454, -0.8572147488594055, -0.8593257069587708, -0.8714840412139893, -0.8796285390853882, -0.9139963388442993, -0.9202218651771545, -0.9269582629203796, -0.9407153725624084, -0.9235018491744995, -0.9590223431587219];[0.45235511660575867, 0.40957239270210266, 0.39968904852867126, 0.4065369665622711, 0.3870682716369629, 0.41033607721328735, 0.4140733778476715, 0.39267241954803467, 0.43126800656318665, 0.45855721831321716, 0.5738334059715271, 0.5811864137649536, 0.600972592830658, 0.4480358362197876, 0.5098408460617065, 0.5098671317100525, 0.514443576335907, 0.5078936815261841, 0.5888757705688477, 0.5814796090126038, 0.5329545140266418, 0.49856653809547424, 0.38755086064338684, 0.6317447423934937, 0.4264851212501526, 0.4841691553592682, 0.725043535232544, 0.5363457202911377, 0.5395821332931519, 0.4733632206916809];1546.3544790744781
2950;[0.7813006639480591, 0.777916669845581, 0.7956987619400024, 0.8107433319091797, 0.8115150332450867, 0.800739049911499, 0.7969549298286438, 0.7934020757675171, 0.8003900051116943, 0.804911196231842, 0.8064285516738892, 0.8000338077545166, 0.7992054224014282, 0.8066352605819702, 0.8044148087501526, 0.8116841316223145, 0.8050252795219421, 0.7913022041320801, 0.7958059310913086, 0.7648797631263733, 0.7847462296485901, 0.7649475932121277, 0.764530599117279, 0.7679457068443298, 0.7679262757301331, 0.7748370170593262, 0.7705972790718079, 0.7714090347290039, 0.7811586856842041, 0.7913681268692017, 0.7884710431098938];[0.04249199479818344, 0.0365290492773056, 0.04673510789871216, 0.055630143731832504, 0.05872505158185959, 0.04834189638495445, 0.04503441974520683, 0.04517289996147156, 0.05766172334551811, 0.06259764730930328, 0.05744088068604469, 0.049583788961172104, 0.053963325917720795, 0.05938847362995148, 0.060301896184682846, 0.07411639392375946, 0.07193545997142792, 0.068722203373909, 0.07566045969724655, 0.04924413934350014, 0.07068616896867752, 0.0544433519244194, 0.05508914217352867, 0.055792637169361115, 0.05852777510881424, 0.06429490447044373, 0.057382192462682724, 0.06199413910508156, 0.07066285610198975, 0.08316875249147415, 0.08171947300434113];[-0.8564563393592834, -0.8289986252784729, -0.8590948581695557, -0.8856972455978394, -0.898919939994812, -0.8711935877799988, -0.8628241419792175, -0.8545145392417908, -0.9025323390960693, -0.9188342094421387, -0.8964870572090149, -0.8738752603530884, -0.8814210295677185, -0.914620041847229, -0.915852963924408, -0.9562923908233643, -0.9414925575256348, -0.9403281807899475, -0.9613258838653564, -0.8803151845932007, -0.9855520725250244, -0.9034057855606079, -0.8986324667930603, -0.9031585454940796, -0.9275727272033691, -0.9479901194572449, -0.9162896275520325, -0.9386110901832581, -0.9567126035690308, -1.0164039134979248, -1.0007779598236084];[0.4796049892902374, 0.4374680519104004, 0.3892526924610138, 0.3799315392971039, 0.3953334391117096, 0.37323084473609924, 0.39525341987609863, 0.40087375044822693, 0.43976593017578125, 0.44012948870658875, 0.42396050691604614, 0.40373489260673523, 0.40913939476013184, 0.4056680202484131, 0.4021424353122711, 0.5338827967643738, 0.603310763835907, 0.5293705463409424, 0.5607378482818604, 0.5729312896728516, 0.4336494505405426, 0.6052864193916321, 0.5290858149528503, 0.6845317482948303, 0.4710254371166229, 0.6117944121360779, 0.5766664743423462, 0.6723945736885071, 0.44747406244277954, 0.6044425964355469];1535.2972619533539
3000;[0.7795382142066956, 0.7831639647483826, 0.786621630191803, 0.8044082522392273, 0.7992393970489502, 0.8038376569747925, 0.7981191277503967, 0.7962948083877563, 0.7938351631164551, 0.7886102199554443, 0.7911779284477234, 0.804573118686676, 0.7852556109428406, 0.7758377194404602, 0.7832889556884766, 0.7782886028289795, 0.7884267568588257, 0.7955161333084106, 0.7798170447349548, 0.7920247912406921, 0.7723174691200256, 0.7728474140167236, 0.7659702301025391, 0.7671934962272644, 0.769517719745636, 0.7662220001220703, 0.7841319441795349, 0.7752977609634399, 0.7807804942131042, 0.7927066087722778, 0.7945196032524109];[0.038465727120637894, 0.03548866882920265, 0.038135360926389694, 0.05301353335380554, 0.052171144634485245, 0.053701963275671005, 0.055461566895246506, 0.04651762172579765, 0.04484302178025246, 0.04488123953342438, 0.05195549875497818, 0.06591271609067917, 0.05556756630539894, 0.04599526524543762, 0.052033405750989914, 0.04807695746421814, 0.06004508584737778, 0.07096493244171143, 0.05462987720966339, 0.06505101174116135, 0.04512925073504448, 0.045563384890556335, 0.04549559950828552, 0.04768587648868561, 0.04817713797092438, 0.046185947954654694, 0.07397296279668808, 0.06642541289329529, 0.06952650099992752, 0.08402138203382492, 0.08806106448173523];[-0.8446155786514282, -0.8402973413467407, -0.8354707360267639, -0.8878753185272217, -0.8674458861351013, -0.8822213411331177, -0.8850628137588501, -0.8608236312866211, -0.8526718020439148, -0.8565869331359863, -0.8871180415153503, -0.972938597202301, -0.8928795456886292, -0.8647608757019043, -0.8840937614440918, -0.8657907247543335, -0.9118671417236328, -0.9554388523101807, -0.8860787749290466, -0.9516255855560303, -0.8632499575614929, -0.8690077066421509, -0.8587630391120911, -0.873396635055542, -0.8811865448951721, -0.8655087351799011, -0.9623559713363647, -0.9359784126281738, -0.9786636233329773, -1.0052231550216675, -1.022775650024414];[0.4387519955635071, 0.3895895779132843, 0.40655550360679626, 0.39951178431510925, 0.375805139541626, 0.4259144961833954, 0.4806835353374481, 0.42179393768310547, 0.4486015737056732, 0.5180115699768066, 0.5525127053260803, 0.46258094906806946, 0.5429805517196655, 0.5795952677726746, 0.36586594581604004, 0.4142819941043854, 0.3929747939109802, 0.4729183614253998, 0.38570845127105713, 0.37903544306755066, 0.40715813636779785, 0.41653409600257874, 0.49546748399734497, 0.5063895583152771, 0.5668016672134399, 0.6031367182731628, 0.6678392291069031, 0.543169379234314, 0.4951961040496826, 0.4906783103942871];1534.489408493042
3050;[0.771178126335144, 0.76551353931427, 0.7735657691955566, 0.7755208015441895, 0.7731775045394897, 0.7713938355445862, 0.7777486443519592, 0.7732939124107361, 0.7757915258407593, 0.7839474081993103, 0.7795450687408447, 0.7661524415016174, 0.7547623515129089, 0.7561414837837219, 0.764379620552063, 0.7535027861595154, 0.7658440470695496, 0.7634783387184143, 0.7644662261009216, 0.7582513093948364, 0.7585216760635376, 0.770500659942627, 0.7664705514907837, 0.7755684852600098, 0.7845715880393982, 0.7556572556495667, 0.7634121775627136, 0.7687385678291321, 0.7758806347846985, 0.7772261500358582, 0.7657195925712585];[0.0329926535487175, 0.026269935071468353, 0.03318994492292404, 0.031199313700199127, 0.029688110575079918, 0.026495078578591347, 0.028104595839977264, 0.02336735837161541, 0.023794926702976227, 0.029671382158994675, 0.031265441328287125, 0.024480100721120834, 0.01944202184677124, 0.023812979459762573, 0.029593363404273987, 0.03046003170311451, 0.04367956146597862, 0.044153593480587006, 0.05059291049838066, 0.04549158364534378, 0.04757535830140114, 0.05751253291964531, 0.055591512471437454, 0.06470751762390137, 0.07245271652936935, 0.04781700298190117, 0.05632505565881729, 0.06006178632378578, 0.06657597422599792, 0.06602165102958679, 0.059609055519104004];[-0.82136070728302, -0.8027170300483704, -0.8203902840614319, -0.8111312985420227, -0.8108866810798645, -0.8080331683158875, -0.806125819683075, -0.7940928339958191, -0.7948963642120361, -0.8105273246765137, -0.8142450451850891, -0.7966386675834656, -0.7847720980644226, -0.7974254488945007, -0.8130211234092712, -0.8150983452796936, -0.8844281435012817, -0.8626315593719482, -0.9125580787658691, -0.8664467334747314, -0.8685737252235413, -0.9186432957649231, -0.9034067392349243, -0.9496277570724487, -0.9876818060874939, -0.8747406601905823, -0.9028300642967224, -0.91045743227005, -0.9594106674194336, -0.9494855403900146, -0.9308145642280579];[0.43015068769454956, 0.4111391007900238, 0.4051755368709564, 0.40998026728630066, 0.42372041940689087, 0.419460266828537, 0.4026890695095062, 0.4035760760307312, 0.3809381425380707, 0.3513239324092865, 0.44943931698799133, 0.5108983516693115, 0.5824620723724365, 0.5063672065734863, 0.6361492872238159, 0.5436766743659973, 0.6257271766662598, 0.6319169402122498, 0.621990442276001, 0.5158864259719849, 0.6384097933769226, 0.6121431589126587, 0.4342750608921051, 0.5052205324172974, 0.5966187715530396, 0.5530046820640564, 0.39242124557495117, 0.7662181854248047, 0.5752651691436768, 0.3969546854496002];1552.711127281189
3100;[0.7692521810531616, 0.7803194522857666, 0.8011333346366882, 0.8178455829620361, 0.8183795213699341, 0.8230709433555603, 0.8219529986381531, 0.8263464570045471, 0.8303967118263245, 0.8287374973297119, 0.8152416944503784, 0.8316016793251038, 0.8292335271835327, 0.8378263711929321, 0.8401610255241394, 0.8226629495620728, 0.8245563507080078, 0.8247872591018677, 0.8105472922325134, 0.8093619346618652, 0.8193564414978027, 0.8280511498451233, 0.8172927498817444, 0.8060944080352783, 0.7977190613746643, 0.8083831667900085, 0.8101705312728882, 0.8042411208152771, 0.8264787793159485, 0.8035804033279419, 0.8112491965293884];[0.0324285514652729, 0.038655925542116165, 0.056895364075899124, 0.07155099511146545, 0.06760089844465256, 0.06814251095056534, 0.07327325642108917, 0.08174363523721695, 0.0864395871758461, 0.08975089341402054, 0.07469096034765244, 0.08952174335718155, 0.08801057934761047, 0.1026124656200409, 0.11182470619678497, 0.09061846882104874, 0.09352415055036545, 0.09800192713737488, 0.08912654966115952, 0.08790553361177444, 0.10112372040748596, 0.10949686914682388, 0.10278723388910294, 0.096296526491642, 0.08539628237485886, 0.09538063406944275, 0.0984826534986496, 0.09501514583826065, 0.11801560968160629, 0.09916184097528458, 0.10760147124528885];[-0.8188472390174866, -0.8350240588188171, -0.8955745697021484, -0.9393677711486816, -0.9364635348320007, -0.9379924535751343, -0.9423710703849792, -0.980292558670044, -0.9959947466850281, -1.0247924327850342, -0.9573712348937988, -1.0240360498428345, -1.0095187425613403, -1.0850318670272827, -1.1069670915603638, -1.0208070278167725, -1.0404200553894043, -1.0555932521820068, -1.0177910327911377, -1.0055122375488281, -1.0598726272583008, -1.1516309976577759, -1.072788953781128, -1.0458061695098877, -1.0103265047073364, -1.0546516180038452, -1.0806362628936768, -1.0669503211975098, -1.1674823760986328, -1.0586071014404297, -1.0771535634994507];[0.4495922327041626, 0.4120398461818695, 0.4449608325958252, 0.3900587856769562, 0.3917008936405182, 0.3682524561882019, 0.3540321886539459, 0.3497771620750427, 0.3524978458881378, 0.4098927676677704, 0.40818825364112854, 0.3581196665763855, 0.3628554940223694, 0.40291014313697815, 0.42343437671661377, 0.4358442723751068, 0.4044111669063568, 0.43857142329216003, 0.48304054141044617, 0.4606079161167145, 0.4829227030277252, 0.5268158912658691, 0.5463557243347168, 0.5551021695137024, 0.524214506149292, 0.5923629999160767, 0.6440674662590027, 0.33109721541404724, 0.3310834765434265, 0.22995033860206604];1530.8690016269684
3150;[0.7777324914932251, 0.7829353213310242, 0.8001611232757568, 0.8090060353279114, 0.8309757709503174, 0.8312703371047974, 0.8178462982177734, 0.8189565539360046, 0.817275881767273, 0.8064513206481934, 0.795608639717102, 0.7942731976509094, 0.8137189149856567, 0.7949872612953186, 0.7869459390640259, 0.7829564809799194, 0.7694665789604187, 0.7684871554374695, 0.7718856930732727, 0.771918535232544, 0.7735685706138611, 0.7593130469322205, 0.7628623247146606, 0.7604274749755859, 0.7761138677597046, 0.7652691602706909, 0.7828502655029297, 0.7768199443817139, 0.785019040107727, 0.7931944727897644, 0.8033029437065125];[0.03830850496888161, 0.035939864814281464, 0.03968503698706627, 0.05489226430654526, 0.08035077154636383, 0.08276178687810898, 0.06827029585838318, 0.06630348414182663, 0.059869300574064255, 0.053158730268478394, 0.04179687798023224, 0.04442918673157692, 0.06204436346888542, 0.04710065573453903, 0.04388216510415077, 0.04456522315740585, 0.04023817926645279, 0.043427225202322006, 0.04591744393110275, 0.05074123293161392, 0.05141294747591019, 0.03934706002473831, 0.04949887469410896, 0.045396286994218826, 0.06319677084684372, 0.054606400430202484, 0.07453605532646179, 0.06740868836641312, 0.07457509636878967, 0.08409480005502701, 0.09639224410057068];[-0.836405873298645, -0.8298280835151672, -0.8385391235351562, -0.8801900148391724, -0.9485905170440674, -0.9586678743362427, -0.9258021116256714, -0.9221292734146118, -0.907369077205658, -0.8741598725318909, -0.8477987051010132, -0.8581942915916443, -0.9068246483802795, -0.8596330285072327, -0.8512908816337585, -0.8698461651802063, -0.8669992089271545, -0.8636512160301208, -0.8780184984207153, -0.8886703252792358, -0.8899716734886169, -0.852697491645813, -0.8980907201766968, -0.8892818689346313, -0.9384148120880127, -0.9110301733016968, -0.9943258166313171, -0.9457194209098816, -0.9921479821205139, -0.9958946704864502, -1.0603729486465454];[0.4473910629749298, 0.37560907006263733, 0.3313162624835968, 0.26733461022377014, 0.22928176820278168, 0.22739095985889435, 0.23513399064540863, 0.25212424993515015, 0.274771124124527, 0.2918732762336731, 0.3154090940952301, 0.3532710373401642, 0.3858041763305664, 0.4355131983757019, 0.5038832426071167, 0.6008073687553406, 0.6249114274978638, 0.5762648582458496, 0.5944501757621765, 0.5764564871788025, 0.6013184785842896, 0.6278976798057556, 0.6817989945411682, 0.5858957767486572, 0.6212539076805115, 0.5872185230255127, 0.4170876443386078, 0.6093245148658752, 0.6629416942596436, 0.6924133896827698];1534.233077287674
3200;[0.7738699316978455, 0.7820338606834412, 0.7726324796676636, 0.7782507538795471, 0.7798313498497009, 0.7707394361495972, 0.7765896320343018, 0.7714318633079529, 0.7998917102813721, 0.7768047451972961, 0.7802192568778992, 0.7737010717391968, 0.7546467185020447, 0.748005211353302, 0.7578568458557129, 0.7490038275718689, 0.7636435627937317, 0.763863742351532, 0.7678950428962708, 0.7657852172851562, 0.7512199282646179, 0.7560597658157349, 0.7463600039482117, 0.7505192160606384, 0.7395575046539307, 0.7508262395858765, 0.758039653301239, 0.7640718221664429, 0.7484735250473022, 0.7458611130714417, 0.7534841895103455];[0.03582867607474327, 0.03911146521568298, 0.02652657777070999, 0.03264170140028, 0.031838078051805496, 0.026376444846391678, 0.029158659279346466, 0.02881373092532158, 0.05182814970612526, 0.0350300632417202, 0.03656095638871193, 0.042261604219675064, 0.029008308425545692, 0.0247076116502285, 0.03342195972800255, 0.027111781761050224, 0.04190677031874657, 0.04380262643098831, 0.04608244448900223, 0.04427473992109299, 0.037402112036943436, 0.037162330001592636, 0.03147237375378609, 0.03759491816163063, 0.028927646577358246, 0.043212052434682846, 0.05006629228591919, 0.05206364765763283, 0.03769015148282051, 0.04069799184799194, 0.04783225432038307];[-0.8303912878036499, -0.841089129447937, -0.8045421242713928, -0.8178972005844116, -0.8192163109779358, -0.8064034581184387, -0.8103530406951904, -0.8068273067474365, -0.8865174651145935, -0.8291005492210388, -0.8362922072410583, -0.8499442934989929, -0.8090258836746216, -0.7988500595092773, -0.8301569819450378, -0.8054302334785461, -0.8652957081794739, -0.8620204925537109, -0.8961712121963501, -0.889525830745697, -0.8363803029060364, -0.8364486694335938, -0.8255110383033752, -0.8440967798233032, -0.8113941550254822, -0.8574541211128235, -0.8861406445503235, -0.9016439914703369, -0.8487681150436401, -0.8541746735572815, -0.886239230632782];[0.4328795373439789, 0.41422519087791443, 0.4117295444011688, 0.4112255871295929, 0.39479300379753113, 0.38975989818573, 0.4171508848667145, 0.4355272054672241, 0.455321341753006, 0.5257019400596619, 0.5449337959289551, 0.5546751618385315, 0.5703760385513306, 0.4460758864879608, 0.46433261036872864, 0.556364893913269, 0.514904260635376, 0.4995730519294739, 0.44442105293273926, 0.4544447660446167, 0.5000028610229492, 0.43458008766174316, 0.4610365331172943, 0.579810619354248, 0.5452501177787781, 0.5916776657104492, 0.4265018105506897, 0.6698521375656128, 0.5694208741188049, 0.5246432423591614];1543.3269271850586
3250;[0.7686925530433655, 0.7825536131858826, 0.7851731777191162, 0.7867732048034668, 0.791318953037262, 0.7780375480651855, 0.7906787991523743, 0.7967970371246338, 0.7876928448677063, 0.7870202660560608, 0.7910998463630676, 0.7883005142211914, 0.7919158339500427, 0.7849971652030945, 0.7700546979904175, 0.766028642654419, 0.7751680612564087, 0.779572606086731, 0.7708241939544678, 0.778194785118103, 0.7889626622200012, 0.7821859121322632, 0.7770074009895325, 0.7807055711746216, 0.795943558216095, 0.7826212644577026, 0.7841281890869141, 0.7863722443580627, 0.7767832279205322, 0.7854667901992798, 0.7855704426765442];[0.032502178102731705, 0.03379514440894127, 0.03496941551566124, 0.035497236996889114, 0.041062936186790466, 0.031585942953825, 0.042760010808706284, 0.05515813082456589, 0.05113872140645981, 0.05291970074176788, 0.05714648962020874, 0.053120046854019165, 0.06064711883664131, 0.05412372201681137, 0.042094238102436066, 0.040314555168151855, 0.04642966017127037, 0.05045407637953758, 0.04998888075351715, 0.060301072895526886, 0.07449232041835785, 0.07153090834617615, 0.06749492138624191, 0.07224205136299133, 0.08749055117368698, 0.0727730393409729, 0.07375627011060715, 0.07686939835548401, 0.06982164084911346, 0.07884431630373001, 0.07894104719161987];[-0.8183684349060059, -0.8230763077735901, -0.8260179162025452, -0.8264833688735962, -0.8462040424346924, -0.814635157585144, -0.8542521595954895, -0.8984335660934448, -0.8843173384666443, -0.880749523639679, -0.889086127281189, -0.8822396993637085, -0.9135485291481018, -0.8906988501548767, -0.8513161540031433, -0.8484187126159668, -0.8776658177375793, -0.8922566175460815, -0.8730216026306152, -0.9332133531570435, -0.9628235101699829, -0.9601406455039978, -0.9447524547576904, -0.9594115018844604, -1.023827075958252, -0.9654848575592041, -1.0168049335479736, -0.9823605418205261, -0.9501091837882996, -0.9927431344985962, -0.9882326126098633];[0.4458284080028534, 0.4022313356399536, 0.39071038365364075, 0.37606900930404663, 0.4018690288066864, 0.43140649795532227, 0.42640170454978943, 0.5312212109565735, 0.43758243322372437, 0.5347548723220825, 0.6027153134346008, 0.5813098549842834, 0.6989328265190125, 0.4112953543663025, 0.36339858174324036, 0.416462242603302, 0.40144506096839905, 0.5560153722763062, 0.4893121123313904, 0.6062518954277039, 0.6327866315841675, 0.5226619839668274, 0.6420970559120178, 0.3819020092487335, 0.45538797974586487, 0.4855351150035858, 0.386194109916687, 0.5636070370674133, 0.32554665207862854, 0.36276954412460327];1542.5632963180542
3300;[0.7795279026031494, 0.7705240845680237, 0.7746796607971191, 0.7690841555595398, 0.7733330726623535, 0.7891594171524048, 0.7797412872314453, 0.7878685593605042, 0.769291877746582, 0.7668311595916748, 0.7578076124191284, 0.7586960196495056, 0.7545803189277649, 0.7572383880615234, 0.7520439028739929, 0.7429302930831909, 0.7446717023849487, 0.7535561919212341, 0.7463954091072083, 0.751002311706543, 0.7438101172447205, 0.7515067458152771, 0.7462967038154602, 0.7495363354682922, 0.7517161965370178, 0.7565141916275024, 0.7512720227241516, 0.7528791427612305, 0.7527229189872742, 0.7542968988418579, 0.7633237838745117];[0.04072694480419159, 0.0314207598567009, 0.033021487295627594, 0.03075386956334114, 0.03371834009885788, 0.04180128499865532, 0.03748408332467079, 0.04451442137360573, 0.03685913234949112, 0.03919195756316185, 0.03411601483821869, 0.037091922014951706, 0.03706737980246544, 0.037175774574279785, 0.03536990284919739, 0.03136637806892395, 0.035228706896305084, 0.0424443818628788, 0.037728581577539444, 0.04086289927363396, 0.034773603081703186, 0.041874583810567856, 0.03874176740646362, 0.04132189601659775, 0.04479233920574188, 0.04863157495856285, 0.044030409306287766, 0.0465221144258976, 0.04537868872284889, 0.04688890278339386, 0.05483837053179741];[-0.8439280986785889, -0.8147949576377869, -0.8266125321388245, -0.8169252276420593, -0.8210473656654358, -0.8526453375816345, -0.835263192653656, -0.8576844930648804, -0.833799421787262, -0.8424108624458313, -0.8223495483398438, -0.8404139876365662, -0.838845431804657, -0.8377522826194763, -0.8339906930923462, -0.8232570290565491, -0.834740400314331, -0.8583897352218628, -0.8440857529640198, -0.8559588193893433, -0.8374753594398499, -0.8567949533462524, -0.8434097766876221, -0.8677969574928284, -0.8720209002494812, -0.8834263682365417, -0.8749114871025085, -0.874021053314209, -0.8756691813468933, -0.8726131319999695, -0.9111986756324768];[0.4417845606803894, 0.4264526963233948, 0.43000346422195435, 0.4394221603870392, 0.4376128315925598, 0.4216992259025574, 0.4349461793899536, 0.4269256889820099, 0.4651378393173218, 0.545057475566864, 0.5960630774497986, 0.5633213520050049, 0.5601242184638977, 0.573943555355072, 0.6101709604263306, 0.5015475749969482, 0.4523943364620209, 0.5727686882019043, 0.5415602326393127, 0.46466463804244995, 0.44102466106414795, 0.2819920480251312, 0.17800135910511017, 0.3160594701766968, 0.25244200229644775, 0.37408074736595154, 0.3247934579849243, 0.21832332015037537, 0.21646064519882202, 0.24116462469100952];1519.9528849124908
3350;[0.7736531496047974, 0.7842591404914856, 0.8021540641784668, 0.8221352100372314, 0.8160440325737, 0.8145455121994019, 0.8311503529548645, 0.8503061532974243, 0.8528084754943848, 0.8498911261558533, 0.8416257500648499, 0.8474099040031433, 0.8546164631843567, 0.8413865566253662, 0.8415979743003845, 0.8409001231193542, 0.8398973345756531, 0.8331502676010132, 0.8381676077842712, 0.8335136771202087, 0.8562595248222351, 0.846494197845459, 0.8513139486312866, 0.8398372530937195, 0.83213871717453, 0.8334023952484131, 0.8417163491249084, 0.848381757736206, 0.839820146560669, 0.8398537635803223, 0.8310800790786743];[0.037911467254161835, 0.04034305363893509, 0.0512789823114872, 0.06471802294254303, 0.06105588376522064, 0.06415985524654388, 0.0902433916926384, 0.11350513994693756, 0.11810687184333801, 0.11992906779050827, 0.11005808413028717, 0.11516539007425308, 0.12198538333177567, 0.10735373944044113, 0.11091501265764236, 0.11140481382608414, 0.10862351953983307, 0.10574687272310257, 0.11438921838998795, 0.11383013427257538, 0.14195120334625244, 0.1372220516204834, 0.14438499510288239, 0.1331847608089447, 0.12596654891967773, 0.12712305784225464, 0.13639841973781586, 0.14272867143154144, 0.1336066871881485, 0.13570035994052887, 0.12886139750480652];[-0.8339468240737915, -0.8425670266151428, -0.8706313371658325, -0.9123911261558533, -0.9079772233963013, -0.9117382764816284, -0.9957382678985596, -1.078252911567688, -1.096134066581726, -1.1012952327728271, -1.0682753324508667, -1.1185637712478638, -1.1410969495773315, -1.0587180852890015, -1.0623395442962646, -1.0675134658813477, -1.0867305994033813, -1.0778242349624634, -1.100395917892456, -1.1031140089035034, -1.254045844078064, -1.2096033096313477, -1.2327814102172852, -1.1900644302368164, -1.162920355796814, -1.1723884344100952, -1.2278188467025757, -1.2425501346588135, -1.2255972623825073, -1.1910473108291626, -1.161383032798767];[0.44235292077064514, 0.41870996356010437, 0.39766019582748413, 0.3956056237220764, 0.33274441957473755, 0.2687426209449768, 0.20437902212142944, 0.1894543468952179, 0.19045418500900269, 0.19396084547042847, 0.19826674461364746, 0.18352875113487244, 0.18900088965892792, 0.19188237190246582, 0.20977890491485596, 0.21940353512763977, 0.23666362464427948, 0.3619246482849121, 0.40167784690856934, 0.38678038120269775, 0.33762305974960327, 0.20308902859687805, 0.13588397204875946, 0.15372146666049957, 0.11951512098312378, 0.10707119107246399, 0.09894796460866928, 0.09013327956199646, 0.08784976601600647, 0.07996164262294769];1514.6036229133606
3400;[0.7642442584037781, 0.7720897197723389, 0.7791229486465454, 0.7784323692321777, 0.7815835475921631, 0.7790424823760986, 0.7723585367202759, 0.7870323061943054, 0.7843170762062073, 0.7880476713180542, 0.7910531163215637, 0.7712312936782837, 0.7829791903495789, 0.7725494503974915, 0.7629506587982178, 0.7646081447601318, 0.7710920572280884, 0.7529198527336121, 0.7586701512336731, 0.749690055847168, 0.7584218382835388, 0.7632123231887817, 0.7504151463508606, 0.7588721513748169, 0.7536625862121582, 0.7424736618995667, 0.7542400360107422, 0.7532702684402466, 0.7507524490356445, 0.7368477582931519, 0.7449262142181396];[0.028251400217413902, 0.028836185112595558, 0.028446320444345474, 0.02666907012462616, 0.028111513704061508, 0.029050812125205994, 0.02334580570459366, 0.03603936731815338, 0.035625945776700974, 0.04208170250058174, 0.04315314441919327, 0.03510309383273125, 0.046194594353437424, 0.04308151826262474, 0.034658610820770264, 0.03880878910422325, 0.048902783542871475, 0.03760634362697601, 0.041383884847164154, 0.03660411387681961, 0.045227911323308945, 0.050427503883838654, 0.04189512878656387, 0.04980289191007614, 0.044677313417196274, 0.033758435398340225, 0.04438312351703644, 0.0401795357465744, 0.04259486123919487, 0.02942737750709057, 0.03684840351343155];[-0.8074080348014832, -0.809323251247406, -0.8116344213485718, -0.8064748644828796, -0.8081272840499878, -0.8063606023788452, -0.7909263968467712, -0.8251743316650391, -0.8270166516304016, -0.8427080512046814, -0.8486751317977905, -0.8250005841255188, -0.8653575778007507, -0.8552212119102478, -0.8312572836875916, -0.8386697173118591, -0.8703368306159973, -0.8395294547080994, -0.8602315187454224, -0.8368102312088013, -0.880169689655304, -0.9087198376655579, -0.8496609330177307, -0.8935775756835938, -0.8711240291595459, -0.8303613066673279, -0.8702796697616577, -0.8646572232246399, -0.873041570186615, -0.8114412426948547, -0.8437376618385315];[0.42780932784080505, 0.41661641001701355, 0.395793080329895, 0.34319084882736206, 0.35658127069473267, 0.3434543311595917, 0.33401575684547424, 0.3325556218624115, 0.37438517808914185, 0.41920706629753113, 0.40661323070526123, 0.4749581515789032, 0.6019001007080078, 0.5023448467254639, 0.45055678486824036, 0.45755240321159363, 0.5706000328063965, 0.5830481648445129, 0.6416243314743042, 0.6238555908203125, 0.4038969874382019, 0.750227689743042, 0.39272618293762207, 0.37739866971969604, 0.34825220704078674, 0.3430871069431305, 0.26033395528793335, 0.5337156057357788, 0.27971693873405457, 0.35086631774902344];1501.0717642307281
3450;[0.7701950073242188, 0.7691996097564697, 0.7834966778755188, 0.7872163653373718, 0.7896608710289001, 0.7979560494422913, 0.8155938386917114, 0.8125258088111877, 0.8208123445510864, 0.8208436369895935, 0.819471538066864, 0.8120726943016052, 0.8122580647468567, 0.8078005313873291, 0.7993746399879456, 0.799429714679718, 0.7991231083869934, 0.7941564321517944, 0.8027772903442383, 0.7983670830726624, 0.8002454042434692, 0.7898939847946167, 0.7972158789634705, 0.7833753824234009, 0.7751480937004089, 0.7689448595046997, 0.7592376470565796, 0.7492805123329163, 0.7671605348587036, 0.7645335793495178, 0.7623112797737122];[0.03263486549258232, 0.03019740991294384, 0.03907070308923721, 0.03853676840662956, 0.04203082621097565, 0.05208229273557663, 0.07052961736917496, 0.06483031064271927, 0.07565411180257797, 0.07331825792789459, 0.06880402565002441, 0.06085290014743805, 0.06105396896600723, 0.05903462693095207, 0.0576554536819458, 0.059375569224357605, 0.060528092086315155, 0.06148751080036163, 0.06497351080179214, 0.07038616389036179, 0.07616323232650757, 0.07247533649206161, 0.07815916836261749, 0.07530605792999268, 0.06394585967063904, 0.05548543483018875, 0.05017423629760742, 0.04016002640128136, 0.05751032754778862, 0.05637664347887039, 0.0562562495470047];[-0.8212994337081909, -0.8116538524627686, -0.839040994644165, -0.8320785164833069, -0.8440308570861816, -0.8797013759613037, -0.926053524017334, -0.9312218427658081, -0.9489980340003967, -0.9396668672561646, -0.927169144153595, -0.9045456051826477, -0.8968667984008789, -0.8938602805137634, -0.9154067039489746, -0.9062222242355347, -0.9047172665596008, -0.912276566028595, -0.9229452013969421, -0.9556556344032288, -1.0185712575912476, -0.9745495319366455, -0.9922118782997131, -0.9649906158447266, -0.9221207499504089, -0.964792788028717, -0.8826305270195007, -0.8602050542831421, -0.9197455048561096, -0.9100466966629028, -0.90806645154953];[0.43856245279312134, 0.4097927212715149, 0.38920682668685913, 0.4239027798175812, 0.4125487208366394, 0.37131309509277344, 0.3663230240345001, 0.3635812997817993, 0.38325947523117065, 0.35671156644821167, 0.3469131290912628, 0.3099908232688904, 0.2893989384174347, 0.2954716682434082, 0.3913199007511139, 0.45511722564697266, 0.49246132373809814, 0.5458992719650269, 0.5808427333831787, 0.593453586101532, 0.534234881401062, 0.6336186528205872, 0.660702645778656, 0.5744184851646423, 0.5178064703941345, 0.5950377583503723, 0.5125247240066528, 0.44484925270080566, 0.4450269639492035, 0.3805401027202606];1508.3309042453766
3500;[0.7799900770187378, 0.7633106112480164, 0.7826888561248779, 0.7792076468467712, 0.7894686460494995, 0.7847882509231567, 0.7908958792686462, 0.773569643497467, 0.7657358050346375, 0.7572535872459412, 0.7527520656585693, 0.7493591904640198, 0.7565131783485413, 0.7544696927070618, 0.7370854616165161, 0.7447150349617004, 0.7357750535011292, 0.7422016263008118, 0.7463981509208679, 0.7496040463447571, 0.7613433599472046, 0.7449671030044556, 0.7480347752571106, 0.7441720962524414, 0.7606549263000488, 0.7517921328544617, 0.7581654191017151, 0.7773581147193909, 0.7603158950805664, 0.7715671062469482, 0.758009672164917];[0.03934689611196518, 0.022613750770688057, 0.03743020445108414, 0.03219771012663841, 0.04358582943677902, 0.0371655598282814, 0.04259755089879036, 0.02945079281926155, 0.028004180639982224, 0.021113555878400803, 0.021932074800133705, 0.023876024410128593, 0.030442211776971817, 0.030089139938354492, 0.0202014222741127, 0.028593797236680984, 0.022055815905332565, 0.029321691021323204, 0.03404100984334946, 0.03972933813929558, 0.051324643194675446, 0.036140166223049164, 0.04067767783999443, 0.036091431975364685, 0.054055143147706985, 0.04542061686515808, 0.05158528685569763, 0.06764403730630875, 0.05390360578894615, 0.06519125401973724, 0.05007173866033554];[-0.8416905403137207, -0.7942967414855957, -0.8446686267852783, -0.8179587721824646, -0.8537458777427673, -0.8307287096977234, -0.8488511443138123, -0.8093987107276917, -0.8052405714988708, -0.7850187420845032, -0.7896555066108704, -0.796766459941864, -0.8135489225387573, -0.8165409564971924, -0.7843067049980164, -0.813278079032898, -0.7887083292007446, -0.8117902278900146, -0.839667797088623, -0.8469061255455017, -0.8866810202598572, -0.8369603753089905, -0.8505335450172424, -0.8487314581871033, -0.9044938087463379, -0.8711227178573608, -0.8867831826210022, -0.9805649518966675, -0.899372398853302, -0.9391370415687561, -0.889336347579956];[0.43417730927467346, 0.4481295347213745, 0.42209863662719727, 0.4218452572822571, 0.38186126947402954, 0.3732885718345642, 0.35743027925491333, 0.38109302520751953, 0.46246030926704407, 0.49633076786994934, 0.5683276653289795, 0.39534780383110046, 0.43244409561157227, 0.5034415125846863, 0.5972643494606018, 0.5447002649307251, 0.5635700225830078, 0.5686225295066833, 0.5076242685317993, 0.44681644439697266, 0.5634133815765381, 0.22021231055259705, 0.3115536868572235, 0.2714448869228363, 0.14343278110027313, 0.33007898926734924, 0.14134471118450165, 0.2914387583732605, 0.4930848181247711, 0.24037817120552063];1519.4592990875244
3550;[0.7742922902107239, 0.7865975499153137, 0.7997733950614929, 0.8254358172416687, 0.825519323348999, 0.8313176035881042, 0.8400956988334656, 0.8363747596740723, 0.8481146693229675, 0.8323125243186951, 0.8402636051177979, 0.8299048542976379, 0.8356209397315979, 0.8414899706840515, 0.8333631157875061, 0.8418876528739929, 0.8432431221008301, 0.8467515110969543, 0.8218148350715637, 0.8327816128730774, 0.8352079391479492, 0.8388886451721191, 0.8382120132446289, 0.8413474559783936, 0.8362829089164734, 0.821618914604187, 0.843798041343689, 0.8366899490356445, 0.8404496908187866, 0.8346377015113831, 0.8428810238838196];[0.037251152098178864, 0.04479595646262169, 0.05695897713303566, 0.07256711274385452, 0.07272996008396149, 0.08002850413322449, 0.09175372123718262, 0.08908162266016006, 0.09999439865350723, 0.08862992376089096, 0.09936549514532089, 0.08976871520280838, 0.10032811760902405, 0.10428939014673233, 0.09996134787797928, 0.10631278902292252, 0.10340176522731781, 0.10560144484043121, 0.0835825502872467, 0.09631337225437164, 0.10517894476652145, 0.10812985152006149, 0.11425019055604935, 0.1210239976644516, 0.11335492879152298, 0.10169031471014023, 0.12944085896015167, 0.12367129325866699, 0.12894216179847717, 0.12453866004943848, 0.1332164853811264];[-0.8325448036193848, -0.8599223494529724, -0.8895543813705444, -0.9528767466545105, -0.9521187543869019, -0.9933339357376099, -1.025150179862976, -1.0044814348220825, -1.140063762664795, -1.02154541015625, -1.0499346256256104, -1.0053215026855469, -1.0506008863449097, -1.0872712135314941, -1.0554426908493042, -1.0706580877304077, -1.0726860761642456, -1.0811305046081543, -0.9753096103668213, -1.0558104515075684, -1.076504111289978, -1.0980916023254395, -1.1172144412994385, -1.1483852863311768, -1.1170158386230469, -1.0653866529464722, -1.1635558605194092, -1.1527613401412964, -1.1930879354476929, -1.169040322303772, -1.2231038808822632];[0.4354182183742523, 0.43044140934944153, 0.4270339012145996, 0.4233085811138153, 0.37811926007270813, 0.3212090730667114, 0.2909232974052429, 0.3338298201560974, 0.3361147344112396, 0.34559011459350586, 0.3165861964225769, 0.3249824643135071, 0.36379051208496094, 0.3935198187828064, 0.375338613986969, 0.34584659337997437, 0.3099671006202698, 0.3282264769077301, 0.323259174823761, 0.46341654658317566, 0.5076038837432861, 0.4724622070789337, 0.4573823809623718, 0.42589423060417175, 0.43875303864479065, 0.3690088987350464, 0.30012762546539307, 0.27380234003067017, 0.24588222801685333, 0.22427013516426086];1519.0188307762146
3600;[0.7710103392601013, 0.7705270051956177, 0.7895036339759827, 0.7907875776290894, 0.8025977611541748, 0.7893856167793274, 0.7889373898506165, 0.7948236465454102, 0.7938730716705322, 0.7887553572654724, 0.7929742336273193, 0.8009749054908752, 0.7918095588684082, 0.7857474088668823, 0.7955862879753113, 0.7974634766578674, 0.7869329452514648, 0.793333113193512, 0.8262264132499695, 0.8348931074142456, 0.8180192708969116, 0.834599494934082, 0.8257582783699036, 0.8044775724411011, 0.8073050379753113, 0.8276723027229309, 0.8132517337799072, 0.8072426319122314, 0.7759721875190735, 0.7894551753997803, 0.7847230434417725];[0.036884766072034836, 0.032304756343364716, 0.04246325418353081, 0.04250665381550789, 0.0530598983168602, 0.04099036753177643, 0.03779572248458862, 0.0444473996758461, 0.043093275278806686, 0.04078206419944763, 0.04497493803501129, 0.049517348408699036, 0.0448978990316391, 0.042974285781383514, 0.05612029880285263, 0.06672374904155731, 0.05637934431433678, 0.0717025175690651, 0.10223393887281418, 0.11278443783521652, 0.10951651632785797, 0.12092357128858566, 0.11413592100143433, 0.09224891662597656, 0.09789000451564789, 0.11406466364860535, 0.10211946070194244, 0.09787245094776154, 0.06812117993831635, 0.07998666167259216, 0.07680170238018036];[-0.8321592211723328, -0.814755916595459, -0.8510863184928894, -0.852247953414917, -0.8758902549743652, -0.8439145684242249, -0.8308191299438477, -0.8538883328437805, -0.8462921380996704, -0.8460016250610352, -0.8677331805229187, -0.875461220741272, -0.8557758331298828, -0.8541383147239685, -0.9077937006950378, -0.9785076975822449, -0.9037359356880188, -0.9516029953956604, -1.0696337223052979, -1.1131492853164673, -1.089877724647522, -1.1760178804397583, -1.1090291738510132, -1.029087781906128, -1.044292688369751, -1.137523889541626, -1.0957825183868408, -1.0796284675598145, -0.9588755965232849, -1.0013034343719482, -0.9709784984588623];[0.4404671788215637, 0.42615872621536255, 0.4150952100753784, 0.4002145528793335, 0.38839104771614075, 0.3870439827442169, 0.4090754985809326, 0.40249142050743103, 0.38765203952789307, 0.426029771566391, 0.4123021364212036, 0.47299501299858093, 0.4555147588253021, 0.5336120128631592, 0.664574921131134, 0.6025885343551636, 0.6636562347412109, 0.615143358707428, 0.6664707064628601, 0.7376518249511719, 0.5927215218544006, 0.548636794090271, 0.6008683443069458, 0.5762826204299927, 0.48359215259552, 0.5921075940132141, 0.5783264636993408, 0.658021867275238, 0.6148025989532471, 0.45927685499191284];1520.4766926765442
3650;[0.7695708274841309, 0.7821395397186279, 0.7861064076423645, 0.7996907234191895, 0.7923259139060974, 0.8052070140838623, 0.7922021150588989, 0.7962095141410828, 0.7921047210693359, 0.789724588394165, 0.7935116291046143, 0.7755812406539917, 0.7729037404060364, 0.7781063914299011, 0.7657200694084167, 0.7736120223999023, 0.767193615436554, 0.7619360685348511, 0.7618415951728821, 0.7553602457046509, 0.7759978771209717, 0.7681537866592407, 0.7763828635215759, 0.7710142731666565, 0.7778154015541077, 0.789301872253418, 0.7637456059455872, 0.7725716829299927, 0.7986430525779724, 0.7907325625419617, 0.8171765804290771];[0.033356767147779465, 0.038483940064907074, 0.04039870202541351, 0.04917435348033905, 0.04509390890598297, 0.05427803844213486, 0.042621999979019165, 0.04523807764053345, 0.04127385467290878, 0.040014974772930145, 0.047595296055078506, 0.03915243595838547, 0.03347090631723404, 0.04150484502315521, 0.037710048258304596, 0.041245508939027786, 0.039597898721694946, 0.037675000727176666, 0.04051412642002106, 0.042404305189847946, 0.0597551129758358, 0.05514109879732132, 0.060488563030958176, 0.05851137265563011, 0.06621184200048447, 0.08072016388177872, 0.05519631877541542, 0.0632912740111351, 0.08939316868782043, 0.08294731378555298, 0.10836590081453323];[-0.8181540369987488, -0.8337344527244568, -0.841214120388031, -0.882365345954895, -0.8483927845954895, -0.8812426924705505, -0.8423429131507874, -0.8515298962593079, -0.8451690673828125, -0.8399625420570374, -0.8649798035621643, -0.8439307808876038, -0.8238324522972107, -0.8517928719520569, -0.8463025093078613, -0.8569954633712769, -0.8459042906761169, -0.8522193431854248, -0.8722293972969055, -0.8564709424972534, -0.9083587527275085, -0.8946114778518677, -0.909375011920929, -0.9035906195640564, -0.9456179141998291, -0.9851668477058411, -0.9003791213035583, -0.924376904964447, -1.025728464126587, -1.0012551546096802, -1.1183706521987915];[0.43706971406936646, 0.40569913387298584, 0.4071551561355591, 0.36936941742897034, 0.36343151330947876, 0.35294395685195923, 0.32081612944602966, 0.32550153136253357, 0.3110443353652954, 0.3569585382938385, 0.39898794889450073, 0.4866304099559784, 0.5067042112350464, 0.5545187592506409, 0.5406044721603394, 0.4925910234451294, 0.6125857830047607, 0.5449697971343994, 0.5779010653495789, 0.5379194617271423, 0.45962759852409363, 0.5388919711112976, 0.6259208917617798, 0.5891366004943848, 0.49264734983444214, 0.5054134726524353, 0.44290268421173096, 0.6000993251800537, 0.5428673028945923, 0.5441949963569641];1505.1410212516785
3700;[0.7767847180366516, 0.769590437412262, 0.7667976021766663, 0.7677653431892395, 0.7725673913955688, 0.7769613862037659, 0.7724124789237976, 0.763028085231781, 0.7536313533782959, 0.7539347410202026, 0.7495550513267517, 0.7509610652923584, 0.7434817552566528, 0.7504343390464783, 0.7561512589454651, 0.7506231665611267, 0.7515509128570557, 0.7621535658836365, 0.7560150027275085, 0.741136908531189, 0.7464326620101929, 0.7482289671897888, 0.7464056611061096, 0.753112256526947, 0.7496185898780823, 0.7576888799667358, 0.7548545598983765, 0.7486000657081604, 0.7583939433097839, 0.7697816491127014, 0.7642654180526733];[0.038039159029722214, 0.026407770812511444, 0.02051074616611004, 0.020229512825608253, 0.02807728573679924, 0.03203284740447998, 0.031195588409900665, 0.031113866716623306, 0.024910373613238335, 0.02593977190554142, 0.024673128500580788, 0.025224069133400917, 0.021893808618187904, 0.027861909940838814, 0.035450149327516556, 0.033247143030166626, 0.034183159470558167, 0.047878652811050415, 0.044716864824295044, 0.03063742071390152, 0.03741087391972542, 0.04005764052271843, 0.036959316581487656, 0.04533413052558899, 0.042746830731630325, 0.048998210579156876, 0.04459673911333084, 0.0414697490632534, 0.051249124109745026, 0.062346648424863815, 0.05710117518901825];[-0.8338400721549988, -0.7978988885879517, -0.7872442007064819, -0.7871354222297668, -0.8093149065971375, -0.8230023384094238, -0.8119420409202576, -0.8151711225509644, -0.7975002527236938, -0.7978003025054932, -0.7999238967895508, -0.7994453310966492, -0.7898038625717163, -0.8096675276756287, -0.833112359046936, -0.830496072769165, -0.8299957513809204, -0.9370933175086975, -0.8738185167312622, -0.8179539442062378, -0.8382827639579773, -0.8492799997329712, -0.8461022973060608, -0.8711179494857788, -0.8633207082748413, -0.8865057826042175, -0.8586832284927368, -0.859095573425293, -0.8970545530319214, -0.9461550712585449, -0.9136644005775452];[0.4446715712547302, 0.4245355427265167, 0.37948551774024963, 0.3808477222919464, 0.3754783272743225, 0.4128420352935791, 0.43962255120277405, 0.5115336179733276, 0.5112401247024536, 0.5483527779579163, 0.4845484495162964, 0.5287099480628967, 0.536730945110321, 0.6795843839645386, 0.5653548836708069, 0.7362337708473206, 0.5510938167572021, 0.5693044662475586, 0.42140087485313416, 0.39973145723342896, 0.3671100437641144, 0.5573586225509644, 0.3935495615005493, 0.5550350546836853, 0.4038626551628113, 0.6784392595291138, 0.7766777276992798, 0.4162481427192688, 0.48991116881370544, 0.20225879549980164];1534.6436657905579
3750;[0.7779315114021301, 0.7802861332893372, 0.7767212986946106, 0.783137857913971, 0.7821962833404541, 0.7802141308784485, 0.7747824192047119, 0.7914066314697266, 0.7847415208816528, 0.7812612056732178, 0.781324028968811, 0.7768758535385132, 0.7732273936271667, 0.7698572278022766, 0.7846518158912659, 0.7767451405525208, 0.7723236083984375, 0.777155876159668, 0.7846897840499878, 0.8008661866188049, 0.7928502559661865, 0.7903501987457275, 0.7928673624992371, 0.8044405579566956, 0.8079641461372375, 0.8034318685531616, 0.7887792587280273, 0.8049415946006775, 0.8010277152061462, 0.8169378042221069, 0.8179880976676941];[0.04010831564664841, 0.03159651160240173, 0.029876355081796646, 0.03206338360905647, 0.033355992287397385, 0.030947696417570114, 0.026272354647517204, 0.0409804992377758, 0.036387186497449875, 0.031926289200782776, 0.030627921223640442, 0.030056631192564964, 0.02982877567410469, 0.03260021656751633, 0.04953094571828842, 0.05018257722258568, 0.05374714359641075, 0.06460732966661453, 0.07059330493211746, 0.0856584683060646, 0.08455891162157059, 0.0813891589641571, 0.08703010529279709, 0.09692966938018799, 0.09920678287744522, 0.09808507561683655, 0.0827546939253807, 0.10047945380210876, 0.09419270604848862, 0.11076298356056213, 0.11319107562303543];[-0.8408828377723694, -0.8179004192352295, -0.8130804896354675, -0.8186222910881042, -0.8239944577217102, -0.8173044919967651, -0.804034411907196, -0.8469586968421936, -0.8293740749359131, -0.8171976208686829, -0.8132832646369934, -0.8111841678619385, -0.8196476101875305, -0.8227162957191467, -0.8914286494255066, -0.8960671424865723, -0.8991135954856873, -0.9262137413024902, -0.949429988861084, -1.0667951107025146, -1.0011628866195679, -1.0013583898544312, -1.0148121118545532, -1.0487107038497925, -1.0921528339385986, -1.0560954809188843, -0.9865090250968933, -1.057553768157959, -1.0488275289535522, -1.1118969917297363, -1.0962642431259155];[0.433948814868927, 0.409370094537735, 0.37591859698295593, 0.3613071143627167, 0.3672023415565491, 0.38077130913734436, 0.3977702260017395, 0.43157830834388733, 0.3832192122936249, 0.3998717963695526, 0.3643869161605835, 0.34459689259529114, 0.4161018133163452, 0.4664388597011566, 0.5666141510009766, 0.57212895154953, 0.6262621283531189, 0.4953449070453644, 0.5739099383354187, 0.6304140686988831, 0.4493684470653534, 0.5459121465682983, 0.44445428252220154, 0.3797474503517151, 0.5969721674919128, 0.3074913024902344, 0.6291745901107788, 0.3943559229373932, 0.3749275505542755, 0.3960866630077362];1527.769844532013
3800;[0.7720962762832642, 0.7876762747764587, 0.8018925786018372, 0.7947826981544495, 0.8050112724304199, 0.8278289437294006, 0.8339438438415527, 0.8394849300384521, 0.8431960344314575, 0.8463212251663208, 0.8490886092185974, 0.8392114043235779, 0.8313484787940979, 0.8486994504928589, 0.8268405795097351, 0.8332179188728333, 0.8260985612869263, 0.8214925527572632, 0.8202243447303772, 0.8199624419212341, 0.8105894327163696, 0.8206261396408081, 0.806792140007019, 0.8119704127311707, 0.8147826194763184, 0.8460933566093445, 0.828935444355011, 0.8327255845069885, 0.8239266276359558, 0.82806795835495, 0.8154289126396179];[0.03428170457482338, 0.04418542981147766, 0.05112080276012421, 0.049309927970170975, 0.05566873773932457, 0.07246430218219757, 0.08005174249410629, 0.08723296970129013, 0.09333997219800949, 0.09763064235448837, 0.10330666601657867, 0.09534487873315811, 0.08737047761678696, 0.1059657409787178, 0.0903964638710022, 0.09290600568056107, 0.08808303624391556, 0.07954639941453934, 0.07730305194854736, 0.0805501714348793, 0.0742223933339119, 0.07960021495819092, 0.06765634566545486, 0.06453760713338852, 0.07828553766012192, 0.1136879026889801, 0.10246669501066208, 0.1090441420674324, 0.10256560146808624, 0.11004150658845901, 0.10220656543970108];[-0.8256890177726746, -0.8552796244621277, -0.8729604482650757, -0.8675846457481384, -0.8898401856422424, -0.9458490014076233, -0.9673908352851868, -0.9917356967926025, -1.0207945108413696, -1.0121045112609863, -1.0566986799240112, -1.026607632637024, -1.0016931295394897, -1.087092638015747, -1.0146483182907104, -1.030320405960083, -0.9901155829429626, -0.965884804725647, -0.9492565989494324, -0.9646905660629272, -0.9469965696334839, -0.9874112606048584, -0.9222497940063477, -0.9123219847679138, -0.9665477275848389, -1.1333527565002441, -1.0649787187576294, -1.099333643913269, -1.0710850954055786, -1.0924859046936035, -1.0731662511825562];[0.4305662512779236, 0.3955516517162323, 0.3788871765136719, 0.3965556025505066, 0.39328163862228394, 0.33813583850860596, 0.34528031945228577, 0.3053807020187378, 0.29847586154937744, 0.2788885235786438, 0.25911158323287964, 0.24852429330348969, 0.25992435216903687, 0.30361753702163696, 0.319732129573822, 0.2943306565284729, 0.28676190972328186, 0.29617395997047424, 0.36707574129104614, 0.34241700172424316, 0.4713442921638489, 0.45976483821868896, 0.4648231565952301, 0.4407121539115906, 0.3955814838409424, 0.4356480538845062, 0.42558613419532776, 0.48816978931427, 0.47048506140708923, 0.47662344574928284];1514.5468158721924
3850;[0.7717000842094421, 0.7989047765731812, 0.806076169013977, 0.8076497912406921, 0.8110054135322571, 0.8181275129318237, 0.7976364493370056, 0.8020501732826233, 0.8077054023742676, 0.8206632137298584, 0.8273857831954956, 0.8145136833190918, 0.7968523502349854, 0.7923382520675659, 0.7864704132080078, 0.7957085967063904, 0.776321291923523, 0.7797629833221436, 0.7716031074523926, 0.7901251316070557, 0.7862013578414917, 0.7878568172454834, 0.791218638420105, 0.8039918541908264, 0.7881392240524292, 0.7845470905303955, 0.7844123244285583, 0.7888072729110718, 0.7885281443595886, 0.7907804846763611, 0.7887204885482788];[0.035215020179748535, 0.04764244705438614, 0.05064314976334572, 0.05336417630314827, 0.05383551865816116, 0.06173093244433403, 0.045178625732660294, 0.05289589986205101, 0.05991033837199211, 0.07459619641304016, 0.08188440650701523, 0.07447352260351181, 0.06545764952898026, 0.0637567788362503, 0.0616731271147728, 0.0721236914396286, 0.055464647710323334, 0.06441599875688553, 0.06015825644135475, 0.07339728623628616, 0.07049562782049179, 0.07794711738824844, 0.07658590376377106, 0.09044550359249115, 0.0834382176399231, 0.07729010283946991, 0.07520164549350739, 0.07990401238203049, 0.08124305307865143, 0.08532242476940155, 0.08237191289663315];[-0.827389121055603, -0.8771417737007141, -0.8716884255409241, -0.8812569975852966, -0.8771969676017761, -0.9021736979484558, -0.8570358753204346, -0.876929759979248, -0.9010183811187744, -0.9406176805496216, -0.9756740927696228, -0.9611274600028992, -0.92982417345047, -0.9165921807289124, -0.9101560115814209, -0.9616579413414001, -0.9025322198867798, -0.9222266674041748, -0.9062860012054443, -0.9710447788238525, -0.9566022753715515, -0.9701159596443176, -0.9845078587532043, -1.0836502313613892, -0.9935216903686523, -0.9724115133285522, -0.9687331318855286, -0.9912024736404419, -0.9858566522598267, -1.0157310962677002, -0.9960522651672363];[0.43534335494041443, 0.3792329728603363, 0.35907596349716187, 0.3370368182659149, 0.3254631459712982, 0.3469364643096924, 0.3544318675994873, 0.3609599471092224, 0.4097920060157776, 0.45188573002815247, 0.5050457119941711, 0.503567636013031, 0.5330077409744263, 0.5654017329216003, 0.5822669267654419, 0.5888400077819824, 0.5641607642173767, 0.6102515459060669, 0.5844089984893799, 0.599409282207489, 0.552509069442749, 0.5764405131340027, 0.6433300375938416, 0.5589941143989563, 0.488693505525589, 0.422588050365448, 0.4739551842212677, 0.2913137674331665, 0.3436063230037689, 0.2710624933242798];1500.4372837543488
3900;[0.7764260172843933, 0.7699214816093445, 0.7785118818283081, 0.7768493890762329, 0.7801780104637146, 0.7877066135406494, 0.7870241403579712, 0.7926874756813049, 0.791193425655365, 0.7886056303977966, 0.7788033485412598, 0.7823535799980164, 0.7766335606575012, 0.7678185105323792, 0.7592863440513611, 0.7590264678001404, 0.7575786709785461, 0.7649117112159729, 0.7589239478111267, 0.7622935771942139, 0.7719281911849976, 0.7619860768318176, 0.7694618701934814, 0.7693969011306763, 0.7802032828330994, 0.7864502668380737, 0.7643734216690063, 0.771457314491272, 0.7736636996269226, 0.7755951881408691, 0.778486430644989];[0.0392027273774147, 0.029448343440890312, 0.03160303458571434, 0.02686610445380211, 0.02882765792310238, 0.03300214558839798, 0.03331233561038971, 0.034491363912820816, 0.036177221685647964, 0.038225334137678146, 0.03319963812828064, 0.03912915661931038, 0.039651624858379364, 0.03603994473814964, 0.039200685918331146, 0.04023090749979019, 0.041282325983047485, 0.05051380395889282, 0.04729248210787773, 0.051373910158872604, 0.05907333269715309, 0.05417092144489288, 0.06092775613069534, 0.0613115057349205, 0.07205135375261307, 0.08137389272451401, 0.05885443463921547, 0.06459150463342667, 0.06649287045001984, 0.06698565930128098, 0.07001668959856033];[-0.8461412191390991, -0.8076028823852539, -0.8151417970657349, -0.8030180335044861, -0.8110354542732239, -0.8186560869216919, -0.8167400360107422, -0.8539701104164124, -0.8287473320960999, -0.8330276608467102, -0.8227404356002808, -0.8350887298583984, -0.8417250514030457, -0.8406043648719788, -0.8434190154075623, -0.8451193571090698, -0.8484724760055542, -0.892591118812561, -0.873978853225708, -0.8860741257667542, -0.9148393273353577, -0.8932267427444458, -0.9263918399810791, -0.9257681965827942, -0.9743726253509521, -0.9938246011734009, -0.9105347394943237, -0.9591240286827087, -0.958231508731842, -0.9749867916107178, -0.9672547578811646];[0.41620615124702454, 0.4517253339290619, 0.3939119279384613, 0.3861478567123413, 0.37518951296806335, 0.3629128038883209, 0.36423662304878235, 0.3352794945240021, 0.34797197580337524, 0.3394007384777069, 0.42717090249061584, 0.4438091218471527, 0.5196479558944702, 0.6519018411636353, 0.5136746764183044, 0.5342390537261963, 0.565372109413147, 0.6267833709716797, 0.5371080040931702, 0.5983611941337585, 0.7757380604743958, 0.5240516066551208, 0.5673493146896362, 0.4431518614292145, 0.4746570289134979, 0.27789995074272156, 0.4074285924434662, 0.2636128067970276, 0.2098962366580963, 0.32632675766944885];1509.8465015888214
3950;[0.7668476700782776, 0.7847110033035278, 0.7666098475456238, 0.7858452200889587, 0.7791064381599426, 0.7915506362915039, 0.7870002388954163, 0.7869219779968262, 0.7830622792243958, 0.787796139717102, 0.7672156691551208, 0.7679353356361389, 0.768903374671936, 0.76671302318573, 0.7724463939666748, 0.7660142779350281, 0.7763727307319641, 0.7726442813873291, 0.7769702672958374, 0.7928230166435242, 0.7817667722702026, 0.7857205867767334, 0.7821366786956787, 0.7912344932556152, 0.779813289642334, 0.768751859664917, 0.7841598391532898, 0.7956100702285767, 0.7720440626144409, 0.7773020267486572, 0.7756420969963074];[0.03283039852976799, 0.04454625025391579, 0.03016255982220173, 0.039596691727638245, 0.03586237505078316, 0.04453212395310402, 0.0384487584233284, 0.034360483288764954, 0.0329621359705925, 0.03609831631183624, 0.028626935556530952, 0.03529604896903038, 0.03941638395190239, 0.04277375712990761, 0.042663756757974625, 0.03649602457880974, 0.04576973617076874, 0.04956542328000069, 0.05958065763115883, 0.07831311970949173, 0.07109376043081284, 0.07325998693704605, 0.06857326626777649, 0.0791303738951683, 0.07153404504060745, 0.061131324619054794, 0.0750923827290535, 0.08346861600875854, 0.06403714418411255, 0.07027100771665573, 0.0654592514038086];[-0.8205925226211548, -0.8564339876174927, -0.8142043948173523, -0.8395556807518005, -0.8247171640396118, -0.8507437705993652, -0.8384312391281128, -0.8222783207893372, -0.8194459676742554, -0.8316996097564697, -0.8074031472206116, -0.8315005898475647, -0.8525879979133606, -0.8617634177207947, -0.8575926423072815, -0.8438332676887512, -0.8673586845397949, -0.8957024216651917, -0.9155542254447937, -0.985472559928894, -0.9638417959213257, -0.9609931707382202, -0.9520894885063171, -0.995367169380188, -0.9522207379341125, -0.9211543202400208, -0.9771402478218079, -1.0067567825317383, -0.944089412689209, -0.9660864472389221, -0.9646218419075012];[0.4285307228565216, 0.42855381965637207, 0.4124354124069214, 0.39179760217666626, 0.41827842593193054, 0.46192988753318787, 0.4096316397190094, 0.42086753249168396, 0.40742143988609314, 0.3901441693305969, 0.46109244227409363, 0.45813968777656555, 0.5797831416130066, 0.4617617130279541, 0.5067402720451355, 0.5125515460968018, 0.48179200291633606, 0.5345794558525085, 0.5810226798057556, 0.5138154029846191, 0.5788756012916565, 0.6193558573722839, 0.654941976070404, 0.44977593421936035, 0.3331734240055084, 0.42932382225990295, 0.6319827437400818, 0.7274200320243835, 0.6161366701126099, 0.42613673210144043];1527.800918340683
4000;[0.7758664488792419, 0.7713878154754639, 0.7721784710884094, 0.784378170967102, 0.7905160784721375, 0.7936984300613403, 0.7979375720024109, 0.8092228770256042, 0.8191607594490051, 0.8056365251541138, 0.8111928701400757, 0.8149290680885315, 0.8443370461463928, 0.8090196251869202, 0.8177579641342163, 0.8276999592781067, 0.8148874640464783, 0.8236206769943237, 0.8198354244232178, 0.844651997089386, 0.8504199385643005, 0.8491225242614746, 0.8590033054351807, 0.8697559833526611, 0.8729808926582336, 0.8810060024261475, 0.8604100942611694, 0.8637387752532959, 0.8587543368339539, 0.84850013256073, 0.8778377771377563];[0.0369487926363945, 0.03433246538043022, 0.034982696175575256, 0.043390627950429916, 0.044961996376514435, 0.043848372995853424, 0.055224236100912094, 0.06155795231461525, 0.07299335300922394, 0.06794968992471695, 0.07690979540348053, 0.08672546595335007, 0.11204969882965088, 0.08686111122369766, 0.09032609313726425, 0.10491997003555298, 0.09781714528799057, 0.10561519116163254, 0.10378909856081009, 0.1335839480161667, 0.13903765380382538, 0.14378084242343903, 0.14951631426811218, 0.16354501247406006, 0.16275635361671448, 0.17710556089878082, 0.15909703075885773, 0.16147124767303467, 0.15783411264419556, 0.14649462699890137, 0.17808495461940765];[-0.832825243473053, -0.822553813457489, -0.8277996182441711, -0.8560503721237183, -0.8576765656471252, -0.8633264899253845, -0.8888305425643921, -0.8998676538467407, -0.9622313976287842, -0.9342921376228333, -0.9651379585266113, -0.995996356010437, -1.1395841836929321, -1.0063239336013794, -1.0270880460739136, -1.088424801826477, -1.064288854598999, -1.0727834701538086, -1.0798598527908325, -1.1798163652420044, -1.2119441032409668, -1.2243356704711914, -1.279479742050171, -1.3153311014175415, -1.3241204023361206, -1.3611327409744263, -1.273060917854309, -1.297587513923645, -1.28482985496521, -1.220017671585083, -1.3592045307159424];[0.4398709535598755, 0.4284074604511261, 0.42615076899528503, 0.4245338439941406, 0.40941861271858215, 0.40035462379455566, 0.416109561920166, 0.4316394031047821, 0.4777432084083557, 0.5365952849388123, 0.5065344572067261, 0.6150699853897095, 0.5889421701431274, 0.5437866449356079, 0.6104787588119507, 0.6922852993011475, 0.5835499167442322, 0.598004162311554, 0.6391605734825134, 0.5698552131652832, 0.48410531878471375, 0.6395494341850281, 0.611807644367218, 0.44925493001937866, 0.5410017967224121, 0.5586884617805481, 0.3025168180465698, 0.36893755197525024, 0.1823890507221222, 0.1281810700893402];1511.8108253479004
4050;[0.7695102095603943, 0.7895283699035645, 0.7946896553039551, 0.8045268058776855, 0.8079493641853333, 0.8099455833435059, 0.8029388189315796, 0.825362503528595, 0.8086473941802979, 0.7994912266731262, 0.7913105487823486, 0.7729170322418213, 0.7685582637786865, 0.7620907425880432, 0.7628040313720703, 0.7652322053909302, 0.7616609930992126, 0.7635422348976135, 0.7567838430404663, 0.7379850745201111, 0.7379642724990845, 0.7505775690078735, 0.7432906031608582, 0.752403736114502, 0.7491934895515442, 0.756091296672821, 0.7497820854187012, 0.7456883788108826, 0.7368329763412476, 0.7364318370819092, 0.734666645526886];[0.03308466449379921, 0.04863956570625305, 0.049449678510427475, 0.05473063141107559, 0.055224742740392685, 0.05431904271245003, 0.04883971065282822, 0.06597709655761719, 0.05784942954778671, 0.04593365639448166, 0.04301130026578903, 0.03420697897672653, 0.03267309069633484, 0.031857602298259735, 0.035515572875738144, 0.03796573355793953, 0.03574727103114128, 0.038155362010002136, 0.03607454150915146, 0.019771434366703033, 0.02462036907672882, 0.03848090022802353, 0.03410302847623825, 0.04230818897485733, 0.0420205220580101, 0.04938029125332832, 0.04180927947163582, 0.03744669631123543, 0.027412716299295425, 0.028135476633906364, 0.027231119573116302];[-0.8229476809501648, -0.8686965107917786, -0.8887892961502075, -0.8861035108566284, -0.8902868628501892, -0.8790870308876038, -0.8655211329460144, -0.9217995405197144, -0.8914612531661987, -0.8553896546363831, -0.8482277989387512, -0.8254607915878296, -0.8183963894844055, -0.8218088746070862, -0.8335097432136536, -0.8386973738670349, -0.8326112031936646, -0.8372561931610107, -0.8322622179985046, -0.7834190130233765, -0.8188884854316711, -0.867326021194458, -0.8296443223953247, -0.8860241770744324, -0.8584582805633545, -0.8819949626922607, -0.8578057885169983, -0.8562847375869751, -0.8151481747627258, -0.8132131099700928, -0.8129174113273621];[0.43096664547920227, 0.43187934160232544, 0.4202694296836853, 0.3854779303073883, 0.39717406034469604, 0.359298974275589, 0.35825252532958984, 0.3537389636039734, 0.39292430877685547, 0.43031787872314453, 0.5009890794754028, 0.5007400512695312, 0.4963074326515198, 0.47428491711616516, 0.5035923719406128, 0.5135136842727661, 0.45641884207725525, 0.47771987318992615, 0.5673772692680359, 0.5548791289329529, 0.5210273265838623, 0.5697288513183594, 0.5036228895187378, 0.43523871898651123, 0.2828391194343567, 0.5728228092193604, 0.20741692185401917, 0.509788453578949, 0.5888341665267944, 0.5202027559280396];1500.4527988433838
4100;[0.7719650864601135, 0.7806969881057739, 0.7843111157417297, 0.7798731327056885, 0.7997554540634155, 0.7852744460105896, 0.7799593210220337, 0.7722390294075012, 0.7686577439308167, 0.7713422179222107, 0.7616766095161438, 0.7608553171157837, 0.7586580514907837, 0.7675118446350098, 0.7685942649841309, 0.7649246454238892, 0.794382631778717, 0.7985344529151917, 0.8053089380264282, 0.8005160689353943, 0.802841067314148, 0.7956940531730652, 0.8092998266220093, 0.7894364595413208, 0.7948480248451233, 0.8053217530250549, 0.7896652817726135, 0.7956375479698181, 0.798854649066925, 0.7896772027015686, 0.7699655294418335];[0.03487067297101021, 0.03441598266363144, 0.0314604714512825, 0.028745274990797043, 0.04216061905026436, 0.03183739632368088, 0.025866953656077385, 0.02546253427863121, 0.021544532850384712, 0.02600659430027008, 0.02409503422677517, 0.02364596351981163, 0.02549910359084606, 0.03869011253118515, 0.04844008758664131, 0.044204533100128174, 0.08037115633487701, 0.08381103724241257, 0.09555117785930634, 0.09076245129108429, 0.08862047642469406, 0.08327958732843399, 0.09567325562238693, 0.08159538358449936, 0.0873870700597763, 0.09462202340364456, 0.08048702776432037, 0.08896341919898987, 0.0954679623246193, 0.08244965970516205, 0.0626244992017746];[-0.8271980881690979, -0.8270226716995239, -0.8151106238365173, -0.8042589426040649, -0.8477461338043213, -0.8155838251113892, -0.8040985465049744, -0.7970707416534424, -0.7887566089630127, -0.8001999258995056, -0.792635977268219, -0.7974112629890442, -0.7968062162399292, -0.8375564813613892, -0.8686135411262512, -0.8473812937736511, -0.9782705307006836, -0.9933983087539673, -1.0467116832733154, -1.0174533128738403, -1.004760980606079, -0.9849097728729248, -1.0622860193252563, -0.984441339969635, -1.0107421875, -1.0807932615280151, -1.0228554010391235, -1.0258774757385254, -1.0418630838394165, -0.9995365738868713, -0.9227457642555237];[0.435779869556427, 0.42707210779190063, 0.37194937467575073, 0.3477436900138855, 0.3760128319263458, 0.3683158755302429, 0.36262986063957214, 0.3773355484008789, 0.3764716684818268, 0.38072192668914795, 0.40966206789016724, 0.4367119073867798, 0.47851401567459106, 0.4933997690677643, 0.5591672658920288, 0.659669816493988, 0.5711169838905334, 0.6297703385353088, 0.537839949131012, 0.5673450231552124, 0.5599196553230286, 0.7891765832901001, 0.45260560512542725, 0.5459102392196655, 0.7034192085266113, 0.3808065950870514, 0.34661006927490234, 0.29459109902381897, 0.4727647006511688, 0.5279167294502258];1508.3772616386414
4150;[0.7738735675811768, 0.7845991849899292, 0.7896371483802795, 0.7851088047027588, 0.7968797087669373, 0.7936744093894958, 0.7933440804481506, 0.7746000289916992, 0.7732217907905579, 0.7726587653160095, 0.7646646499633789, 0.771560788154602, 0.7751413583755493, 0.7805662155151367, 0.7708402276039124, 0.7653398513793945, 0.7541946768760681, 0.7553277611732483, 0.7595658898353577, 0.7561101317405701, 0.768105685710907, 0.7548351883888245, 0.7635420560836792, 0.7657564878463745, 0.7636463046073914, 0.7637670636177063, 0.7603727579116821, 0.765274703502655, 0.7635217905044556, 0.7651830911636353, 0.7749954462051392];[0.037310000509023666, 0.04139053821563721, 0.04285114258527756, 0.037543877959251404, 0.047900255769491196, 0.04852491244673729, 0.0462343767285347, 0.03194383159279823, 0.038102734833955765, 0.03795766085386276, 0.03625531122088432, 0.041940633207559586, 0.05167524889111519, 0.057274237275123596, 0.04984568431973457, 0.049150072038173676, 0.04149618372321129, 0.04404978081583977, 0.049857981503009796, 0.04212915524840355, 0.05467882379889488, 0.04659288004040718, 0.05414861440658569, 0.05785714462399483, 0.05594015493988991, 0.05662017688155174, 0.05416341498494148, 0.058466993272304535, 0.056960128247737885, 0.05659884586930275, 0.06789059191942215];[-0.8332653641700745, -0.8504286408424377, -0.8509863018989563, -0.8413402438163757, -0.8710895776748657, -0.882511556148529, -0.8730544447898865, -0.8280298709869385, -0.8386190533638, -0.8455345034599304, -0.8347854018211365, -0.8497695326805115, -0.8877416849136353, -0.9149365425109863, -0.8762436509132385, -0.8824387192726135, -0.8552738428115845, -0.8582170605659485, -0.8800498843193054, -0.8556112051010132, -0.9346787929534912, -0.8781877160072327, -0.8970804810523987, -0.9153085350990295, -0.9082159996032715, -0.9036069512367249, -0.9048838019371033, -0.913517951965332, -0.9215191602706909, -0.9262944459915161, -0.9623408317565918];[0.43327367305755615, 0.39871928095817566, 0.41115766763687134, 0.4099021553993225, 0.39610445499420166, 0.39672285318374634, 0.40007421374320984, 0.432878702878952, 0.5338514447212219, 0.588247537612915, 0.5058486461639404, 0.604053258895874, 0.36457017064094543, 0.40537139773368835, 0.4022771716117859, 0.5414432883262634, 0.5571181774139404, 0.6020050048828125, 0.5564759373664856, 0.6043975353240967, 0.6134474873542786, 0.41433653235435486, 0.43047475814819336, 0.32162657380104065, 0.5349045991897583, 0.31759536266326904, 0.5214583277702332, 0.47383880615234375, 0.28336483240127563, 0.35531148314476013];1524.0881168842316
4200;[0.774819552898407, 0.7779139280319214, 0.795566737651825, 0.8095895051956177, 0.8240082859992981, 0.8387797474861145, 0.8329590559005737, 0.834703266620636, 0.8449501395225525, 0.8361582159996033, 0.8429369926452637, 0.8407583236694336, 0.8457343578338623, 0.8363986611366272, 0.8319147229194641, 0.8478929400444031, 0.8317642211914062, 0.8180963397026062, 0.8410305976867676, 0.8424109220504761, 0.8559525012969971, 0.8457545042037964, 0.841849684715271, 0.8326923847198486, 0.8336313366889954, 0.8426991105079651, 0.8382993340492249, 0.8454762101173401, 0.8409090042114258, 0.8208416104316711, 0.8308985233306885];[0.03890760987997055, 0.033571142703294754, 0.05005853623151779, 0.05507424846291542, 0.0706908330321312, 0.08735228329896927, 0.08354805409908295, 0.0903029590845108, 0.0985269546508789, 0.09191595762968063, 0.10217391699552536, 0.09961606562137604, 0.10584273934364319, 0.0952301099896431, 0.08776075392961502, 0.10383036732673645, 0.09365364164113998, 0.08561231940984726, 0.10633901506662369, 0.10981002449989319, 0.12647631764411926, 0.1128961592912674, 0.11564962565898895, 0.1068790853023529, 0.11621326953172684, 0.1266688108444214, 0.12360520660877228, 0.13211479783058167, 0.13132287561893463, 0.1086459681391716, 0.11989500373601913];[-0.8345641493797302, -0.826540470123291, -0.8713681697845459, -0.8916553258895874, -0.9459856748580933, -0.9809926748275757, -0.976438045501709, -1.0102342367172241, -1.0451611280441284, -1.0042763948440552, -1.0413049459457397, -1.0619996786117554, -1.0939860343933105, -1.0298293828964233, -1.0122092962265015, -1.0815908908843994, -1.0311534404754639, -0.9951984882354736, -1.0762728452682495, -1.085486650466919, -1.1532429456710815, -1.1334710121154785, -1.1375858783721924, -1.0735715627670288, -1.1437416076660156, -1.1583654880523682, -1.1489874124526978, -1.187544584274292, -1.1681400537490845, -1.0691667795181274, -1.1246826648712158];[0.4195796847343445, 0.4205050766468048, 0.42705780267715454, 0.4007384181022644, 0.3798048198223114, 0.40280404686927795, 0.36059197783470154, 0.3517654240131378, 0.32369935512542725, 0.3204161524772644, 0.2973268926143646, 0.2878718674182892, 0.29549795389175415, 0.3452169895172119, 0.3335702121257782, 0.37743374705314636, 0.34047234058380127, 0.3311724066734314, 0.2943022847175598, 0.2988288998603821, 0.31512483954429626, 0.2858901917934418, 0.3198878765106201, 0.3051919639110565, 0.34695348143577576, 0.4042048156261444, 0.31082573533058167, 0.3355402946472168, 0.3082112669944763, 0.27302008867263794];1507.6367819309235
4250;[0.7660307884216309, 0.7658165097236633, 0.7864563465118408, 0.7894212007522583, 0.8041029572486877, 0.7982437610626221, 0.8047242760658264, 0.797853946685791, 0.7947273850440979, 0.8006381988525391, 0.7977437973022461, 0.7818514108657837, 0.7832505702972412, 0.7720332741737366, 0.7921888828277588, 0.7942127585411072, 0.7826880812644958, 0.7658774256706238, 0.7680078744888306, 0.7611581087112427, 0.7675886154174805, 0.7648240327835083, 0.7560458183288574, 0.7542749047279358, 0.7570631504058838, 0.7492226362228394, 0.7541037201881409, 0.7776377201080322, 0.7701202630996704, 0.7697930335998535, 0.7735381126403809];[0.030949516221880913, 0.028829997405409813, 0.03523055464029312, 0.037992969155311584, 0.04733429476618767, 0.04613669216632843, 0.05285903438925743, 0.048033565282821655, 0.04555794969201088, 0.05151820555329323, 0.047719329595565796, 0.03769839182496071, 0.04213115945458412, 0.033948998898267746, 0.05121895298361778, 0.05612343177199364, 0.05462197959423065, 0.04679364711046219, 0.053999967873096466, 0.04817413538694382, 0.05592218041419983, 0.051754165440797806, 0.04636610299348831, 0.04538441821932793, 0.051103223115205765, 0.04122389853000641, 0.0453413762152195, 0.06991831958293915, 0.06360156089067459, 0.06333350390195847, 0.06874064356088638];[-0.8158609867095947, -0.8066547513008118, -0.8318377137184143, -0.8319735527038574, -0.8667380809783936, -0.8535665273666382, -0.8842292428016663, -0.8599316477775574, -0.8497849702835083, -0.8725999593734741, -0.8632384538650513, -0.838900089263916, -0.8482345342636108, -0.8213942646980286, -0.887089729309082, -0.9039551019668579, -0.9084040522575378, -0.8719850182533264, -0.9060182571411133, -0.8754065036773682, -0.9106829166412354, -0.897309422492981, -0.8770861029624939, -0.8676189184188843, -0.8881941437721252, -0.8518623113632202, -0.8688927292823792, -0.954096257686615, -0.9390869140625, -0.9282492399215698, -0.9446452260017395];[0.4404301643371582, 0.435380756855011, 0.39950627088546753, 0.3555791676044464, 0.3506721556186676, 0.36338701844215393, 0.3502084016799927, 0.32656329870224, 0.3285311758518219, 0.2994334399700165, 0.30519741773605347, 0.37307247519493103, 0.37425220012664795, 0.388901948928833, 0.38516366481781006, 0.380174458026886, 0.4885510802268982, 0.4381137192249298, 0.5558522939682007, 0.5005625486373901, 0.5463056564331055, 0.6714321374893188, 0.37571263313293457, 0.3257918953895569, 0.3115379512310028, 0.5874899625778198, 0.5491309762001038, 0.329304575920105, 0.1395469456911087, 0.2755882740020752];1521.4896266460419
4300;[0.7731620073318481, 0.76393061876297, 0.7774260640144348, 0.7816764712333679, 0.7847768068313599, 0.7893925905227661, 0.7757967710494995, 0.7710816860198975, 0.777162492275238, 0.7716757655143738, 0.7783372402191162, 0.7736518979072571, 0.7765584588050842, 0.782833993434906, 0.7778797745704651, 0.7818379402160645, 0.7895140051841736, 0.7949827313423157, 0.7933441996574402, 0.7963288426399231, 0.798143744468689, 0.8060809373855591, 0.8027133941650391, 0.8017151355743408, 0.7910568118095398, 0.7851887345314026, 0.79386967420578, 0.7900574803352356, 0.7901877164840698, 0.7741702795028687, 0.7784342169761658];[0.0369359627366066, 0.03373168036341667, 0.03964700922369957, 0.03581222891807556, 0.03453219309449196, 0.033462878316640854, 0.02924235537648201, 0.026696430519223213, 0.03191398084163666, 0.031982701271772385, 0.0440618135035038, 0.04820319265127182, 0.05201280117034912, 0.06056806445121765, 0.06315217912197113, 0.0703507587313652, 0.07972977310419083, 0.0866861343383789, 0.08380001783370972, 0.08968134969472885, 0.0907924473285675, 0.09483302384614944, 0.09363260865211487, 0.09405092149972916, 0.08453251421451569, 0.07796260714530945, 0.08421546220779419, 0.07931505888700485, 0.07824213802814484, 0.0669497698545456, 0.07359673827886581];[-0.8307245969772339, -0.8352059721946716, -0.853609025478363, -0.8243469595909119, -0.8251367211341858, -0.8247338533401489, -0.8094562292098999, -0.8195255994796753, -0.8180975914001465, -0.8245072364807129, -0.8580821752548218, -0.8822797536849976, -0.8880492448806763, -0.941374659538269, -0.9255703091621399, -0.9523780941963196, -1.0029722452163696, -1.0269330739974976, -1.0185205936431885, -1.03160560131073, -1.0320112705230713, -1.0436125993728638, -1.0338801145553589, -1.0414068698883057, -0.9984387159347534, -0.9896836280822754, -1.0292199850082397, -1.0348457098007202, -1.0554965734481812, -0.9526333212852478, -0.9684798717498779];[0.44481030106544495, 0.43089625239372253, 0.4499397873878479, 0.4114130735397339, 0.38985687494277954, 0.3661041259765625, 0.42685189843177795, 0.4288991689682007, 0.4276961386203766, 0.44875770807266235, 0.5421781539916992, 0.5548850297927856, 0.5041249990463257, 0.5437557697296143, 0.5648413896560669, 0.6497098803520203, 0.6027536392211914, 0.5272136330604553, 0.5524988174438477, 0.42737942934036255, 0.4171384274959564, 0.5617203712463379, 0.39241984486579895, 0.6801651120185852, 0.39628201723098755, 0.32868635654449463, 0.350186824798584, 0.3241908550262451, 0.29630130529403687, 0.282269686460495];1515.6783828735352
4350;[0.7711126208305359, 0.772760272026062, 0.7801048159599304, 0.7774843573570251, 0.7770504355430603, 0.7745798826217651, 0.7779474854469299, 0.7694142460823059, 0.7707942128181458, 0.7621815800666809, 0.7644856572151184, 0.7629420757293701, 0.7659634351730347, 0.7649657726287842, 0.7567937970161438, 0.7693833708763123, 0.7746852040290833, 0.7616058588027954, 0.7752191424369812, 0.7746266722679138, 0.7699516415596008, 0.7590749263763428, 0.755759060382843, 0.7461915016174316, 0.7492237687110901, 0.7540993690490723, 0.7438158988952637, 0.7444581389427185, 0.7406426668167114, 0.7381448745727539, 0.7498648166656494];[0.03230096027255058, 0.03351858630776405, 0.038679368793964386, 0.03321659564971924, 0.034845221787691116, 0.027537323534488678, 0.03137466683983803, 0.028783012181520462, 0.02955378033220768, 0.025787169113755226, 0.03100045770406723, 0.03445589542388916, 0.04236331209540367, 0.040261708199977875, 0.04100257530808449, 0.05377848818898201, 0.06338522583246231, 0.047463320195674896, 0.06107143312692642, 0.06471488624811172, 0.060770757496356964, 0.04915197938680649, 0.04601985961198807, 0.03485299274325371, 0.03950679674744606, 0.04430330917239189, 0.03569602593779564, 0.03598615899682045, 0.030927814543247223, 0.02895858883857727, 0.03881749510765076];[-0.818899393081665, -0.823156476020813, -0.8331365585327148, -0.8173605799674988, -0.8256912231445312, -0.806073009967804, -0.8313453197479248, -0.8092231154441833, -0.8118689656257629, -0.8003578782081604, -0.8201086521148682, -0.8195961713790894, -0.8498631119728088, -0.8422146439552307, -0.8527774810791016, -0.8980708122253418, -0.9264665842056274, -0.8626446723937988, -0.9149831533432007, -0.9275830984115601, -0.916185736656189, -0.8854337334632874, -0.8757271766662598, -0.8332743644714355, -0.8629789352416992, -0.8648005723953247, -0.8373529314994812, -0.8463797569274902, -0.8258775472640991, -0.8190993666648865, -0.9105875492095947];[0.4230111241340637, 0.45633944869041443, 0.42390531301498413, 0.40126651525497437, 0.4060057997703552, 0.4225202202796936, 0.4656667411327362, 0.4777872562408447, 0.48438915610313416, 0.4774641692638397, 0.5767164826393127, 0.648673415184021, 0.670891284942627, 0.7269048690795898, 0.6294366121292114, 0.5920582413673401, 0.6410757899284363, 0.5528565645217896, 0.6556426286697388, 0.43927714228630066, 0.5129436254501343, 0.5864488482475281, 0.5395268201828003, 0.3843172788619995, 0.5703065395355225, 0.6121149063110352, 0.5188047885894775, 0.6962875127792358, 0.3787044286727905, 0.3209554851055145];1525.6112985610962
4400;[0.7702599763870239, 0.7738807201385498, 0.7798305749893188, 0.7866600155830383, 0.789955735206604, 0.7927688360214233, 0.7869889140129089, 0.8024824261665344, 0.8075622320175171, 0.8138840794563293, 0.7967470288276672, 0.8168108463287354, 0.8011462688446045, 0.8032154440879822, 0.8189857602119446, 0.811665415763855, 0.8138924241065979, 0.8240437507629395, 0.8256136178970337, 0.834732711315155, 0.8262670636177063, 0.8446734547615051, 0.8221316337585449, 0.8541038036346436, 0.8456827998161316, 0.8565748929977417, 0.8448433876037598, 0.8538122773170471, 0.8591495156288147, 0.849643886089325, 0.861793577671051];[0.03421413153409958, 0.03536730632185936, 0.03842011094093323, 0.03803293779492378, 0.04213239997625351, 0.04698380455374718, 0.0385432094335556, 0.056909605860710144, 0.06763455271720886, 0.08266041427850723, 0.06442726403474808, 0.08209174871444702, 0.08085993677377701, 0.08275655657052994, 0.09997795522212982, 0.09655330330133438, 0.09859760850667953, 0.11343184858560562, 0.11544738709926605, 0.12371459603309631, 0.11926037818193436, 0.13200700283050537, 0.11602182686328888, 0.14915022253990173, 0.13679637014865875, 0.1545811891555786, 0.14198681712150574, 0.14736419916152954, 0.15640106797218323, 0.14394354820251465, 0.15835636854171753];[-0.8220859169960022, -0.8284812569618225, -0.837965726852417, -0.8374260663986206, -0.8495335578918457, -0.8685901761054993, -0.8386531472206116, -0.8970427513122559, -0.9302712678909302, -0.9774573445320129, -0.9217671751976013, -0.9986294507980347, -0.9755504131317139, -0.9807832837104797, -1.067276120185852, -1.041871428489685, -1.1244553327560425, -1.0952675342559814, -1.1039563417434692, -1.1321486234664917, -1.1202285289764404, -1.2915500402450562, -1.0966988801956177, -1.2430968284606934, -1.2073423862457275, -1.2549227476119995, -1.2117000818252563, -1.2698428630828857, -1.2658298015594482, -1.233393907546997, -1.2916882038116455];[0.43358978629112244, 0.4311922490596771, 0.40202856063842773, 0.4038458466529846, 0.39540550112724304, 0.40854984521865845, 0.390118807554245, 0.429383248090744, 0.45054471492767334, 0.5216934680938721, 0.5835328102111816, 0.6187521815299988, 0.5802760124206543, 0.5388801693916321, 0.5714508891105652, 0.5693280100822449, 0.5093007683753967, 0.4854661524295807, 0.5345758199691772, 0.583093523979187, 0.4088214039802551, 0.39827364683151245, 0.6847699284553528, 0.5213647484779358, 0.560910701751709, 0.4700690507888794, 0.4453623592853546, 0.3349427878856659, 0.5165772438049316, 0.4903075695037842];1512.205137014389
4450;[0.773384153842926, 0.7728855013847351, 0.7796945571899414, 0.7867929935455322, 0.7787659168243408, 0.7910992503166199, 0.7911112904548645, 0.7975810170173645, 0.7866472005844116, 0.7972188591957092, 0.8157637715339661, 0.793067991733551, 0.7940974831581116, 0.7904239296913147, 0.793728768825531, 0.7719773054122925, 0.7676234841346741, 0.7771408557891846, 0.7624721527099609, 0.762577474117279, 0.7582410573959351, 0.7757288217544556, 0.7706819176673889, 0.7735223770141602, 0.7575773596763611, 0.7802967429161072, 0.7741771936416626, 0.7702201008796692, 0.7860668301582336, 0.7739371061325073, 0.781132698059082];[0.03670812398195267, 0.03261770308017731, 0.038344886153936386, 0.044345367699861526, 0.037901621311903, 0.04802084341645241, 0.04675575718283653, 0.05284019187092781, 0.051534704864025116, 0.06360352784395218, 0.08888653665781021, 0.07358255982398987, 0.0780145525932312, 0.07224183529615402, 0.07864166796207428, 0.061224501579999924, 0.056757256388664246, 0.06532391160726547, 0.05282718315720558, 0.05339790880680084, 0.049548663198947906, 0.06430872529745102, 0.06193205714225769, 0.06150614842772484, 0.05042417347431183, 0.0688348263502121, 0.06483036279678345, 0.06532146781682968, 0.07910073548555374, 0.06761028617620468, 0.07627483457326889];[-0.8316198587417603, -0.8177381157875061, -0.8336014151573181, -0.8567836880683899, -0.8353132605552673, -0.8720179796218872, -0.8576080799102783, -0.8964512944221497, -0.8816310167312622, -0.9173369407653809, -1.0055029392242432, -0.9750735759735107, -0.9631407260894775, -0.962706446647644, -0.9669772386550903, -0.9066116213798523, -0.8959381580352783, -0.9391758441925049, -0.8857436180114746, -0.8894490003585815, -0.8806774616241455, -0.9431731104850769, -0.9394024014472961, -0.9347435235977173, -0.8803268074989319, -0.9723392128944397, -0.9448394179344177, -0.9319774508476257, -0.9873791933059692, -0.9392063617706299, -0.9721551537513733];[0.43171077966690063, 0.4217221140861511, 0.40645086765289307, 0.4301926791667938, 0.4422427713871002, 0.42587924003601074, 0.4433753490447998, 0.4485674798488617, 0.5165477395057678, 0.5845397710800171, 0.5260543823242188, 0.5379120111465454, 0.557246744632721, 0.5850444436073303, 0.5170180201530457, 0.5634227395057678, 0.5889896750450134, 0.5288057327270508, 0.5634310245513916, 0.5566872954368591, 0.6456434726715088, 0.7105029225349426, 0.5165508985519409, 0.4761214852333069, 0.5941293239593506, 0.6565670967102051, 0.6473820209503174, 0.5514329075813293, 0.5405283570289612, 0.4498736262321472];1526.0825698375702
4500;[0.7799035906791687, 0.780841588973999, 0.7707281708717346, 0.7745314836502075, 0.7762829065322876, 0.7719427347183228, 0.7749291658401489, 0.772890567779541, 0.774803876876831, 0.7621778845787048, 0.7878192067146301, 0.7718043923377991, 0.7721455097198486, 0.7777383923530579, 0.7802072763442993, 0.7834048271179199, 0.77287358045578, 0.7884926795959473, 0.7874495983123779, 0.7975267171859741, 0.7862145304679871, 0.7939175367355347, 0.7998424172401428, 0.7949223518371582, 0.8061176538467407, 0.7982795238494873, 0.8230420351028442, 0.7999311685562134, 0.7928081154823303, 0.8092570900917053, 0.7935497760772705];[0.04227187857031822, 0.04112851247191429, 0.03504571691155434, 0.035975925624370575, 0.03648071363568306, 0.030044732615351677, 0.03418456390500069, 0.036611612886190414, 0.04541618749499321, 0.039790429174900055, 0.06107253581285477, 0.04336034134030342, 0.050123054534196854, 0.05295174941420555, 0.06416714936494827, 0.0695558711886406, 0.06305067986249924, 0.07334208488464355, 0.08046995103359222, 0.09012743830680847, 0.07841986417770386, 0.08751777559518814, 0.09448767453432083, 0.08961111307144165, 0.10094361752271652, 0.0922246053814888, 0.11645447462797165, 0.09226737916469574, 0.08733148872852325, 0.1048901155591011, 0.08959707617759705];[-0.8445484042167664, -0.8483855128288269, -0.8263072967529297, -0.828886091709137, -0.8344563245773315, -0.810903787612915, -0.8277004361152649, -0.8329928517341614, -0.8773477673530579, -0.8449409604072571, -0.9390205144882202, -0.8556698560714722, -0.876833975315094, -0.8842843174934387, -0.923448383808136, -0.9587205052375793, -0.9142947196960449, -0.9910128116607666, -0.9806547164916992, -1.0197867155075073, -0.9795373678207397, -1.018127679824829, -1.0351510047912598, -1.0275932550430298, -1.066899061203003, -1.0450725555419922, -1.1287462711334229, -1.0353833436965942, -1.0211275815963745, -1.0976083278656006, -1.0111961364746094];[0.4468455910682678, 0.44029805064201355, 0.42932650446891785, 0.4246032238006592, 0.43689754605293274, 0.43727147579193115, 0.4566385746002197, 0.48593929409980774, 0.5039553046226501, 0.5006361603736877, 0.4936878979206085, 0.5092433094978333, 0.5233148336410522, 0.655006468296051, 0.6629832983016968, 0.41317322850227356, 0.6301535367965698, 0.5856305956840515, 0.389998197555542, 0.436173677444458, 0.4908549189567566, 0.6138536334037781, 0.41577938199043274, 0.29441335797309875, 0.2754727602005005, 0.5050463080406189, 0.47688984870910645, 0.39669549465179443, 0.41932278871536255, 0.44209593534469604];1532.9754962921143
4550;[0.77451491355896, 0.779502809047699, 0.782172679901123, 0.7983824610710144, 0.7917470932006836, 0.8010110855102539, 0.8092626929283142, 0.7953163385391235, 0.7852910757064819, 0.7760248780250549, 0.7819032669067383, 0.7806357741355896, 0.7858989834785461, 0.772684633731842, 0.7787573337554932, 0.7841684222221375, 0.7947031259536743, 0.7723747491836548, 0.7625185251235962, 0.7635241746902466, 0.7695724964141846, 0.7750921845436096, 0.7846288084983826, 0.7881712913513184, 0.7917603850364685, 0.7915940284729004, 0.7707054615020752, 0.7691961526870728, 0.7658182382583618, 0.7661736607551575, 0.7644097805023193];[0.03537604957818985, 0.04128079116344452, 0.04398869350552559, 0.052623454481363297, 0.046593308448791504, 0.049837879836559296, 0.05902480334043503, 0.046503275632858276, 0.03954382613301277, 0.03634924814105034, 0.04799888655543327, 0.05328480899333954, 0.059738364070653915, 0.05752743408083916, 0.06190894916653633, 0.07060108333826065, 0.08302778750658035, 0.06096958741545677, 0.05282188579440117, 0.054985616356134415, 0.058000899851322174, 0.06420298665761948, 0.07461347430944443, 0.07777610421180725, 0.08146316558122635, 0.0808103084564209, 0.062220633029937744, 0.0613924041390419, 0.061278048902750015, 0.05822385475039482, 0.055308692157268524];[-0.8261992931365967, -0.8481276631355286, -0.8539592027664185, -0.8928796648979187, -0.8583941459655762, -0.8831852078437805, -0.9052844643592834, -0.8644160032272339, -0.8581135869026184, -0.8352417945861816, -0.8703596591949463, -0.8817120790481567, -0.9160547256469727, -0.9008796811103821, -0.9209084510803223, -0.9690642356872559, -0.9969122409820557, -0.916946291923523, -0.8919245004653931, -0.9010218977928162, -0.939054548740387, -0.9386929273605347, -0.9844675660133362, -1.0026586055755615, -1.0035954713821411, -1.0094764232635498, -0.9334751963615417, -0.9465041756629944, -0.9196678400039673, -0.9261875152587891, -0.9233234524726868];[0.42387455701828003, 0.43565434217453003, 0.42500194907188416, 0.4165022075176239, 0.4225987195968628, 0.40193116664886475, 0.412990540266037, 0.37311533093452454, 0.44017353653907776, 0.5011293888092041, 0.4922604560852051, 0.5194228291511536, 0.5541582703590393, 0.5479189157485962, 0.5368868112564087, 0.4684997498989105, 0.5185014605522156, 0.6163661479949951, 0.47635743021965027, 0.47048643231391907, 0.3566160500049591, 0.4702138304710388, 0.4978415071964264, 0.5226719975471497, 0.6316031217575073, 0.6043205857276917, 0.579664945602417, 0.6922760009765625, 0.30968254804611206, 0.31936830282211304];1531.8810164928436
4600;[0.7703679800033569, 0.7877551317214966, 0.7939448356628418, 0.8016145825386047, 0.8186222910881042, 0.8306874632835388, 0.8302597403526306, 0.8330050706863403, 0.8469557166099548, 0.844794750213623, 0.8396723866462708, 0.8356686234474182, 0.8559020161628723, 0.8374842405319214, 0.8412032127380371, 0.8590942621231079, 0.8373478055000305, 0.8485795259475708, 0.8339645862579346, 0.8521712422370911, 0.8429205417633057, 0.8244885206222534, 0.8413640856742859, 0.8458414673805237, 0.8177245855331421, 0.8043055534362793, 0.8117969632148743, 0.7987290024757385, 0.8273524045944214, 0.8234168887138367, 0.8308873176574707];[0.032315317541360855, 0.04835418611764908, 0.05155421793460846, 0.055222075432538986, 0.06559448689222336, 0.07945292443037033, 0.08584094047546387, 0.09432043135166168, 0.11240287870168686, 0.11192604154348373, 0.10604897886514664, 0.10664386302232742, 0.12436080724000931, 0.11137758940458298, 0.11240746080875397, 0.1298414170742035, 0.11101258546113968, 0.12489137798547745, 0.10553859174251556, 0.1277773231267929, 0.11822757124900818, 0.10323287546634674, 0.11916182935237885, 0.12112750113010406, 0.09369666874408722, 0.0802396684885025, 0.08783495426177979, 0.07414912432432175, 0.10222695767879486, 0.11115144938230515, 0.12352791428565979];[-0.8186097741127014, -0.8644973039627075, -0.8783239126205444, -0.8815233111381531, -0.9219890236854553, -0.9730108380317688, -0.9870824813842773, -1.0118939876556396, -1.083693027496338, -1.111594319343567, -1.0521109104156494, -1.059005856513977, -1.1496402025222778, -1.0735517740249634, -1.071530818939209, -1.1561096906661987, -1.063039779663086, -1.1194090843200684, -1.058005928993225, -1.136155605316162, -1.1144108772277832, -1.0358037948608398, -1.0963523387908936, -1.1115916967391968, -1.0172603130340576, -0.9737113118171692, -0.9908460378646851, -0.951353907585144, -1.0798454284667969, -1.113059163093567, -1.1437830924987793];[0.43364378809928894, 0.4237174689769745, 0.41788652539253235, 0.41493919491767883, 0.3801880180835724, 0.3692026734352112, 0.33578404784202576, 0.3118850588798523, 0.30009010434150696, 0.30972298979759216, 0.3311799168586731, 0.316668301820755, 0.33734697103500366, 0.3423454165458679, 0.30818551778793335, 0.31253379583358765, 0.2833044230937958, 0.290179044008255, 0.2841961085796356, 0.2915807366371155, 0.2653442621231079, 0.26135724782943726, 0.27478712797164917, 0.32496675848960876, 0.3147324323654175, 0.3853057622909546, 0.4442753493785858, 0.38875269889831543, 0.34688279032707214, 0.27203482389450073];1519.8847000598907
4650;[0.7690682411193848, 0.7715430855751038, 0.7770044207572937, 0.7862911820411682, 0.8027510046958923, 0.7961877584457397, 0.8000034689903259, 0.7992454171180725, 0.8021492958068848, 0.8007808923721313, 0.8025079965591431, 0.7913069128990173, 0.7862393260002136, 0.8116296529769897, 0.7912020087242126, 0.7945003509521484, 0.7886443138122559, 0.7992558479309082, 0.7868687510490417, 0.806836724281311, 0.787232518196106, 0.7946666479110718, 0.7886302471160889, 0.7949575185775757, 0.7974917888641357, 0.7978407144546509, 0.7953430414199829, 0.8078997731208801, 0.8120822310447693, 0.814799427986145, 0.8236767649650574];[0.03358170762658119, 0.03161480650305748, 0.03297866880893707, 0.03921365737915039, 0.049385916441679, 0.048882268369197845, 0.0475311204791069, 0.05465666949748993, 0.05309402570128441, 0.055888984352350235, 0.05781662091612816, 0.05180094391107559, 0.05313267558813095, 0.08087460696697235, 0.06170785054564476, 0.05989685654640198, 0.06216190382838249, 0.08064524084329605, 0.07071644812822342, 0.08706379681825638, 0.06747661530971527, 0.07773739844560623, 0.07844868302345276, 0.08443277329206467, 0.08770269900560379, 0.09022736549377441, 0.08661938458681107, 0.10267475992441177, 0.10672242194414139, 0.10693484544754028, 0.11711100488901138];[-0.8208686709403992, -0.8144611716270447, -0.8244628310203552, -0.8432695269584656, -0.8684913516044617, -0.8741821050643921, -0.8593860268592834, -0.8858433961868286, -0.8898597359657288, -0.8923811912536621, -0.9025811553001404, -0.8971632122993469, -0.8895704746246338, -0.9792279005050659, -0.914593517780304, -0.9238673448562622, -0.918032705783844, -0.9953708052635193, -0.9529066681861877, -1.0419155359268188, -0.9511319398880005, -0.9855964183807373, -0.9806609749794006, -1.0294476747512817, -1.0379456281661987, -1.036514163017273, -1.0304591655731201, -1.0618642568588257, -1.0895496606826782, -1.1068477630615234, -1.1660939455032349];[0.4414600729942322, 0.4142504930496216, 0.41194698214530945, 0.4119892716407776, 0.386104017496109, 0.38894322514533997, 0.3772282302379608, 0.43781962990760803, 0.4420410990715027, 0.46610406041145325, 0.43604668974876404, 0.48833855986595154, 0.5190261006355286, 0.5379029512405396, 0.5022556185722351, 0.5360991954803467, 0.5584421157836914, 0.5794948935508728, 0.6497946381568909, 0.6514845490455627, 0.7152968049049377, 0.632831335067749, 0.6455778479576111, 0.5119247436523438, 0.399411678314209, 0.4267522394657135, 0.4334647059440613, 0.34411972761154175, 0.5073519349098206, 0.3057191073894501];1519.0513632297516
4700;[0.7789782881736755, 0.7801277041435242, 0.7793302536010742, 0.8104521632194519, 0.8118317127227783, 0.8127066493034363, 0.8123040199279785, 0.8199683427810669, 0.8234633803367615, 0.8120146989822388, 0.8123989105224609, 0.8175320625305176, 0.8062564730644226, 0.8004963994026184, 0.8000389337539673, 0.7949494123458862, 0.7895114421844482, 0.7812946438789368, 0.7787459492683411, 0.7896539568901062, 0.7802304625511169, 0.7775132060050964, 0.7832766175270081, 0.798519492149353, 0.7881090641021729, 0.8026795387268066, 0.8103498816490173, 0.8158325552940369, 0.7995802164077759, 0.8317557573318481, 0.8414019346237183];[0.039683349430561066, 0.03843314200639725, 0.038586314767599106, 0.060037147253751755, 0.05884161964058876, 0.05835893377661705, 0.06171185150742531, 0.07094784826040268, 0.07138718664646149, 0.06312892585992813, 0.07224969565868378, 0.07527193427085876, 0.07509084790945053, 0.07205381989479065, 0.07252722978591919, 0.07061158120632172, 0.060832224786281586, 0.05453504994511604, 0.051932111382484436, 0.06149757653474808, 0.05827241390943527, 0.0586760975420475, 0.06957502663135529, 0.08745802938938141, 0.07655568420886993, 0.0911424309015274, 0.10071513801813126, 0.1080419048666954, 0.09378726035356522, 0.12689843773841858, 0.13327492773532867];[-0.8379944562911987, -0.8389865159988403, -0.8334065079689026, -0.8940089344978333, -0.8979690074920654, -0.8962976336479187, -0.9084245562553406, -0.9365009665489197, -0.9333537817001343, -0.9145870208740234, -0.954050600528717, -0.9854753613471985, -0.9774778485298157, -0.9393095970153809, -0.9448150992393494, -0.9446514844894409, -0.9138647317886353, -0.8970423936843872, -0.8818668723106384, -0.9326391220092773, -0.9054055213928223, -0.9070225954055786, -0.9530389904975891, -1.0120823383331299, -0.9829474091529846, -1.0290441513061523, -1.070918083190918, -1.0825612545013428, -1.0240671634674072, -1.1521718502044678, -1.208903431892395];[0.4151325225830078, 0.4129265248775482, 0.41490045189857483, 0.3940146863460541, 0.351400762796402, 0.3535206615924835, 0.3229009211063385, 0.35221895575523376, 0.3973485231399536, 0.4043754041194916, 0.4482368230819702, 0.4726001024246216, 0.4086498022079468, 0.5336815714836121, 0.4212680160999298, 0.5799389481544495, 0.6236633658409119, 0.4924924671649933, 0.6135700941085815, 0.7239546775817871, 0.5940988063812256, 0.5808905363082886, 0.5509262084960938, 0.4248749017715454, 0.47188135981559753, 0.6851702928543091, 0.5915842056274414, 0.6001982092857361, 0.6288507580757141, 0.3292309641838074];1521.2993280887604
4750;[0.7794287800788879, 0.782343327999115, 0.788438618183136, 0.8073136210441589, 0.8034424185752869, 0.8021875023841858, 0.8133265376091003, 0.8023535013198853, 0.7878677845001221, 0.7941356897354126, 0.7885334491729736, 0.7840895056724548, 0.7710368037223816, 0.7802221775054932, 0.7687216997146606, 0.7815661430358887, 0.7982431054115295, 0.7886417508125305, 0.7869271039962769, 0.7700181603431702, 0.7800164222717285, 0.7783552408218384, 0.7700910568237305, 0.77978515625, 0.7883803844451904, 0.7899139523506165, 0.777453601360321, 0.7777939438819885, 0.7931947112083435, 0.7908223271369934, 0.7958937287330627];[0.041733283549547195, 0.03555777296423912, 0.03673776984214783, 0.05099083110690117, 0.05345449224114418, 0.05155489593744278, 0.06010929122567177, 0.04774544760584831, 0.03911701589822769, 0.04245264083147049, 0.04223784804344177, 0.039709120988845825, 0.036032985895872116, 0.04848909750580788, 0.045544497668743134, 0.06536930054426193, 0.08109434694051743, 0.07466325163841248, 0.07269052416086197, 0.05887734889984131, 0.06866436451673508, 0.06690763682126999, 0.06093239039182663, 0.06650048494338989, 0.07889480143785477, 0.08026709407567978, 0.06829138845205307, 0.07062216848134995, 0.08181942999362946, 0.08313295245170593, 0.09047454595565796];[-0.8518840670585632, -0.8341476321220398, -0.8325019478797913, -0.8729111552238464, -0.8831435441970825, -0.8740093111991882, -0.9043736457824707, -0.8634514212608337, -0.8377416133880615, -0.8549964427947998, -0.8476561903953552, -0.8422783017158508, -0.8248441219329834, -0.8685956597328186, -0.8653863072395325, -0.9289088249206543, -0.9799233675003052, -0.9673865437507629, -0.9647701978683472, -0.916233241558075, -0.944937527179718, -0.9409053921699524, -0.91575026512146, -0.9390978813171387, -0.9971310496330261, -0.9986118078231812, -0.9575815796852112, -0.9675148725509644, -0.9952795505523682, -1.0116095542907715, -1.030022382736206];[0.4377584457397461, 0.39492347836494446, 0.3570500910282135, 0.3345222473144531, 0.31900227069854736, 0.33932802081108093, 0.33997926115989685, 0.35501179099082947, 0.40724366903305054, 0.4240712821483612, 0.42005833983421326, 0.456326425075531, 0.48157718777656555, 0.5785006284713745, 0.6247211694717407, 0.6055912375450134, 0.5487399697303772, 0.5946658849716187, 0.7576004266738892, 0.6316684484481812, 0.6268032193183899, 0.6407269239425659, 0.5533114671707153, 0.6621003150939941, 0.6211915612220764, 0.5656915903091431, 0.6383525133132935, 0.5394540429115295, 0.5952532291412354, 0.5517991781234741];1514.0004091262817
4800;[0.7742926478385925, 0.7673320174217224, 0.7860304713249207, 0.7873727679252625, 0.7872865796089172, 0.7864506244659424, 0.7800402045249939, 0.7814590334892273, 0.7816306352615356, 0.7846866250038147, 0.7784924507141113, 0.7724069356918335, 0.7682071924209595, 0.7736539840698242, 0.7738708853721619, 0.7760133147239685, 0.7758917212486267, 0.7843860983848572, 0.7804006338119507, 0.7767943143844604, 0.7692648768424988, 0.785687267780304, 0.7739189267158508, 0.7718748450279236, 0.7755835056304932, 0.7656579613685608, 0.7937723994255066, 0.7896575331687927, 0.7883471250534058, 0.7897714376449585, 0.7750375270843506];[0.03619750961661339, 0.026721499860286713, 0.03477621078491211, 0.03554978966712952, 0.032639093697071075, 0.03302953764796257, 0.02676118165254593, 0.02986292354762554, 0.029669858515262604, 0.030503449961543083, 0.031814105808734894, 0.026860499754548073, 0.029683921486139297, 0.038774747401475906, 0.043568022549152374, 0.048579033464193344, 0.05347757413983345, 0.060372546315193176, 0.06095318868756294, 0.05349792540073395, 0.05354081094264984, 0.06942449510097504, 0.05678071454167366, 0.06088056042790413, 0.0664692148566246, 0.057693447917699814, 0.08201567083597183, 0.08083339780569077, 0.08142013847827911, 0.08097042888402939, 0.06554502248764038];[-0.8328568935394287, -0.808470606803894, -0.8227978348731995, -0.8281944990158081, -0.821998655796051, -0.8273677825927734, -0.7990301847457886, -0.8080625534057617, -0.8084618449211121, -0.8106642961502075, -0.8184210062026978, -0.8016743659973145, -0.8099954724311829, -0.8441392779350281, -0.8610321283340454, -0.8938079476356506, -0.898110568523407, -0.9151041507720947, -0.9427950978279114, -0.887161910533905, -0.8861889839172363, -0.9797161817550659, -0.9452441334724426, -0.930327832698822, -0.9450875520706177, -0.9103361368179321, -1.004623293876648, -0.9993830323219299, -1.0169833898544312, -0.9999458193778992, -0.9435014724731445];[0.42471617460250854, 0.4290696382522583, 0.3879483938217163, 0.376118004322052, 0.3643462359905243, 0.34169015288352966, 0.3262515366077423, 0.3412111699581146, 0.3360646367073059, 0.3348584473133087, 0.4469216763973236, 0.4720224142074585, 0.5247054100036621, 0.6126953363418579, 0.5343524813652039, 0.5705478191375732, 0.6558719873428345, 0.5523228049278259, 0.5673969984054565, 0.5390610098838806, 0.5513460636138916, 0.6377614736557007, 0.5742801427841187, 0.580157995223999, 0.5080680251121521, 0.45293545722961426, 0.5495482683181763, 0.30186206102371216, 0.44106870889663696, 0.33046460151672363];1518.1999096870422
4850;[0.7771209478378296, 0.7835592031478882, 0.781886100769043, 0.7954702377319336, 0.7981354594230652, 0.8031235933303833, 0.7863274812698364, 0.7864664196968079, 0.8019493222236633, 0.7779192328453064, 0.7794894576072693, 0.7832614779472351, 0.7746420502662659, 0.7865936756134033, 0.7994452118873596, 0.8006637692451477, 0.8140639662742615, 0.796430766582489, 0.830558180809021, 0.8277670741081238, 0.8360069394111633, 0.8190960884094238, 0.8141916394233704, 0.786274254322052, 0.7937554121017456, 0.7908538579940796, 0.7808282971382141, 0.7662585377693176, 0.7549673914909363, 0.7551397085189819, 0.7561894655227661];[0.03999890014529228, 0.03849263861775398, 0.028935573995113373, 0.038949839770793915, 0.04280612990260124, 0.046124860644340515, 0.03113865666091442, 0.031024431809782982, 0.04848921671509743, 0.03205783665180206, 0.04133683443069458, 0.04855293035507202, 0.047714173793792725, 0.058732450008392334, 0.07420466840267181, 0.08653738349676132, 0.09874125570058823, 0.08938194811344147, 0.12098166346549988, 0.12013094127178192, 0.1264190375804901, 0.1095002070069313, 0.10694179683923721, 0.07810259610414505, 0.08518841862678528, 0.0808919221162796, 0.07175283879041672, 0.056622542440891266, 0.04747496172785759, 0.048686154186725616, 0.04813796281814575];[-0.8417781591415405, -0.8353477716445923, -0.8112552165985107, -0.8643060326576233, -0.8432503342628479, -0.857667863368988, -0.8153376579284668, -0.8155143857002258, -0.8729057908058167, -0.8148170709609985, -0.8439317941665649, -0.8698950409889221, -0.8635024428367615, -0.8942201137542725, -0.9510459303855896, -1.0052732229232788, -1.081855058670044, -1.0036230087280273, -1.1197929382324219, -1.1302409172058105, -1.161142349243164, -1.0964336395263672, -1.0769439935684204, -0.9801208972930908, -1.002213954925537, -0.9913844466209412, -0.9825040102005005, -0.9163985848426819, -0.8720653057098389, -0.8786793351173401, -0.8745177984237671];[0.43688255548477173, 0.4157038629055023, 0.38998740911483765, 0.3466680645942688, 0.3069224953651428, 0.3289468288421631, 0.33534762263298035, 0.37827977538108826, 0.3721436858177185, 0.4050758183002472, 0.456757515668869, 0.47646865248680115, 0.4759065508842468, 0.49196958541870117, 0.4650801122188568, 0.6201279759407043, 0.47146040201187134, 0.5896274447441101, 0.4829813539981842, 0.3290412724018097, 0.4856438934803009, 0.44404688477516174, 0.6241239905357361, 0.5681853294372559, 0.6162756681442261, 0.34419378638267517, 0.4653084874153137, 0.5142553448677063, 0.3163105845451355, 0.38638007640838623];1521.5493609905243
4900;[0.7751725316047668, 0.7715082764625549, 0.7763392329216003, 0.7911127805709839, 0.7936938405036926, 0.7912936210632324, 0.7884674668312073, 0.784981906414032, 0.7984821200370789, 0.7994922995567322, 0.7821077704429626, 0.800062358379364, 0.7892768979072571, 0.7834749221801758, 0.7799655795097351, 0.7898059487342834, 0.7884979248046875, 0.7758936882019043, 0.7758176326751709, 0.786047101020813, 0.7922601103782654, 0.7946083545684814, 0.7969593405723572, 0.7969300746917725, 0.7807496190071106, 0.801650881767273, 0.7817757725715637, 0.7830580472946167, 0.7913842797279358, 0.8077337741851807, 0.7977221012115479];[0.03560052067041397, 0.034810226410627365, 0.03405449911952019, 0.04075939953327179, 0.03838740289211273, 0.03851621225476265, 0.040907151997089386, 0.040187813341617584, 0.052956875413656235, 0.05747038871049881, 0.05208972096443176, 0.06701703369617462, 0.0564422681927681, 0.05156458541750908, 0.04327576607465744, 0.06558512151241302, 0.06684865057468414, 0.057608429342508316, 0.05983220413327217, 0.07377945631742477, 0.08236116915941238, 0.0815160870552063, 0.08454155176877975, 0.08803880959749222, 0.07479005306959152, 0.09448311477899551, 0.07388114929199219, 0.07718327641487122, 0.08596475422382355, 0.09769797325134277, 0.09268646687269211];[-0.8262383341789246, -0.8236614465713501, -0.8229770064353943, -0.8429813385009766, -0.8392783403396606, -0.8337908387184143, -0.8410163521766663, -0.8406201004981995, -0.8872894644737244, -0.8870458602905273, -0.8755221962928772, -0.942840576171875, -0.8909562826156616, -0.8901804685592651, -0.8513663411140442, -0.9242979884147644, -0.9438931941986084, -0.9034844040870667, -0.9055277109146118, -0.9634066820144653, -0.9875575304031372, -1.014701247215271, -1.0275225639343262, -1.0152862071990967, -0.9574634432792664, -1.0426218509674072, -0.9566099643707275, -0.9747391939163208, -1.0134990215301514, -1.086327314376831, -1.024986743927002];[0.44518712162971497, 0.4515494704246521, 0.40781620144844055, 0.38790711760520935, 0.36210423707962036, 0.3934278190135956, 0.41144776344299316, 0.43002164363861084, 0.5243682265281677, 0.5782211422920227, 0.6018893718719482, 0.49344974756240845, 0.5516578555107117, 0.7131823301315308, 0.7232136130332947, 0.560534656047821, 0.5425684452056885, 0.5617218017578125, 0.5741050839424133, 0.5505679845809937, 0.4562914967536926, 0.4807036221027374, 0.5270212292671204, 0.5145353674888611, 0.5124759078025818, 0.5263608694076538, 0.532505989074707, 0.3119139075279236, 0.2916002571582794, 0.39279311895370483];1520.356960773468
4950;[0.7709441184997559, 0.7822414636611938, 0.7910468578338623, 0.7949103713035583, 0.8091334700584412, 0.7951077818870544, 0.7976625561714172, 0.8005539774894714, 0.7934445738792419, 0.8048510551452637, 0.8007492423057556, 0.802804172039032, 0.787039577960968, 0.7940083742141724, 0.8047968745231628, 0.7992925643920898, 0.7922391295433044, 0.802581787109375, 0.8091572523117065, 0.809580385684967, 0.8261231780052185, 0.8080741167068481, 0.8069230914115906, 0.8142423629760742, 0.8172793984413147, 0.8153446316719055, 0.821708619594574, 0.8258404731750488, 0.8143675327301025, 0.8288101553916931, 0.8232670426368713];[0.03529605641961098, 0.0356220044195652, 0.041486725211143494, 0.04232863336801529, 0.053742218762636185, 0.03972628712654114, 0.042359061539173126, 0.04611152783036232, 0.03971753269433975, 0.04816977679729462, 0.045493658632040024, 0.05614909157156944, 0.05043859779834747, 0.06378429383039474, 0.07339881360530853, 0.06901383399963379, 0.06690382212400436, 0.08658649027347565, 0.0916035994887352, 0.09600608050823212, 0.11136168241500854, 0.09932515025138855, 0.09911086410284042, 0.10616336762905121, 0.10885902494192123, 0.10599290579557419, 0.11437986046075821, 0.1202578917145729, 0.1073135957121849, 0.12560786306858063, 0.11745739728212357];[-0.829927384853363, -0.8285213112831116, -0.8466321229934692, -0.8437817096710205, -0.8819457292556763, -0.844285249710083, -0.8499435782432556, -0.8557137250900269, -0.8365889191627502, -0.8647090196609497, -0.8546382784843445, -0.9162119030952454, -0.9005466103553772, -0.9176981449127197, -0.9600943326950073, -0.9568764567375183, -0.9361302852630615, -0.9944840669631958, -1.0243568420410156, -1.026395320892334, -1.110037922859192, -1.0618456602096558, -1.0571379661560059, -1.0875308513641357, -1.0974361896514893, -1.0694843530654907, -1.1173555850982666, -1.1353671550750732, -1.0877755880355835, -1.1672621965408325, -1.1251966953277588];[0.4287530779838562, 0.41043877601623535, 0.3881605565547943, 0.37796297669410706, 0.3823690116405487, 0.35411572456359863, 0.352690190076828, 0.34234532713890076, 0.3783852159976959, 0.3519522547721863, 0.34060239791870117, 0.4521513283252716, 0.5349578857421875, 0.5271945595741272, 0.581551730632782, 0.5699819922447205, 0.5431994795799255, 0.609460175037384, 0.6521508097648621, 0.618720293045044, 0.48518529534339905, 0.4126548767089844, 0.5011290907859802, 0.48532113432884216, 0.3168371319770813, 0.5140104293823242, 0.5766655206680298, 0.4552503526210785, 0.3649672269821167, 0.3609779179096222];1520.338617324829
5000;[0.773542046546936, 0.7727452516555786, 0.782951295375824, 0.7891290187835693, 0.7774274945259094, 0.7737283706665039, 0.7606440782546997, 0.7542504668235779, 0.7594547867774963, 0.7601295113563538, 0.760148823261261, 0.7613616585731506, 0.7517868876457214, 0.754420816898346, 0.757900595664978, 0.7571656107902527, 0.7477988004684448, 0.7538061738014221, 0.7557729482650757, 0.7593504786491394, 0.7554322481155396, 0.747366726398468, 0.7535266876220703, 0.7479861378669739, 0.7530273795127869, 0.7363659739494324, 0.7551252841949463, 0.7375268936157227, 0.7408692836761475, 0.7514780163764954, 0.7387449145317078];[0.03643457964062691, 0.032022543251514435, 0.038092367351055145, 0.036520786583423615, 0.02768908441066742, 0.027548961341381073, 0.02210123836994171, 0.018703799694776535, 0.027163837105035782, 0.029562054201960564, 0.03154101222753525, 0.03853661194443703, 0.03527187556028366, 0.040463436394929886, 0.04746566340327263, 0.04775998368859291, 0.038297899067401886, 0.04383011534810066, 0.04768304526805878, 0.05210936814546585, 0.04802180454134941, 0.041036032140254974, 0.046022605150938034, 0.04146575182676315, 0.045318491756916046, 0.028340132907032967, 0.04425010457634926, 0.030755555257201195, 0.032895032316446304, 0.04011703282594681, 0.030525382608175278];[-0.8297635316848755, -0.8159990906715393, -0.8332753777503967, -0.8299763202667236, -0.8062117099761963, -0.8061734437942505, -0.7983670234680176, -0.7793521881103516, -0.8042049407958984, -0.8283172845840454, -0.820959210395813, -0.8422271609306335, -0.8356879949569702, -0.8465697169303894, -0.8744845390319824, -0.8754457831382751, -0.8404867053031921, -0.867201030254364, -0.8788710236549377, -0.9034644365310669, -0.8795329332351685, -0.8499252796173096, -0.8724034428596497, -0.856711745262146, -0.8792868256568909, -0.8143867254257202, -0.9106124043464661, -0.8194495439529419, -0.8248142600059509, -0.8688284158706665, -0.823182225227356];[0.42446836829185486, 0.43287187814712524, 0.4237433075904846, 0.3882046043872833, 0.3979400396347046, 0.42612144351005554, 0.460071861743927, 0.5217525362968445, 0.5036850571632385, 0.3702247440814972, 0.4387660622596741, 0.44793808460235596, 0.5478368401527405, 0.5691627264022827, 0.5002230405807495, 0.5120518207550049, 0.48440468311309814, 0.4512593746185303, 0.41791996359825134, 0.3115065395832062, 0.3157925307750702, 0.2857918441295624, 0.25522249937057495, 0.4210505783557892, 0.22370940446853638, 0.24370305240154266, 0.4857751429080963, 0.22321344912052155, 0.42928770184516907, 0.6569493412971497];1529.0468940734863
