Seed;RMSE History;MMD History;Log-Likelihood History;Max EIG History;Deployment Time
50;[0.7821969985961914, 0.7740139961242676, 0.7753456830978394, 0.7757976055145264, 0.7757847905158997, 0.7760569453239441, 0.7742875218391418, 0.7813211679458618, 0.7786116003990173, 0.7772131562232971, 0.7690086960792542, 0.775935173034668, 0.7703466415405273, 0.7774584293365479, 0.7694240808486938, 0.7670333385467529, 0.7779920697212219, 0.7764684557914734, 0.7766064405441284, 0.7753113508224487, 0.7740512490272522, 0.7808826565742493, 0.7745374441146851, 0.7787287831306458, 0.7701689600944519, 0.7781878709793091, 0.7778328657150269, 0.7716929316520691, 0.7828654646873474, 0.7737260460853577, 0.7773000001907349];[0.04275934398174286, 0.034091219305992126, 0.03579848259687424, 0.036780260503292084, 0.03656550496816635, 0.0352741964161396, 0.035349491983652115, 0.03929828479886055, 0.0391387939453125, 0.035926494747400284, 0.029417332261800766, 0.03758196160197258, 0.03179165720939636, 0.036603279411792755, 0.027926964685320854, 0.029112646356225014, 0.034281983971595764, 0.034453265368938446, 0.03496234863996506, 0.034449536353349686, 0.03299451246857643, 0.0392056405544281, 0.03493080660700798, 0.03777486830949783, 0.02808471955358982, 0.035281628370285034, 0.0378364697098732, 0.02871011570096016, 0.03684505075216293, 0.03163842856884003, 0.03346742317080498];[-0.8513761162757874, -0.8207434415817261, -0.83001708984375, -0.8286950588226318, -0.8345511555671692, -0.8299016952514648, -0.8245446085929871, -0.8385392427444458, -0.8361282348632812, -0.8318318128585815, -0.8121418356895447, -0.8431980013847351, -0.8130125999450684, -0.8328006267547607, -0.8072860240936279, -0.8111904263496399, -0.8305968046188354, -0.8222056031227112, -0.8273454308509827, -0.8286266922950745, -0.8212842345237732, -0.8381044864654541, -0.823771059513092, -0.8340299129486084, -0.8061167001724243, -0.8291079998016357, -0.8312097191810608, -0.8084089159965515, -0.8410341143608093, -0.8202073574066162, -0.820792555809021];[0.021408801898360252, 0.024547051638364792, 0.023147452622652054, 0.02616000361740589, 0.02049613744020462, 0.023372717201709747, 0.026169806718826294, 0.020325956866145134, 0.02463839203119278, 0.03142480179667473, 0.020667968317866325, 0.024944599717855453, 0.026957228779792786, 0.027507243677973747, 0.021450867876410484, 0.02083631046116352, 0.02619543857872486, 0.022838125005364418, 0.02717610076069832, 0.020771799609065056, 0.020656101405620575, 0.021964170038700104, 0.024358095601201057, 0.02909339778125286, 0.018506132066249847, 0.03286231681704521, 0.02128136157989502, 0.023079458624124527, 0.026716701686382294, 0.019276872277259827]
100;[0.7740078568458557, 0.7716709971427917, 0.7720111012458801, 0.7719808220863342, 0.7705755829811096, 0.7752052545547485, 0.7724993228912354, 0.774886965751648, 0.7748591899871826, 0.7680598497390747, 0.7745976448059082, 0.7710968255996704, 0.7742578387260437, 0.7720960974693298, 0.7734494805335999, 0.7743788361549377, 0.7724628448486328, 0.7805642485618591, 0.771673321723938, 0.777314305305481, 0.7720701694488525, 0.7842192053794861, 0.7713943123817444, 0.7778709530830383, 0.7706464529037476, 0.7691543698310852, 0.7809479832649231, 0.7702996730804443, 0.7796915173530579, 0.7687740325927734, 0.770996630191803];[0.03575695678591728, 0.03620659187436104, 0.03372655808925629, 0.03487742692232132, 0.036629751324653625, 0.0369667187333107, 0.03581791743636131, 0.03532755747437477, 0.03439895063638687, 0.031921885907649994, 0.0334121510386467, 0.03235860541462898, 0.03401963785290718, 0.034091100096702576, 0.033586129546165466, 0.0348210483789444, 0.03409973159432411, 0.039016835391521454, 0.03204090893268585, 0.0387362465262413, 0.03288273513317108, 0.041056081652641296, 0.03216201066970825, 0.03911600634455681, 0.03399958088994026, 0.02999001182615757, 0.038380078971385956, 0.03433971852064133, 0.03812677040696144, 0.030605414882302284, 0.03048255294561386];[-0.8250949382781982, -0.8275513648986816, -0.8213545083999634, -0.8265069723129272, -0.829658567905426, -0.8302248120307922, -0.835995078086853, -0.8326799273490906, -0.8251144886016846, -0.8226789832115173, -0.8511902689933777, -0.8197265863418579, -0.8266456127166748, -0.8261595368385315, -0.8207090497016907, -0.8272287845611572, -0.8276598453521729, -0.8552641868591309, -0.8148756623268127, -0.8490617275238037, -0.8192213177680969, -0.8426986932754517, -0.8209577798843384, -0.8401875495910645, -0.8249245285987854, -0.8117974996566772, -0.8348008990287781, -0.8240939378738403, -0.8413937091827393, -0.8130205273628235, -0.8206233978271484];[0.025728534907102585, 0.019424699246883392, 0.023279398679733276, 0.02499496564269066, 0.026336638256907463, 0.02327241748571396, 0.024962464347481728, 0.02427084743976593, 0.020792514085769653, 0.02357962541282177, 0.029247231781482697, 0.017813626676797867, 0.024941710755228996, 0.02358277514576912, 0.023202497512102127, 0.027627557516098022, 0.03527508303523064, 0.02284560166299343, 0.019805599004030228, 0.021587315946817398, 0.018734265118837357, 0.024931028485298157, 0.020061561837792397, 0.023462679237127304, 0.019542336463928223, 0.02161422371864319, 0.02072121948003769, 0.022530928254127502, 0.027315430343151093, 0.032535307109355927]
150;[0.7738230228424072, 0.7756107449531555, 0.7682534456253052, 0.7669545412063599, 0.769681990146637, 0.771903395652771, 0.7754413485527039, 0.7736716270446777, 0.7626188397407532, 0.7694061398506165, 0.7672990560531616, 0.767021656036377, 0.7748536467552185, 0.7677000164985657, 0.774597704410553, 0.7662895321846008, 0.778058648109436, 0.7685413956642151, 0.7673764824867249, 0.7664631605148315, 0.7757907509803772, 0.7744795680046082, 0.7718108892440796, 0.7680928707122803, 0.7679658532142639, 0.7696473002433777, 0.7759566903114319, 0.763754665851593, 0.7775114178657532, 0.7745067477226257, 0.7753873467445374];[0.0353887565433979, 0.03621524199843407, 0.03182322531938553, 0.03164174407720566, 0.034311577677726746, 0.03540205582976341, 0.03813079372048378, 0.03370402380824089, 0.02690523862838745, 0.03090398572385311, 0.030359996482729912, 0.02973296493291855, 0.03700175881385803, 0.032374244183301926, 0.03647031635046005, 0.030625758692622185, 0.04048324003815651, 0.03294585645198822, 0.03193924203515053, 0.029872730374336243, 0.03579180687665939, 0.037344761192798615, 0.03423844650387764, 0.032311879098415375, 0.0329781249165535, 0.033311039209365845, 0.03671703487634659, 0.02890072390437126, 0.03871123865246773, 0.03765283152461052, 0.036913447082042694];[-0.8276398181915283, -0.8332293629646301, -0.818751335144043, -0.8205045461654663, -0.8253124356269836, -0.8302578926086426, -0.838674783706665, -0.8232914209365845, -0.803361713886261, -0.815544068813324, -0.8113434910774231, -0.8108230829238892, -0.8320164680480957, -0.8191709518432617, -0.8297194838523865, -0.8140609264373779, -0.8399321436882019, -0.8192592263221741, -0.820173442363739, -0.8111830949783325, -0.8282710909843445, -0.8345463871955872, -0.8202796578407288, -0.8221017718315125, -0.8213439583778381, -0.8216433525085449, -0.8337740898132324, -0.8074824810028076, -0.8346806764602661, -0.8390079140663147, -0.8404340744018555];[0.021650508046150208, 0.025430437177419662, 0.026679225265979767, 0.02439837157726288, 0.022774001583456993, 0.026389431208372116, 0.020487168803811073, 0.027540886774659157, 0.023206939920783043, 0.022634707391262054, 0.020585976541042328, 0.0263101514428854, 0.021397722885012627, 0.019855616614222527, 0.0254085510969162, 0.01880766451358795, 0.021888533607125282, 0.020097270607948303, 0.02312455326318741, 0.024871904402971268, 0.0233704075217247, 0.02906835451722145, 0.024083303287625313, 0.02949964813888073, 0.028496019542217255, 0.030262695625424385, 0.026849104091525078, 0.02371376007795334, 0.020109621807932854, 0.02305164933204651]
200;[0.7712486386299133, 0.7733103632926941, 0.7771385312080383, 0.7686880230903625, 0.7784332633018494, 0.7788955569267273, 0.7835105061531067, 0.7817298173904419, 0.7763402462005615, 0.7737654447555542, 0.7814400792121887, 0.7779245376586914, 0.7724443674087524, 0.7818987369537354, 0.7798861861228943, 0.7852476835250854, 0.7828097939491272, 0.7757497429847717, 0.7819787859916687, 0.7891221642494202, 0.78605055809021, 0.7828643321990967, 0.788885235786438, 0.7834235429763794, 0.7771999835968018, 0.7831015586853027, 0.7837270498275757, 0.7889522314071655, 0.7822822332382202, 0.7839581966400146, 0.7862756252288818];[0.03644751384854317, 0.03953959420323372, 0.03742057830095291, 0.033865559846162796, 0.03700745105743408, 0.03891195356845856, 0.04177006334066391, 0.037775877863168716, 0.03654151409864426, 0.03415979817509651, 0.040744055062532425, 0.03809721767902374, 0.03335057571530342, 0.04048139229416847, 0.03864700719714165, 0.04128989949822426, 0.04090307280421257, 0.033114880323410034, 0.038425512611866, 0.043622151017189026, 0.04110187292098999, 0.038391727954149246, 0.04413223639130592, 0.035886090248823166, 0.035440582782030106, 0.03973736986517906, 0.03680925816297531, 0.041847243905067444, 0.03631765767931938, 0.038468971848487854, 0.03920229524374008];[-0.8304311633110046, -0.8398615121841431, -0.8408666849136353, -0.8203737735748291, -0.8443155884742737, -0.8387441039085388, -0.8515166640281677, -0.8330373167991638, -0.8298301100730896, -0.8245759010314941, -0.841414749622345, -0.8365409970283508, -0.8210458159446716, -0.8445395231246948, -0.835830807685852, -0.8479966521263123, -0.8463243842124939, -0.8248445987701416, -0.8432271480560303, -0.8546620607376099, -0.8450976610183716, -0.841822624206543, -0.8580747842788696, -0.8260353207588196, -0.8258630633354187, -0.8376877307891846, -0.8343316912651062, -0.847048819065094, -0.8320173025131226, -0.8340011835098267, -0.8372634053230286];[0.02319033443927765, 0.023238731548190117, 0.02101399376988411, 0.024347277358174324, 0.02166805788874626, 0.02264299988746643, 0.023933367803692818, 0.022415559738874435, 0.03304598852992058, 0.01825655996799469, 0.023958852514624596, 0.026254121214151382, 0.02623884566128254, 0.02147410437464714, 0.02301810495555401, 0.027841610834002495, 0.02359151467680931, 0.01800103299319744, 0.03371087834239006, 0.021368399262428284, 0.019774051383137703, 0.01881178468465805, 0.02320183254778385, 0.02261471375823021, 0.02095712721347809, 0.02417413517832756, 0.03156014904379845, 0.024994036182761192, 0.026181410998106003, 0.025425830855965614]
250;[0.7790236473083496, 0.7770665287971497, 0.7762714624404907, 0.7713643908500671, 0.7824857234954834, 0.7760311365127563, 0.7785215973854065, 0.7726128101348877, 0.7744272947311401, 0.774400532245636, 0.7646592855453491, 0.776940107345581, 0.7832068800926208, 0.7759696841239929, 0.773941695690155, 0.7769638299942017, 0.7695797085762024, 0.7751433253288269, 0.7752928137779236, 0.7709519267082214, 0.7687190175056458, 0.7771695852279663, 0.782821536064148, 0.7685832381248474, 0.7744221091270447, 0.7817962169647217, 0.7683329582214355, 0.7844393253326416, 0.7737361788749695, 0.7693930268287659, 0.7670902013778687];[0.04095490276813507, 0.041430119425058365, 0.03563418611884117, 0.033667560666799545, 0.04263056442141533, 0.036536458879709244, 0.03484240174293518, 0.033498615026474, 0.033321790397167206, 0.03563562408089638, 0.028237661346793175, 0.03801126033067703, 0.04288477823138237, 0.03467797860503197, 0.03622870892286301, 0.03788295388221741, 0.03043253719806671, 0.035333264619112015, 0.034335315227508545, 0.03258279338479042, 0.030091190710663795, 0.035172756761312485, 0.04029306024312973, 0.031279344111680984, 0.03687000647187233, 0.039209507405757904, 0.030869701877236366, 0.04131839796900749, 0.033265143632888794, 0.03225789964199066, 0.028955185785889626];[-0.8494722843170166, -0.8510187268257141, -0.8296055793762207, -0.8219035267829895, -0.8732460141181946, -0.8313248157501221, -0.8366630673408508, -0.8191477060317993, -0.8191524744033813, -0.8274182677268982, -0.8086633086204529, -0.8412436246871948, -0.850091814994812, -0.8496173024177551, -0.8313775658607483, -0.8363887667655945, -0.8153392672538757, -0.825765073299408, -0.8240688443183899, -0.8191571831703186, -0.8154776096343994, -0.8319820761680603, -0.8432151675224304, -0.8137401938438416, -0.8317809104919434, -0.8388419151306152, -0.8139460682868958, -0.844372034072876, -0.8206897974014282, -0.8156075477600098, -0.8080250024795532];[0.023616217076778412, 0.0209715086966753, 0.025691954419016838, 0.023721974343061447, 0.025136195123195648, 0.027564747259020805, 0.023924801498651505, 0.020900597795844078, 0.024632470682263374, 0.028758056461811066, 0.023911533877253532, 0.023875348269939423, 0.021894894540309906, 0.02388729900121689, 0.021572275087237358, 0.017707157880067825, 0.02010362409055233, 0.02428250014781952, 0.023742390796542168, 0.024306364357471466, 0.018158968538045883, 0.027254268527030945, 0.026218190789222717, 0.023224100470542908, 0.021202988922595978, 0.02624025195837021, 0.02241337299346924, 0.024949515238404274, 0.01735176146030426, 0.02429884672164917]
300;[0.7677474617958069, 0.7695490121841431, 0.7766231298446655, 0.7720868587493896, 0.7770134210586548, 0.770855188369751, 0.7713550925254822, 0.7711999416351318, 0.7684779763221741, 0.7710082530975342, 0.7690197825431824, 0.7701037526130676, 0.7829497456550598, 0.7714248895645142, 0.776780903339386, 0.7763916850090027, 0.7707683444023132, 0.7666424512863159, 0.7682130336761475, 0.7719928026199341, 0.7774101495742798, 0.7820467948913574, 0.7720015048980713, 0.7732274532318115, 0.7762191891670227, 0.7745397686958313, 0.7763025164604187, 0.7686807513237, 0.7723897695541382, 0.7763610482215881, 0.7715507745742798];[0.03291848674416542, 0.032405998557806015, 0.03780955821275711, 0.033063631504774094, 0.03892426937818527, 0.03212154284119606, 0.03171233460307121, 0.033855631947517395, 0.029984459280967712, 0.0312657468020916, 0.0294091384857893, 0.0303181204944849, 0.036051537841558456, 0.030088618397712708, 0.03462866693735123, 0.03701084479689598, 0.02933649905025959, 0.026739414781332016, 0.02629934437572956, 0.03111107274889946, 0.03599577769637108, 0.039021436125040054, 0.03077753446996212, 0.03223606199026108, 0.032121483236551285, 0.03201821818947792, 0.03112313337624073, 0.029432380571961403, 0.02950194850564003, 0.03149398788809776, 0.02788226492702961];[-0.821944534778595, -0.8177403807640076, -0.832135796546936, -0.8212656378746033, -0.833317756652832, -0.8204289674758911, -0.8158963918685913, -0.8217287659645081, -0.8121700882911682, -0.8135655522346497, -0.8099349141120911, -0.8162723183631897, -0.8577038645744324, -0.8100271821022034, -0.8278710246086121, -0.8311741352081299, -0.810774564743042, -0.8029729723930359, -0.8022192120552063, -0.8179095983505249, -0.8325627446174622, -0.8527841567993164, -0.8137696385383606, -0.8218300342559814, -0.819116473197937, -0.8176447749137878, -0.8156179189682007, -0.8114342093467712, -0.8086873292922974, -0.8238863348960876, -0.8100093007087708];[0.022548051550984383, 0.018003985285758972, 0.02713710069656372, 0.024119960144162178, 0.022460399195551872, 0.01968705654144287, 0.025903847068548203, 0.022159766405820847, 0.021693430840969086, 0.03607983514666557, 0.02426946721971035, 0.02554529905319214, 0.021620314568281174, 0.024988025426864624, 0.022280115634202957, 0.03587744012475014, 0.02991221286356449, 0.027847861871123314, 0.027191713452339172, 0.0391540452837944, 0.027891505509614944, 0.022529898211359978, 0.025061575695872307, 0.02631457895040512, 0.02616283670067787, 0.023185407742857933, 0.026019619777798653, 0.02382875420153141, 0.02472717873752117, 0.018900178372859955]
350;[0.7704355716705322, 0.7771117091178894, 0.7746567130088806, 0.777297854423523, 0.7714064717292786, 0.7671915888786316, 0.7766621112823486, 0.7770882844924927, 0.7744003534317017, 0.77392578125, 0.7733034491539001, 0.7797200083732605, 0.7622768878936768, 0.7707667350769043, 0.783089816570282, 0.7818856239318848, 0.7706334590911865, 0.7746513485908508, 0.7821992039680481, 0.7881481051445007, 0.7724075317382812, 0.7774778008460999, 0.7692797780036926, 0.7732752561569214, 0.7699922919273376, 0.7810571193695068, 0.7819089889526367, 0.7814663052558899, 0.7806487083435059, 0.7790834307670593, 0.7742336988449097];[0.03398638591170311, 0.03871076926589012, 0.037668827921152115, 0.037317872047424316, 0.03319317847490311, 0.03151753917336464, 0.036880265921354294, 0.03616179898381233, 0.03618312254548073, 0.03348385542631149, 0.031144460663199425, 0.03815058246254921, 0.026117324829101562, 0.030230697244405746, 0.03876661881804466, 0.03884294629096985, 0.02907581999897957, 0.03319111093878746, 0.03633382171392441, 0.04219510033726692, 0.02919442020356655, 0.036562878638505936, 0.02992059476673603, 0.03187854588031769, 0.030559148639440536, 0.0366981066763401, 0.03724022954702377, 0.03820057958364487, 0.037702009081840515, 0.037022434175014496, 0.032743990421295166];[-0.8258494138717651, -0.8406973481178284, -0.8355200886726379, -0.8332033157348633, -0.8203079700469971, -0.8137412667274475, -0.840836763381958, -0.8335506319999695, -0.8298548460006714, -0.8177210688591003, -0.8178447484970093, -0.834810733795166, -0.8024041056632996, -0.8137396574020386, -0.8379454612731934, -0.8436580300331116, -0.8118056654930115, -0.8234921097755432, -0.8322240114212036, -0.8807880282402039, -0.8120229840278625, -0.8348405361175537, -0.814836859703064, -0.8210921883583069, -0.8154853582382202, -0.8326049447059631, -0.8345299363136292, -0.8364613056182861, -0.8358210921287537, -0.8380894660949707, -0.8166252374649048];[0.023030459880828857, 0.02062321826815605, 0.022629139944911003, 0.024274073541164398, 0.01839335635304451, 0.03034195676445961, 0.0306612066924572, 0.04273969680070877, 0.027700606733560562, 0.019922811537981033, 0.024266138672828674, 0.02215450629591942, 0.025920018553733826, 0.029708903282880783, 0.03143099322915077, 0.022822100669145584, 0.022248098626732826, 0.023314742371439934, 0.025396576151251793, 0.023879144340753555, 0.017435038462281227, 0.02632318250834942, 0.032267674803733826, 0.02286483347415924, 0.03959149122238159, 0.025046538561582565, 0.028347745537757874, 0.02275971882045269, 0.03334585577249527, 0.02489287778735161]
400;[0.7718713283538818, 0.7735650539398193, 0.7719340324401855, 0.772125780582428, 0.7708955407142639, 0.7787849307060242, 0.7723132371902466, 0.7760320901870728, 0.7648869752883911, 0.7749184370040894, 0.7700991630554199, 0.7763184905052185, 0.7700362801551819, 0.7716181874275208, 0.7703117728233337, 0.7660999298095703, 0.7784683704376221, 0.7715439796447754, 0.7717136144638062, 0.7699739336967468, 0.7787846922874451, 0.7769051790237427, 0.7752119898796082, 0.7739591002464294, 0.7727975845336914, 0.7807615399360657, 0.781365156173706, 0.7778608798980713, 0.7680566310882568, 0.777772068977356, 0.7760248780250549];[0.038732193410396576, 0.03468899801373482, 0.03347071260213852, 0.033877141773700714, 0.03298606723546982, 0.04053386673331261, 0.032659415155649185, 0.0341007262468338, 0.027527963742613792, 0.03421241044998169, 0.029015986248850822, 0.034254252910614014, 0.029901724308729172, 0.03081323578953743, 0.028413360938429832, 0.02496536262333393, 0.032595448195934296, 0.03063618764281273, 0.03108939342200756, 0.027844544500112534, 0.03305183723568916, 0.03131480887532234, 0.030889395624399185, 0.02770225517451763, 0.028154300525784492, 0.033538300544023514, 0.0342487171292305, 0.031296029686927795, 0.02402515523135662, 0.03196330741047859, 0.026645686477422714];[-0.8386055827140808, -0.826561450958252, -0.821324348449707, -0.8253441452980042, -0.8202340006828308, -0.8452637195587158, -0.8242512345314026, -0.8234185576438904, -0.803809642791748, -0.8253041505813599, -0.810175359249115, -0.8356767892837524, -0.8068792819976807, -0.8180413842201233, -0.8048765659332275, -0.8008482456207275, -0.838990330696106, -0.8152235746383667, -0.8177624344825745, -0.8086970448493958, -0.8240024447441101, -0.813060998916626, -0.8156909346580505, -0.8049963712692261, -0.8058194518089294, -0.8183928728103638, -0.8240374326705933, -0.8153695464134216, -0.7953736186027527, -0.8214547038078308, -0.8043607473373413];[0.024744393303990364, 0.034211453050374985, 0.019951913505792618, 0.024237878620624542, 0.023278187960386276, 0.018648942932486534, 0.02194153517484665, 0.02701801434159279, 0.02235386148095131, 0.02546178735792637, 0.01994621567428112, 0.023426838219165802, 0.022883445024490356, 0.022988207638263702, 0.021740268915891647, 0.02785276621580124, 0.024007365107536316, 0.024810967966914177, 0.026713019236922264, 0.025603991001844406, 0.021961066871881485, 0.024134717881679535, 0.024437779560685158, 0.02402408979833126, 0.020009804517030716, 0.029408812522888184, 0.022118953987956047, 0.021056625992059708, 0.025827821344137192, 0.020358769223093987]
450;[0.7701276540756226, 0.7696753144264221, 0.7765135765075684, 0.7738785147666931, 0.7735063433647156, 0.7713962197303772, 0.7762891054153442, 0.7728209495544434, 0.7816108465194702, 0.7760540843009949, 0.7800386548042297, 0.7740789651870728, 0.778704047203064, 0.7735958099365234, 0.7839229702949524, 0.7759285569190979, 0.7775505185127258, 0.7668830752372742, 0.7773064970970154, 0.7871974110603333, 0.7840312123298645, 0.7842722535133362, 0.7749748826026917, 0.7779718637466431, 0.7918850779533386, 0.7779014110565186, 0.7920154929161072, 0.7839211821556091, 0.7916781902313232, 0.7797684073448181, 0.7890105843544006];[0.03517783433198929, 0.034477997571229935, 0.03897310793399811, 0.03546050563454628, 0.036990921944379807, 0.03612302243709564, 0.04141240194439888, 0.03671729937195778, 0.04402504861354828, 0.04019295424222946, 0.04517558962106705, 0.03703620284795761, 0.03977321833372116, 0.041000790894031525, 0.046979427337646484, 0.04000245779752731, 0.04135558381676674, 0.034374747425317764, 0.039396982640028, 0.050160448998212814, 0.04549874737858772, 0.04900596663355827, 0.042188290506601334, 0.043166495859622955, 0.05445825681090355, 0.044663555920124054, 0.05475366860628128, 0.04591111093759537, 0.05332750082015991, 0.04737691953778267, 0.05265389755368233];[-0.8249574303627014, -0.8254061341285706, -0.8383181691169739, -0.8292356729507446, -0.8399697542190552, -0.8259537220001221, -0.8424223065376282, -0.8293781280517578, -0.851752519607544, -0.8402261734008789, -0.8594033122062683, -0.8311439156532288, -0.8469266295433044, -0.8462250828742981, -0.8634862303733826, -0.8467290997505188, -0.8417119383811951, -0.8224034309387207, -0.8420028686523438, -0.8840147256851196, -0.8560738563537598, -0.8680220246315002, -0.8483574986457825, -0.8509221076965332, -0.8965524435043335, -0.8520378470420837, -0.9022661447525024, -0.8647722005844116, -0.878430187702179, -0.8617357015609741, -0.8804577589035034];[0.022252686321735382, 0.02123473957180977, 0.02660343423485756, 0.03249998390674591, 0.024085158482193947, 0.025935662910342216, 0.028396019712090492, 0.02289200946688652, 0.021846793591976166, 0.022670019418001175, 0.024723323062062263, 0.024546034634113312, 0.025302307680249214, 0.02489183284342289, 0.02848365157842636, 0.02588001824915409, 0.02456924133002758, 0.021747320890426636, 0.023204365745186806, 0.02070838399231434, 0.026661410927772522, 0.02465401217341423, 0.02748016268014908, 0.023929428309202194, 0.02517615258693695, 0.022563576698303223, 0.022633465006947517, 0.023647263646125793, 0.02028130553662777, 0.028558094054460526]
500;[0.7742420434951782, 0.7707579135894775, 0.7889419198036194, 0.7825267314910889, 0.7737039923667908, 0.7767909169197083, 0.7824466228485107, 0.7731844186782837, 0.7742566466331482, 0.7738135457038879, 0.769608199596405, 0.7738515734672546, 0.772998034954071, 0.7811742424964905, 0.7715178728103638, 0.7785509824752808, 0.7796525359153748, 0.7782889604568481, 0.7823377251625061, 0.7812209129333496, 0.7768539786338806, 0.7805562019348145, 0.7754522562026978, 0.789882242679596, 0.7801878452301025, 0.7847824692726135, 0.7963231801986694, 0.7845785617828369, 0.793628454208374, 0.7776653170585632, 0.7856255173683167];[0.036258865147829056, 0.03472607582807541, 0.044303975999355316, 0.03897367790341377, 0.033371008932590485, 0.034402113407850266, 0.03993668034672737, 0.033688560128211975, 0.034137118607759476, 0.0327121876180172, 0.029001053422689438, 0.035827185958623886, 0.03377220407128334, 0.03845309838652611, 0.029261479154229164, 0.03421267122030258, 0.0366596058011055, 0.03427420184016228, 0.037193041294813156, 0.03702341392636299, 0.03349161893129349, 0.036703839898109436, 0.03350893780589104, 0.04309588670730591, 0.03617750480771065, 0.04036901891231537, 0.04935753718018532, 0.03898034989833832, 0.046254176646471024, 0.03461349010467529, 0.04094573110342026];[-0.8328738808631897, -0.826050877571106, -0.8719382882118225, -0.8380696773529053, -0.8184322714805603, -0.8260387182235718, -0.8389047384262085, -0.8228256702423096, -0.828273594379425, -0.8213629722595215, -0.8122103810310364, -0.8328965902328491, -0.8219416737556458, -0.835313618183136, -0.8114705681800842, -0.8269883990287781, -0.828607976436615, -0.8253573775291443, -0.8329473733901978, -0.8294785618782043, -0.8268598914146423, -0.8313111662864685, -0.8236614465713501, -0.8544347882270813, -0.8284754753112793, -0.8482860326766968, -0.8731573224067688, -0.8401798009872437, -0.8599326014518738, -0.8267914056777954, -0.8443307876586914];[0.025333791971206665, 0.024386558681726456, 0.026921594515442848, 0.026765387505292892, 0.02529982104897499, 0.02403366006910801, 0.04401731491088867, 0.024348394945263863, 0.028164517134428024, 0.02666614018380642, 0.02078177221119404, 0.02396390587091446, 0.023417232558131218, 0.025995953008532524, 0.021594174206256866, 0.020119285210967064, 0.021261826157569885, 0.021467365324497223, 0.021404316648840904, 0.018587009981274605, 0.028090262785553932, 0.023822646588087082, 0.01888449676334858, 0.023713435977697372, 0.018511522561311722, 0.022579016163945198, 0.02133195661008358, 0.021709619089961052, 0.02647729590535164, 0.034199684858322144]
550;[0.7799436450004578, 0.7720432281494141, 0.7715811133384705, 0.771864652633667, 0.7674317359924316, 0.7790513634681702, 0.7775683403015137, 0.774547815322876, 0.7716355919837952, 0.7711716294288635, 0.7696782946586609, 0.7799789309501648, 0.7709118723869324, 0.7777664661407471, 0.7682467103004456, 0.7744671702384949, 0.7874534726142883, 0.7667633891105652, 0.7721002697944641, 0.7734930515289307, 0.7683009505271912, 0.7773265242576599, 0.7738187909126282, 0.7750844955444336, 0.7688542604446411, 0.7715506553649902, 0.7898890376091003, 0.7727332711219788, 0.7727890014648438, 0.7745757102966309, 0.7795233130455017];[0.04087536036968231, 0.03535865619778633, 0.03559889271855354, 0.03408164903521538, 0.029558315873146057, 0.040300656110048294, 0.03852125257253647, 0.035398151725530624, 0.0341198593378067, 0.03510025888681412, 0.03117785044014454, 0.03762275353074074, 0.03279813751578331, 0.03721797838807106, 0.027851061895489693, 0.03576309606432915, 0.0428072065114975, 0.02884022146463394, 0.030185600742697716, 0.03127501904964447, 0.02746906317770481, 0.033820655196905136, 0.02993711084127426, 0.032353609800338745, 0.029643993824720383, 0.031092172488570213, 0.04327594116330147, 0.033289793878793716, 0.031983472406864166, 0.031394414603710175, 0.03499789163470268];[-0.8462213277816772, -0.8321100473403931, -0.8280446529388428, -0.8252997398376465, -0.8102820515632629, -0.8442522287368774, -0.8399509191513062, -0.8294203281402588, -0.8238344788551331, -0.8283179402351379, -0.8140515685081482, -0.8543285727500916, -0.822114884853363, -0.8353754281997681, -0.8077850937843323, -0.8265602588653564, -0.8707976341247559, -0.8066399693489075, -0.8138424158096313, -0.8165252804756165, -0.8103813529014587, -0.8312437534332275, -0.813473641872406, -0.828800618648529, -0.8093028664588928, -0.8132335543632507, -0.8566868901252747, -0.8213476538658142, -0.8168302178382874, -0.8229715824127197, -0.8397527933120728];[0.025304855778813362, 0.02120245061814785, 0.019501324743032455, 0.022067677229642868, 0.026019327342510223, 0.01851995848119259, 0.023482203483581543, 0.024180902168154716, 0.019522566348314285, 0.021948354318737984, 0.019902167841792107, 0.024265490472316742, 0.02274053357541561, 0.02142040990293026, 0.026724161580204964, 0.025986194610595703, 0.02138753980398178, 0.022018859162926674, 0.02216976508498192, 0.0218792911618948, 0.022671151906251907, 0.018973376601934433, 0.02323516272008419, 0.021729692816734314, 0.02135096676647663, 0.02465810626745224, 0.02397792413830757, 0.021484941244125366, 0.023336136713624, 0.022184917703270912]
600;[0.7843565344810486, 0.7708350419998169, 0.7769573330879211, 0.7747225165367126, 0.7784038782119751, 0.7668819427490234, 0.7743052244186401, 0.7722435593605042, 0.7799535393714905, 0.7728451490402222, 0.7685742974281311, 0.7685322761535645, 0.7747306227684021, 0.7708923816680908, 0.7699860334396362, 0.775391161441803, 0.7822657227516174, 0.7796880006790161, 0.7751790881156921, 0.7771602272987366, 0.7813930511474609, 0.7753899097442627, 0.7742186784744263, 0.7777248620986938, 0.776723325252533, 0.778086245059967, 0.7822758555412292, 0.7696892023086548, 0.7747674584388733, 0.7721342444419861, 0.7790980339050293];[0.0427822507917881, 0.03236561268568039, 0.03961558640003204, 0.037544552236795425, 0.039333511143922806, 0.029386768117547035, 0.03762421756982803, 0.03293386846780777, 0.04043983295559883, 0.03355124220252037, 0.03269689157605171, 0.028958451002836227, 0.035203538835048676, 0.031689103692770004, 0.030172675848007202, 0.03830670192837715, 0.03935477137565613, 0.038894232362508774, 0.03585059940814972, 0.03807657212018967, 0.04242345690727234, 0.03716147691011429, 0.03394274786114693, 0.039363883435726166, 0.03691680729389191, 0.038431067019701004, 0.03932717815041542, 0.029769832268357277, 0.03619907423853874, 0.03369658440351486, 0.03932228311896324];[-0.8588883280754089, -0.8162877559661865, -0.8421989679336548, -0.8308810591697693, -0.8431066870689392, -0.8114839196205139, -0.8324714303016663, -0.8219789266586304, -0.8393850922584534, -0.8227304220199585, -0.818855345249176, -0.8102163672447205, -0.8268615007400513, -0.8168372511863708, -0.815638542175293, -0.8421509265899658, -0.8420500755310059, -0.8392455577850342, -0.8338969945907593, -0.8379442095756531, -0.8506622314453125, -0.8388403058052063, -0.8306716680526733, -0.8446774482727051, -0.8314543962478638, -0.8362700343132019, -0.8788465857505798, -0.8144964575767517, -0.8315836787223816, -0.8339593410491943, -0.8424942493438721];[0.026170967146754265, 0.026219148188829422, 0.02600172907114029, 0.025879614055156708, 0.025644462555646896, 0.02149887941777706, 0.02428959682583809, 0.024566303938627243, 0.024484645575284958, 0.03177618235349655, 0.019365297630429268, 0.027666112408041954, 0.021508703008294106, 0.018632739782333374, 0.022399066016077995, 0.02316882088780403, 0.020873600617051125, 0.025242149829864502, 0.024521302431821823, 0.024777961894869804, 0.022992854937911034, 0.022706007584929466, 0.02330166846513748, 0.023480400443077087, 0.023860663175582886, 0.024454429745674133, 0.03177201747894287, 0.021201543509960175, 0.025038542225956917, 0.022591089829802513]
650;[0.7730379700660706, 0.7729825377464294, 0.773580014705658, 0.7812418937683105, 0.7814777493476868, 0.776991069316864, 0.7698441743850708, 0.7722065448760986, 0.7736662030220032, 0.7710491418838501, 0.7675736546516418, 0.7675482034683228, 0.7710322141647339, 0.7672596573829651, 0.7702038288116455, 0.7718304991722107, 0.764777660369873, 0.7702965140342712, 0.774771511554718, 0.7689506411552429, 0.7720604538917542, 0.7692183256149292, 0.7708865404129028, 0.7728050351142883, 0.7745364904403687, 0.7805542945861816, 0.7700729966163635, 0.7635546326637268, 0.7736238837242126, 0.7701492309570312, 0.7681977152824402];[0.03675731644034386, 0.03835155814886093, 0.03921619430184364, 0.04189016669988632, 0.04308850318193436, 0.03978119418025017, 0.03605281561613083, 0.037468940019607544, 0.036976125091314316, 0.037895381450653076, 0.032756611704826355, 0.032083313912153244, 0.03571894392371178, 0.03451640158891678, 0.030696116387844086, 0.03293599560856819, 0.031716082245111465, 0.036102864891290665, 0.03722605109214783, 0.033462896943092346, 0.03650090843439102, 0.034351661801338196, 0.031993743032217026, 0.03594140335917473, 0.0346396341919899, 0.03866418078541756, 0.03183164820075035, 0.027017250657081604, 0.03815947845578194, 0.0328560397028923, 0.02932584472000599];[-0.8281813859939575, -0.841469943523407, -0.8533357977867126, -0.8518107533454895, -0.8476110100746155, -0.8416575193405151, -0.8433274626731873, -0.8316425681114197, -0.8312248587608337, -0.833850085735321, -0.8196266889572144, -0.8203274607658386, -0.825525164604187, -0.8233736157417297, -0.8156177997589111, -0.8185960054397583, -0.8167684078216553, -0.8294650912284851, -0.8414825201034546, -0.8202537298202515, -0.8311640024185181, -0.8273171782493591, -0.8177257776260376, -0.8293213844299316, -0.8258967995643616, -0.8405359983444214, -0.8159642815589905, -0.8050464987754822, -0.8373532891273499, -0.8206920027732849, -0.8152965903282166];[0.03071744181215763, 0.029007358476519585, 0.025464516133069992, 0.02616676688194275, 0.026143547147512436, 0.02297203056514263, 0.021718312054872513, 0.02311098575592041, 0.020428992807865143, 0.027819044888019562, 0.02565193548798561, 0.02159692905843258, 0.02136647142469883, 0.02227248251438141, 0.023168349638581276, 0.02139356918632984, 0.02175542339682579, 0.02687959559261799, 0.02065153606235981, 0.01971081830561161, 0.020410994067788124, 0.027418408542871475, 0.026198197156190872, 0.023563126102089882, 0.019688740372657776, 0.02016225829720497, 0.019265662878751755, 0.020813792943954468, 0.02945287525653839, 0.02382112853229046]
700;[0.7688427567481995, 0.7749738693237305, 0.7674027681350708, 0.7739134430885315, 0.7750018239021301, 0.7774692177772522, 0.7739814519882202, 0.7708009481430054, 0.7888128757476807, 0.7832725644111633, 0.7765158414840698, 0.772129237651825, 0.7701498866081238, 0.778258204460144, 0.7825882434844971, 0.7774074077606201, 0.7762173414230347, 0.7790337204933167, 0.7718845009803772, 0.7699036598205566, 0.7735147476196289, 0.7720662951469421, 0.7696040272712708, 0.7804242372512817, 0.7741695642471313, 0.7732067108154297, 0.7701141238212585, 0.773730456829071, 0.7889642715454102, 0.7782763838768005, 0.7775339484214783];[0.0325908288359642, 0.03784378618001938, 0.03249154984951019, 0.03933681920170784, 0.03560764342546463, 0.04047733545303345, 0.037310898303985596, 0.034391168504953384, 0.04657447710633278, 0.04157029092311859, 0.041415173560380936, 0.03389868512749672, 0.03212461620569229, 0.03952617570757866, 0.04618765786290169, 0.038358502089977264, 0.036097634583711624, 0.038367073982954025, 0.035186853259801865, 0.03347752243280411, 0.03707846999168396, 0.035660285502672195, 0.03359571099281311, 0.03966205567121506, 0.03751005604863167, 0.03746964782476425, 0.03577861934900284, 0.03735053911805153, 0.046842820942401886, 0.04003295674920082, 0.03780120611190796];[-0.8223816156387329, -0.8350900411605835, -0.8192319273948669, -0.8379566669464111, -0.828718364238739, -0.8414083123207092, -0.8353327512741089, -0.8254298567771912, -0.8966364860534668, -0.8608472943305969, -0.844231128692627, -0.8221208453178406, -0.8183979392051697, -0.8383161425590515, -0.8639359474182129, -0.8394641280174255, -0.8481695055961609, -0.8365460634231567, -0.8270392417907715, -0.8213744163513184, -0.8332915902137756, -0.8278921842575073, -0.8204603791236877, -0.8415980339050293, -0.8362811803817749, -0.8365020155906677, -0.8315287232398987, -0.8331195712089539, -0.8658456206321716, -0.8374335169792175, -0.8333679437637329];[0.021801145747303963, 0.022507965564727783, 0.022129695862531662, 0.024881916120648384, 0.022647975012660027, 0.02432054653763771, 0.02291436679661274, 0.019104760140180588, 0.024378575384616852, 0.028340237215161324, 0.022591838613152504, 0.030141010880470276, 0.02293054386973381, 0.01454991102218628, 0.024615563452243805, 0.021540803834795952, 0.01987447775900364, 0.021019864827394485, 0.018991095945239067, 0.025080516934394836, 0.021672304719686508, 0.03066941909492016, 0.02502583898603916, 0.024643510580062866, 0.025722431018948555, 0.01831461489200592, 0.02922605723142624, 0.02398201823234558, 0.024172116070985794, 0.03044980950653553]
750;[0.7702447175979614, 0.7836642265319824, 0.7722469568252563, 0.7717924118041992, 0.7724077105522156, 0.7755797505378723, 0.7718685865402222, 0.7797465324401855, 0.7773867249488831, 0.7772573828697205, 0.777957558631897, 0.7857199907302856, 0.7779691815376282, 0.7803774476051331, 0.7758630514144897, 0.7744653224945068, 0.7759107351303101, 0.7825672626495361, 0.788189709186554, 0.7787988781929016, 0.7813571691513062, 0.791132390499115, 0.7866655588150024, 0.7762275338172913, 0.7777655720710754, 0.7807626724243164, 0.7927151918411255, 0.7830894589424133, 0.7894235253334045, 0.7832788825035095, 0.7870442867279053];[0.03627016022801399, 0.04369532689452171, 0.035815056413412094, 0.034346822649240494, 0.03498946130275726, 0.03689165785908699, 0.034953393042087555, 0.04280319809913635, 0.036288779228925705, 0.037310317158699036, 0.0379604734480381, 0.04562272131443024, 0.03994625434279442, 0.04171181470155716, 0.03669999912381172, 0.0371297150850296, 0.03680787608027458, 0.042511723935604095, 0.04427272081375122, 0.03839779272675514, 0.043801818042993546, 0.04681932181119919, 0.046048883348703384, 0.03748057782649994, 0.03948016092181206, 0.036905039101839066, 0.04999778792262077, 0.04051710665225983, 0.0455809086561203, 0.041310764849185944, 0.04502107948064804];[-0.8291909098625183, -0.8510106801986694, -0.8304903507232666, -0.8279204368591309, -0.831899881362915, -0.8338353633880615, -0.8273859620094299, -0.8493534922599792, -0.8317773342132568, -0.8317722082138062, -0.8339249491691589, -0.8712456822395325, -0.8407391309738159, -0.8448572754859924, -0.8351622223854065, -0.8313149809837341, -0.83872389793396, -0.8480260372161865, -0.8758279085159302, -0.835899293422699, -0.8509440422058105, -0.8923669457435608, -0.8678444623947144, -0.8375949859619141, -0.8401273488998413, -0.8469975590705872, -0.8802599906921387, -0.8453125357627869, -0.8823235034942627, -0.8461435437202454, -0.8599894046783447];[0.024577796459197998, 0.022246889770030975, 0.030710922554135323, 0.023244785144925117, 0.020504171028733253, 0.02049286663532257, 0.02705695852637291, 0.0221396554261446, 0.02972426638007164, 0.021303769201040268, 0.02689194679260254, 0.022629953920841217, 0.023986734449863434, 0.02057502418756485, 0.03161162510514259, 0.02016579732298851, 0.025773314759135246, 0.028497548773884773, 0.022414304316043854, 0.022513367235660553, 0.026011908426880836, 0.02782960794866085, 0.02638985961675644, 0.03121456876397133, 0.019729143008589745, 0.02066182717680931, 0.022748105227947235, 0.021343937143683434, 0.025833960622549057, 0.0243296530097723]
800;[0.7814730405807495, 0.7711122035980225, 0.7726370692253113, 0.7695302963256836, 0.7768738269805908, 0.7670247554779053, 0.7674160599708557, 0.7690935134887695, 0.7653060555458069, 0.7754380106925964, 0.7730957865715027, 0.7719060182571411, 0.7744394540786743, 0.7777365446090698, 0.7734622955322266, 0.7738298773765564, 0.7721647024154663, 0.7780086994171143, 0.7810070514678955, 0.7730463743209839, 0.7779862880706787, 0.7727178931236267, 0.7811703085899353, 0.7838548421859741, 0.7888807654380798, 0.7782428860664368, 0.7794623970985413, 0.7788688540458679, 0.7846633791923523, 0.7896900773048401, 0.7801051139831543];[0.04097798466682434, 0.03290349990129471, 0.034163039177656174, 0.03243052586913109, 0.03852054849267006, 0.029378315433859825, 0.03155642747879028, 0.032144542783498764, 0.031917572021484375, 0.03754734247922897, 0.037664320319890976, 0.03665938600897789, 0.03485766425728798, 0.039378657937049866, 0.03827739879488945, 0.03706538304686546, 0.0368984155356884, 0.04064664989709854, 0.041908860206604004, 0.033938318490982056, 0.04147884249687195, 0.03904750570654869, 0.043337441980838776, 0.04566928744316101, 0.049295928329229355, 0.040516406297683716, 0.03711351007223129, 0.04042593389749527, 0.04311254620552063, 0.04865646734833717, 0.04222999885678291];[-0.8487133383750916, -0.820716917514801, -0.8204703330993652, -0.8216227889060974, -0.8497191071510315, -0.8085603713989258, -0.8170754313468933, -0.8152646422386169, -0.8147993683815002, -0.8551065921783447, -0.834104061126709, -0.8355239629745483, -0.8279425501823425, -0.8397220969200134, -0.8361935019493103, -0.8393527865409851, -0.8317989110946655, -0.8396759033203125, -0.8544580936431885, -0.825948178768158, -0.8453348875045776, -0.8390861749649048, -0.8549707531929016, -0.8651721477508545, -0.8675959706306458, -0.8438721895217896, -0.8334705829620361, -0.8395481705665588, -0.8502635955810547, -0.8657882213592529, -0.8448578119277954];[0.021456805989146233, 0.02640111744403839, 0.024079488590359688, 0.025348098948597908, 0.02492905594408512, 0.019350184127688408, 0.021059872582554817, 0.019611533731222153, 0.02431589551270008, 0.02736646682024002, 0.02626846171915531, 0.021069984883069992, 0.019465750083327293, 0.034600045531988144, 0.028180988505482674, 0.024731865152716637, 0.02711973525583744, 0.02570778876543045, 0.02148108184337616, 0.022423207759857178, 0.019901923835277557, 0.026058150455355644, 0.02352285385131836, 0.031867630779743195, 0.023644564673304558, 0.02649689093232155, 0.023116372525691986, 0.031150976195931435, 0.0195427518337965, 0.020703567191958427]
850;[0.7738751173019409, 0.7710155248641968, 0.7675465941429138, 0.771926760673523, 0.7683452367782593, 0.7665923237800598, 0.777459979057312, 0.7658262848854065, 0.766018807888031, 0.7711722254753113, 0.7717888951301575, 0.7664405703544617, 0.7668713927268982, 0.7710333466529846, 0.7688574194908142, 0.7685800790786743, 0.762101948261261, 0.7650742530822754, 0.7722377777099609, 0.7717938423156738, 0.7733697295188904, 0.7730235457420349, 0.7739078402519226, 0.7685722708702087, 0.7811417579650879, 0.7694128155708313, 0.7703263163566589, 0.7748813629150391, 0.7818943858146667, 0.7722334265708923, 0.7776923775672913];[0.03582756966352463, 0.03413281962275505, 0.033839788287878036, 0.03588058054447174, 0.03289525583386421, 0.03128057345747948, 0.03684237226843834, 0.032737985253334045, 0.031898900866508484, 0.03555550053715706, 0.03386061638593674, 0.03195901960134506, 0.029902447015047073, 0.033360809087753296, 0.033030569553375244, 0.031526342034339905, 0.027913356199860573, 0.03271329775452614, 0.03787735849618912, 0.037394821643829346, 0.03610268607735634, 0.036998920142650604, 0.03623482584953308, 0.035000767558813095, 0.04167574644088745, 0.03641830384731293, 0.03140011429786682, 0.03731941059231758, 0.04312000051140785, 0.036015503108501434, 0.03919477015733719];[-0.8319753408432007, -0.8238601088523865, -0.8219620585441589, -0.8294951915740967, -0.8202887177467346, -0.8147082924842834, -0.829959511756897, -0.8175036907196045, -0.8169918656349182, -0.8295642137527466, -0.8227244019508362, -0.8163581490516663, -0.8132396340370178, -0.8237236142158508, -0.8221976161003113, -0.8131178021430969, -0.8091741800308228, -0.8222466111183167, -0.8360176682472229, -0.8369904160499573, -0.8355228900909424, -0.8393852710723877, -0.8287888765335083, -0.8246057629585266, -0.8497979640960693, -0.8291690945625305, -0.8183231353759766, -0.8315500617027283, -0.8562570810317993, -0.8275123834609985, -0.8408873081207275];[0.022643396630883217, 0.035277191549539566, 0.030970340594649315, 0.028066355735063553, 0.020056892186403275, 0.022867191582918167, 0.02154630795121193, 0.02310650609433651, 0.02443854510784149, 0.023086758330464363, 0.02543754316866398, 0.03587108477950096, 0.020833183079957962, 0.019971050322055817, 0.02276897430419922, 0.03489035367965698, 0.020099913701415062, 0.022851232439279556, 0.0232853963971138, 0.028164763003587723, 0.023303741589188576, 0.025635819882154465, 0.018627159297466278, 0.022630441933870316, 0.027667641639709473, 0.020651474595069885, 0.020571943372488022, 0.02537582814693451, 0.019715145230293274, 0.029722008854150772]
900;[0.7756485342979431, 0.7674382328987122, 0.766817569732666, 0.7727984189987183, 0.7669816613197327, 0.7755773663520813, 0.7756623029708862, 0.7771614789962769, 0.7778077721595764, 0.7721589207649231, 0.7710988521575928, 0.7829427719116211, 0.7690390348434448, 0.7767995595932007, 0.7893986701965332, 0.7798022627830505, 0.7707788944244385, 0.7757202386856079, 0.7845369577407837, 0.7735933661460876, 0.7745499014854431, 0.7814990282058716, 0.786357581615448, 0.7765967845916748, 0.7797675132751465, 0.7802255153656006, 0.78290194272995, 0.7741365432739258, 0.7777848243713379, 0.7821073532104492, 0.7793781757354736];[0.03539879247546196, 0.03288702294230461, 0.031033776700496674, 0.03684881702065468, 0.029744742438197136, 0.03623240441083908, 0.036734890192747116, 0.03240739926695824, 0.039334286004304886, 0.03371652215719223, 0.028534887358546257, 0.040191031992435455, 0.032487984746694565, 0.035248879343271255, 0.04450928419828415, 0.03861695155501366, 0.034064482897520065, 0.03320172056555748, 0.03933271765708923, 0.03400001302361488, 0.03257821127772331, 0.041187532246112823, 0.04332911595702171, 0.0346728190779686, 0.03628060221672058, 0.04014421999454498, 0.039121970534324646, 0.03203169256448746, 0.03279377520084381, 0.039104875177145004, 0.03557824343442917];[-0.8271000981330872, -0.8192625641822815, -0.8168806433677673, -0.8336477279663086, -0.8112083077430725, -0.828461766242981, -0.8358983397483826, -0.8220645785331726, -0.854259192943573, -0.8196242451667786, -0.8068059682846069, -0.8378539681434631, -0.8171399831771851, -0.8217713236808777, -0.8535206913948059, -0.8339884281158447, -0.8228940367698669, -0.8216130137443542, -0.836256206035614, -0.826136589050293, -0.8227443099021912, -0.8426496982574463, -0.8506153225898743, -0.8252328038215637, -0.8293132185935974, -0.8364661931991577, -0.8392236232757568, -0.8161966800689697, -0.824329137802124, -0.844238817691803, -0.8283778429031372];[0.02048405073583126, 0.027607766911387444, 0.0194744523614645, 0.020319409668445587, 0.02750978246331215, 0.0203674528747797, 0.023879125714302063, 0.023900652304291725, 0.02066121995449066, 0.028245065361261368, 0.02362881973385811, 0.021988512948155403, 0.02868027798831463, 0.01908963732421398, 0.022107107564806938, 0.020462723448872566, 0.015305410139262676, 0.026746828109025955, 0.02825283631682396, 0.021383119747042656, 0.02875239960849285, 0.022651275619864464, 0.02181064710021019, 0.020025083795189857, 0.03142489492893219, 0.022926459088921547, 0.022187234833836555, 0.018524788320064545, 0.020000137388706207, 0.024846429005265236]
950;[0.7704263925552368, 0.7692752480506897, 0.7663599252700806, 0.7754724025726318, 0.7780618071556091, 0.7785834670066833, 0.7743766903877258, 0.7747608423233032, 0.7790266275405884, 0.7723813652992249, 0.7776352763175964, 0.7807263135910034, 0.7731680870056152, 0.77535080909729, 0.775838315486908, 0.7783671021461487, 0.7767018675804138, 0.7735134363174438, 0.7736399173736572, 0.7834760546684265, 0.7788999080657959, 0.7896634340286255, 0.7777739763259888, 0.7771944999694824, 0.7825157046318054, 0.7870556116104126, 0.7808692455291748, 0.779560923576355, 0.7758389115333557, 0.7795467376708984, 0.7818807363510132];[0.03167470917105675, 0.03315240144729614, 0.03127880394458771, 0.03874756768345833, 0.03808683902025223, 0.040257345885038376, 0.0328279584646225, 0.035179995000362396, 0.03963233530521393, 0.03353181108832359, 0.036807671189308167, 0.04014904797077179, 0.03249572589993477, 0.03560102730989456, 0.03234393522143364, 0.03669356554746628, 0.03586393967270851, 0.0365174226462841, 0.032163023948669434, 0.041465338319540024, 0.03651415929198265, 0.04751160368323326, 0.036915674805641174, 0.036572087556123734, 0.040556591004133224, 0.043601129204034805, 0.037029486149549484, 0.03754947707056999, 0.03537338972091675, 0.03550531342625618, 0.03899575024843216];[-0.8184921145439148, -0.8185573220252991, -0.8149471282958984, -0.8396769165992737, -0.8355756998062134, -0.8468306660652161, -0.8194606304168701, -0.8282383680343628, -0.8449096083641052, -0.8231058716773987, -0.832758903503418, -0.842068076133728, -0.8215426206588745, -0.8251855373382568, -0.8208708763122559, -0.830480694770813, -0.8347662687301636, -0.8289043307304382, -0.8196526765823364, -0.8488700985908508, -0.8310707807540894, -0.8598758578300476, -0.8336284160614014, -0.8321190476417542, -0.8439083695411682, -0.8675962090492249, -0.8509091138839722, -0.8373198509216309, -0.8341187238693237, -0.8272674083709717, -0.8435107469558716];[0.020349666476249695, 0.038292296230793, 0.02508942224085331, 0.025593234226107597, 0.019366933032870293, 0.022106608375906944, 0.01953156664967537, 0.017364852130413055, 0.022298475727438927, 0.019962500780820847, 0.021088970825076103, 0.022533055394887924, 0.03534386679530144, 0.0237949937582016, 0.021504102274775505, 0.021530186757445335, 0.020730173215270042, 0.028769273310899734, 0.02562139555811882, 0.025927072390913963, 0.02735554613173008, 0.024697571992874146, 0.021101539954543114, 0.021991560235619545, 0.03503338620066643, 0.030555149540305138, 0.022054307162761688, 0.022349949926137924, 0.023540448397397995, 0.022455910220742226]
1000;[0.7706597447395325, 0.7688960433006287, 0.7680253982543945, 0.7715020179748535, 0.7700247764587402, 0.7740439176559448, 0.7799918055534363, 0.7704352736473083, 0.764571487903595, 0.7744315266609192, 0.7737138867378235, 0.7654996514320374, 0.7766611576080322, 0.7755106091499329, 0.7694350481033325, 0.7712329626083374, 0.7753625512123108, 0.7679529786109924, 0.772766649723053, 0.7725609540939331, 0.7752076387405396, 0.7733196020126343, 0.7712870240211487, 0.764426589012146, 0.7761735916137695, 0.7839308381080627, 0.7718279361724854, 0.7683095335960388, 0.7707215547561646, 0.7780237197875977, 0.7702221870422363];[0.034670133143663406, 0.03170216828584671, 0.034016747027635574, 0.03779375180602074, 0.03743681684136391, 0.03911583125591278, 0.04273506626486778, 0.034760892391204834, 0.030567504465579987, 0.038859784603118896, 0.03841685131192207, 0.030284401029348373, 0.037879589945077896, 0.03657696023583412, 0.03413666412234306, 0.03437505289912224, 0.03545575216412544, 0.03082074038684368, 0.03379600867629051, 0.034573763608932495, 0.036356933414936066, 0.036496181041002274, 0.033385999500751495, 0.02988487295806408, 0.038326460868120193, 0.04517555236816406, 0.03392799198627472, 0.03145957738161087, 0.03127025067806244, 0.03826189786195755, 0.03578289598226547];[-0.8294352293014526, -0.8172923922538757, -0.823972225189209, -0.835938572883606, -0.8383433222770691, -0.8383368849754333, -0.8528447151184082, -0.8270096778869629, -0.8151662945747375, -0.8436145186424255, -0.8333421945571899, -0.8120039105415344, -0.8339612483978271, -0.8367760181427002, -0.834463894367218, -0.8225916028022766, -0.8312960863113403, -0.813417375087738, -0.8206192851066589, -0.827276349067688, -0.8310248851776123, -0.8346830010414124, -0.8224259614944458, -0.81086266040802, -0.8400024771690369, -0.8573597073554993, -0.8209710121154785, -0.8171632289886475, -0.8167102336883545, -0.8383996486663818, -0.831580638885498];[0.020114442333579063, 0.020149245858192444, 0.023685341700911522, 0.023540612310171127, 0.025465551763772964, 0.022004427388310432, 0.024883665144443512, 0.01978372037410736, 0.028944900259375572, 0.0201252568513155, 0.021477703005075455, 0.0228106789290905, 0.0227837935090065, 0.020131336525082588, 0.023771122097969055, 0.02833193726837635, 0.022117232903838158, 0.021928397938609123, 0.028688441962003708, 0.023705754429101944, 0.02871396392583847, 0.024278495460748672, 0.024639315903186798, 0.02109569124877453, 0.024477360770106316, 0.018205201253294945, 0.024646036326885223, 0.02043374627828598, 0.024614887312054634, 0.03306625038385391]
1050;[0.7767015695571899, 0.7661586403846741, 0.7801579236984253, 0.7767553925514221, 0.7824367880821228, 0.774480938911438, 0.7726863622665405, 0.772735595703125, 0.7714303731918335, 0.7803627848625183, 0.7760088443756104, 0.776425838470459, 0.789408266544342, 0.7899365425109863, 0.7857555747032166, 0.7831693291664124, 0.7871889472007751, 0.7868425250053406, 0.7771458625793457, 0.7825495004653931, 0.786156177520752, 0.7901279330253601, 0.7897003889083862, 0.7986102104187012, 0.7899179458618164, 0.7854639887809753, 0.7838044166564941, 0.7867820858955383, 0.8042405843734741, 0.7825535535812378, 0.7871038913726807];[0.03815692290663719, 0.033836573362350464, 0.0409393236041069, 0.04006235674023628, 0.04440997168421745, 0.03494291752576828, 0.0329921655356884, 0.03351518511772156, 0.030938629060983658, 0.03665454313158989, 0.032394129782915115, 0.037671174854040146, 0.043950386345386505, 0.042735274881124496, 0.043585021048784256, 0.04029375687241554, 0.04083960875868797, 0.04111381992697716, 0.03342711552977562, 0.03779798373579979, 0.03984028473496437, 0.04259727522730827, 0.04277264326810837, 0.051248736679553986, 0.04130081459879875, 0.039797376841306686, 0.03684761002659798, 0.03989047184586525, 0.05322200804948807, 0.03802661597728729, 0.04082868993282318];[-0.8371472954750061, -0.8224833607673645, -0.8473353385925293, -0.8427126407623291, -0.8656810522079468, -0.8252801895141602, -0.8188790082931519, -0.8215108513832092, -0.813737154006958, -0.8287662267684937, -0.818942129611969, -0.8333379030227661, -0.8624098300933838, -0.854256808757782, -0.8598204255104065, -0.8405556678771973, -0.8413387537002563, -0.8402860164642334, -0.8204320073127747, -0.8333427906036377, -0.8450199365615845, -0.8468213081359863, -0.8500431180000305, -0.8816837072372437, -0.8478085994720459, -0.83766108751297, -0.831121563911438, -0.8384417295455933, -0.8912100195884705, -0.8329851031303406, -0.8464218378067017];[0.024550583213567734, 0.023100895807147026, 0.022503621876239777, 0.023594364523887634, 0.021421333774924278, 0.02201159857213497, 0.02609756402671337, 0.022571444511413574, 0.02308058552443981, 0.02338678576052189, 0.03207170590758324, 0.024669203907251358, 0.027100199833512306, 0.028260035440325737, 0.029659811407327652, 0.025564730167388916, 0.021365946158766747, 0.02512424625456333, 0.023857643827795982, 0.02316875569522381, 0.020741572603583336, 0.023429004475474358, 0.023035036399960518, 0.020885251462459564, 0.023994049057364464, 0.022973913699388504, 0.02350950613617897, 0.023703277111053467, 0.02469496801495552, 0.02225813828408718]
1100;[0.767893373966217, 0.7725604176521301, 0.7741733193397522, 0.7786999940872192, 0.7761915922164917, 0.7772822976112366, 0.7783213257789612, 0.7680017352104187, 0.7827061414718628, 0.7786231637001038, 0.7723801732063293, 0.7769473791122437, 0.7859372496604919, 0.7776851058006287, 0.777012288570404, 0.7832027077674866, 0.7804633975028992, 0.7778842449188232, 0.78406822681427, 0.7796242237091064, 0.7840308547019958, 0.785480797290802, 0.7827935814857483, 0.7904630899429321, 0.7800167798995972, 0.7804989814758301, 0.7827091813087463, 0.7898156642913818, 0.7922654747962952, 0.7849929332733154, 0.786316454410553];[0.035056453198194504, 0.03629179671406746, 0.0361703522503376, 0.03940849006175995, 0.036207109689712524, 0.03514374420046806, 0.040756888687610626, 0.03224361687898636, 0.040989309549331665, 0.03693848475813866, 0.030651388689875603, 0.034913573414087296, 0.044505804777145386, 0.037086620926856995, 0.03569050878286362, 0.04144759848713875, 0.036764007061719894, 0.03557708486914635, 0.041870638728141785, 0.03516610711812973, 0.03906450793147087, 0.040265362709760666, 0.037527862936258316, 0.04720272123813629, 0.03654995933175087, 0.03746717795729637, 0.03620977699756622, 0.042488906532526016, 0.04471099376678467, 0.03825655207037926, 0.04039677605032921];[-0.8261896967887878, -0.8281774520874023, -0.8292297124862671, -0.8342335820198059, -0.8282144069671631, -0.8264347314834595, -0.8399873971939087, -0.8171822428703308, -0.845485508441925, -0.833762526512146, -0.8129029273986816, -0.8229017853736877, -0.8636188507080078, -0.8310421705245972, -0.8336890935897827, -0.8536302447319031, -0.8268164992332458, -0.8293321132659912, -0.8434432148933411, -0.830733597278595, -0.842869758605957, -0.8460655808448792, -0.8318467140197754, -0.8664934635162354, -0.8305026292800903, -0.8356496691703796, -0.8267413377761841, -0.8895869255065918, -0.8600096702575684, -0.8389133214950562, -0.841615617275238];[0.02460634708404541, 0.02342730574309826, 0.025597069412469864, 0.019800741225481033, 0.033742327243089676, 0.02519986778497696, 0.020884450525045395, 0.024217091500759125, 0.023062873631715775, 0.030131323263049126, 0.026650790125131607, 0.02080807089805603, 0.028604332357645035, 0.021313363686203957, 0.02955698035657406, 0.024415306746959686, 0.028452744707465172, 0.022919857874512672, 0.02172386273741722, 0.030621545389294624, 0.02810601331293583, 0.020819006487727165, 0.01951197348535061, 0.021906789392232895, 0.023386431857943535, 0.023410579189658165, 0.019935162737965584, 0.022580917924642563, 0.027589086443185806, 0.0337836816906929]
1150;[0.7852113246917725, 0.7702664136886597, 0.7734710574150085, 0.773224949836731, 0.7760100364685059, 0.7763914465904236, 0.7772176265716553, 0.7716959714889526, 0.7743152976036072, 0.77558833360672, 0.7807790637016296, 0.7680853009223938, 0.771214485168457, 0.7786003351211548, 0.7899973392486572, 0.7746993899345398, 0.7746647000312805, 0.7782192826271057, 0.776868462562561, 0.7692351341247559, 0.7722072601318359, 0.7710483074188232, 0.7735403776168823, 0.774049699306488, 0.7818511724472046, 0.7729558944702148, 0.7751492857933044, 0.7819172143936157, 0.7784477472305298, 0.7789230942726135, 0.7796182632446289];[0.04333550110459328, 0.034146662801504135, 0.03585299104452133, 0.03617960959672928, 0.03833126649260521, 0.0385548360645771, 0.038639362901449203, 0.03522055968642235, 0.036414578557014465, 0.0373353585600853, 0.041972815990448, 0.03269635885953903, 0.03244476765394211, 0.03867350146174431, 0.046541087329387665, 0.03515765070915222, 0.03648994490504265, 0.03840876743197441, 0.03639267012476921, 0.031650569289922714, 0.03614369034767151, 0.032170191407203674, 0.03821289911866188, 0.03588379919528961, 0.04267558827996254, 0.038456112146377563, 0.03910139575600624, 0.044260989874601364, 0.04108728840947151, 0.041637443006038666, 0.04072103276848793];[-0.8496584892272949, -0.8253606557846069, -0.8293138146400452, -0.8360633254051208, -0.8379337191581726, -0.8363146781921387, -0.8398451209068298, -0.8257923126220703, -0.8285635709762573, -0.8300275802612305, -0.847199559211731, -0.8207112550735474, -0.8199617862701416, -0.8363931179046631, -0.8597144484519958, -0.8259146213531494, -0.8379525542259216, -0.841549813747406, -0.8259610533714294, -0.8194096684455872, -0.829742431640625, -0.818463146686554, -0.8348212838172913, -0.8285676836967468, -0.8487316370010376, -0.8419599533081055, -0.8413729071617126, -0.8603756427764893, -0.8534586429595947, -0.8497589230537415, -0.8514149188995361];[0.02296675182878971, 0.026704560965299606, 0.0266449935734272, 0.024210337549448013, 0.02691621705889702, 0.024358686059713364, 0.02249879390001297, 0.024474600329995155, 0.019791744649410248, 0.029307322576642036, 0.023268209770321846, 0.01956166699528694, 0.0183971356600523, 0.024430474266409874, 0.0228046216070652, 0.02632211148738861, 0.02123286947607994, 0.02231079712510109, 0.019905641674995422, 0.0291388388723135, 0.027469687163829803, 0.02387383207678795, 0.023743823170661926, 0.02326100692152977, 0.022543076425790787, 0.02929501421749592, 0.02612910233438015, 0.02685439959168434, 0.021252844482660294, 0.024079889059066772]
1200;[0.7727193832397461, 0.7690978050231934, 0.7686837315559387, 0.7703977823257446, 0.7766125202178955, 0.773655354976654, 0.7639091610908508, 0.7669138312339783, 0.7684648633003235, 0.7674511671066284, 0.7756787538528442, 0.7679669857025146, 0.7694981098175049, 0.764297366142273, 0.7658097743988037, 0.7671433091163635, 0.7696778178215027, 0.7694238424301147, 0.7630185484886169, 0.7733242511749268, 0.7635618448257446, 0.7725385427474976, 0.7698271870613098, 0.7706117033958435, 0.7637288570404053, 0.7706753611564636, 0.7722563147544861, 0.7780950665473938, 0.7662623524665833, 0.765521228313446, 0.7605019211769104];[0.03595331311225891, 0.033228807151317596, 0.03174133226275444, 0.035353388637304306, 0.039386503398418427, 0.03476378321647644, 0.0276458952575922, 0.03117208555340767, 0.03182543069124222, 0.031179208308458328, 0.036517057567834854, 0.029520533978939056, 0.029919082298874855, 0.026221707463264465, 0.029962947592139244, 0.02844192087650299, 0.03112941049039364, 0.02939213067293167, 0.024064136669039726, 0.03316222131252289, 0.02665487863123417, 0.03294754400849342, 0.029052231460809708, 0.03026863932609558, 0.026055529713630676, 0.029743092134594917, 0.03235623985528946, 0.0345829613506794, 0.02695206180214882, 0.025176944211125374, 0.020276062190532684];[-0.827035129070282, -0.8218098878860474, -0.8172359466552734, -0.8359790444374084, -0.8383094668388367, -0.8268830180168152, -0.8050596714019775, -0.8152047991752625, -0.8168931603431702, -0.8203238248825073, -0.8308725357055664, -0.8103177547454834, -0.8139644861221313, -0.8006743788719177, -0.8122216463088989, -0.8097026348114014, -0.8154930472373962, -0.8137809038162231, -0.7963743805885315, -0.8271225094795227, -0.8021734356880188, -0.8193786144256592, -0.8075401186943054, -0.8124991059303284, -0.7992634773254395, -0.810692310333252, -0.82146155834198, -0.8292312026023865, -0.8098355531692505, -0.799953281879425, -0.785533607006073];[0.02019929513335228, 0.023162510246038437, 0.024493971839547157, 0.024699434638023376, 0.0238796379417181, 0.0201459601521492, 0.0240332018584013, 0.02419176511466503, 0.022658634930849075, 0.02392221987247467, 0.022461798042058945, 0.021622689440846443, 0.021612389013171196, 0.023065315559506416, 0.022218413650989532, 0.02123011276125908, 0.02393081970512867, 0.026527509093284607, 0.02855294570326805, 0.02117476984858513, 0.02070341259241104, 0.02508925087749958, 0.019200406968593597, 0.025966979563236237, 0.03126642107963562, 0.023428738117218018, 0.028628984466195107, 0.02116011641919613, 0.02091897465288639, 0.02599547617137432]
1250;[0.770042359828949, 0.7611934542655945, 0.77267986536026, 0.7743907570838928, 0.7825237512588501, 0.7680467367172241, 0.7770352363586426, 0.7696071863174438, 0.7743621468544006, 0.7743648290634155, 0.7737725973129272, 0.7742764949798584, 0.782684326171875, 0.779787003993988, 0.7699686288833618, 0.7747651934623718, 0.7737329602241516, 0.7685713768005371, 0.7761003375053406, 0.7729505896568298, 0.7722745537757874, 0.7790923714637756, 0.7708462476730347, 0.7739689946174622, 0.7731974124908447, 0.7676800489425659, 0.7718216776847839, 0.7652596235275269, 0.7721655964851379, 0.7759441137313843, 0.7735682725906372];[0.03240371495485306, 0.0265476293861866, 0.03575100004673004, 0.038009122014045715, 0.04592777416110039, 0.033425357192754745, 0.04134225472807884, 0.03441184386610985, 0.036232057958841324, 0.03452201560139656, 0.03458823636174202, 0.03324645385146141, 0.04052472487092018, 0.04044511169195175, 0.03247977793216705, 0.03440995141863823, 0.03389142453670502, 0.03109433501958847, 0.03494379296898842, 0.03490888327360153, 0.03287993744015694, 0.037393126636743546, 0.03234380856156349, 0.03311018645763397, 0.03447331488132477, 0.029568184167146683, 0.03300661966204643, 0.029573578387498856, 0.03189992159605026, 0.03472232073545456, 0.03331107273697853];[-0.8209971189498901, -0.8028163313865662, -0.8349961042404175, -0.843752920627594, -0.8630872368812561, -0.819941520690918, -0.8473974466323853, -0.8291457891464233, -0.8334201574325562, -0.8250911235809326, -0.8252721428871155, -0.8246082663536072, -0.8459833860397339, -0.8416000008583069, -0.8198818564414978, -0.8256634473800659, -0.8264510631561279, -0.8146326541900635, -0.8286530375480652, -0.8276891708374023, -0.8246581554412842, -0.8340865969657898, -0.8203685283660889, -0.8220616579055786, -0.8217641115188599, -0.8128469586372375, -0.8201887011528015, -0.8105890154838562, -0.816511332988739, -0.8270867466926575, -0.8200368285179138];[0.018240129575133324, 0.02831464260816574, 0.02577139064669609, 0.023699654266238213, 0.01705925539135933, 0.02529645897448063, 0.026887359097599983, 0.024661080911755562, 0.025896510109305382, 0.02381921000778675, 0.018586212769150734, 0.025821594521403313, 0.025437254458665848, 0.025384876877069473, 0.02195761725306511, 0.01864662393927574, 0.024483516812324524, 0.02511039935052395, 0.027053141966462135, 0.022325119003653526, 0.020463600754737854, 0.03329272195696831, 0.02350090816617012, 0.019284779205918312, 0.027442054823040962, 0.020406940951943398, 0.02026268094778061, 0.027022358030080795, 0.025202186778187752, 0.028984319418668747]
1300;[0.7769807577133179, 0.7789404392242432, 0.7955886721611023, 0.7732342481613159, 0.77655428647995, 0.7647469639778137, 0.7656052112579346, 0.7803994417190552, 0.7789445519447327, 0.7767089605331421, 0.7704210877418518, 0.7664514183998108, 0.7649863958358765, 0.7728723287582397, 0.7735767364501953, 0.7754194140434265, 0.7790189981460571, 0.7798568606376648, 0.7796822190284729, 0.7810916900634766, 0.7834314703941345, 0.7782078981399536, 0.7891954183578491, 0.781186044216156, 0.7780593633651733, 0.7808984518051147, 0.7739381194114685, 0.772551417350769, 0.782459020614624, 0.7820609211921692, 0.7779638767242432];[0.03946933150291443, 0.04108753055334091, 0.05162711441516876, 0.036868516355752945, 0.03649427741765976, 0.029376015067100525, 0.030509361997246742, 0.04318048059940338, 0.039308030158281326, 0.037471283227205276, 0.03279304876923561, 0.03078601323068142, 0.027957944199442863, 0.03301765397191048, 0.0349469855427742, 0.035258907824754715, 0.036690644919872284, 0.037849150598049164, 0.03984390199184418, 0.038432929664850235, 0.036847904324531555, 0.03504791110754013, 0.04632408544421196, 0.03890509903430939, 0.03731907904148102, 0.04045640677213669, 0.03136787936091423, 0.033638302236795425, 0.04017651453614235, 0.03718222677707672, 0.036737777292728424];[-0.8411913514137268, -0.8572679758071899, -0.8986847996711731, -0.8324680328369141, -0.8277623057365417, -0.8089571595191956, -0.8118389844894409, -0.8643423914909363, -0.8363354206085205, -0.8334864377975464, -0.8226301670074463, -0.8139409422874451, -0.8080141544342041, -0.8252285122871399, -0.8291080594062805, -0.8265905976295471, -0.8327740430831909, -0.8349866271018982, -0.8437692523002625, -0.8377793431282043, -0.8412356972694397, -0.8309427499771118, -0.8631787300109863, -0.8367660641670227, -0.8324649333953857, -0.8471697568893433, -0.8188417553901672, -0.824471652507782, -0.8421902656555176, -0.8524281978607178, -0.8352736830711365];[0.021727588027715683, 0.02603217028081417, 0.023498117923736572, 0.021121662110090256, 0.03158612176775932, 0.02376113459467888, 0.018281711265444756, 0.02288896217942238, 0.03492915257811546, 0.022568395361304283, 0.027572091668844223, 0.02202914096415043, 0.020114760845899582, 0.02014085091650486, 0.022082796320319176, 0.026226472109556198, 0.023278124630451202, 0.027808023616671562, 0.02358582802116871, 0.019576946273446083, 0.022959984838962555, 0.027754904702305794, 0.022122589871287346, 0.02479451522231102, 0.02271517738699913, 0.0195687897503376, 0.024580568075180054, 0.02632320299744606, 0.02721008099615574, 0.03676559403538704]
1350;[0.7678991556167603, 0.7743629217147827, 0.7762256860733032, 0.7778070569038391, 0.7785777449607849, 0.776446521282196, 0.7765704989433289, 0.7763693332672119, 0.7706447839736938, 0.7742843627929688, 0.7727239727973938, 0.7769901156425476, 0.7706009149551392, 0.7740407586097717, 0.7704641819000244, 0.7702253460884094, 0.7707242965698242, 0.7704929709434509, 0.7671350240707397, 0.7773679494857788, 0.7734065651893616, 0.7736293077468872, 0.7832363843917847, 0.7749058604240417, 0.7743469476699829, 0.7721818685531616, 0.7814034819602966, 0.7820531725883484, 0.7677320837974548, 0.775663435459137, 0.7852256894111633];[0.03227810189127922, 0.03746490925550461, 0.03695230931043625, 0.037479422986507416, 0.04031412675976753, 0.036327458918094635, 0.03473271057009697, 0.036468859761953354, 0.031600579619407654, 0.035385921597480774, 0.03479181230068207, 0.036892734467983246, 0.03192579001188278, 0.03450559079647064, 0.03278398886322975, 0.03092202916741371, 0.03190946951508522, 0.033280111849308014, 0.031201625242829323, 0.03813252970576286, 0.03433529660105705, 0.03901999443769455, 0.042231857776641846, 0.034403420984745026, 0.034333281219005585, 0.03429343178868294, 0.0392240509390831, 0.041020702570676804, 0.030863186344504356, 0.036559831351041794, 0.04179850593209267];[-0.8188521265983582, -0.832557737827301, -0.8316536545753479, -0.8325521349906921, -0.8436883687973022, -0.8319576382637024, -0.8283488154411316, -0.8273289203643799, -0.8193283081054688, -0.8247878551483154, -0.8291313648223877, -0.8276826739311218, -0.8176678419113159, -0.8269776701927185, -0.820425271987915, -0.8160063028335571, -0.8166590332984924, -0.8182499408721924, -0.8156768679618835, -0.8439266085624695, -0.8275715708732605, -0.8385521769523621, -0.8477283120155334, -0.8226950168609619, -0.8221558928489685, -0.8249953985214233, -0.8412438035011292, -0.8467864990234375, -0.8133633136749268, -0.8320258259773254, -0.8549845218658447];[0.022211622446775436, 0.022141724824905396, 0.026858225464820862, 0.027238281443715096, 0.0231875441968441, 0.022592589259147644, 0.02253521792590618, 0.022318197414278984, 0.03352339193224907, 0.026824617758393288, 0.027867885306477547, 0.024770261719822884, 0.024276593700051308, 0.026751704514026642, 0.023794151842594147, 0.021060379222035408, 0.019654406234622, 0.022201664745807648, 0.029233796522021294, 0.02036247029900551, 0.024868454784154892, 0.02243340015411377, 0.0268892552703619, 0.021743876859545708, 0.022762879729270935, 0.025861334055662155, 0.02193806879222393, 0.027933616191148758, 0.025429805740714073, 0.03325560688972473]
1400;[0.7739479541778564, 0.7670220732688904, 0.7755263447761536, 0.775198757648468, 0.7807877659797668, 0.7875358462333679, 0.7776176929473877, 0.7841524481773376, 0.7825325131416321, 0.7841092348098755, 0.7848407030105591, 0.7835270166397095, 0.7872162461280823, 0.79481440782547, 0.781808078289032, 0.7789793014526367, 0.7929204106330872, 0.7948541045188904, 0.7885559797286987, 0.7861760258674622, 0.7876884341239929, 0.7869257926940918, 0.7868577837944031, 0.7869658470153809, 0.7919668555259705, 0.7830843925476074, 0.7936952114105225, 0.7887804508209229, 0.7858289480209351, 0.7869147658348083, 0.7882217764854431];[0.03584079444408417, 0.03106938861310482, 0.03971921280026436, 0.04006005823612213, 0.04073268547654152, 0.04909401386976242, 0.03909562900662422, 0.04476979002356529, 0.04148690402507782, 0.04498087242245674, 0.04420137405395508, 0.043891388922929764, 0.04929383471608162, 0.054905965924263, 0.04222552105784416, 0.03948356583714485, 0.05144551768898964, 0.05349155142903328, 0.04904947802424431, 0.04593580216169357, 0.04608709737658501, 0.04638565331697464, 0.04788867384195328, 0.04803956672549248, 0.05018084496259689, 0.043366484344005585, 0.050721749663352966, 0.047876082360744476, 0.04567721486091614, 0.048478394746780396, 0.049357835203409195];[-0.834911048412323, -0.8121646046638489, -0.8412612080574036, -0.8423126935958862, -0.8421157598495483, -0.867497444152832, -0.8344379663467407, -0.8626382946968079, -0.8476064801216125, -0.8562097549438477, -0.8542931079864502, -0.8556236624717712, -0.8707510828971863, -0.8857461214065552, -0.8503795862197876, -0.8383135199546814, -0.874740481376648, -0.886640727519989, -0.8718299269676208, -0.856162965297699, -0.8579670190811157, -0.8625794053077698, -0.8671028017997742, -0.8696619272232056, -0.8804013729095459, -0.8535005450248718, -0.8774662017822266, -0.8723278641700745, -0.8555833101272583, -0.8647135496139526, -0.8656951785087585];[0.022895339876413345, 0.033344827592372894, 0.03374558314681053, 0.024596910923719406, 0.022009994834661484, 0.020792461931705475, 0.025954002514481544, 0.02294503152370453, 0.028560610488057137, 0.023769062012434006, 0.02891385555267334, 0.018714742735028267, 0.022829145193099976, 0.04506150260567665, 0.03017742745578289, 0.019236810505390167, 0.019757036119699478, 0.03608425706624985, 0.022605987265706062, 0.03714308515191078, 0.020831668749451637, 0.021045666188001633, 0.022612212225794792, 0.02707337774336338, 0.018880750983953476, 0.02586471475660801, 0.02148720622062683, 0.022571304813027382, 0.0220339372754097, 0.02805345691740513]
1450;[0.7742912769317627, 0.7687538862228394, 0.7755969762802124, 0.7755220532417297, 0.7718799710273743, 0.7698599100112915, 0.7710930109024048, 0.7718732357025146, 0.7695826888084412, 0.7692763209342957, 0.7666550874710083, 0.7753232717514038, 0.7855875492095947, 0.772584080696106, 0.7765084505081177, 0.7676052451133728, 0.7697364687919617, 0.7742048501968384, 0.7756633162498474, 0.7769865989685059, 0.7737228870391846, 0.7730970978736877, 0.7644192576408386, 0.7649585604667664, 0.7632361054420471, 0.7677485346794128, 0.7616530656814575, 0.7632688283920288, 0.767427384853363, 0.7654454708099365, 0.7629935145378113];[0.037088099867105484, 0.034887172281742096, 0.03692923113703728, 0.03688940033316612, 0.033719129860401154, 0.032391197979450226, 0.032247234135866165, 0.033000171184539795, 0.03216702118515968, 0.02953953854739666, 0.02828824706375599, 0.03355211392045021, 0.040070176124572754, 0.027128292247653008, 0.032891593873500824, 0.025969985872507095, 0.027668219059705734, 0.03072945773601532, 0.03298472613096237, 0.031235061585903168, 0.031052006408572197, 0.02770543470978737, 0.022671910002827644, 0.025537526234984398, 0.023612115532159805, 0.022930124774575233, 0.020030740648508072, 0.01969931833446026, 0.02371249720454216, 0.023585325106978416, 0.020765438675880432];[-0.8339441418647766, -0.8258333802223206, -0.8374000787734985, -0.8366779685020447, -0.821788489818573, -0.8174439072608948, -0.8208438158035278, -0.8233742713928223, -0.8188079595565796, -0.8089046478271484, -0.8102044463157654, -0.8238932490348816, -0.8515819907188416, -0.8042311668395996, -0.8214200735092163, -0.7981652617454529, -0.8062265515327454, -0.8139978647232056, -0.8220164775848389, -0.8116129636764526, -0.8152444958686829, -0.8214326500892639, -0.789158284664154, -0.7983518242835999, -0.791793942451477, -0.7942529320716858, -0.7863715887069702, -0.7811369299888611, -0.7951788306236267, -0.7909289002418518, -0.7858433127403259];[0.0250184815376997, 0.022074662148952484, 0.02241101861000061, 0.01837514527142048, 0.020276864990592003, 0.02684057131409645, 0.02165023423731327, 0.024102995172142982, 0.0337933674454689, 0.024734748527407646, 0.023111242800951004, 0.03038855455815792, 0.02167978696525097, 0.025945762172341347, 0.021566106006503105, 0.04535020515322685, 0.021889187395572662, 0.01898081973195076, 0.02989240176975727, 0.028158217668533325, 0.019965464249253273, 0.020488083362579346, 0.025881322100758553, 0.025580279529094696, 0.020999467000365257, 0.023149006068706512, 0.020331475883722305, 0.019133806228637695, 0.02189517207443714, 0.021537750959396362]
1500;[0.7787718772888184, 0.7712665796279907, 0.7755594253540039, 0.7694422602653503, 0.7735052108764648, 0.7766190767288208, 0.7656846642494202, 0.7726577520370483, 0.764779806137085, 0.7672927975654602, 0.7696211934089661, 0.7656164765357971, 0.7694328427314758, 0.7598972320556641, 0.7705134153366089, 0.7640904784202576, 0.767295777797699, 0.7646524906158447, 0.7702134847640991, 0.771388053894043, 0.770976722240448, 0.7613611817359924, 0.7609186768531799, 0.7658346891403198, 0.7643330097198486, 0.7622518539428711, 0.7732813954353333, 0.763720691204071, 0.7624748349189758, 0.7686966061592102, 0.7603209018707275];[0.03847665712237358, 0.03692479059100151, 0.036990221589803696, 0.033508311957120895, 0.03350173309445381, 0.037718337029218674, 0.02980784699320793, 0.033714789897203445, 0.02984442561864853, 0.030532704666256905, 0.030868982896208763, 0.030329978093504906, 0.030337847769260406, 0.02650132216513157, 0.03165891394019127, 0.02785729616880417, 0.03165101259946823, 0.02903292328119278, 0.03309326246380806, 0.030754653736948967, 0.033312611281871796, 0.026029732078313828, 0.026971502229571342, 0.029478296637535095, 0.02711638994514942, 0.02747501991689205, 0.0357111394405365, 0.029635513201355934, 0.02637450583279133, 0.03291120007634163, 0.024379273876547813];[-0.8343251347541809, -0.831535279750824, -0.8337129354476929, -0.8250346779823303, -0.8215790390968323, -0.8340688347816467, -0.8099659085273743, -0.823093056678772, -0.8087136149406433, -0.8141041398048401, -0.8537448644638062, -0.8138532638549805, -0.8143553733825684, -0.8011215925216675, -0.82140052318573, -0.8057065010070801, -0.8148213028907776, -0.8085999488830566, -0.8223346471786499, -0.8280543684959412, -0.8258947730064392, -0.8009508848190308, -0.8038454651832581, -0.8157027363777161, -0.8111291527748108, -0.8041054606437683, -0.8328179121017456, -0.816159725189209, -0.8007766604423523, -0.8203663229942322, -0.7966582775115967];[0.02562555857002735, 0.020479267463088036, 0.02089087665081024, 0.023366829380393028, 0.022962231189012527, 0.024410318583250046, 0.03416033834218979, 0.02137714996933937, 0.025961633771657944, 0.023102834820747375, 0.01943199522793293, 0.033348165452480316, 0.02340257726609707, 0.021329501643776894, 0.025129271671175957, 0.017900869250297546, 0.020730035379529, 0.017453936859965324, 0.02025615982711315, 0.0241040401160717, 0.025986457243561745, 0.021511584520339966, 0.0225401408970356, 0.02939937449991703, 0.026857707649469376, 0.02151167206466198, 0.04041196033358574, 0.04425479844212532, 0.04403718560934067, 0.025664156302809715]
1550;[0.7677679657936096, 0.7701725363731384, 0.7801716327667236, 0.7699186205863953, 0.7703442573547363, 0.7730375528335571, 0.7746697068214417, 0.7696731686592102, 0.7773689031600952, 0.7711226344108582, 0.7787439823150635, 0.7721621990203857, 0.780465841293335, 0.7749228477478027, 0.7726070880889893, 0.7775185704231262, 0.7765011191368103, 0.7761394381523132, 0.7732090950012207, 0.7758040428161621, 0.7781534790992737, 0.7815687656402588, 0.7742751836776733, 0.7751052379608154, 0.7777824997901917, 0.7945833802223206, 0.7749916911125183, 0.7777614593505859, 0.7742529511451721, 0.7787492275238037, 0.7811790704727173];[0.030608566477894783, 0.035051364451646805, 0.03609063848853111, 0.03276325389742851, 0.0328998900949955, 0.034864846616983414, 0.03536062687635422, 0.0294671431183815, 0.0360419899225235, 0.033190228044986725, 0.03831520304083824, 0.03302943706512451, 0.03954071179032326, 0.03693535923957825, 0.03255511820316315, 0.0374130941927433, 0.037336137145757675, 0.03360624238848686, 0.03319723531603813, 0.03518299758434296, 0.0343293659389019, 0.039201632142066956, 0.031867582350969315, 0.03333902731537819, 0.03672047331929207, 0.04787503555417061, 0.0333927720785141, 0.037710193544626236, 0.035036731511354446, 0.0362541563808918, 0.03957314416766167];[-0.8175908327102661, -0.8241063356399536, -0.8901039361953735, -0.8167001605033875, -0.8231668472290039, -0.841251790523529, -0.8313608169555664, -0.8146762251853943, -0.8237996697425842, -0.8211433291435242, -0.8358252048492432, -0.8199106454849243, -0.8511433601379395, -0.8323088884353638, -0.8198270201683044, -0.8351107239723206, -0.8360627293586731, -0.8259108662605286, -0.8215048909187317, -0.8312286734580994, -0.8228758573532104, -0.8383031487464905, -0.8159359097480774, -0.8208150863647461, -0.8314415216445923, -0.8827642798423767, -0.8237953782081604, -0.8315690755844116, -0.8251723051071167, -0.8287366628646851, -0.837257444858551];[0.018252478912472725, 0.02717442810535431, 0.02130036987364292, 0.021391119807958603, 0.024629544466733932, 0.02091982774436474, 0.023068450391292572, 0.022170238196849823, 0.022134672850370407, 0.019381418824195862, 0.024544663727283478, 0.01660955883562565, 0.019849155098199844, 0.03225601091980934, 0.02691519819200039, 0.02717979997396469, 0.02591240033507347, 0.020563362166285515, 0.01848023198544979, 0.02050376497209072, 0.02285817824304104, 0.02807687781751156, 0.02761012315750122, 0.019164396449923515, 0.02808901108801365, 0.025244122371077538, 0.017971351742744446, 0.02127974107861519, 0.0217598769813776, 0.019879814237356186]
1600;[0.7711772918701172, 0.7784469127655029, 0.777405321598053, 0.7788699269294739, 0.7740035653114319, 0.7731419801712036, 0.7778327465057373, 0.7780119776725769, 0.7765597105026245, 0.7774055004119873, 0.7752763032913208, 0.7761799097061157, 0.7763826847076416, 0.7839396595954895, 0.7758172750473022, 0.775101363658905, 0.7746430039405823, 0.7732264399528503, 0.7731990218162537, 0.7746126651763916, 0.7727842926979065, 0.7864299416542053, 0.7737876176834106, 0.7696762084960938, 0.774168848991394, 0.7799052596092224, 0.7850749492645264, 0.7780401706695557, 0.7732185125350952, 0.7859147787094116, 0.7789995074272156];[0.03391256928443909, 0.0389174185693264, 0.03914230316877365, 0.03925812244415283, 0.03595786169171333, 0.03666870668530464, 0.03805143013596535, 0.039716847240924835, 0.03859221562743187, 0.04070945829153061, 0.03664834424853325, 0.03674700856208801, 0.03981912508606911, 0.043904922902584076, 0.037478383630514145, 0.03383905813097954, 0.0351388156414032, 0.03555857017636299, 0.03333354368805885, 0.03649238497018814, 0.03462831676006317, 0.04677101969718933, 0.0349503718316555, 0.031896017491817474, 0.035805366933345795, 0.0399237722158432, 0.04392337426543236, 0.03599390760064125, 0.0357123427093029, 0.04272320494055748, 0.03868522867560387];[-0.8252195715904236, -0.8524581789970398, -0.84029221534729, -0.8516166806221008, -0.829297661781311, -0.8279247879981995, -0.8369998931884766, -0.8488895297050476, -0.8361532092094421, -0.839439332485199, -0.828854501247406, -0.8297438025474548, -0.8399821519851685, -0.851290225982666, -0.835820734500885, -0.8221985101699829, -0.8232499957084656, -0.8291956186294556, -0.8222910761833191, -0.8284141421318054, -0.8256410956382751, -0.8631259202957153, -0.8239444494247437, -0.8187951445579529, -0.8295162916183472, -0.8509148359298706, -0.8559408187866211, -0.8401581645011902, -0.8277828097343445, -0.8460692763328552, -0.8408072590827942];[0.025524528697133064, 0.023921027779579163, 0.021722257137298584, 0.027357446029782295, 0.02504889853298664, 0.036889251321554184, 0.020978817716240883, 0.024135274812579155, 0.021385233849287033, 0.021999595686793327, 0.021812940016388893, 0.02170536294579506, 0.02434108406305313, 0.020419593900442123, 0.030750541016459465, 0.023094523698091507, 0.03660403937101364, 0.025635523721575737, 0.024622423574328423, 0.022346027195453644, 0.02341471239924431, 0.020667940378189087, 0.025526707991957664, 0.020511534065008163, 0.02369975671172142, 0.022808440029621124, 0.02117246761918068, 0.02450736053287983, 0.019657008349895477, 0.020438048988580704]
1650;[0.7757501602172852, 0.7701380848884583, 0.7662999629974365, 0.7699456810951233, 0.7668535113334656, 0.7689685821533203, 0.7723190784454346, 0.7755798697471619, 0.7715541124343872, 0.7663649320602417, 0.7715667486190796, 0.7705856561660767, 0.773464024066925, 0.7697311043739319, 0.7679017782211304, 0.7685284614562988, 0.7592330574989319, 0.7687175869941711, 0.7690714001655579, 0.7677817940711975, 0.7743132710456848, 0.7713713049888611, 0.771061897277832, 0.7677627801895142, 0.7664274573326111, 0.7624375224113464, 0.76252681016922, 0.7683107852935791, 0.7743080854415894, 0.7741773724555969, 0.7777267694473267];[0.03510047122836113, 0.03250407427549362, 0.02896904945373535, 0.032604917883872986, 0.03056878224015236, 0.0305147934705019, 0.03369554877281189, 0.03585800155997276, 0.032902076840400696, 0.028085608035326004, 0.03197626769542694, 0.03148127719759941, 0.03342989459633827, 0.031121356412768364, 0.03026220016181469, 0.02989766374230385, 0.023160940036177635, 0.03205382451415062, 0.030188437551259995, 0.030234139412641525, 0.03358367830514908, 0.03323120251297951, 0.032275184988975525, 0.03375697508454323, 0.030762238427996635, 0.026248931884765625, 0.0268965233117342, 0.029042338952422142, 0.035923052579164505, 0.03449631854891777, 0.03953167796134949];[-0.8312815427780151, -0.819684624671936, -0.8102691173553467, -0.8178116679191589, -0.81587815284729, -0.8127321600914001, -0.8216221332550049, -0.8274411559104919, -0.8209990859031677, -0.8066554069519043, -0.8437233567237854, -0.8204250931739807, -0.8244583010673523, -0.8114984035491943, -0.8114920854568481, -0.8111200928688049, -0.7936130166053772, -0.8178810477256775, -0.8138359189033508, -0.8141176104545593, -0.822081983089447, -0.8259838223457336, -0.8164010643959045, -0.8217384815216064, -0.8106287121772766, -0.8002380728721619, -0.8022711277008057, -0.8143517971038818, -0.8421412706375122, -0.8278934955596924, -0.8504006266593933];[0.037653811275959015, 0.02204051800072193, 0.022008514031767845, 0.022483646869659424, 0.023788759484887123, 0.020543484017252922, 0.02239467203617096, 0.022514116019010544, 0.022435637190937996, 0.01863386109471321, 0.02541246823966503, 0.0204841997474432, 0.027379054576158524, 0.021454859524965286, 0.02323160134255886, 0.02282337285578251, 0.02987063303589821, 0.019989976659417152, 0.018574154004454613, 0.02467271313071251, 0.02462262287735939, 0.02657509781420231, 0.01963864453136921, 0.023536430671811104, 0.021046338602900505, 0.026853198185563087, 0.023287195712327957, 0.02036694623529911, 0.02381168119609356, 0.02919033169746399]
1700;[0.779885470867157, 0.7707380652427673, 0.7790791988372803, 0.7796967029571533, 0.7710375785827637, 0.771076500415802, 0.7763469815254211, 0.7749627232551575, 0.7821857929229736, 0.7755467891693115, 0.7748700380325317, 0.7810379266738892, 0.7853505611419678, 0.7836675047874451, 0.7783359289169312, 0.7758371233940125, 0.768343448638916, 0.7784915566444397, 0.7728310823440552, 0.7752273082733154, 0.7711251378059387, 0.7794980406761169, 0.7669780254364014, 0.7774413228034973, 0.7779662609100342, 0.7729732990264893, 0.7723445892333984, 0.7759058475494385, 0.7747762203216553, 0.7720902562141418, 0.7817277908325195];[0.04248794913291931, 0.033541664481163025, 0.04111534357070923, 0.04004782810807228, 0.034169699996709824, 0.033523935824632645, 0.033919937908649445, 0.034490205347537994, 0.042463310062885284, 0.03955116122961044, 0.03769081085920334, 0.04097487032413483, 0.0408734530210495, 0.04366818070411682, 0.0393553152680397, 0.03351040184497833, 0.03305332362651825, 0.042132146656513214, 0.0353572852909565, 0.03734006732702255, 0.03368321806192398, 0.039073340594768524, 0.03177011013031006, 0.0399637371301651, 0.03697027638554573, 0.029980983585119247, 0.029838072136044502, 0.03582543134689331, 0.03311111405491829, 0.03341832011938095, 0.0372132733464241];[-0.8475978374481201, -0.8250650763511658, -0.856920599937439, -0.8417385816574097, -0.8235132098197937, -0.8229033350944519, -0.827595591545105, -0.8601161241531372, -0.8481151461601257, -0.837092936038971, -0.833164632320404, -0.8421908020973206, -0.845578134059906, -0.8561993837356567, -0.8360501527786255, -0.8213752508163452, -0.8211338520050049, -0.8583519458770752, -0.8277556896209717, -0.8357157707214355, -0.8225497007369995, -0.8438238501548767, -0.8189509510993958, -0.8456317782402039, -0.8333612680435181, -0.8124315738677979, -0.8132087588310242, -0.8283761739730835, -0.820794939994812, -0.8212413191795349, -0.8376367092132568];[0.03085462376475334, 0.022657301276922226, 0.01845141127705574, 0.021327320486307144, 0.026838699355721474, 0.025224674493074417, 0.02534208633005619, 0.020373016595840454, 0.0250483937561512, 0.024511994794011116, 0.023110415786504745, 0.021610479801893234, 0.023612387478351593, 0.0244967732578516, 0.0337676927447319, 0.020709581673145294, 0.01962432637810707, 0.020746907219290733, 0.02713177725672722, 0.02109057456254959, 0.024095308035612106, 0.024398906156420708, 0.0229173731058836, 0.0227365642786026, 0.019324397668242455, 0.02498735673725605, 0.020131073892116547, 0.020895279943943024, 0.0243487898260355, 0.029535898938775063]
1750;[0.7730234861373901, 0.7781983613967896, 0.7739297747612, 0.7763487100601196, 0.7772827744483948, 0.7730995416641235, 0.7793150544166565, 0.7724273204803467, 0.7734701037406921, 0.7726766467094421, 0.7666440010070801, 0.7677611112594604, 0.7753005623817444, 0.7753874063491821, 0.7764538526535034, 0.7802056670188904, 0.7740921974182129, 0.771373987197876, 0.7654176354408264, 0.7779040932655334, 0.7733883261680603, 0.7756907343864441, 0.7713015079498291, 0.7751507759094238, 0.7788806557655334, 0.7704371809959412, 0.7716452479362488, 0.7857583165168762, 0.7789850831031799, 0.7913100719451904, 0.7785789966583252];[0.03697793930768967, 0.039529599249362946, 0.03679128363728523, 0.03878315910696983, 0.039477478712797165, 0.03436793386936188, 0.041892342269420624, 0.033938877284526825, 0.03428183123469353, 0.03210745379328728, 0.030137164518237114, 0.033575743436813354, 0.036901697516441345, 0.039276670664548874, 0.03954415023326874, 0.04080274701118469, 0.03701644018292427, 0.032966867089271545, 0.02889292500913143, 0.03897394612431526, 0.03640829399228096, 0.037834253162145615, 0.03547931835055351, 0.036950644105672836, 0.04028278589248657, 0.0359368696808815, 0.03497261554002762, 0.04618363827466965, 0.04082320258021355, 0.05149572715163231, 0.03833480179309845];[-0.8309073448181152, -0.8389059901237488, -0.8338685631752014, -0.8389730453491211, -0.837629497051239, -0.8250546455383301, -0.8507125973701477, -0.8240514397621155, -0.825292706489563, -0.8191325664520264, -0.8107272386550903, -0.8217784762382507, -0.8339524865150452, -0.8489015698432922, -0.8495352268218994, -0.8573638796806335, -0.8287706971168518, -0.8169521689414978, -0.8091388940811157, -0.8420881628990173, -0.8337985873222351, -0.8346123695373535, -0.8271429538726807, -0.8322826623916626, -0.8405422568321228, -0.8331324458122253, -0.8294533491134644, -0.8707674741744995, -0.8487295508384705, -0.8748572468757629, -0.8342607617378235];[0.024973267689347267, 0.024702947586774826, 0.02266029827296734, 0.023519232869148254, 0.017668016254901886, 0.026321016252040863, 0.022854501381516457, 0.02338501252233982, 0.023386606946587563, 0.023044338449835777, 0.023955686017870903, 0.021581416949629784, 0.028147948905825615, 0.03253741189837456, 0.02016744576394558, 0.03735300526022911, 0.027462102472782135, 0.01796567440032959, 0.027845650911331177, 0.01875484175980091, 0.0276980921626091, 0.022632505744695663, 0.025267861783504486, 0.020172476768493652, 0.022232772782444954, 0.02284390479326248, 0.027247458696365356, 0.019820651039481163, 0.02196386270225048, 0.02103337086737156]
1800;[0.7821429967880249, 0.7676829695701599, 0.7707247138023376, 0.7769098281860352, 0.7758991718292236, 0.7682989835739136, 0.7780759334564209, 0.7814507484436035, 0.7726421356201172, 0.7706584334373474, 0.7712832689285278, 0.7760561108589172, 0.7824631333351135, 0.7752923369407654, 0.7826728224754333, 0.7837396860122681, 0.7852321863174438, 0.7703173160552979, 0.7889280915260315, 0.7773402333259583, 0.7799857258796692, 0.772329568862915, 0.785423219203949, 0.7865447402000427, 0.7752071022987366, 0.7722179293632507, 0.7908836007118225, 0.7859614491462708, 0.7821999192237854, 0.7714133262634277, 0.7785660624504089];[0.04342906177043915, 0.03205111622810364, 0.03295904025435448, 0.03646153211593628, 0.03622112795710564, 0.03161164000630379, 0.036618657410144806, 0.039293475449085236, 0.034181609749794006, 0.029537996277213097, 0.030977098271250725, 0.03489281237125397, 0.03765770420432091, 0.03261971101164818, 0.037338849157094955, 0.040054500102996826, 0.039929162710905075, 0.029594220221042633, 0.04377606511116028, 0.032538920640945435, 0.03457064926624298, 0.02772083878517151, 0.03882356360554695, 0.037501510232686996, 0.030428025871515274, 0.030010266229510307, 0.04298903048038483, 0.03889992833137512, 0.03287702053785324, 0.026803545653820038, 0.029436582699418068];[-0.8736435174942017, -0.8173828125, -0.8203073143959045, -0.8283817172050476, -0.828051745891571, -0.8210505843162537, -0.8321051001548767, -0.8430832028388977, -0.8248535990715027, -0.8106071352958679, -0.8169236183166504, -0.8267588019371033, -0.8373194932937622, -0.8183200359344482, -0.8317861557006836, -0.8433762192726135, -0.8397100567817688, -0.8111757040023804, -0.8546621799468994, -0.8165287971496582, -0.8215565085411072, -0.8045313358306885, -0.8390463590621948, -0.8454837203025818, -0.8117685317993164, -0.8104376196861267, -0.8482139706611633, -0.8373148441314697, -0.8285897374153137, -0.8054572939872742, -0.8118544220924377];[0.02306263893842697, 0.021407343447208405, 0.021992536261677742, 0.023667670786380768, 0.024387452751398087, 0.028937391936779022, 0.03131943941116333, 0.026356356218457222, 0.028176799416542053, 0.03412914648652077, 0.03110574744641781, 0.02418343909084797, 0.021313892677426338, 0.025060471147298813, 0.022639192640781403, 0.019285663962364197, 0.039000365883111954, 0.01749378815293312, 0.02469383366405964, 0.019440198317170143, 0.02233908511698246, 0.023663057014346123, 0.019239166751503944, 0.021372107788920403, 0.02251773327589035, 0.02255619503557682, 0.024280719459056854, 0.022258678451180458, 0.023173853754997253, 0.021417222917079926]
1850;[0.7757498025894165, 0.7694138288497925, 0.7804538607597351, 0.7731558680534363, 0.7780289053916931, 0.77530837059021, 0.7707453966140747, 0.7746593952178955, 0.7733890414237976, 0.777316153049469, 0.7719640135765076, 0.7708582878112793, 0.7793102860450745, 0.7755082845687866, 0.7743602395057678, 0.7767075300216675, 0.776384174823761, 0.7735384106636047, 0.7736054062843323, 0.7715637683868408, 0.7732236981391907, 0.7822458148002625, 0.7771336436271667, 0.7700948715209961, 0.776236355304718, 0.7733440399169922, 0.7723894119262695, 0.7763578295707703, 0.7798306345939636, 0.7842286229133606, 0.7826012372970581];[0.03700700029730797, 0.03622033819556236, 0.041748493909835815, 0.03813456371426582, 0.04029107838869095, 0.03975909948348999, 0.03509833663702011, 0.035957977175712585, 0.03697159141302109, 0.03767262399196625, 0.03389519453048706, 0.03374006971716881, 0.03756823018193245, 0.03705499693751335, 0.03807459771633148, 0.04041210189461708, 0.04214905574917793, 0.03739898279309273, 0.03493354842066765, 0.03453945741057396, 0.036872658878564835, 0.04158260300755501, 0.036936067044734955, 0.031686294823884964, 0.03475188463926315, 0.035257477313280106, 0.03249383345246315, 0.035158149898052216, 0.04052232950925827, 0.04361827298998833, 0.04143206775188446];[-0.8342115879058838, -0.833129346370697, -0.8444832563400269, -0.8337885737419128, -0.8446364402770996, -0.8402508497238159, -0.8247300982475281, -0.8294816613197327, -0.8344927430152893, -0.8360135555267334, -0.8213856816291809, -0.8214393258094788, -0.8373047113418579, -0.8309441804885864, -0.833708643913269, -0.8439526557922363, -0.8458446860313416, -0.8330267071723938, -0.827308714389801, -0.8242399096488953, -0.8329697251319885, -0.8480249643325806, -0.8373813033103943, -0.818140983581543, -0.8290213346481323, -0.8273892998695374, -0.8190456628799438, -0.8276031613349915, -0.8437507152557373, -0.8574351072311401, -0.8454973101615906];[0.024494536221027374, 0.02347133308649063, 0.02185322716832161, 0.021862385794520378, 0.02382812835276127, 0.021815015003085136, 0.028622180223464966, 0.024981947615742683, 0.021265599876642227, 0.027773942798376083, 0.023268353193998337, 0.023749060928821564, 0.023465318605303764, 0.023514768108725548, 0.02439253032207489, 0.0202347319573164, 0.019127197563648224, 0.022019729018211365, 0.022793350741267204, 0.030598053708672523, 0.02267848141491413, 0.020016822963953018, 0.02490871399641037, 0.01889592967927456, 0.026829794049263, 0.02143443003296852, 0.021999366581439972, 0.022816099226474762, 0.01762910559773445, 0.022761402651667595]
1900;[0.7713056802749634, 0.7718455195426941, 0.7752156853675842, 0.7757834792137146, 0.7798007130622864, 0.782585859298706, 0.7742294073104858, 0.7705036401748657, 0.770663857460022, 0.7684736251831055, 0.7720252275466919, 0.7684403657913208, 0.7820435166358948, 0.7761809229850769, 0.7698448300361633, 0.7755582332611084, 0.772199809551239, 0.7684918642044067, 0.7691397666931152, 0.7695220112800598, 0.7722102999687195, 0.7681276798248291, 0.7746945023536682, 0.7723495364189148, 0.7718043327331543, 0.7745627164840698, 0.7782660722732544, 0.7825723886489868, 0.7748665809631348, 0.7801868319511414, 0.7675569653511047];[0.03523588180541992, 0.03458490967750549, 0.03710697591304779, 0.03732364624738693, 0.040578875690698624, 0.042130064219236374, 0.03550750017166138, 0.03440222516655922, 0.034879084676504135, 0.03341725841164589, 0.03622140362858772, 0.031873952597379684, 0.04226333647966385, 0.03769383952021599, 0.031771425157785416, 0.03675996884703636, 0.03619810938835144, 0.03172026574611664, 0.032446861267089844, 0.033746205270290375, 0.03306804224848747, 0.03287177160382271, 0.035375725477933884, 0.033832892775535583, 0.033116597682237625, 0.03684757649898529, 0.03846226632595062, 0.042176082730293274, 0.035696979612112045, 0.03895653411746025, 0.030765777453780174];[-0.8318257927894592, -0.8255716562271118, -0.8396231532096863, -0.8316112756729126, -0.8393959999084473, -0.8476928472518921, -0.827402651309967, -0.8234454393386841, -0.8346959352493286, -0.8186288475990295, -0.8312671184539795, -0.8182407021522522, -0.8611517548561096, -0.8384475708007812, -0.8197847008705139, -0.8329241871833801, -0.8295664191246033, -0.8153896331787109, -0.8248528838157654, -0.8212658166885376, -0.8184431195259094, -0.8195352554321289, -0.8281869888305664, -0.8266288638114929, -0.8220530152320862, -0.8348793983459473, -0.8380404710769653, -0.8561896681785583, -0.8290578126907349, -0.8409121036529541, -0.8143263459205627];[0.019137859344482422, 0.022372879087924957, 0.02286328747868538, 0.02403842657804489, 0.02308695763349533, 0.020821118727326393, 0.03311263769865036, 0.022302860394120216, 0.02470148354768753, 0.022279415279626846, 0.02398269809782505, 0.024999748915433884, 0.025074154138565063, 0.026483619585633278, 0.021111931651830673, 0.0258313100785017, 0.02735547348856926, 0.026805592700839043, 0.01730373688042164, 0.02185782603919506, 0.024142403155565262, 0.020266491919755936, 0.02146109566092491, 0.031211454421281815, 0.020225152373313904, 0.029075391590595245, 0.02720419131219387, 0.020926758646965027, 0.026554234325885773, 0.02268422394990921]
1950;[0.7726964950561523, 0.7698816061019897, 0.7823636531829834, 0.7731432914733887, 0.7768318057060242, 0.7786256670951843, 0.7724964022636414, 0.7814591526985168, 0.7736608982086182, 0.7755510807037354, 0.7766826748847961, 0.7738292217254639, 0.7777649164199829, 0.7769190669059753, 0.7699024677276611, 0.7645215392112732, 0.7718966603279114, 0.7794074416160583, 0.7731898427009583, 0.7739968299865723, 0.7744117379188538, 0.7696657180786133, 0.775709867477417, 0.7696391344070435, 0.7739173173904419, 0.7738637924194336, 0.7654327154159546, 0.7766590714454651, 0.7807891368865967, 0.7753242254257202, 0.7730830311775208];[0.03449713811278343, 0.03262853994965553, 0.04487963765859604, 0.03914402797818184, 0.03844735398888588, 0.03784982115030289, 0.03262462466955185, 0.03849125653505325, 0.035244353115558624, 0.03655372932553291, 0.03452857956290245, 0.0353359691798687, 0.037845537066459656, 0.03718555346131325, 0.032849159091711044, 0.028850926086306572, 0.0357576459646225, 0.038932956755161285, 0.03443693369626999, 0.03377922624349594, 0.03254745900630951, 0.031376082450151443, 0.03661058843135834, 0.03271659463644028, 0.0340910404920578, 0.03546122834086418, 0.025230806320905685, 0.03200240805745125, 0.03994681313633919, 0.0320487916469574, 0.03060225211083889];[-0.8272060751914978, -0.8233829736709595, -0.8542848825454712, -0.8424292206764221, -0.8387226462364197, -0.8341191411018372, -0.8196905851364136, -0.8435245156288147, -0.8346856832504272, -0.8322680592536926, -0.8272604942321777, -0.82765793800354, -0.8336740732192993, -0.833853542804718, -0.818116307258606, -0.8081819415092468, -0.8254505395889282, -0.8374481797218323, -0.8398985266685486, -0.8248910307884216, -0.8174670934677124, -0.8172575831413269, -0.8258717656135559, -0.8209361433982849, -0.8283663988113403, -0.8250590562820435, -0.796162486076355, -0.8165447115898132, -0.8398035168647766, -0.8235311508178711, -0.8197130560874939];[0.023470735177397728, 0.01921471208333969, 0.024514684453606606, 0.02619279734790325, 0.021879026666283607, 0.024579579010605812, 0.023590516299009323, 0.023865200579166412, 0.023123210296034813, 0.024119270965456963, 0.022869953885674477, 0.02927078865468502, 0.02257359027862549, 0.02205605059862137, 0.022626105695962906, 0.022851087152957916, 0.02314511314034462, 0.026119353249669075, 0.02084292471408844, 0.024561014026403427, 0.0212252140045166, 0.031571514904499054, 0.019643321633338928, 0.016868172213435173, 0.02037745714187622, 0.014596370980143547, 0.019976571202278137, 0.018006213009357452, 0.025078747421503067, 0.021415771916508675]
2000;[0.769666314125061, 0.7679318785667419, 0.7764913439750671, 0.7786662578582764, 0.7776176333427429, 0.778822660446167, 0.776122510433197, 0.7790778279304504, 0.7826226949691772, 0.7922573089599609, 0.7952785491943359, 0.7902150750160217, 0.790103554725647, 0.7820807099342346, 0.7838136553764343, 0.7794188261032104, 0.7951568961143494, 0.781005859375, 0.7910126447677612, 0.7927311062812805, 0.7823165059089661, 0.787492573261261, 0.781902015209198, 0.7858176827430725, 0.7864115834236145, 0.7854293584823608, 0.7929306030273438, 0.784302294254303, 0.7814157605171204, 0.7947831749916077, 0.7913338541984558];[0.03254355862736702, 0.03155501186847687, 0.037788838148117065, 0.038618478924036026, 0.038162458688020706, 0.040385786443948746, 0.035277482122182846, 0.04182446375489235, 0.04227396473288536, 0.04739995300769806, 0.049042947590351105, 0.04711180925369263, 0.045052774250507355, 0.040513984858989716, 0.042831726372241974, 0.03809301555156708, 0.04799249395728111, 0.039032239466905594, 0.04651203751564026, 0.047419287264347076, 0.03839975222945213, 0.04391241818666458, 0.037045303732156754, 0.038460154086351395, 0.04226585477590561, 0.03878607228398323, 0.04929451271891594, 0.03703353554010391, 0.038633573800325394, 0.05087169632315636, 0.044823843985795975];[-0.8230075836181641, -0.8170394897460938, -0.8366687297821045, -0.8395223617553711, -0.8385298848152161, -0.8444355130195618, -0.8281351327896118, -0.8483568429946899, -0.8497779965400696, -0.8715773820877075, -0.8924546837806702, -0.8661476373672485, -0.8555536270141602, -0.8453181982040405, -0.8437292575836182, -0.8323988914489746, -0.8906919956207275, -0.8371960520744324, -0.8590067625045776, -0.8687467575073242, -0.8354730010032654, -0.8635244369506836, -0.837608277797699, -0.8369494676589966, -0.8453142642974854, -0.8363010287284851, -0.8715377449989319, -0.8346956372261047, -0.8381029367446899, -0.8727943301200867, -0.8539584875106812];[0.021700222045183182, 0.026135997846722603, 0.022696178406476974, 0.02208186499774456, 0.02132822945713997, 0.020099269226193428, 0.020345674827694893, 0.022521747276186943, 0.024855149909853935, 0.024168115109205246, 0.026238301768898964, 0.04622884839773178, 0.02339780516922474, 0.021002832800149918, 0.02835320122539997, 0.019604967907071114, 0.02231425791978836, 0.02633802592754364, 0.024282988160848618, 0.023149697110056877, 0.02253725379705429, 0.02499537542462349, 0.02471366710960865, 0.020965540781617165, 0.028981391340494156, 0.02562476322054863, 0.024209314957261086, 0.021394426003098488, 0.020821260288357735, 0.02471950836479664]
2050;[0.7718462944030762, 0.7748743295669556, 0.772021472454071, 0.7742021679878235, 0.7744033336639404, 0.7716915607452393, 0.7700899839401245, 0.7848954200744629, 0.7779619097709656, 0.7799068689346313, 0.7810324430465698, 0.7796668410301208, 0.7749410271644592, 0.771548330783844, 0.7848460674285889, 0.7769014835357666, 0.7746455669403076, 0.7759703397750854, 0.7784727811813354, 0.7760571241378784, 0.7803717255592346, 0.784381091594696, 0.7841969728469849, 0.7726139426231384, 0.7748498320579529, 0.771065354347229, 0.7797285914421082, 0.7812188863754272, 0.7770575881004333, 0.7841026782989502, 0.7795994877815247];[0.03210893273353577, 0.037377454340457916, 0.034558724611997604, 0.03904430568218231, 0.03967617079615593, 0.03248348459601402, 0.03355780243873596, 0.04449054226279259, 0.03997838869690895, 0.0394606851041317, 0.0405983068048954, 0.03931807354092598, 0.03442081809043884, 0.03294497728347778, 0.03978973999619484, 0.035788942128419876, 0.033507004380226135, 0.034621819853782654, 0.03922238200902939, 0.035451654344797134, 0.039141420274972916, 0.04112006723880768, 0.04300200939178467, 0.0318782776594162, 0.032149601727724075, 0.030505826696753502, 0.03593328222632408, 0.03783696889877319, 0.032978594303131104, 0.04152693226933479, 0.03416743502020836];[-0.8186960816383362, -0.8389305472373962, -0.8232846856117249, -0.8371331095695496, -0.8414958119392395, -0.8214234113693237, -0.8227918744087219, -0.8738144636154175, -0.8428677916526794, -0.8402784466743469, -0.8531785011291504, -0.8386068344116211, -0.8241133093833923, -0.821699321269989, -0.8423435091972351, -0.8305615186691284, -0.8217286467552185, -0.8264128565788269, -0.8408553004264832, -0.8302960395812988, -0.8442434072494507, -0.8467150926589966, -0.8465611934661865, -0.8178762793540955, -0.8212832808494568, -0.8141205906867981, -0.8326772451400757, -0.8304627537727356, -0.8188562393188477, -0.8448320031166077, -0.824830949306488];[0.02254597470164299, 0.02420356310904026, 0.0270457211881876, 0.018407288938760757, 0.02630659192800522, 0.02455063723027706, 0.01942538283765316, 0.028399713337421417, 0.02243277058005333, 0.02828337997198105, 0.019226284697651863, 0.028517955914139748, 0.023870976641774178, 0.02049650438129902, 0.02127249538898468, 0.030592653900384903, 0.01973556913435459, 0.027451300993561745, 0.025096850469708443, 0.021117018535733223, 0.026904946193099022, 0.022831588983535767, 0.018304143100976944, 0.022085651755332947, 0.028829403221607208, 0.029320547357201576, 0.027420826256275177, 0.0300724059343338, 0.01825188845396042, 0.02693830616772175]
2100;[0.776093065738678, 0.779096245765686, 0.7821720838546753, 0.7762128114700317, 0.7768566608428955, 0.781342089176178, 0.778128445148468, 0.7785075902938843, 0.7859883904457092, 0.7765276432037354, 0.7818391919136047, 0.7824632525444031, 0.785719633102417, 0.7845255136489868, 0.7775466442108154, 0.782223105430603, 0.7860245108604431, 0.7794924378395081, 0.7909996509552002, 0.7943577170372009, 0.7925147414207458, 0.7866750955581665, 0.7788845300674438, 0.7913858294487, 0.7812122106552124, 0.7856147885322571, 0.7900115251541138, 0.7871220707893372, 0.7833166718482971, 0.7852755188941956, 0.7960385680198669];[0.0371716171503067, 0.037510886788368225, 0.0400674007833004, 0.03748229518532753, 0.03821752592921257, 0.04258175194263458, 0.0372488796710968, 0.03721495717763901, 0.042636848986148834, 0.035501621663570404, 0.04194910079240799, 0.041904252022504807, 0.045203715562820435, 0.042440466582775116, 0.03962462767958641, 0.041613224893808365, 0.04665698483586311, 0.03828186169266701, 0.048378732055425644, 0.052571892738342285, 0.05099279433488846, 0.04453103989362717, 0.04032839834690094, 0.04980480670928955, 0.039396777749061584, 0.04199355095624924, 0.04601306840777397, 0.042336031794548035, 0.04338628053665161, 0.03921358287334442, 0.04852849617600441];[-0.8355830907821655, -0.8336328864097595, -0.8500233292579651, -0.8390750288963318, -0.8321698904037476, -0.8452865481376648, -0.8328604102134705, -0.8368765711784363, -0.8521201610565186, -0.8274921178817749, -0.8473783731460571, -0.8469617366790771, -0.8567813038825989, -0.8501582145690918, -0.8392190337181091, -0.8468932509422302, -0.8660458326339722, -0.8350011706352234, -0.8723383545875549, -0.8824185132980347, -0.87986820936203, -0.8568783402442932, -0.8446779251098633, -0.8719322681427002, -0.8411815166473389, -0.8457968831062317, -0.8574365377426147, -0.8479049801826477, -0.8498114347457886, -0.8378410935401917, -0.883404016494751];[0.025241047143936157, 0.031679246574640274, 0.02813776582479477, 0.022004196420311928, 0.03101450204849243, 0.029966825619339943, 0.021741200238466263, 0.02273494191467762, 0.01700834184885025, 0.02062165178358555, 0.019873932003974915, 0.023840440437197685, 0.026851030066609383, 0.024808527901768684, 0.023278402164578438, 0.02513069286942482, 0.02074204757809639, 0.03200447931885719, 0.04014759138226509, 0.019541069865226746, 0.028347348794341087, 0.02758963219821453, 0.023464098572731018, 0.022127263247966766, 0.021676581352949142, 0.02180453948676586, 0.02188054472208023, 0.028436727821826935, 0.02091704122722149, 0.01973237469792366]
2150;[0.7846554517745972, 0.7786041498184204, 0.7763090133666992, 0.776107668876648, 0.7683050632476807, 0.7782832384109497, 0.7667525410652161, 0.7688655257225037, 0.7753058671951294, 0.769820511341095, 0.7729215025901794, 0.7803398966789246, 0.7705232501029968, 0.7748358249664307, 0.7789286971092224, 0.7721961736679077, 0.766707181930542, 0.7683886885643005, 0.7842699289321899, 0.7709823846817017, 0.7798826098442078, 0.7784622311592102, 0.7825590968132019, 0.7784286141395569, 0.7728879451751709, 0.773168683052063, 0.7729234099388123, 0.7668755650520325, 0.7708250284194946, 0.7729860544204712, 0.7755399346351624];[0.045015111565589905, 0.03746186941862106, 0.03693053498864174, 0.036013539880514145, 0.0322042815387249, 0.037919782102108, 0.03074696473777294, 0.0312125775963068, 0.03858958184719086, 0.03414076566696167, 0.03651292622089386, 0.042262740433216095, 0.031708233058452606, 0.03612607344985008, 0.04009326919913292, 0.03233034163713455, 0.029167506843805313, 0.032014839351177216, 0.04187149927020073, 0.0312991663813591, 0.037812039256095886, 0.035060226917266846, 0.03886530175805092, 0.03724537417292595, 0.034036725759506226, 0.03554174676537514, 0.03399767726659775, 0.027860106900334358, 0.031880587339401245, 0.031367819756269455, 0.03382467105984688];[-0.8600744605064392, -0.849706768989563, -0.8347162008285522, -0.8295570015907288, -0.821071207523346, -0.8362067341804504, -0.8130040764808655, -0.8151195645332336, -0.8345704674720764, -0.8238624334335327, -0.8313651084899902, -0.8462790250778198, -0.8173331022262573, -0.8340634703636169, -0.8420569896697998, -0.8169977068901062, -0.8086116909980774, -0.8156237006187439, -0.845164954662323, -0.8153829574584961, -0.8407227993011475, -0.8294348120689392, -0.8463557362556458, -0.8318878412246704, -0.8276766538619995, -0.8335973024368286, -0.8267207741737366, -0.8060297966003418, -0.8187868595123291, -0.8164209127426147, -0.8215197920799255];[0.021524863317608833, 0.022382719442248344, 0.02965414524078369, 0.02031296119093895, 0.021721092984080315, 0.0227634459733963, 0.0203548576682806, 0.022693496197462082, 0.01887074112892151, 0.022713553160429, 0.028618518263101578, 0.021943502128124237, 0.023754971101880074, 0.027789141982793808, 0.026360761374235153, 0.026091109961271286, 0.02085004560649395, 0.027385164052248, 0.03230233117938042, 0.02764834463596344, 0.02693568728864193, 0.024439597502350807, 0.01961485669016838, 0.037175532430410385, 0.020059511065483093, 0.019366426393389702, 0.025303762406110764, 0.02609182521700859, 0.018160847947001457, 0.023961149156093597]
2200;[0.7703465223312378, 0.7821445465087891, 0.7819264531135559, 0.772835910320282, 0.7745093107223511, 0.7724485993385315, 0.771607518196106, 0.7723885178565979, 0.7726947069168091, 0.778433620929718, 0.7835577130317688, 0.7764984965324402, 0.7750372290611267, 0.7720834016799927, 0.7797738313674927, 0.7680014371871948, 0.7734959721565247, 0.7643204927444458, 0.7795084714889526, 0.7719367146492004, 0.7691026329994202, 0.7746469974517822, 0.774642288684845, 0.7701237201690674, 0.7710015177726746, 0.7675860524177551, 0.7766813039779663, 0.7688765525817871, 0.7799246907234192, 0.765357255935669, 0.7698262333869934];[0.033480461686849594, 0.04410172253847122, 0.04364543408155441, 0.036942046135663986, 0.0380752794444561, 0.03436310216784477, 0.034692924469709396, 0.03676072508096695, 0.03840060159564018, 0.039671093225479126, 0.04429420083761215, 0.03798673674464226, 0.03685882315039635, 0.03537813574075699, 0.039334818720817566, 0.030825207009911537, 0.03550252318382263, 0.02882109209895134, 0.039681412279605865, 0.03674474358558655, 0.034423235803842545, 0.03693641349673271, 0.03607400134205818, 0.03296516090631485, 0.03657990321516991, 0.03306352719664574, 0.03896980732679367, 0.034429267048835754, 0.042997367680072784, 0.031173450872302055, 0.03762996941804886];[-0.8213127851486206, -0.8590662479400635, -0.8548893332481384, -0.8338961005210876, -0.8355913162231445, -0.8256857395172119, -0.8302026987075806, -0.8335182666778564, -0.834051251411438, -0.8450478911399841, -0.8583880066871643, -0.843578040599823, -0.8307459354400635, -0.8296270966529846, -0.8401003479957581, -0.8149663805961609, -0.8330055475234985, -0.808487594127655, -0.8419446349143982, -0.8346198797225952, -0.8255655765533447, -0.8350591063499451, -0.8319028615951538, -0.8213080167770386, -0.8324799537658691, -0.8211330771446228, -0.8404052257537842, -0.8267485499382019, -0.8584713339805603, -0.8165542483329773, -0.8360843062400818];[0.022996066138148308, 0.023870568722486496, 0.02335525117814541, 0.02225033938884735, 0.02787950448691845, 0.023970142006874084, 0.02180478721857071, 0.022608578205108643, 0.020515648648142815, 0.019950654357671738, 0.025578372180461884, 0.028036002069711685, 0.025459732860326767, 0.024971194565296173, 0.036035411059856415, 0.022956253960728645, 0.024831518530845642, 0.028228482231497765, 0.02256794646382332, 0.025387007743120193, 0.020660895854234695, 0.021504642441868782, 0.023073764517903328, 0.024023424834012985, 0.030804874375462532, 0.024773303419351578, 0.034331612288951874, 0.030556052923202515, 0.025138290598988533, 0.03425244987010956]
2250;[0.7763099074363708, 0.7745110988616943, 0.7691705822944641, 0.7791578769683838, 0.7720345854759216, 0.7816904187202454, 0.7725085616111755, 0.7749146819114685, 0.7762998938560486, 0.7712365984916687, 0.7720521092414856, 0.7732354998588562, 0.7763268947601318, 0.772116482257843, 0.7700700759887695, 0.7707284092903137, 0.7730249166488647, 0.7801855802536011, 0.7803629636764526, 0.7732975482940674, 0.7789450287818909, 0.7788407802581787, 0.7782896161079407, 0.7636565566062927, 0.7726801037788391, 0.7724083662033081, 0.7693638801574707, 0.7755171656608582, 0.7738429307937622, 0.7719569206237793, 0.7785084247589111];[0.0398031547665596, 0.036157917231321335, 0.03305923193693161, 0.039197541773319244, 0.03322320058941841, 0.03905174881219864, 0.03401563689112663, 0.03688189014792442, 0.0374135747551918, 0.032724153250455856, 0.03288523480296135, 0.03171795606613159, 0.03598301112651825, 0.030796797946095467, 0.030269350856542587, 0.029985789209604263, 0.03264252841472626, 0.036659713834524155, 0.03582752123475075, 0.032589592039585114, 0.03445892035961151, 0.033909596502780914, 0.036129459738731384, 0.024619191884994507, 0.028450224548578262, 0.028911840170621872, 0.026646563783288002, 0.03177613765001297, 0.031395912170410156, 0.03099198453128338, 0.033284567296504974];[-0.848635196685791, -0.8312690854072571, -0.8199578523635864, -0.8375725150108337, -0.8244745135307312, -0.8610897660255432, -0.8217007517814636, -0.8315450549125671, -0.8368375897407532, -0.8200017809867859, -0.819912850856781, -0.8189257383346558, -0.8315957188606262, -0.8133755922317505, -0.8112868666648865, -0.8133357167243958, -0.8235255479812622, -0.8298959136009216, -0.8281564712524414, -0.8215535879135132, -0.8270654678344727, -0.8230434060096741, -0.8306097984313965, -0.7960416674613953, -0.8086418509483337, -0.8077461123466492, -0.8032675385475159, -0.818777322769165, -0.8158567547798157, -0.8129124641418457, -0.824094295501709];[0.023347487673163414, 0.02101011946797371, 0.023642897605895996, 0.025295468047261238, 0.02378499135375023, 0.02824772149324417, 0.026393746957182884, 0.022454360499978065, 0.02198038622736931, 0.02039773389697075, 0.017214808613061905, 0.04038599133491516, 0.021441983059048653, 0.020250894129276276, 0.023586833849549294, 0.020484693348407745, 0.022226648405194283, 0.015200304798781872, 0.021655576303601265, 0.023269349709153175, 0.021381845697760582, 0.02540532872080803, 0.022782957181334496, 0.020475048571825027, 0.019458845257759094, 0.020567379891872406, 0.022879445925354958, 0.021676355972886086, 0.025942467153072357, 0.01867625303566456]
2300;[0.7647644877433777, 0.7691329121589661, 0.7718053460121155, 0.7718687057495117, 0.7777035236358643, 0.7747946977615356, 0.7691356539726257, 0.783196210861206, 0.7758916020393372, 0.7762508988380432, 0.776429295539856, 0.7721446752548218, 0.7750701904296875, 0.7731142640113831, 0.776389479637146, 0.779192328453064, 0.7798503041267395, 0.7785943746566772, 0.789009690284729, 0.7716469764709473, 0.7699068784713745, 0.770786464214325, 0.77876216173172, 0.7790530920028687, 0.7780244946479797, 0.7807494401931763, 0.7733286619186401, 0.7772542834281921, 0.775094211101532, 0.7821115851402283, 0.7735648155212402];[0.02967829816043377, 0.03235355392098427, 0.036051198840141296, 0.03487005457282066, 0.04373359680175781, 0.03761456534266472, 0.03567533940076828, 0.0466437041759491, 0.04087931290268898, 0.042524538934230804, 0.03976500779390335, 0.038056787103414536, 0.03798083961009979, 0.038381513208150864, 0.04072875156998634, 0.04145851731300354, 0.039272457361221313, 0.04085339978337288, 0.04569786787033081, 0.03565661981701851, 0.03679368272423744, 0.0350208654999733, 0.044733431190252304, 0.04086771234869957, 0.04387303814291954, 0.04334408417344093, 0.03830095753073692, 0.039192166179418564, 0.03949254751205444, 0.04721880704164505, 0.0406363420188427];[-0.810307502746582, -0.8195847272872925, -0.829521119594574, -0.8260058760643005, -0.8509516716003418, -0.844251811504364, -0.8258298635482788, -0.8622520565986633, -0.8471040725708008, -0.8495109677314758, -0.8510047197341919, -0.8353479504585266, -0.8386580944061279, -0.8354149460792542, -0.8435873985290527, -0.8458894491195679, -0.839427649974823, -0.8415015935897827, -0.8563991189002991, -0.8297643065452576, -0.8310520648956299, -0.8249726295471191, -0.8584979772567749, -0.8446983695030212, -0.8571162819862366, -0.8491736054420471, -0.8409222364425659, -0.8358458280563354, -0.8469316959381104, -0.8605636358261108, -0.8446778059005737];[0.022685833275318146, 0.025841278955340385, 0.022205932065844536, 0.024350985884666443, 0.025888564065098763, 0.022308750078082085, 0.02395792491734028, 0.030324406921863556, 0.02090929076075554, 0.02099352702498436, 0.020388513803482056, 0.019769707694649696, 0.024355540052056313, 0.020233919844031334, 0.02183658257126808, 0.022163666784763336, 0.024577490985393524, 0.023505860939621925, 0.02804655395448208, 0.02342982590198517, 0.03411688655614853, 0.024522826075553894, 0.03499695286154747, 0.02830527164041996, 0.029254768043756485, 0.025729916989803314, 0.025382982566952705, 0.02401447668671608, 0.024056188762187958, 0.028974421322345734]
2350;[0.7772398591041565, 0.7763465046882629, 0.7689614295959473, 0.7808061838150024, 0.7789265513420105, 0.7711196541786194, 0.7751421928405762, 0.7800070643424988, 0.7758499383926392, 0.7870280742645264, 0.7734326124191284, 0.7782514095306396, 0.7686367630958557, 0.7865052223205566, 0.766718864440918, 0.7885686755180359, 0.7784034013748169, 0.7843893766403198, 0.781938374042511, 0.7817394137382507, 0.7796053290367126, 0.7758763432502747, 0.7795506715774536, 0.7921971678733826, 0.7925954461097717, 0.7730929851531982, 0.7791273593902588, 0.786628246307373, 0.7809163331985474, 0.7766824960708618, 0.7840954661369324];[0.03944852203130722, 0.03743889182806015, 0.0340336337685585, 0.0413508415222168, 0.04071809723973274, 0.032978352159261703, 0.0376945436000824, 0.040728941559791565, 0.0410175696015358, 0.04215691238641739, 0.03270518407225609, 0.039128415286540985, 0.030742283910512924, 0.040749624371528625, 0.028801675885915756, 0.04558512568473816, 0.03561927005648613, 0.042195726186037064, 0.04012903571128845, 0.03827594593167305, 0.03557484969496727, 0.03686334937810898, 0.03668771684169769, 0.04376937821507454, 0.04768691956996918, 0.02819053642451763, 0.03571600094437599, 0.03820270672440529, 0.03805596008896828, 0.032610733062028885, 0.03665947541594505];[-0.8408023118972778, -0.8307557106018066, -0.8215449452400208, -0.8452036380767822, -0.8532007932662964, -0.8185575604438782, -0.8291071653366089, -0.8522647619247437, -0.8391481637954712, -0.8467105627059937, -0.8218464255332947, -0.8400271534919739, -0.8167191743850708, -0.8836066126823425, -0.8069053292274475, -0.8555739521980286, -0.8280888199806213, -0.8512282371520996, -0.8391515016555786, -0.8338700532913208, -0.833099901676178, -0.8317103981971741, -0.8354158997535706, -0.8526536226272583, -0.8662176132202148, -0.8084354996681213, -0.8254144191741943, -0.8339105844497681, -0.8370262980461121, -0.8206000924110413, -0.8529592752456665];[0.039988160133361816, 0.021832020953297615, 0.022672846913337708, 0.028862709179520607, 0.024234771728515625, 0.018834855407476425, 0.01962076686322689, 0.028844766318798065, 0.021001620218157768, 0.020055891945958138, 0.02218249812722206, 0.020195480436086655, 0.016894010826945305, 0.022746872156858444, 0.020939141511917114, 0.016621656715869904, 0.019641753286123276, 0.02308589778840542, 0.02655497007071972, 0.02095983363687992, 0.024979043751955032, 0.023696355521678925, 0.03392495587468147, 0.02529963292181492, 0.028296776115894318, 0.02413194254040718, 0.024176374077796936, 0.02025183103978634, 0.028413349762558937, 0.02055034600198269]
2400;[0.7749884724617004, 0.7626467347145081, 0.7679154276847839, 0.7686790823936462, 0.7717787027359009, 0.7703166604042053, 0.774022102355957, 0.7655776143074036, 0.7718915939331055, 0.7702902555465698, 0.7676699757575989, 0.7672942280769348, 0.7739850282669067, 0.772223711013794, 0.7715509533882141, 0.7721401453018188, 0.7691307663917542, 0.7720046043395996, 0.7767912745475769, 0.7707553505897522, 0.7750059366226196, 0.7736566662788391, 0.7707579135894775, 0.7725061178207397, 0.7703838348388672, 0.7707103490829468, 0.7808324694633484, 0.7693960666656494, 0.7733681201934814, 0.7768202424049377, 0.774989128112793];[0.03647138923406601, 0.02955288626253605, 0.030565856024622917, 0.0311784315854311, 0.03272359073162079, 0.03242319077253342, 0.03497916832566261, 0.03289283439517021, 0.035342637449502945, 0.035310693085193634, 0.030682576820254326, 0.031130008399486542, 0.03724691644310951, 0.0346517376601696, 0.03565669804811478, 0.033092185854911804, 0.035409074276685715, 0.033537354320287704, 0.03607642650604248, 0.031522221863269806, 0.038657937198877335, 0.03553862124681473, 0.031670358031988144, 0.033467959612607956, 0.031327441334724426, 0.033393703401088715, 0.04132816568017006, 0.029945971444249153, 0.03509587422013283, 0.03782014921307564, 0.033103689551353455];[-0.8433907628059387, -0.8092769980430603, -0.8147518634796143, -0.8152744174003601, -0.8203533291816711, -0.8227853775024414, -0.8283941149711609, -0.8224572539329529, -0.8269833326339722, -0.8256842494010925, -0.813737690448761, -0.8186481595039368, -0.8330848813056946, -0.8227633237838745, -0.8308475017547607, -0.8249208927154541, -0.8285879492759705, -0.8264336585998535, -0.8333791494369507, -0.8149613738059998, -0.8387624621391296, -0.8288205862045288, -0.8174657821655273, -0.8311264514923096, -0.8125743269920349, -0.821955144405365, -0.850619375705719, -0.8128306269645691, -0.825296938419342, -0.8335356116294861, -0.8214271068572998];[0.03410791605710983, 0.0371299684047699, 0.022051621228456497, 0.026335174217820168, 0.020214753225445747, 0.03273864462971687, 0.024393517524003983, 0.022784991189837456, 0.024435870349407196, 0.023940114304423332, 0.023097317665815353, 0.02290499582886696, 0.0416676290333271, 0.026314273476600647, 0.026795731857419014, 0.022953975945711136, 0.021498965099453926, 0.02131425403058529, 0.026661306619644165, 0.01989002898335457, 0.02840203046798706, 0.02556704916059971, 0.02408965863287449, 0.02479446679353714, 0.01868925243616104, 0.02480485662817955, 0.0217914879322052, 0.022805361077189445, 0.02395501360297203, 0.021247252821922302]
2450;[0.7677467465400696, 0.768799364566803, 0.7685728073120117, 0.7676365971565247, 0.7764906883239746, 0.7692986726760864, 0.7733741998672485, 0.7713995575904846, 0.7774789333343506, 0.772457480430603, 0.7723383903503418, 0.7671626210212708, 0.7722547054290771, 0.7718867659568787, 0.7698676586151123, 0.7691150307655334, 0.7741490602493286, 0.7740547060966492, 0.7757920026779175, 0.7678050398826599, 0.7665510177612305, 0.7740707397460938, 0.7702817320823669, 0.7707809209823608, 0.7669481635093689, 0.7768398523330688, 0.7637730836868286, 0.7692615389823914, 0.7700271606445312, 0.7743756771087646, 0.7768167853355408];[0.03293411433696747, 0.03304258733987808, 0.03454490378499031, 0.03400802984833717, 0.038690630346536636, 0.033917009830474854, 0.03630199283361435, 0.03259822726249695, 0.03911774605512619, 0.03199106827378273, 0.03439810872077942, 0.029231304302811623, 0.03298107907176018, 0.032525163143873215, 0.030706562101840973, 0.03154616802930832, 0.03320122882723808, 0.03504006937146187, 0.033120349049568176, 0.027115177363157272, 0.029308443889021873, 0.03161600977182388, 0.03156985342502594, 0.02711976319551468, 0.027682434767484665, 0.0327390693128109, 0.024668987840414047, 0.029596619307994843, 0.03196028620004654, 0.03154462203383446, 0.033654600381851196];[-0.8149830102920532, -0.821169376373291, -0.8256793022155762, -0.8208428025245667, -0.8423318862915039, -0.8250743746757507, -0.8296118974685669, -0.8205040097236633, -0.8378283977508545, -0.8159753084182739, -0.8265032768249512, -0.8095307350158691, -0.8224408030509949, -0.819981575012207, -0.8241396546363831, -0.8146080374717712, -0.8190540671348572, -0.8260567784309387, -0.8281754851341248, -0.8053218126296997, -0.8069966435432434, -0.8166543245315552, -0.8167722225189209, -0.8067243099212646, -0.8060865998268127, -0.8187482953071594, -0.795434832572937, -0.8086020350456238, -0.8180696368217468, -0.8150801062583923, -0.8218724727630615];[0.021451029926538467, 0.021065890789031982, 0.026773063465952873, 0.030348896980285645, 0.026069220155477524, 0.02212635986506939, 0.02523002214729786, 0.02706044912338257, 0.03144384175539017, 0.025245431810617447, 0.021856633946299553, 0.022548185661435127, 0.021792247891426086, 0.023114077746868134, 0.03824734687805176, 0.02108326368033886, 0.022084539756178856, 0.021757636219263077, 0.029985247179865837, 0.025579728186130524, 0.023893771693110466, 0.022597607225179672, 0.02689448371529579, 0.02146724984049797, 0.02185971662402153, 0.020267246291041374, 0.021014684811234474, 0.023625154048204422, 0.022883739322423935, 0.023941101506352425]
2500;[0.7785080671310425, 0.7743220329284668, 0.7717126607894897, 0.7813307046890259, 0.7720770239830017, 0.7731866836547852, 0.7732304930686951, 0.7787395715713501, 0.7852659821510315, 0.7813045978546143, 0.7712105512619019, 0.7735081315040588, 0.7764819264411926, 0.7764199376106262, 0.7762589454650879, 0.7727602124214172, 0.7868438363075256, 0.7849707007408142, 0.7805845141410828, 0.7747973799705505, 0.7840864062309265, 0.783829927444458, 0.7797490358352661, 0.7811599969863892, 0.7785400152206421, 0.7954004406929016, 0.7828027606010437, 0.7833052277565002, 0.7955958247184753, 0.78236323595047, 0.7918875813484192];[0.04087982326745987, 0.03520221263170242, 0.032109230756759644, 0.040321629494428635, 0.033568136394023895, 0.035306211560964584, 0.0336151197552681, 0.0378902330994606, 0.04349135607481003, 0.04134925827383995, 0.033359650522470474, 0.03347809240221977, 0.03616471216082573, 0.035550445318222046, 0.03539112210273743, 0.036240674555301666, 0.04317770525813103, 0.038981352001428604, 0.03886084258556366, 0.034217894077301025, 0.04260135814547539, 0.04265529289841652, 0.03976673260331154, 0.040892258286476135, 0.03937498852610588, 0.05035828426480293, 0.04027949273586273, 0.04192421957850456, 0.04713449999690056, 0.04019821062684059, 0.045760322362184525];[-0.8479679822921753, -0.8276600241661072, -0.8147919774055481, -0.8396903872489929, -0.8224325776100159, -0.8283275365829468, -0.8245494365692139, -0.8344571590423584, -0.8633982539176941, -0.8460185527801514, -0.8205737471580505, -0.8241449594497681, -0.8292572498321533, -0.830721378326416, -0.8275271654129028, -0.8305445909500122, -0.8561004400253296, -0.8378772139549255, -0.8385457396507263, -0.8250340819358826, -0.8515749573707581, -0.8537711501121521, -0.8431300520896912, -0.8425021171569824, -0.8384772539138794, -0.8727002739906311, -0.8425545692443848, -0.8418465852737427, -0.8717793822288513, -0.8437784314155579, -0.8669744729995728];[0.02032044529914856, 0.02526605688035488, 0.019216910004615784, 0.02694939821958542, 0.021246755495667458, 0.02611668035387993, 0.052363745868206024, 0.0357828363776207, 0.01881834864616394, 0.028381135314702988, 0.021652091294527054, 0.023940175771713257, 0.023758679628372192, 0.022793376818299294, 0.026270952075719833, 0.024054892361164093, 0.019337208941578865, 0.022491373121738434, 0.024368278682231903, 0.022972986102104187, 0.024475064128637314, 0.023876557126641273, 0.024379204958677292, 0.0280042365193367, 0.023211006075143814, 0.02616185136139393, 0.019117921590805054, 0.028880786150693893, 0.028591586276888847, 0.0224826131016016]
2550;[0.77707839012146, 0.7777323126792908, 0.780318021774292, 0.7739652395248413, 0.7797238230705261, 0.7680745720863342, 0.7707348465919495, 0.7758194804191589, 0.7708007097244263, 0.780021607875824, 0.776389479637146, 0.7745230197906494, 0.782017707824707, 0.7889772653579712, 0.7768607139587402, 0.7855598330497742, 0.771628201007843, 0.7715597152709961, 0.7833500504493713, 0.7772614359855652, 0.7790754437446594, 0.7743939161300659, 0.7798447012901306, 0.7777675986289978, 0.7902124524116516, 0.774342954158783, 0.7917863130569458, 0.7811889052391052, 0.7795711159706116, 0.772704005241394, 0.7842842936515808];[0.03674916550517082, 0.039318397641181946, 0.042505230754613876, 0.03735003247857094, 0.04369920864701271, 0.03238414600491524, 0.03253241628408432, 0.03542754799127579, 0.0327661894261837, 0.040011417120695114, 0.037512097507715225, 0.03410618379712105, 0.0419594869017601, 0.04502275586128235, 0.037332724779844284, 0.04041063040494919, 0.03245019540190697, 0.03290055692195892, 0.042052194476127625, 0.0377371683716774, 0.03880070894956589, 0.034214530140161514, 0.03979901596903801, 0.0368240587413311, 0.044995371252298355, 0.03283359855413437, 0.04785309359431267, 0.040963951498270035, 0.03740917146205902, 0.030527614057064056, 0.039580777287483215];[-0.8327585458755493, -0.8361871838569641, -0.8457762002944946, -0.8368722200393677, -0.8500728011131287, -0.8212845325469971, -0.8183033466339111, -0.8258471488952637, -0.8177669048309326, -0.8430310487747192, -0.832567572593689, -0.8254493474960327, -0.852146327495575, -0.8615332245826721, -0.8290976285934448, -0.8746585249900818, -0.8175835609436035, -0.8202703595161438, -0.8564631342887878, -0.8325858116149902, -0.8381332755088806, -0.8273248672485352, -0.8470587730407715, -0.8333196640014648, -0.8557260632514954, -0.8190474510192871, -0.8812022805213928, -0.8463261127471924, -0.832120954990387, -0.8160757422447205, -0.8494043946266174];[0.025707043707370758, 0.026765815913677216, 0.027343640103936195, 0.027758067473769188, 0.022278308868408203, 0.024576786905527115, 0.02453119494020939, 0.027808066457509995, 0.023509744554758072, 0.020789895206689835, 0.024464670568704605, 0.021939970552921295, 0.030244367197155952, 0.02182793617248535, 0.022713351994752884, 0.03340057283639908, 0.019679034128785133, 0.025131603702902794, 0.019638001918792725, 0.02091684192419052, 0.019801530987024307, 0.023061340674757957, 0.020978501066565514, 0.024624142795801163, 0.024441149085760117, 0.019881296902894974, 0.0284118615090847, 0.025178879499435425, 0.025727588683366776, 0.019077254459261894]
2600;[0.7680361866950989, 0.7753604054450989, 0.7761067152023315, 0.7690759301185608, 0.7711024284362793, 0.767619788646698, 0.7766036987304688, 0.766942024230957, 0.7639103531837463, 0.7686519026756287, 0.7688338756561279, 0.7683904767036438, 0.7715509533882141, 0.7676514983177185, 0.765243411064148, 0.7652568221092224, 0.7612453699111938, 0.7575348019599915, 0.7639844417572021, 0.7631285786628723, 0.7703818082809448, 0.7674350142478943, 0.766258716583252, 0.7629795074462891, 0.7681302428245544, 0.7627462148666382, 0.7725731730461121, 0.7616084218025208, 0.7659543752670288, 0.763566255569458, 0.7668331265449524];[0.033960726112127304, 0.0386803038418293, 0.038564879447221756, 0.03147342428565025, 0.03376108035445213, 0.02759154513478279, 0.03561441972851753, 0.030535176396369934, 0.02886100858449936, 0.028469331562519073, 0.027684971690177917, 0.03322071582078934, 0.03231613337993622, 0.02865523472428322, 0.02597992494702339, 0.027934664860367775, 0.022348487749695778, 0.021545011550188065, 0.0255629550665617, 0.02468022331595421, 0.03188569098711014, 0.027441291138529778, 0.028344150632619858, 0.024165943264961243, 0.029244670644402504, 0.027768734842538834, 0.034456320106983185, 0.024619122967123985, 0.027967510744929314, 0.025933653116226196, 0.027456777170300484];[-0.8221240639686584, -0.8358958959579468, -0.8388116955757141, -0.8161394000053406, -0.8230061531066895, -0.8060413599014282, -0.8330084681510925, -0.8323243856430054, -0.8055216073989868, -0.81064373254776, -0.8050729632377625, -0.8452526926994324, -0.8291006088256836, -0.8138233423233032, -0.8019710779190063, -0.8084625005722046, -0.792369544506073, -0.7884328365325928, -0.7986408472061157, -0.7994152903556824, -0.8184992074966431, -0.8122913241386414, -0.8086453080177307, -0.794933557510376, -0.8098809123039246, -0.8033432960510254, -0.8312079310417175, -0.7979387640953064, -0.8079023957252502, -0.8013709783554077, -0.8037937879562378];[0.021698199212551117, 0.02060041017830372, 0.017225686460733414, 0.024218136444687843, 0.025653980672359467, 0.024330349639058113, 0.020105887204408646, 0.022784538567066193, 0.022260745987296104, 0.025648148730397224, 0.02877163328230381, 0.025694025680422783, 0.021760325878858566, 0.017296109348535538, 0.02639884129166603, 0.04037068039178848, 0.02368374727666378, 0.022581802681088448, 0.025574995204806328, 0.02085905708372593, 0.02706458419561386, 0.02348262444138527, 0.020707760006189346, 0.023869242519140244, 0.022829994559288025, 0.0341460295021534, 0.021024534478783607, 0.02355935424566269, 0.027131730690598488, 0.021319972351193428]
2650;[0.7740353941917419, 0.779606282711029, 0.7783809900283813, 0.7680917978286743, 0.7658307552337646, 0.7651581168174744, 0.7724020481109619, 0.7756772637367249, 0.7806763648986816, 0.7668333053588867, 0.7735239863395691, 0.7713800072669983, 0.7709762454032898, 0.776938259601593, 0.7788692712783813, 0.7705966830253601, 0.7758557200431824, 0.7807037234306335, 0.7781996130943298, 0.774300754070282, 0.7806621789932251, 0.7776480913162231, 0.7709466814994812, 0.7663882374763489, 0.773699939250946, 0.7849321365356445, 0.7698045969009399, 0.7707593441009521, 0.779312014579773, 0.779330849647522, 0.7715094685554504];[0.03320349007844925, 0.044624749571084976, 0.03935663774609566, 0.0308083463460207, 0.029627230018377304, 0.029076989740133286, 0.0338062047958374, 0.035929951816797256, 0.039548713713884354, 0.030609188601374626, 0.03359319642186165, 0.03269365802407265, 0.03233545273542404, 0.03657646104693413, 0.03632831573486328, 0.031448472291231155, 0.03447352722287178, 0.03809583932161331, 0.039590347558259964, 0.03386194631457329, 0.03875118866562843, 0.03705614432692528, 0.032513272017240524, 0.02712142840027809, 0.03201403468847275, 0.041242096573114395, 0.030391689389944077, 0.03108869306743145, 0.03827605023980141, 0.039697203785181046, 0.03199925273656845];[-0.8250634670257568, -0.8602725863456726, -0.8379009962081909, -0.8138392567634583, -0.81076979637146, -0.809544026851654, -0.8223902583122253, -0.8328374028205872, -0.8507524132728577, -0.81290602684021, -0.8216971158981323, -0.8186442852020264, -0.817226767539978, -0.8317448496818542, -0.8302417993545532, -0.818773627281189, -0.8332459926605225, -0.837515652179718, -0.8456899523735046, -0.8231127262115479, -0.8391574025154114, -0.8302472829818726, -0.8187546133995056, -0.8018122911453247, -0.8191915154457092, -0.8403270244598389, -0.8111423254013062, -0.8162456154823303, -0.8450304269790649, -0.8409752249717712, -0.818946361541748];[0.028237881138920784, 0.02371460199356079, 0.01991530880331993, 0.017716025933623314, 0.01846541278064251, 0.025955751538276672, 0.024382373318076134, 0.026237914338707924, 0.018231241032481194, 0.021705040708184242, 0.022297557443380356, 0.019612431526184082, 0.02104979008436203, 0.022781305015087128, 0.028682392090559006, 0.02206488884985447, 0.0233171246945858, 0.01868547312915325, 0.020872700959444046, 0.023139042779803276, 0.022434161975979805, 0.022619929164648056, 0.023039476945996284, 0.025805938988924026, 0.02447003684937954, 0.02925407700240612, 0.020167483016848564, 0.019953686743974686, 0.025598745793104172, 0.027107497677206993]
2700;[0.7685233950614929, 0.7783477902412415, 0.7657131552696228, 0.7728773355484009, 0.7755191922187805, 0.7741223573684692, 0.7692328691482544, 0.7686272263526917, 0.7802728414535522, 0.7745550870895386, 0.7779607176780701, 0.7704485058784485, 0.7702798843383789, 0.7751026749610901, 0.7696346044540405, 0.7744975090026855, 0.7669416666030884, 0.767417311668396, 0.7702184915542603, 0.7729052901268005, 0.7695212364196777, 0.7698739171028137, 0.769255518913269, 0.7710676193237305, 0.7705150246620178, 0.7781480550765991, 0.7724783420562744, 0.7722888588905334, 0.7691096663475037, 0.7783496379852295, 0.7769145369529724];[0.03286826238036156, 0.040735747665166855, 0.028718996793031693, 0.03243252635002136, 0.03698614612221718, 0.03481360897421837, 0.0308417696505785, 0.03024408034980297, 0.04017805680632591, 0.03615974634885788, 0.03563844785094261, 0.03088911809027195, 0.031638916581869125, 0.03403422608971596, 0.03126522898674011, 0.03139413148164749, 0.02847638726234436, 0.02752775140106678, 0.027780631557106972, 0.02967838943004608, 0.02855711616575718, 0.028236282989382744, 0.026026932522654533, 0.02900093048810959, 0.025660326704382896, 0.03410913050174713, 0.029519055038690567, 0.028647026047110558, 0.0261701587587595, 0.03408997133374214, 0.03237555921077728];[-0.8173689842224121, -0.8483014106750488, -0.8072285056114197, -0.8193564414978027, -0.8342875838279724, -0.8290923833847046, -0.8127827048301697, -0.8165414929389954, -0.8537021279335022, -0.8293548226356506, -0.826907217502594, -0.8188527226448059, -0.8155756592750549, -0.8208304643630981, -0.8133941292762756, -0.8189723491668701, -0.8050433397293091, -0.8029667139053345, -0.8049521446228027, -0.8110675811767578, -0.8087870478630066, -0.808069109916687, -0.8020530939102173, -0.8137704133987427, -0.7992197275161743, -0.8263235092163086, -0.8092314600944519, -0.8178947567939758, -0.8024498820304871, -0.8223413228988647, -0.8268911242485046];[0.02876732125878334, 0.022405270487070084, 0.01997859589755535, 0.019797308370471, 0.037511613219976425, 0.021987704560160637, 0.021273527294397354, 0.02674947865307331, 0.022100131958723068, 0.021671932190656662, 0.02488296665251255, 0.02307184413075447, 0.021902410313487053, 0.018684564158320427, 0.022180650383234024, 0.028909562155604362, 0.026093926280736923, 0.022705303505063057, 0.025401871651411057, 0.02570921555161476, 0.039654672145843506, 0.020080670714378357, 0.021425537765026093, 0.034689947962760925, 0.024147879332304, 0.02272765152156353, 0.025609586387872696, 0.019487401470541954, 0.022043241187930107, 0.02255803346633911]
2750;[0.7686010599136353, 0.7776613235473633, 0.7728334665298462, 0.7813323736190796, 0.7766873240470886, 0.7700967788696289, 0.776048481464386, 0.7753880023956299, 0.7756931185722351, 0.776659369468689, 0.7740700840950012, 0.7667302489280701, 0.7788366675376892, 0.7829081416130066, 0.7692400217056274, 0.77210533618927, 0.768010139465332, 0.773649275302887, 0.7808249592781067, 0.7709993720054626, 0.7762799263000488, 0.7722103595733643, 0.7809901237487793, 0.7743142247200012, 0.7776718735694885, 0.7741319537162781, 0.7653566598892212, 0.7797836661338806, 0.7698678970336914, 0.7765620946884155, 0.7800685167312622];[0.033337730914354324, 0.040003471076488495, 0.03853518143296242, 0.042920757085084915, 0.03938440978527069, 0.03288348391652107, 0.03904859721660614, 0.03600518777966499, 0.034237295389175415, 0.03723108023405075, 0.034895122051239014, 0.03178313747048378, 0.041211117058992386, 0.043427739292383194, 0.033061813563108444, 0.03276888281106949, 0.030384480953216553, 0.034498948603868484, 0.037239380180835724, 0.03276293724775314, 0.03372611477971077, 0.03272945433855057, 0.037472423166036606, 0.029666069895029068, 0.03322455659508705, 0.032339632511138916, 0.02663961984217167, 0.039080265909433365, 0.028202731162309647, 0.03383743017911911, 0.03559435158967972];[-0.8176805973052979, -0.8558447360992432, -0.839006781578064, -0.848679780960083, -0.8336277604103088, -0.8360118269920349, -0.838026762008667, -0.8301281929016113, -0.8247766494750977, -0.8340510725975037, -0.8270588517189026, -0.8164016008377075, -0.8417267799377441, -0.8514859080314636, -0.817946195602417, -0.8213210105895996, -0.8141816258430481, -0.8280472755432129, -0.8322860598564148, -0.8170779943466187, -0.82230144739151, -0.8161658048629761, -0.8381537199020386, -0.8108388185501099, -0.8219636678695679, -0.8180894255638123, -0.8035708665847778, -0.8403159976005554, -0.8087487816810608, -0.8228710293769836, -0.8380733728408813];[0.01878478191792965, 0.028100967407226562, 0.02083558216691017, 0.020087288692593575, 0.022683914750814438, 0.02170255035161972, 0.022356579080224037, 0.02013207972049713, 0.025120887905359268, 0.026580126956105232, 0.022252030670642853, 0.0216689333319664, 0.026270998641848564, 0.02417367696762085, 0.0272800512611866, 0.01961265131831169, 0.02475016750395298, 0.03273732215166092, 0.025809261947870255, 0.026322318241000175, 0.0240012276917696, 0.02985321916639805, 0.029392611235380173, 0.02313927747309208, 0.01947563886642456, 0.02245442569255829, 0.029122257605195045, 0.023179590702056885, 0.030964959412813187, 0.025475189089775085]
2800;[0.7688477039337158, 0.7699697017669678, 0.7835673093795776, 0.7732536792755127, 0.7764204740524292, 0.7729570269584656, 0.7742389440536499, 0.7745007872581482, 0.7797113060951233, 0.7802575826644897, 0.7798168659210205, 0.7759771943092346, 0.777247965335846, 0.7834160327911377, 0.7780390381813049, 0.7907510995864868, 0.7811387777328491, 0.7798042893409729, 0.7834489345550537, 0.783076822757721, 0.7931228876113892, 0.795362651348114, 0.7843897342681885, 0.7916651368141174, 0.7912086844444275, 0.7885538339614868, 0.7894929051399231, 0.7825928330421448, 0.7886561155319214, 0.7860658168792725, 0.7852947115898132];[0.030676502734422684, 0.036205872893333435, 0.04343821480870247, 0.03622109070420265, 0.038174331188201904, 0.03460567072033882, 0.038461484014987946, 0.037626639008522034, 0.04213649407029152, 0.04331190511584282, 0.04146977886557579, 0.03983604162931442, 0.03808167204260826, 0.0430835522711277, 0.04408283159136772, 0.04872256889939308, 0.04383177310228348, 0.04314883053302765, 0.04300796985626221, 0.045290835201740265, 0.0529160276055336, 0.056458111852407455, 0.04586566239595413, 0.05389159545302391, 0.05162406340241432, 0.04920441284775734, 0.05094682797789574, 0.04526035487651825, 0.05006666108965874, 0.04511694237589836, 0.04601097106933594];[-0.8194093108177185, -0.831314742565155, -0.8573459386825562, -0.8273741602897644, -0.838613748550415, -0.8270572423934937, -0.837422251701355, -0.8351770639419556, -0.8545187711715698, -0.8538458347320557, -0.8416547775268555, -0.8487210869789124, -0.8376437425613403, -0.8495082259178162, -0.8520802855491638, -0.8635574579238892, -0.8520538210868835, -0.854024350643158, -0.8500921726226807, -0.8538506627082825, -0.8789840936660767, -0.8911157250404358, -0.8592270612716675, -0.8914100527763367, -0.8765252232551575, -0.8728803396224976, -0.8748916387557983, -0.8530668020248413, -0.8709706664085388, -0.8575785160064697, -0.8618504405021667];[0.02163662388920784, 0.032502029091119766, 0.023806655779480934, 0.023643525317311287, 0.025722788646817207, 0.02154798060655594, 0.022257834672927856, 0.021963395178318024, 0.024205612018704414, 0.023708077147603035, 0.025592397898435593, 0.02122422866523266, 0.029825765639543533, 0.019854072481393814, 0.02419247291982174, 0.024876147508621216, 0.020891543477773666, 0.026298794895410538, 0.025129375979304314, 0.02671651542186737, 0.024159666150808334, 0.01871427893638611, 0.022482944652438164, 0.02041102573275566, 0.023622646927833557, 0.020543834194540977, 0.020714109763503075, 0.02489885687828064, 0.023379160091280937, 0.024545667693018913]
2850;[0.7697654366493225, 0.7721337676048279, 0.7662702798843384, 0.7659111618995667, 0.7761812806129456, 0.7670344114303589, 0.7710070610046387, 0.7779191136360168, 0.7725977897644043, 0.7680075168609619, 0.7736615538597107, 0.769627571105957, 0.7779232859611511, 0.7672694325447083, 0.770818293094635, 0.7710491418838501, 0.7765543460845947, 0.7744718194007874, 0.7682487368583679, 0.7758501172065735, 0.773026168346405, 0.7702624797821045, 0.7757826447486877, 0.7666577696800232, 0.7717339396476746, 0.7730057835578918, 0.7704598903656006, 0.7766677141189575, 0.7705597281455994, 0.7750421166419983, 0.7659977674484253];[0.0327116996049881, 0.03531962260603905, 0.030469361692667007, 0.030045630410313606, 0.03716488927602768, 0.03101271390914917, 0.033051274716854095, 0.039247553795576096, 0.03630247339606285, 0.030361568555235863, 0.034733593463897705, 0.03184393048286438, 0.038421083241701126, 0.032282911241054535, 0.03379908204078674, 0.03237398713827133, 0.03444458544254303, 0.03708091750741005, 0.031080229207873344, 0.03475002944469452, 0.0333130918443203, 0.029932349920272827, 0.03616141155362129, 0.02699088305234909, 0.029827529564499855, 0.034629568457603455, 0.03179468214511871, 0.03522573411464691, 0.03259509056806564, 0.035492345690727234, 0.028574038296937943];[-0.8201571106910706, -0.8346500396728516, -0.8121208548545837, -0.8118765950202942, -0.831637978553772, -0.8128571510314941, -0.8231542706489563, -0.8413972854614258, -0.8378208875656128, -0.8091198801994324, -0.826428234577179, -0.8185096383094788, -0.8338949680328369, -0.8175262808799744, -0.8349556922912598, -0.8181388974189758, -0.8571581840515137, -0.8402298092842102, -0.813847005367279, -0.8279998302459717, -0.8246999382972717, -0.8117991089820862, -0.8305986523628235, -0.801814615726471, -0.8120303750038147, -0.8222086429595947, -0.8163992166519165, -0.8320816159248352, -0.8201579451560974, -0.829848051071167, -0.8104913830757141];[0.021252740174531937, 0.024916872382164, 0.024846980348229408, 0.028132488951086998, 0.026561519131064415, 0.020802810788154602, 0.02001025527715683, 0.025777852162718773, 0.020419444888830185, 0.024586878716945648, 0.024131424725055695, 0.02197200246155262, 0.02310555800795555, 0.023626983165740967, 0.02639431692659855, 0.02447597309947014, 0.024357926100492477, 0.01724526658654213, 0.030477851629257202, 0.02083756774663925, 0.03733073174953461, 0.02889009565114975, 0.024802178144454956, 0.02090834639966488, 0.020121121779084206, 0.023069821298122406, 0.023055171594023705, 0.034589141607284546, 0.026933809742331505, 0.019718419760465622]
2900;[0.7813458442687988, 0.7730451822280884, 0.7700850367546082, 0.7728216648101807, 0.7746440172195435, 0.7725516557693481, 0.7666899561882019, 0.7636904120445251, 0.7727696299552917, 0.771536648273468, 0.7657160758972168, 0.7678930759429932, 0.7639763355255127, 0.7695753574371338, 0.7648897171020508, 0.76966792345047, 0.7697767019271851, 0.7692136764526367, 0.7677915096282959, 0.7674397826194763, 0.7713840007781982, 0.7643692493438721, 0.7686746120452881, 0.7626729011535645, 0.7706730365753174, 0.7662196159362793, 0.7681116461753845, 0.7690241932868958, 0.7604784965515137, 0.7692948579788208, 0.7591482996940613];[0.040740303695201874, 0.03547103330492973, 0.03156150504946709, 0.033947527408599854, 0.038972657173871994, 0.03506394103169441, 0.031467191874980927, 0.02987162210047245, 0.03318343311548233, 0.033983610570430756, 0.031632423400878906, 0.030856139957904816, 0.028474804013967514, 0.031865525990724564, 0.03000553883612156, 0.029085176065564156, 0.031297359615564346, 0.03341227024793625, 0.031623922288417816, 0.031816381961107254, 0.03526097163558006, 0.03141145035624504, 0.03258805349469185, 0.03030436299741268, 0.03198718652129173, 0.028696976602077484, 0.030627848580479622, 0.03173961117863655, 0.02789529412984848, 0.03480283170938492, 0.02563832513988018];[-0.8474368453025818, -0.8297778964042664, -0.8139315247535706, -0.8238890767097473, -0.8369988799095154, -0.8303560614585876, -0.814261257648468, -0.8136125802993774, -0.8222281336784363, -0.8205813765525818, -0.8130252957344055, -0.8181079030036926, -0.8071208596229553, -0.8194774985313416, -0.8165419697761536, -0.8123523592948914, -0.8154699206352234, -0.8250755071640015, -0.8181205987930298, -0.8185186982154846, -0.8242695331573486, -0.8151699304580688, -0.8178650140762329, -0.8139774799346924, -0.819806694984436, -0.8089393377304077, -0.8118916749954224, -0.8169353008270264, -0.8086221814155579, -0.8261260986328125, -0.80086350440979];[0.019545458257198334, 0.023031946271657944, 0.02220686711370945, 0.02209196798503399, 0.026694079861044884, 0.02452944777905941, 0.01604616828262806, 0.01969999074935913, 0.02740814909338951, 0.02721223793923855, 0.02159961313009262, 0.01987577974796295, 0.024363825097680092, 0.02044549211859703, 0.022739006206393242, 0.022739168256521225, 0.024205299094319344, 0.022461842745542526, 0.018145572394132614, 0.021560294553637505, 0.02552414871752262, 0.023799195885658264, 0.027050349861383438, 0.025141187012195587, 0.01866842433810234, 0.023143569007515907, 0.0315948948264122, 0.027508946135640144, 0.02605564333498478, 0.019901299849152565]
2950;[0.7813006639480591, 0.7701162695884705, 0.768305242061615, 0.7729628086090088, 0.7802666425704956, 0.7746263742446899, 0.7744693756103516, 0.7788598537445068, 0.7794513702392578, 0.7795801162719727, 0.7854318618774414, 0.7879784107208252, 0.7805626392364502, 0.7776856422424316, 0.7772313952445984, 0.782257080078125, 0.7769150137901306, 0.7826474905014038, 0.7826390862464905, 0.7867562174797058, 0.7829489707946777, 0.7806077003479004, 0.7786256074905396, 0.786228597164154, 0.7868108153343201, 0.7942383885383606, 0.7784034609794617, 0.7851874232292175, 0.7796348333358765, 0.7864987850189209, 0.7887193560600281];[0.04249199479818344, 0.0350194089114666, 0.03372170403599739, 0.03693591058254242, 0.041785839945077896, 0.037520892918109894, 0.035911496728658676, 0.04116802290081978, 0.039949774742126465, 0.03914378210902214, 0.04341695085167885, 0.043248794972896576, 0.036145247519016266, 0.033437713980674744, 0.040055349469184875, 0.03825600445270538, 0.035213738679885864, 0.040476854890584946, 0.04120940342545509, 0.04279770329594612, 0.037434034049510956, 0.03770795091986656, 0.035921286791563034, 0.04256436973810196, 0.04082602262496948, 0.048047784715890884, 0.03675684705376625, 0.04106360301375389, 0.03632050380110741, 0.0375586599111557, 0.04301387816667557];[-0.8564563393592834, -0.829340398311615, -0.821637749671936, -0.8341106176376343, -0.8492035269737244, -0.8345081806182861, -0.8327960968017578, -0.8443865776062012, -0.8433645367622375, -0.8359859585762024, -0.8548576831817627, -0.8660067319869995, -0.8288642168045044, -0.8251354098320007, -0.8429741859436035, -0.8474237322807312, -0.8257366418838501, -0.8420964479446411, -0.8482711315155029, -0.8524852395057678, -0.8377199172973633, -0.8338909149169922, -0.8302198052406311, -0.84808349609375, -0.845048189163208, -0.8676649928092957, -0.8326655626296997, -0.8485904932022095, -0.8291647434234619, -0.8338492512702942, -0.846333384513855];[0.025265492498874664, 0.021244443953037262, 0.03356252983212471, 0.030101122334599495, 0.020782552659511566, 0.023753192275762558, 0.025808708742260933, 0.026448754593729973, 0.02601558342576027, 0.019944515079259872, 0.02101592719554901, 0.024056365713477135, 0.026570554822683334, 0.026159312576055527, 0.02639327570796013, 0.02162381447851658, 0.027093473821878433, 0.02458532527089119, 0.02034970372915268, 0.022064626216888428, 0.02300141006708145, 0.032848816365003586, 0.02110745944082737, 0.02297944761812687, 0.025009993463754654, 0.0193208958953619, 0.021867427974939346, 0.022567326202988625, 0.024052219465374947, 0.023790042847394943]
3000;[0.7795382142066956, 0.7752234935760498, 0.7719061374664307, 0.7693464159965515, 0.7707867622375488, 0.7804462909698486, 0.76698899269104, 0.7666018605232239, 0.769370436668396, 0.7710822820663452, 0.7691442370414734, 0.7698826789855957, 0.7647134065628052, 0.7744330167770386, 0.7720003724098206, 0.7694369554519653, 0.7610148191452026, 0.7698481678962708, 0.7606767416000366, 0.7671048045158386, 0.764758288860321, 0.7663593888282776, 0.7695454955101013, 0.7646070122718811, 0.7684880495071411, 0.7737694978713989, 0.7703278660774231, 0.7812626957893372, 0.766879141330719, 0.7714018821716309, 0.7681888341903687];[0.038465727120637894, 0.036235492676496506, 0.034513525664806366, 0.0319853201508522, 0.03270040079951286, 0.04006563499569893, 0.03260252624750137, 0.03002416156232357, 0.031045494601130486, 0.03336159512400627, 0.03261948749423027, 0.030981555581092834, 0.030452964827418327, 0.03352474793791771, 0.030947450548410416, 0.03121063858270645, 0.02586391754448414, 0.03167983144521713, 0.025112640112638474, 0.029252642765641212, 0.029484890401363373, 0.028080465272068977, 0.03132559359073639, 0.028577566146850586, 0.03122636489570141, 0.03479938209056854, 0.03450631722807884, 0.04062240570783615, 0.028028326109051704, 0.03209752216935158, 0.03005940280854702];[-0.8446155786514282, -0.8274873495101929, -0.825434684753418, -0.8149391412734985, -0.8193463087081909, -0.853400468826294, -0.8183493614196777, -0.8119382262229919, -0.8141193985939026, -0.8269084692001343, -0.8199398517608643, -0.8147100210189819, -0.8127248287200928, -0.8369887471199036, -0.8149274587631226, -0.8160637021064758, -0.79842209815979, -0.8198016881942749, -0.7991730570793152, -0.8094953298568726, -0.8125927448272705, -0.8104719519615173, -0.8144220113754272, -0.8085378408432007, -0.8154264092445374, -0.8253371715545654, -0.8200704455375671, -0.8425064086914062, -0.8073951601982117, -0.821145236492157, -0.8109056353569031];[0.025495069101452827, 0.03353358060121536, 0.025719135999679565, 0.01748405396938324, 0.022258063778281212, 0.022659871727228165, 0.022357553243637085, 0.026098625734448433, 0.030551210045814514, 0.021412884816527367, 0.021900422871112823, 0.023437146097421646, 0.023770425468683243, 0.031540147960186005, 0.024497969076037407, 0.019314870238304138, 0.02745700441300869, 0.026419123634696007, 0.03359046205878258, 0.018664991483092308, 0.02177370712161064, 0.026539890095591545, 0.02193857729434967, 0.01857713609933853, 0.020171118900179863, 0.026466215029358864, 0.02160937711596489, 0.02564687840640545, 0.024457482621073723, 0.02468758076429367]
3050;[0.771178126335144, 0.7684810757637024, 0.7688953876495361, 0.7748528122901917, 0.7712723016738892, 0.7729957699775696, 0.776993453502655, 0.7794647216796875, 0.7635762691497803, 0.773808479309082, 0.764100193977356, 0.7689762711524963, 0.7700026631355286, 0.7696643471717834, 0.7686726450920105, 0.7633126378059387, 0.7743201851844788, 0.7685438990592957, 0.7779134511947632, 0.7717065215110779, 0.765551745891571, 0.7726439833641052, 0.7654784917831421, 0.7788165211677551, 0.783149778842926, 0.7702739238739014, 0.773176372051239, 0.77805095911026, 0.7739219069480896, 0.7735843658447266, 0.7702394723892212];[0.0329926535487175, 0.034570131450891495, 0.03630976378917694, 0.03968295082449913, 0.0345168299973011, 0.03692307323217392, 0.036559052765369415, 0.03945134952664375, 0.026194332167506218, 0.03544212505221367, 0.02809775434434414, 0.030583519488573074, 0.03233509138226509, 0.03081304393708706, 0.030347313731908798, 0.029208248481154442, 0.03517982363700867, 0.032449640333652496, 0.03914835304021835, 0.0321851409971714, 0.029002713039517403, 0.03571590781211853, 0.029545681551098824, 0.038087449967861176, 0.04492580518126488, 0.032770171761512756, 0.03483172878623009, 0.03961700573563576, 0.03483103960752487, 0.03644842281937599, 0.03527849540114403];[-0.82136070728302, -0.8240883946418762, -0.8261284828186035, -0.8427747488021851, -0.8247455954551697, -0.8310506939888, -0.8292065262794495, -0.8508991599082947, -0.7999283671379089, -0.8295062184333801, -0.8080848455429077, -0.8120248913764954, -0.8190774321556091, -0.815981388092041, -0.8151578307151794, -0.8116762042045593, -0.8321446180343628, -0.8191742897033691, -0.8455604910850525, -0.8190566301345825, -0.8087460398674011, -0.8297386765480042, -0.8118005394935608, -0.8354467749595642, -0.8650983572006226, -0.8280478119850159, -0.8267197012901306, -0.8399978280067444, -0.8295893669128418, -0.8318488001823425, -0.83062344789505];[0.02159750461578369, 0.020551256835460663, 0.020343463867902756, 0.023419909179210663, 0.025865208357572556, 0.030121320858597755, 0.019282788038253784, 0.019492119550704956, 0.031735386699438095, 0.023148220032453537, 0.04046597704291344, 0.028766021132469177, 0.02272556722164154, 0.022507909685373306, 0.022351013496518135, 0.027012206614017487, 0.01918296329677105, 0.023642653599381447, 0.026719577610492706, 0.031115368008613586, 0.019683323800563812, 0.02848929353058338, 0.020456790924072266, 0.02552628517150879, 0.023709239438176155, 0.02954719215631485, 0.025014683604240417, 0.019602593034505844, 0.025243328884243965, 0.023773806169629097]
3100;[0.7692521810531616, 0.7716328501701355, 0.7741449475288391, 0.7710420489311218, 0.7722488045692444, 0.7778520584106445, 0.7769875526428223, 0.7824578881263733, 0.7745206356048584, 0.7738723754882812, 0.7700793743133545, 0.7825918197631836, 0.7732751965522766, 0.7723538875579834, 0.7807817459106445, 0.7746486663818359, 0.782952070236206, 0.7851533889770508, 0.7825879454612732, 0.7877575159072876, 0.7805659174919128, 0.7831621766090393, 0.7799506783485413, 0.7835353016853333, 0.7816141247749329, 0.7819056510925293, 0.7873345017433167, 0.7807809114456177, 0.7870141267776489, 0.7875486612319946, 0.7846312522888184];[0.0324285514652729, 0.03528011590242386, 0.03742370754480362, 0.03430478647351265, 0.03462257236242294, 0.038458697497844696, 0.03531260788440704, 0.03921058028936386, 0.03401268273591995, 0.03393317386507988, 0.030059926211833954, 0.04356031492352486, 0.03334963321685791, 0.03132704645395279, 0.0393185168504715, 0.03398267179727554, 0.039405129849910736, 0.039780501276254654, 0.038221560418605804, 0.0437232069671154, 0.03694349154829979, 0.04073217138648033, 0.03583558648824692, 0.03883884847164154, 0.03600941598415375, 0.035703253000974655, 0.0379432812333107, 0.0367751345038414, 0.04008859768509865, 0.04251702502369881, 0.036134593188762665];[-0.8188472390174866, -0.8279920816421509, -0.833204448223114, -0.823065996170044, -0.8235522508621216, -0.8380966782569885, -0.8277178406715393, -0.8536564111709595, -0.82354336977005, -0.8255735635757446, -0.8103282451629639, -0.8583530187606812, -0.8226048946380615, -0.8157939910888672, -0.8349249958992004, -0.8209428787231445, -0.8389566540718079, -0.8421916365623474, -0.8378269076347351, -0.8577510714530945, -0.8313899040222168, -0.8451635837554932, -0.8316476345062256, -0.8363932371139526, -0.8288446664810181, -0.8367102742195129, -0.8376328349113464, -0.8374006152153015, -0.852393388748169, -0.850401759147644, -0.8330125212669373];[0.023247094824910164, 0.02124306559562683, 0.027593867853283882, 0.025716418400406837, 0.02491769753396511, 0.020302478224039078, 0.022372176870703697, 0.03771103918552399, 0.022893594577908516, 0.02232787199318409, 0.021697409451007843, 0.022220822051167488, 0.026661215350031853, 0.03279406204819679, 0.033797234296798706, 0.02679496631026268, 0.016538279131054878, 0.0216334518045187, 0.022789668291807175, 0.024976136162877083, 0.02317887172102928, 0.02051808312535286, 0.02393985725939274, 0.022785687819123268, 0.019321715459227562, 0.018862059339880943, 0.02899191714823246, 0.022170964628458023, 0.024427276104688644, 0.019620008766651154]
3150;[0.7777324914932251, 0.7765670418739319, 0.771677553653717, 0.7763606905937195, 0.774780809879303, 0.7760420441627502, 0.770037829875946, 0.7676597833633423, 0.7835296988487244, 0.7756863832473755, 0.7702515721321106, 0.7623103857040405, 0.7843671441078186, 0.7727793455123901, 0.7781562209129333, 0.7724259495735168, 0.7736678719520569, 0.773465633392334, 0.7846881747245789, 0.781334400177002, 0.7816324830055237, 0.7854073643684387, 0.7801413536071777, 0.7770571708679199, 0.7854888439178467, 0.7768111824989319, 0.77784663438797, 0.7686896920204163, 0.7726364135742188, 0.7836318612098694, 0.7814263105392456];[0.03830850496888161, 0.040658384561538696, 0.034716200083494186, 0.03974306210875511, 0.03843873366713524, 0.037553608417510986, 0.03211672604084015, 0.03201371803879738, 0.04329144209623337, 0.035903751850128174, 0.03244848921895027, 0.027370423078536987, 0.04040626809000969, 0.033181414008140564, 0.03617167845368385, 0.03165150806307793, 0.031666528433561325, 0.03545026481151581, 0.039264779537916183, 0.03538379818201065, 0.038235925137996674, 0.04324871674180031, 0.03969931975007057, 0.0345943309366703, 0.04077157378196716, 0.03585033863782883, 0.03570917248725891, 0.027176475152373314, 0.03104354813694954, 0.04009884223341942, 0.03793087974190712];[-0.836405873298645, -0.8451071381568909, -0.8285695314407349, -0.8406034708023071, -0.8290405869483948, -0.8330250382423401, -0.8237969875335693, -0.8162771463394165, -0.8558329939842224, -0.8303152322769165, -0.819658637046814, -0.8058027625083923, -0.8442504405975342, -0.8216331601142883, -0.8270922899246216, -0.8147249221801758, -0.817247211933136, -0.8288500308990479, -0.8399984836578369, -0.8302175998687744, -0.8380839824676514, -0.8523539304733276, -0.8406365513801575, -0.8213917016983032, -0.8416652679443359, -0.8367835879325867, -0.841166079044342, -0.8060203194618225, -0.8167491555213928, -0.8461573123931885, -0.8370607495307922];[0.01920011080801487, 0.029862798750400543, 0.022432690486311913, 0.021976012736558914, 0.02594924159348011, 0.027181154116988182, 0.02098880521953106, 0.022764720022678375, 0.0270131453871727, 0.040544603019952774, 0.021876581013202667, 0.022951500490307808, 0.03008359484374523, 0.02239467389881611, 0.021764231845736504, 0.020984701812267303, 0.02262723818421364, 0.025624647736549377, 0.02760479971766472, 0.022750815376639366, 0.023973552510142326, 0.02030033804476261, 0.02016756683588028, 0.026209667325019836, 0.024492349475622177, 0.021976124495267868, 0.01867402344942093, 0.028145840391516685, 0.02696249634027481, 0.02202855795621872]
3200;[0.7738699316978455, 0.7690596580505371, 0.7716155052185059, 0.7675215601921082, 0.7817182540893555, 0.7730641961097717, 0.7744626402854919, 0.7675806283950806, 0.7892177104949951, 0.7700930237770081, 0.7705814242362976, 0.7753189206123352, 0.768049418926239, 0.7692045569419861, 0.7786611914634705, 0.7825109362602234, 0.7796294093132019, 0.7738497257232666, 0.7770329713821411, 0.7786809206008911, 0.7737173438072205, 0.7763128280639648, 0.7786641120910645, 0.7832972407341003, 0.7771571278572083, 0.7749030590057373, 0.7805017232894897, 0.7749181985855103, 0.7773427963256836, 0.7738653421401978, 0.7849582433700562];[0.03582867607474327, 0.03299539163708687, 0.03273043408989906, 0.031033996492624283, 0.043196555227041245, 0.03777753561735153, 0.038787610828876495, 0.035145457834005356, 0.05023829638957977, 0.03358103707432747, 0.034812428057193756, 0.03648800775408745, 0.03322827070951462, 0.03355427458882332, 0.03881383687257767, 0.04249749705195427, 0.041362810879945755, 0.0346650704741478, 0.03876226022839546, 0.04020807892084122, 0.03813191503286362, 0.03965612128376961, 0.039000026881694794, 0.04302442446351051, 0.03584369644522667, 0.038009077310562134, 0.042823608964681625, 0.0344800241291523, 0.03939345106482506, 0.03518572077155113, 0.046908099204301834];[-0.8303912878036499, -0.8215094804763794, -0.8205462098121643, -0.8133184909820557, -0.8531041741371155, -0.8368158936500549, -0.8345784544944763, -0.8270624279975891, -0.8837817311286926, -0.8212078809738159, -0.8260374069213867, -0.8334051370620728, -0.8222641348838806, -0.8240803480148315, -0.835893452167511, -0.8468395471572876, -0.8473425507545471, -0.8362271785736084, -0.8400051593780518, -0.8392030000686646, -0.8329914212226868, -0.8420857191085815, -0.8448606729507446, -0.8499288558959961, -0.8287684917449951, -0.8346835374832153, -0.8521909713745117, -0.8230863809585571, -0.8374883532524109, -0.8322337865829468, -0.8610733151435852];[0.021765805780887604, 0.018879665061831474, 0.022191956639289856, 0.022449292242527008, 0.03387284278869629, 0.031378522515296936, 0.021157898008823395, 0.019781779497861862, 0.027402957901358604, 0.019383065402507782, 0.02104349620640278, 0.021380260586738586, 0.018780672922730446, 0.017478296533226967, 0.031137749552726746, 0.01767873391509056, 0.02890574187040329, 0.034985002130270004, 0.025492724031209946, 0.021790044382214546, 0.019519338384270668, 0.02199050784111023, 0.024502959102392197, 0.021757572889328003, 0.022310778498649597, 0.02910592034459114, 0.02258436381816864, 0.021852217614650726, 0.021858280524611473, 0.02299457974731922]
3250;[0.7686925530433655, 0.7674911618232727, 0.7740112543106079, 0.7765227556228638, 0.7790919542312622, 0.7771403193473816, 0.7755497694015503, 0.7749225497245789, 0.7718762755393982, 0.767888605594635, 0.7671064734458923, 0.7739014625549316, 0.7839630246162415, 0.7742418050765991, 0.7651936411857605, 0.7714822292327881, 0.778578519821167, 0.7832216620445251, 0.7771210074424744, 0.7770766019821167, 0.7749962210655212, 0.7729941606521606, 0.7750781178474426, 0.7732123136520386, 0.7873972654342651, 0.7789570093154907, 0.7791754007339478, 0.7777522206306458, 0.7773857712745667, 0.7782622575759888, 0.775003969669342];[0.032502178102731705, 0.029925275593996048, 0.03763609379529953, 0.038950759917497635, 0.042205702513456345, 0.039030108600854874, 0.037359390407800674, 0.0343535840511322, 0.03437556326389313, 0.03242829069495201, 0.02866453491151333, 0.03653520345687866, 0.04357278347015381, 0.03567371889948845, 0.03145325183868408, 0.03494991362094879, 0.03949794918298721, 0.041383348405361176, 0.03677354380488396, 0.03657914698123932, 0.035179734230041504, 0.03325594589114189, 0.03288710117340088, 0.03140230476856232, 0.04419132322072983, 0.03664740175008774, 0.03352527692914009, 0.035394493490457535, 0.036271832883358, 0.035741645842790604, 0.03350864350795746];[-0.8183684349060059, -0.8102650046348572, -0.8316208124160767, -0.8402360081672668, -0.8485590815544128, -0.8425580859184265, -0.8331657648086548, -0.8232001662254333, -0.8400735855102539, -0.8193572163581848, -0.8111467361450195, -0.8299192190170288, -0.8576494455337524, -0.8236185908317566, -0.8144072890281677, -0.8222448229789734, -0.8460568785667419, -0.8486893177032471, -0.8309589624404907, -0.8293185830116272, -0.8282418251037598, -0.8265462517738342, -0.8158236742019653, -0.8134118914604187, -0.8533124923706055, -0.8280218243598938, -0.8291634321212769, -0.8370985388755798, -0.827285647392273, -0.8282586336135864, -0.8209095597267151];[0.026238590478897095, 0.022652335464954376, 0.022225750610232353, 0.02038220316171646, 0.025130491703748703, 0.02482007071375847, 0.026319634169340134, 0.02150973677635193, 0.02578655630350113, 0.025212157517671585, 0.026037415489554405, 0.02205023542046547, 0.02820667065680027, 0.01755305379629135, 0.02643345110118389, 0.022722195833921432, 0.02355986088514328, 0.023864680901169777, 0.02446385659277439, 0.029824091121554375, 0.02228168398141861, 0.020573163405060768, 0.026173792779445648, 0.030679669231176376, 0.021222097799181938, 0.020606964826583862, 0.02543262392282486, 0.034855328500270844, 0.02482171170413494, 0.019772259518504143]
3300;[0.7795279026031494, 0.7724190950393677, 0.7722499966621399, 0.7737972140312195, 0.7667379975318909, 0.7746173143386841, 0.7752022743225098, 0.7762829661369324, 0.7687552571296692, 0.7644827961921692, 0.7662950754165649, 0.7778622508049011, 0.7760393619537354, 0.7837196588516235, 0.7702599167823792, 0.7752416133880615, 0.7749256491661072, 0.7770382165908813, 0.7729882001876831, 0.7812378406524658, 0.7716001272201538, 0.7712212204933167, 0.7778084874153137, 0.7710829973220825, 0.7799625396728516, 0.7784020900726318, 0.7773851752281189, 0.7771230340003967, 0.7769500613212585, 0.7753938436508179, 0.772189199924469];[0.04072694480419159, 0.034605205059051514, 0.034883953630924225, 0.03795529156923294, 0.0331566147506237, 0.03708118572831154, 0.03815503790974617, 0.039496611803770065, 0.03521747514605522, 0.030976515263319016, 0.0325714647769928, 0.04239992797374725, 0.03826182708144188, 0.04349873587489128, 0.032779157161712646, 0.03643278405070305, 0.03858548775315285, 0.03971840813755989, 0.03507180139422417, 0.03974313661456108, 0.031004182994365692, 0.03410378471016884, 0.04019961878657341, 0.03413573279976845, 0.04160801321268082, 0.03864452242851257, 0.04005037248134613, 0.03931235149502754, 0.04175809398293495, 0.03846760466694832, 0.03565520420670509];[-0.8439280986785889, -0.8258622884750366, -0.8333888053894043, -0.8396617770195007, -0.8187578320503235, -0.8276540637016296, -0.8331456780433655, -0.8382521867752075, -0.8269310593605042, -0.8139729499816895, -0.8186691999435425, -0.8467561602592468, -0.8383116722106934, -0.8567888736724854, -0.8222763538360596, -0.8293125629425049, -0.8358604311943054, -0.8376176953315735, -0.8312913179397583, -0.8502017259597778, -0.8197001814842224, -0.82640540599823, -0.8420466780662537, -0.8262931108474731, -0.8462148904800415, -0.8399356007575989, -0.8428652286529541, -0.8400055170059204, -0.8448222279548645, -0.8333848714828491, -0.8251644372940063];[0.0217050239443779, 0.020361291244626045, 0.033044978976249695, 0.032510265707969666, 0.04204906150698662, 0.021900013089179993, 0.01978878304362297, 0.019350562244653702, 0.020469486713409424, 0.021141417324543, 0.025670040398836136, 0.021697618067264557, 0.023462757468223572, 0.026799537241458893, 0.021257780492305756, 0.02261354774236679, 0.026298321783542633, 0.018712108954787254, 0.02797391079366207, 0.026423679664731026, 0.02757970243692398, 0.023391403257846832, 0.025003718212246895, 0.024205395951867104, 0.021721752360463142, 0.02031765878200531, 0.022232500836253166, 0.022220615297555923, 0.021530793979763985, 0.02537957765161991]
3350;[0.7736531496047974, 0.7783384323120117, 0.7785285115242004, 0.78065425157547, 0.7696216106414795, 0.767909824848175, 0.769684374332428, 0.7785029411315918, 0.7718850374221802, 0.7758143544197083, 0.7694252729415894, 0.768159031867981, 0.7698503732681274, 0.7709677815437317, 0.7718634009361267, 0.7729470133781433, 0.7669078707695007, 0.7650712132453918, 0.7637155652046204, 0.76350998878479, 0.7712973952293396, 0.7598932981491089, 0.7681221961975098, 0.7661871910095215, 0.7615422606468201, 0.7665891647338867, 0.7656596899032593, 0.7602471709251404, 0.7598413825035095, 0.7638164162635803, 0.7613839507102966];[0.037911467254161835, 0.03987295553088188, 0.03869229927659035, 0.04346771910786629, 0.03364599123597145, 0.031526364386081696, 0.03294448181986809, 0.038128938525915146, 0.03373268246650696, 0.03643537312746048, 0.03260434418916702, 0.03385160118341446, 0.031775906682014465, 0.030630676075816154, 0.03322425112128258, 0.03364438936114311, 0.033167045563459396, 0.03061024472117424, 0.028856150805950165, 0.025186114013195038, 0.031008131802082062, 0.021760201081633568, 0.028981300070881844, 0.030535029247403145, 0.023498645052313805, 0.031734880059957504, 0.02758929692208767, 0.023635467514395714, 0.025326333940029144, 0.026598209515213966, 0.024321379140019417];[-0.8339468240737915, -0.8419972658157349, -0.8351225852966309, -0.8513347506523132, -0.8259607553482056, -0.8193106055259705, -0.8230822086334229, -0.8427984118461609, -0.8262765407562256, -0.8325417637825012, -0.8206263184547424, -0.8277010321617126, -0.8198898434638977, -0.8162566423416138, -0.8204696774482727, -0.8209513425827026, -0.8198350667953491, -0.8161813616752625, -0.8062409162521362, -0.8028697371482849, -0.8158774971961975, -0.7893754243850708, -0.8099349141120911, -0.811265230178833, -0.7967212796211243, -0.816615104675293, -0.8095928430557251, -0.7919113039970398, -0.7966505885124207, -0.8003838658332825, -0.7953705191612244];[0.018407389521598816, 0.023324087262153625, 0.029800567775964737, 0.023016154766082764, 0.02768382802605629, 0.02378534898161888, 0.029347646981477737, 0.02261211909353733, 0.028024714440107346, 0.023226328194141388, 0.02283266931772232, 0.04071781784296036, 0.025334250181913376, 0.025967340916395187, 0.0183604396879673, 0.019708044826984406, 0.021720824763178825, 0.022343916818499565, 0.024825511500239372, 0.017058905214071274, 0.022631153464317322, 0.029029732570052147, 0.022108912467956543, 0.03420955315232277, 0.027782155200839043, 0.019405752420425415, 0.029731789603829384, 0.03838878870010376, 0.02374034933745861, 0.020962122827768326]
3400;[0.7642442584037781, 0.771051287651062, 0.7791436910629272, 0.7740356922149658, 0.7728577256202698, 0.7656278014183044, 0.7644970417022705, 0.7852025032043457, 0.7724770307540894, 0.7701869606971741, 0.7722429633140564, 0.7682128548622131, 0.7718290686607361, 0.7647374272346497, 0.7712193727493286, 0.7680636644363403, 0.7710806131362915, 0.7728230357170105, 0.7722873687744141, 0.7755973935127258, 0.7691584229469299, 0.7708080410957336, 0.7666866779327393, 0.7682051658630371, 0.7729551196098328, 0.7715966701507568, 0.7754334807395935, 0.7768778204917908, 0.7778170108795166, 0.7681751847267151, 0.7755101323127747];[0.028251400217413902, 0.035168372094631195, 0.040000807493925095, 0.03728792071342468, 0.03418287634849548, 0.03197477385401726, 0.02898869849741459, 0.04759746789932251, 0.03598743677139282, 0.03581119328737259, 0.036596350371837616, 0.032743118703365326, 0.035093896090984344, 0.030827034264802933, 0.035842981189489365, 0.0303847324103117, 0.03693174198269844, 0.037992335855960846, 0.03575444594025612, 0.03818371519446373, 0.036332156509160995, 0.03629714623093605, 0.030342165380716324, 0.03123924508690834, 0.036344755440950394, 0.03394932299852371, 0.037602875381708145, 0.03787076473236084, 0.04187454655766487, 0.03298180550336838, 0.03615611046552658];[-0.8074080348014832, -0.8274381756782532, -0.8406714200973511, -0.8338810205459595, -0.8268840312957764, -0.8185777068138123, -0.8077760338783264, -0.8605870604515076, -0.8295437097549438, -0.830736517906189, -0.8282544612884521, -0.8215528130531311, -0.8289768695831299, -0.8152121901512146, -0.8333067297935486, -0.8151525259017944, -0.8311863541603088, -0.8336887359619141, -0.8361157178878784, -0.8378102779388428, -0.8350008726119995, -0.8353556394577026, -0.8155836462974548, -0.8162060976028442, -0.8315543532371521, -0.829816460609436, -0.8369359374046326, -0.8417299389839172, -0.8534911870956421, -0.8393915891647339, -0.8322767615318298];[0.026457691565155983, 0.022087326273322105, 0.03436524420976639, 0.02426362782716751, 0.022260090336203575, 0.02333284541964531, 0.020265962928533554, 0.025503821671009064, 0.021833378821611404, 0.020008927211165428, 0.020762231200933456, 0.028397276997566223, 0.02353144995868206, 0.03394370153546333, 0.02651924639940262, 0.021957118064165115, 0.025809967890381813, 0.020119652152061462, 0.029717184603214264, 0.023163359612226486, 0.022717060521245003, 0.024658266454935074, 0.029207872226834297, 0.028135256841778755, 0.022740956395864487, 0.03643210977315903, 0.02473841980099678, 0.024925122037529945, 0.03207918256521225, 0.021169908344745636]
3450;[0.7701950073242188, 0.7757768034934998, 0.774118959903717, 0.7762079834938049, 0.7668883204460144, 0.7686102390289307, 0.7803720831871033, 0.7872888445854187, 0.7780805230140686, 0.7802372574806213, 0.7832694053649902, 0.7775806784629822, 0.7829755544662476, 0.7821105718612671, 0.7873127460479736, 0.7783827185630798, 0.7791246771812439, 0.7788209915161133, 0.7885385751724243, 0.7772213816642761, 0.7894312739372253, 0.7860791087150574, 0.7908836007118225, 0.7852880358695984, 0.7840943336486816, 0.7889885306358337, 0.7872240543365479, 0.7800722718238831, 0.781890332698822, 0.7916167974472046, 0.7841152548789978];[0.03263486549258232, 0.038268398493528366, 0.03786314278841019, 0.03816676884889603, 0.03309433162212372, 0.03338976204395294, 0.04232914000749588, 0.04592592641711235, 0.03973161429166794, 0.03972394019365311, 0.04216206446290016, 0.03691210225224495, 0.041469402611255646, 0.04139862209558487, 0.041993118822574615, 0.03759782761335373, 0.03883641958236694, 0.03977097198367119, 0.0441453754901886, 0.03677801042795181, 0.04532817378640175, 0.04147005453705788, 0.04550518840551376, 0.04180122911930084, 0.03981182724237442, 0.041900649666786194, 0.041900407522916794, 0.03590508550405502, 0.03804334998130798, 0.046714622527360916, 0.04080703854560852];[-0.8212994337081909, -0.8353155255317688, -0.8349645137786865, -0.8408077955245972, -0.8186348676681519, -0.8222849369049072, -0.8492419719696045, -0.8651518821716309, -0.842032253742218, -0.8388493657112122, -0.8529940247535706, -0.8307129740715027, -0.8475893139839172, -0.8475755453109741, -0.8529393076896667, -0.8407214879989624, -0.8400415778160095, -0.8378785252571106, -0.8502333164215088, -0.8306633830070496, -0.8590700030326843, -0.8465555310249329, -0.8539423942565918, -0.8478794097900391, -0.8396209478378296, -0.8505339622497559, -0.8476489186286926, -0.833720326423645, -0.8347636461257935, -0.860649585723877, -0.84185391664505];[0.024191709235310555, 0.021749526262283325, 0.020619966089725494, 0.019424963742494583, 0.023665644228458405, 0.023474372923374176, 0.026374511420726776, 0.019893839955329895, 0.022970840334892273, 0.020490195602178574, 0.028616080060601234, 0.020303787663578987, 0.03056434541940689, 0.022790182381868362, 0.04016838222742081, 0.020893514156341553, 0.020468883216381073, 0.027485815808176994, 0.03799770027399063, 0.020967479795217514, 0.02302711270749569, 0.019183412194252014, 0.02069178968667984, 0.026404395699501038, 0.02237102761864662, 0.021803807467222214, 0.023763280361890793, 0.023542802780866623, 0.033099062740802765, 0.02717057801783085]
3500;[0.7799900770187378, 0.7742674350738525, 0.7781643867492676, 0.7751436829566956, 0.7783050537109375, 0.7771859765052795, 0.7817080616950989, 0.7673391699790955, 0.7779244780540466, 0.7716277837753296, 0.7715920209884644, 0.7743992805480957, 0.7774243950843811, 0.7716962099075317, 0.7751128673553467, 0.7747825980186462, 0.7712274193763733, 0.7760862708091736, 0.7810881733894348, 0.7810842394828796, 0.7738764882087708, 0.7860301733016968, 0.7740415334701538, 0.7776678800582886, 0.7770251035690308, 0.7812866568565369, 0.7753105759620667, 0.7753772139549255, 0.7745159268379211, 0.7822677493095398, 0.7722070217132568];[0.03934689611196518, 0.03558947518467903, 0.03898831456899643, 0.03657463937997818, 0.04266806319355965, 0.03552057594060898, 0.04305924102663994, 0.0299531277269125, 0.03843770921230316, 0.033292319625616074, 0.03017587587237358, 0.03492714464664459, 0.03566713631153107, 0.02862548828125, 0.03467751666903496, 0.03466254100203514, 0.032071471214294434, 0.0345616489648819, 0.0385875329375267, 0.03927050158381462, 0.033681146800518036, 0.04134981334209442, 0.030724652111530304, 0.0352192185819149, 0.03298879414796829, 0.03931379318237305, 0.031277984380722046, 0.030851706862449646, 0.03310387581586838, 0.035516150295734406, 0.027546869590878487];[-0.8416905403137207, -0.8292476534843445, -0.8490455150604248, -0.8321968913078308, -0.851578950881958, -0.8263864517211914, -0.853042483329773, -0.8109040856361389, -0.8360325694084167, -0.82652747631073, -0.8138238787651062, -0.8266268968582153, -0.827509880065918, -0.8100562691688538, -0.8245291709899902, -0.8259301781654358, -0.815467894077301, -0.8332353234291077, -0.8405674695968628, -0.845960795879364, -0.8203285932540894, -0.851207971572876, -0.8131424188613892, -0.8328491449356079, -0.8231536746025085, -0.8401537537574768, -0.8123618364334106, -0.8144958019256592, -0.8200255036354065, -0.8289390802383423, -0.8043707013130188];[0.02734171599149704, 0.028513723984360695, 0.025685597211122513, 0.021350013092160225, 0.02512834593653679, 0.02341064065694809, 0.025873802602291107, 0.025414034724235535, 0.018919000402092934, 0.01908460445702076, 0.02223738469183445, 0.020391210913658142, 0.02777264453470707, 0.020436471328139305, 0.018946418538689613, 0.022511132061481476, 0.030382104218006134, 0.024130886420607567, 0.025935912504792213, 0.024027269333600998, 0.02392496168613434, 0.020748458802700043, 0.028468279168009758, 0.01696738786995411, 0.023992402479052544, 0.02483854629099369, 0.02382880449295044, 0.02252388745546341, 0.020745910704135895, 0.02334463596343994]
3550;[0.7742922902107239, 0.7811505794525146, 0.769981861114502, 0.7779571413993835, 0.7789386510848999, 0.7728757262229919, 0.7780851721763611, 0.7728123664855957, 0.7851986289024353, 0.7666897773742676, 0.7731482982635498, 0.7750637531280518, 0.776142954826355, 0.7799069881439209, 0.7731012105941772, 0.7831193804740906, 0.7803725600242615, 0.7700498104095459, 0.7736470699310303, 0.775412380695343, 0.7722951769828796, 0.7750244736671448, 0.77611243724823, 0.7735797166824341, 0.7726208567619324, 0.7699121236801147, 0.7753026485443115, 0.7789293527603149, 0.7822502255439758, 0.7723342776298523, 0.7771775126457214];[0.037251152098178864, 0.041623152792453766, 0.03301744908094406, 0.04004684090614319, 0.040564894676208496, 0.03344264253973961, 0.038581810891628265, 0.03627816215157509, 0.04441915825009346, 0.03077358938753605, 0.034403394907712936, 0.03684495761990547, 0.03524518758058548, 0.038909297436475754, 0.034728195518255234, 0.04242279753088951, 0.0386926531791687, 0.03135666623711586, 0.03511841967701912, 0.03643941879272461, 0.03601491451263428, 0.03454902768135071, 0.0349503718316555, 0.03605296462774277, 0.03374532237648964, 0.032227642834186554, 0.03573111072182655, 0.03776642680168152, 0.040810391306877136, 0.030836429446935654, 0.039325255900621414];[-0.8325448036193848, -0.8503727316856384, -0.8186473846435547, -0.8404703140258789, -0.8435136675834656, -0.8223375678062439, -0.8392229676246643, -0.82815021276474, -0.8754801154136658, -0.8137561678886414, -0.8251268267631531, -0.8311631083488464, -0.8320720791816711, -0.8386718034744263, -0.8245969414710999, -0.8561829924583435, -0.8413180708885193, -0.8153015375137329, -0.8249714374542236, -0.8301071524620056, -0.8290625214576721, -0.8266116976737976, -0.8277066946029663, -0.8313909769058228, -0.8243197798728943, -0.8171373009681702, -0.8287020325660706, -0.8366536498069763, -0.8430507779121399, -0.818701982498169, -0.8432401418685913];[0.023668820038437843, 0.02462643012404442, 0.02417433075606823, 0.024791352450847626, 0.0237804614007473, 0.02678060531616211, 0.024755747988820076, 0.030075717717409134, 0.04095621779561043, 0.019925035536289215, 0.020901745185256004, 0.02182471938431263, 0.026561427861452103, 0.03206538408994675, 0.03154141455888748, 0.021379748359322548, 0.02620677836239338, 0.022104831412434578, 0.024594919756054878, 0.01996421068906784, 0.02387426607310772, 0.026319745928049088, 0.022867299616336823, 0.018390821292996407, 0.020746387541294098, 0.017653699964284897, 0.03158831596374512, 0.018725881353020668, 0.020951997488737106, 0.022045496851205826]
3600;[0.7710103392601013, 0.7767716646194458, 0.7805150151252747, 0.7742483615875244, 0.7862757444381714, 0.7805931568145752, 0.7727671265602112, 0.7770468592643738, 0.7728782296180725, 0.7808641791343689, 0.781886875629425, 0.7875804305076599, 0.783141553401947, 0.7751405239105225, 0.777627170085907, 0.7970443964004517, 0.7775520086288452, 0.7839788794517517, 0.7953047752380371, 0.7936651706695557, 0.7851197719573975, 0.7885765433311462, 0.7889965176582336, 0.7853899002075195, 0.7823805212974548, 0.7903802990913391, 0.7941486239433289, 0.7810975909233093, 0.778144896030426, 0.7776187658309937, 0.7826530933380127];[0.036884766072034836, 0.03792067989706993, 0.038550443947315216, 0.03535157069563866, 0.04521738737821579, 0.04020981118083, 0.03237241879105568, 0.03828996419906616, 0.036949723958969116, 0.041715506464242935, 0.04126635566353798, 0.04460657760500908, 0.04093591123819351, 0.03695480525493622, 0.03894694149494171, 0.04896221309900284, 0.039573028683662415, 0.04010996222496033, 0.05494694039225578, 0.04720066860318184, 0.04580061137676239, 0.04560193791985512, 0.0453268401324749, 0.04281090945005417, 0.041225630789995193, 0.04588564485311508, 0.04890210181474686, 0.03976396098732948, 0.03728042542934418, 0.03732103109359741, 0.03773650527000427];[-0.8321592211723328, -0.834683358669281, -0.842200517654419, -0.8246462941169739, -0.8512887954711914, -0.8453691005706787, -0.8188703656196594, -0.8301265835762024, -0.8282287120819092, -0.8510646820068359, -0.8463514447212219, -0.8567306995391846, -0.8414748907089233, -0.8286038041114807, -0.8385303616523743, -0.8755030632019043, -0.8397242426872253, -0.8390306234359741, -0.8800683617591858, -0.8691929578781128, -0.8566077947616577, -0.8568491339683533, -0.8599371910095215, -0.8486500978469849, -0.8465279340744019, -0.8662610054016113, -0.8753734230995178, -0.8426360487937927, -0.8323572278022766, -0.8326466679573059, -0.8322688937187195];[0.022392509505152702, 0.024709539487957954, 0.03659903630614281, 0.024951504543423653, 0.043757904320955276, 0.022617250680923462, 0.0238957479596138, 0.028604868799448013, 0.02366691082715988, 0.022447427734732628, 0.02038922905921936, 0.023299507796764374, 0.01990099996328354, 0.030903058126568794, 0.021719638258218765, 0.024878734722733498, 0.022815821692347527, 0.02045937068760395, 0.024064647033810616, 0.020705867558717728, 0.021780939772725105, 0.019742678850889206, 0.02522585541009903, 0.04470529034733772, 0.02047445997595787, 0.023164650425314903, 0.021289104595780373, 0.023527462035417557, 0.016435710713267326, 0.018647801131010056]
3650;[0.7695708274841309, 0.7776286602020264, 0.7740606069564819, 0.7806969881057739, 0.7721766233444214, 0.7771726250648499, 0.7743886709213257, 0.7745842337608337, 0.770163357257843, 0.7727372050285339, 0.7763568758964539, 0.778245210647583, 0.7697458267211914, 0.7739813923835754, 0.7730856537818909, 0.7764285206794739, 0.7791749835014343, 0.7838825583457947, 0.7770897746086121, 0.7747297286987305, 0.7701482772827148, 0.7745590806007385, 0.7711565494537354, 0.7742860317230225, 0.7767951488494873, 0.7753830552101135, 0.7829351425170898, 0.7810555100440979, 0.7870268821716309, 0.7774198651313782, 0.785753071308136];[0.033356767147779465, 0.040973614901304245, 0.03606739640235901, 0.04068615287542343, 0.03559722751379013, 0.037353888154029846, 0.036240193992853165, 0.036385465413331985, 0.03209669515490532, 0.03320140019059181, 0.039824698120355606, 0.03988685831427574, 0.034676071256399155, 0.03774484992027283, 0.033424727618694305, 0.035397663712501526, 0.03734854236245155, 0.04324132576584816, 0.035130951553583145, 0.03556381165981293, 0.03240876644849777, 0.037082113325595856, 0.03333839401602745, 0.03518304228782654, 0.039416853338479996, 0.03317810967564583, 0.039453934878110886, 0.041128456592559814, 0.04425014182925224, 0.03563516587018967, 0.04068542271852493];[-0.8181540369987488, -0.844275951385498, -0.8278803825378418, -0.8445407748222351, -0.8249949216842651, -0.833294689655304, -0.8287897706031799, -0.8302359580993652, -0.8209649324417114, -0.8230747580528259, -0.842865526676178, -0.8426433205604553, -0.8230718970298767, -0.8332653045654297, -0.8244338631629944, -0.8268587589263916, -0.8344441652297974, -0.8541983366012573, -0.8312689661979675, -0.8460193276405334, -0.8180827498435974, -0.8332815766334534, -0.820296049118042, -0.8270509839057922, -0.839694082736969, -0.8210862874984741, -0.8393204808235168, -0.8418475389480591, -0.8552865982055664, -0.8312037587165833, -0.8536773324012756];[0.021808866411447525, 0.03123248927295208, 0.02383657544851303, 0.025686942040920258, 0.02476954087615013, 0.02910797856748104, 0.018696686252951622, 0.02243165671825409, 0.020548343658447266, 0.02277590148150921, 0.02161223441362381, 0.019459377974271774, 0.02379709668457508, 0.027964135631918907, 0.01983443647623062, 0.019876401871442795, 0.020264068618416786, 0.03683116286993027, 0.024139704182744026, 0.021432852372527122, 0.03318164497613907, 0.023343635722994804, 0.02166377566754818, 0.022762954235076904, 0.031647201627492905, 0.025261016562581062, 0.02416617050766945, 0.021382737904787064, 0.02211044542491436, 0.02145705558359623]
3700;[0.7767847180366516, 0.7753530740737915, 0.7711186408996582, 0.7761404514312744, 0.7804588675498962, 0.7862865328788757, 0.7741811275482178, 0.7796179056167603, 0.7784329056739807, 0.7823189496994019, 0.7846975922584534, 0.776188850402832, 0.7797263264656067, 0.780168890953064, 0.7881021499633789, 0.781355619430542, 0.7813634276390076, 0.788949191570282, 0.7831558585166931, 0.7837803363800049, 0.7829581499099731, 0.7850120067596436, 0.7877621054649353, 0.7937309145927429, 0.7817701101303101, 0.7918212413787842, 0.7841002345085144, 0.787764310836792, 0.7990607023239136, 0.7937940955162048, 0.7865634560585022];[0.038039159029722214, 0.03827821463346481, 0.03453420475125313, 0.03757001459598541, 0.039008162915706635, 0.0470392182469368, 0.03555646166205406, 0.04168173298239708, 0.03871656581759453, 0.03854191303253174, 0.04404905065894127, 0.037388939410448074, 0.03804745525121689, 0.04058122634887695, 0.04318776726722717, 0.03907450661063194, 0.038282182067632675, 0.04597229138016701, 0.04132101312279701, 0.0406046137213707, 0.0376201793551445, 0.041141290217638016, 0.0392143651843071, 0.04320019856095314, 0.03925686702132225, 0.04401540011167526, 0.041446469724178314, 0.04361140727996826, 0.05245416983962059, 0.049035292118787766, 0.03993194177746773];[-0.8338400721549988, -0.833221435546875, -0.8234676122665405, -0.8323384523391724, -0.8384355306625366, -0.8673305511474609, -0.8279021978378296, -0.8504030704498291, -0.8348671197891235, -0.834511935710907, -0.8567610383033752, -0.8355255722999573, -0.8344632387161255, -0.8393253087997437, -0.8480803966522217, -0.8408899903297424, -0.8365283012390137, -0.8597464561462402, -0.8460240364074707, -0.844188392162323, -0.8366276025772095, -0.8428310751914978, -0.8370134234428406, -0.856308102607727, -0.8414269685745239, -0.8512033820152283, -0.8413880467414856, -0.8514629006385803, -0.8773143887519836, -0.8642407059669495, -0.8420280814170837];[0.01925680786371231, 0.020429406315088272, 0.028152773156762123, 0.02423698455095291, 0.022254953160881996, 0.023557022213935852, 0.02051236480474472, 0.019784817472100258, 0.026038195937871933, 0.01796182431280613, 0.0243679191917181, 0.019569048658013344, 0.023893127217888832, 0.021871430799365044, 0.028465615585446358, 0.0184056106954813, 0.022153496742248535, 0.026372896507382393, 0.02152242697775364, 0.024008629843592644, 0.025926722213625908, 0.023809416219592094, 0.022807538509368896, 0.022686369717121124, 0.02138892561197281, 0.02261105738580227, 0.023777637630701065, 0.022042296826839447, 0.026474211364984512, 0.021827250719070435]
3750;[0.7779315114021301, 0.7765068411827087, 0.7706420421600342, 0.7734583616256714, 0.7636767029762268, 0.7749022245407104, 0.7636367678642273, 0.7847493290901184, 0.7710268497467041, 0.7704753875732422, 0.768397867679596, 0.7764220237731934, 0.7702352404594421, 0.7727909088134766, 0.7839871644973755, 0.7741410732269287, 0.7738503813743591, 0.770338237285614, 0.7800952196121216, 0.7855631113052368, 0.7730768918991089, 0.7777079939842224, 0.7793511748313904, 0.7751290202140808, 0.7850756645202637, 0.7753086090087891, 0.7702962160110474, 0.7769626379013062, 0.7754209041595459, 0.7722538709640503, 0.7754822969436646];[0.04010831564664841, 0.037542615085840225, 0.03594588488340378, 0.03652668744325638, 0.030467325821518898, 0.03953113034367561, 0.032734889537096024, 0.04340566694736481, 0.033857882022857666, 0.032182492315769196, 0.03296077996492386, 0.03905416280031204, 0.03586003556847572, 0.03623021021485329, 0.04326261579990387, 0.03691931813955307, 0.03649032115936279, 0.034355681389570236, 0.03748548775911331, 0.045277535915374756, 0.033564068377017975, 0.041655611246824265, 0.04040275514125824, 0.0365762896835804, 0.04367521032691002, 0.035500749945640564, 0.030724575743079185, 0.039309196174144745, 0.035831477493047714, 0.03363776579499245, 0.034452278167009354];[-0.8408828377723694, -0.8358239531517029, -0.8301505446434021, -0.8347404599189758, -0.8113279938697815, -0.847008466720581, -0.819157063961029, -0.882621705532074, -0.8231493234634399, -0.819397509098053, -0.8227909207344055, -0.8684137463569641, -0.8326767086982727, -0.8296109437942505, -0.8612470030784607, -0.8323144912719727, -0.8299642205238342, -0.8332350850105286, -0.836121141910553, -0.8569080233573914, -0.8224578499794006, -0.8469981551170349, -0.8418451547622681, -0.8321770429611206, -0.8590668439865112, -0.8277305364608765, -0.8140698671340942, -0.8379935622215271, -0.8319978713989258, -0.8253449201583862, -0.826834499835968];[0.02376113273203373, 0.024602260440587997, 0.023398807272315025, 0.028011949732899666, 0.023409195244312286, 0.019374335184693336, 0.026508698239922523, 0.020548541098833084, 0.024963295087218285, 0.027155734598636627, 0.02267361618578434, 0.02114284038543701, 0.028001608327031136, 0.020828602835536003, 0.02431824803352356, 0.026163004338741302, 0.0258695799857378, 0.028716886416077614, 0.019611462950706482, 0.027957648038864136, 0.02193555422127247, 0.02795141190290451, 0.02747136726975441, 0.023257073014974594, 0.021190837025642395, 0.020782802253961563, 0.021324090659618378, 0.02000453881919384, 0.02221849374473095, 0.024089917540550232]
3800;[0.7720962762832642, 0.7734062075614929, 0.7740672826766968, 0.7676579356193542, 0.767305314540863, 0.7803241014480591, 0.7735715508460999, 0.7672968506813049, 0.7743602991104126, 0.7863734364509583, 0.7830036282539368, 0.7749694585800171, 0.7777137160301208, 0.7811070680618286, 0.7772637605667114, 0.7856671214103699, 0.7780677080154419, 0.7800342440605164, 0.7799111008644104, 0.7866196036338806, 0.7807114720344543, 0.7882360219955444, 0.7794824242591858, 0.7779716849327087, 0.7785454392433167, 0.7856053113937378, 0.7827405333518982, 0.7791686654090881, 0.7858859300613403, 0.7857224941253662, 0.7867395281791687];[0.03428170457482338, 0.036628175526857376, 0.03822622820734978, 0.03315305337309837, 0.03362341597676277, 0.04062588885426521, 0.03610917180776596, 0.03249358385801315, 0.0356130488216877, 0.04547567293047905, 0.046400733292102814, 0.03623395040631294, 0.042645324021577835, 0.04334433376789093, 0.03953971713781357, 0.04816649481654167, 0.03931069001555443, 0.040376659482717514, 0.040707703679800034, 0.04606322944164276, 0.042738668620586395, 0.04893502593040466, 0.040607474744319916, 0.04048293083906174, 0.04096735268831253, 0.04427340254187584, 0.04267588257789612, 0.043064750730991364, 0.04798083379864693, 0.046512942761182785, 0.046790387481451035];[-0.8256890177726746, -0.8302537798881531, -0.8393581509590149, -0.8223685622215271, -0.8218597173690796, -0.8422715663909912, -0.8377378582954407, -0.8194894790649414, -0.8267009258270264, -0.8609743714332581, -0.8635437488555908, -0.8303852081298828, -0.8496842980384827, -0.8500431776046753, -0.8397567868232727, -0.8700369000434875, -0.8395869135856628, -0.8470718860626221, -0.8426573872566223, -0.8606270551681519, -0.8505386710166931, -0.867112934589386, -0.8393349647521973, -0.8412050008773804, -0.8448625802993774, -0.8525854349136353, -0.8500668406486511, -0.8519123792648315, -0.8666093945503235, -0.8589385151863098, -0.8623224496841431];[0.02315802127122879, 0.03237053379416466, 0.021820832043886185, 0.02110344171524048, 0.02563818171620369, 0.024430040270090103, 0.02604481764137745, 0.028905466198921204, 0.0239592045545578, 0.023977691307663918, 0.020861076191067696, 0.020484669134020805, 0.019557978957891464, 0.026308394968509674, 0.027493353933095932, 0.027747297659516335, 0.02470519207417965, 0.016896497458219528, 0.02657167986035347, 0.030333049595355988, 0.020148377865552902, 0.02796313725411892, 0.023709461092948914, 0.02698853611946106, 0.020429283380508423, 0.029251500964164734, 0.02015298418700695, 0.022550266236066818, 0.030636532232165337, 0.02171291969716549]
3850;[0.7717000842094421, 0.7739621996879578, 0.7743841409683228, 0.7688236236572266, 0.7751486897468567, 0.7800552845001221, 0.767034649848938, 0.7729090452194214, 0.7710804343223572, 0.770635187625885, 0.7848771810531616, 0.7822714447975159, 0.7696282863616943, 0.7785221338272095, 0.7778717875480652, 0.7706865072250366, 0.779103696346283, 0.7719804048538208, 0.7778732776641846, 0.7840347290039062, 0.7759554386138916, 0.7737773656845093, 0.7841432094573975, 0.7790800929069519, 0.7813644409179688, 0.7710798382759094, 0.7780185341835022, 0.7792477011680603, 0.7772595286369324, 0.7846328616142273, 0.7793176174163818];[0.035215020179748535, 0.03875119239091873, 0.038903556764125824, 0.033414360135793686, 0.036663446575403214, 0.041312091052532196, 0.031916048377752304, 0.037991613149642944, 0.03285081684589386, 0.03277679160237312, 0.045343343168497086, 0.04475906863808632, 0.03248339891433716, 0.03900764137506485, 0.03687577694654465, 0.033979762345552444, 0.036634355783462524, 0.03318410366773605, 0.03757951408624649, 0.04041551798582077, 0.03702453151345253, 0.03339877724647522, 0.03921109065413475, 0.03797139599919319, 0.041877876967191696, 0.030311059206724167, 0.03632352873682976, 0.03687876835465431, 0.03339536115527153, 0.039182525128126144, 0.0378066785633564];[-0.827389121055603, -0.8359004855155945, -0.8372108340263367, -0.8241279125213623, -0.8328337073326111, -0.8404395580291748, -0.8177047371864319, -0.8348339200019836, -0.8213531970977783, -0.8253939151763916, -0.8578266501426697, -0.8525171875953674, -0.8191379904747009, -0.839594841003418, -0.8312497138977051, -0.8212215304374695, -0.8354294300079346, -0.8205294013023376, -0.8370883464813232, -0.8466587066650391, -0.8343521356582642, -0.8212644457817078, -0.8420597910881042, -0.8481361865997314, -0.8456593155860901, -0.8116393685340881, -0.8306881189346313, -0.8325349688529968, -0.825591504573822, -0.8389555215835571, -0.8370987176895142];[0.024246690794825554, 0.02995903789997101, 0.023933183401823044, 0.019481156021356583, 0.02300129272043705, 0.025039011612534523, 0.027451565489172935, 0.027326956391334534, 0.023943834006786346, 0.02580646425485611, 0.024627801030874252, 0.026119321584701538, 0.024720698595046997, 0.023391617462038994, 0.03436895087361336, 0.02456839010119438, 0.02291603572666645, 0.027738377451896667, 0.024747274816036224, 0.02312657982110977, 0.02277742139995098, 0.02853628247976303, 0.022315766662359238, 0.0234286617487669, 0.03059993125498295, 0.020406777039170265, 0.019948653876781464, 0.022152626886963844, 0.02179381437599659, 0.02462403103709221]
3900;[0.7764260172843933, 0.7752622961997986, 0.7743964791297913, 0.7705788612365723, 0.7696260809898376, 0.7755005955696106, 0.7721890807151794, 0.7718517184257507, 0.7803205847740173, 0.7671172618865967, 0.7646214962005615, 0.7753548622131348, 0.770226240158081, 0.772899329662323, 0.7674874067306519, 0.7670379281044006, 0.7680026888847351, 0.7696643471717834, 0.7650564312934875, 0.7685072422027588, 0.7691304683685303, 0.7638862133026123, 0.768406331539154, 0.7754704356193542, 0.7749441266059875, 0.7708029747009277, 0.7676883339881897, 0.7618643045425415, 0.7636485695838928, 0.7625237703323364, 0.7641364932060242];[0.0392027273774147, 0.035968128591775894, 0.03906816244125366, 0.03668434917926788, 0.034659575670957565, 0.03393543139100075, 0.03750215098261833, 0.03405921161174774, 0.04120801389217377, 0.032559286803007126, 0.030432390049099922, 0.037586648017168045, 0.03692798316478729, 0.035313352942466736, 0.033865030854940414, 0.03095337375998497, 0.03192683309316635, 0.03179232403635979, 0.02908429503440857, 0.030934307724237442, 0.031565818935632706, 0.02955557219684124, 0.031172893941402435, 0.03913985937833786, 0.034591544419527054, 0.0310377050191164, 0.032369498163461685, 0.027574710547924042, 0.02847820706665516, 0.027266448363661766, 0.02664162591099739];[-0.8461412191390991, -0.8510765433311462, -0.8394169807434082, -0.8303746581077576, -0.8251047134399414, -0.8369619250297546, -0.8321595191955566, -0.8225077390670776, -0.843712568283081, -0.8200092911720276, -0.8160664439201355, -0.8355836868286133, -0.8319858908653259, -0.8303497433662415, -0.8207147121429443, -0.8123131990432739, -0.8177061080932617, -0.8195578455924988, -0.8097436428070068, -0.8151336908340454, -0.8181987404823303, -0.807609498500824, -0.8152639865875244, -0.84051513671875, -0.8260112404823303, -0.8121086359024048, -0.8150337338447571, -0.8058326840400696, -0.8117850422859192, -0.8044431209564209, -0.8016786575317383];[0.027304045855998993, 0.023751022294163704, 0.022325558587908745, 0.021169736981391907, 0.023796696215867996, 0.03768753260374069, 0.019801752641797066, 0.022076254710555077, 0.02260679379105568, 0.024453554302453995, 0.026791326701641083, 0.03523752838373184, 0.021814337000250816, 0.020345523953437805, 0.02935854345560074, 0.023197006434202194, 0.02156124636530876, 0.024042021483182907, 0.019576486200094223, 0.021235404536128044, 0.022012315690517426, 0.021215884014964104, 0.030884193256497383, 0.019493229687213898, 0.029300455003976822, 0.022883903235197067, 0.02309265360236168, 0.03647969290614128, 0.021840255707502365, 0.021554144099354744]
3950;[0.7668476700782776, 0.7829835414886475, 0.7645406723022461, 0.7775264978408813, 0.7723409533500671, 0.7744720578193665, 0.774632453918457, 0.7781746983528137, 0.7744910717010498, 0.7770904898643494, 0.7766270637512207, 0.7788082361221313, 0.782948911190033, 0.7679229378700256, 0.7828337550163269, 0.7797278165817261, 0.7804480195045471, 0.7743639945983887, 0.7764406204223633, 0.7728559374809265, 0.7801918983459473, 0.7688263058662415, 0.7730112671852112, 0.7809712290763855, 0.7809880375862122, 0.7774369716644287, 0.7839885950088501, 0.7773686647415161, 0.7797289490699768, 0.7914000153541565, 0.7845963835716248];[0.03283039852976799, 0.045354824513196945, 0.030289003625512123, 0.041493941098451614, 0.03500043600797653, 0.03690938279032707, 0.03967449441552162, 0.04028484597802162, 0.03762483224272728, 0.03795362636446953, 0.037497203797101974, 0.04018792137503624, 0.04292168840765953, 0.032630499452352524, 0.0429314486682415, 0.041781455278396606, 0.04222099855542183, 0.03947892412543297, 0.03924840688705444, 0.034884147346019745, 0.041118916124105453, 0.034056637436151505, 0.03692391887307167, 0.044764623045921326, 0.0423053577542305, 0.04083597660064697, 0.04306045174598694, 0.040530990809202194, 0.042604513466358185, 0.04867111146450043, 0.04606608673930168];[-0.8205925226211548, -0.8645573854446411, -0.8185581564903259, -0.8483169078826904, -0.8257854580879211, -0.8289867043495178, -0.8414161205291748, -0.8429412841796875, -0.8337327837944031, -0.834519624710083, -0.8350059390068054, -0.8436166644096375, -0.8517376780509949, -0.8197312951087952, -0.8554351925849915, -0.8499584197998047, -0.8485381007194519, -0.8390070796012878, -0.8393722176551819, -0.825061559677124, -0.8435561656951904, -0.8237778544425964, -0.8309109210968018, -0.8561219573020935, -0.8488640189170837, -0.8436001539230347, -0.8539040684700012, -0.847069501876831, -0.8561530113220215, -0.8942145705223083, -0.871677815914154];[0.021890979260206223, 0.02205905131995678, 0.023458627983927727, 0.026362501084804535, 0.023830488324165344, 0.022050904110074043, 0.022850533947348595, 0.01665318012237549, 0.020312905311584473, 0.02669537253677845, 0.0240313820540905, 0.022876108065247536, 0.02453480288386345, 0.022745775058865547, 0.022490868344902992, 0.01664603501558304, 0.019957834854722023, 0.0384712740778923, 0.021444961428642273, 0.032847773283720016, 0.02375163324177265, 0.02508864924311638, 0.029871944338083267, 0.03547580912709236, 0.022953007370233536, 0.020795788615942, 0.02247483655810356, 0.02713092789053917, 0.0253184475004673, 0.020478231832385063]
4000;[0.7758664488792419, 0.7731651663780212, 0.7679830193519592, 0.7701897025108337, 0.7749504446983337, 0.7740370035171509, 0.7696185111999512, 0.7817428708076477, 0.7789495587348938, 0.7741337418556213, 0.7753571271896362, 0.778203547000885, 0.7829474806785583, 0.7750247716903687, 0.7793786525726318, 0.7753464579582214, 0.7780888080596924, 0.7699329853057861, 0.778892993927002, 0.7783885598182678, 0.7702838182449341, 0.7718112468719482, 0.7839548587799072, 0.7739937901496887, 0.7828327417373657, 0.777856707572937, 0.7690755724906921, 0.7761366963386536, 0.7738683819770813, 0.7715244293212891, 0.7771947979927063];[0.0369487926363945, 0.038734953850507736, 0.03446892648935318, 0.033773232251405716, 0.0361359566450119, 0.03690333291888237, 0.03670482337474823, 0.04254993796348572, 0.040689337998628616, 0.035206399857997894, 0.036804117262363434, 0.04105989634990692, 0.04498869553208351, 0.04051178693771362, 0.04274658113718033, 0.040395330637693405, 0.042285509407520294, 0.035206787288188934, 0.04090173542499542, 0.04307381436228752, 0.03563825041055679, 0.038836367428302765, 0.042234111577272415, 0.03937553986907005, 0.04255340248346329, 0.04090970382094383, 0.036635834723711014, 0.03880234435200691, 0.041352976113557816, 0.03851217404007912, 0.041176192462444305];[-0.832825243473053, -0.8389357924461365, -0.8244327306747437, -0.8227066397666931, -0.8284608721733093, -0.8315187692642212, -0.8304973244667053, -0.851065456867218, -0.8469537496566772, -0.8297832012176514, -0.8324727416038513, -0.8442456126213074, -0.8673850297927856, -0.8425513505935669, -0.8512398600578308, -0.8384012579917908, -0.8492482900619507, -0.8279622197151184, -0.8503344058990479, -0.8575208783149719, -0.832658588886261, -0.8353036046028137, -0.8571543097496033, -0.8388382196426392, -0.8545717597007751, -0.8423172831535339, -0.8278658986091614, -0.8438752293586731, -0.849659264087677, -0.8406321406364441, -0.8428011536598206];[0.021770795807242393, 0.019582558423280716, 0.03193456307053566, 0.026654772460460663, 0.024454906582832336, 0.031152894720435143, 0.028439270332455635, 0.023306136950850487, 0.029279734939336777, 0.01771293580532074, 0.022628430277109146, 0.026680419221520424, 0.02185085043311119, 0.024097850546240807, 0.025692762807011604, 0.019432513043284416, 0.019548702985048294, 0.025851741433143616, 0.023344727233052254, 0.02341097593307495, 0.02379758097231388, 0.026351625099778175, 0.029228292405605316, 0.02186918631196022, 0.02650071680545807, 0.025158267468214035, 0.022253725677728653, 0.02534674108028412, 0.022058255970478058, 0.02534138783812523]
4050;[0.7695102095603943, 0.7787957787513733, 0.7800270915031433, 0.7796090841293335, 0.7780662775039673, 0.7695770263671875, 0.7741844654083252, 0.7819336652755737, 0.7765717506408691, 0.7754618525505066, 0.7780648469924927, 0.7779022455215454, 0.7783199548721313, 0.7772873044013977, 0.7765806317329407, 0.7736937999725342, 0.7822458148002625, 0.7753007411956787, 0.7807636857032776, 0.7785205245018005, 0.775178074836731, 0.7798947691917419, 0.7738968729972839, 0.7778777480125427, 0.788341760635376, 0.7814697027206421, 0.773805558681488, 0.7787858843803406, 0.7783101201057434, 0.7916725873947144, 0.7722896933555603];[0.03308466449379921, 0.039176348596811295, 0.043196432292461395, 0.038811828941106796, 0.04072923585772514, 0.03433096408843994, 0.039279013872146606, 0.04166078940033913, 0.04140453413128853, 0.0401262491941452, 0.04263737425208092, 0.04491600766777992, 0.04317256063222885, 0.0394502654671669, 0.04265270009636879, 0.038047630339860916, 0.04395412281155586, 0.03982129320502281, 0.044130779802799225, 0.042900219559669495, 0.03832249343395233, 0.041192956268787384, 0.039404574781656265, 0.04124762490391731, 0.0485193207859993, 0.04531826078891754, 0.040164534002542496, 0.04320158064365387, 0.0388932004570961, 0.051105331629514694, 0.03521236032247543];[-0.8229476809501648, -0.8408986926078796, -0.8561133146286011, -0.8381866216659546, -0.8443681597709656, -0.8235823512077332, -0.8392094969749451, -0.8608800172805786, -0.845745861530304, -0.8437573909759521, -0.8547809720039368, -0.8586300611495972, -0.8557080626487732, -0.8428707122802734, -0.8511483669281006, -0.8379904627799988, -0.8547860980033875, -0.8462751507759094, -0.8657709956169128, -0.8460677266120911, -0.8515760898590088, -0.8464231491088867, -0.8496565222740173, -0.846407413482666, -0.9030129909515381, -0.87621009349823, -0.8425474762916565, -0.8609257340431213, -0.8396738171577454, -0.886805534362793, -0.8286275863647461];[0.018723785877227783, 0.024763034656643867, 0.02389415167272091, 0.025961415842175484, 0.025138430297374725, 0.02263214811682701, 0.024401294067502022, 0.04370654374361038, 0.02420780621469021, 0.023205924779176712, 0.021450527012348175, 0.028091464191675186, 0.02284027636051178, 0.02589305117726326, 0.028606388717889786, 0.021812528371810913, 0.028455201536417007, 0.03052050620317459, 0.03321472927927971, 0.020981092005968094, 0.020667096599936485, 0.028635969385504723, 0.037853214889764786, 0.02380012348294258, 0.024470141157507896, 0.025271497666835785, 0.024053802713751793, 0.02690529078245163, 0.02124544233083725, 0.02538478747010231]
4100;[0.7719650864601135, 0.7740528583526611, 0.7754889130592346, 0.7685930728912354, 0.781040608882904, 0.7729224562644958, 0.7719831466674805, 0.7778511643409729, 0.7745296955108643, 0.7770757079124451, 0.7778181433677673, 0.7782033085823059, 0.7715281248092651, 0.7760008573532104, 0.7857726216316223, 0.7788551449775696, 0.7832222580909729, 0.7743869423866272, 0.7761919498443604, 0.7751768827438354, 0.7746854424476624, 0.7712270617485046, 0.7778825163841248, 0.7692246437072754, 0.7737424969673157, 0.7723472714424133, 0.7745941877365112, 0.7723050713539124, 0.7734439969062805, 0.774311363697052, 0.7663617730140686];[0.03487067297101021, 0.03542334586381912, 0.037702154368162155, 0.0335209034383297, 0.04063357785344124, 0.03491111844778061, 0.03476451709866524, 0.04025441035628319, 0.0355096198618412, 0.03741603344678879, 0.04095149785280228, 0.038599852472543716, 0.034050971269607544, 0.03713682293891907, 0.04504638537764549, 0.040588803589344025, 0.04266956448554993, 0.03326888009905815, 0.036710225045681, 0.03633234649896622, 0.03424082323908806, 0.03180535137653351, 0.0386391319334507, 0.03338799625635147, 0.03379199281334877, 0.03337615355849266, 0.03616396710276604, 0.03420257940888405, 0.03449281305074692, 0.03619652986526489, 0.029249804094433784];[-0.8271980881690979, -0.8243921995162964, -0.8306629061698914, -0.821186900138855, -0.8424674272537231, -0.8256114721298218, -0.8239564895629883, -0.8442978262901306, -0.8309630751609802, -0.8398777842521667, -0.8423305749893188, -0.8350989818572998, -0.8233990669250488, -0.8299517035484314, -0.8532524704933167, -0.8460947871208191, -0.8512481451034546, -0.8221351504325867, -0.8376836776733398, -0.8304403424263, -0.8227208852767944, -0.817211925983429, -0.8460134863853455, -0.8234968781471252, -0.8263577818870544, -0.8212504982948303, -0.8404807448387146, -0.8257588744163513, -0.8250966668128967, -0.8344736695289612, -0.8113542199134827];[0.023464197292923927, 0.02081078663468361, 0.02118837833404541, 0.02995062991976738, 0.01945684663951397, 0.023854896426200867, 0.027290739119052887, 0.02799522504210472, 0.025573808699846268, 0.021864045411348343, 0.030572976917028427, 0.021641112864017487, 0.02189801260828972, 0.020150650292634964, 0.025335339829325676, 0.02767343819141388, 0.020544923841953278, 0.03371282294392586, 0.02965700626373291, 0.024648837745189667, 0.025515306740999222, 0.020333237946033478, 0.023435186594724655, 0.02191154658794403, 0.027262644842267036, 0.020522844046354294, 0.026991738006472588, 0.020557314157485962, 0.021759800612926483, 0.02182147093117237]
4150;[0.7738735675811768, 0.7679110765457153, 0.7800220251083374, 0.7717168927192688, 0.7717934846878052, 0.7645660638809204, 0.7727652788162231, 0.7747790813446045, 0.7774096131324768, 0.767781138420105, 0.7687516808509827, 0.7661551833152771, 0.7706927061080933, 0.774298906326294, 0.7706667184829712, 0.7705709338188171, 0.7580810189247131, 0.7737853527069092, 0.7739405632019043, 0.7596051096916199, 0.7861105799674988, 0.7668728232383728, 0.7723705768585205, 0.7696959972381592, 0.7614773511886597, 0.7764790058135986, 0.7624022364616394, 0.7705353498458862, 0.7664752006530762, 0.7636016607284546, 0.7695967555046082];[0.037310000509023666, 0.03262767195701599, 0.041749872267246246, 0.035578031092882156, 0.03917711228132248, 0.03266125172376633, 0.03777817636728287, 0.03726586326956749, 0.041250526905059814, 0.034716591238975525, 0.03596312925219536, 0.033685069531202316, 0.03890526667237282, 0.037766944617033005, 0.03681699186563492, 0.037711404263973236, 0.028851063922047615, 0.039749886840581894, 0.03915989771485329, 0.02834811620414257, 0.049220215529203415, 0.03469014912843704, 0.037791501730680466, 0.036385033279657364, 0.03140629455447197, 0.03959250822663307, 0.032136548310518265, 0.03880106657743454, 0.03558313101530075, 0.032007575035095215, 0.03764694184064865];[-0.8332653641700745, -0.8178490996360779, -0.8500044345855713, -0.8284154534339905, -0.8394972681999207, -0.820085346698761, -0.8346235752105713, -0.8323704600334167, -0.843005359172821, -0.825443685054779, -0.8324079513549805, -0.8187928795814514, -0.8341672420501709, -0.8332008719444275, -0.8312885165214539, -0.8380253911018372, -0.8054239749908447, -0.8362754583358765, -0.8379472494125366, -0.809126079082489, -0.8798030614852905, -0.8258177638053894, -0.8365464806556702, -0.8331984281539917, -0.8161828517913818, -0.8527449369430542, -0.8180708289146423, -0.8373774290084839, -0.8302006721496582, -0.8212094902992249, -0.8344046473503113];[0.020640529692173004, 0.02719780057668686, 0.025470899417996407, 0.023091351613402367, 0.022947154939174652, 0.020608408376574516, 0.022582106292247772, 0.025311879813671112, 0.02232431061565876, 0.02616242505609989, 0.023883890360593796, 0.021670926362276077, 0.018480520695447922, 0.02485962212085724, 0.02571280673146248, 0.019501816481351852, 0.019899513572454453, 0.019906729459762573, 0.02326885424554348, 0.026343172416090965, 0.025104016065597534, 0.01899547502398491, 0.026179585605859756, 0.018963031470775604, 0.024858159944415092, 0.023641107603907585, 0.026191089302301407, 0.02356688305735588, 0.026533981785178185, 0.02637079730629921]
4200;[0.774819552898407, 0.7774050235748291, 0.7734696269035339, 0.767907977104187, 0.7815808653831482, 0.7720516324043274, 0.768888533115387, 0.7672522068023682, 0.7679880857467651, 0.7730039954185486, 0.7647470831871033, 0.7676389813423157, 0.7771031260490417, 0.7711374759674072, 0.7669733762741089, 0.7756419777870178, 0.7651601433753967, 0.7742887139320374, 0.771205723285675, 0.771083652973175, 0.7773070931434631, 0.7763803601264954, 0.7727991342544556, 0.7695386409759521, 0.7668338418006897, 0.7644132375717163, 0.7672282457351685, 0.768868625164032, 0.7671874165534973, 0.7719410061836243, 0.7707370519638062];[0.03890760987997055, 0.03788503259420395, 0.03612114489078522, 0.033099349588155746, 0.044029202312231064, 0.03537895902991295, 0.03237060829997063, 0.03333476185798645, 0.03312130272388458, 0.03642788156867027, 0.028979388996958733, 0.028839679434895515, 0.038081806153059006, 0.03243223950266838, 0.02876260131597519, 0.03496696054935455, 0.028453797101974487, 0.03597428277134895, 0.030293114483356476, 0.03233811631798744, 0.03786523640155792, 0.0364731140434742, 0.033786505460739136, 0.03157135471701622, 0.02970859408378601, 0.02854863926768303, 0.03139251843094826, 0.029026668518781662, 0.02738650143146515, 0.0315987765789032, 0.03174058347940445];[-0.8345641493797302, -0.8351131081581116, -0.8338047862052917, -0.8229038715362549, -0.8592326641082764, -0.8280833959579468, -0.8191661834716797, -0.8224940896034241, -0.8210017681121826, -0.8322455286979675, -0.8105931878089905, -0.8090842366218567, -0.8364779949188232, -0.819260835647583, -0.8070589303970337, -0.8382120132446289, -0.8100862503051758, -0.8323702812194824, -0.8136508464813232, -0.8163362145423889, -0.8356270790100098, -0.8346465229988098, -0.8252730369567871, -0.8217853903770447, -0.8097047805786133, -0.8080564737319946, -0.8109341263771057, -0.8091713786125183, -0.804628849029541, -0.8424363732337952, -0.8178203701972961];[0.023098373785614967, 0.02263312041759491, 0.023344481363892555, 0.02337813563644886, 0.023877989500761032, 0.020252330228686333, 0.024218695238232613, 0.022382285445928574, 0.020561762154102325, 0.02314339391887188, 0.024339526891708374, 0.021968940272927284, 0.02187630906701088, 0.02200562320649624, 0.026039903983473778, 0.02380560338497162, 0.02235238440334797, 0.026503991335630417, 0.017124254256486893, 0.021814579144120216, 0.01992245949804783, 0.02300386317074299, 0.022680744528770447, 0.02919541299343109, 0.029304971918463707, 0.01955714076757431, 0.03393476828932762, 0.029921505600214005, 0.020059650763869286, 0.02166152000427246]
4250;[0.7660307884216309, 0.7748380899429321, 0.7764590978622437, 0.7756779789924622, 0.788166880607605, 0.7886334657669067, 0.7888823747634888, 0.7836369872093201, 0.7778372168540955, 0.7831302285194397, 0.7874422669410706, 0.7849858403205872, 0.7887246012687683, 0.7790646553039551, 0.7896347045898438, 0.7832366824150085, 0.7866911888122559, 0.7747811079025269, 0.7872883081436157, 0.7854794859886169, 0.798219621181488, 0.7908121347427368, 0.7926155924797058, 0.7963864207267761, 0.7867751121520996, 0.7950620651245117, 0.7973185181617737, 0.7908414602279663, 0.7914935946464539, 0.7905866503715515, 0.7990942597389221];[0.030949516221880913, 0.039251893758773804, 0.0387413389980793, 0.03758727386593819, 0.04513004422187805, 0.049166664481163025, 0.045689649879932404, 0.041063759475946426, 0.03984512761235237, 0.04019883647561073, 0.04658908024430275, 0.04706481844186783, 0.04712771251797676, 0.03753325715661049, 0.04804856702685356, 0.04312168434262276, 0.04334183409810066, 0.03767542913556099, 0.048077233135700226, 0.04434081166982651, 0.054911401122808456, 0.04920218512415886, 0.047656651586294174, 0.052606742829084396, 0.04855044558644295, 0.04805246740579605, 0.05371245741844177, 0.04708869382739067, 0.04925499111413956, 0.047239746898412704, 0.054329048842191696];[-0.8158609867095947, -0.8398103713989258, -0.8465742468833923, -0.8355470299720764, -0.8555917739868164, -0.877792239189148, -0.8669154644012451, -0.8553956151008606, -0.8413208723068237, -0.8415354490280151, -0.8598929047584534, -0.8624908328056335, -0.8615131974220276, -0.8383470177650452, -0.8712707757949829, -0.8495355844497681, -0.8512501120567322, -0.8313387036323547, -0.8684067130088806, -0.8521055579185486, -0.8898190855979919, -0.8623517751693726, -0.8737751245498657, -0.8848907351493835, -0.867657482624054, -0.8616933822631836, -0.8783760666847229, -0.8641034960746765, -0.8762260675430298, -0.8613123893737793, -0.8831683993339539];[0.024619711562991142, 0.03301591798663139, 0.022690827026963234, 0.023937992751598358, 0.024571597576141357, 0.023186039179563522, 0.02067459002137184, 0.016553375869989395, 0.019570257514715195, 0.04449622333049774, 0.022606361657381058, 0.020124850794672966, 0.025739368051290512, 0.018773546442389488, 0.02373424544930458, 0.02146037295460701, 0.027108635753393173, 0.02352135255932808, 0.02452920749783516, 0.025204693898558617, 0.024183979257941246, 0.019900482147932053, 0.024461383000016212, 0.023355824872851372, 0.02653021737933159, 0.022343739867210388, 0.023960400372743607, 0.020318511873483658, 0.028137050569057465, 0.023882895708084106]
4300;[0.7731620073318481, 0.7759425044059753, 0.7807590961456299, 0.7782557606697083, 0.7750025391578674, 0.7756149172782898, 0.7803135514259338, 0.7714865803718567, 0.7782290577888489, 0.777035653591156, 0.7735154032707214, 0.7730808258056641, 0.7753840088844299, 0.7733603119850159, 0.7700342535972595, 0.7711876034736633, 0.7840182781219482, 0.7745698094367981, 0.7754635214805603, 0.7696619033813477, 0.7795090079307556, 0.776492178440094, 0.7724763751029968, 0.7761871814727783, 0.7813568711280823, 0.7676250338554382, 0.7795637249946594, 0.779269278049469, 0.787860095500946, 0.7782378196716309, 0.7768052816390991];[0.0369359627366066, 0.03747577592730522, 0.04205741360783577, 0.040459223091602325, 0.03839397430419922, 0.035086072981357574, 0.041011225432157516, 0.03554240241646767, 0.04080277308821678, 0.03905389457941055, 0.03895154222846031, 0.03561584651470184, 0.03618661314249039, 0.034101489931344986, 0.032220251858234406, 0.033108483999967575, 0.04452592134475708, 0.031903937458992004, 0.03399137407541275, 0.027811573818325996, 0.036955296993255615, 0.033881478011608124, 0.030242156237363815, 0.03437905013561249, 0.03443290665745735, 0.026567118242383003, 0.03363386169075966, 0.032891493290662766, 0.0384664312005043, 0.03300841525197029, 0.031790636479854584];[-0.8307245969772339, -0.8396533727645874, -0.8542279005050659, -0.8423457145690918, -0.8361462950706482, -0.827394962310791, -0.8442903757095337, -0.8310526013374329, -0.8406325578689575, -0.8475165963172913, -0.8336738348007202, -0.8291106224060059, -0.836649477481842, -0.8330994844436646, -0.8200581073760986, -0.8208935260772705, -0.8548710346221924, -0.8210935592651367, -0.8272719979286194, -0.8056445717811584, -0.8323950171470642, -0.8238183259963989, -0.8142275214195251, -0.8247291445732117, -0.8242868185043335, -0.8007937669754028, -0.8317993879318237, -0.8248460292816162, -0.8582072854042053, -0.8261878490447998, -0.8202050924301147];[0.027706732973456383, 0.023952210322022438, 0.02086537517607212, 0.028867684304714203, 0.028542540967464447, 0.02805292047560215, 0.020208250731229782, 0.02115214616060257, 0.02002314291894436, 0.019332261756062508, 0.02716948837041855, 0.01893417164683342, 0.023117773234844208, 0.0225409884005785, 0.033474721014499664, 0.02472522109746933, 0.022426171228289604, 0.02179799973964691, 0.021410074084997177, 0.02133178897202015, 0.021461963653564453, 0.024338791146874428, 0.023131439462304115, 0.027287309989333153, 0.021206084638834, 0.0223800390958786, 0.0250079445540905, 0.022623445838689804, 0.01815689355134964, 0.02385166846215725]
4350;[0.7711126208305359, 0.7809892296791077, 0.7757446765899658, 0.7722574472427368, 0.7694376111030579, 0.7767296433448792, 0.7744058966636658, 0.7679958343505859, 0.7746233940124512, 0.7702550888061523, 0.7738401293754578, 0.7709296345710754, 0.7796220183372498, 0.7739517688751221, 0.7727242708206177, 0.7756689786911011, 0.7718659043312073, 0.7699131965637207, 0.769144594669342, 0.7765395641326904, 0.7720810770988464, 0.7741853594779968, 0.7776563763618469, 0.7717724442481995, 0.7702226638793945, 0.7776035666465759, 0.7730289697647095, 0.777694582939148, 0.7758587002754211, 0.7717313766479492, 0.7774695754051208];[0.03230096027255058, 0.03845367580652237, 0.03757420554757118, 0.036894552409648895, 0.03330414742231369, 0.03605804219841957, 0.03371080756187439, 0.02994638867676258, 0.034694768488407135, 0.03370150923728943, 0.036059893667697906, 0.03375481069087982, 0.039293039590120316, 0.03396959602832794, 0.03394380956888199, 0.03266869857907295, 0.034649454057216644, 0.031809840351343155, 0.03281508386135101, 0.037951912730932236, 0.03330717608332634, 0.034951064735651016, 0.041603147983551025, 0.03477552905678749, 0.03246406838297844, 0.04008674994111061, 0.03365262970328331, 0.036849334836006165, 0.036760397255420685, 0.03234219178557396, 0.0369221568107605];[-0.818899393081665, -0.8370760679244995, -0.8297517895698547, -0.8282698392868042, -0.8195185661315918, -0.8288173079490662, -0.8281964659690857, -0.8145709037780762, -0.8238470554351807, -0.8208893537521362, -0.8303015232086182, -0.824059009552002, -0.8383563160896301, -0.8217018246650696, -0.8239450454711914, -0.8210996389389038, -0.8286690711975098, -0.8166621923446655, -0.8182601928710938, -0.8378446698188782, -0.8180943727493286, -0.8293157815933228, -0.8433465361595154, -0.8248687982559204, -0.8209320902824402, -0.839695930480957, -0.8222709894180298, -0.8349028825759888, -0.8261534571647644, -0.8202154636383057, -0.8610467910766602];[0.020087072625756264, 0.024728255346417427, 0.02096756175160408, 0.02935987152159214, 0.02132095955312252, 0.020530765876173973, 0.023417208343744278, 0.02100553922355175, 0.023573344573378563, 0.02524615451693535, 0.027200063690543175, 0.023114502429962158, 0.0196791160851717, 0.02064092457294464, 0.022599561139941216, 0.02165728248655796, 0.02472059242427349, 0.028097575530409813, 0.0218802560120821, 0.03185431659221649, 0.022329749539494514, 0.023581400513648987, 0.025967393070459366, 0.023854555562138557, 0.02526499330997467, 0.01969621330499649, 0.021944932639598846, 0.021541232243180275, 0.018401801586151123, 0.022043554112315178]
4400;[0.7702599763870239, 0.7673964500427246, 0.7747206687927246, 0.7860925793647766, 0.7792543768882751, 0.7731950879096985, 0.7710537910461426, 0.7717787027359009, 0.777451753616333, 0.7856566309928894, 0.7782571911811829, 0.7881029844284058, 0.7858191728591919, 0.7799569368362427, 0.7886364459991455, 0.7966862916946411, 0.7965191602706909, 0.7885879278182983, 0.7888827323913574, 0.7826792597770691, 0.7824256420135498, 0.7930163145065308, 0.7850144505500793, 0.7928734421730042, 0.7824884653091431, 0.7874481081962585, 0.7840828895568848, 0.7866504192352295, 0.7907612323760986, 0.7928168773651123, 0.7861279845237732];[0.03421413153409958, 0.03309053182601929, 0.03866598382592201, 0.04757881164550781, 0.04192424938082695, 0.03719775378704071, 0.035037972033023834, 0.03519614413380623, 0.039093539118766785, 0.0465519092977047, 0.03701174631714821, 0.04541266709566116, 0.043812092393636703, 0.041226577013731, 0.049124494194984436, 0.05551444739103317, 0.05533080920577049, 0.045793965458869934, 0.04649772122502327, 0.045092929154634476, 0.04211898893117905, 0.050205048173666, 0.04226776957511902, 0.05186058580875397, 0.04365081712603569, 0.047194790095090866, 0.04317557066679001, 0.050274744629859924, 0.051951054483652115, 0.0502341091632843, 0.047225721180438995];[-0.8220859169960022, -0.8186854720115662, -0.8378109931945801, -0.8634124994277954, -0.8460057377815247, -0.8305227756500244, -0.8287754058837891, -0.8269822597503662, -0.840796709060669, -0.8756159543991089, -0.833267092704773, -0.8549396991729736, -0.8507618308067322, -0.845328688621521, -0.8726532459259033, -0.8902475833892822, -0.9091929793357849, -0.8596501350402832, -0.8572428822517395, -0.855323314666748, -0.8478506207466125, -0.8699718117713928, -0.8456300497055054, -0.8837922215461731, -0.8515282273292542, -0.8759139180183411, -0.8502893447875977, -0.8706408739089966, -0.870836079120636, -0.8721981048583984, -0.8668231964111328];[0.029555058106780052, 0.028115106746554375, 0.02050997130572796, 0.025462133809924126, 0.028581775724887848, 0.02402082271873951, 0.025143420323729515, 0.025226259604096413, 0.022789238020777702, 0.024915695190429688, 0.021561982110142708, 0.017064454033970833, 0.028843557462096214, 0.024022165685892105, 0.023849613964557648, 0.02500711940228939, 0.027172226458787918, 0.025465967133641243, 0.02133553847670555, 0.021774955093860626, 0.022568268701434135, 0.02008063532412052, 0.03048769198358059, 0.023636994883418083, 0.02126537635922432, 0.024739596992731094, 0.019980279728770256, 0.02067054994404316, 0.024268707260489464, 0.021405940875411034]
4450;[0.773384153842926, 0.7722606658935547, 0.774569571018219, 0.7830193638801575, 0.7697287797927856, 0.7706703543663025, 0.7718669176101685, 0.7690134048461914, 0.7777246832847595, 0.777711033821106, 0.7812172770500183, 0.7717127203941345, 0.7659345865249634, 0.7716190218925476, 0.7777876853942871, 0.7701003551483154, 0.7653744220733643, 0.7792699337005615, 0.7702771425247192, 0.7746580839157104, 0.7659539580345154, 0.7686116695404053, 0.7784935832023621, 0.7656835317611694, 0.7645518183708191, 0.767227053642273, 0.7663182616233826, 0.7748347520828247, 0.7731478214263916, 0.767288327217102, 0.7726417183876038];[0.03670812398195267, 0.03517725691199303, 0.03755560517311096, 0.04312613233923912, 0.03277722746133804, 0.03642930090427399, 0.03397319093346596, 0.03145979344844818, 0.03647267073392868, 0.037215013056993484, 0.04106123000383377, 0.03353436663746834, 0.02918769046664238, 0.03334025666117668, 0.03548514097929001, 0.03204106539487839, 0.028280355036258698, 0.04035923257470131, 0.031514037400484085, 0.03514016047120094, 0.02693292126059532, 0.029140669852495193, 0.03468216955661774, 0.027209939435124397, 0.028399934992194176, 0.027872689068317413, 0.029536094516515732, 0.034711986780166626, 0.03420942649245262, 0.030611354857683182, 0.03299672529101372];[-0.8316198587417603, -0.8241302967071533, -0.8333330154418945, -0.8567405343055725, -0.824795663356781, -0.832330584526062, -0.8212921023368835, -0.8145200610160828, -0.8312385678291321, -0.8324653506278992, -0.845308780670166, -0.8309056758880615, -0.8096768856048584, -0.8243505358695984, -0.8303332924842834, -0.8177273273468018, -0.8082830905914307, -0.8436393141746521, -0.8163750171661377, -0.8347141742706299, -0.8034800291061401, -0.8117563724517822, -0.8317843079566956, -0.8018117547035217, -0.8069387674331665, -0.8085013031959534, -0.8117271661758423, -0.8311216235160828, -0.8275355100631714, -0.8134576678276062, -0.824874222278595];[0.03350009024143219, 0.024443835020065308, 0.019895972684025764, 0.03995257616043091, 0.02069048210978508, 0.02233671210706234, 0.023098161444067955, 0.01956200785934925, 0.020147867500782013, 0.03791000321507454, 0.017884667962789536, 0.02307303622364998, 0.021211940795183182, 0.0214728731662035, 0.021122626960277557, 0.027819320559501648, 0.022099655121564865, 0.028669431805610657, 0.022963233292102814, 0.02376106195151806, 0.025224268436431885, 0.021284203976392746, 0.023952824994921684, 0.028972307220101357, 0.02675703354179859, 0.021082356572151184, 0.018843017518520355, 0.025494853034615517, 0.023852862417697906, 0.0184161514043808]
4500;[0.7799035906791687, 0.7772539854049683, 0.7712062001228333, 0.7699850797653198, 0.7703397274017334, 0.7676212191581726, 0.769442081451416, 0.7755783200263977, 0.7757687568664551, 0.7700048089027405, 0.7829235196113586, 0.7646675705909729, 0.76691734790802, 0.7740113735198975, 0.7762690782546997, 0.7742080092430115, 0.7714486122131348, 0.7749724984169006, 0.7698298692703247, 0.7750921845436096, 0.7692545652389526, 0.7746859788894653, 0.7651106119155884, 0.7672779560089111, 0.7759525179862976, 0.7698537111282349, 0.7749888300895691, 0.7767705321311951, 0.7672498822212219, 0.7660147547721863, 0.761691689491272];[0.04227187857031822, 0.03626437857747078, 0.03510144725441933, 0.03205995261669159, 0.03407483175396919, 0.032723039388656616, 0.03263799846172333, 0.03702045977115631, 0.037668243050575256, 0.03693346306681633, 0.04446953907608986, 0.03089422546327114, 0.03209281340241432, 0.036014534533023834, 0.038453608751297, 0.035422638058662415, 0.034626107662916183, 0.04081227257847786, 0.03150929883122444, 0.03678513318300247, 0.03150912746787071, 0.036698631942272186, 0.03099592588841915, 0.03203069046139717, 0.040783271193504333, 0.03389593958854675, 0.03782124072313309, 0.039174024015665054, 0.03482140228152275, 0.029932992532849312, 0.02778441645205021];[-0.8445484042167664, -0.8304145932197571, -0.8274418711662292, -0.8159922957420349, -0.8236168026924133, -0.818396806716919, -0.8198969960212708, -0.8354994654655457, -0.839428186416626, -0.8303419351577759, -0.8609877228736877, -0.810260534286499, -0.8150635957717896, -0.831277072429657, -0.842592179775238, -0.8295465111732483, -0.8228649497032166, -0.8450475335121155, -0.8183173537254333, -0.8381003737449646, -0.8174902200698853, -0.8364195823669434, -0.8175093531608582, -0.8172271847724915, -0.8472551107406616, -0.8233180046081543, -0.8329638838768005, -0.8426250219345093, -0.8260767459869385, -0.8108469247817993, -0.8077779412269592];[0.028875034302473068, 0.025291314348578453, 0.02359514683485031, 0.023596957325935364, 0.020644422620534897, 0.020749451592564583, 0.027230385690927505, 0.018850985914468765, 0.025602445006370544, 0.022322718054056168, 0.018401186913251877, 0.022602679207921028, 0.01745855249464512, 0.02736486680805683, 0.025305362418293953, 0.02463151514530182, 0.03322718292474747, 0.022844627499580383, 0.0274710264056921, 0.020426388829946518, 0.023337941616773605, 0.02500746212899685, 0.022889133542776108, 0.025575712323188782, 0.025641396641731262, 0.024919090792536736, 0.02395099774003029, 0.02456073835492134, 0.021741174161434174, 0.02627929300069809]
4550;[0.77451491355896, 0.7787947058677673, 0.7642165422439575, 0.7744899392127991, 0.768382728099823, 0.7759966254234314, 0.776057243347168, 0.7726774215698242, 0.772182285785675, 0.7706935405731201, 0.7688979506492615, 0.7786105871200562, 0.7749305963516235, 0.7729010581970215, 0.772239089012146, 0.7749645709991455, 0.7773465514183044, 0.7747278809547424, 0.7730345726013184, 0.7671504616737366, 0.7764724493026733, 0.7699955105781555, 0.777691125869751, 0.7716544270515442, 0.7706843614578247, 0.7739201784133911, 0.7689614295959473, 0.7744747400283813, 0.7758488059043884, 0.7797073721885681, 0.7774108052253723];[0.03537604957818985, 0.043276116251945496, 0.029635170474648476, 0.035649992525577545, 0.031585466116666794, 0.03812456130981445, 0.03581710159778595, 0.033636003732681274, 0.034049104899168015, 0.03338474780321121, 0.03189655393362045, 0.040464822202920914, 0.03524154797196388, 0.03491300716996193, 0.032426971942186356, 0.036781780421733856, 0.03916361927986145, 0.03503897041082382, 0.03502438962459564, 0.03055560402572155, 0.03660853952169418, 0.0328628346323967, 0.03688250109553337, 0.03202788904309273, 0.031597819179296494, 0.03177420422434807, 0.027850890532135963, 0.03514426201581955, 0.0327741764485836, 0.03626377880573273, 0.03700357303023338];[-0.8261992931365967, -0.8512160181999207, -0.8105001449584961, -0.8287215232849121, -0.8161171078681946, -0.8348324298858643, -0.8286042213439941, -0.8233492374420166, -0.8279751539230347, -0.8223189115524292, -0.8143946528434753, -0.843239426612854, -0.8283155560493469, -0.8262937664985657, -0.8174006938934326, -0.8316833972930908, -0.8386397361755371, -0.8290643095970154, -0.8234098553657532, -0.8136164546012878, -0.8341932892799377, -0.8170561194419861, -0.8308383226394653, -0.8225082159042358, -0.8132869601249695, -0.8167070746421814, -0.8073548674583435, -0.8311687707901001, -0.8204612135887146, -0.8269724249839783, -0.8438388705253601];[0.023670386523008347, 0.022609492763876915, 0.022949611768126488, 0.02587146684527397, 0.019666114822030067, 0.0188842061907053, 0.027807313948869705, 0.021598514169454575, 0.019259940832853317, 0.025946272537112236, 0.023596880957484245, 0.017098143696784973, 0.025232885032892227, 0.04073605313897133, 0.018055595457553864, 0.0206797793507576, 0.025089701637625694, 0.023197302594780922, 0.020987356081604958, 0.020331580191850662, 0.02353348210453987, 0.01930280402302742, 0.0180294681340456, 0.020735308527946472, 0.018463850021362305, 0.021262509748339653, 0.029219975695014, 0.020226698368787766, 0.022085852921009064, 0.02733404003083706]
4600;[0.7703679800033569, 0.7766078114509583, 0.7772318124771118, 0.7730966806411743, 0.7749501466751099, 0.7690574526786804, 0.7701395153999329, 0.7685093879699707, 0.7721053957939148, 0.7674526572227478, 0.7744872570037842, 0.7711809873580933, 0.7771641612052917, 0.7677146196365356, 0.7663227319717407, 0.7702668905258179, 0.7660666108131409, 0.7729122042655945, 0.7699403166770935, 0.7731057405471802, 0.7729830741882324, 0.7670626640319824, 0.7734977602958679, 0.7670598030090332, 0.7717788219451904, 0.7720941305160522, 0.7784039974212646, 0.7662349939346313, 0.7768903970718384, 0.7730495929718018, 0.7798157930374146];[0.032315317541360855, 0.04024676978588104, 0.038919806480407715, 0.03615131229162216, 0.03821687027812004, 0.0346447229385376, 0.0334392674267292, 0.03375009819865227, 0.032400015741586685, 0.030199680477380753, 0.03320532292127609, 0.034093454480171204, 0.03838686645030975, 0.030381178483366966, 0.028700726106762886, 0.03133384883403778, 0.03058970719575882, 0.03495218604803085, 0.03216870501637459, 0.03386294096708298, 0.03332266956567764, 0.030954761430621147, 0.034001417458057404, 0.03164627030491829, 0.032972197979688644, 0.033575162291526794, 0.03629807010293007, 0.030220650136470795, 0.036422617733478546, 0.034023504704236984, 0.03867759183049202];[-0.8186097741127014, -0.8455803990364075, -0.8386795520782471, -0.8353500962257385, -0.835099458694458, -0.8250106573104858, -0.8247936367988586, -0.8224160671234131, -0.8171589374542236, -0.813971996307373, -0.8199312090873718, -0.8329935073852539, -0.8369995951652527, -0.8132476806640625, -0.8083377480506897, -0.8184516429901123, -0.812283456325531, -0.826217532157898, -0.8220599293708801, -0.8233298659324646, -0.8221374750137329, -0.8160881996154785, -0.8219215869903564, -0.8181570768356323, -0.8282203078269958, -0.8301486372947693, -0.836678683757782, -0.814481258392334, -0.83232182264328, -0.82541424036026, -0.837348997592926];[0.021030955016613007, 0.019296035170555115, 0.02409650944173336, 0.027450378984212875, 0.019718904048204422, 0.020955998450517654, 0.021349648013710976, 0.020306741818785667, 0.020568937063217163, 0.02987547218799591, 0.019473792985081673, 0.027280528098344803, 0.026186097413301468, 0.0375114269554615, 0.021844005212187767, 0.028126832097768784, 0.02532290853559971, 0.025006262585520744, 0.019190095365047455, 0.024091532453894615, 0.02341240830719471, 0.019687332212924957, 0.018151676282286644, 0.025975339114665985, 0.02613580971956253, 0.021019872277975082, 0.022747166454792023, 0.022450653836131096, 0.02872852049767971, 0.02546996995806694]
4650;[0.7690682411193848, 0.7745974659919739, 0.7702887058258057, 0.7782875299453735, 0.7821316123008728, 0.7744492888450623, 0.7801975011825562, 0.7745157480239868, 0.7864435315132141, 0.7830607891082764, 0.7795899510383606, 0.7833806276321411, 0.7714413404464722, 0.7736363410949707, 0.7734920382499695, 0.7797951698303223, 0.7773469090461731, 0.7797808647155762, 0.7710159420967102, 0.7761029005050659, 0.7746782302856445, 0.7846443057060242, 0.7765357494354248, 0.7727501392364502, 0.7780126333236694, 0.777799665927887, 0.7751778364181519, 0.7825826406478882, 0.7783676385879517, 0.7813566327095032, 0.7873530983924866];[0.03358170762658119, 0.03613074868917465, 0.033556096255779266, 0.04222232848405838, 0.04482366889715195, 0.035338468849658966, 0.041053321212530136, 0.0390295684337616, 0.04399130120873451, 0.044148389250040054, 0.04353555291891098, 0.04351776838302612, 0.0366983562707901, 0.03788192197680473, 0.03515675663948059, 0.040661636739969254, 0.03761240467429161, 0.043476130813360214, 0.037035416811704636, 0.03966150060296059, 0.03740132600069046, 0.04326825216412544, 0.040475379675626755, 0.03650292009115219, 0.04139184206724167, 0.040081609040498734, 0.03813907131552696, 0.04763275757431984, 0.04282153770327568, 0.04427376016974449, 0.04854398965835571];[-0.8208686709403992, -0.8276462554931641, -0.8249610066413879, -0.8480289578437805, -0.8575791716575623, -0.8227676153182983, -0.846493124961853, -0.8366203904151917, -0.8644486665725708, -0.8812136054039001, -0.8474192023277283, -0.8552287817001343, -0.8356737494468689, -0.8333390951156616, -0.8241775035858154, -0.8435901403427124, -0.833057165145874, -0.8510540723800659, -0.8301297426223755, -0.8411099314689636, -0.8385169506072998, -0.8452356457710266, -0.8445812463760376, -0.8301864266395569, -0.8527997732162476, -0.8420132994651794, -0.8435372114181519, -0.8808185458183289, -0.8541337847709656, -0.8560054302215576, -0.8807873725891113];[0.022351427003741264, 0.01739303395152092, 0.023585574701428413, 0.01944151520729065, 0.020598512142896652, 0.029358668252825737, 0.022449634969234467, 0.02214997634291649, 0.0254775770008564, 0.026676718145608902, 0.029767697677016258, 0.021908042952418327, 0.024757487699389458, 0.02165801078081131, 0.02413560077548027, 0.02752126194536686, 0.034290775656700134, 0.02241373062133789, 0.02110333740711212, 0.015541765838861465, 0.027016380801796913, 0.02228233590722084, 0.020798496901988983, 0.027564313262701035, 0.02344002015888691, 0.021187812089920044, 0.04193082079291344, 0.025513218715786934, 0.023550428450107574, 0.018948998302221298]
4700;[0.7789782881736755, 0.7680053114891052, 0.7597758769989014, 0.7787107229232788, 0.7714899182319641, 0.7747061252593994, 0.7689005136489868, 0.7746033668518066, 0.7801277041435242, 0.7789409160614014, 0.7727341055870056, 0.7750923037528992, 0.7790371179580688, 0.7730059027671814, 0.7732863426208496, 0.7803242206573486, 0.7752168774604797, 0.7701781988143921, 0.7711323499679565, 0.773809552192688, 0.7744940519332886, 0.7786551117897034, 0.7741200923919678, 0.7779162526130676, 0.7812065482139587, 0.7722492218017578, 0.7847746014595032, 0.7794612050056458, 0.7673143744468689, 0.7681652307510376, 0.7764649391174316];[0.039683349430561066, 0.032080769538879395, 0.026169562712311745, 0.03926520422101021, 0.033663518726825714, 0.035292401909828186, 0.03089703433215618, 0.03200092911720276, 0.0376075804233551, 0.03769099712371826, 0.03582881763577461, 0.03132069855928421, 0.03763432055711746, 0.03464089706540108, 0.030475806444883347, 0.03643592447042465, 0.032370828092098236, 0.030428463593125343, 0.03048255294561386, 0.02956293895840645, 0.03169805556535721, 0.03410450369119644, 0.031008101999759674, 0.030287116765975952, 0.033395130187273026, 0.028721319511532784, 0.03611765429377556, 0.031072335317730904, 0.02325398288667202, 0.027196917682886124, 0.03172838315367699];[-0.8379944562911987, -0.8167071342468262, -0.8017675280570984, -0.8394944071769714, -0.8228614330291748, -0.8276234865188599, -0.8126344084739685, -0.8206366300582886, -0.8329446911811829, -0.8315166234970093, -0.8286588191986084, -0.8244145512580872, -0.8376425504684448, -0.8273478150367737, -0.8138501048088074, -0.8280065655708313, -0.8196824789047241, -0.8132135272026062, -0.8106071949005127, -0.8111831545829773, -0.8188720345497131, -0.8270207643508911, -0.8147427439689636, -0.8125813007354736, -0.8229776620864868, -0.8082174062728882, -0.8328796029090881, -0.8222020864486694, -0.7923772931098938, -0.8044325709342957, -0.8209721446037292];[0.024838803336024284, 0.025328028947114944, 0.020057305693626404, 0.025890469551086426, 0.02595454268157482, 0.02419508993625641, 0.04567946121096611, 0.02311956323683262, 0.02283596247434616, 0.029311321675777435, 0.022726671770215034, 0.02405448444187641, 0.02174004539847374, 0.021665936335921288, 0.02061409503221512, 0.02861521951854229, 0.02517281472682953, 0.022562721744179726, 0.023573387414216995, 0.026264743879437447, 0.02728671208024025, 0.024387674406170845, 0.02085987664759159, 0.02193714864552021, 0.023137610405683517, 0.015413826331496239, 0.02394445613026619, 0.021993305534124374, 0.021200081333518028, 0.028580915182828903]
4750;[0.7794287800788879, 0.7753120064735413, 0.7683730721473694, 0.7775572538375854, 0.7687758803367615, 0.7652285099029541, 0.7777560949325562, 0.7676748633384705, 0.7717607617378235, 0.7837572693824768, 0.7738911509513855, 0.7704606056213379, 0.7668458223342896, 0.7609637379646301, 0.7646265029907227, 0.7718163728713989, 0.7678536176681519, 0.7660653591156006, 0.7640488147735596, 0.7631441354751587, 0.7597453594207764, 0.7668891549110413, 0.761873185634613, 0.7597020268440247, 0.7649162411689758, 0.7642074227333069, 0.7660421133041382, 0.7657186985015869, 0.758986234664917, 0.7713506817817688, 0.76417076587677];[0.041733283549547195, 0.04032798483967781, 0.03219078853726387, 0.037325844168663025, 0.030795570462942123, 0.02796652726829052, 0.037687767297029495, 0.026410790160298347, 0.03180559352040291, 0.038544878363609314, 0.03153796121478081, 0.02772655338048935, 0.02594047598540783, 0.021536696702241898, 0.023957805708050728, 0.02936314418911934, 0.027420654892921448, 0.024120114743709564, 0.02524537593126297, 0.023501768708229065, 0.02028147131204605, 0.023623954504728317, 0.02053861878812313, 0.0187925323843956, 0.024381743744015694, 0.01894223876297474, 0.024213094264268875, 0.023850606754422188, 0.019308635964989662, 0.02780952677130699, 0.02172226272523403];[-0.8518840670585632, -0.8406957983970642, -0.8184874653816223, -0.8353196382522583, -0.8180823922157288, -0.8072224855422974, -0.8384963274002075, -0.8005716800689697, -0.8169947266578674, -0.8394616842269897, -0.8184220790863037, -0.8105650544166565, -0.7996869683265686, -0.7906396389007568, -0.7933922410011292, -0.8095231652259827, -0.8014416098594666, -0.7966747283935547, -0.7986553907394409, -0.793878972530365, -0.786124050617218, -0.7964204549789429, -0.7836111783981323, -0.7809346914291382, -0.7950263619422913, -0.7901294231414795, -0.7970174551010132, -0.79534912109375, -0.7811636328697205, -0.8100613355636597, -0.7894728779792786];[0.0205059926956892, 0.0199766643345356, 0.021211985498666763, 0.024950075894594193, 0.02423849329352379, 0.024105122312903404, 0.024551719427108765, 0.025491837412118912, 0.02201765775680542, 0.017866959795355797, 0.018907960504293442, 0.023630987852811813, 0.020158013328909874, 0.024830009788274765, 0.03797464445233345, 0.01920698955655098, 0.02414119988679886, 0.0260867141187191, 0.020395884290337563, 0.018803143873810768, 0.01987549103796482, 0.023525677621364594, 0.021986015141010284, 0.021047478541731834, 0.02275746501982212, 0.02071831375360489, 0.01979517564177513, 0.02663615718483925, 0.018643788993358612, 0.024506397545337677]
4800;[0.7742926478385925, 0.7697377800941467, 0.775077223777771, 0.7750435471534729, 0.7742521166801453, 0.770494818687439, 0.7642918229103088, 0.7693482637405396, 0.7754773497581482, 0.775629997253418, 0.7795429825782776, 0.7764441967010498, 0.7699949145317078, 0.7731361985206604, 0.7730558514595032, 0.7686428427696228, 0.7719480991363525, 0.7790071964263916, 0.786840558052063, 0.7827008962631226, 0.7743546962738037, 0.779914140701294, 0.7751379013061523, 0.7778584361076355, 0.7819433808326721, 0.7737043499946594, 0.7825626730918884, 0.7787863612174988, 0.7910808324813843, 0.7844645380973816, 0.7811346054077148];[0.03619750961661339, 0.03287450969219208, 0.03745303675532341, 0.036823853850364685, 0.03415337949991226, 0.03280031308531761, 0.028390854597091675, 0.03232278302311897, 0.036401957273483276, 0.03625623136758804, 0.03791220486164093, 0.03569411113858223, 0.03388938680291176, 0.03359953686594963, 0.03527045622467995, 0.030489545315504074, 0.037563905119895935, 0.03695566579699516, 0.042739082127809525, 0.03982033208012581, 0.03362021967768669, 0.03713491931557655, 0.03332976624369621, 0.03837449476122856, 0.036375727504491806, 0.034200914204120636, 0.0383383184671402, 0.037409473210573196, 0.04654177650809288, 0.04380207136273384, 0.037544842809438705];[-0.8328568935394287, -0.824257493019104, -0.8322752714157104, -0.8322043418884277, -0.8225526809692383, -0.8196185231208801, -0.8054819107055664, -0.8165667653083801, -0.8288370966911316, -0.8288770914077759, -0.844218373298645, -0.8287897706031799, -0.8242497444152832, -0.8208593726158142, -0.8269351720809937, -0.8131475448608398, -0.8311161398887634, -0.8348777294158936, -0.8605648875236511, -0.8440403342247009, -0.8219075798988342, -0.8366983532905579, -0.8388152122497559, -0.8351152539253235, -0.8328870534896851, -0.8215935826301575, -0.8377543091773987, -0.8340139985084534, -0.8701236248016357, -0.8498783111572266, -0.8369596004486084];[0.02576328068971634, 0.027391348034143448, 0.02052105963230133, 0.022691581398248672, 0.020086131989955902, 0.016552556306123734, 0.023018084466457367, 0.020023740828037262, 0.021531736478209496, 0.020098207518458366, 0.025232233107089996, 0.021327266469597816, 0.020793113857507706, 0.02305658534169197, 0.029989609494805336, 0.022116797044873238, 0.027092155069112778, 0.0266079343855381, 0.038096632808446884, 0.023965872824192047, 0.021823005750775337, 0.023256931453943253, 0.02018798142671585, 0.023196525871753693, 0.02993708662688732, 0.022100739181041718, 0.025961924344301224, 0.01920674368739128, 0.026176849380135536, 0.02838881127536297]
4850;[0.7771209478378296, 0.7763162851333618, 0.7751538753509521, 0.7667633295059204, 0.7716031670570374, 0.7854222059249878, 0.7771642208099365, 0.7752496004104614, 0.7921690940856934, 0.7727311849594116, 0.7712525725364685, 0.7846103310585022, 0.767238438129425, 0.7753415107727051, 0.790337324142456, 0.7822460532188416, 0.7943134903907776, 0.785286545753479, 0.7882125377655029, 0.7827280759811401, 0.7922840714454651, 0.7900457382202148, 0.790883481502533, 0.7836317420005798, 0.7950863838195801, 0.7930744886398315, 0.7970818877220154, 0.7890693545341492, 0.7913879156112671, 0.7909780740737915, 0.7876076698303223];[0.03999890014529228, 0.0388161726295948, 0.035680558532476425, 0.032667286694049835, 0.0346490740776062, 0.044122114777565, 0.03785265237092972, 0.035629745572805405, 0.051433466374874115, 0.035825420171022415, 0.03363914415240288, 0.04377857595682144, 0.03440279886126518, 0.039501555263996124, 0.04883592948317528, 0.04230201616883278, 0.05162519961595535, 0.04898817837238312, 0.04624543711543083, 0.04346923157572746, 0.05006134510040283, 0.04816301167011261, 0.04987543076276779, 0.04553176835179329, 0.05352599918842316, 0.0501672737300396, 0.05418158695101738, 0.04627879336476326, 0.04778759181499481, 0.04861752316355705, 0.0476260781288147];[-0.8417781591415405, -0.8354899287223816, -0.8268923163414001, -0.8172409534454346, -0.8252671360969543, -0.868665337562561, -0.8343303203582764, -0.827720046043396, -0.886832058429718, -0.8307867646217346, -0.8237189650535583, -0.8505930304527283, -0.8223016858100891, -0.8372012376785278, -0.8677070140838623, -0.8461246490478516, -0.8804212212562561, -0.8720729947090149, -0.8621746897697449, -0.8542934060096741, -0.8754422664642334, -0.8647823929786682, -0.8624541163444519, -0.855444073677063, -0.8772536516189575, -0.8743707537651062, -0.8940618634223938, -0.8667231798171997, -0.8594757318496704, -0.8653358221054077, -0.8597780466079712];[0.02169318124651909, 0.019162435084581375, 0.022628461942076683, 0.021825868636369705, 0.022577552124857903, 0.0217989981174469, 0.02637261152267456, 0.024764738976955414, 0.022403404116630554, 0.019706623628735542, 0.025247063487768173, 0.01945211924612522, 0.025670312345027924, 0.02861001342535019, 0.02513226866722107, 0.02288898080587387, 0.03591790795326233, 0.02097437158226967, 0.024012506008148193, 0.020196475088596344, 0.022679312154650688, 0.023961815983057022, 0.02489457279443741, 0.027300836518406868, 0.02481415681540966, 0.02128547430038452, 0.01867496781051159, 0.02411476895213127, 0.021731769666075706, 0.021866517141461372]
4900;[0.7751725316047668, 0.7769790291786194, 0.7735052704811096, 0.7705215215682983, 0.7798574566841125, 0.7687926888465881, 0.7770296335220337, 0.769410252571106, 0.7805933952331543, 0.7772364020347595, 0.7726126909255981, 0.7797539234161377, 0.7750712633132935, 0.7758592963218689, 0.7744303941726685, 0.7755119204521179, 0.7808103561401367, 0.7752563953399658, 0.77817302942276, 0.7841464877128601, 0.7809584140777588, 0.7693483829498291, 0.7747557163238525, 0.7802435755729675, 0.7670158743858337, 0.7868356704711914, 0.7707226276397705, 0.7713805437088013, 0.7786097526550293, 0.7779853343963623, 0.7695367336273193];[0.03560052067041397, 0.039735037833452225, 0.03647974878549576, 0.0309720691293478, 0.03713136911392212, 0.030239025130867958, 0.03670068830251694, 0.029420914128422737, 0.038155294954776764, 0.03379179909825325, 0.03125832974910736, 0.03710734844207764, 0.033989399671554565, 0.0323001854121685, 0.03137553110718727, 0.030771391466259956, 0.03574943542480469, 0.033397749066352844, 0.034260693937540054, 0.039390694350004196, 0.0364060178399086, 0.025368191301822662, 0.03136168420314789, 0.033946167677640915, 0.02658536657691002, 0.041540324687957764, 0.02555176243185997, 0.02741636335849762, 0.03204045072197914, 0.033391717821359634, 0.025876112282276154];[-0.8262383341789246, -0.8393917083740234, -0.8275490999221802, -0.8159114718437195, -0.8469038605690002, -0.809637188911438, -0.830403745174408, -0.8091636896133423, -0.8509228229522705, -0.8233345150947571, -0.8188649415969849, -0.8316690921783447, -0.8293442726135254, -0.8192552328109741, -0.8203868269920349, -0.8198575973510742, -0.8270993232727051, -0.8212271928787231, -0.822996199131012, -0.8464378714561462, -0.8300636410713196, -0.8012599349021912, -0.8171981573104858, -0.8249215483665466, -0.8024044036865234, -0.8527336716651917, -0.8025600910186768, -0.8084737062454224, -0.8192801475524902, -0.8226738572120667, -0.8002150654792786];[0.031054852530360222, 0.02742472104728222, 0.025385752320289612, 0.019915379583835602, 0.027530962601304054, 0.021301381289958954, 0.022221319377422333, 0.018360910937190056, 0.03452840819954872, 0.01905730552971363, 0.018163517117500305, 0.020049870014190674, 0.025779444724321365, 0.024786794558167458, 0.037607431411743164, 0.02114206925034523, 0.021490558981895447, 0.02566169574856758, 0.02495984546840191, 0.023753831163048744, 0.025707915425300598, 0.01903373748064041, 0.02504093199968338, 0.02190747670829296, 0.01975478045642376, 0.029466446489095688, 0.021472342312335968, 0.025598755106329918, 0.020029639825224876, 0.024922937154769897]
4950;[0.7709441184997559, 0.772095799446106, 0.774613082408905, 0.7811390161514282, 0.7882131338119507, 0.7739775776863098, 0.7779037356376648, 0.7707173824310303, 0.7728275060653687, 0.7811287641525269, 0.778811514377594, 0.7735196948051453, 0.7833707332611084, 0.782039999961853, 0.784372091293335, 0.7821710109710693, 0.7739168405532837, 0.7792899012565613, 0.7800914645195007, 0.7845794558525085, 0.7865575551986694, 0.7790586948394775, 0.781773567199707, 0.7828569412231445, 0.7843445539474487, 0.7764214873313904, 0.7756045460700989, 0.7868835926055908, 0.781798243522644, 0.7813868522644043, 0.7818759679794312];[0.03529605641961098, 0.03544020280241966, 0.03687785193324089, 0.03952547162771225, 0.04714284464716911, 0.03426074609160423, 0.037938088178634644, 0.03246215730905533, 0.03301726654171944, 0.03973059728741646, 0.03830871358513832, 0.033876948058605194, 0.04141587018966675, 0.03882981091737747, 0.04025094583630562, 0.03745108097791672, 0.029765065759420395, 0.03590426966547966, 0.03395543619990349, 0.03908853232860565, 0.03932303190231323, 0.033886026591062546, 0.03531697764992714, 0.0364602692425251, 0.037605177611112595, 0.030832523480057716, 0.030250532552599907, 0.039472147822380066, 0.03573521226644516, 0.03480416163802147, 0.03498527780175209];[-0.829927384853363, -0.8280565738677979, -0.8316766023635864, -0.8396651744842529, -0.8627418279647827, -0.8261958360671997, -0.8388999700546265, -0.8252021670341492, -0.8207789063453674, -0.8487498164176941, -0.8374537825584412, -0.8192200660705566, -0.8544593453407288, -0.8372547626495361, -0.8453054428100586, -0.8364279270172119, -0.8155535459518433, -0.832992434501648, -0.8257717490196228, -0.8441497087478638, -0.8451696634292603, -0.8228833079338074, -0.8270898461341858, -0.8290916681289673, -0.8372138142585754, -0.8172466158866882, -0.8129311203956604, -0.8366302251815796, -0.8288399577140808, -0.8209391236305237, -0.824569046497345];[0.02797788381576538, 0.030311385169625282, 0.019733093678951263, 0.022150680422782898, 0.024510715156793594, 0.020610261708498, 0.021015651524066925, 0.023209918290376663, 0.023844018578529358, 0.02850458398461342, 0.021728873252868652, 0.02626343071460724, 0.02166670188307762, 0.02341303415596485, 0.022356880828738213, 0.026934856548905373, 0.023743856698274612, 0.021917497739195824, 0.01871192827820778, 0.019716108217835426, 0.023473743349313736, 0.02349727600812912, 0.020778734236955643, 0.021717216819524765, 0.02166609838604927, 0.020818110555410385, 0.02363293245434761, 0.02216680534183979, 0.02078879624605179, 0.024785524234175682]
5000;[0.773542046546936, 0.7672398686408997, 0.7731520533561707, 0.7768722772598267, 0.7739924192428589, 0.770598292350769, 0.7753744125366211, 0.7626416087150574, 0.7715715169906616, 0.7674426436424255, 0.7703031301498413, 0.776706337928772, 0.7728987336158752, 0.7750430107116699, 0.775703489780426, 0.7724183797836304, 0.7667191028594971, 0.7730264663696289, 0.7769911289215088, 0.7670974135398865, 0.7667614817619324, 0.7756273150444031, 0.7670180797576904, 0.7680027484893799, 0.7840672731399536, 0.7687882781028748, 0.7709034085273743, 0.7751306295394897, 0.7682968378067017, 0.7703181505203247, 0.7801004648208618];[0.03643457964062691, 0.033318810164928436, 0.03758023679256439, 0.03749849274754524, 0.03448278829455376, 0.03235738351941109, 0.037289686501026154, 0.02712491899728775, 0.037287406623363495, 0.03151587024331093, 0.03234542906284332, 0.037373363971710205, 0.03480895236134529, 0.03450218215584755, 0.03938433900475502, 0.03448661044239998, 0.03056294657289982, 0.03517778217792511, 0.03794387727975845, 0.030585411936044693, 0.030817996710538864, 0.036494769155979156, 0.02989504113793373, 0.03159133344888687, 0.042912039905786514, 0.03070600889623165, 0.03246525675058365, 0.03838738799095154, 0.031230831518769264, 0.0311894491314888, 0.04113977402448654];[-0.8297635316848755, -0.8184186220169067, -0.8315141797065735, -0.8299780488014221, -0.8236126899719238, -0.8159657120704651, -0.8457094430923462, -0.8029341101646423, -0.829554557800293, -0.8172534704208374, -0.8185651898384094, -0.8345053791999817, -0.8313897848129272, -0.8247165679931641, -0.8359078168869019, -0.8242432475090027, -0.8118759393692017, -0.8318833112716675, -0.8393456935882568, -0.8157177567481995, -0.8166484832763672, -0.8365668654441833, -0.8129051327705383, -0.8167297840118408, -0.8493016362190247, -0.81387859582901, -0.8254838585853577, -0.8351776003837585, -0.8121253848075867, -0.8133655190467834, -0.8445823192596436];[0.02211427316069603, 0.019425326958298683, 0.02415929175913334, 0.02710706740617752, 0.021841570734977722, 0.02769913151860237, 0.026177698746323586, 0.02924967184662819, 0.022828659042716026, 0.02410360984504223, 0.025739386677742004, 0.022422218695282936, 0.020498214289546013, 0.025545869022607803, 0.027511438354849815, 0.02481321059167385, 0.01914980635046959, 0.024253493174910545, 0.019544897601008415, 0.025121627375483513, 0.023380212485790253, 0.0201555322855711, 0.01721733808517456, 0.022089339792728424, 0.020465312525629997, 0.024741562083363533, 0.019433464854955673, 0.027655642479658127, 0.030645376071333885, 0.02074442058801651]
