Seed;RMSE History;MMD History;Log-Likelihood History;Max EIG History;Deployment Time
50;[0.7821969985961914, 0.7843334674835205, 0.7772707939147949, 0.7731817364692688, 0.7752125263214111, 0.7741483449935913, 0.7752776741981506, 0.773479163646698, 0.7789842486381531, 0.7756057381629944, 0.7683376669883728, 0.765346884727478, 0.7717514634132385, 0.7734073400497437, 0.7699618339538574, 0.7703896760940552, 0.7782209515571594, 0.7834603190422058, 0.7770938277244568, 0.7852962613105774, 0.7745711207389832, 0.7798462510108948, 0.7762028574943542, 0.7793466448783875, 0.7727124691009521, 0.7773751616477966, 0.7765096426010132, 0.7811160683631897, 0.7852086424827576, 0.7776035070419312, 0.779019832611084];[0.04275934398174286, 0.0437077172100544, 0.03728911280632019, 0.03587953746318817, 0.03918414190411568, 0.03644289821386337, 0.03694195672869682, 0.035695333033800125, 0.040361031889915466, 0.03611498698592186, 0.030182812362909317, 0.028491776436567307, 0.033354852348566055, 0.03363852947950363, 0.029808010905981064, 0.03321051225066185, 0.036816053092479706, 0.042912643402814865, 0.03776908293366432, 0.04166995361447334, 0.03594667837023735, 0.03800312057137489, 0.03865162655711174, 0.03899822756648064, 0.03223571553826332, 0.03779389709234238, 0.04028920829296112, 0.037344906479120255, 0.04224499687552452, 0.037883494049310684, 0.03830111399292946];[-0.8513761162757874, -0.8657854199409485, -0.8341424465179443, -0.8284561038017273, -0.8418329358100891, -0.8327186107635498, -0.8308100700378418, -0.8282741904258728, -0.840770423412323, -0.8263586163520813, -0.8127956390380859, -0.8087570667266846, -0.8228704929351807, -0.8234978914260864, -0.8135796189308167, -0.8293079733848572, -0.8433046340942383, -0.8526306748390198, -0.8336831331253052, -0.8455635905265808, -0.8253751397132874, -0.8430536389350891, -0.835419774055481, -0.8336285352706909, -0.8146263957023621, -0.8331202268600464, -0.8414885997772217, -0.8334739804267883, -0.851718544960022, -0.8422684073448181, -0.8341606259346008];[0.021408801898360252, 0.024173181504011154, 0.02594289928674698, 0.02793452888727188, 0.02257000282406807, 0.018638931214809418, 0.029422283172607422, 0.021522928029298782, 0.024274300783872604, 0.019840389490127563, 0.02200179174542427, 0.021537769585847855, 0.030876729637384415, 0.03521500155329704, 0.022458506748080254, 0.027210699394345284, 0.0200808048248291, 0.023785488680005074, 0.026178428903222084, 0.01904037967324257, 0.030314898118376732, 0.024304935708642006, 0.031035495921969414, 0.02234755828976631, 0.0243441890925169, 0.03152395039796829, 0.022513166069984436, 0.019742870703339577, 0.018047727644443512, 0.023653116077184677];2160.8927109241486
100;[0.7740078568458557, 0.7717134952545166, 0.7738715410232544, 0.7738237380981445, 0.7731996178627014, 0.777128279209137, 0.7739633917808533, 0.7758529782295227, 0.7740041613578796, 0.7710760235786438, 0.7771599888801575, 0.7740247845649719, 0.7747932076454163, 0.7733479142189026, 0.7736063003540039, 0.7818355560302734, 0.773281991481781, 0.7719641923904419, 0.7721307277679443, 0.7682641744613647, 0.7710358500480652, 0.7777861952781677, 0.7696358561515808, 0.7795684337615967, 0.7704817056655884, 0.7733635902404785, 0.7757707834243774, 0.7735223174095154, 0.7776904702186584, 0.7780900597572327, 0.7712556719779968];[0.03575695678591728, 0.03479069098830223, 0.03425450995564461, 0.03819001466035843, 0.03514391928911209, 0.036215562373399734, 0.0326014943420887, 0.03267880901694298, 0.030677102506160736, 0.030825497582554817, 0.031077757477760315, 0.029643524438142776, 0.029165633022785187, 0.031117429956793785, 0.030001243576407433, 0.03878000006079674, 0.029674753546714783, 0.027126770466566086, 0.02753264270722866, 0.029291516169905663, 0.02715182676911354, 0.03172225505113602, 0.02629782259464264, 0.030495334416627884, 0.029527857899665833, 0.027841297909617424, 0.030442548915743828, 0.03168269246816635, 0.031658049672842026, 0.033046506345272064, 0.027792060747742653];[-0.8250949382781982, -0.8239901661872864, -0.8246749043464661, -0.8313061594963074, -0.8325609564781189, -0.8369787335395813, -0.8201912045478821, -0.8215492367744446, -0.8166621327400208, -0.8173957467079163, -0.8343763947486877, -0.8125108480453491, -0.8146737217903137, -0.8186524510383606, -0.8123481273651123, -0.8365586400032043, -0.8145930171012878, -0.8087087869644165, -0.8054349422454834, -0.8084521889686584, -0.8029399514198303, -0.8159124851226807, -0.8043611645698547, -0.925618588924408, -0.8114455938339233, -0.8123055696487427, -0.8141757249832153, -0.8172817826271057, -0.8209264874458313, -0.819710910320282, -0.8108595609664917];[0.025728534907102585, 0.029377896338701248, 0.023352183401584625, 0.021635059267282486, 0.021220482885837555, 0.03148087114095688, 0.02011070027947426, 0.019435521215200424, 0.026698466390371323, 0.024497270584106445, 0.025365909561514854, 0.02337128482758999, 0.026346910744905472, 0.020569801330566406, 0.018516303971409798, 0.014366953633725643, 0.021971644833683968, 0.023646583780646324, 0.020146101713180542, 0.02553291991353035, 0.025276940315961838, 0.0230972059071064, 0.02016565203666687, 0.022412311285734177, 0.022508563473820686, 0.025128576904535294, 0.02203267440199852, 0.022843969985842705, 0.0221125315874815, 0.025420336052775383];2193.0419704914093
150;[0.7738230228424072, 0.7712631821632385, 0.7703881859779358, 0.7738580703735352, 0.7700089812278748, 0.7757563591003418, 0.7769016623497009, 0.7837762236595154, 0.7638012766838074, 0.7814128398895264, 0.7692397236824036, 0.7729440331459045, 0.7760416865348816, 0.7768725752830505, 0.7764803171157837, 0.7628164887428284, 0.7791560888290405, 0.7821221947669983, 0.7669035792350769, 0.7668266892433167, 0.7761749029159546, 0.7700096368789673, 0.7711527943611145, 0.772226095199585, 0.7659173011779785, 0.7791269421577454, 0.776193380355835, 0.7670829892158508, 0.7772300839424133, 0.7693701386451721, 0.7770790457725525];[0.0353887565433979, 0.03240935504436493, 0.03422165662050247, 0.0359114333987236, 0.035216931253671646, 0.036775097250938416, 0.039483435451984406, 0.04352346807718277, 0.028329547494649887, 0.04260721430182457, 0.031399697065353394, 0.03694271668791771, 0.03712092712521553, 0.037052273750305176, 0.03599562123417854, 0.02584170363843441, 0.038947075605392456, 0.03680584207177162, 0.0300767719745636, 0.028599809855222702, 0.03197740763425827, 0.02910052053630352, 0.030071159824728966, 0.031363051384687424, 0.028001202270388603, 0.03660868480801582, 0.03345510736107826, 0.02878725156188011, 0.03528608754277229, 0.032730042934417725, 0.03481629863381386];[-0.8276398181915283, -0.8185593485832214, -0.8232098817825317, -0.829206645488739, -0.8312548995018005, -0.8395693898200989, -0.8386107087135315, -0.8559693694114685, -0.8073972463607788, -0.8462148904800415, -0.8173847794532776, -0.8310495615005493, -0.8361026644706726, -0.8346536159515381, -0.8336182832717896, -0.7978211045265198, -0.8354593515396118, -0.8686228394508362, -0.8167833685874939, -0.8080252408981323, -0.8193312287330627, -0.8099430203437805, -0.8100008368492126, -0.8234732151031494, -0.8056048154830933, -0.8402811884880066, -0.824569821357727, -0.8115713596343994, -0.8291676044464111, -0.8204121589660645, -0.8281910419464111];[0.021650508046150208, 0.025035766884684563, 0.02398510091006756, 0.02622899040579796, 0.022165510803461075, 0.02012932300567627, 0.022700894623994827, 0.020575929433107376, 0.022790802642703056, 0.02041279710829258, 0.027010440826416016, 0.0274550449103117, 0.022345926612615585, 0.027759870514273643, 0.025999855250120163, 0.023863879963755608, 0.02631247788667679, 0.023634953424334526, 0.02466321364045143, 0.024012988433241844, 0.02211824432015419, 0.022680262103676796, 0.023624302819371223, 0.02701972797513008, 0.02686440944671631, 0.019615430384874344, 0.02139592170715332, 0.026686206459999084, 0.023469794541597366, 0.024383198469877243];2216.7247231006622
200;[0.7712486386299133, 0.7672715187072754, 0.7790004014968872, 0.7731307148933411, 0.7810935378074646, 0.7746372818946838, 0.7845419645309448, 0.7739123702049255, 0.7753868699073792, 0.777016818523407, 0.7789149284362793, 0.768525242805481, 0.7683151960372925, 0.7788024544715881, 0.776758074760437, 0.7784069180488586, 0.7838032841682434, 0.7816779017448425, 0.7816362380981445, 0.7885351777076721, 0.7825059294700623, 0.7793222665786743, 0.7829999923706055, 0.7891665101051331, 0.7729384899139404, 0.7840045094490051, 0.7791707515716553, 0.787447988986969, 0.7797430753707886, 0.7803767323493958, 0.7825061082839966];[0.03644751384854317, 0.031832460314035416, 0.038563892245292664, 0.03677373379468918, 0.03954938054084778, 0.03702257201075554, 0.044063545763492584, 0.03488843888044357, 0.03924829140305519, 0.042153000831604004, 0.043347083032131195, 0.03187866508960724, 0.035583410412073135, 0.04045256972312927, 0.04163828864693642, 0.03961038962006569, 0.045552514493465424, 0.04256768897175789, 0.042391300201416016, 0.04687585309147835, 0.044613856822252274, 0.041234374046325684, 0.047347672283649445, 0.048648133873939514, 0.0375550203025341, 0.04547278210520744, 0.03889113664627075, 0.04652760177850723, 0.041586704552173615, 0.04081778600811958, 0.04332200065255165];[-0.8304311633110046, -0.8156700730323792, -0.8378599882125854, -0.8291760683059692, -0.845711350440979, -0.8298951387405396, -0.8607964515686035, -0.8256014585494995, -0.8377794623374939, -0.8497191667556763, -0.8555887937545776, -0.8160625100135803, -0.8245705962181091, -0.8499754667282104, -0.8465944528579712, -0.8441267013549805, -0.8575105667114258, -0.8508999347686768, -0.848919153213501, -0.8661567568778992, -0.8547607660293579, -0.8478788137435913, -0.8651695847511292, -0.8655375838279724, -0.8332927227020264, -0.8611082434654236, -0.8365821242332458, -0.864693820476532, -0.8458107113838196, -0.84129798412323, -0.8524205684661865];[0.02319033443927765, 0.022734560072422028, 0.024120766669511795, 0.02207641676068306, 0.025733759626746178, 0.023228183388710022, 0.027985593304038048, 0.025809448212385178, 0.027510900050401688, 0.021408744156360626, 0.02703588455915451, 0.02927244082093239, 0.02159847877919674, 0.022844888269901276, 0.02522641234099865, 0.029622098430991173, 0.023633403703570366, 0.0194768738001585, 0.02560511603951454, 0.02397623099386692, 0.03305531293153763, 0.021022193133831024, 0.021304553374648094, 0.02201726660132408, 0.025260716676712036, 0.02053784765303135, 0.02032289281487465, 0.026865042746067047, 0.02090485580265522, 0.026202546432614326];2216.8116233348846
250;[0.7790236473083496, 0.7717311978340149, 0.7741526961326599, 0.7814909815788269, 0.7811170816421509, 0.7749075889587402, 0.7756640911102295, 0.7680577635765076, 0.7725993990898132, 0.7779468894004822, 0.762095034122467, 0.7721368074417114, 0.778875470161438, 0.7630985379219055, 0.768945574760437, 0.7672417163848877, 0.7614989280700684, 0.7736092209815979, 0.7685312032699585, 0.7663444876670837, 0.7628453373908997, 0.7794626355171204, 0.7771199941635132, 0.761279821395874, 0.766990602016449, 0.7669969201087952, 0.7597836852073669, 0.7659338116645813, 0.766923189163208, 0.7688830494880676, 0.7621079087257385];[0.04095490276813507, 0.03838421404361725, 0.03466976806521416, 0.04517335444688797, 0.042351432144641876, 0.037150125950574875, 0.03302354738116264, 0.03158440813422203, 0.03313016891479492, 0.03848743438720703, 0.027515247464179993, 0.034514524042606354, 0.04074516519904137, 0.027420926839113235, 0.03319167345762253, 0.03195193409919739, 0.02527761645615101, 0.03598613291978836, 0.030947528779506683, 0.02954755537211895, 0.02726105973124504, 0.039140116423368454, 0.035960420966148376, 0.02573557011783123, 0.03106383979320526, 0.028260868042707443, 0.024487486109137535, 0.02709021419286728, 0.030027788132429123, 0.03176209703087807, 0.027113936841487885];[-0.8494722843170166, -0.8394407629966736, -0.8237404823303223, -0.8571084141731262, -0.8791910409927368, -0.8319495916366577, -0.8293758034706116, -0.8160768747329712, -0.817394495010376, -0.855269193649292, -0.8051396012306213, -0.8248793482780457, -0.8479390144348145, -0.8029773831367493, -0.819147527217865, -0.8186125755310059, -0.8015727996826172, -0.8335250020027161, -0.817308247089386, -0.8104145526885986, -0.8054824471473694, -0.8379995226860046, -0.832902193069458, -0.7989736199378967, -0.8119138479232788, -0.8079050183296204, -0.7960710525512695, -0.8063812851905823, -0.8140848278999329, -0.8175945281982422, -0.8031901121139526];[0.023616217076778412, 0.020444009453058243, 0.040308352559804916, 0.023755822330713272, 0.028401730582118034, 0.02290523052215576, 0.02265617623925209, 0.025704609230160713, 0.02280479669570923, 0.02295716665685177, 0.027227094396948814, 0.023829247802495956, 0.023281743749976158, 0.020180128514766693, 0.025966977700591087, 0.018710097298026085, 0.02079077996313572, 0.022950345650315285, 0.02175506204366684, 0.020411759614944458, 0.024643974378705025, 0.027222195640206337, 0.02778560295701027, 0.02796616591513157, 0.01997213065624237, 0.02776782587170601, 0.022060120478272438, 0.026537559926509857, 0.023172933608293533, 0.02556215040385723];2100.5117542743683
300;[0.7677474617958069, 0.7644790410995483, 0.7773101925849915, 0.7727163434028625, 0.7808287739753723, 0.779349148273468, 0.7745847702026367, 0.7781855463981628, 0.7730879187583923, 0.7837251424789429, 0.775554895401001, 0.7811149954795837, 0.7878355383872986, 0.7814413905143738, 0.7785311341285706, 0.7723053097724915, 0.7729490399360657, 0.7776284217834473, 0.7719501256942749, 0.7707759737968445, 0.777024507522583, 0.7691020369529724, 0.7724384665489197, 0.771328866481781, 0.7757768034934998, 0.7758252024650574, 0.7772144675254822, 0.77298504114151, 0.7726264595985413, 0.7689657211303711, 0.7758780121803284];[0.03291848674416542, 0.026349613443017006, 0.03692450001835823, 0.03136860951781273, 0.03900599107146263, 0.036892134696245193, 0.03321732580661774, 0.035808298736810684, 0.03198723495006561, 0.037872448563575745, 0.03313867002725601, 0.038797348737716675, 0.03898966684937477, 0.034475699067115784, 0.03507726639509201, 0.029874056577682495, 0.030006347224116325, 0.03339773416519165, 0.026395583525300026, 0.02937859296798706, 0.03638380393385887, 0.02703741006553173, 0.030707435682415962, 0.03113701567053795, 0.03117746114730835, 0.03378225490450859, 0.03238469734787941, 0.03280669450759888, 0.0297605749219656, 0.024430101737380028, 0.02902647852897644];[-0.821944534778595, -0.8025928735733032, -0.8337497711181641, -0.8166232705116272, -0.8375673294067383, -0.8356376886367798, -0.8203651905059814, -0.8403831720352173, -0.8188548684120178, -0.8323423266410828, -0.8208644986152649, -0.8387711644172668, -0.8647684454917908, -0.8256130218505859, -0.825518786907196, -0.8105911016464233, -0.8157750368118286, -0.8303086757659912, -0.8030884265899658, -0.8105928897857666, -0.8304387331008911, -0.8052552342414856, -0.8121638894081116, -0.8169151544570923, -0.8146158456802368, -0.8202359676361084, -0.8208033442497253, -0.8202123045921326, -0.8078118562698364, -0.7961696982383728, -0.8173761367797852];[0.022548051550984383, 0.024379588663578033, 0.025188954547047615, 0.02738107368350029, 0.02826821431517601, 0.024362897500395775, 0.018953174352645874, 0.03181010112166405, 0.020983781665563583, 0.02096475288271904, 0.024601183831691742, 0.03638552129268646, 0.021998979151248932, 0.02384890243411064, 0.024546895176172256, 0.02647366002202034, 0.023349883034825325, 0.018702253699302673, 0.019745517522096634, 0.023692138493061066, 0.025392994284629822, 0.02094200998544693, 0.034009598195552826, 0.026631753891706467, 0.021031474694609642, 0.02571507729589939, 0.023936305195093155, 0.021636085584759712, 0.02624529041349888, 0.031003713607788086];2237.0961644649506
350;[0.7704355716705322, 0.7679577469825745, 0.7726355195045471, 0.777050256729126, 0.7715092301368713, 0.7784013748168945, 0.7763844132423401, 0.7806048393249512, 0.772097647190094, 0.7817407846450806, 0.7743104100227356, 0.7775902152061462, 0.7640098929405212, 0.7821289300918579, 0.7830919623374939, 0.7871308922767639, 0.7738395929336548, 0.7784295678138733, 0.7858859300613403, 0.7777144908905029, 0.772724449634552, 0.7812829613685608, 0.7726227641105652, 0.7802181243896484, 0.7732271552085876, 0.7711560130119324, 0.783812940120697, 0.7834734320640564, 0.7808085680007935, 0.7794651389122009, 0.7780159115791321];[0.03398638591170311, 0.0315534807741642, 0.03663386031985283, 0.03770418465137482, 0.03264372795820236, 0.0402669832110405, 0.03667212650179863, 0.03889987990260124, 0.03417380154132843, 0.03883471339941025, 0.03181169554591179, 0.03519369289278984, 0.02717725746333599, 0.04011601209640503, 0.03917136788368225, 0.044037967920303345, 0.030675651505589485, 0.035243093967437744, 0.040067486464977264, 0.03556492552161217, 0.03056735172867775, 0.03823644295334816, 0.03248831629753113, 0.039804067462682724, 0.03305026516318321, 0.028103351593017578, 0.03934970870614052, 0.041745662689208984, 0.03860308974981308, 0.04023102670907974, 0.035801757127046585];[-0.8258494138717651, -0.81498783826828, -0.8316214680671692, -0.8326786756515503, -0.8161473274230957, -0.8411717414855957, -0.8398306369781494, -0.8405110239982605, -0.8231502175331116, -0.8392921686172485, -0.8177047967910767, -0.8257834911346436, -0.8026198148727417, -0.8406237959861755, -0.8394507169723511, -0.8531535267829895, -0.8137179017066956, -0.8377381563186646, -0.846227765083313, -0.8290745615959167, -0.8116417527198792, -0.8384285569190979, -0.8206082582473755, -0.8451772928237915, -0.821532666683197, -0.8088048696517944, -0.8385041356086731, -0.8484931588172913, -0.8364447951316833, -0.8420825600624084, -0.8262799978256226];[0.023030459880828857, 0.024883486330509186, 0.02039908617734909, 0.02377864345908165, 0.019483081996440887, 0.023420333862304688, 0.023726578801870346, 0.030292104929685593, 0.02162201702594757, 0.02473284676671028, 0.023991603404283524, 0.023839903995394707, 0.026744568720459938, 0.02632642537355423, 0.023642178624868393, 0.021330993622541428, 0.020498348399996758, 0.020191410556435585, 0.02339080348610878, 0.022214055061340332, 0.03010433539748192, 0.028287166729569435, 0.023507043719291687, 0.026072347536683083, 0.02341851219534874, 0.026416337117552757, 0.024150490760803223, 0.02225707843899727, 0.024817757308483124, 0.02190735936164856];2210.7114362716675
400;[0.7718713283538818, 0.7837978601455688, 0.7738677263259888, 0.7756863236427307, 0.7754594087600708, 0.7759456038475037, 0.7785441875457764, 0.7847369313240051, 0.7697373032569885, 0.7816038727760315, 0.7752553224563599, 0.7739202380180359, 0.7734473943710327, 0.7746422290802002, 0.7752852439880371, 0.7795065641403198, 0.7826282978057861, 0.7835605144500732, 0.7783033847808838, 0.7799160480499268, 0.7860153317451477, 0.787004292011261, 0.7841720581054688, 0.7904970645904541, 0.7805257439613342, 0.790325403213501, 0.7866612672805786, 0.7892231941223145, 0.7778513431549072, 0.7821486592292786, 0.7861040830612183];[0.038732193410396576, 0.04232182726264, 0.03406774625182152, 0.03586898371577263, 0.035577934235334396, 0.03447802737355232, 0.036039043217897415, 0.03960385546088219, 0.030722010880708694, 0.038110505789518356, 0.03261622413992882, 0.03267043083906174, 0.03265685588121414, 0.032579950988292694, 0.031025635078549385, 0.03548178821802139, 0.03649037331342697, 0.03931291028857231, 0.0357925221323967, 0.03523537144064903, 0.03856063261628151, 0.036714933812618256, 0.03602903336286545, 0.04086815193295479, 0.03295266628265381, 0.0409533828496933, 0.04017391428351402, 0.03969614580273628, 0.03032325953245163, 0.03364924341440201, 0.03514397516846657];[-0.8386055827140808, -0.8475073575973511, -0.8257898688316345, -0.8313374519348145, -0.8286612629890442, -0.8259013295173645, -0.8325141668319702, -0.8438696265220642, -0.8124317526817322, -0.834818422794342, -0.820649266242981, -0.8193014860153198, -0.8200247287750244, -0.8167350888252258, -0.8136200308799744, -0.8331842422485352, -0.837322473526001, -0.8388846516609192, -0.8276299834251404, -0.8315552473068237, -0.8402075171470642, -0.8355808854103088, -0.834745466709137, -0.8393992781639099, -0.819603681564331, -0.845795214176178, -0.8393453359603882, -0.8373695015907288, -0.8132691383361816, -0.8271374702453613, -0.8248300552368164];[0.024744393303990364, 0.02310875803232193, 0.021941229701042175, 0.02730555646121502, 0.02157433331012726, 0.018389273434877396, 0.02261672355234623, 0.02200377732515335, 0.02301064133644104, 0.024131841957569122, 0.020676668733358383, 0.02576921135187149, 0.021823232993483543, 0.02109345979988575, 0.030028609558939934, 0.030376693233847618, 0.023420773446559906, 0.020111653953790665, 0.020636670291423798, 0.017893746495246887, 0.02434650994837284, 0.02835652604699135, 0.018792597576975822, 0.022791896015405655, 0.020476030185818672, 0.02018427476286888, 0.021697212010622025, 0.02171264961361885, 0.021626880392432213, 0.021560225635766983];2425.1311643123627
450;[0.7701276540756226, 0.767673134803772, 0.7747408151626587, 0.7744289636611938, 0.7730493545532227, 0.7656792402267456, 0.778550922870636, 0.7883742451667786, 0.7820671200752258, 0.7777909636497498, 0.7815613150596619, 0.7767449021339417, 0.781030535697937, 0.7789595723152161, 0.7876270413398743, 0.782234787940979, 0.7791000008583069, 0.7834339737892151, 0.7800151109695435, 0.7791697978973389, 0.7853215932846069, 0.7860715389251709, 0.7802361845970154, 0.782120943069458, 0.7991640567779541, 0.7811400294303894, 0.7955476641654968, 0.7860590219497681, 0.7956959009170532, 0.7805918455123901, 0.7913153767585754];[0.03517783433198929, 0.031645290553569794, 0.036985889077186584, 0.037507064640522, 0.034859903156757355, 0.03126290813088417, 0.04102948680520058, 0.04426844045519829, 0.0430520661175251, 0.03922443091869354, 0.04401225969195366, 0.03708784654736519, 0.03748141601681709, 0.03837966173887253, 0.04526810348033905, 0.0403885692358017, 0.03896559402346611, 0.04311928525567055, 0.03730267286300659, 0.03836647793650627, 0.04201348125934601, 0.04153597354888916, 0.040970444679260254, 0.04200422763824463, 0.05444047600030899, 0.04070451483130455, 0.05257904902100563, 0.04347246140241623, 0.05009615793824196, 0.04115009307861328, 0.04751002416014671];[-0.8249574303627014, -0.8172375559806824, -0.8337507247924805, -0.8355086445808411, -0.8308327198028564, -0.8152864575386047, -0.8430172204971313, -0.8629212975502014, -0.8478938937187195, -0.8487116694450378, -0.8552941083908081, -0.8295230865478516, -0.835026741027832, -0.8346759676933289, -0.8535344004631042, -0.8550904989242554, -0.8334947228431702, -0.8586117029190063, -0.8328227400779724, -0.8372395038604736, -0.8469519019126892, -0.8493303060531616, -0.8444601893424988, -0.8468050360679626, -0.8957462310791016, -0.8561722636222839, -0.879271924495697, -0.8546929955482483, -0.8698733448982239, -0.8438956141471863, -0.8694141507148743];[0.022252686321735382, 0.02441341057419777, 0.02477770484983921, 0.016963370144367218, 0.021571308374404907, 0.023483967408537865, 0.02284899353981018, 0.021061094477772713, 0.017807886004447937, 0.02510770969092846, 0.023601997643709183, 0.022853057831525803, 0.021612418815493584, 0.02659802883863449, 0.01909945160150528, 0.024055857211351395, 0.023257724940776825, 0.018288806080818176, 0.02308514341711998, 0.029000526294112206, 0.02732486091554165, 0.024923017248511314, 0.023748090490698814, 0.01936052367091179, 0.02737816609442234, 0.02471780776977539, 0.022011039778590202, 0.019390076398849487, 0.028299428522586823, 0.02298717387020588];2518.702697277069
500;[0.7742420434951782, 0.7696609497070312, 0.7867462038993835, 0.7755334377288818, 0.7712787985801697, 0.7796909213066101, 0.7781568169593811, 0.7726844549179077, 0.7710326313972473, 0.7699927687644958, 0.7669014930725098, 0.7654435634613037, 0.7704311609268188, 0.777128279209137, 0.7713183164596558, 0.7750555276870728, 0.7808855772018433, 0.7805752158164978, 0.7844417095184326, 0.7694673538208008, 0.7759708166122437, 0.7813971042633057, 0.7766933441162109, 0.7782230973243713, 0.7836714386940002, 0.7887512445449829, 0.7985827922821045, 0.7945177555084229, 0.7967011332511902, 0.7849779725074768, 0.7898069024085999];[0.036258865147829056, 0.03286285325884819, 0.044166382402181625, 0.035581719130277634, 0.03252208232879639, 0.03862820193171501, 0.037869393825531006, 0.034076232463121414, 0.03342976048588753, 0.03290781378746033, 0.030053749680519104, 0.030618689954280853, 0.03352444991469383, 0.03571202605962753, 0.031224876642227173, 0.03461224585771561, 0.03864594176411629, 0.03706575930118561, 0.040768709033727646, 0.030948705971240997, 0.03455221280455589, 0.037743356078863144, 0.034908100962638855, 0.034659262746572495, 0.0391869843006134, 0.044140346348285675, 0.05279663950204849, 0.04926561191678047, 0.050584495067596436, 0.04103878140449524, 0.04367200285196304];[-0.8328738808631897, -0.8230581283569336, -0.8671552538871765, -0.8273288607597351, -0.81754070520401, -0.849925696849823, -0.8343862295150757, -0.8265345096588135, -0.8235012888908386, -0.8210588693618774, -0.8159657716751099, -0.8115050196647644, -0.8228549361228943, -0.8323985934257507, -0.8178085684776306, -0.8226094841957092, -0.8420484066009521, -0.8351261615753174, -0.8453863263130188, -0.8150743842124939, -0.8252484202384949, -0.8362982273101807, -0.82472825050354, -0.8274304866790771, -0.8391621112823486, -0.8506813645362854, -0.884705126285553, -0.8766876459121704, -0.8686830997467041, -0.8437858819961548, -0.8616647720336914];[0.025333791971206665, 0.021148962900042534, 0.030203256756067276, 0.025980280712246895, 0.027863461524248123, 0.019304770976305008, 0.029643015936017036, 0.03710460290312767, 0.02210306189954281, 0.02338283509016037, 0.022876543924212456, 0.01932785101234913, 0.02248327247798443, 0.025547243654727936, 0.022580625489354134, 0.0189481433480978, 0.027981407940387726, 0.02237360179424286, 0.029432345181703568, 0.02322564087808132, 0.020519984886050224, 0.019899539649486542, 0.023638639599084854, 0.020949622616171837, 0.02503422647714615, 0.020966030657291412, 0.019168918952345848, 0.029014185070991516, 0.019671907648444176, 0.023426901549100876];2469.998655319214
550;[0.7799436450004578, 0.7747039794921875, 0.7727667689323425, 0.7736299633979797, 0.7694835662841797, 0.7731019258499146, 0.7807506918907166, 0.7783146500587463, 0.7745702266693115, 0.7712355256080627, 0.7738046646118164, 0.7721971869468689, 0.7737565636634827, 0.7747017741203308, 0.7724779844284058, 0.773811399936676, 0.7901498079299927, 0.7748166918754578, 0.7765900492668152, 0.780047595500946, 0.7736607789993286, 0.7814529538154602, 0.7779604196548462, 0.7766989469528198, 0.7730706930160522, 0.7809123396873474, 0.7941292524337769, 0.7764559388160706, 0.7771540880203247, 0.7800005078315735, 0.7820401191711426];[0.04087536036968231, 0.03603158891201019, 0.034583527594804764, 0.03628893196582794, 0.030437706038355827, 0.030726203694939613, 0.0382562018930912, 0.03427000343799591, 0.034829508513212204, 0.030037671327590942, 0.03218276798725128, 0.029716813936829567, 0.03368702158331871, 0.032634101808071136, 0.029437098652124405, 0.032349951565265656, 0.04394501447677612, 0.03310636058449745, 0.03206446021795273, 0.0377705879509449, 0.030511321499943733, 0.03861699253320694, 0.033582936972379684, 0.035996392369270325, 0.03274838998913765, 0.036518607288599014, 0.04654626548290253, 0.03467515483498573, 0.033596400171518326, 0.03528904169797897, 0.03812761232256889];[-0.8462213277816772, -0.8289766311645508, -0.8252006769180298, -0.8308284282684326, -0.8132199645042419, -0.8138507604598999, -0.8379306793212891, -0.8284021019935608, -0.8261207938194275, -0.8119039535522461, -0.8145838379859924, -0.8109962344169617, -0.8259192705154419, -0.8211467862129211, -0.8103137016296387, -0.8224954605102539, -0.8777673244476318, -0.8220256567001343, -0.8192741870880127, -0.8416954278945923, -0.820634126663208, -0.8437808156013489, -0.820303201675415, -0.830018937587738, -0.8180902600288391, -0.8395897150039673, -0.8695237040519714, -0.8244433999061584, -0.8206049799919128, -0.8312640190124512, -0.8430666327476501];[0.025304855778813362, 0.021266646683216095, 0.02321632206439972, 0.018563158810138702, 0.02397390641272068, 0.018818426877260208, 0.025076279416680336, 0.02509237453341484, 0.021945418789982796, 0.027384035289287567, 0.02050754800438881, 0.021724730730056763, 0.019056091085076332, 0.02351686730980873, 0.01846301183104515, 0.031673215329647064, 0.0347169004380703, 0.01939757913351059, 0.019445301964879036, 0.035593368113040924, 0.02038678526878357, 0.023594548925757408, 0.01666605845093727, 0.023337893187999725, 0.024421362206339836, 0.02455570548772812, 0.023614855483174324, 0.02260483242571354, 0.01993238367140293, 0.02223193645477295];2446.39257144928
600;[0.7843565344810486, 0.7778502106666565, 0.7779672145843506, 0.7718682885169983, 0.7800478339195251, 0.7696874737739563, 0.7778931260108948, 0.7789078950881958, 0.783384382724762, 0.7806432843208313, 0.7751197218894958, 0.7865710258483887, 0.7806474566459656, 0.7774401307106018, 0.7737910151481628, 0.7730926871299744, 0.7856883406639099, 0.7880842089653015, 0.7793975472450256, 0.7770406603813171, 0.7900426983833313, 0.7688490152359009, 0.7780438661575317, 0.7749596834182739, 0.7811304330825806, 0.7837816476821899, 0.7872114777565002, 0.780305027961731, 0.778976559638977, 0.7749372124671936, 0.7822003364562988];[0.0427822507917881, 0.04023759439587593, 0.040798965841531754, 0.0356224961578846, 0.04228270426392555, 0.032049063593149185, 0.04137586057186127, 0.04019760340452194, 0.045677680522203445, 0.041800130158662796, 0.03846868872642517, 0.04793703183531761, 0.041151102632284164, 0.038093201816082, 0.036226604133844376, 0.039239976555109024, 0.04422676935791969, 0.04945420101284981, 0.04191640391945839, 0.040513310581445694, 0.048819735646247864, 0.03677546605467796, 0.03772241994738579, 0.03727884590625763, 0.04186122491955757, 0.04495636373758316, 0.04474463313817978, 0.04272446036338806, 0.04002438485622406, 0.037041813135147095, 0.04276229068636894];[-0.8588883280754089, -0.8441182374954224, -0.8521178364753723, -0.826789915561676, -0.8495253324508667, -0.8183289766311646, -0.8493046760559082, -0.8420388698577881, -0.8629160523414612, -0.8455274701118469, -0.8363480567932129, -0.8724693059921265, -0.8450899124145508, -0.838772177696228, -0.8336195349693298, -0.8389061689376831, -0.8576347827911377, -0.8732021450996399, -0.8472662568092346, -0.8497111797332764, -0.8750200271606445, -0.8292396664619446, -0.8445425033569336, -0.837770402431488, -0.8527213335037231, -0.8595547080039978, -0.9027711153030396, -0.8489448428153992, -0.8438755869865417, -0.8327139019966125, -0.8490832448005676];[0.026170967146754265, 0.019134141504764557, 0.029354671016335487, 0.018125304952263832, 0.023981977254152298, 0.021289052441716194, 0.02048211544752121, 0.025918595492839813, 0.021902097389101982, 0.022198792546987534, 0.024655137211084366, 0.02027871459722519, 0.021091222763061523, 0.019473329186439514, 0.02654409408569336, 0.028618430718779564, 0.02188222110271454, 0.025955338031053543, 0.025586288422346115, 0.02350730076432228, 0.022622786462306976, 0.022099865600466728, 0.02023625187575817, 0.02497045323252678, 0.02781768888235092, 0.023047298192977905, 0.021764101460576057, 0.021997375413775444, 0.02872493676841259, 0.0225713849067688];2190.2690596580505
650;[0.7730379700660706, 0.7656075358390808, 0.7750352621078491, 0.7715699672698975, 0.783929705619812, 0.7695775032043457, 0.7730453014373779, 0.7781578302383423, 0.7767155766487122, 0.771888017654419, 0.7664433717727661, 0.7667937278747559, 0.7717281579971313, 0.770421028137207, 0.7711628675460815, 0.7727542519569397, 0.7666646242141724, 0.7644097208976746, 0.7763554453849792, 0.7760424613952637, 0.7751938700675964, 0.7765552997589111, 0.7715761661529541, 0.7680330872535706, 0.7740588784217834, 0.779039204120636, 0.7733232378959656, 0.7708823084831238, 0.7739810347557068, 0.775130569934845, 0.7726669907569885];[0.03675731644034386, 0.030548840761184692, 0.039057813584804535, 0.03280305117368698, 0.04360245168209076, 0.03196689486503601, 0.03654264286160469, 0.039589330554008484, 0.0379520021378994, 0.034808818250894547, 0.030754676088690758, 0.03010283224284649, 0.03382712975144386, 0.03426193818449974, 0.03081410937011242, 0.0340670607984066, 0.03160637617111206, 0.030228301882743835, 0.03710074722766876, 0.03914065286517143, 0.03667149320244789, 0.037886299192905426, 0.03252657875418663, 0.03163422644138336, 0.03298913314938545, 0.034678809344768524, 0.03198801353573799, 0.033494409173727036, 0.03691142797470093, 0.03398305922746658, 0.03323414921760559];[-0.8281813859939575, -0.8150745630264282, -0.8455220460891724, -0.8216113448143005, -0.8518566489219666, -0.8182177543640137, -0.83904629945755, -0.8432852625846863, -0.8333821892738342, -0.824820876121521, -0.8150748014450073, -0.8123918771743774, -0.8221736550331116, -0.8271711468696594, -0.814609706401825, -0.8233197927474976, -0.8177566528320312, -0.8146305084228516, -0.8357626795768738, -0.8509112596511841, -0.8306457996368408, -0.8372588753700256, -0.8197817206382751, -0.8185211420059204, -0.8205714821815491, -0.8240589499473572, -0.8195614814758301, -0.8214586973190308, -0.8314998745918274, -0.8223817944526672, -0.8239650726318359];[0.03071744181215763, 0.027267705649137497, 0.0244341678917408, 0.02242302894592285, 0.024288484826683998, 0.0319865457713604, 0.026264537125825882, 0.029257485643029213, 0.023195648565888405, 0.02233804017305374, 0.021959152072668076, 0.022842437028884888, 0.0220993310213089, 0.020863017067313194, 0.04098043590784073, 0.016946954652667046, 0.02747473493218422, 0.039592597633600235, 0.02160603180527687, 0.019932057708501816, 0.023878147825598717, 0.03007267788052559, 0.028114940971136093, 0.024407198652625084, 0.027216428890824318, 0.024147873744368553, 0.030088355764746666, 0.02635076828300953, 0.01954115927219391, 0.023767240345478058];2118.429272174835
700;[0.7688427567481995, 0.7766465544700623, 0.7667803764343262, 0.7733324766159058, 0.7713802456855774, 0.7684294581413269, 0.7735196948051453, 0.7718906402587891, 0.7859188914299011, 0.7745226621627808, 0.7747375965118408, 0.775229811668396, 0.7677541971206665, 0.7769141793251038, 0.7769209742546082, 0.7713046073913574, 0.7738959193229675, 0.7713859677314758, 0.769307553768158, 0.7742809057235718, 0.7714195847511292, 0.7734853029251099, 0.7675732374191284, 0.7761510014533997, 0.7712026238441467, 0.7729467749595642, 0.7684784531593323, 0.7745636105537415, 0.7867981791496277, 0.7823191285133362, 0.7751932740211487];[0.0325908288359642, 0.039590608328580856, 0.03146408870816231, 0.03815317526459694, 0.03347408026456833, 0.03157496079802513, 0.03609495237469673, 0.03581486642360687, 0.04511573165655136, 0.03490282595157623, 0.03964186832308769, 0.03571688011288643, 0.03126520663499832, 0.03905433416366577, 0.04292811453342438, 0.03300991654396057, 0.034474119544029236, 0.03394542634487152, 0.03333435580134392, 0.035885926336050034, 0.03630538284778595, 0.03619064763188362, 0.03254430368542671, 0.03682425990700722, 0.0354774035513401, 0.03632105886936188, 0.03487246856093407, 0.03995530679821968, 0.04742409661412239, 0.045819614082574844, 0.03715476766228676];[-0.8223816156387329, -0.8472486734390259, -0.815619707107544, -0.8370217084884644, -0.8208235502243042, -0.818859875202179, -0.8330509066581726, -0.8276846408843994, -0.9180576205253601, -0.8259032964706421, -0.83916175365448, -0.8294269442558289, -0.8161492943763733, -0.8405022621154785, -0.8510411381721497, -0.8214401602745056, -0.8574360609054565, -0.8222610950469971, -0.8209502100944519, -0.854713499546051, -0.8314782381057739, -0.8298873901367188, -0.8213146924972534, -0.8310809135437012, -0.8335005640983582, -0.842869758605957, -0.8285422921180725, -0.8408544063568115, -0.8689383268356323, -0.8612897396087646, -0.8357374668121338];[0.021801145747303963, 0.020179206505417824, 0.027094699442386627, 0.02582101710140705, 0.023655574768781662, 0.022372838109731674, 0.02075338549911976, 0.023259222507476807, 0.02071191556751728, 0.02043294720351696, 0.020613405853509903, 0.022763235494494438, 0.03712775185704231, 0.02093556895852089, 0.02299213968217373, 0.01961769163608551, 0.02617749571800232, 0.022723549976944923, 0.024464048445224762, 0.025157814845442772, 0.02596283331513405, 0.025196043774485588, 0.022268282249569893, 0.02512139454483986, 0.020277446135878563, 0.019952908158302307, 0.030242346227169037, 0.025142522528767586, 0.023089921101927757, 0.02561882510781288];2217.119481563568
750;[0.7702447175979614, 0.7863880395889282, 0.7739885449409485, 0.7805666327476501, 0.7744307518005371, 0.7793023586273193, 0.7754363417625427, 0.7833060026168823, 0.7801167368888855, 0.7864565849304199, 0.7805346250534058, 0.7864795923233032, 0.7816970944404602, 0.7827073335647583, 0.779498279094696, 0.7817501425743103, 0.7780534625053406, 0.7902175784111023, 0.7904264330863953, 0.7913291454315186, 0.7850626707077026, 0.7850502729415894, 0.7907937169075012, 0.7829778790473938, 0.7821233868598938, 0.794475257396698, 0.7994547486305237, 0.7924513220787048, 0.7992281913757324, 0.7841475009918213, 0.7914937734603882];[0.03627016022801399, 0.04593442380428314, 0.035149771720170975, 0.04050368815660477, 0.034165069460868835, 0.04163388907909393, 0.035082511603832245, 0.04090718924999237, 0.03599667176604271, 0.042683761566877365, 0.03838496655225754, 0.045619167387485504, 0.041359372437000275, 0.043312594294548035, 0.03787103667855263, 0.04063364118337631, 0.038804203271865845, 0.04639129340648651, 0.046284593641757965, 0.049319639801979065, 0.04616580903530121, 0.04398147761821747, 0.04937400668859482, 0.04383673146367073, 0.043955083936452866, 0.05041031166911125, 0.0563015379011631, 0.048231352120637894, 0.0522996224462986, 0.04204152151942253, 0.04975779354572296];[-0.8291909098625183, -0.8589048385620117, -0.8282371163368225, -0.8468330502510071, -0.8267054557800293, -0.8452027440071106, -0.8290130496025085, -0.8464104533195496, -0.8320489525794983, -0.8554222583770752, -0.8341733813285828, -0.8586346507072449, -0.8456793427467346, -0.8578397035598755, -0.840641975402832, -0.840513288974762, -0.8425622582435608, -0.865189790725708, -0.8832231163978577, -0.8639836311340332, -0.8605811595916748, -0.8563745617866516, -0.8788836598396301, -0.8532375693321228, -0.8490861654281616, -0.870974600315094, -0.895017683506012, -0.86882084608078, -0.9274271130561829, -0.8445041179656982, -0.8799242377281189];[0.024577796459197998, 0.02029692940413952, 0.029579970985651016, 0.02297152206301689, 0.02338118478655815, 0.022336337715387344, 0.030247412621974945, 0.03030308708548546, 0.02648128569126129, 0.025952668860554695, 0.025075344368815422, 0.024251772090792656, 0.01855221390724182, 0.024676980450749397, 0.020820343866944313, 0.02192874252796173, 0.01890436001121998, 0.0201172586530447, 0.025525081902742386, 0.02794264815747738, 0.020169124007225037, 0.02031235210597515, 0.02324259653687477, 0.028454512357711792, 0.03218516707420349, 0.020829452201724052, 0.02014581859111786, 0.02615264803171158, 0.02099434658885002, 0.02545853517949581];2248.9788823127747
800;[0.7814730405807495, 0.7644165754318237, 0.7736920118331909, 0.7809864282608032, 0.7785026431083679, 0.7738736867904663, 0.7677589058876038, 0.7736108303070068, 0.7673799395561218, 0.7752890586853027, 0.7734830975532532, 0.7715523838996887, 0.7723348140716553, 0.7718098759651184, 0.777061402797699, 0.7865313291549683, 0.774226188659668, 0.7778015732765198, 0.782651960849762, 0.7790457606315613, 0.7797781229019165, 0.7815427184104919, 0.7817947864532471, 0.7801122069358826, 0.7879850268363953, 0.7844287753105164, 0.7815542817115784, 0.7870333194732666, 0.7840887308120728, 0.7798632979393005, 0.7776613831520081];[0.04097798466682434, 0.02894960530102253, 0.034445006400346756, 0.03903527557849884, 0.039252545684576035, 0.035659004002809525, 0.03241235762834549, 0.0352608785033226, 0.03260336443781853, 0.03829793259501457, 0.03818558156490326, 0.03449589014053345, 0.03413859382271767, 0.03440678492188454, 0.038928233087062836, 0.04619390890002251, 0.03749527037143707, 0.039124540984630585, 0.04393310844898224, 0.03839660435914993, 0.04155925288796425, 0.043410465121269226, 0.04205402359366417, 0.04313815012574196, 0.04685821756720543, 0.044061217457056046, 0.0379999615252018, 0.046696726232767105, 0.04321831092238426, 0.03925185650587082, 0.03948444500565529];[-0.8487133383750916, -0.8072739243507385, -0.82257080078125, -0.8773626685142517, -0.8427301049232483, -0.8263170123100281, -0.8208370804786682, -0.8302406072616577, -0.8169224858283997, -0.8411055207252502, -0.8348338603973389, -0.8283196687698364, -0.8250176310539246, -0.8238943815231323, -0.8407726287841797, -0.8672003149986267, -0.8324224352836609, -0.838773250579834, -0.8583568334579468, -0.8336045145988464, -0.8469416499137878, -0.8628584742546082, -0.8522368669509888, -0.8541865348815918, -0.8597181439399719, -0.8526252508163452, -0.835351824760437, -0.8600460886955261, -0.8490799069404602, -0.8331465721130371, -0.8389509320259094];[0.021456805989146233, 0.022801779210567474, 0.02343553490936756, 0.021399449557065964, 0.02186189964413643, 0.02447676658630371, 0.01939227804541588, 0.022313740104436874, 0.025637777522206306, 0.024793079122900963, 0.03859883174300194, 0.03382810205221176, 0.024228930473327637, 0.019240478053689003, 0.020186033099889755, 0.020273730158805847, 0.023837819695472717, 0.02765638567507267, 0.017918622121214867, 0.02587888389825821, 0.022071942687034607, 0.030275514349341393, 0.01910674013197422, 0.022855620831251144, 0.02383238449692726, 0.018619002774357796, 0.02367130108177662, 0.02432144805788994, 0.03193284571170807, 0.027507435530424118];2181.359931230545
850;[0.7738751173019409, 0.7694304585456848, 0.768352746963501, 0.7755206227302551, 0.7745903134346008, 0.7777587175369263, 0.7820541262626648, 0.7757430076599121, 0.7724770903587341, 0.7798568606376648, 0.7773757576942444, 0.7712680697441101, 0.7779974937438965, 0.7887431383132935, 0.7819874882698059, 0.7877902388572693, 0.7766004204750061, 0.7821879982948303, 0.7881513833999634, 0.7827699780464172, 0.7823744416236877, 0.7798759937286377, 0.7868283987045288, 0.7803831100463867, 0.7953280210494995, 0.7875478267669678, 0.7817093729972839, 0.7875798940658569, 0.7929499745368958, 0.7889229655265808, 0.7910128831863403];[0.03582756966352463, 0.032553933560848236, 0.03505736589431763, 0.03639543056488037, 0.03649086132645607, 0.04040941968560219, 0.03898083046078682, 0.03818565607070923, 0.03485698252916336, 0.041094060987234116, 0.03642270714044571, 0.033674634993076324, 0.03713992238044739, 0.04571808502078056, 0.041694942861795425, 0.048281583935022354, 0.03789509832859039, 0.04376871883869171, 0.04957547411322594, 0.04362101852893829, 0.04467194154858589, 0.0406339205801487, 0.04629318416118622, 0.04175721853971481, 0.05179586634039879, 0.0466228611767292, 0.04151047021150589, 0.04548303037881851, 0.05053956061601639, 0.046978674829006195, 0.049894724041223526];[-0.8319753408432007, -0.823160707950592, -0.8253595232963562, -0.8293287754058838, -0.830635130405426, -0.8455175161361694, -0.838704526424408, -0.8389399647712708, -0.8228866457939148, -0.8445363640785217, -0.8317287564277649, -0.823087751865387, -0.8305766582489014, -0.8611062169075012, -0.8453695774078369, -0.8657340407371521, -0.8386583924293518, -0.8505731225013733, -0.8700899481773376, -0.8510283827781677, -0.8559442758560181, -0.8421815633773804, -0.8639408946037292, -0.8480126857757568, -0.8779472708702087, -0.8574445843696594, -0.8470528721809387, -0.8549062013626099, -0.8855435848236084, -0.8673349022865295, -0.8742349743843079];[0.022643396630883217, 0.026297520846128464, 0.025597896426916122, 0.021520789712667465, 0.025087373331189156, 0.026708636432886124, 0.0223490372300148, 0.020581483840942383, 0.024323832243680954, 0.019429530948400497, 0.02398892492055893, 0.022986648604273796, 0.02238398790359497, 0.024821344763040543, 0.02696296200156212, 0.01933705434203148, 0.029556337743997574, 0.020520290359854698, 0.02498755231499672, 0.02506447583436966, 0.030213486403226852, 0.0210568830370903, 0.020433297380805016, 0.021837184205651283, 0.021970190107822418, 0.026245733723044395, 0.023741718381643295, 0.02366044372320175, 0.019701125100255013, 0.022674014791846275];2161.7788865566254
900;[0.7756485342979431, 0.7682260870933533, 0.7673375010490417, 0.7800979018211365, 0.7639598846435547, 0.7740380764007568, 0.7742186188697815, 0.7749488949775696, 0.7746168375015259, 0.7681264281272888, 0.7675911784172058, 0.7856727242469788, 0.7667707800865173, 0.7756085991859436, 0.785022497177124, 0.779936671257019, 0.7660555243492126, 0.7702937722206116, 0.7775918245315552, 0.7592646479606628, 0.7672204971313477, 0.7676087617874146, 0.7789438366889954, 0.771024227142334, 0.7722786664962769, 0.7703063488006592, 0.774230420589447, 0.7757258415222168, 0.7683701515197754, 0.7734842300415039, 0.7700583338737488];[0.03539879247546196, 0.03476964682340622, 0.03140083700418472, 0.042704444378614426, 0.029576336964964867, 0.036986302584409714, 0.03722425922751427, 0.03444746509194374, 0.03940092772245407, 0.030543997883796692, 0.029343653470277786, 0.04670597240328789, 0.03171445429325104, 0.03843098133802414, 0.04563799127936363, 0.0419159010052681, 0.03331989422440529, 0.03598497435450554, 0.03752285614609718, 0.028123987838625908, 0.03150159865617752, 0.03230511024594307, 0.041086532175540924, 0.0327502004802227, 0.03415057808160782, 0.03185109421610832, 0.03565960004925728, 0.036127377301454544, 0.030848024412989616, 0.037599384784698486, 0.030919421464204788];[-0.8271000981330872, -0.824241042137146, -0.8188515901565552, -0.8521495461463928, -0.8083609342575073, -0.8443118333816528, -0.8371432423591614, -0.8281257152557373, -0.8416358232498169, -0.8126603960990906, -0.8107078671455383, -0.8627060055732727, -0.8181917667388916, -0.83897465467453, -0.8600072860717773, -0.849026620388031, -0.8227109909057617, -0.8281722664833069, -0.8364424705505371, -0.8068140745162964, -0.8181293606758118, -0.8134081363677979, -0.8441301584243774, -0.8179966807365417, -0.8267759084701538, -0.8162204027175903, -0.8302514553070068, -0.829039990901947, -0.8169800043106079, -0.8366206288337708, -0.8128199577331543];[0.02048405073583126, 0.026496954262256622, 0.031475573778152466, 0.022351417690515518, 0.024055086076259613, 0.026674505323171616, 0.02323482371866703, 0.02354641817510128, 0.02754257619380951, 0.023095333948731422, 0.02121974527835846, 0.027867484837770462, 0.023143332451581955, 0.029330480843782425, 0.026899270713329315, 0.019799359142780304, 0.019946962594985962, 0.0205244030803442, 0.023281121626496315, 0.023414218798279762, 0.0208885557949543, 0.01664895750582218, 0.015923021361231804, 0.022534441202878952, 0.02386675588786602, 0.02207808755338192, 0.018431778997182846, 0.03804991766810417, 0.01970468834042549, 0.0269351527094841];2232.7787177562714
950;[0.7704263925552368, 0.7692896127700806, 0.767085611820221, 0.7750160098075867, 0.7750687003135681, 0.7738393545150757, 0.7722525000572205, 0.770580530166626, 0.7772702574729919, 0.7683391571044922, 0.7747587561607361, 0.7807379961013794, 0.7735573649406433, 0.7775918245315552, 0.7720018029212952, 0.7718591094017029, 0.776619017124176, 0.7722809314727783, 0.7722630500793457, 0.7721325755119324, 0.7762674689292908, 0.7836638689041138, 0.775787353515625, 0.7741608023643494, 0.7807373404502869, 0.7740383148193359, 0.7790760397911072, 0.7766954302787781, 0.776505708694458, 0.774269700050354, 0.7828567028045654];[0.03167470917105675, 0.03251291811466217, 0.032367900013923645, 0.03752632439136505, 0.03731807693839073, 0.03928723186254501, 0.03411974012851715, 0.034992765635252, 0.04074173420667648, 0.03171997517347336, 0.036266814917325974, 0.04054676741361618, 0.034918490797281265, 0.041788503527641296, 0.0337301567196846, 0.033799994736909866, 0.03917103633284569, 0.036077845841646194, 0.03432616591453552, 0.032903529703617096, 0.03737672045826912, 0.04339738190174103, 0.03814110532402992, 0.03759923577308655, 0.044010501354932785, 0.037664808332920074, 0.04052906110882759, 0.038890253752470016, 0.0387539379298687, 0.037031520158052444, 0.04393971711397171];[-0.8184921145439148, -0.8217521905899048, -0.8213146924972534, -0.8340724110603333, -0.8305147290229797, -0.8362946510314941, -0.8219179511070251, -0.826594889163971, -0.8503328561782837, -0.8178919553756714, -0.8338233232498169, -0.8458211421966553, -0.8291385769844055, -0.8485580086708069, -0.8233428001403809, -0.8209182620048523, -0.8447147011756897, -0.8299893736839294, -0.8259492516517639, -0.8246603608131409, -0.8342281579971313, -0.8497993350028992, -0.8345003724098206, -0.8343065977096558, -0.8540518879890442, -0.8356748223304749, -0.8541006445884705, -0.8376215696334839, -0.842176616191864, -0.828117847442627, -0.8567553758621216];[0.020349666476249695, 0.019883926957845688, 0.02081749029457569, 0.022493556141853333, 0.030620994046330452, 0.02514466643333435, 0.026440618559718132, 0.026034483686089516, 0.024234607815742493, 0.01967814192175865, 0.022365927696228027, 0.021095309406518936, 0.021938031539320946, 0.023701224476099014, 0.022111626341938972, 0.05143287777900696, 0.019327837973833084, 0.022609030827879906, 0.02291712909936905, 0.021271683275699615, 0.026427514851093292, 0.03293415904045105, 0.022222232073545456, 0.023289114236831665, 0.02152916043996811, 0.02572033740580082, 0.022855663672089577, 0.023665452376008034, 0.021583521738648415, 0.03233115002512932];2234.40367603302
1000;[0.7706597447395325, 0.772653341293335, 0.7682062983512878, 0.7677375674247742, 0.7726249098777771, 0.769245982170105, 0.7811354994773865, 0.7667510509490967, 0.7669380903244019, 0.7730035781860352, 0.7758896350860596, 0.7691550254821777, 0.7792919874191284, 0.7702011466026306, 0.7724508047103882, 0.7720304131507874, 0.779876172542572, 0.7893019914627075, 0.7776106595993042, 0.7741090059280396, 0.7784744501113892, 0.7797070145606995, 0.7740862369537354, 0.7800447344779968, 0.7807241678237915, 0.7746754288673401, 0.7747308015823364, 0.7813223004341125, 0.776419460773468, 0.7777693271636963, 0.778471052646637];[0.034670133143663406, 0.03516038507223129, 0.0341925248503685, 0.03392520174384117, 0.038935817778110504, 0.03568461164832115, 0.04393768310546875, 0.032997243106365204, 0.032292984426021576, 0.037844765931367874, 0.03778235241770744, 0.03223123028874397, 0.03959798812866211, 0.032764557749032974, 0.03634882718324661, 0.03493427857756615, 0.03851839900016785, 0.0469980426132679, 0.03840642049908638, 0.03694106638431549, 0.039174336940050125, 0.040260110050439835, 0.03533942997455597, 0.04149226099252701, 0.0426214300096035, 0.03569123521447182, 0.036729179322719574, 0.04372098296880722, 0.03696737438440323, 0.038117799907922745, 0.04166055843234062];[-0.8294352293014526, -0.8279600739479065, -0.8262344002723694, -0.8242737054824829, -0.8432507514953613, -0.8299232125282288, -0.8529149293899536, -0.8190878033638, -0.8209356069564819, -0.8336131572723389, -0.8341443538665771, -0.818554699420929, -0.8417276740074158, -0.8207540512084961, -0.8415258526802063, -0.8265196084976196, -0.8395630121231079, -0.8766627311706543, -0.8349704742431641, -0.8383774161338806, -0.8395175337791443, -0.843798041343689, -0.8258756995201111, -0.8425912261009216, -0.8541824817657471, -0.8269135355949402, -0.828980565071106, -0.8509110808372498, -0.8315973281860352, -0.8384320735931396, -0.8468756079673767];[0.020114442333579063, 0.01808633841574192, 0.030177107080817223, 0.020383307710289955, 0.020138345658779144, 0.02864946611225605, 0.0301522146910429, 0.02415473386645317, 0.02105499804019928, 0.024754131212830544, 0.022915083914995193, 0.02674253284931183, 0.0213369969278574, 0.02757781744003296, 0.02686847187578678, 0.023122571408748627, 0.02930217608809471, 0.028864076361060143, 0.02144191972911358, 0.029941009357571602, 0.026317249983549118, 0.020911190658807755, 0.021732181310653687, 0.021015631034970284, 0.028191830962896347, 0.02464771643280983, 0.02220432087779045, 0.02173490822315216, 0.022922005504369736, 0.020654499530792236];2170.867429494858
1050;[0.7767015695571899, 0.7705346941947937, 0.7817323803901672, 0.7790209054946899, 0.783102810382843, 0.7734933495521545, 0.7730392217636108, 0.7722025513648987, 0.7707590460777283, 0.7946451306343079, 0.7758786082267761, 0.7774099707603455, 0.7899560928344727, 0.780437171459198, 0.782400906085968, 0.7755515575408936, 0.7837623357772827, 0.7841944694519043, 0.775542676448822, 0.7765091061592102, 0.782129168510437, 0.7796529531478882, 0.7827965617179871, 0.7888236045837402, 0.7876477837562561, 0.7853811979293823, 0.7777531743049622, 0.7840721607208252, 0.7982280254364014, 0.7760612964630127, 0.784335196018219];[0.03815692290663719, 0.031856801360845566, 0.03933858498930931, 0.03844306617975235, 0.043849751353263855, 0.03099556639790535, 0.032169949263334274, 0.031904879957437515, 0.02891269512474537, 0.048166390508413315, 0.03151997923851013, 0.035606157034635544, 0.04277443513274193, 0.036291588097810745, 0.04150496795773506, 0.03284915164113045, 0.03778832405805588, 0.03879505768418312, 0.03168775886297226, 0.03139933943748474, 0.03639674559235573, 0.03514982387423515, 0.037852853536605835, 0.042976200580596924, 0.03948401287198067, 0.04011276364326477, 0.032091278582811356, 0.03820471838116646, 0.0484357587993145, 0.0325629785656929, 0.03812304511666298];[-0.8371472954750061, -0.8167728781700134, -0.8512230515480042, -0.8490279316902161, -0.8612461686134338, -0.81554114818573, -0.8176441788673401, -0.816023588180542, -0.8133283257484436, -0.8700551986694336, -0.8199842572212219, -0.8293035626411438, -0.8592444658279419, -0.8287627696990967, -0.8472684621810913, -0.8224104642868042, -0.832547664642334, -0.8386763334274292, -0.8156124353408813, -0.8165411353111267, -0.8326331377029419, -0.8275340795516968, -0.8342862129211426, -0.851446270942688, -0.8391789793968201, -0.8447226285934448, -0.8183060884475708, -0.8362352252006531, -0.8736391067504883, -0.8210523128509521, -0.8371540904045105];[0.024550583213567734, 0.02417457103729248, 0.02209913171827793, 0.026449372991919518, 0.022238753736019135, 0.02372642792761326, 0.027021808549761772, 0.025155119597911835, 0.021869385614991188, 0.022842690348625183, 0.02354487031698227, 0.022641276940703392, 0.01866253837943077, 0.02001718059182167, 0.020899442955851555, 0.030208950862288475, 0.022727755829691887, 0.021592549979686737, 0.02640087530016899, 0.023171599954366684, 0.026003392413258553, 0.02472076006233692, 0.02135881781578064, 0.027894414961338043, 0.02084561623632908, 0.02402450516819954, 0.02024424634873867, 0.021563800051808357, 0.03421061858534813, 0.02258714847266674];2157.3946690559387
1100;[0.767893373966217, 0.7767605185508728, 0.7725667953491211, 0.7812591791152954, 0.7746070027351379, 0.7778584957122803, 0.7771308422088623, 0.7715254426002502, 0.7827896475791931, 0.7843452095985413, 0.7716963887214661, 0.7818027138710022, 0.7857931852340698, 0.7757450342178345, 0.7820111513137817, 0.7779349684715271, 0.7813283205032349, 0.7837609052658081, 0.7849059700965881, 0.7887969017028809, 0.7816915512084961, 0.7920171022415161, 0.7817690968513489, 0.7839696407318115, 0.7799721956253052, 0.7811732888221741, 0.7835791110992432, 0.7830567955970764, 0.7952958941459656, 0.7818645238876343, 0.787954568862915];[0.035056453198194504, 0.03903433680534363, 0.03409909829497337, 0.04543451964855194, 0.03403284400701523, 0.03791017830371857, 0.03871133551001549, 0.03409068286418915, 0.03953085094690323, 0.0410083532333374, 0.029152629896998405, 0.039060357958078384, 0.04402204975485802, 0.03533714637160301, 0.036979518830776215, 0.03463462367653847, 0.03586609661579132, 0.03869792819023132, 0.04094354063272476, 0.04439547285437584, 0.036412306129932404, 0.046651121228933334, 0.03536788001656532, 0.0421416275203228, 0.03555842116475105, 0.03624068573117256, 0.03576018661260605, 0.035182323306798935, 0.04529872164130211, 0.035383809357881546, 0.03992306441068649];[-0.8261896967887878, -0.8407413363456726, -0.8226318359375, -0.8587799072265625, -0.8240836262702942, -0.8422639966011047, -0.8338660597801208, -0.820050060749054, -0.8434711694717407, -0.8490432500839233, -0.812382161617279, -0.8356472253799438, -0.8547244071960449, -0.8255587220191956, -0.8384008407592773, -0.8251510262489319, -0.8253514766693115, -0.8405939936637878, -0.8421289324760437, -0.8550720810890198, -0.8341569304466248, -0.8706396818161011, -0.8281115293502808, -0.8487720489501953, -0.8271295428276062, -0.8336466550827026, -0.8320682644844055, -0.8270958662033081, -0.8825412392616272, -0.8277145624160767, -0.8423729538917542];[0.02460634708404541, 0.021768609061837196, 0.03398862108588219, 0.02263612300157547, 0.020559655502438545, 0.030406281352043152, 0.022051755338907242, 0.020202603191137314, 0.021214652806520462, 0.020465131849050522, 0.026922430843114853, 0.023757703602313995, 0.020841069519519806, 0.02289135567843914, 0.023160282522439957, 0.02262362837791443, 0.020062074065208435, 0.021195007488131523, 0.0322856605052948, 0.02539180777966976, 0.018429793417453766, 0.021043557673692703, 0.024553867056965828, 0.018037226051092148, 0.017155466601252556, 0.01945277862250805, 0.01934247836470604, 0.01970887929201126, 0.0331452339887619, 0.027746476233005524];2238.4389395713806
1150;[0.7852113246917725, 0.7690232992172241, 0.7740737199783325, 0.7693154811859131, 0.7780741453170776, 0.7767609357833862, 0.7769685983657837, 0.7666118144989014, 0.772532045841217, 0.7769066691398621, 0.7781608700752258, 0.7677944302558899, 0.7650179266929626, 0.7783050537109375, 0.7879111766815186, 0.7748618721961975, 0.7733966708183289, 0.7776748538017273, 0.7748275995254517, 0.7708429098129272, 0.7698314785957336, 0.7695913314819336, 0.7750428318977356, 0.7734663486480713, 0.7787996530532837, 0.7726634740829468, 0.7718063592910767, 0.770126223564148, 0.7725458145141602, 0.7709587216377258, 0.7750850319862366];[0.04333550110459328, 0.03281787410378456, 0.03788994625210762, 0.03497250750660896, 0.0415458083152771, 0.04138759896159172, 0.03977925330400467, 0.03099076822400093, 0.036327388137578964, 0.03993801400065422, 0.04120077192783356, 0.034364502876996994, 0.03111347183585167, 0.042757946997880936, 0.046533647924661636, 0.03640776127576828, 0.03745226934552193, 0.040284331887960434, 0.0370500274002552, 0.035343728959560394, 0.0355624221265316, 0.03292613849043846, 0.03700742870569229, 0.03699032589793205, 0.04087776690721512, 0.03949900344014168, 0.036449093371629715, 0.03216034173965454, 0.036812614649534225, 0.03406178206205368, 0.03781209886074066];[-0.8496584892272949, -0.8190969824790955, -0.8323850631713867, -0.8287394046783447, -0.8452470898628235, -0.844632089138031, -0.84306401014328, -0.8160058259963989, -0.8288459181785583, -0.8420164585113525, -0.8457048535346985, -0.8227380514144897, -0.813742458820343, -0.8477732539176941, -0.8574959635734558, -0.8299000263214111, -0.8412573337554932, -0.8452103137969971, -0.8297650218009949, -0.8317081332206726, -0.82664555311203, -0.8197152614593506, -0.8319504261016846, -0.8350488543510437, -0.8408819437026978, -0.8371427655220032, -0.8323803544044495, -0.8184259533882141, -0.8421941995620728, -0.8266439437866211, -0.8377178907394409];[0.02296675182878971, 0.02285802736878395, 0.02551409788429737, 0.021296009421348572, 0.022679179906845093, 0.020642166957259178, 0.03279522806406021, 0.021824397146701813, 0.025560734793543816, 0.022097192704677582, 0.021062355488538742, 0.021132109686732292, 0.03057522140443325, 0.024734651669859886, 0.019535625353455544, 0.019956819713115692, 0.019568094983696938, 0.020989853888750076, 0.027384495362639427, 0.02365216612815857, 0.024084238335490227, 0.02461523376405239, 0.021539613604545593, 0.03257077932357788, 0.030415760353207588, 0.03124868869781494, 0.023365624248981476, 0.020921720191836357, 0.024574359878897667, 0.02524080127477646];2193.4957597255707
1200;[0.7727193832397461, 0.77518630027771, 0.773709237575531, 0.7716813683509827, 0.785558819770813, 0.7898849844932556, 0.770453929901123, 0.7734633684158325, 0.7772799134254456, 0.7740591168403625, 0.7834614515304565, 0.777559220790863, 0.7751954197883606, 0.7791611552238464, 0.7773855328559875, 0.7813364267349243, 0.7793324589729309, 0.7762869000434875, 0.7716982364654541, 0.7764081954956055, 0.7744066715240479, 0.7760526537895203, 0.7813819646835327, 0.7885535955429077, 0.7790209054946899, 0.7866227626800537, 0.7809616923332214, 0.7775590419769287, 0.7755510807037354, 0.7854857444763184, 0.769291877746582];[0.03595331311225891, 0.039822787046432495, 0.03575848788022995, 0.03565635159611702, 0.04442492872476578, 0.04466640576720238, 0.03224281966686249, 0.033833712339401245, 0.03772544488310814, 0.036120831966400146, 0.04293206334114075, 0.03586481884121895, 0.03443228080868721, 0.0374799482524395, 0.03785165399312973, 0.036631714552640915, 0.03933102265000343, 0.03279920294880867, 0.029311086982488632, 0.0349874310195446, 0.032459016889333725, 0.032079070806503296, 0.035834696143865585, 0.0428641177713871, 0.03666014224290848, 0.039826925843954086, 0.039925988763570786, 0.03204023465514183, 0.0340476855635643, 0.03999713063240051, 0.026753222569823265];[-0.827035129070282, -0.8375683426856995, -0.8300836086273193, -0.8278335928916931, -0.8649681806564331, -0.8619988560676575, -0.8206577897071838, -0.8241915106773376, -0.8319627642631531, -0.8305302858352661, -0.8479995131492615, -0.8308741450309753, -0.823982834815979, -0.835746705532074, -0.8335673809051514, -0.843634843826294, -0.8449904322624207, -0.8321109414100647, -0.8105674386024475, -0.8271312117576599, -0.8198868632316589, -0.8174957633018494, -0.831501841545105, -0.859184741973877, -0.8289344310760498, -0.8475359082221985, -0.838697612285614, -0.8225170373916626, -0.8340054750442505, -0.848526656627655, -0.8017458319664001];[0.02019929513335228, 0.02439628541469574, 0.02224426530301571, 0.026341360062360764, 0.022874193266034126, 0.020539047196507454, 0.025733452290296555, 0.02968352660536766, 0.027147097513079643, 0.025855770334601402, 0.023070046678185463, 0.01984485052525997, 0.020202819257974625, 0.022089097648859024, 0.02150835655629635, 0.025066621601581573, 0.02277764119207859, 0.022484706714749336, 0.024110672995448112, 0.020409973338246346, 0.02196921780705452, 0.02532528154551983, 0.019451173022389412, 0.021372033283114433, 0.023620016872882843, 0.02305990271270275, 0.028167741373181343, 0.025213507935404778, 0.02455403096973896, 0.01947348192334175];2149.111121892929
1250;[0.770042359828949, 0.7693238854408264, 0.77386474609375, 0.7708571553230286, 0.7858591675758362, 0.7714763283729553, 0.7764632701873779, 0.7744378447532654, 0.7759199142456055, 0.7753007411956787, 0.775410532951355, 0.7786263823509216, 0.7845022082328796, 0.7708461284637451, 0.7724875211715698, 0.7839576005935669, 0.7777612805366516, 0.7765116095542908, 0.7772834300994873, 0.7823188900947571, 0.7752261757850647, 0.7742478847503662, 0.778641939163208, 0.7775136232376099, 0.7766594290733337, 0.7759742140769958, 0.7814743518829346, 0.771113395690918, 0.776065468788147, 0.7791489362716675, 0.7777470946311951];[0.03240371495485306, 0.034356873482465744, 0.03508759289979935, 0.03425116091966629, 0.04724810644984245, 0.034887079149484634, 0.04007946699857712, 0.0346638523042202, 0.03635465353727341, 0.03470785170793533, 0.03594212234020233, 0.037117838859558105, 0.04008050262928009, 0.032688263803720474, 0.03406764939427376, 0.042916152626276016, 0.036728449165821075, 0.03743992745876312, 0.03654429316520691, 0.041944339871406555, 0.03690694272518158, 0.033499207347631454, 0.03795740380883217, 0.03677226975560188, 0.03795953840017319, 0.03649487346410751, 0.038966111838817596, 0.032294973731040955, 0.033560849726200104, 0.03706393390893936, 0.03773261979222298];[-0.8209971189498901, -0.824559211730957, -0.8304876685142517, -0.8252944946289062, -0.8725181818008423, -0.8230270743370056, -0.8442510366439819, -0.8271046876907349, -0.8316205739974976, -0.8316269516944885, -0.8292550444602966, -0.8357564806938171, -0.8399817943572998, -0.8214337229728699, -0.8249045014381409, -0.8505486845970154, -0.8334580063819885, -0.8325322866439819, -0.8399200439453125, -0.8725764155387878, -0.8317701816558838, -0.8230717182159424, -0.8357157111167908, -0.833466649055481, -0.8373575806617737, -0.834734320640564, -0.8479287624359131, -0.8175568580627441, -0.8245376944541931, -0.8359958529472351, -0.8359716534614563];[0.018240129575133324, 0.022010140120983124, 0.024467788636684418, 0.027503669261932373, 0.022303640842437744, 0.020162679255008698, 0.019796675071120262, 0.026059642434120178, 0.024687478318810463, 0.03034060448408127, 0.022756952792406082, 0.023527296259999275, 0.020668398588895798, 0.02046114020049572, 0.02534712851047516, 0.021657895296812057, 0.02114754170179367, 0.02092061936855316, 0.0292364452034235, 0.019429916515946388, 0.02818666398525238, 0.02459309995174408, 0.02410569228231907, 0.024722613394260406, 0.021004995331168175, 0.022447645664215088, 0.021813225001096725, 0.02875795215368271, 0.031276535242795944, 0.023629222065210342];2188.8309898376465
1300;[0.7769807577133179, 0.7783542275428772, 0.7951716780662537, 0.7735301852226257, 0.7772502303123474, 0.7726048827171326, 0.7682619690895081, 0.7678251266479492, 0.7782341241836548, 0.7724077105522156, 0.7718355655670166, 0.7704849243164062, 0.7674907445907593, 0.7750913500785828, 0.7728265523910522, 0.7749958038330078, 0.7777912616729736, 0.7848741412162781, 0.779722273349762, 0.7766547799110413, 0.7829839587211609, 0.7757943868637085, 0.792279839515686, 0.7721140384674072, 0.7790751457214355, 0.7741425633430481, 0.7753854990005493, 0.7807263135910034, 0.7813448309898376, 0.776313841342926, 0.7786203026771545];[0.03946933150291443, 0.03972991183400154, 0.05083480104804039, 0.035365667194128036, 0.036442603915929794, 0.03502064570784569, 0.0323190800845623, 0.03191734105348587, 0.03910410776734352, 0.03405347093939781, 0.03417937085032463, 0.03473927825689316, 0.029322151094675064, 0.03473854064941406, 0.034502264112234116, 0.03506777808070183, 0.03561745211482048, 0.04292862117290497, 0.04064788669347763, 0.033776722848415375, 0.03857224062085152, 0.03707829490303993, 0.04842722788453102, 0.03158101066946983, 0.03926209732890129, 0.036655645817518234, 0.03524161875247955, 0.040353454649448395, 0.04078052192926407, 0.03309038653969765, 0.037982068955898285];[-0.8411913514137268, -0.8385010957717896, -0.8992024660110474, -0.8262122869491577, -0.8313183784484863, -0.8327758312225342, -0.8188773393630981, -0.8149547576904297, -0.8397067785263062, -0.8234086036682129, -0.8245471715927124, -0.8258643746376038, -0.8118823170661926, -0.8250199556350708, -0.8245615363121033, -0.82597815990448, -0.827345073223114, -0.8466197848320007, -0.8480551838874817, -0.825566291809082, -0.849728524684906, -0.839780867099762, -0.8672866225242615, -0.817559003829956, -0.841081440448761, -0.8275740742683411, -0.8267838358879089, -0.8521032333374023, -0.8429787158966064, -0.8236179351806641, -0.8382490873336792];[0.021727588027715683, 0.021857332438230515, 0.021777870133519173, 0.01969360001385212, 0.0258431788533926, 0.035210903733968735, 0.023947590962052345, 0.02242863178253174, 0.023683451116085052, 0.025034144520759583, 0.022498121485114098, 0.02489524334669113, 0.02107776701450348, 0.023316724225878716, 0.018541453406214714, 0.021677464246749878, 0.02153785154223442, 0.02258751541376114, 0.024576766416430473, 0.019266290590167046, 0.020506788045167923, 0.022835614159703255, 0.024304596707224846, 0.021541643887758255, 0.027512628585100174, 0.02117740362882614, 0.021130818873643875, 0.021450743079185486, 0.023482387885451317, 0.025498975068330765];2252.029567718506
1350;[0.7678991556167603, 0.7751865386962891, 0.7787864804267883, 0.7812941074371338, 0.7813935875892639, 0.7757534384727478, 0.7740620970726013, 0.7737156748771667, 0.7713792324066162, 0.7707387208938599, 0.7713930606842041, 0.7732564210891724, 0.7704052925109863, 0.7696806192398071, 0.7717065811157227, 0.7802494764328003, 0.7707962393760681, 0.7690063714981079, 0.7659680247306824, 0.7727819681167603, 0.7716490626335144, 0.7713409662246704, 0.781434953212738, 0.7767037749290466, 0.7751423120498657, 0.7715296149253845, 0.7795488238334656, 0.774533212184906, 0.7712718844413757, 0.7726919651031494, 0.7876385450363159];[0.03227810189127922, 0.037092652171850204, 0.038077887147665024, 0.03959174081683159, 0.04134303331375122, 0.03685877099633217, 0.03370402380824089, 0.03461418300867081, 0.03271276876330376, 0.03268292918801308, 0.033402636647224426, 0.033610206097364426, 0.03201787918806076, 0.030864650383591652, 0.03446691110730171, 0.03717537969350815, 0.0318642184138298, 0.032386209815740585, 0.029312023892998695, 0.03409063071012497, 0.032917022705078125, 0.036720339208841324, 0.041713058948516846, 0.035568296909332275, 0.03482344374060631, 0.03370294347405434, 0.03841100633144379, 0.0361313670873642, 0.034455131739377975, 0.03320765867829323, 0.044205330312252045];[-0.8188521265983582, -0.831917941570282, -0.8345744609832764, -0.8384488821029663, -0.8451719880104065, -0.8349730372428894, -0.8231077194213867, -0.8273491263389587, -0.822973370552063, -0.8192501068115234, -0.8228493332862854, -0.8228438496589661, -0.8156400322914124, -0.8130585551261902, -0.8243219256401062, -0.835138738155365, -0.8140316009521484, -0.8184250593185425, -0.811872124671936, -0.8193117380142212, -0.825158953666687, -0.8276270627975464, -0.8460437655448914, -0.8337839245796204, -0.8245997428894043, -0.8220264911651611, -0.8371099829673767, -0.8282010555267334, -0.82182776927948, -0.823224663734436, -0.871178150177002];[0.022211622446775436, 0.026983721181750298, 0.02088705636560917, 0.020827552303671837, 0.025523770600557327, 0.026489470154047012, 0.025025997310876846, 0.020162081345915794, 0.039378367364406586, 0.0227478239685297, 0.01980625092983246, 0.024485453963279724, 0.0259519312530756, 0.02539517730474472, 0.029831500723958015, 0.024730948731303215, 0.022515617311000824, 0.022915106266736984, 0.02011888101696968, 0.021219171583652496, 0.02261996455490589, 0.038960784673690796, 0.020152881741523743, 0.023766204714775085, 0.028043080121278763, 0.025947390124201775, 0.027619369328022003, 0.02947942540049553, 0.01984516903758049, 0.02662409096956253];2205.781609773636
1400;[0.7739479541778564, 0.7667590975761414, 0.7728297114372253, 0.770047664642334, 0.778489887714386, 0.7759960293769836, 0.7759866118431091, 0.7767849564552307, 0.7785694003105164, 0.7844973802566528, 0.7779405117034912, 0.779134213924408, 0.7840198874473572, 0.7743430733680725, 0.7752032279968262, 0.7869959473609924, 0.7861647605895996, 0.7854243516921997, 0.7829933762550354, 0.7813728451728821, 0.7814147472381592, 0.775239884853363, 0.7820064425468445, 0.7817952632904053, 0.7839921712875366, 0.7778147459030151, 0.7887305021286011, 0.7901104688644409, 0.778762936592102, 0.7833393216133118, 0.7855666279792786];[0.03584079444408417, 0.030095523223280907, 0.037252526730298996, 0.03304658457636833, 0.039685625582933426, 0.039624206721782684, 0.03832772746682167, 0.0401434488594532, 0.03983771428465843, 0.04540599510073662, 0.040499504655599594, 0.041399482637643814, 0.04618756100535393, 0.038625139743089676, 0.03974413499236107, 0.04869896546006203, 0.04805348068475723, 0.0468536838889122, 0.04768778756260872, 0.04416677728295326, 0.04311496019363403, 0.03871374949812889, 0.04469754174351692, 0.044002268463373184, 0.04548736661672592, 0.03797473758459091, 0.04628285393118858, 0.05064806342124939, 0.04001376032829285, 0.04626539722084999, 0.04630035161972046];[-0.834911048412323, -0.8110208511352539, -0.8297052383422852, -0.822404682636261, -0.8447805047035217, -0.8384807109832764, -0.8344631791114807, -0.8416491746902466, -0.8420873284339905, -0.8560517430305481, -0.84270179271698, -0.8466294407844543, -0.8658144474029541, -0.838824450969696, -0.8429237604141235, -0.8767372965812683, -0.8664143085479736, -0.8658007383346558, -0.8663995265960693, -0.8500898480415344, -0.8516891598701477, -0.8332132697105408, -0.8562124967575073, -0.8544361591339111, -0.860617995262146, -0.835716724395752, -0.8612908124923706, -0.8827369213104248, -0.8431327939033508, -0.8589441776275635, -0.8584383130073547];[0.022895339876413345, 0.024172641336917877, 0.026332175359129906, 0.020461153239011765, 0.023790577426552773, 0.033341359347105026, 0.020744023844599724, 0.02453705109655857, 0.02635868266224861, 0.020684542134404182, 0.020259439945220947, 0.022984888404607773, 0.024449722841382027, 0.029553920030593872, 0.03279724717140198, 0.02415986731648445, 0.019762810319662094, 0.023769084364175797, 0.040542926639318466, 0.03048584796488285, 0.024459874257445335, 0.01644444465637207, 0.022285204380750656, 0.03421512246131897, 0.025580178946256638, 0.022131411358714104, 0.020075839012861252, 0.025902550667524338, 0.021274182945489883, 0.019303159788250923];2233.8679478168488
1450;[0.7742912769317627, 0.7668325901031494, 0.7758147120475769, 0.764775276184082, 0.7733793258666992, 0.7725192308425903, 0.7718858122825623, 0.7650098204612732, 0.7681310176849365, 0.7758798599243164, 0.7678053379058838, 0.7688436508178711, 0.783004641532898, 0.774023175239563, 0.7734035849571228, 0.7769732475280762, 0.7649431228637695, 0.7681303024291992, 0.7734816670417786, 0.7694125771522522, 0.7696452736854553, 0.7709545493125916, 0.7629207968711853, 0.762849748134613, 0.7617424726486206, 0.7742640376091003, 0.7613328695297241, 0.7675070762634277, 0.7618747353553772, 0.7703918814659119, 0.761135458946228];[0.037088099867105484, 0.03286346048116684, 0.038290247321128845, 0.02900822088122368, 0.03476874157786369, 0.035070307552814484, 0.034236546605825424, 0.02935977093875408, 0.0332317091524601, 0.03697167709469795, 0.030344080179929733, 0.03005036525428295, 0.041041262447834015, 0.030410433188080788, 0.03308987244963646, 0.035014282912015915, 0.02579648606479168, 0.02723541483283043, 0.03302930295467377, 0.028305886313319206, 0.029924744740128517, 0.031239282339811325, 0.024221422150731087, 0.02666701003909111, 0.0255597997456789, 0.03267644718289375, 0.022818442434072495, 0.026806160807609558, 0.0239503663033247, 0.03078380599617958, 0.021846290677785873];[-0.8339441418647766, -0.820135235786438, -0.8443600535392761, -0.807131826877594, -0.8243229389190674, -0.8311241269111633, -0.8251891136169434, -0.8113402724266052, -0.8256648182868958, -0.8322990536689758, -0.8154932856559753, -0.8133195042610168, -0.8509373664855957, -0.8129645586013794, -0.8262890577316284, -0.8261081576347351, -0.797652006149292, -0.8056032061576843, -0.8241621255874634, -0.8067846298217773, -0.8111332654953003, -0.819763720035553, -0.7956758737564087, -0.8017317652702332, -0.7960121631622314, -0.8193120956420898, -0.7910695672035217, -0.80191969871521, -0.7936064600944519, -0.8131510019302368, -0.7904150485992432];[0.0250184815376997, 0.020285893231630325, 0.02213873714208603, 0.019918043166399002, 0.019210094586014748, 0.022953083738684654, 0.02407647669315338, 0.025088854134082794, 0.027877284213900566, 0.02474910020828247, 0.022211046889424324, 0.018250076100230217, 0.021287713199853897, 0.03204211965203285, 0.02288668416440487, 0.023469043895602226, 0.020887698978185654, 0.02311711385846138, 0.021109286695718765, 0.024918803945183754, 0.02230532094836235, 0.027548711746931076, 0.020676828920841217, 0.022059695795178413, 0.023274799808859825, 0.018898695707321167, 0.022401729598641396, 0.020306546241044998, 0.022722844034433365, 0.03809446841478348];2243.186672925949
1500;[0.7787718772888184, 0.768760085105896, 0.7768292427062988, 0.7759617567062378, 0.7767310738563538, 0.7778299450874329, 0.7661195993423462, 0.7719154953956604, 0.7652324438095093, 0.7666711211204529, 0.7713882327079773, 0.7620070576667786, 0.7707625031471252, 0.7721647024154663, 0.7726045846939087, 0.7661606669425964, 0.7668603658676147, 0.7759321331977844, 0.7709737420082092, 0.7706405520439148, 0.7700347304344177, 0.7612887024879456, 0.7645654678344727, 0.7621643543243408, 0.7647530436515808, 0.7631821632385254, 0.7734447121620178, 0.7600178718566895, 0.7632023096084595, 0.7692044973373413, 0.7627264261245728];[0.03847665712237358, 0.0356602780520916, 0.0386049784719944, 0.03808189928531647, 0.035778943449258804, 0.03958163782954216, 0.030874434858560562, 0.03495275601744652, 0.03161592781543732, 0.03229551017284393, 0.0334654226899147, 0.02853076532483101, 0.03305065631866455, 0.035847000777721405, 0.03477000817656517, 0.02880989760160446, 0.032079413533210754, 0.035554904490709305, 0.03540521487593651, 0.033758100122213364, 0.03396305814385414, 0.027099736034870148, 0.030483191832900047, 0.027555381879210472, 0.029274960979819298, 0.028382891789078712, 0.03563651442527771, 0.025116071105003357, 0.02701508067548275, 0.03335769474506378, 0.025596292689442635];[-0.8343251347541809, -0.8276216387748718, -0.8362943530082703, -0.8374478816986084, -0.8285212516784668, -0.846308708190918, -0.8143336176872253, -0.8234816789627075, -0.8139442801475525, -0.8183244466781616, -0.8501350283622742, -0.8072736859321594, -0.8201846480369568, -0.8317321538925171, -0.8260725140571594, -0.8079819083213806, -0.8174229860305786, -0.8392326831817627, -0.8269367814064026, -0.8234742283821106, -0.8249561190605164, -0.8047468662261963, -0.8154782652854919, -0.8036006093025208, -0.8187636733055115, -0.8065658211708069, -0.835213840007782, -0.7988100051879883, -0.8036028146743774, -0.8193986415863037, -0.8000959157943726];[0.02562555857002735, 0.02145666815340519, 0.019451458007097244, 0.02806691825389862, 0.02010820247232914, 0.025284796953201294, 0.02206575497984886, 0.021253744140267372, 0.02441498637199402, 0.020567793399095535, 0.025586025789380074, 0.019037052989006042, 0.02583264373242855, 0.023314490914344788, 0.036348264664411545, 0.024884751066565514, 0.02023227885365486, 0.021445205435156822, 0.030438024550676346, 0.019780440255999565, 0.023503022268414497, 0.0212322436273098, 0.03627095744013786, 0.022274034097790718, 0.025980446487665176, 0.02163359895348549, 0.024300219491124153, 0.030736099928617477, 0.02871282398700714, 0.02300087735056877];2214.568350315094
1550;[0.7677679657936096, 0.7677879929542542, 0.7799131274223328, 0.7797301411628723, 0.7685953974723816, 0.7802762389183044, 0.7759398221969604, 0.7854344248771667, 0.778839111328125, 0.7733021378517151, 0.7812789082527161, 0.7757152915000916, 0.781054675579071, 0.777567446231842, 0.7770176529884338, 0.772802472114563, 0.7785736322402954, 0.7756059765815735, 0.7779208421707153, 0.7761992812156677, 0.7799004912376404, 0.7839526534080505, 0.7807992100715637, 0.7789607644081116, 0.781646192073822, 0.7893824577331543, 0.7832451462745667, 0.776181697845459, 0.7774021029472351, 0.7859253883361816, 0.7867830395698547];[0.030608566477894783, 0.0344005785882473, 0.03769931197166443, 0.04204171150922775, 0.034174595028162, 0.04063066467642784, 0.038942255079746246, 0.04745878279209137, 0.039887238293886185, 0.037277303636074066, 0.042516984045505524, 0.037491653114557266, 0.04357895255088806, 0.041457630693912506, 0.037644196301698685, 0.03542480245232582, 0.04126379266381264, 0.03666437044739723, 0.03995922952890396, 0.04191439971327782, 0.04183202236890793, 0.042062629014253616, 0.040516436100006104, 0.0432831346988678, 0.0442705862224102, 0.04673180356621742, 0.04338906705379486, 0.04029833525419235, 0.040519408881664276, 0.045916154980659485, 0.04695865139365196];[-0.8175908327102661, -0.8258623480796814, -0.911077618598938, -0.8541247844696045, -0.8272817134857178, -0.855485737323761, -0.8384416103363037, -0.8831833600997925, -0.8379109501838684, -0.8334065079689026, -0.8469710350036621, -0.8365426063537598, -0.86495041847229, -0.8437960743904114, -0.8392821550369263, -0.8298578858375549, -0.8537595868110657, -0.832633912563324, -0.8409360647201538, -0.8430649638175964, -0.8597894906997681, -0.8482028245925903, -0.8392074108123779, -0.8566349148750305, -0.8480450510978699, -0.8581845164299011, -0.8515292406082153, -0.8430036306381226, -0.8433660864830017, -0.8565818071365356, -0.8572505116462708];[0.018252478912472725, 0.022882740944623947, 0.028434205800294876, 0.030722269788384438, 0.0239657424390316, 0.026931799948215485, 0.020230917260050774, 0.025756867602467537, 0.029880506917834282, 0.03393982723355293, 0.023818515241146088, 0.025727663189172745, 0.019353846088051796, 0.022529995068907738, 0.021851597353816032, 0.022102484479546547, 0.020731721073389053, 0.023440780118107796, 0.02431102842092514, 0.023892037570476532, 0.025826292112469673, 0.021760214120149612, 0.02215159684419632, 0.04079309105873108, 0.018042180687189102, 0.02389979176223278, 0.024013709276914597, 0.021157100796699524, 0.031111204996705055, 0.026803120970726013];2231.6656217575073
1600;[0.7711772918701172, 0.776371419429779, 0.7761824131011963, 0.7766363024711609, 0.7698203325271606, 0.7737507820129395, 0.7744227051734924, 0.7756451368331909, 0.7724151611328125, 0.7719999551773071, 0.7690380215644836, 0.7800307273864746, 0.7733557224273682, 0.7653573155403137, 0.7696388363838196, 0.7770600914955139, 0.7681089639663696, 0.7724761366844177, 0.7677861452102661, 0.7695708870887756, 0.7645814418792725, 0.7727737426757812, 0.7661494016647339, 0.7709661722183228, 0.7637811303138733, 0.7668349742889404, 0.7747568488121033, 0.7697849273681641, 0.7634841799736023, 0.7686905264854431, 0.7692354321479797];[0.03391256928443909, 0.03929578512907028, 0.03615601733326912, 0.03803536295890808, 0.03231452405452728, 0.03549478203058243, 0.033926982432603836, 0.03610394895076752, 0.033256545662879944, 0.03354065120220184, 0.031867023557424545, 0.041285641491413116, 0.034135714173316956, 0.028568709269165993, 0.03158869594335556, 0.038017209619283676, 0.029620911926031113, 0.0322241485118866, 0.02731102518737316, 0.032402072101831436, 0.02790262922644615, 0.034262437373399734, 0.027397586032748222, 0.03230554237961769, 0.026696452870965004, 0.02593490295112133, 0.033992595970630646, 0.030783649533987045, 0.027104508131742477, 0.027154624462127686, 0.02889714390039444];[-0.8252195715904236, -0.8476513028144836, -0.8339875340461731, -0.8355653882026672, -0.816511332988739, -0.8303727507591248, -0.8246132731437683, -0.8373391032218933, -0.8213709592819214, -0.8211739659309387, -0.8199612498283386, -0.844921350479126, -0.8270242214202881, -0.8082108497619629, -0.8191701769828796, -0.8328467011451721, -0.8104300498962402, -0.8223031759262085, -0.8063727021217346, -0.814794659614563, -0.8045803904533386, -0.8274072408676147, -0.8038212656974792, -0.820493757724762, -0.8002735376358032, -0.8002532124519348, -0.8266093134880066, -0.8185162544250488, -0.8018239736557007, -0.8039193153381348, -0.813137412071228];[0.025524528697133064, 0.018399495631456375, 0.02244369499385357, 0.019773665815591812, 0.022081799805164337, 0.031845152378082275, 0.019187171012163162, 0.02368786372244358, 0.02222498320043087, 0.03242401033639908, 0.018715720623731613, 0.026172129437327385, 0.023539528250694275, 0.02565033547580242, 0.02605857141315937, 0.030218642204999924, 0.024913813918828964, 0.021899372339248657, 0.025086168199777603, 0.020643461495637894, 0.026604723185300827, 0.024310875684022903, 0.02464778535068035, 0.02488764189183712, 0.020123422145843506, 0.020962709560990334, 0.03492460772395134, 0.0234200619161129, 0.0219733789563179, 0.033313408493995667];2220.6659808158875
1650;[0.7757501602172852, 0.7770199179649353, 0.7633404731750488, 0.7682286500930786, 0.7648867964744568, 0.7616396546363831, 0.768078088760376, 0.7674347162246704, 0.7681171894073486, 0.7666062116622925, 0.767585813999176, 0.763843297958374, 0.7693793773651123, 0.7714353799819946, 0.7633431553840637, 0.7578861117362976, 0.7551194429397583, 0.7575927376747131, 0.7640179991722107, 0.7687715888023376, 0.7713820934295654, 0.7770126461982727, 0.7683793306350708, 0.7652753591537476, 0.7673718333244324, 0.7697044610977173, 0.7616745233535767, 0.7675824165344238, 0.7741509079933167, 0.7693988680839539, 0.7745097875595093];[0.03510047122836113, 0.037580762058496475, 0.02784186787903309, 0.0316968709230423, 0.02933640033006668, 0.02792937122285366, 0.03066491149365902, 0.028991416096687317, 0.030807659029960632, 0.030342938378453255, 0.029854845255613327, 0.02560572326183319, 0.030968327075242996, 0.03521638736128807, 0.02853144332766533, 0.025744514539837837, 0.02252853848040104, 0.023769211024045944, 0.02842389978468418, 0.03293826803565025, 0.0332263745367527, 0.04111415892839432, 0.031131401658058167, 0.031974516808986664, 0.032514192163944244, 0.03373081609606743, 0.027362728491425514, 0.031042898073792458, 0.036868464201688766, 0.03455939516425133, 0.038748178631067276];[-0.8312815427780151, -0.8405242562294006, -0.8039577007293701, -0.8146659731864929, -0.8110234141349792, -0.8048551678657532, -0.8273167014122009, -0.8112345933914185, -0.8118467330932617, -0.8119882941246033, -0.821051836013794, -0.8036461472511292, -0.8163638114929199, -0.8285513520240784, -0.8075578808784485, -0.7989662289619446, -0.7918596863746643, -0.7939865589141846, -0.8068830370903015, -0.826926052570343, -0.8263598680496216, -0.8447505235671997, -0.8195261359214783, -0.8150297999382019, -0.8160111904144287, -0.8260554671287537, -0.8050438165664673, -0.8385336399078369, -0.8468970656394958, -0.827876627445221, -0.8575006127357483];[0.037653811275959015, 0.020051689818501472, 0.019399045035243034, 0.019803522154688835, 0.020526044070720673, 0.02722686156630516, 0.022981790825724602, 0.023852085694670677, 0.03243867680430412, 0.01930917426943779, 0.02166592888534069, 0.017560236155986786, 0.02875416725873947, 0.020118514075875282, 0.024848585948348045, 0.021831048652529716, 0.025807520374655724, 0.021513238549232483, 0.025036823004484177, 0.021769659593701363, 0.02407023124396801, 0.025853587314486504, 0.02018040418624878, 0.017934441566467285, 0.027431953698396683, 0.023282036185264587, 0.020483126863837242, 0.027687814086675644, 0.024647288024425507, 0.03245048224925995];2328.919429540634
1700;[0.779885470867157, 0.771806538105011, 0.7783123254776001, 0.774779736995697, 0.7752344012260437, 0.7730820178985596, 0.7787848114967346, 0.7712080478668213, 0.7853201627731323, 0.771955668926239, 0.7766354084014893, 0.7801374793052673, 0.7878103852272034, 0.7795107364654541, 0.7817321419715881, 0.7831299304962158, 0.7729538679122925, 0.7750985026359558, 0.7764224410057068, 0.7883203625679016, 0.7825592160224915, 0.7853223085403442, 0.7729824781417847, 0.7861015796661377, 0.782409131526947, 0.7772183418273926, 0.7770119905471802, 0.7783112525939941, 0.7782903909683228, 0.7767506837844849, 0.7844034433364868];[0.04248794913291931, 0.03652603179216385, 0.04158260300755501, 0.03587701916694641, 0.0361320935189724, 0.03750090301036835, 0.034834232181310654, 0.031160257756710052, 0.04379598796367645, 0.034031860530376434, 0.037086501717567444, 0.03945505619049072, 0.04254605993628502, 0.04051670804619789, 0.039049793034791946, 0.03905558958649635, 0.03396696597337723, 0.03603743016719818, 0.03597036004066467, 0.045814283192157745, 0.03791561722755432, 0.04296650364995003, 0.03462807461619377, 0.042888838797807693, 0.03828193619847298, 0.03231748566031456, 0.03067084588110447, 0.035652417689561844, 0.03384117782115936, 0.035127077251672745, 0.03615039587020874];[-0.8475978374481201, -0.8340518474578857, -0.8595213294029236, -0.8314527869224548, -0.8293153047561646, -0.8367225527763367, -0.8286223411560059, -0.8143354654312134, -0.8486230969429016, -0.8216925263404846, -0.8354513049125671, -0.8413594365119934, -0.8455938696861267, -0.8520858287811279, -0.835101842880249, -0.8397399187088013, -0.8247348070144653, -0.8336577415466309, -0.8311448693275452, -0.8709409236907959, -0.837111234664917, -0.8542357087135315, -0.82236248254776, -0.8600613474845886, -0.836039662361145, -0.8283735513687134, -0.8179249167442322, -0.8256985545158386, -0.8225044012069702, -0.8230682611465454, -0.8456996083259583];[0.03085462376475334, 0.025453371927142143, 0.0231949333101511, 0.030695565044879913, 0.019129116088151932, 0.027355533093214035, 0.02162099815905094, 0.023401545360684395, 0.021296484395861626, 0.01992160454392433, 0.022846659645438194, 0.02639426290988922, 0.03139983117580414, 0.030586164444684982, 0.025432219728827477, 0.02514420635998249, 0.027739396318793297, 0.024711113423109055, 0.02167506143450737, 0.018925698474049568, 0.02214065007865429, 0.03173123672604561, 0.026825938373804092, 0.027991145849227905, 0.022373121231794357, 0.024636557325720787, 0.021818555891513824, 0.020482977852225304, 0.036538414657115936, 0.022503208369016647];2259.5016803741455
1750;[0.7730234861373901, 0.7726911306381226, 0.7727853059768677, 0.7705743312835693, 0.7779311537742615, 0.7903128862380981, 0.7813949584960938, 0.78366619348526, 0.7750115394592285, 0.7777186632156372, 0.7704455852508545, 0.766967236995697, 0.7775477170944214, 0.7768046855926514, 0.7790788412094116, 0.7677088975906372, 0.7780032157897949, 0.7795501351356506, 0.7687800526618958, 0.7842589020729065, 0.7751094102859497, 0.7810943722724915, 0.7758747935295105, 0.7770806550979614, 0.7831020951271057, 0.7877202033996582, 0.7798581123352051, 0.7824015617370605, 0.7866876721382141, 0.7924845218658447, 0.7833344340324402];[0.03697793930768967, 0.03290679305791855, 0.036281950771808624, 0.035459067672491074, 0.039624352008104324, 0.050748229026794434, 0.043466124683618546, 0.0451456755399704, 0.03555075079202652, 0.03929919749498367, 0.0311668012291193, 0.03081526607275009, 0.03768254816532135, 0.03737769275903702, 0.04123111069202423, 0.028211545199155807, 0.03882831335067749, 0.03768046572804451, 0.029757827520370483, 0.04363042861223221, 0.035693369805812836, 0.039809081703424454, 0.035860419273376465, 0.03668283298611641, 0.0398639440536499, 0.047287240624427795, 0.03913593664765358, 0.04003770649433136, 0.044160809367895126, 0.04736630246043205, 0.04121656343340874];[-0.8309073448181152, -0.8187013268470764, -0.8309924602508545, -0.8295040130615234, -0.8392757773399353, -0.8860211968421936, -0.8602264523506165, -0.8583121299743652, -0.8306778073310852, -0.8389702439308167, -0.8116521239280701, -0.8124611973762512, -0.8333085179328918, -0.8341527581214905, -0.8543996810913086, -0.806201159954071, -0.8324540853500366, -0.834712564945221, -0.811011791229248, -0.8538902401924133, -0.8311859965324402, -0.8383861780166626, -0.8280715346336365, -0.8298996686935425, -0.8371283411979675, -0.8620619773864746, -0.8414546847343445, -0.8410059213638306, -0.8578835129737854, -0.8762450218200684, -0.8410830497741699];[0.024973267689347267, 0.029073569923639297, 0.02467801421880722, 0.02357775717973709, 0.020363640040159225, 0.023658907040953636, 0.02153928205370903, 0.02005641721189022, 0.02262536995112896, 0.022872067987918854, 0.022486012428998947, 0.026855848729610443, 0.02567044459283352, 0.024497464299201965, 0.031564243137836456, 0.023137565702199936, 0.02288082242012024, 0.02193398028612137, 0.022496338933706284, 0.02181854099035263, 0.021960070356726646, 0.02448152005672455, 0.02358880080282688, 0.05179711431264877, 0.026010524481534958, 0.02595246210694313, 0.022307422012090683, 0.02680335007607937, 0.03435859829187393, 0.01904420740902424];2236.2383415699005
1800;[0.7821429967880249, 0.7644941806793213, 0.770355761051178, 0.7879593968391418, 0.7741238474845886, 0.7764186859130859, 0.7769930958747864, 0.7714158296585083, 0.7721813917160034, 0.7740642428398132, 0.7714731097221375, 0.7778561115264893, 0.7832373976707458, 0.774836540222168, 0.7833136320114136, 0.7756334543228149, 0.78480064868927, 0.7756227850914001, 0.7909122705459595, 0.779024064540863, 0.7819817662239075, 0.7761240005493164, 0.7860618829727173, 0.7881667017936707, 0.7768295407295227, 0.7738297581672668, 0.7922890782356262, 0.784327507019043, 0.782025158405304, 0.7761437892913818, 0.7794322371482849];[0.04342906177043915, 0.03032357431948185, 0.031375057995319366, 0.04443437233567238, 0.033084895461797714, 0.03814714029431343, 0.03436645120382309, 0.03023158572614193, 0.033166345208883286, 0.03093612752854824, 0.02970166504383087, 0.034345392137765884, 0.03813137114048004, 0.03150905668735504, 0.037091609090566635, 0.031256530433893204, 0.03828795626759529, 0.03314415365457535, 0.044713303446769714, 0.03127652034163475, 0.03465789929032326, 0.031248774379491806, 0.039055235683918, 0.03916385769844055, 0.0298281442373991, 0.030070984736084938, 0.04228312522172928, 0.03732329234480858, 0.03201191872358322, 0.028778748586773872, 0.02890715003013611];[-0.8736435174942017, -0.8152377605438232, -0.8177216649055481, -0.8545779585838318, -0.8192495107650757, -0.8371652960777283, -0.827920138835907, -0.8145473599433899, -0.8209483623504639, -0.814074695110321, -0.8124114274978638, -0.8257023692131042, -0.8348627686500549, -0.8153110146522522, -0.8339821696281433, -0.813468873500824, -0.8358039259910583, -0.8247185349464417, -0.8657373785972595, -0.8189465403556824, -0.8236921429634094, -0.8176953792572021, -0.8470158576965332, -0.8420192003250122, -0.8143262267112732, -0.8161587119102478, -0.8461282253265381, -0.8265191912651062, -0.8237675428390503, -0.8086568117141724, -0.8114975690841675];[0.02306263893842697, 0.024263035506010056, 0.026735404506325722, 0.02865469828248024, 0.028340963646769524, 0.024577626958489418, 0.022621117532253265, 0.02015896700322628, 0.02393512614071369, 0.021436050534248352, 0.01941383257508278, 0.026327531784772873, 0.022867964580655098, 0.021344391629099846, 0.029910637065768242, 0.023273644968867302, 0.023193728178739548, 0.021002324298024178, 0.021781088784337044, 0.020615095272660255, 0.021212713792920113, 0.019982436671853065, 0.022206544876098633, 0.03186715021729469, 0.021757472306489944, 0.02474953979253769, 0.020219458267092705, 0.02653779648244381, 0.020839231088757515, 0.023287704214453697];2307.482315301895
1850;[0.7757498025894165, 0.7742385268211365, 0.7799029350280762, 0.7716184258460999, 0.7782881259918213, 0.7718842029571533, 0.7691435217857361, 0.7791617512702942, 0.7726380825042725, 0.7751030921936035, 0.772433340549469, 0.776279866695404, 0.7799522876739502, 0.7751750946044922, 0.7760508060455322, 0.7704359292984009, 0.7779477834701538, 0.7748134136199951, 0.7759438753128052, 0.7742740511894226, 0.7752847075462341, 0.7793471813201904, 0.7791550755500793, 0.7726224660873413, 0.7788971662521362, 0.7700179219245911, 0.7707474231719971, 0.7851101756095886, 0.7813146710395813, 0.7757280468940735, 0.7865831851959229];[0.03700700029730797, 0.035962168127298355, 0.04096679389476776, 0.034001708030700684, 0.03969007357954979, 0.03331872820854187, 0.0333341583609581, 0.037593401968479156, 0.03483106195926666, 0.03592393919825554, 0.033781055361032486, 0.035440593957901, 0.03606580197811127, 0.03403238207101822, 0.03662728890776634, 0.03319552540779114, 0.040459271520376205, 0.03437109291553497, 0.03552830591797829, 0.033976227045059204, 0.03638451173901558, 0.03867991641163826, 0.03868097811937332, 0.03253203257918358, 0.03690620884299278, 0.032489385455846786, 0.030615828931331635, 0.042072638869285583, 0.04061107337474823, 0.034186094999313354, 0.04363681375980377];[-0.8342115879058838, -0.8275446891784668, -0.8413308262825012, -0.8219624757766724, -0.8430402278900146, -0.8192025423049927, -0.8205035328865051, -0.8356735706329346, -0.8278114795684814, -0.8276936411857605, -0.8231955170631409, -0.8280095458030701, -0.832358181476593, -0.8262797594070435, -0.829174816608429, -0.8224065899848938, -0.8394896984100342, -0.8232696056365967, -0.8274200558662415, -0.8238696455955505, -0.834327220916748, -0.8389052748680115, -0.8427267074584961, -0.8226468563079834, -0.8346846699714661, -0.8199501633644104, -0.8151863217353821, -0.8630908727645874, -0.8428369760513306, -0.8269777894020081, -0.856635332107544];[0.024494536221027374, 0.02456790953874588, 0.026352282613515854, 0.02485557273030281, 0.019352318719029427, 0.026337381452322006, 0.023000109940767288, 0.019877338781952858, 0.0330829843878746, 0.021982738748192787, 0.02415749430656433, 0.02321111038327217, 0.02202429808676243, 0.02159290947020054, 0.025701161473989487, 0.023099230602383614, 0.024769959971308708, 0.02000575326383114, 0.04468998685479164, 0.028923895210027695, 0.024923495948314667, 0.027688337489962578, 0.024296896532177925, 0.021861372515559196, 0.02465275675058365, 0.02799772471189499, 0.022046780213713646, 0.02196561172604561, 0.020574964582920074, 0.030223071575164795];2332.4811277389526
1900;[0.7713056802749634, 0.7704962491989136, 0.7772455215454102, 0.777910053730011, 0.7776173949241638, 0.7859334945678711, 0.7717885375022888, 0.7700455188751221, 0.7698931097984314, 0.7694323658943176, 0.768669068813324, 0.7762311697006226, 0.7798737287521362, 0.7723520994186401, 0.7670334577560425, 0.7753196954727173, 0.7709084153175354, 0.7693759202957153, 0.7679046988487244, 0.7604612708091736, 0.7681794166564941, 0.7633509635925293, 0.7735917568206787, 0.7724303007125854, 0.7692681550979614, 0.7684658169746399, 0.7790183424949646, 0.7767923474311829, 0.7718496322631836, 0.768394410610199, 0.7653921842575073];[0.03523588180541992, 0.03407775238156319, 0.03828267380595207, 0.04022598639130592, 0.038969967514276505, 0.04624371975660324, 0.03395134583115578, 0.032469023019075394, 0.03415801748633385, 0.03271307423710823, 0.033759959042072296, 0.03968341648578644, 0.042534153908491135, 0.03448711335659027, 0.03195828199386597, 0.03631751239299774, 0.03719562292098999, 0.03405066207051277, 0.0330074243247509, 0.026868650689721107, 0.032027363777160645, 0.02996223233640194, 0.03635050356388092, 0.035534415394067764, 0.034542981535196304, 0.035338252782821655, 0.03964533656835556, 0.03813624009490013, 0.03535722196102142, 0.032036904245615005, 0.03055097907781601];[-0.8318257927894592, -0.8222109079360962, -0.8438231945037842, -0.8440701365470886, -0.8374064564704895, -0.8627139925956726, -0.8262481689453125, -0.8266453742980957, -0.833723247051239, -0.8245068192481995, -0.8292848467826843, -0.8450287580490112, -0.8506482839584351, -0.8270056843757629, -0.8154798746109009, -0.8302555084228516, -0.8316760659217834, -0.8211670517921448, -0.8256165981292725, -0.8033338785171509, -0.8171820640563965, -0.8100892305374146, -0.8320826888084412, -0.8343209624290466, -0.8296202421188354, -0.8291412591934204, -0.8421557545661926, -0.8378019332885742, -0.8276539444923401, -0.8210708498954773, -0.8165498971939087];[0.019137859344482422, 0.025942347943782806, 0.018323615193367004, 0.025879332795739174, 0.021442553028464317, 0.025681763887405396, 0.022013070061802864, 0.02409956231713295, 0.022843405604362488, 0.025431428104639053, 0.022451739758253098, 0.02234409563243389, 0.024910254403948784, 0.021815521642565727, 0.027436330914497375, 0.02025759220123291, 0.022231342270970345, 0.02325395680963993, 0.028422651812434196, 0.030169043689966202, 0.021767182275652885, 0.020369749516248703, 0.028979379683732986, 0.02658628299832344, 0.018859192728996277, 0.01924256607890129, 0.02176124043762684, 0.029535457491874695, 0.02410106360912323, 0.031357549130916595];2238.070172071457
1950;[0.7726964950561523, 0.7807382941246033, 0.7819476127624512, 0.7727198004722595, 0.7776354551315308, 0.7774674296379089, 0.7749069333076477, 0.7777214646339417, 0.7786269187927246, 0.7724599838256836, 0.7790317535400391, 0.7791698575019836, 0.7788740396499634, 0.7803512811660767, 0.7727912664413452, 0.7741291522979736, 0.7766047716140747, 0.7788150906562805, 0.7799301743507385, 0.7827378511428833, 0.7820674777030945, 0.7853016257286072, 0.7808657884597778, 0.7710463404655457, 0.7809863090515137, 0.7740978598594666, 0.7704068422317505, 0.7756063938140869, 0.7867783308029175, 0.7783393263816833, 0.7776931524276733];[0.03449713811278343, 0.041609734296798706, 0.04297396168112755, 0.03619924560189247, 0.03871075063943863, 0.03741665557026863, 0.034931205213069916, 0.03589750453829765, 0.03740411251783371, 0.03182966262102127, 0.03608850762248039, 0.03753313422203064, 0.03956567123532295, 0.03858738765120506, 0.03387397527694702, 0.03250216320157051, 0.03784475103020668, 0.03626014664769173, 0.03603759780526161, 0.03881899639964104, 0.034908927977085114, 0.039770156145095825, 0.036586325615644455, 0.030467303469777107, 0.036967549473047256, 0.03135707974433899, 0.02773820422589779, 0.03009437397122383, 0.04214489459991455, 0.0309690460562706, 0.030948316678404808];[-0.8272060751914978, -0.8472890853881836, -0.8497308492660522, -0.8295066356658936, -0.8388955593109131, -0.8343701362609863, -0.8236105442047119, -0.8308897614479065, -0.8379917740821838, -0.8157809376716614, -0.8275029063224792, -0.8368118405342102, -0.8357675671577454, -0.8353974223136902, -0.8238817453384399, -0.8215159177780151, -0.8309184908866882, -0.8296418786048889, -0.8471599817276001, -0.8408130407333374, -0.825043797492981, -0.849067747592926, -0.8275595307350159, -0.8137360215187073, -0.8332365155220032, -0.8159315586090088, -0.8042545914649963, -0.8094093799591064, -0.8481132388114929, -0.8178635239601135, -0.8171417117118835];[0.023470735177397728, 0.02169291116297245, 0.022285502403974533, 0.023566214367747307, 0.019040226936340332, 0.02104375511407852, 0.024679943919181824, 0.020654840394854546, 0.02193329855799675, 0.03070436790585518, 0.027630677446722984, 0.02066510170698166, 0.01989486999809742, 0.022064942866563797, 0.0210394449532032, 0.02120150998234749, 0.026996362954378128, 0.02812458574771881, 0.018957259133458138, 0.03007522225379944, 0.02130429446697235, 0.022251052781939507, 0.018551252782344818, 0.025083234533667564, 0.027910307049751282, 0.025424201041460037, 0.021553413942456245, 0.02730412967503071, 0.023588957265019417, 0.027281340211629868];2293.951637506485
2000;[0.769666314125061, 0.774144172668457, 0.7741334438323975, 0.7694253325462341, 0.7745487689971924, 0.7767265439033508, 0.7719305157661438, 0.7705342769622803, 0.7787235379219055, 0.7812096476554871, 0.7924997806549072, 0.7792121767997742, 0.7851895093917847, 0.7789983749389648, 0.7818045616149902, 0.779087483882904, 0.7902250289916992, 0.7890028357505798, 0.7886287569999695, 0.7905644774436951, 0.7806836366653442, 0.7863194942474365, 0.779282808303833, 0.7916423082351685, 0.7845539450645447, 0.7892812490463257, 0.7891468405723572, 0.7935310006141663, 0.7837914824485779, 0.7984683513641357, 0.794127345085144];[0.03254355862736702, 0.03888595476746559, 0.03795398026704788, 0.03350440040230751, 0.03914162516593933, 0.03958967328071594, 0.03510260209441185, 0.03397134318947792, 0.040522992610931396, 0.04074706882238388, 0.048692651093006134, 0.04124609753489494, 0.044789884239435196, 0.04118858277797699, 0.04249607399106026, 0.04089875519275665, 0.046395301818847656, 0.04930680990219116, 0.046979159116744995, 0.04503535106778145, 0.03911932557821274, 0.04424313083291054, 0.03727898746728897, 0.04687616229057312, 0.04119514301419258, 0.042317215353250504, 0.04851527139544487, 0.04763369262218475, 0.04486813768744469, 0.05455370992422104, 0.0482928492128849];[-0.8230075836181641, -0.8373318314552307, -0.8342345952987671, -0.8202604651451111, -0.8375046849250793, -0.8413298726081848, -0.8280094861984253, -0.8258938193321228, -0.8517749905586243, -0.8480834364891052, -0.8794829845428467, -0.8431044220924377, -0.8547238707542419, -0.859227180480957, -0.8472706079483032, -0.8471830487251282, -0.908039391040802, -0.881813645362854, -0.8594494462013245, -0.8563219308853149, -0.8380426168441772, -0.8567459583282471, -0.8362559080123901, -0.8582401871681213, -0.8416081666946411, -0.8613603115081787, -0.8700892925262451, -0.8647471070289612, -0.8500033020973206, -0.8857672810554504, -0.8658614754676819];[0.021700222045183182, 0.02327045239508152, 0.022635869681835175, 0.018005579710006714, 0.022381773218512535, 0.02480023168027401, 0.021002192050218582, 0.02568003162741661, 0.021957702934741974, 0.025277594104409218, 0.02291988767683506, 0.02179621532559395, 0.028435135260224342, 0.02222275920212269, 0.025094591081142426, 0.02151493914425373, 0.02342873066663742, 0.017247945070266724, 0.020220212638378143, 0.022315168753266335, 0.021856805309653282, 0.03296181559562683, 0.028636490926146507, 0.023511579260230064, 0.019425731152296066, 0.026426535099744797, 0.017805634066462517, 0.023892533034086227, 0.022084051743149757, 0.019414851441979408];2314.951413631439
2050;[0.7718462944030762, 0.7702828049659729, 0.774456799030304, 0.775523841381073, 0.7750259041786194, 0.7750534415245056, 0.7710240483283997, 0.7687973976135254, 0.7806981205940247, 0.7764742970466614, 0.7825643420219421, 0.7811521887779236, 0.7752591371536255, 0.7781442999839783, 0.7847126722335815, 0.7753679156303406, 0.7751789093017578, 0.7733944058418274, 0.7781916260719299, 0.7678437232971191, 0.7807850241661072, 0.7755661606788635, 0.7829784750938416, 0.7715549468994141, 0.7749512791633606, 0.774154543876648, 0.777965247631073, 0.7794854640960693, 0.7749282121658325, 0.7804308533668518, 0.7787870168685913];[0.03210893273353577, 0.03313346952199936, 0.033327866345644, 0.038589850068092346, 0.03752767667174339, 0.03523218259215355, 0.032808687537908554, 0.02830449864268303, 0.04062902554869652, 0.03664189577102661, 0.04006357118487358, 0.04015609249472618, 0.03423868119716644, 0.03863174840807915, 0.04004058241844177, 0.0352974534034729, 0.03364871069788933, 0.029935916885733604, 0.03760635852813721, 0.027723148465156555, 0.03853802755475044, 0.03098149038851261, 0.040566712617874146, 0.030727263540029526, 0.030423451215028763, 0.031118635088205338, 0.03488552197813988, 0.03545986860990524, 0.030526231974363327, 0.03529541939496994, 0.03288211300969124];[-0.8186960816383362, -0.819597065448761, -0.8218948245048523, -0.8359710574150085, -0.8344064354896545, -0.8294046521186829, -0.8178962469100952, -0.8087164163589478, -0.8494004011154175, -0.8287359476089478, -0.8624686002731323, -0.8397195935249329, -0.8254659175872803, -0.8394706845283508, -0.8426364064216614, -0.8292751312255859, -0.8220774531364441, -0.815716564655304, -0.8366420269012451, -0.8082649111747742, -0.8432664275169373, -0.8217050433158875, -0.8455132842063904, -0.8135172724723816, -0.8171818256378174, -0.818160891532898, -0.829548716545105, -0.8290116190910339, -0.8126822113990784, -0.8286845684051514, -0.8230990171432495];[0.02254597470164299, 0.02093653753399849, 0.034326065331697464, 0.023135364055633545, 0.022230256348848343, 0.03360888734459877, 0.018817922100424767, 0.021818045526742935, 0.027582760900259018, 0.021299177780747414, 0.022674325853586197, 0.023044245317578316, 0.019295085221529007, 0.020497791469097137, 0.019716596230864525, 0.023648181930184364, 0.024334989488124847, 0.027352917939424515, 0.02290295995771885, 0.021309049800038338, 0.02267836034297943, 0.022792374715209007, 0.023100925609469414, 0.020681308582425117, 0.024276841431856155, 0.027520356699824333, 0.021244103088974953, 0.0255125742405653, 0.020953679457306862, 0.02496465854346752];2324.677104473114
2100;[0.776093065738678, 0.7757145762443542, 0.7816356420516968, 0.7769425511360168, 0.7769678235054016, 0.7778406739234924, 0.7779442071914673, 0.7784363031387329, 0.7838625907897949, 0.7842763662338257, 0.7819801568984985, 0.776411771774292, 0.7868344783782959, 0.7839691042900085, 0.7781252861022949, 0.785037100315094, 0.7845262289047241, 0.7897447347640991, 0.7918378710746765, 0.785626232624054, 0.7898223996162415, 0.7853553295135498, 0.7812061309814453, 0.7861128449440002, 0.7828422784805298, 0.7917027473449707, 0.7942994832992554, 0.7906020283699036, 0.7886785268783569, 0.8077857494354248, 0.8007435202598572];[0.0371716171503067, 0.038513634353876114, 0.040426913648843765, 0.03697821497917175, 0.037362586706876755, 0.037395164370536804, 0.03726203739643097, 0.04001954570412636, 0.0409880205988884, 0.04411701112985611, 0.04299371317028999, 0.035386908799409866, 0.0448310561478138, 0.0420970618724823, 0.03947015851736069, 0.04508938267827034, 0.0449712835252285, 0.04424348101019859, 0.04790283367037773, 0.045524511486291885, 0.05103557929396629, 0.04530850797891617, 0.042565297335386276, 0.04390561208128929, 0.042337559163570404, 0.04759058356285095, 0.05045679584145546, 0.04714499041438103, 0.05016966909170151, 0.062692791223526, 0.054994456470012665];[-0.8355830907821655, -0.8346778154373169, -0.8434800505638123, -0.8343867063522339, -0.8357443809509277, -0.8315094113349915, -0.8315393328666687, -0.8422514796257019, -0.846185564994812, -0.8575515151023865, -0.8473321199417114, -0.8282424211502075, -0.8604913949966431, -0.8502342104911804, -0.8401092290878296, -0.8552596569061279, -0.8703818917274475, -0.8730663657188416, -0.8683586716651917, -0.8557454943656921, -0.8814077377319336, -0.8556371927261353, -0.8552215099334717, -0.850879430770874, -0.8494088649749756, -0.862788736820221, -0.8707564473152161, -0.8619359135627747, -0.8682603240013123, -0.9208950996398926, -0.9009117484092712];[0.025241047143936157, 0.027124889194965363, 0.022998135536909103, 0.01873907446861267, 0.028962392359972, 0.023356018587946892, 0.01869298331439495, 0.03186572343111038, 0.02093372493982315, 0.032861776649951935, 0.03802190721035004, 0.025673555210232735, 0.022389644756913185, 0.020881803706288338, 0.028964899480342865, 0.02157805673778057, 0.022173020988702774, 0.01851453073322773, 0.035007819533348083, 0.02850988134741783, 0.03488340973854065, 0.02265780419111252, 0.02259661629796028, 0.025678280740976334, 0.03328283131122589, 0.027765916660428047, 0.021624313667416573, 0.02377234771847725, 0.018490353599190712, 0.033237993717193604];2218.8843717575073
2150;[0.7846554517745972, 0.7806781530380249, 0.7748808264732361, 0.7770335674285889, 0.7689123153686523, 0.7721811532974243, 0.7654694318771362, 0.7655473351478577, 0.7754756808280945, 0.7678398489952087, 0.7718817591667175, 0.7706052660942078, 0.7690635323524475, 0.7719761729240417, 0.7788795828819275, 0.7676963210105896, 0.765711784362793, 0.7667356729507446, 0.7832096219062805, 0.7728443741798401, 0.78059983253479, 0.7741297483444214, 0.7844845056533813, 0.774017333984375, 0.7759772539138794, 0.7719040513038635, 0.7750512361526489, 0.7756783366203308, 0.7747145891189575, 0.781915545463562, 0.7764558792114258];[0.045015111565589905, 0.04033466428518295, 0.03578151762485504, 0.03728282079100609, 0.030826659873127937, 0.03181707486510277, 0.02894214168190956, 0.02701760269701481, 0.037625592201948166, 0.030136095359921455, 0.03367520496249199, 0.03145619481801987, 0.029233887791633606, 0.029796555638313293, 0.036624208092689514, 0.026827849447727203, 0.025286879390478134, 0.027539925649762154, 0.039111919701099396, 0.031002359464764595, 0.037008222192525864, 0.030912671238183975, 0.037339504808187485, 0.031153937801718712, 0.03323175385594368, 0.03216545283794403, 0.03174421191215515, 0.03194234520196915, 0.03132091835141182, 0.03521135449409485, 0.030924880877137184];[-0.8600744605064392, -0.8398078680038452, -0.8328666090965271, -0.8339236378669739, -0.8139784932136536, -0.8161448240280151, -0.8072426319122314, -0.8038049340248108, -0.8315746784210205, -0.8142576813697815, -0.8264840245246887, -0.8160368204116821, -0.8089997172355652, -0.8108031153678894, -0.8323119282722473, -0.8041650056838989, -0.7979439496994019, -0.8057475090026855, -0.8414397835731506, -0.817483127117157, -0.8348634839057922, -0.8149082660675049, -0.8378159999847412, -0.815314531326294, -0.8200967311859131, -0.812196671962738, -0.8187652230262756, -0.8184465169906616, -0.8183947205543518, -0.8313713669776917, -0.8127440810203552];[0.021524863317608833, 0.023280974477529526, 0.026490679010748863, 0.02328110858798027, 0.0220896378159523, 0.02548038214445114, 0.021931085735559464, 0.018736159428954124, 0.025212083011865616, 0.02281898260116577, 0.023900842294096947, 0.023001018911600113, 0.02496699057519436, 0.022726867347955704, 0.025341007858514786, 0.021314803510904312, 0.02377624809741974, 0.019721537828445435, 0.024268237873911858, 0.02475929446518421, 0.022062882781028748, 0.021706432104110718, 0.03252114728093147, 0.022601410746574402, 0.024715326726436615, 0.021081682294607162, 0.029074523597955704, 0.020768912509083748, 0.01963159441947937, 0.022955134510993958];2327.1400372982025
2200;[0.7703465223312378, 0.7697815299034119, 0.7822534441947937, 0.7677348852157593, 0.7754290699958801, 0.7718989849090576, 0.771391749382019, 0.7708869576454163, 0.7727757692337036, 0.7725766897201538, 0.7828881740570068, 0.7675533890724182, 0.7712553143501282, 0.7723081111907959, 0.7774564027786255, 0.7726150155067444, 0.7745147943496704, 0.7630949020385742, 0.780730664730072, 0.7658818364143372, 0.7664451003074646, 0.76929771900177, 0.7716123461723328, 0.7676912546157837, 0.7693463563919067, 0.7747243046760559, 0.7736229300498962, 0.7692990899085999, 0.7791136503219604, 0.7624984979629517, 0.7676381468772888];[0.033480461686849594, 0.03421339392662048, 0.04298616200685501, 0.030330294743180275, 0.037314631044864655, 0.03125663101673126, 0.03334515169262886, 0.03366697207093239, 0.03672505542635918, 0.03408205136656761, 0.04234683886170387, 0.030590780079364777, 0.03545196354389191, 0.034088194370269775, 0.03637105971574783, 0.03401830419898033, 0.035999465733766556, 0.029519984498620033, 0.03931765258312225, 0.03165358677506447, 0.033228300511837006, 0.03219066932797432, 0.03266260400414467, 0.031074142083525658, 0.03497927263379097, 0.04024413228034973, 0.03466527909040451, 0.033110808581113815, 0.04193557798862457, 0.02885824255645275, 0.03513297438621521];[-0.8213127851486206, -0.8224272727966309, -0.8517860174179077, -0.8136568665504456, -0.8317682147026062, -0.8157370090484619, -0.8238441944122314, -0.8248433470726013, -0.8290376663208008, -0.8247057199478149, -0.85689777135849, -0.8120080232620239, -0.827690601348877, -0.8266769647598267, -0.8415278792381287, -0.8258956074714661, -0.8296428322792053, -0.8124259114265442, -0.8410308361053467, -0.8164681196212769, -0.8190334439277649, -0.8181290030479431, -0.8220084309577942, -0.8175651431083679, -0.8270978927612305, -0.8440142273902893, -0.8283330202102661, -0.8188698291778564, -0.8581745028495789, -0.8090729713439941, -0.8246523141860962];[0.022996066138148308, 0.022957179695367813, 0.029037272557616234, 0.029392048716545105, 0.020699182525277138, 0.020259670913219452, 0.021446818485856056, 0.02509055659174919, 0.017443660646677017, 0.019351476803421974, 0.025156285613775253, 0.018970347940921783, 0.021831220015883446, 0.021446112543344498, 0.020256128162145615, 0.02231677621603012, 0.021915754303336143, 0.02354186400771141, 0.02095988392829895, 0.022290177643299103, 0.02402816154062748, 0.02176590822637081, 0.055376697331666946, 0.02204946056008339, 0.024415258318185806, 0.026258256286382675, 0.02123682014644146, 0.023524876683950424, 0.027909301221370697, 0.021078933030366898];2249.588095188141
2250;[0.7763099074363708, 0.7727835178375244, 0.7693924307823181, 0.7834082841873169, 0.7709397673606873, 0.7763268351554871, 0.7733020782470703, 0.7833929657936096, 0.777209460735321, 0.7728002667427063, 0.7725368142127991, 0.7741401791572571, 0.7782121300697327, 0.7809287905693054, 0.7721527814865112, 0.7721384167671204, 0.7746101021766663, 0.7820208668708801, 0.7785170674324036, 0.7755453586578369, 0.7831452488899231, 0.7820013165473938, 0.7799103856086731, 0.7756006717681885, 0.7751402854919434, 0.7691649794578552, 0.7703146934509277, 0.7731015086174011, 0.7753174304962158, 0.7731744050979614, 0.779674768447876];[0.0398031547665596, 0.036291953176259995, 0.03270680457353592, 0.04118570312857628, 0.03232504054903984, 0.034585386514663696, 0.031818583607673645, 0.04111049324274063, 0.036112163215875626, 0.032737139612436295, 0.032168179750442505, 0.03314203768968582, 0.03648120537400246, 0.03847168758511543, 0.031787313520908356, 0.03019160032272339, 0.03390934318304062, 0.03801501914858818, 0.03578679636120796, 0.03447318822145462, 0.03649813309311867, 0.03527875617146492, 0.03591246157884598, 0.03102925233542919, 0.029575129970908165, 0.027220740914344788, 0.027261273935437202, 0.03066008724272251, 0.031969260424375534, 0.030429694801568985, 0.033850912004709244];[-0.848635196685791, -0.8406625986099243, -0.8192046284675598, -0.8519282341003418, -0.8205509781837463, -0.8227719068527222, -0.8174863457679749, -0.8485825657844543, -0.8316472172737122, -0.8186869025230408, -0.8198093771934509, -0.8188707828521729, -0.8330799341201782, -0.834921658039093, -0.8160513043403625, -0.8176064491271973, -0.8226824998855591, -0.8452295660972595, -0.8257554173469543, -0.8234713077545166, -0.8308326005935669, -0.82964688539505, -0.8337076902389526, -0.8136983513832092, -0.8101332783699036, -0.8018928170204163, -0.8065225481987, -0.8135608434677124, -0.814396858215332, -0.8095676302909851, -0.8289546966552734];[0.023347487673163414, 0.02770022675395012, 0.025787046179175377, 0.023392323404550552, 0.020915426313877106, 0.018445640802383423, 0.03891455754637718, 0.020179875195026398, 0.02359825372695923, 0.018836332485079765, 0.02439420484006405, 0.016780201345682144, 0.02476903423666954, 0.028610551729798317, 0.03620637580752373, 0.025071606040000916, 0.023310400545597076, 0.02112460695207119, 0.024071628227829933, 0.017379313707351685, 0.02597237192094326, 0.019340330734848976, 0.03992951288819313, 0.019715597853064537, 0.024478372186422348, 0.021149583160877228, 0.020210396498441696, 0.023371823132038116, 0.026511836796998978, 0.020786382257938385];2244.2699387073517
2300;[0.7647644877433777, 0.7679871320724487, 0.7725143432617188, 0.7807170152664185, 0.779413640499115, 0.7778034210205078, 0.7730814218521118, 0.7741491794586182, 0.7788880467414856, 0.7733193039894104, 0.77790367603302, 0.7772954702377319, 0.7792354822158813, 0.7802216410636902, 0.7780234813690186, 0.776581346988678, 0.7819995284080505, 0.777966320514679, 0.7877576351165771, 0.775349497795105, 0.7719582319259644, 0.7756651639938354, 0.7798563241958618, 0.7809472680091858, 0.7787601947784424, 0.7764135599136353, 0.7745471596717834, 0.7700676918029785, 0.7781801223754883, 0.7784700989723206, 0.7748683094978333];[0.02967829816043377, 0.02913207747042179, 0.036580685526132584, 0.04032416641712189, 0.043201033025979996, 0.03933117538690567, 0.0348244234919548, 0.03657466173171997, 0.040728747844696045, 0.03498729318380356, 0.03817453980445862, 0.03863472118973732, 0.03625971078872681, 0.04238622263073921, 0.037702325731515884, 0.03429873660206795, 0.03647046536207199, 0.03620065376162529, 0.041457150131464005, 0.033454813063144684, 0.0337304025888443, 0.03662846237421036, 0.041172828525304794, 0.039149314165115356, 0.04052069038152695, 0.03450340777635574, 0.03499286249279976, 0.0307434294372797, 0.03695997968316078, 0.038855914026498795, 0.0366501584649086];[-0.810307502746582, -0.8075107336044312, -0.8298446536064148, -0.8418508172035217, -0.8483808636665344, -0.8396767973899841, -0.8255007266998291, -0.8298088312149048, -0.8471054434776306, -0.8274060487747192, -0.8414750099182129, -0.8376730680465698, -0.829750120639801, -0.8470327258110046, -0.8351067900657654, -0.8350750207901001, -0.8357423543930054, -0.8315396308898926, -0.8513624668121338, -0.82137131690979, -0.822021484375, -0.833722710609436, -0.8493642807006836, -0.844014048576355, -0.8456953167915344, -0.8237115144729614, -0.8291955590248108, -0.8124927878379822, -0.8359431028366089, -0.8393644094467163, -0.8350088000297546];[0.022685833275318146, 0.02462092414498329, 0.02314719185233116, 0.020428651943802834, 0.02265152707695961, 0.01877518743276596, 0.022175757214426994, 0.02199416235089302, 0.024326791986823082, 0.02306319586932659, 0.0229567252099514, 0.0207306370139122, 0.025970837101340294, 0.03227955102920532, 0.02147098258137703, 0.024992380291223526, 0.023238006979227066, 0.02281646803021431, 0.023494873195886612, 0.030034031718969345, 0.021386055275797844, 0.01806429773569107, 0.02309587597846985, 0.02024484984576702, 0.03176609054207802, 0.02693541720509529, 0.023289550095796585, 0.03536634519696236, 0.026838479563593864, 0.028530387207865715];2230.558290243149
2350;[0.7772398591041565, 0.7791864275932312, 0.7696805000305176, 0.7819197177886963, 0.7795072197914124, 0.7766788601875305, 0.7760896682739258, 0.775708019733429, 0.7780247926712036, 0.7841251492500305, 0.7737870216369629, 0.7704070806503296, 0.7718830108642578, 0.7802427411079407, 0.7682512998580933, 0.7811093926429749, 0.7817004323005676, 0.7754424810409546, 0.782621443271637, 0.787071943283081, 0.7810993790626526, 0.7805795073509216, 0.7844458222389221, 0.8011250495910645, 0.795870840549469, 0.7824724912643433, 0.7834802269935608, 0.7865109443664551, 0.7869120836257935, 0.7899456024169922, 0.7898207902908325];[0.03944852203130722, 0.03970163315534592, 0.03437585011124611, 0.04225855693221092, 0.03983854129910469, 0.03665008395910263, 0.03872527927160263, 0.03707573935389519, 0.041564036160707474, 0.04190005362033844, 0.03260498493909836, 0.029907386749982834, 0.032955292612314224, 0.037826888263225555, 0.03032130002975464, 0.037324488162994385, 0.03756807744503021, 0.03183971717953682, 0.0425209179520607, 0.04443512484431267, 0.03840648755431175, 0.038537878543138504, 0.041172463446855545, 0.053509682416915894, 0.0509537011384964, 0.04027178883552551, 0.041234154254198074, 0.0418262705206871, 0.044867776334285736, 0.04581352323293686, 0.04258907213807106];[-0.8408023118972778, -0.8506184220314026, -0.8237663507461548, -0.8486604690551758, -0.8484516739845276, -0.8439332246780396, -0.8335952162742615, -0.8353365063667297, -0.843993067741394, -0.8487054705619812, -0.8187437653541565, -0.8121296763420105, -0.823196291923523, -0.8345944285392761, -0.8118491172790527, -0.8328896760940552, -0.8347235321998596, -0.8174797296524048, -0.8455840349197388, -0.8558430075645447, -0.8378235697746277, -0.8365640640258789, -0.8486859798431396, -0.8856662511825562, -0.8783645033836365, -0.8429369330406189, -0.8430408835411072, -0.8458928465843201, -0.8536920547485352, -0.8588252663612366, -0.8698302507400513];[0.039988160133361816, 0.02287832275032997, 0.02247612550854683, 0.019191235303878784, 0.030244573950767517, 0.028197895735502243, 0.018961941823363304, 0.020470907911658287, 0.021227478981018066, 0.02282656542956829, 0.019589202478528023, 0.020590927451848984, 0.022673796862363815, 0.023733556270599365, 0.030228685587644577, 0.02501475065946579, 0.020286930724978447, 0.02181966044008732, 0.020546628162264824, 0.020638074725866318, 0.01846250519156456, 0.027262598276138306, 0.02265184558928013, 0.028828175738453865, 0.020509473979473114, 0.022820498794317245, 0.026261623948812485, 0.04830777645111084, 0.021704545244574547, 0.03071308694779873];2247.6755199432373
2400;[0.7749884724617004, 0.7619713544845581, 0.7668533325195312, 0.773433268070221, 0.7733814716339111, 0.7730011940002441, 0.7751628756523132, 0.7649023532867432, 0.7736061811447144, 0.7718906998634338, 0.7686994075775146, 0.7747454047203064, 0.7727490663528442, 0.7691090106964111, 0.7719362378120422, 0.765789806842804, 0.7680708169937134, 0.7704070210456848, 0.7786055207252502, 0.7771154642105103, 0.7772501111030579, 0.7790833115577698, 0.7724044322967529, 0.7768316864967346, 0.771811306476593, 0.7698644399642944, 0.779399037361145, 0.7712363004684448, 0.7752583622932434, 0.7745265364646912, 0.7714096307754517];[0.03647138923406601, 0.02990882657468319, 0.03133969008922577, 0.035767897963523865, 0.033692482858896255, 0.03360654413700104, 0.03634694963693619, 0.03128606826066971, 0.03578837588429451, 0.03661953657865524, 0.030651049688458443, 0.03499532863497734, 0.03714689984917641, 0.03330100700259209, 0.03558287024497986, 0.027405060827732086, 0.03436893969774246, 0.03373820334672928, 0.03619510680437088, 0.037223104387521744, 0.0391094945371151, 0.036516763269901276, 0.032770197838544846, 0.03615355119109154, 0.03324650228023529, 0.033909451216459274, 0.04053904116153717, 0.03478976711630821, 0.03470265120267868, 0.03672834485769272, 0.03314168378710747];[-0.8433907628059387, -0.8134293556213379, -0.8144809603691101, -0.8265977501869202, -0.8229833841323853, -0.823965847492218, -0.8309605717658997, -0.8143165111541748, -0.8277554512023926, -0.8314405083656311, -0.8141856789588928, -0.8459277749061584, -0.8287367224693298, -0.8266761302947998, -0.8279116153717041, -0.805604875087738, -0.8232218623161316, -0.8239074945449829, -0.8328388333320618, -0.829789400100708, -0.8399348258972168, -0.8347306847572327, -0.8216022849082947, -0.8313969969749451, -0.8195009827613831, -0.8247445821762085, -0.8443030714988708, -0.8230077028274536, -0.8277798891067505, -0.831995964050293, -0.8202741742134094];[0.03410791605710983, 0.02297198213636875, 0.021702468395233154, 0.02454589679837227, 0.02368072047829628, 0.023082587867975235, 0.01949704810976982, 0.02361977845430374, 0.017692701891064644, 0.023030489683151245, 0.018477635458111763, 0.022976428270339966, 0.025310609489679337, 0.02221401035785675, 0.025639628991484642, 0.02810737118124962, 0.018520252779126167, 0.02463480830192566, 0.024313997477293015, 0.020896777510643005, 0.020231783390045166, 0.025393538177013397, 0.025491733103990555, 0.021555738523602486, 0.02442040666937828, 0.02919251285493374, 0.02043497934937477, 0.02658565156161785, 0.027462586760520935, 0.026077991351485252];2244.99729681015
2450;[0.7677467465400696, 0.7728946208953857, 0.7681230306625366, 0.7626904249191284, 0.7759978175163269, 0.7660694122314453, 0.7724410891532898, 0.7703732252120972, 0.7778974175453186, 0.7732453942298889, 0.7745723128318787, 0.7770291566848755, 0.7726044654846191, 0.7695222496986389, 0.7717780470848083, 0.7736364006996155, 0.7748536467552185, 0.7726467251777649, 0.7754126787185669, 0.7703263759613037, 0.7676740288734436, 0.7683029770851135, 0.7696207165718079, 0.7700560688972473, 0.7656015157699585, 0.7830300331115723, 0.7634692788124084, 0.7713797688484192, 0.7689621448516846, 0.767666220664978, 0.7753067016601562];[0.03293411433696747, 0.035600446164608, 0.032996758818626404, 0.02893480658531189, 0.03782234340906143, 0.029987845569849014, 0.034520167857408524, 0.033424682915210724, 0.038857731968164444, 0.033757954835891724, 0.036892835050821304, 0.04041120782494545, 0.03438596799969673, 0.032071489840745926, 0.03228317201137543, 0.03429359197616577, 0.03423458710312843, 0.03406341001391411, 0.03444083780050278, 0.03155781328678131, 0.03099183551967144, 0.027757667005062103, 0.03255568444728851, 0.028808193281292915, 0.02883051708340645, 0.03702153265476227, 0.02606547251343727, 0.03339181840419769, 0.03078538551926613, 0.02859330177307129, 0.03274236246943474];[-0.8149830102920532, -0.8273378610610962, -0.8227018713951111, -0.8086219429969788, -0.8369720578193665, -0.8121544718742371, -0.8233280777931213, -0.8221865296363831, -0.8413681387901306, -0.8196778297424316, -0.8316914439201355, -0.8445663452148438, -0.8254671692848206, -0.8174731731414795, -0.8265151381492615, -0.8322325348854065, -0.8217132687568665, -0.8244748711585999, -0.8339722752571106, -0.8160452246665955, -0.8142750263214111, -0.8047330975532532, -0.8195034265518188, -0.8092132806777954, -0.8093923330307007, -0.832775890827179, -0.7982683181762695, -0.818700909614563, -0.8146555423736572, -0.8065142631530762, -0.8170859813690186];[0.021451029926538467, 0.023094259202480316, 0.023993294686079025, 0.01689089834690094, 0.037331853061914444, 0.022673023864626884, 0.02646435983479023, 0.02249733731150627, 0.025709379464387894, 0.025719135999679565, 0.02621014416217804, 0.02888185903429985, 0.031018253415822983, 0.022321080788969994, 0.02626662515103817, 0.02762106992304325, 0.020665138959884644, 0.02109379507601261, 0.028389381244778633, 0.022867176681756973, 0.02094784751534462, 0.019280968233942986, 0.024887727573513985, 0.025219717994332314, 0.025014864280819893, 0.022355925291776657, 0.019255708903074265, 0.02028968185186386, 0.019207356497645378, 0.023533225059509277];2276.4643807411194
2500;[0.7785080671310425, 0.7802416086196899, 0.7717930674552917, 0.7790076732635498, 0.7732319235801697, 0.7669975757598877, 0.7773483991622925, 0.775089681148529, 0.7889121770858765, 0.7770701050758362, 0.7747681736946106, 0.776816189289093, 0.778390109539032, 0.785097062587738, 0.7796619534492493, 0.7723599672317505, 0.7895582914352417, 0.7840567231178284, 0.7839969396591187, 0.7830392718315125, 0.7859158515930176, 0.783479630947113, 0.7811053395271301, 0.7770518660545349, 0.7792754769325256, 0.7900158762931824, 0.785536527633667, 0.7879863977432251, 0.7912235260009766, 0.7890968918800354, 0.7935782074928284];[0.04087982326745987, 0.04185178130865097, 0.032621633261442184, 0.036847472190856934, 0.034959983080625534, 0.03065844625234604, 0.03608729690313339, 0.03347337990999222, 0.0457499735057354, 0.03838563710451126, 0.0355818085372448, 0.036638353019952774, 0.038510512560606, 0.044172100722789764, 0.037171512842178345, 0.03475905954837799, 0.04574597626924515, 0.03888041526079178, 0.04263005033135414, 0.03898041322827339, 0.045049648731946945, 0.042290061712265015, 0.04041759669780731, 0.03533566743135452, 0.039448123425245285, 0.0456981398165226, 0.043983083218336105, 0.043476004153490067, 0.04595208540558815, 0.046742115169763565, 0.049524374306201935];[-0.8479679822921753, -0.8519770503044128, -0.8174439668655396, -0.8325958251953125, -0.8274665474891663, -0.8145707249641418, -0.8340551853179932, -0.8231119513511658, -0.8612977862358093, -0.8382085561752319, -0.8268147706985474, -0.829433798789978, -0.8350270390510559, -0.851753294467926, -0.8322082161903381, -0.8278911113739014, -0.860980749130249, -0.8410394787788391, -0.8486741781234741, -0.8375607132911682, -0.859192967414856, -0.847900927066803, -0.8459952473640442, -0.828603208065033, -0.8400301933288574, -0.8576063513755798, -0.8538621664047241, -0.8552942276000977, -0.8701868057250977, -0.8621636033058167, -0.8791927695274353];[0.02032044529914856, 0.023284247145056725, 0.024107718840241432, 0.021223312243819237, 0.021991048008203506, 0.02672029472887516, 0.0212894044816494, 0.022118840366601944, 0.02176077850162983, 0.022142527624964714, 0.028454074636101723, 0.01761569455265999, 0.022418737411499023, 0.02137169986963272, 0.02423187531530857, 0.022382564842700958, 0.0198003388941288, 0.02961883693933487, 0.02214951626956463, 0.02715623378753662, 0.021522939205169678, 0.022751882672309875, 0.024633346125483513, 0.025574401021003723, 0.0191184114664793, 0.02242983505129814, 0.028380950912833214, 0.03266908600926399, 0.022453276440501213, 0.02211945503950119];2316.897824525833
2550;[0.77707839012146, 0.7727756500244141, 0.7792890071868896, 0.7841365933418274, 0.7803828716278076, 0.7747503519058228, 0.7687451243400574, 0.7731800079345703, 0.7693015933036804, 0.7763187289237976, 0.7738803029060364, 0.7738887667655945, 0.7804469466209412, 0.7817947268486023, 0.7776793241500854, 0.7777276039123535, 0.7717654705047607, 0.7764104008674622, 0.7796548008918762, 0.7774114012718201, 0.7814503312110901, 0.7761982083320618, 0.7813396453857422, 0.7753979563713074, 0.7911282181739807, 0.7758753299713135, 0.7915922999382019, 0.774114727973938, 0.7809866070747375, 0.7755476236343384, 0.7877785563468933];[0.03674916550517082, 0.03456344082951546, 0.04086797311902046, 0.04296373948454857, 0.042318470776081085, 0.03645407781004906, 0.0310938972979784, 0.03532281890511513, 0.03233208507299423, 0.03767024353146553, 0.036328062415122986, 0.0357210710644722, 0.04259958490729332, 0.04164448752999306, 0.038820650428533554, 0.038949426263570786, 0.03334632143378258, 0.03723026067018509, 0.04009217768907547, 0.03753230720758438, 0.039394039660692215, 0.03662639483809471, 0.040868621319532394, 0.03309902176260948, 0.0451546236872673, 0.0343790277838707, 0.048333197832107544, 0.03402332216501236, 0.037208233028650284, 0.03277473896741867, 0.04118281602859497];[-0.8327585458755493, -0.8253741264343262, -0.8433927893638611, -0.8588334918022156, -0.8483387231826782, -0.8328153491020203, -0.8146871328353882, -0.8259108662605286, -0.816852331161499, -0.8312052488327026, -0.8303213119506836, -0.8263266086578369, -0.8483775854110718, -0.8447546362876892, -0.8339610695838928, -0.8374099135398865, -0.8203233480453491, -0.8302544355392456, -0.8409180641174316, -0.8334965705871582, -0.8404698371887207, -0.82906174659729, -0.8460649847984314, -0.8191220164299011, -0.8567211627960205, -0.8265153169631958, -0.880751371383667, -0.8218012452125549, -0.8317629098892212, -0.8184378147125244, -0.8499014377593994];[0.025707043707370758, 0.02069072052836418, 0.022237922996282578, 0.017601296305656433, 0.02258269675076008, 0.019663171842694283, 0.02291409857571125, 0.019299352541565895, 0.025805186480283737, 0.02501215599477291, 0.024812282994389534, 0.019687479361891747, 0.023495269939303398, 0.024732276797294617, 0.01720869354903698, 0.03554684668779373, 0.022344475612044334, 0.02182685397565365, 0.02502518706023693, 0.02261793427169323, 0.024679038673639297, 0.03833542391657829, 0.02251916006207466, 0.026632828637957573, 0.019886022433638573, 0.025300679728388786, 0.021083038300275803, 0.023989206179976463, 0.023042576387524605, 0.02167193964123726];2194.0108058452606
2600;[0.7680361866950989, 0.7701637744903564, 0.7778552174568176, 0.7740156054496765, 0.7742385864257812, 0.7739012241363525, 0.7768446803092957, 0.7638701796531677, 0.7672274708747864, 0.7690966725349426, 0.7695715427398682, 0.7624332308769226, 0.7752358913421631, 0.771801769733429, 0.769258439540863, 0.7711194753646851, 0.7646535038948059, 0.7689825296401978, 0.7658923864364624, 0.7677849531173706, 0.774927020072937, 0.7751378417015076, 0.7697064280509949, 0.7640371322631836, 0.7692012786865234, 0.7625907063484192, 0.773059606552124, 0.7653063535690308, 0.7700044512748718, 0.7642551064491272, 0.7676551342010498];[0.033960726112127304, 0.031098751351237297, 0.03934881091117859, 0.03669634461402893, 0.03529444709420204, 0.03437007963657379, 0.035236939787864685, 0.02762325294315815, 0.029585115611553192, 0.02805742435157299, 0.028501132503151894, 0.026309143751859665, 0.03338205814361572, 0.03243790194392204, 0.028871605172753334, 0.03201030567288399, 0.025428229942917824, 0.029872439801692963, 0.02643801085650921, 0.030239395797252655, 0.033168964087963104, 0.030942631885409355, 0.030026737600564957, 0.02538878656923771, 0.027835359796881676, 0.02234778180718422, 0.03246871381998062, 0.02503548003733158, 0.027968754991889, 0.023880748078227043, 0.025459952652454376];[-0.8221240639686584, -0.8187683820724487, -0.8448465466499329, -0.8296568393707275, -0.8254295587539673, -0.8244752883911133, -0.8314289450645447, -0.8051062226295471, -0.8092817664146423, -0.8072420358657837, -0.8078113794326782, -0.8002769947052002, -0.8282805681228638, -0.8189631104469299, -0.8086495399475098, -0.8164477348327637, -0.800618052482605, -0.814534068107605, -0.805012047290802, -0.8089491128921509, -0.8218274712562561, -0.8305566906929016, -0.8117707967758179, -0.7980949282646179, -0.805797278881073, -0.8015559911727905, -0.8267072439193726, -0.8006165027618408, -0.8050620555877686, -0.7953076362609863, -0.8028530478477478];[0.021698199212551117, 0.023107698187232018, 0.028022481128573418, 0.02997281774878502, 0.02180492877960205, 0.021771728992462158, 0.02285172790288925, 0.027468107640743256, 0.022315405309200287, 0.02042294479906559, 0.021785911172628403, 0.022063490003347397, 0.025139352306723595, 0.021910561248660088, 0.02317044511437416, 0.020762326195836067, 0.022701021283864975, 0.0205758735537529, 0.021938975900411606, 0.021007828414440155, 0.01891052909195423, 0.020018216222524643, 0.025751927867531776, 0.02350464090704918, 0.023644346743822098, 0.02408740296959877, 0.019833112135529518, 0.019957276061177254, 0.026016611605882645, 0.022379685193300247];2266.4521782398224
2650;[0.7740353941917419, 0.7726346850395203, 0.7806796431541443, 0.7750167846679688, 0.7670441269874573, 0.7701454758644104, 0.7755124568939209, 0.7808810472488403, 0.7850794196128845, 0.7816540598869324, 0.7775107622146606, 0.7737454771995544, 0.7764251828193665, 0.7768328785896301, 0.7852515578269958, 0.7835256457328796, 0.7808014750480652, 0.7790645956993103, 0.7846903204917908, 0.7819696068763733, 0.7873303890228271, 0.7785511612892151, 0.7765542268753052, 0.778671383857727, 0.7788665890693665, 0.7881785035133362, 0.7730198502540588, 0.7805988788604736, 0.790617823600769, 0.7919456958770752, 0.7838119864463806];[0.03320349007844925, 0.0371006540954113, 0.04021158441901207, 0.036051660776138306, 0.03153005242347717, 0.03314797207713127, 0.03575659543275833, 0.03867466375231743, 0.0444997102022171, 0.042554568499326706, 0.037581298500299454, 0.03569480776786804, 0.03756893053650856, 0.03841071575880051, 0.04219150170683861, 0.04312392324209213, 0.039233461022377014, 0.036531828343868256, 0.04492775723338127, 0.040584322065114975, 0.04561983421444893, 0.03975175693631172, 0.037282057106494904, 0.037635691463947296, 0.03657042235136032, 0.042476583272218704, 0.03405165299773216, 0.03888830542564392, 0.04619001969695091, 0.04645160213112831, 0.041064489632844925];[-0.8250634670257568, -0.8318927884101868, -0.8399482369422913, -0.8366684317588806, -0.8151976466178894, -0.819820761680603, -0.8319207429885864, -0.8382889628410339, -0.8604163527488708, -0.8534299731254578, -0.8323879241943359, -0.8295395970344543, -0.8326441645622253, -0.8332387804985046, -0.8477858304977417, -0.8503285050392151, -0.8484594821929932, -0.8308295011520386, -0.8630259037017822, -0.8428921103477478, -0.8556789755821228, -0.8421045541763306, -0.8325059413909912, -0.8313830494880676, -0.8337429761886597, -0.8539518713951111, -0.8249292969703674, -0.838837742805481, -0.8805150985717773, -0.8593257069587708, -0.8603339791297913];[0.028237881138920784, 0.024228155612945557, 0.01919136568903923, 0.022038456052541733, 0.029721930623054504, 0.02306642383337021, 0.03252849355340004, 0.019437285140156746, 0.03070968948304653, 0.02527056448161602, 0.024428851902484894, 0.025324825197458267, 0.020993664860725403, 0.021267015486955643, 0.035113923251628876, 0.022756729274988174, 0.024789191782474518, 0.024415593594312668, 0.024401474744081497, 0.018945632502436638, 0.022969750687479973, 0.022738352417945862, 0.019857142120599747, 0.02301010489463806, 0.022266387939453125, 0.01967409811913967, 0.021341554820537567, 0.026132164523005486, 0.01950082741677761, 0.023240404203534126];2218.0560302734375
2700;[0.7685233950614929, 0.7749696969985962, 0.7686969637870789, 0.7800679802894592, 0.7762536406517029, 0.7739647626876831, 0.7711525559425354, 0.776313066482544, 0.780975341796875, 0.7743350267410278, 0.7793553471565247, 0.7739909291267395, 0.7711279392242432, 0.7749581336975098, 0.7729917168617249, 0.7771593332290649, 0.7682080864906311, 0.7622725963592529, 0.7713581919670105, 0.7756052017211914, 0.7742946147918701, 0.7745842933654785, 0.7687884569168091, 0.7726399898529053, 0.7718694806098938, 0.7714729905128479, 0.7724096775054932, 0.7764363884925842, 0.7693367600440979, 0.7716494202613831, 0.7774339318275452];[0.03286826238036156, 0.036515578627586365, 0.030271396040916443, 0.039763450622558594, 0.037500783801078796, 0.034788668155670166, 0.03233516588807106, 0.036613523960113525, 0.041242990642786026, 0.03584438934922218, 0.038260284811258316, 0.035439904779195786, 0.03458461910486221, 0.03418824449181557, 0.03547196462750435, 0.03630776330828667, 0.032563332468271255, 0.027435757219791412, 0.03132500872015953, 0.03246833384037018, 0.0337349958717823, 0.03197632357478142, 0.029592489823698997, 0.030935728922486305, 0.02851746417582035, 0.029042046517133713, 0.0318010188639164, 0.03257526084780693, 0.028460852801799774, 0.029305091127753258, 0.03335864469408989];[-0.8173689842224121, -0.8302491903305054, -0.8120378851890564, -0.8398950695991516, -0.8399841785430908, -0.8230699300765991, -0.8199154734611511, -0.8361587524414062, -0.8556525707244873, -0.8287691473960876, -0.8357567191123962, -0.8432750105857849, -0.8236531615257263, -0.8275676965713501, -0.8252607583999634, -0.8316197395324707, -0.8185053467750549, -0.8003345727920532, -0.8163192272186279, -0.8178313970565796, -0.8228966593742371, -0.8189396262168884, -0.8118635416030884, -0.8192688822746277, -0.8089418411254883, -0.8108288645744324, -0.8156782388687134, -0.8241885900497437, -0.8058969378471375, -0.8077420592308044, -0.8255608677864075];[0.02876732125878334, 0.022226935252547264, 0.024802930653095245, 0.04043195769190788, 0.024390529841184616, 0.020071983337402344, 0.020851625129580498, 0.02001938410103321, 0.02631288580596447, 0.023775935173034668, 0.025906246155500412, 0.02039303071796894, 0.025256050750613213, 0.0229808259755373, 0.023687325417995453, 0.022429505363106728, 0.025064921006560326, 0.022361181676387787, 0.026185480877757072, 0.022608766332268715, 0.02463618479669094, 0.023738324642181396, 0.026176653802394867, 0.024640165269374847, 0.02714308351278305, 0.02404157444834709, 0.019249005243182182, 0.023991670459508896, 0.02626419998705387, 0.021729057654738426];2281.6717126369476
2750;[0.7686010599136353, 0.768086850643158, 0.7754920125007629, 0.7798644304275513, 0.7766276597976685, 0.7666208148002625, 0.7733131647109985, 0.7770827412605286, 0.7730131149291992, 0.7747890949249268, 0.772218644618988, 0.7674009799957275, 0.775970995426178, 0.7755223512649536, 0.7682901620864868, 0.7725467681884766, 0.7648605108261108, 0.7704838514328003, 0.7768827080726624, 0.7694119811058044, 0.7759397029876709, 0.7766567468643188, 0.779533326625824, 0.7739499807357788, 0.7825644016265869, 0.7718106508255005, 0.7657032608985901, 0.7701285481452942, 0.7717534303665161, 0.7746149301528931, 0.7807496190071106];[0.033337730914354324, 0.03447900339961052, 0.04001603648066521, 0.03664351627230644, 0.03884738311171532, 0.03145020455121994, 0.03563548997044563, 0.03485942259430885, 0.030911913141608238, 0.03618886321783066, 0.03252645209431648, 0.032176196575164795, 0.03682425245642662, 0.036143869161605835, 0.030514206737279892, 0.03346499055624008, 0.02754952758550644, 0.031977009028196335, 0.03545982390642166, 0.031157907098531723, 0.03269566223025322, 0.036273032426834106, 0.03733203187584877, 0.0328325554728508, 0.038287270814180374, 0.03096351958811283, 0.02765502780675888, 0.031185271218419075, 0.029927369207143784, 0.03319732844829559, 0.03719460964202881];[-0.8176805973052979, -0.8235543370246887, -0.8430860638618469, -0.8320624232292175, -0.8350011706352234, -0.8157721757888794, -0.8303999900817871, -0.8280000686645508, -0.8174706697463989, -0.8333654403686523, -0.8166616559028625, -0.8202721476554871, -0.8259853720664978, -0.8311383128166199, -0.8120242953300476, -0.8235203623771667, -0.8047075271606445, -0.817127525806427, -0.8279570937156677, -0.8154916763305664, -0.8203704357147217, -0.8271921873092651, -0.8339834213256836, -0.8194096088409424, -0.8406697511672974, -0.8136932253837585, -0.8052639961242676, -0.8175090551376343, -0.8139222264289856, -0.8177688717842102, -0.8495787382125854];[0.01878478191792965, 0.021663598716259003, 0.025437312200665474, 0.02154739573597908, 0.02330441027879715, 0.02302137203514576, 0.027967754751443863, 0.02132512629032135, 0.028938764706254005, 0.030779901891946793, 0.022920450195670128, 0.019255531951785088, 0.01991712860763073, 0.01810232177376747, 0.0368325375020504, 0.031949177384376526, 0.025507261976599693, 0.021031217649579048, 0.02671598270535469, 0.03406444936990738, 0.0279119610786438, 0.019496837630867958, 0.036116376519203186, 0.023780886083841324, 0.02318871021270752, 0.024450302124023438, 0.02375189960002899, 0.020499905571341515, 0.02100325934588909, 0.02114056795835495];2220.224679708481
2800;[0.7688477039337158, 0.7704744935035706, 0.7817895412445068, 0.7770075798034668, 0.7750199437141418, 0.776563823223114, 0.7744100093841553, 0.7904424667358398, 0.7793688774108887, 0.7715882658958435, 0.7802298069000244, 0.7760447263717651, 0.7769703269004822, 0.7850774526596069, 0.7803024649620056, 0.7939171195030212, 0.7806270122528076, 0.7795639634132385, 0.7797097563743591, 0.7808043360710144, 0.7900668978691101, 0.7848358750343323, 0.7814049124717712, 0.7875406742095947, 0.7888762354850769, 0.7845349907875061, 0.7911131381988525, 0.780119001865387, 0.785779595375061, 0.7895457744598389, 0.7849299311637878];[0.030676502734422684, 0.03518803045153618, 0.04201404005289078, 0.03864700719714165, 0.03613123297691345, 0.03608236834406853, 0.03554145246744156, 0.04690183699131012, 0.039511293172836304, 0.03385937958955765, 0.03893861547112465, 0.0385858528316021, 0.036196012049913406, 0.043791092932224274, 0.04220760241150856, 0.049921609461307526, 0.04214977100491524, 0.040550075471401215, 0.03912300989031792, 0.04071957245469093, 0.048773445188999176, 0.04357749968767166, 0.04222170263528824, 0.048200637102127075, 0.04783850535750389, 0.04597955197095871, 0.050872329622507095, 0.042817123234272, 0.04827461391687393, 0.04791482165455818, 0.0457414872944355];[-0.8194093108177185, -0.8270283341407776, -0.8508070707321167, -0.8408303260803223, -0.8411012291908264, -0.8300436735153198, -0.8308706283569336, -0.8816542625427246, -0.8474132418632507, -0.8232787847518921, -0.8355050086975098, -0.8361547589302063, -0.8301709890365601, -0.8545935153961182, -0.8533364534378052, -0.8797282576560974, -0.8511161208152771, -0.8426277041435242, -0.8392021656036377, -0.8423203825950623, -0.8663101196289062, -0.8536202907562256, -0.8509339094161987, -0.8713985085487366, -0.8653433918952942, -0.859457790851593, -0.8726969361305237, -0.8491489291191101, -0.8613543510437012, -0.8696059584617615, -0.86104816198349];[0.02163662388920784, 0.022729406133294106, 0.019049348309636116, 0.021121196448802948, 0.02144397795200348, 0.030464883893728256, 0.020975995808839798, 0.026001255959272385, 0.022555269300937653, 0.02250298298895359, 0.020650995895266533, 0.025237731635570526, 0.019094839692115784, 0.026101091876626015, 0.026411060243844986, 0.026813121512532234, 0.027700595557689667, 0.02348526567220688, 0.021686239168047905, 0.021627774462103844, 0.02048920840024948, 0.024919288232922554, 0.020633768290281296, 0.024494145065546036, 0.022545289248228073, 0.022118976339697838, 0.030854856595396996, 0.02333262749016285, 0.027576005086302757, 0.029483873397111893];2264.0662105083466
2850;[0.7697654366493225, 0.7663443684577942, 0.7637522220611572, 0.769675076007843, 0.7756127119064331, 0.7666635513305664, 0.7676478028297424, 0.7654669880867004, 0.7679705023765564, 0.7657713890075684, 0.7697637677192688, 0.76447594165802, 0.7737049460411072, 0.7630189657211304, 0.7648561000823975, 0.7702911496162415, 0.7723056674003601, 0.7676101326942444, 0.7636874914169312, 0.7765194177627563, 0.766822874546051, 0.7669937610626221, 0.7720627784729004, 0.7685255408287048, 0.7661197185516357, 0.7694857716560364, 0.7649828195571899, 0.777508556842804, 0.7648941278457642, 0.7642021775245667, 0.7597649693489075];[0.0327116996049881, 0.03113568015396595, 0.028615495190024376, 0.03130989521741867, 0.03467559441924095, 0.02925259992480278, 0.029757721349596977, 0.02808385342359543, 0.03185179457068443, 0.02849132940173149, 0.03135884180665016, 0.027697013691067696, 0.033165331929922104, 0.026221729815006256, 0.02918359823524952, 0.03259733319282532, 0.030414704233407974, 0.029016705229878426, 0.026076382026076317, 0.033639613538980484, 0.027267906814813614, 0.027950873598456383, 0.03098895587027073, 0.026947032660245895, 0.025968853384256363, 0.03063669428229332, 0.02753840573132038, 0.03443778678774834, 0.02806728519499302, 0.0258397925645113, 0.02479875646531582];[-0.8201571106910706, -0.8141991496086121, -0.809089720249176, -0.8156972527503967, -0.8260294198989868, -0.8117680549621582, -0.8098488450050354, -0.8069268465042114, -0.8271058797836304, -0.8098477125167847, -0.8177961707115173, -0.8070774674415588, -0.8226500749588013, -0.8015825152397156, -0.8220497965812683, -0.8177040219306946, -0.8525587320327759, -0.8107780814170837, -0.800601601600647, -0.8234421014785767, -0.803672730922699, -0.8083028197288513, -0.8153068423271179, -0.8082724213600159, -0.8005808591842651, -0.8217045068740845, -0.8053861260414124, -0.836648166179657, -0.807101309299469, -0.801999568939209, -0.7986196875572205];[0.021252740174531937, 0.02067086100578308, 0.023297129198908806, 0.031049540266394615, 0.026641352102160454, 0.02225051075220108, 0.02676921710371971, 0.025685690343379974, 0.017770418897271156, 0.020845836028456688, 0.022102680057287216, 0.01988392509520054, 0.024084119126200676, 0.02373100072145462, 0.0260440893471241, 0.026755092665553093, 0.02303246408700943, 0.025663822889328003, 0.021750537678599358, 0.02053232304751873, 0.021595502272248268, 0.024654874578118324, 0.02089141309261322, 0.024671869352459908, 0.023094767704606056, 0.022722985595464706, 0.027054432779550552, 0.020978102460503578, 0.02512032352387905, 0.025410925969481468];2281.774049282074
2900;[0.7813458442687988, 0.7725690603256226, 0.770421028137207, 0.7687661051750183, 0.7741180658340454, 0.7769667506217957, 0.7660326361656189, 0.7597572207450867, 0.7717199325561523, 0.7822596430778503, 0.7633532881736755, 0.7696973085403442, 0.7628584504127502, 0.7719125747680664, 0.762687623500824, 0.7717360854148865, 0.7687703967094421, 0.768571138381958, 0.7678982615470886, 0.7661446332931519, 0.77167809009552, 0.7628923058509827, 0.7672529816627502, 0.7616341710090637, 0.7678713798522949, 0.7688068151473999, 0.7671218514442444, 0.7699815630912781, 0.7596604824066162, 0.7630807161331177, 0.758653461933136];[0.040740303695201874, 0.0343019999563694, 0.0297420471906662, 0.03243182227015495, 0.03650399297475815, 0.03930497542023659, 0.029338013380765915, 0.026641177013516426, 0.03130887821316719, 0.040152955800294876, 0.02897273749113083, 0.032329510897397995, 0.026412641629576683, 0.03171008825302124, 0.027443045750260353, 0.03163082152605057, 0.029583292081952095, 0.03150955215096474, 0.030249718576669693, 0.02904747612774372, 0.03529984876513481, 0.027806594967842102, 0.030550044029951096, 0.026406317949295044, 0.029535183683037758, 0.03336131200194359, 0.029464110732078552, 0.031234728172421455, 0.02686295285820961, 0.027967162430286407, 0.025037791579961777];[-0.8474368453025818, -0.8234128355979919, -0.8124188780784607, -0.8203313946723938, -0.8289770483970642, -0.8408857583999634, -0.8113211989402771, -0.7980989217758179, -0.8163411021232605, -0.8503095507621765, -0.808447003364563, -0.8167321681976318, -0.8003689050674438, -0.818464457988739, -0.8057428002357483, -0.8175691962242126, -0.8098044395446777, -0.8220688700675964, -0.8127496838569641, -0.8075253367424011, -0.8322659730911255, -0.8050654530525208, -0.8096024394035339, -0.8010457754135132, -0.8165555596351624, -0.8231645226478577, -0.8102434873580933, -0.8163293600082397, -0.8060311079025269, -0.8041420578956604, -0.7961899638175964];[0.019545458257198334, 0.02001476101577282, 0.021524665877223015, 0.02654707059264183, 0.022843025624752045, 0.03254571929574013, 0.02045946940779686, 0.024880051612854004, 0.02480490505695343, 0.019696207717061043, 0.023369623348116875, 0.022640042006969452, 0.022767432034015656, 0.020381662994623184, 0.019778460264205933, 0.0195888914167881, 0.025954023003578186, 0.024880405515432358, 0.02102223038673401, 0.02715209871530533, 0.020375225692987442, 0.02029380388557911, 0.02464267984032631, 0.028166648000478745, 0.01944764517247677, 0.025349687784910202, 0.024617822840809822, 0.021290773525834084, 0.021514547988772392, 0.016729017719626427];2218.522988319397
2950;[0.7813006639480591, 0.7692587375640869, 0.7660082578659058, 0.775646448135376, 0.7780322432518005, 0.7717492580413818, 0.7725081443786621, 0.7658119797706604, 0.77663254737854, 0.7791001200675964, 0.7828553318977356, 0.7823193073272705, 0.7789103984832764, 0.7824212312698364, 0.7754897475242615, 0.7796631455421448, 0.7768548130989075, 0.769046425819397, 0.7801967859268188, 0.7732802033424377, 0.7778559327125549, 0.7714027762413025, 0.7756202220916748, 0.783860445022583, 0.7832722663879395, 0.7843748331069946, 0.7761135101318359, 0.7805203199386597, 0.7757489085197449, 0.7856678366661072, 0.7845028042793274];[0.04249199479818344, 0.03322989493608475, 0.030950620770454407, 0.03711177036166191, 0.039537180215120316, 0.03374680504202843, 0.03545212373137474, 0.03054880164563656, 0.038576286286115646, 0.04141905903816223, 0.04235156252980232, 0.0411505401134491, 0.035000525414943695, 0.039006397128105164, 0.038677528500556946, 0.0371883288025856, 0.034483253955841064, 0.02775990217924118, 0.03995271399617195, 0.031127994880080223, 0.03534841537475586, 0.03104768693447113, 0.03441588580608368, 0.03850472718477249, 0.037847887724637985, 0.04105498641729355, 0.034535497426986694, 0.037295881658792496, 0.03279419615864754, 0.0390954315662384, 0.040195807814598083];[-0.8564563393592834, -0.8200070858001709, -0.8119394779205322, -0.828765869140625, -0.8409733772277832, -0.8277237415313721, -0.8320315480232239, -0.813149094581604, -0.8399608135223389, -0.8452301621437073, -0.8481423854827881, -0.8435240387916565, -0.8264555931091309, -0.8404186964035034, -0.8385449647903442, -0.8349906206130981, -0.82465660572052, -0.806337833404541, -0.8414079546928406, -0.8139444589614868, -0.8322976231575012, -0.8156257271766663, -0.8228222727775574, -0.8349711894989014, -0.834538459777832, -0.8487939834594727, -0.8253389596939087, -0.8332071304321289, -0.8170412182807922, -0.8426033854484558, -0.8402037620544434];[0.025265492498874664, 0.021656101569533348, 0.025551240891218185, 0.022755401208996773, 0.03136441856622696, 0.02041928470134735, 0.022398196160793304, 0.020855451002717018, 0.023675188422203064, 0.020972466096282005, 0.02962927147746086, 0.021297907456755638, 0.023019952699542046, 0.021457001566886902, 0.023444540798664093, 0.02482493408024311, 0.025906862691044807, 0.02310577780008316, 0.02181071601808071, 0.020669281482696533, 0.021677212789654732, 0.025131940841674805, 0.02302921563386917, 0.022009532898664474, 0.026583297178149223, 0.025922471657395363, 0.022803984582424164, 0.020880253985524178, 0.020737644284963608, 0.04344388097524643];2294.8782296180725
3000;[0.7795382142066956, 0.7741589546203613, 0.7721482515335083, 0.7757599949836731, 0.7687758803367615, 0.7695433497428894, 0.7675533890724182, 0.7700761556625366, 0.7687287330627441, 0.7741581797599792, 0.7689843773841858, 0.7882891893386841, 0.7673855423927307, 0.7721866369247437, 0.7746159434318542, 0.7697913646697998, 0.7638420462608337, 0.7786341309547424, 0.7633963823318481, 0.77677983045578, 0.7671436071395874, 0.771036684513092, 0.7681298851966858, 0.7737957835197449, 0.7705705761909485, 0.7706327438354492, 0.7735593914985657, 0.7732811570167542, 0.7724518775939941, 0.7762797474861145, 0.774691641330719];[0.038465727120637894, 0.03405522555112839, 0.03345021232962608, 0.037139199674129486, 0.03132093697786331, 0.03155725449323654, 0.03349146246910095, 0.03284734860062599, 0.03148363158106804, 0.03505069762468338, 0.033727291971445084, 0.046088650822639465, 0.033513739705085754, 0.03611728176474571, 0.03453753888607025, 0.031220044940710068, 0.028775446116924286, 0.040918610990047455, 0.028102267533540726, 0.039372626692056656, 0.03173547610640526, 0.034979596734046936, 0.03362111747264862, 0.038675300776958466, 0.03466956317424774, 0.033780135214328766, 0.03887490555644035, 0.03648839145898819, 0.03353993967175484, 0.037742696702480316, 0.0384710319340229];[-0.8446155786514282, -0.8307137489318848, -0.8209900856018066, -0.8352640867233276, -0.8128104209899902, -0.8163924813270569, -0.8209811449050903, -0.8205373883247375, -0.8150526285171509, -0.8272483944892883, -0.8261000514030457, -0.8847418427467346, -0.8206818699836731, -0.829278826713562, -0.8263803124427795, -0.8155192732810974, -0.8069500923156738, -0.8459049463272095, -0.8066065907478333, -0.8423089385032654, -0.8187747001647949, -0.8261598348617554, -0.8195528388023376, -0.8411287069320679, -0.8273817896842957, -0.8215238451957703, -0.834873616695404, -0.8382469415664673, -0.8283640146255493, -0.8341681957244873, -0.8362129926681519];[0.025495069101452827, 0.029238706454634666, 0.022691911086440086, 0.025754474103450775, 0.020815975964069366, 0.018239788711071014, 0.022928975522518158, 0.023751894012093544, 0.02663310430943966, 0.02381197363138199, 0.02749272808432579, 0.028012549504637718, 0.02227039448916912, 0.023880215361714363, 0.0236797071993351, 0.02537843957543373, 0.021029191091656685, 0.02267729863524437, 0.02959909290075302, 0.021235927939414978, 0.025716327130794525, 0.029462184756994247, 0.039665527641773224, 0.022383855655789375, 0.02548219822347164, 0.025882316753268242, 0.02234341949224472, 0.03039270080626011, 0.02118617482483387, 0.026218488812446594];2249.290453672409
3050;[0.771178126335144, 0.7640666365623474, 0.7701771259307861, 0.7752195000648499, 0.7726561427116394, 0.7743393778800964, 0.778438925743103, 0.7677226662635803, 0.7676880955696106, 0.771638810634613, 0.7676792144775391, 0.7744216322898865, 0.7745522260665894, 0.7754864692687988, 0.7716090083122253, 0.7663995623588562, 0.7784745693206787, 0.7662999629974365, 0.7826391458511353, 0.7698935866355896, 0.7723511457443237, 0.7772460579872131, 0.770317018032074, 0.7839974761009216, 0.7884306311607361, 0.7726052403450012, 0.7793794274330139, 0.7760116457939148, 0.7822374701499939, 0.7876660227775574, 0.774195671081543];[0.0329926535487175, 0.028046736493706703, 0.03687335178256035, 0.03749411925673485, 0.03574192151427269, 0.03572824224829674, 0.037408918142318726, 0.030036363750696182, 0.029025886207818985, 0.033044252544641495, 0.031336650252342224, 0.03380557522177696, 0.037567585706710815, 0.03649865463376045, 0.0328865610063076, 0.031207174062728882, 0.03755151852965355, 0.030627980828285217, 0.04076418653130531, 0.029956839978694916, 0.032956596463918686, 0.037725284695625305, 0.03214496746659279, 0.0424678735435009, 0.04740143567323685, 0.03467398136854172, 0.039094872772693634, 0.03665907308459282, 0.039152197539806366, 0.04459662362933159, 0.038004275411367416];[-0.82136070728302, -0.8071591258049011, -0.8307868242263794, -0.8290068507194519, -0.8286685347557068, -0.834077775478363, -0.8316318988800049, -0.8125771284103394, -0.8078468441963196, -0.8216739296913147, -0.8171422481536865, -0.8247031569480896, -0.8446961641311646, -0.8315310478210449, -0.821074903011322, -0.8150724172592163, -0.8388862013816833, -0.8165872097015381, -0.8537049293518066, -0.8143412470817566, -0.8198139071464539, -0.8386983275413513, -0.8200922608375549, -0.8524736762046814, -0.871399998664856, -0.8297681212425232, -0.8375424742698669, -0.8288556933403015, -0.8473452925682068, -0.8559638261795044, -0.8346720933914185];[0.02159750461578369, 0.021558837965130806, 0.019385049119591713, 0.03468205779790878, 0.02143888920545578, 0.024465594440698624, 0.0224908497184515, 0.02552710846066475, 0.020593320950865746, 0.020788712427020073, 0.02581743337213993, 0.025901492685079575, 0.02248239330947399, 0.03111514449119568, 0.017574485391378403, 0.02612331509590149, 0.022151153534650803, 0.023575445637106895, 0.029139015823602676, 0.023847315460443497, 0.023409627377986908, 0.024396253749728203, 0.021595384925603867, 0.02044793590903282, 0.03405338153243065, 0.024753933772444725, 0.021867748349905014, 0.02254667319357395, 0.03164106234908104, 0.02733597531914711];2215.2185056209564
3100;[0.7692521810531616, 0.7644581198692322, 0.7724571824073792, 0.7787867188453674, 0.7719704508781433, 0.7765192985534668, 0.7749603390693665, 0.7748708724975586, 0.7722965478897095, 0.7749013900756836, 0.7710400819778442, 0.7764696478843689, 0.7729184031486511, 0.7825151681900024, 0.7800397872924805, 0.7763703465461731, 0.7805744409561157, 0.7790864109992981, 0.7786411046981812, 0.7790244221687317, 0.7791082859039307, 0.7871612310409546, 0.7780601978302002, 0.7808587551116943, 0.7804819941520691, 0.7820590138435364, 0.7887022495269775, 0.7829312086105347, 0.7870651483535767, 0.778274416923523, 0.7810816168785095];[0.0324285514652729, 0.029535425826907158, 0.03611767292022705, 0.04286311939358711, 0.03522029146552086, 0.03752426430583, 0.03569609671831131, 0.03534632921218872, 0.033779632300138474, 0.0350651890039444, 0.03110038861632347, 0.03652975708246231, 0.03219295293092728, 0.0408189631998539, 0.03781762346625328, 0.036616746336221695, 0.03714922443032265, 0.03611781820654869, 0.03685743734240532, 0.03479882329702377, 0.03570925444364548, 0.04530291259288788, 0.03507348895072937, 0.036497391760349274, 0.03597189858555794, 0.03820875287055969, 0.040410783141851425, 0.03743909299373627, 0.03943073749542236, 0.03383137658238411, 0.035130832344293594];[-0.8188472390174866, -0.8092990517616272, -0.8300701975822449, -0.8521735072135925, -0.8279786705970764, -0.835761308670044, -0.8281970024108887, -0.8273805975914001, -0.8214350938796997, -0.8272223472595215, -0.8151405453681946, -0.838193416595459, -0.8211323022842407, -0.8452472686767578, -0.8346134424209595, -0.829272985458374, -0.8350461721420288, -0.8271905183792114, -0.8307880759239197, -0.8235204219818115, -0.8249727487564087, -0.8643568754196167, -0.8296879529953003, -0.8288545608520508, -0.8269111514091492, -0.8355145454406738, -0.8460835218429565, -0.8405529260635376, -0.8500301241874695, -0.8237397074699402, -0.8254896402359009];[0.023247094824910164, 0.027720343321561813, 0.028971605002880096, 0.030056526884436607, 0.018015580251812935, 0.024099834263324738, 0.027154268696904182, 0.02199755236506462, 0.025225721299648285, 0.02612372487783432, 0.022284209728240967, 0.023410595953464508, 0.0245691929012537, 0.02424209751188755, 0.028469346463680267, 0.02228286676108837, 0.023600246757268906, 0.020381683483719826, 0.020397275686264038, 0.01885690912604332, 0.025831619277596474, 0.021537931635975838, 0.03155207633972168, 0.019568191841244698, 0.025856679305434227, 0.017914891242980957, 0.026190374046564102, 0.02564316987991333, 0.022109337151050568, 0.023487070575356483];2211.7633192539215
3150;[0.7777324914932251, 0.7672013640403748, 0.7750730514526367, 0.7723400592803955, 0.7783436179161072, 0.7764766216278076, 0.7711154818534851, 0.7766327857971191, 0.7844136953353882, 0.7703024744987488, 0.7696439027786255, 0.7632192969322205, 0.7815345525741577, 0.7749675512313843, 0.7765384316444397, 0.7776250839233398, 0.7731021046638489, 0.7686799764633179, 0.7840486168861389, 0.7863262295722961, 0.7808457612991333, 0.7790067195892334, 0.7760255932807922, 0.7764413952827454, 0.7832320928573608, 0.7777473330497742, 0.775213360786438, 0.7711552977561951, 0.7745411396026611, 0.7702786326408386, 0.7780416011810303];[0.03830850496888161, 0.03349941968917847, 0.03535332530736923, 0.03298337757587433, 0.037528932094573975, 0.03601419925689697, 0.031885456293821335, 0.0382089838385582, 0.04347005859017372, 0.030673567205667496, 0.03004062920808792, 0.028371669352054596, 0.03813950717449188, 0.03472776338458061, 0.03374003991484642, 0.03456199914216995, 0.03047611564397812, 0.03131953254342079, 0.03788738325238228, 0.04059911519289017, 0.036883819848299026, 0.03623179718852043, 0.03601779043674469, 0.03461764007806778, 0.039395786821842194, 0.035256750881671906, 0.033954303711652756, 0.029209159314632416, 0.03217051550745964, 0.027957111597061157, 0.03676065802574158];[-0.836405873298645, -0.8231978416442871, -0.8287527561187744, -0.8213613629341125, -0.8340179324150085, -0.8275398015975952, -0.8232637643814087, -0.8392437696456909, -0.8533504605293274, -0.8135867118835449, -0.8162489533424377, -0.8061873316764832, -0.8336902260780334, -0.8273796439170837, -0.8214133381843567, -0.8256219625473022, -0.815883219242096, -0.8164809346199036, -0.839489758014679, -0.8444618582725525, -0.8358756899833679, -0.8379916548728943, -0.8312558531761169, -0.8279982805252075, -0.8388380408287048, -0.8290370106697083, -0.8293167948722839, -0.8110561370849609, -0.8259506225585938, -0.8062848448753357, -0.8342294096946716];[0.01920011080801487, 0.02114262245595455, 0.020731355994939804, 0.018830839544534683, 0.02203018218278885, 0.022855650633573532, 0.020730046555399895, 0.01996506005525589, 0.030433977022767067, 0.02464456483721733, 0.02194604091346264, 0.03399460017681122, 0.01976267248392105, 0.02232397347688675, 0.01920377090573311, 0.02286483533680439, 0.02339194156229496, 0.02590474672615528, 0.019916575402021408, 0.022418517619371414, 0.028795333579182625, 0.02679625153541565, 0.01963101141154766, 0.02497878484427929, 0.023074259981513023, 0.021608194336295128, 0.021621420979499817, 0.018827151507139206, 0.024511991068720818, 0.025044843554496765];2321.214424133301
3200;[0.7738699316978455, 0.7811869382858276, 0.7720567584037781, 0.7768524885177612, 0.7822061777114868, 0.7720953822135925, 0.7767910361289978, 0.766220211982727, 0.7909481525421143, 0.772516667842865, 0.7730873823165894, 0.778785765171051, 0.7706054449081421, 0.7644771337509155, 0.7784984707832336, 0.7732337713241577, 0.7822399735450745, 0.7798155546188354, 0.781063973903656, 0.7803390622138977, 0.7688160538673401, 0.7742231488227844, 0.773895263671875, 0.7844874858856201, 0.7731926441192627, 0.7719826698303223, 0.776948094367981, 0.7821630835533142, 0.7738982439041138, 0.771581768989563, 0.7799485921859741];[0.03582867607474327, 0.042667195200920105, 0.03304567560553551, 0.04033011570572853, 0.041914887726306915, 0.034992292523384094, 0.037713538855314255, 0.03229441121220589, 0.04933404177427292, 0.032658226788043976, 0.0334135964512825, 0.037853121757507324, 0.03350786864757538, 0.028784727677702904, 0.03786623477935791, 0.03247607871890068, 0.04109733924269676, 0.03998123109340668, 0.039069764316082, 0.03930925577878952, 0.0335172563791275, 0.03540991619229317, 0.03568628802895546, 0.04211556166410446, 0.03223327547311783, 0.03333890065550804, 0.03867228329181671, 0.040368709713220596, 0.03451002389192581, 0.034875333309173584, 0.04216364398598671];[-0.8303912878036499, -0.8512250185012817, -0.8224056363105774, -0.8441231846809387, -0.8467602729797363, -0.8377928137779236, -0.8350607752799988, -0.8187488913536072, -0.8769462704658508, -0.8210804462432861, -0.8235700726509094, -0.8368781805038452, -0.8217857480049133, -0.8086833357810974, -0.8325490355491638, -0.8183651566505432, -0.8457489013671875, -0.8401389718055725, -0.8464789986610413, -0.8446067571640015, -0.8219521045684814, -0.8276962637901306, -0.8328638076782227, -0.8479344248771667, -0.8184778690338135, -0.822171151638031, -0.8393826484680176, -0.843612790107727, -0.8248492479324341, -0.8241512775421143, -0.8468618392944336];[0.021765805780887604, 0.02487494982779026, 0.024759579449892044, 0.019473347812891006, 0.0210871584713459, 0.034453134983778, 0.02544151060283184, 0.019898589700460434, 0.029016846790909767, 0.030126092955470085, 0.021953744813799858, 0.019188882783055305, 0.021742913872003555, 0.034395962953567505, 0.026739630848169327, 0.023375630378723145, 0.023894527927041054, 0.01930561102926731, 0.01968764327466488, 0.01981644704937935, 0.021805958822369576, 0.020317725837230682, 0.02011975273489952, 0.021970689296722412, 0.025396250188350677, 0.021102100610733032, 0.024201348423957825, 0.02151433192193508, 0.0350995808839798, 0.025219308212399483];2300.7688784599304
3250;[0.7686925530433655, 0.7769667506217957, 0.7743592858314514, 0.775451123714447, 0.7807969450950623, 0.7692626714706421, 0.7771320343017578, 0.7829225659370422, 0.7722584009170532, 0.7680993676185608, 0.766912579536438, 0.7737087607383728, 0.785455584526062, 0.7793859243392944, 0.7652429938316345, 0.7647528052330017, 0.7813175320625305, 0.7831147313117981, 0.7793331146240234, 0.7738452553749084, 0.7758665680885315, 0.7737633585929871, 0.7766099572181702, 0.7817720770835876, 0.7897489666938782, 0.7780506014823914, 0.7821335792541504, 0.7773237824440002, 0.7803868651390076, 0.7788290977478027, 0.7773690819740295];[0.032502178102731705, 0.03648069128394127, 0.03650616854429245, 0.03810183331370354, 0.041550830006599426, 0.03242920711636543, 0.03674851357936859, 0.04090316593647003, 0.03427108749747276, 0.03220228850841522, 0.029225287958979607, 0.032162394374608994, 0.04467887058854103, 0.03976712003350258, 0.031829070299863815, 0.02915879897773266, 0.04138210788369179, 0.04199889674782753, 0.03931131958961487, 0.036104243248701096, 0.03620796278119087, 0.03505312278866768, 0.035224542021751404, 0.04055219516158104, 0.046740151941776276, 0.035589829087257385, 0.0358305498957634, 0.033981963992118835, 0.038417086005210876, 0.03835166245698929, 0.03646890074014664];[-0.8183684349060059, -0.8312641978263855, -0.830369234085083, -0.8316218256950378, -0.8456072807312012, -0.8181684613227844, -0.8325280547142029, -0.8481594920158386, -0.8321232795715332, -0.8198688626289368, -0.8082289695739746, -0.8203502893447876, -0.8624838590621948, -0.8449218273162842, -0.8158606290817261, -0.8088719844818115, -0.8464615941047668, -0.8531224131584167, -0.8398053050041199, -0.8297656178474426, -0.8307215571403503, -0.8285337686538696, -0.8251029253005981, -0.8407720923423767, -0.8607877492904663, -0.8276636004447937, -0.8430058360099792, -0.8228800296783447, -0.8387157320976257, -0.8406620025634766, -0.8292464017868042];[0.026238590478897095, 0.024569891393184662, 0.04230080544948578, 0.02226150780916214, 0.023496830835938454, 0.02080712467432022, 0.020877841860055923, 0.022020116448402405, 0.029631774872541428, 0.022441290318965912, 0.022322852164506912, 0.02321864292025566, 0.028866682201623917, 0.02120080217719078, 0.02918263152241707, 0.02336839959025383, 0.034461308270692825, 0.02475457265973091, 0.027254488319158554, 0.024025293067097664, 0.020825926214456558, 0.02333308942615986, 0.03402217850089073, 0.03821517899632454, 0.025126859545707703, 0.02136477269232273, 0.023127032443881035, 0.027472741901874542, 0.02203095145523548, 0.02312164008617401];2262.791305065155
3300;[0.7795279026031494, 0.7698541879653931, 0.772401750087738, 0.7697812914848328, 0.7684297561645508, 0.7789940237998962, 0.7771986722946167, 0.7776795029640198, 0.7698593735694885, 0.7726991176605225, 0.7674729824066162, 0.7751920223236084, 0.7771402597427368, 0.7815240621566772, 0.7749432325363159, 0.7692762613296509, 0.77713942527771, 0.7815395593643188, 0.7757732272148132, 0.7804376482963562, 0.7723298072814941, 0.772402286529541, 0.7800445556640625, 0.782279908657074, 0.7807446718215942, 0.7772796154022217, 0.7815084457397461, 0.777362048625946, 0.7771417498588562, 0.7741053700447083, 0.7722464203834534];[0.04072694480419159, 0.03185265511274338, 0.03562404587864876, 0.035386111587285995, 0.03504209592938423, 0.039992768317461014, 0.038949619978666306, 0.04015625640749931, 0.03589100018143654, 0.03758181631565094, 0.03226994723081589, 0.036733366549015045, 0.03992418199777603, 0.03970177471637726, 0.03536500036716461, 0.03179528936743736, 0.03953195735812187, 0.04052652791142464, 0.036466389894485474, 0.03980541229248047, 0.032144732773303986, 0.03356271982192993, 0.04205914959311485, 0.04332615062594414, 0.042881324887275696, 0.03984414041042328, 0.04403093084692955, 0.04018758609890938, 0.04022422805428505, 0.03888397291302681, 0.0353672169148922];[-0.8439280986785889, -0.8157123923301697, -0.8359653949737549, -0.8299264311790466, -0.823734700679779, -0.8455202579498291, -0.8362070322036743, -0.8433982133865356, -0.8288001418113708, -0.8335703611373901, -0.8164651393890381, -0.8326776623725891, -0.8435052037239075, -0.8381919264793396, -0.8292660117149353, -0.8184516429901123, -0.8415104150772095, -0.8418222665786743, -0.8315837979316711, -0.8394578695297241, -0.8250277042388916, -0.8235018253326416, -0.8447272777557373, -0.8538527488708496, -0.848772406578064, -0.8440312743186951, -0.8567413091659546, -0.8439056277275085, -0.8407527804374695, -0.8358206152915955, -0.8289834260940552];[0.0217050239443779, 0.03745005652308464, 0.021356817334890366, 0.023463021963834763, 0.03160404413938522, 0.025249380618333817, 0.019355230033397675, 0.03383374959230423, 0.029422493651509285, 0.0244749803096056, 0.023901211097836494, 0.027705805376172066, 0.024841591715812683, 0.029124900698661804, 0.022165635600686073, 0.022923994809389114, 0.022945793345570564, 0.026573970913887024, 0.03191664069890976, 0.01805102452635765, 0.030952008441090584, 0.018386665731668472, 0.021779639646410942, 0.0198963712900877, 0.022684505209326744, 0.02263732999563217, 0.025218024849891663, 0.021489985287189484, 0.03303305804729462, 0.028856836259365082];2238.208889722824
3350;[0.7736531496047974, 0.7750833630561829, 0.7767519950866699, 0.7802010774612427, 0.7671234607696533, 0.76429682970047, 0.7672110199928284, 0.7775953412055969, 0.7696509957313538, 0.7662973999977112, 0.7656177878379822, 0.7686367630958557, 0.7676560282707214, 0.7649738192558289, 0.7699748873710632, 0.7663232684135437, 0.7650822997093201, 0.7619161605834961, 0.7628926634788513, 0.7577680349349976, 0.7697815299034119, 0.7663326859474182, 0.7703140377998352, 0.7642096877098083, 0.7613672614097595, 0.7618244886398315, 0.763884961605072, 0.7670271396636963, 0.7599372267723083, 0.7655236721038818, 0.7573099732398987];[0.037911467254161835, 0.03713429719209671, 0.037593938410282135, 0.03995051234960556, 0.032352469861507416, 0.028173713013529778, 0.030005648732185364, 0.03697025403380394, 0.031083369627594948, 0.028653761371970177, 0.029737547039985657, 0.031092006713151932, 0.028923070058226585, 0.02499513328075409, 0.0304252952337265, 0.026545504108071327, 0.030390014871954918, 0.026335809379816055, 0.026473527774214745, 0.022525904700160027, 0.03036954253911972, 0.02719440497457981, 0.02796759642660618, 0.025432566180825233, 0.023182807490229607, 0.02607773430645466, 0.027323143556714058, 0.027856135740876198, 0.024957813322544098, 0.02424571104347706, 0.022499671205878258];[-0.8339468240737915, -0.8331525325775146, -0.8334990739822388, -0.8447387218475342, -0.8261837363243103, -0.8091048002243042, -0.8133566379547119, -0.8327032327651978, -0.8188325762748718, -0.8079107999801636, -0.8133974671363831, -0.8177049160003662, -0.8121249675750732, -0.7991912364959717, -0.8119955062866211, -0.8015342354774475, -0.8151867389678955, -0.8008827567100525, -0.7997413873672485, -0.7913967370986938, -0.8139350414276123, -0.8071260452270508, -0.8080504536628723, -0.7979298830032349, -0.7945640683174133, -0.7980568408966064, -0.8059536814689636, -0.8055574893951416, -0.7951265573501587, -0.7964682579040527, -0.7887492179870605];[0.018407389521598816, 0.0237668976187706, 0.023497169837355614, 0.02154546044766903, 0.024853132665157318, 0.021903477609157562, 0.0193161740899086, 0.02236897498369217, 0.019180627539753914, 0.016604861244559288, 0.023850368335843086, 0.023640071973204613, 0.021905522793531418, 0.02853066474199295, 0.025838518515229225, 0.03637535870075226, 0.02442089468240738, 0.023148948326706886, 0.033586807548999786, 0.022025950253009796, 0.02594255656003952, 0.02217373438179493, 0.021464012563228607, 0.018917392939329147, 0.020270001143217087, 0.02072935923933983, 0.02562924101948738, 0.021911602467298508, 0.023000666871666908, 0.03174290433526039];2187.5402472019196
3400;[0.7642442584037781, 0.7683033347129822, 0.7770069241523743, 0.7692312598228455, 0.7733379006385803, 0.7686110734939575, 0.7639672160148621, 0.771884560585022, 0.7728234529495239, 0.7703829407691956, 0.7713930606842041, 0.7651398777961731, 0.7712423801422119, 0.7690929770469666, 0.7728278040885925, 0.7707544565200806, 0.772927463054657, 0.7737774848937988, 0.7746824026107788, 0.7737877368927002, 0.7714980840682983, 0.7699339985847473, 0.7690435647964478, 0.7735766172409058, 0.7773067355155945, 0.7640341520309448, 0.7776309847831726, 0.7780669331550598, 0.7823019027709961, 0.7677457332611084, 0.778613269329071];[0.028251400217413902, 0.031856607645750046, 0.037844620645046234, 0.03354668989777565, 0.03338338062167168, 0.03278494253754616, 0.0285569466650486, 0.0333540178835392, 0.034355904906988144, 0.03464628756046295, 0.03528022766113281, 0.03076915070414543, 0.0354074202477932, 0.035898901522159576, 0.03784850612282753, 0.03360719233751297, 0.039520733058452606, 0.03717266023159027, 0.03727012127637863, 0.036652375012636185, 0.03817601501941681, 0.036684583872556686, 0.034011270850896835, 0.038652028888463974, 0.03995653614401817, 0.02990151382982731, 0.0385638028383255, 0.03863542154431343, 0.04526260122656822, 0.03450905531644821, 0.039271384477615356];[-0.8074080348014832, -0.8174023628234863, -0.8374736905097961, -0.8224379420280457, -0.8209300637245178, -0.8226685523986816, -0.8069150447845459, -0.8204659223556519, -0.8275343179702759, -0.8300020098686218, -0.8279402256011963, -0.815057635307312, -0.8315325975418091, -0.8283806443214417, -0.8430051207542419, -0.8223405480384827, -0.8399258852005005, -0.8329201936721802, -0.8397656083106995, -0.8341677784919739, -0.846685528755188, -0.8493348956108093, -0.8198510408401489, -0.8429010510444641, -0.8445397615432739, -0.810300886631012, -0.8407958745956421, -0.8373157978057861, -0.8686806559562683, -0.8238118290901184, -0.8427067995071411];[0.026457691565155983, 0.02550526149570942, 0.02230171672999859, 0.03718725964426994, 0.022211186587810516, 0.027441326528787613, 0.023032022640109062, 0.034291140735149384, 0.022779472172260284, 0.02107362076640129, 0.04011274129152298, 0.02174614742398262, 0.02971479669213295, 0.02286546118557453, 0.024684647098183632, 0.02945009246468544, 0.026521002873778343, 0.028598777949810028, 0.0235732588917017, 0.031109178438782692, 0.028372228145599365, 0.02376708947122097, 0.021283365786075592, 0.027527427300810814, 0.028515350073575974, 0.022228296846151352, 0.022897256538271904, 0.02121249958872795, 0.01938135176897049, 0.028271568939089775];2179.7446773052216
3450;[0.7701950073242188, 0.7672073245048523, 0.775204062461853, 0.7736797332763672, 0.766999363899231, 0.7678305506706238, 0.7842046618461609, 0.7767364978790283, 0.7792816758155823, 0.7830219268798828, 0.7825499176979065, 0.7766807675361633, 0.782072126865387, 0.7840649485588074, 0.7832871675491333, 0.7826276421546936, 0.7762244939804077, 0.7792177200317383, 0.7835084199905396, 0.7736634612083435, 0.7857491374015808, 0.7876212000846863, 0.7871088981628418, 0.7829899787902832, 0.7777734398841858, 0.7887234091758728, 0.7827193140983582, 0.7769654393196106, 0.7820457220077515, 0.7881845831871033, 0.784340500831604];[0.03263486549258232, 0.03061853162944317, 0.04031046852469444, 0.03763667121529579, 0.03335009142756462, 0.03340781480073929, 0.04472297057509422, 0.03795398026704788, 0.041272666305303574, 0.042464639991521835, 0.04211374372243881, 0.039063286036252975, 0.04193802922964096, 0.045107439160346985, 0.04169713705778122, 0.04316382855176926, 0.037053342908620834, 0.038596197962760925, 0.04059320688247681, 0.03616883605718613, 0.0428704135119915, 0.0421811044216156, 0.04388076066970825, 0.041681017726659775, 0.036830835044384, 0.041075415909290314, 0.03889675810933113, 0.03440264239907265, 0.036897189915180206, 0.042976491153240204, 0.038672562688589096];[-0.8212994337081909, -0.8130114674568176, -0.8419498801231384, -0.8342813849449158, -0.822029709815979, -0.822627067565918, -0.8569661974906921, -0.842827558517456, -0.8446401357650757, -0.8472752571105957, -0.8505883812904358, -0.8412560820579529, -0.8467919230461121, -0.8585240840911865, -0.8551329374313354, -0.8546426892280579, -0.8354695439338684, -0.8356345295906067, -0.8392794728279114, -0.8297439217567444, -0.8627533316612244, -0.8506450057029724, -0.8526319861412048, -0.8463127613067627, -0.8316542506217957, -0.856441080570221, -0.8382865190505981, -0.8244512677192688, -0.8292535543441772, -0.8453408479690552, -0.8374018669128418];[0.024191709235310555, 0.02457863837480545, 0.02843879908323288, 0.01822821795940399, 0.022587211802601814, 0.018331684172153473, 0.023700814694166183, 0.027150439098477364, 0.025525959208607674, 0.022534294053912163, 0.02373543381690979, 0.02373909391462803, 0.020843565464019775, 0.033840905874967575, 0.025307850912213326, 0.021520324051380157, 0.022348377853631973, 0.021171387284994125, 0.021766383200883865, 0.020866528153419495, 0.023883070796728134, 0.02055143006145954, 0.023237718269228935, 0.028561005368828773, 0.02048739418387413, 0.021451838314533234, 0.020757803693413734, 0.02753077633678913, 0.02961522713303566, 0.019154276698827744];1983.4618124961853
3500;[0.7799900770187378, 0.7689688205718994, 0.7798647284507751, 0.7739278674125671, 0.7814028263092041, 0.7726144790649414, 0.7834448218345642, 0.7770364880561829, 0.7803325057029724, 0.7824844121932983, 0.7753238677978516, 0.7670392990112305, 0.778172492980957, 0.781898558139801, 0.7760634422302246, 0.7815053462982178, 0.7741471529006958, 0.7815243601799011, 0.7842140793800354, 0.7782527208328247, 0.7770028114318848, 0.7781268954277039, 0.7753479480743408, 0.7793018817901611, 0.7815156579017639, 0.782953143119812, 0.779971718788147, 0.790520429611206, 0.7845905423164368, 0.7891939878463745, 0.7785873413085938];[0.03934689611196518, 0.030811728909611702, 0.039105962961912155, 0.03378861024975777, 0.043484047055244446, 0.03159305080771446, 0.0427771732211113, 0.03427652269601822, 0.03842569887638092, 0.04123764485120773, 0.03138766810297966, 0.02746451273560524, 0.03504335507750511, 0.036885250359773636, 0.032272856682538986, 0.038985881954431534, 0.03303654491901398, 0.03616965189576149, 0.040190327912569046, 0.03432399034500122, 0.03383473679423332, 0.0331714041531086, 0.03157028928399086, 0.03392595797777176, 0.03472168743610382, 0.03694351017475128, 0.03249421715736389, 0.04235197976231575, 0.039092764258384705, 0.0413813516497612, 0.029869377613067627];[-0.8416905403137207, -0.8168370127677917, -0.8569746017456055, -0.8240907192230225, -0.8494194149971008, -0.8157222867012024, -0.8502494096755981, -0.8206313848495483, -0.8352683782577515, -0.8431373238563538, -0.818679690361023, -0.8040175437927246, -0.8241750597953796, -0.8341090083122253, -0.8202091455459595, -0.8413925766944885, -0.8203418254852295, -0.828935444355011, -0.8427121043205261, -0.8209925293922424, -0.8211733102798462, -0.8238049149513245, -0.8139734864234924, -0.8300237655639648, -0.8269258141517639, -0.8351216316223145, -0.8182861804962158, -0.8559009432792664, -0.8392324447631836, -0.8441230654716492, -0.8125321269035339];[0.02734171599149704, 0.018656671047210693, 0.03072429820895195, 0.01995661109685898, 0.024098193272948265, 0.02206713706254959, 0.02575533278286457, 0.03187054768204689, 0.021256372332572937, 0.02664879895746708, 0.01989486813545227, 0.022405413910746574, 0.0227547287940979, 0.02345157042145729, 0.020093144848942757, 0.023632660508155823, 0.021750949323177338, 0.024729270488023758, 0.020913224667310715, 0.021574903279542923, 0.018076946958899498, 0.022115401923656464, 0.021781478077173233, 0.03243072330951691, 0.028000501915812492, 0.01966717652976513, 0.02527514100074768, 0.0193988885730505, 0.02314508706331253, 0.024019306525588036];2071.957268714905
3550;[0.7742922902107239, 0.7777314782142639, 0.7698597311973572, 0.7820336222648621, 0.7750298380851746, 0.7783029675483704, 0.7754158973693848, 0.7694034576416016, 0.7807890176773071, 0.7711230516433716, 0.7711561918258667, 0.7650123238563538, 0.772915244102478, 0.7765123844146729, 0.7725234031677246, 0.7712391018867493, 0.7763094902038574, 0.7777074575424194, 0.7675269246101379, 0.7761445045471191, 0.7711360454559326, 0.7721713185310364, 0.7730614542961121, 0.7684279680252075, 0.7706612348556519, 0.7653524279594421, 0.7745513319969177, 0.7725123167037964, 0.7786155939102173, 0.7712844610214233, 0.7751768231391907];[0.037251152098178864, 0.0383283868432045, 0.03329341858625412, 0.042001739144325256, 0.03750206157565117, 0.038100577890872955, 0.0370827354490757, 0.03182925283908844, 0.04006214067339897, 0.033286698162555695, 0.031147699803113937, 0.0282223429530859, 0.03174752742052078, 0.034355148673057556, 0.031187904998660088, 0.030535191297531128, 0.03286931663751602, 0.03558514639735222, 0.02923690341413021, 0.034639932215213776, 0.03188631311058998, 0.030711283907294273, 0.031056104227900505, 0.029709432274103165, 0.029294844716787338, 0.02536843530833721, 0.0327434241771698, 0.03013385832309723, 0.03528773412108421, 0.02951989695429802, 0.03422670438885689];[-0.8325448036193848, -0.8402743339538574, -0.8203753232955933, -0.8467147350311279, -0.8340471386909485, -0.8375526666641235, -0.8309163451194763, -0.8168356418609619, -0.8698219060897827, -0.8233451247215271, -0.8164008259773254, -0.8041052222251892, -0.8196104168891907, -0.8262507915496826, -0.814751386642456, -0.8151347637176514, -0.8253052234649658, -0.8284805417060852, -0.810183584690094, -0.8338333964347839, -0.8155214786529541, -0.8172732591629028, -0.8134443163871765, -0.8097067475318909, -0.8109244704246521, -0.7997446656227112, -0.8181614279747009, -0.8148128390312195, -0.8311295509338379, -0.8145091533660889, -0.8269327282905579];[0.023668820038437843, 0.021697456017136574, 0.02577039785683155, 0.02289164625108242, 0.022194374352693558, 0.023315660655498505, 0.023015493527054787, 0.019841769710183144, 0.02642986923456192, 0.022269058972597122, 0.0280541330575943, 0.021675407886505127, 0.020334508270025253, 0.01942083239555359, 0.02343001775443554, 0.02085195481777191, 0.0250276830047369, 0.021859221160411835, 0.026415135711431503, 0.020196733996272087, 0.018505394458770752, 0.022633124142885208, 0.024442486464977264, 0.023878013715147972, 0.024025576189160347, 0.02016606554389, 0.02966233901679516, 0.021486805751919746, 0.023617377504706383, 0.04820018261671066];2188.4107823371887
3600;[0.7710103392601013, 0.7704544067382812, 0.7766079306602478, 0.7737442851066589, 0.7809364199638367, 0.771108865737915, 0.76664137840271, 0.7684302926063538, 0.7651028037071228, 0.7619239687919617, 0.7724711894989014, 0.7702599167823792, 0.7735040187835693, 0.7711803317070007, 0.7686798572540283, 0.7884777784347534, 0.767197847366333, 0.7748792767524719, 0.7838314175605774, 0.779177725315094, 0.7754665613174438, 0.7826730608940125, 0.7777406573295593, 0.772105872631073, 0.7756444215774536, 0.7815428376197815, 0.7838242053985596, 0.7781175971031189, 0.7676262855529785, 0.7756595015525818, 0.773280143737793];[0.036884766072034836, 0.034102797508239746, 0.03862946853041649, 0.03664671257138252, 0.04250987246632576, 0.03412213549017906, 0.03068172186613083, 0.0334894061088562, 0.03180655837059021, 0.028665756806731224, 0.036582376807928085, 0.03433246165513992, 0.03566741570830345, 0.03507143631577492, 0.03353516012430191, 0.044282179325819016, 0.03157545626163483, 0.03592783585190773, 0.04534917697310448, 0.039372678846120834, 0.038313254714012146, 0.04174277186393738, 0.03786938637495041, 0.035066548734903336, 0.036918316036462784, 0.03773605078458786, 0.042161840945482254, 0.040269311517477036, 0.029716577380895615, 0.03642928972840309, 0.030597947537899017];[-0.8321592211723328, -0.8211740255355835, -0.8418064713478088, -0.8357691764831543, -0.8460874557495117, -0.8234184980392456, -0.8100059628486633, -0.8215207457542419, -0.8149101138114929, -0.8076421022415161, -0.8314709663391113, -0.8234175443649292, -0.827751874923706, -0.8269481062889099, -0.8234468698501587, -0.8633469343185425, -0.8211472034454346, -0.8299693465232849, -0.8545432686805725, -0.8387563824653625, -0.8396281599998474, -0.848106324672699, -0.8348513245582581, -0.8232755064964294, -0.829041063785553, -0.8413391709327698, -0.8471323847770691, -0.8441126942634583, -0.8116209506988525, -0.8305335640907288, -0.8135798573493958];[0.022392509505152702, 0.020453358069062233, 0.025000734254717827, 0.026320843026041985, 0.023743649944663048, 0.02825283631682396, 0.02101382613182068, 0.023174041882157326, 0.022549612447619438, 0.023181848227977753, 0.019674232229590416, 0.03863941878080368, 0.02401197887957096, 0.022042591124773026, 0.02397976815700531, 0.023430174216628075, 0.01955452375113964, 0.025012103840708733, 0.025331707671284676, 0.023880815133452415, 0.025316590443253517, 0.023048993200063705, 0.02594665437936783, 0.02291148155927658, 0.021516581997275352, 0.021078675985336304, 0.02225334383547306, 0.02032788097858429, 0.02690090984106064, 0.02158389985561371];2211.875888824463
3650;[0.7695708274841309, 0.7713815569877625, 0.7739962935447693, 0.7794094085693359, 0.7713533043861389, 0.7805771827697754, 0.7727026343345642, 0.7738818526268005, 0.7685302495956421, 0.773709237575531, 0.7772544026374817, 0.7714874148368835, 0.7688886523246765, 0.769336462020874, 0.7743408679962158, 0.77921062707901, 0.7781413197517395, 0.7783021330833435, 0.7780025005340576, 0.7739578485488892, 0.7717257738113403, 0.7761920094490051, 0.7716999650001526, 0.7743175625801086, 0.7782600522041321, 0.7858030200004578, 0.7867081165313721, 0.7802702784538269, 0.7925788164138794, 0.7817492485046387, 0.7901317477226257];[0.033356767147779465, 0.03481699526309967, 0.03491032496094704, 0.03742540255188942, 0.03291001170873642, 0.04068039730191231, 0.03543299064040184, 0.035227641463279724, 0.031877968460321426, 0.03490632772445679, 0.04184684529900551, 0.03488198667764664, 0.033315207809209824, 0.03368610516190529, 0.035069018602371216, 0.0368826650083065, 0.037850815802812576, 0.03898638114333153, 0.03703267499804497, 0.036432862281799316, 0.033899374306201935, 0.039119645953178406, 0.03441851958632469, 0.035730957984924316, 0.0419478714466095, 0.046654269099235535, 0.04351658374071121, 0.03883492946624756, 0.051462508738040924, 0.04314044490456581, 0.04614327475428581];[-0.8181540369987488, -0.8250026106834412, -0.8252129554748535, -0.8469598293304443, -0.8179610967636108, -0.8539935946464539, -0.8264005184173584, -0.8257115483283997, -0.8178403973579407, -0.8253918290138245, -0.8466294407844543, -0.8241384625434875, -0.8223109245300293, -0.8206760883331299, -0.8291453719139099, -0.8351972699165344, -0.835902214050293, -0.8428822159767151, -0.8409709334373474, -0.8300202488899231, -0.8242932558059692, -0.8374168872833252, -0.8245794773101807, -0.8299193382263184, -0.8475989103317261, -0.8570539355278015, -0.8478251099586487, -0.8385659456253052, -0.8717985153198242, -0.8502702713012695, -0.8769362568855286];[0.021808866411447525, 0.023264216259121895, 0.025543836876749992, 0.02122223936021328, 0.022225962951779366, 0.03129903972148895, 0.021705150604248047, 0.030908921733498573, 0.026290200650691986, 0.027218159288167953, 0.023882409557700157, 0.02139212377369404, 0.03437891602516174, 0.022191612049937248, 0.02847481705248356, 0.02041849121451378, 0.025541730225086212, 0.026958197355270386, 0.023843903094530106, 0.021335162222385406, 0.021955160424113274, 0.021649152040481567, 0.026536360383033752, 0.027118144556879997, 0.025918081402778625, 0.023565905168652534, 0.021387679502367973, 0.02033151313662529, 0.026136497035622597, 0.02790013514459133];2320.1768770217896
3700;[0.7767847180366516, 0.7744849920272827, 0.7692832350730896, 0.7683501243591309, 0.7766351103782654, 0.7803225517272949, 0.7733111381530762, 0.7721791863441467, 0.7750789523124695, 0.783757746219635, 0.7850543260574341, 0.7941375970840454, 0.7817593812942505, 0.7803962230682373, 0.7876078486442566, 0.7812162637710571, 0.7833940386772156, 0.7931068539619446, 0.7838473916053772, 0.7774331569671631, 0.7833794951438904, 0.7791171669960022, 0.7836325764656067, 0.7871968746185303, 0.7812334299087524, 0.7929922938346863, 0.7827514410018921, 0.782985508441925, 0.7977872490882874, 0.8013858795166016, 0.7890427112579346];[0.038039159029722214, 0.037458065897226334, 0.03268325328826904, 0.029742859303951263, 0.03766242042183876, 0.039314430207014084, 0.0348224900662899, 0.03498426079750061, 0.03638126328587532, 0.04128715395927429, 0.045417483896017075, 0.05138667672872543, 0.039061035960912704, 0.0399780198931694, 0.04410653933882713, 0.04108560085296631, 0.03965480253100395, 0.04695118963718414, 0.042887356132268906, 0.0350358672440052, 0.04092485085129738, 0.04026084020733833, 0.03937790170311928, 0.04214945435523987, 0.04008252173662186, 0.04578621685504913, 0.04142848402261734, 0.04188675805926323, 0.052360888570547104, 0.055979467928409576, 0.0418911837041378];[-0.8338400721549988, -0.8302308320999146, -0.8208708763122559, -0.8111333250999451, -0.8348296284675598, -0.8436715006828308, -0.822784960269928, -0.8266332745552063, -0.8308604955673218, -0.8467537760734558, -0.8614319562911987, -0.8764339089393616, -0.8374255895614624, -0.8438107371330261, -0.8516523241996765, -0.8488783836364746, -0.8415337204933167, -0.8980280160903931, -0.8523783087730408, -0.8271712064743042, -0.8426280617713928, -0.8425223231315613, -0.8331766724586487, -0.8513297438621521, -0.8423203229904175, -0.860943615436554, -0.8428915739059448, -0.8467069864273071, -0.8806763887405396, -0.8949753046035767, -0.8488940596580505];[0.01925680786371231, 0.028010787442326546, 0.021792931482195854, 0.023128459230065346, 0.024067280814051628, 0.020975030958652496, 0.02233966626226902, 0.01943007856607437, 0.02340007945895195, 0.023281119763851166, 0.020534614101052284, 0.021888969466090202, 0.03049655072391033, 0.02562788315117359, 0.022249290719628334, 0.020565945655107498, 0.024182388558983803, 0.0211169496178627, 0.02509990707039833, 0.02272302657365799, 0.022721294313669205, 0.02359570935368538, 0.023252498358488083, 0.02363664284348488, 0.02712109684944153, 0.023572657257318497, 0.022052373737096786, 0.027971144765615463, 0.023534215986728668, 0.020581135526299477];2214.495039463043
3750;[0.7779315114021301, 0.7776727676391602, 0.7724668979644775, 0.769847571849823, 0.7636203169822693, 0.776563286781311, 0.7658358216285706, 0.7770345211029053, 0.7712530493736267, 0.7734752893447876, 0.7727295756340027, 0.7732360363006592, 0.7727439999580383, 0.7723259925842285, 0.7827125787734985, 0.7752906680107117, 0.7719147801399231, 0.767544686794281, 0.775362491607666, 0.7843599319458008, 0.769104540348053, 0.774742841720581, 0.7752915024757385, 0.7720873951911926, 0.7823566198348999, 0.7743840217590332, 0.7689801454544067, 0.7717896699905396, 0.775025486946106, 0.7763437032699585, 0.7774676084518433];[0.04010831564664841, 0.03828315809369087, 0.03587869554758072, 0.02917037159204483, 0.028650250285863876, 0.03613044694066048, 0.030801301822066307, 0.03628962114453316, 0.03155646473169327, 0.032538410276174545, 0.03260278329253197, 0.03270458057522774, 0.03293365240097046, 0.03226809203624725, 0.03900476172566414, 0.034788619726896286, 0.03050582855939865, 0.028314609080553055, 0.02994542382657528, 0.038548119366168976, 0.026480507105588913, 0.03339478000998497, 0.033937275409698486, 0.029023654758930206, 0.03702326864004135, 0.029529200866818428, 0.025533504784107208, 0.03013257309794426, 0.030150501057505608, 0.03096051514148712, 0.03115559183061123];[-0.8408828377723694, -0.8359143137931824, -0.8299505710601807, -0.8115143775939941, -0.809285044670105, -0.8335080146789551, -0.8160136938095093, -0.8517701625823975, -0.8153225779533386, -0.8181021213531494, -0.8195468187332153, -0.8199408054351807, -0.8271783590316772, -0.8184217810630798, -0.8416279554367065, -0.8307937979698181, -0.8145191073417664, -0.8072275519371033, -0.8126888275146484, -0.8474759459495544, -0.8031800985336304, -0.8190945982933044, -0.8247923851013184, -0.8116663694381714, -0.8330539464950562, -0.8094997406005859, -0.7988749146461487, -0.8111554980278015, -0.8134713172912598, -0.8160495758056641, -0.8152419328689575];[0.02376113273203373, 0.024181755259633064, 0.020349739119410515, 0.02823152393102646, 0.03692910820245743, 0.02206532284617424, 0.026992788538336754, 0.023608677089214325, 0.020066339522600174, 0.027057066559791565, 0.01953592710196972, 0.025209035724401474, 0.02326848730444908, 0.023812657222151756, 0.023645790293812752, 0.030009936541318893, 0.019356437027454376, 0.020295217633247375, 0.022487640380859375, 0.029636410996317863, 0.021463418379426003, 0.019956523552536964, 0.02814975008368492, 0.018777839839458466, 0.021019302308559418, 0.023802759125828743, 0.021042469888925552, 0.019846251234412193, 0.027443448081612587, 0.0194608923047781];2258.5594420433044
3800;[0.7720962762832642, 0.773159921169281, 0.7753647565841675, 0.7621080279350281, 0.7718332409858704, 0.7816373109817505, 0.7758852243423462, 0.7774806618690491, 0.7766099572181702, 0.7830877900123596, 0.7828095555305481, 0.7796056866645813, 0.7825075387954712, 0.7887250781059265, 0.7809948325157166, 0.7867186665534973, 0.7800097465515137, 0.7802028059959412, 0.7813237905502319, 0.7840821743011475, 0.7840266823768616, 0.787685751914978, 0.7823557257652283, 0.7814417481422424, 0.7801702618598938, 0.7952324151992798, 0.7849377989768982, 0.7906830310821533, 0.7878921031951904, 0.788132905960083, 0.7875165939331055];[0.03428170457482338, 0.0389939583837986, 0.03894411772489548, 0.03060082346200943, 0.03462482616305351, 0.04106144607067108, 0.037476796656847, 0.04082959145307541, 0.0356801301240921, 0.041019007563591, 0.04517609253525734, 0.03890213370323181, 0.041401904076337814, 0.04495803266763687, 0.03888750448822975, 0.04571414366364479, 0.03750753402709961, 0.03942032530903816, 0.03900948539376259, 0.042135413736104965, 0.04037243127822876, 0.04395782947540283, 0.03980468213558197, 0.03993372619152069, 0.03883592039346695, 0.052047114819288254, 0.041063014417886734, 0.048634812235832214, 0.04655652120709419, 0.04463627561926842, 0.04478990286588669];[-0.8256890177726746, -0.8407720923423767, -0.8390844464302063, -0.8133376836776733, -0.8283167481422424, -0.8522374033927917, -0.8407347202301025, -0.8492006659507751, -0.8305659890174866, -0.8472276329994202, -0.8582835793495178, -0.8403258919715881, -0.8484089970588684, -0.858694851398468, -0.8430485129356384, -0.8752692341804504, -0.8342034816741943, -0.8404337763786316, -0.8375381827354431, -0.844281792640686, -0.8452014327049255, -0.8563312888145447, -0.8403471112251282, -0.8412833213806152, -0.837057888507843, -0.8889912366867065, -0.841634213924408, -0.8764972686767578, -0.8600532412528992, -0.8557600975036621, -0.857745885848999];[0.02315802127122879, 0.020725710317492485, 0.02285279519855976, 0.025270942598581314, 0.02374063991010189, 0.019765637814998627, 0.024651147425174713, 0.020807703956961632, 0.022740941494703293, 0.01900448091328144, 0.020220458507537842, 0.019250553101301193, 0.019360994920134544, 0.022048428654670715, 0.021836409345269203, 0.018631862476468086, 0.021664295345544815, 0.026302605867385864, 0.019368186593055725, 0.025955453515052795, 0.0240805484354496, 0.025862498208880424, 0.03080880641937256, 0.021565236151218414, 0.023917945101857185, 0.02030450850725174, 0.022729121148586273, 0.022716177627444267, 0.024956071749329567, 0.022053131833672523];2143.9503161907196
3850;[0.7717000842094421, 0.7809185981750488, 0.7765082716941833, 0.7775362730026245, 0.7765660881996155, 0.7821786403656006, 0.7668544054031372, 0.7695072293281555, 0.7722306251525879, 0.7766344547271729, 0.7873597145080566, 0.7773742079734802, 0.772301435470581, 0.7730956077575684, 0.7799076437950134, 0.7806770205497742, 0.7793864607810974, 0.7779200673103333, 0.7792885303497314, 0.7891268134117126, 0.7790701985359192, 0.7795377969741821, 0.7862829566001892, 0.7832003235816956, 0.7819218039512634, 0.7746851444244385, 0.7746546864509583, 0.7773599624633789, 0.7749428153038025, 0.7823147177696228, 0.7782019972801208];[0.035215020179748535, 0.0426969900727272, 0.03930361568927765, 0.03986760228872299, 0.03642559051513672, 0.041211701929569244, 0.03048141673207283, 0.032910678535699844, 0.03211424499750137, 0.03784075006842613, 0.04605081304907799, 0.03770072013139725, 0.03285893797874451, 0.03333492949604988, 0.03724191337823868, 0.039547570049762726, 0.03594587370753288, 0.03819746524095535, 0.03835516795516014, 0.04491638392210007, 0.03720494359731674, 0.03942977264523506, 0.04019077867269516, 0.041307490319013596, 0.041933268308639526, 0.03511382266879082, 0.034445829689502716, 0.03303706273436546, 0.03188969939947128, 0.03872871771454811, 0.03605550527572632];[-0.827389121055603, -0.8659030199050903, -0.8397333025932312, -0.8392844796180725, -0.8284099102020264, -0.8449881672859192, -0.8130728602409363, -0.819629430770874, -0.8192065358161926, -0.8330149054527283, -0.8600305318832397, -0.8347732424736023, -0.8195197582244873, -0.8201906085014343, -0.8313349485397339, -0.837841808795929, -0.8286314606666565, -0.8321443200111389, -0.8353826999664307, -0.8671509623527527, -0.8350138068199158, -0.8393212556838989, -0.8418564796447754, -0.8471521139144897, -0.8432524800300598, -0.8277788162231445, -0.8237782120704651, -0.8233227133750916, -0.8174576759338379, -0.840514600276947, -0.8324582576751709];[0.024246690794825554, 0.022826895117759705, 0.02808135189116001, 0.019051816314458847, 0.026789285242557526, 0.022223766893148422, 0.021916640922427177, 0.022316008806228638, 0.03174591809511185, 0.021225498989224434, 0.02105437032878399, 0.02273937687277794, 0.02641952782869339, 0.025472227483987808, 0.019503170624375343, 0.023704543709754944, 0.02351200580596924, 0.022271251305937767, 0.025324080139398575, 0.02134551666676998, 0.024183496832847595, 0.022445859387516975, 0.03213350474834442, 0.021253887563943863, 0.02784893848001957, 0.021496441215276718, 0.02375270053744316, 0.021223299205303192, 0.021597225219011307, 0.01684281975030899];2090.814602613449
3900;[0.7764260172843933, 0.7712213397026062, 0.7748133540153503, 0.773183286190033, 0.7675808072090149, 0.7809056639671326, 0.7732374668121338, 0.7797538638114929, 0.7794498205184937, 0.7698701024055481, 0.766640305519104, 0.7765371203422546, 0.7734193205833435, 0.7785298228263855, 0.7690746784210205, 0.7686805129051208, 0.7733813524246216, 0.7746286392211914, 0.7673873901367188, 0.766715943813324, 0.7719023823738098, 0.7690388560295105, 0.7700027823448181, 0.7710785269737244, 0.77823406457901, 0.7772226929664612, 0.7704476118087769, 0.7712432742118835, 0.7674535512924194, 0.7672092318534851, 0.7662909030914307];[0.0392027273774147, 0.03424958512187004, 0.03777409717440605, 0.03564324229955673, 0.03221198171377182, 0.04160437732934952, 0.03637294843792915, 0.038235314190387726, 0.038738913834095, 0.03258316218852997, 0.029798263683915138, 0.03470265865325928, 0.03535216301679611, 0.0354434996843338, 0.03084874525666237, 0.0297512486577034, 0.03195979818701744, 0.032167740166187286, 0.026997584849596024, 0.024223966524004936, 0.03045363537967205, 0.028300905600190163, 0.028546107932925224, 0.02922668494284153, 0.03347977623343468, 0.0333942249417305, 0.029337340965867043, 0.02849128656089306, 0.025899462401866913, 0.02744932286441326, 0.02282707206904888];[-0.8461412191390991, -0.821257472038269, -0.8339601755142212, -0.8317365646362305, -0.8204070329666138, -0.8472429513931274, -0.8269931077957153, -0.8495907783508301, -0.8373028635978699, -0.8204979300498962, -0.8145449161529541, -0.8238738775253296, -0.8272515535354614, -0.8367452025413513, -0.81439608335495, -0.8124746084213257, -0.8159871697425842, -0.818611204624176, -0.8044803738594055, -0.7977051138877869, -0.8143107891082764, -0.8079777956008911, -0.8103098273277283, -0.8103846907615662, -0.82508784532547, -0.8187388777732849, -0.8090211153030396, -0.8165871500968933, -0.8078567981719971, -0.8045170903205872, -0.794636607170105];[0.027304045855998993, 0.02259954996407032, 0.02232658863067627, 0.02575889229774475, 0.03684050962328911, 0.024659153074026108, 0.02099086157977581, 0.01934737153351307, 0.025508053600788116, 0.020576905459165573, 0.02306322753429413, 0.01862691529095173, 0.01984473317861557, 0.022740136831998825, 0.021956482902169228, 0.023818787187337875, 0.05950111150741577, 0.024994762614369392, 0.02264658361673355, 0.018325820565223694, 0.021617479622364044, 0.021884161978960037, 0.02213151566684246, 0.02667210064828396, 0.02441503293812275, 0.02495623379945755, 0.024789903312921524, 0.02204826846718788, 0.02764638140797615, 0.022514110431075096];2127.0206186771393
3950;[0.7668476700782776, 0.7853120565414429, 0.7641711235046387, 0.7732588648796082, 0.7711952924728394, 0.7844564318656921, 0.7779467105865479, 0.7801332473754883, 0.7762268781661987, 0.7838519215583801, 0.7786241173744202, 0.7809003591537476, 0.7855682373046875, 0.7758290767669678, 0.7821500301361084, 0.77425616979599, 0.7814410328865051, 0.7788091897964478, 0.7744573354721069, 0.7818418741226196, 0.7793073058128357, 0.7796342372894287, 0.7722892165184021, 0.7753592729568481, 0.7812219262123108, 0.7751808762550354, 0.7850998640060425, 0.7815977931022644, 0.7828621864318848, 0.7829563617706299, 0.7810037136077881];[0.03283039852976799, 0.044993434101343155, 0.030851522460579872, 0.0378083810210228, 0.035997048020362854, 0.04662457853555679, 0.04183991253376007, 0.04101142659783363, 0.03935796394944191, 0.04490932822227478, 0.03947373107075691, 0.0427120141685009, 0.0447504036128521, 0.0423051156103611, 0.04330776259303093, 0.036897577345371246, 0.042348287999629974, 0.04406481981277466, 0.0398031584918499, 0.044215068221092224, 0.04153766483068466, 0.04375922679901123, 0.03775975480675697, 0.03961382433772087, 0.04307233542203903, 0.03963036835193634, 0.045001789927482605, 0.04422507435083389, 0.044985637068748474, 0.046838272362947464, 0.043974265456199646];[-0.8205925226211548, -0.8583237528800964, -0.816042959690094, -0.8350436687469482, -0.8249785304069519, -0.8587470650672913, -0.8471534252166748, -0.8425853252410889, -0.8358977437019348, -0.8629395961761475, -0.8359169960021973, -0.8507993221282959, -0.859375, -0.8461029529571533, -0.863016664981842, -0.8312402963638306, -0.8463723063468933, -0.858850359916687, -0.8442378044128418, -0.8584439158439636, -0.8470016717910767, -0.8536816239356995, -0.8339697122573853, -0.8421189785003662, -0.8483226895332336, -0.8399677276611328, -0.8564428687095642, -0.8540567755699158, -0.8554497361183167, -0.8602252006530762, -0.858218252658844];[0.021890979260206223, 0.027182074263691902, 0.03455628827214241, 0.02330407127737999, 0.023151876404881477, 0.022233739495277405, 0.04196532443165779, 0.020271718502044678, 0.022786157205700874, 0.026276569813489914, 0.02177671529352665, 0.03041277639567852, 0.02711373008787632, 0.02890838123857975, 0.021796002984046936, 0.02597079612314701, 0.02277494966983795, 0.021181728690862656, 0.025601893663406372, 0.027904272079467773, 0.025371138006448746, 0.030454376712441444, 0.026130976155400276, 0.01864106021821499, 0.026280418038368225, 0.024967418983578682, 0.023205209523439407, 0.02521655336022377, 0.024503638967871666, 0.022133905440568924];2090.9083127975464
4000;[0.7758664488792419, 0.7685295343399048, 0.7670462727546692, 0.7749118804931641, 0.7705180644989014, 0.7649564743041992, 0.7645697593688965, 0.7670159339904785, 0.7744898796081543, 0.7699191570281982, 0.771920919418335, 0.7654390931129456, 0.7793369889259338, 0.7667498588562012, 0.7751544713973999, 0.7746756076812744, 0.7752680778503418, 0.7696107625961304, 0.7768676280975342, 0.772573709487915, 0.7712918519973755, 0.7728568911552429, 0.7819264531135559, 0.7770529389381409, 0.7829611897468567, 0.783930778503418, 0.7728814482688904, 0.7755706906318665, 0.7714366316795349, 0.7701752781867981, 0.7753438949584961];[0.0369487926363945, 0.033106498420238495, 0.0333816222846508, 0.03855372965335846, 0.033963557332754135, 0.027991043403744698, 0.03472888842225075, 0.032851990312337875, 0.03855535760521889, 0.03371788188815117, 0.033968985080718994, 0.03241245821118355, 0.04239565134048462, 0.0332527831196785, 0.0381433479487896, 0.03910912945866585, 0.03855116292834282, 0.03411075100302696, 0.03832235932350159, 0.03541003167629242, 0.03533948212862015, 0.03750745207071304, 0.04158874973654747, 0.04134083539247513, 0.04328422620892525, 0.042716849595308304, 0.039188943803310394, 0.03877227008342743, 0.03960896655917168, 0.03453066572546959, 0.04015994444489479];[-0.832825243473053, -0.8188550472259521, -0.8230047821998596, -0.837694525718689, -0.8259204030036926, -0.8145710825920105, -0.8258272409439087, -0.8178517818450928, -0.8420369625091553, -0.8269243240356445, -0.8289304375648499, -0.8191382884979248, -0.8646292090415955, -0.8208156228065491, -0.8393402099609375, -0.8471408486366272, -0.8444740176200867, -0.8212756514549255, -0.8419063091278076, -0.8295104503631592, -0.8266213536262512, -0.8312682509422302, -0.8555498123168945, -0.8482201099395752, -0.8498058915138245, -0.8514716625213623, -0.8379929661750793, -0.8374819159507751, -0.8454951047897339, -0.8274555802345276, -0.8408933281898499];[0.021770795807242393, 0.02467244677245617, 0.02249857224524021, 0.0298865158110857, 0.023723740130662918, 0.02018459513783455, 0.026523813605308533, 0.019039012491703033, 0.023486357182264328, 0.02117990516126156, 0.024877415969967842, 0.023204725235700607, 0.026442207396030426, 0.03663433715701103, 0.0237293541431427, 0.020628398284316063, 0.0211483184248209, 0.019110683351755142, 0.02489524520933628, 0.021878257393836975, 0.021065300330519676, 0.024254754185676575, 0.023493032902479172, 0.023256953805685043, 0.02423235960304737, 0.02323092520236969, 0.021172525361180305, 0.020800244063138962, 0.0220259428024292, 0.030372899025678635];2010.6713607311249
4050;[0.7695102095603943, 0.7786551117897034, 0.7776885032653809, 0.7797006964683533, 0.774364173412323, 0.7760626077651978, 0.7722710967063904, 0.7916727066040039, 0.7757154107093811, 0.7782171964645386, 0.7813261151313782, 0.7722586393356323, 0.7797387838363647, 0.7799474596977234, 0.7765347957611084, 0.7786327600479126, 0.7826815843582153, 0.7796937823295593, 0.7808862328529358, 0.7794554233551025, 0.7793899774551392, 0.796359658241272, 0.7747984528541565, 0.7801053524017334, 0.7808507084846497, 0.7717764973640442, 0.7776150107383728, 0.7736140489578247, 0.7742490172386169, 0.7812817096710205, 0.7728278636932373];[0.03308466449379921, 0.03932035714387894, 0.04009343683719635, 0.04200269654393196, 0.03892267495393753, 0.03913738951086998, 0.03663710877299309, 0.050294987857341766, 0.0410844050347805, 0.040279973298311234, 0.04291775822639465, 0.038703616708517075, 0.04329327493906021, 0.04019765555858612, 0.04056362062692642, 0.04171902686357498, 0.04327230155467987, 0.04363105818629265, 0.042429059743881226, 0.04082457721233368, 0.039551541209220886, 0.05526336655020714, 0.03875870257616043, 0.04203811660408974, 0.042942777276039124, 0.036470163613557816, 0.04107530042529106, 0.03712029382586479, 0.03692244738340378, 0.038994189351797104, 0.035374898463487625];[-0.8229476809501648, -0.8380787968635559, -0.8455545902252197, -0.848620593547821, -0.8367484211921692, -0.8354238867759705, -0.831464409828186, -0.8726428151130676, -0.8445093631744385, -0.8412724733352661, -0.8547658920288086, -0.8398438692092896, -0.8599372506141663, -0.8429929614067078, -0.842836320400238, -0.8491077423095703, -0.8524503111839294, -0.8530539870262146, -0.8522334098815918, -0.8441042304039001, -0.8542115688323975, -0.906855046749115, -0.8395598530769348, -0.860679030418396, -0.8537930846214294, -0.8276260495185852, -0.8448610305786133, -0.8423101902008057, -0.8327741622924805, -0.8380577564239502, -0.8298400640487671];[0.018723785877227783, 0.02085643634200096, 0.03754428029060364, 0.026352357119321823, 0.028758084401488304, 0.023777713999152184, 0.023187827318906784, 0.024740399792790413, 0.020737992599606514, 0.021182389929890633, 0.02187817543745041, 0.024395529180765152, 0.02341359853744507, 0.021113431081175804, 0.023025590926408768, 0.02272811159491539, 0.01965293660759926, 0.027447568252682686, 0.027263673022389412, 0.02016674540936947, 0.0273678507655859, 0.02572091482579708, 0.026072872802615166, 0.02504328452050686, 0.031062331050634384, 0.025026598945260048, 0.028570981696248055, 0.022833792492747307, 0.020706765353679657, 0.027479829266667366];2142.4730491638184
4100;[0.7719650864601135, 0.7756224870681763, 0.7749816179275513, 0.7646424174308777, 0.7815506458282471, 0.7760775685310364, 0.7725862860679626, 0.7731676697731018, 0.7718378901481628, 0.777199387550354, 0.7728740572929382, 0.7754902243614197, 0.7672732472419739, 0.7749133706092834, 0.7814058065414429, 0.7669397592544556, 0.7786871194839478, 0.7795079946517944, 0.772932231426239, 0.776243269443512, 0.7716756463050842, 0.7712740302085876, 0.7758886814117432, 0.7656441330909729, 0.7735945582389832, 0.780494213104248, 0.776235044002533, 0.7808640003204346, 0.7708130478858948, 0.7709974050521851, 0.7627608776092529];[0.03487067297101021, 0.038168177008628845, 0.038696832954883575, 0.03229350596666336, 0.042025405913591385, 0.03730309382081032, 0.03539891541004181, 0.03814289718866348, 0.03490570932626724, 0.04091520607471466, 0.03902215510606766, 0.03999558463692665, 0.03476453199982643, 0.04056123271584511, 0.046506479382514954, 0.03306054323911667, 0.044128965586423874, 0.04459294676780701, 0.04009118303656578, 0.04374482110142708, 0.03702317923307419, 0.03836222365498543, 0.041565097868442535, 0.03366062417626381, 0.038267675787210464, 0.04407816380262375, 0.04184384271502495, 0.04485103487968445, 0.03866773098707199, 0.03734416887164116, 0.03132152557373047];[-0.8271980881690979, -0.8369057178497314, -0.8357229232788086, -0.8184673190116882, -0.8475749492645264, -0.8337371945381165, -0.827995240688324, -0.8341702222824097, -0.8266953229904175, -0.8472750186920166, -0.8389453887939453, -0.8480373024940491, -0.8246381282806396, -0.8467330932617188, -0.8558337688446045, -0.8166118860244751, -0.8576337695121765, -0.8578599691390991, -0.843700647354126, -0.8498857617378235, -0.8323797583580017, -0.8345179557800293, -0.8545114994049072, -0.8205697536468506, -0.8350159525871277, -0.8607298731803894, -0.8612756729125977, -0.8640588521957397, -0.8352292776107788, -0.8351073861122131, -0.8139969110488892];[0.023464197292923927, 0.021206215023994446, 0.022339165210723877, 0.02159298211336136, 0.03150542452931404, 0.02196459472179413, 0.0262695774435997, 0.02108674682676792, 0.026788730174303055, 0.023719243705272675, 0.021439101547002792, 0.020067544654011726, 0.017945781350135803, 0.021039392799139023, 0.024037858471274376, 0.018915563821792603, 0.024638526141643524, 0.02886250615119934, 0.02420758828520775, 0.026015646755695343, 0.023189954459667206, 0.019737817347049713, 0.019599944353103638, 0.018984859809279442, 0.02305762842297554, 0.024915799498558044, 0.023692943155765533, 0.0327414833009243, 0.025012871250510216, 0.026660971343517303];2097.7276372909546
4150;[0.7738735675811768, 0.7733292579650879, 0.7797722816467285, 0.7691094875335693, 0.7753987312316895, 0.7720507979393005, 0.7760717868804932, 0.7763507962226868, 0.7802256941795349, 0.7751630544662476, 0.7701197266578674, 0.773466944694519, 0.77534019947052, 0.7820665836334229, 0.7757715582847595, 0.771105945110321, 0.7626420855522156, 0.770715594291687, 0.7732346653938293, 0.7713091969490051, 0.7895077466964722, 0.7683491706848145, 0.7756686806678772, 0.7703258991241455, 0.7627636790275574, 0.7688192129135132, 0.7657220363616943, 0.7643108367919922, 0.768447995185852, 0.7681286334991455, 0.7729135155677795];[0.037310000509023666, 0.03674694523215294, 0.04209308698773384, 0.03438976779580116, 0.039865341037511826, 0.0365309938788414, 0.03929241746664047, 0.038267482072114944, 0.04287618026137352, 0.038475848734378815, 0.037592921406030655, 0.03803006559610367, 0.04172730818390846, 0.044146597385406494, 0.04115275666117668, 0.036799948662519455, 0.030972611159086227, 0.03568432852625847, 0.03963509574532509, 0.03771373629570007, 0.052427396178245544, 0.03718084096908569, 0.039761971682310104, 0.03767803683876991, 0.033019933849573135, 0.03484040126204491, 0.033848412334918976, 0.033984772861003876, 0.036815300583839417, 0.0346093475818634, 0.03909596800804138];[-0.8332653641700745, -0.8385384678840637, -0.8499813675880432, -0.8275648951530457, -0.8415244221687317, -0.8353250622749329, -0.8407270312309265, -0.8354436159133911, -0.8480461239814758, -0.8407418131828308, -0.8330305218696594, -0.8356356024742126, -0.8454235792160034, -0.8598380088806152, -0.8441388010978699, -0.8306483030319214, -0.8159714341163635, -0.8257264494895935, -0.8389986753463745, -0.8330655097961426, -0.8947700262069702, -0.8322462439537048, -0.8405554294586182, -0.8366261124610901, -0.8228439688682556, -0.8261152505874634, -0.8209624290466309, -0.8219321370124817, -0.8305843472480774, -0.8269970417022705, -0.8383033871650696];[0.020640529692173004, 0.02220684289932251, 0.021423980593681335, 0.020912988111376762, 0.022330868989229202, 0.02312522754073143, 0.02136099711060524, 0.024795323610305786, 0.019303802400827408, 0.023653166368603706, 0.018330074846744537, 0.024821236729621887, 0.02720726653933525, 0.022881552577018738, 0.02260735258460045, 0.019254440441727638, 0.025994056835770607, 0.02005661465227604, 0.018506251275539398, 0.02428191900253296, 0.0262845940887928, 0.024354800581932068, 0.020491596311330795, 0.021284110844135284, 0.023331884294748306, 0.021157044917345047, 0.022399481385946274, 0.021655751392245293, 0.025900114327669144, 0.022304784506559372];2196.218731403351
4200;[0.774819552898407, 0.7677358388900757, 0.774933397769928, 0.7736098766326904, 0.782590389251709, 0.7763879299163818, 0.7711529731750488, 0.7693083882331848, 0.7730295658111572, 0.767655074596405, 0.7671055197715759, 0.7735942602157593, 0.7801362872123718, 0.7758121490478516, 0.7728050947189331, 0.7806452512741089, 0.7716934680938721, 0.7687569260597229, 0.776188850402832, 0.7782112956047058, 0.7843788266181946, 0.7821369171142578, 0.7801137566566467, 0.7732383012771606, 0.7745633125305176, 0.775956928730011, 0.7735835313796997, 0.7780814170837402, 0.774208664894104, 0.7657689452171326, 0.7771538496017456];[0.03890760987997055, 0.027704447507858276, 0.03553977981209755, 0.033966049551963806, 0.041204940527677536, 0.03623874485492706, 0.03090636432170868, 0.03040206991136074, 0.03352947533130646, 0.029334647580981255, 0.027708647772669792, 0.03174230456352234, 0.03594179078936577, 0.033340949565172195, 0.029452983289957047, 0.03468506783246994, 0.02911497838795185, 0.026505548506975174, 0.0298929363489151, 0.03224179521203041, 0.03841642662882805, 0.03607707843184471, 0.034559644758701324, 0.027975978329777718, 0.03005676344037056, 0.03487975150346756, 0.031281959265470505, 0.031963247805833817, 0.02885918878018856, 0.02323058806359768, 0.030433235689997673];[-0.8345641493797302, -0.8095396757125854, -0.8277496695518494, -0.8369237184524536, -0.8528494238853455, -0.8279227018356323, -0.8135119676589966, -0.8166549205780029, -0.8224241137504578, -0.8078738451004028, -0.8036935329437256, -0.8173916339874268, -0.8285770416259766, -0.8174500465393066, -0.8105390667915344, -0.8296833634376526, -0.8113505840301514, -0.8006407618522644, -0.8111845850944519, -0.8155215978622437, -0.833915114402771, -0.8308233022689819, -0.8237499594688416, -0.8081387877464294, -0.822431743144989, -0.8260919451713562, -0.816425085067749, -0.8222308158874512, -0.8104648590087891, -0.7942214012145996, -0.8131977915763855];[0.023098373785614967, 0.022967999801039696, 0.024452514946460724, 0.024788912385702133, 0.024415036663413048, 0.02569739893078804, 0.02206198126077652, 0.02150038816034794, 0.02182776853442192, 0.020560050383210182, 0.02337351255118847, 0.01982433907687664, 0.020329611375927925, 0.024302372708916664, 0.02136976830661297, 0.018652131780982018, 0.02076696790754795, 0.021504584699869156, 0.020013438537716866, 0.02189457416534424, 0.02705342508852482, 0.01844414509832859, 0.023751964792609215, 0.023882651701569557, 0.022140521556138992, 0.02855774573981762, 0.02668832056224346, 0.019166504964232445, 0.020378412678837776, 0.02186790108680725];2134.646436214447
4250;[0.7660307884216309, 0.7683960199356079, 0.7713219523429871, 0.7688620090484619, 0.7762548327445984, 0.7630966305732727, 0.7773151993751526, 0.7670810222625732, 0.7663631439208984, 0.7719104886054993, 0.774158775806427, 0.7725339531898499, 0.7789635062217712, 0.7676357626914978, 0.7819329500198364, 0.7768377661705017, 0.7774890661239624, 0.7722416520118713, 0.7767409086227417, 0.7743976712226868, 0.786620020866394, 0.7795843482017517, 0.7823156118392944, 0.7806042432785034, 0.7764172554016113, 0.7824307680130005, 0.7819317579269409, 0.7833858728408813, 0.7770628333091736, 0.7778541445732117, 0.7808577418327332];[0.030949516221880913, 0.03338830545544624, 0.03348767012357712, 0.032789941877126694, 0.035190876573324203, 0.026655012741684914, 0.03809015452861786, 0.030910763889551163, 0.030201392248272896, 0.033172257244586945, 0.03471063822507858, 0.032625824213027954, 0.036407992243766785, 0.028525477275252342, 0.037731148302555084, 0.0344850979745388, 0.03335068002343178, 0.031963955610990524, 0.037480562925338745, 0.03289530798792839, 0.04218947887420654, 0.0353628471493721, 0.03539940342307091, 0.03587251529097557, 0.03673626855015755, 0.034152835607528687, 0.03727879002690315, 0.03923581540584564, 0.03535480797290802, 0.034474313259124756, 0.03674865514039993];[-0.8158609867095947, -0.8191384077072144, -0.82706218957901, -0.8166951537132263, -0.8275588750839233, -0.8045812845230103, -0.8376116752624512, -0.8155628442764282, -0.812444269657135, -0.8165403604507446, -0.8245101571083069, -0.8213354349136353, -0.8284887075424194, -0.8041194081306458, -0.8381064534187317, -0.82680743932724, -0.8228725790977478, -0.8226644992828369, -0.8330455422401428, -0.8233619332313538, -0.853735089302063, -0.8280585408210754, -0.8357255458831787, -0.8264203667640686, -0.8311622142791748, -0.8256344199180603, -0.8351390361785889, -0.8398793339729309, -0.8326050043106079, -0.8268216848373413, -0.8293024897575378];[0.024619711562991142, 0.020795153453946114, 0.03249197453260422, 0.023199692368507385, 0.026870276778936386, 0.020854678004980087, 0.020969869568943977, 0.03512604534626007, 0.021532442420721054, 0.022050339728593826, 0.02230394072830677, 0.020449725911021233, 0.026181073859333992, 0.02682921476662159, 0.02316264994442463, 0.02014859765768051, 0.022971224039793015, 0.01980452984571457, 0.02048732340335846, 0.021914934739470482, 0.023699935525655746, 0.02881529927253723, 0.021734898909926414, 0.021822284907102585, 0.021739739924669266, 0.021266911178827286, 0.033726710826158524, 0.021796610206365585, 0.02184632234275341, 0.02357526496052742];2122.486045360565
4300;[0.7731620073318481, 0.7671108245849609, 0.779464602470398, 0.7727829217910767, 0.7737199068069458, 0.7789655327796936, 0.7805535197257996, 0.7747567892074585, 0.7811227440834045, 0.7772104144096375, 0.7786659002304077, 0.7764112949371338, 0.7760390043258667, 0.7783536911010742, 0.7732310891151428, 0.7770484089851379, 0.7830600738525391, 0.7890698313713074, 0.7796642184257507, 0.7804394364356995, 0.7830953598022461, 0.7764501571655273, 0.7765970826148987, 0.7769556641578674, 0.784407913684845, 0.7799004912376404, 0.7850001454353333, 0.7894457578659058, 0.7909587025642395, 0.7829112410545349, 0.7792500853538513];[0.0369359627366066, 0.03213167190551758, 0.04300297424197197, 0.03705500066280365, 0.0371653288602829, 0.03842676058411598, 0.041837967932224274, 0.037011511623859406, 0.04227019473910332, 0.03833385929465294, 0.041410867124795914, 0.03859071061015129, 0.037553295493125916, 0.037981778383255005, 0.03686026111245155, 0.04013592377305031, 0.04422524571418762, 0.04656051844358444, 0.03816120699048042, 0.03954954445362091, 0.039659712463617325, 0.035387299954891205, 0.03379540517926216, 0.03828534111380577, 0.03977947309613228, 0.038981933146715164, 0.03985060751438141, 0.04292329400777817, 0.04369735345244408, 0.03586778789758682, 0.03688933700323105];[-0.8307245969772339, -0.8299205899238586, -0.8618313670158386, -0.8286445140838623, -0.8320358991622925, -0.8445006608963013, -0.8455550670623779, -0.8434937596321106, -0.8472476601600647, -0.8415111303329468, -0.8424688577651978, -0.847846508026123, -0.837706983089447, -0.8399347066879272, -0.8305670619010925, -0.8414666056632996, -0.8527616262435913, -0.8620540499687195, -0.8393317461013794, -0.8398646116256714, -0.8424779176712036, -0.8250076174736023, -0.8227991461753845, -0.8368027806282043, -0.8391060829162598, -0.839756429195404, -0.8450191617012024, -0.8571773171424866, -0.8627937436103821, -0.8367128372192383, -0.8347673416137695];[0.027706732973456383, 0.021429890766739845, 0.02128380723297596, 0.024154484272003174, 0.023415545001626015, 0.02657206915318966, 0.024180976673960686, 0.01981162652373314, 0.02866542711853981, 0.027338536456227303, 0.02304076962172985, 0.024760466068983078, 0.022971102967858315, 0.020493123680353165, 0.023219628259539604, 0.01762799732387066, 0.024571796879172325, 0.02407866157591343, 0.024587444961071014, 0.027045948430895805, 0.02130911871790886, 0.023104721680283546, 0.022901225835084915, 0.024536505341529846, 0.020887069404125214, 0.023928508162498474, 0.03227565810084343, 0.020772788673639297, 0.021187536418437958, 0.024395037442445755];2105.000750541687
4350;[0.7711126208305359, 0.7739845514297485, 0.7755570411682129, 0.7688353061676025, 0.7701224684715271, 0.7694727778434753, 0.7727881073951721, 0.7711054682731628, 0.774956226348877, 0.7718461751937866, 0.7765085697174072, 0.7716782093048096, 0.7797784209251404, 0.7734270691871643, 0.7718419432640076, 0.7705915570259094, 0.7727587819099426, 0.7658519744873047, 0.7728007435798645, 0.7736161947250366, 0.7743520736694336, 0.7809107899665833, 0.7808983325958252, 0.7755103707313538, 0.7721889019012451, 0.7797454595565796, 0.7716515064239502, 0.7779120802879333, 0.7764399647712708, 0.7772982120513916, 0.7786915898323059];[0.03230096027255058, 0.03470120579004288, 0.03819122910499573, 0.034307997673749924, 0.036295752972364426, 0.0312923826277256, 0.03437653183937073, 0.03519998490810394, 0.03603677079081535, 0.034483909606933594, 0.03880450502038002, 0.036395832896232605, 0.04206414148211479, 0.03637975826859474, 0.036000922322273254, 0.03344092518091202, 0.03715288266539574, 0.032218195497989655, 0.036554351449012756, 0.03764742985367775, 0.03732839599251747, 0.04083431884646416, 0.0449565090239048, 0.03804222494363785, 0.034995999187231064, 0.04240003973245621, 0.03492503985762596, 0.03988747298717499, 0.03796779736876488, 0.038700170814991, 0.03824848681688309];[-0.818899393081665, -0.8263117074966431, -0.8321362733840942, -0.8224250674247742, -0.8318796753883362, -0.8143745064735413, -0.8370372653007507, -0.8279349207878113, -0.8299738764762878, -0.8254674077033997, -0.8386710286140442, -0.826783299446106, -0.8500590324401855, -0.830703616142273, -0.8316312432289124, -0.8246075510978699, -0.8351568579673767, -0.8177597522735596, -0.8307581543922424, -0.8337981104850769, -0.8329519033432007, -0.8465157747268677, -0.8556040525436401, -0.8382092118263245, -0.8318813443183899, -0.8505175709724426, -0.8275256156921387, -0.84160315990448, -0.8363906145095825, -0.8386393189430237, -0.8789401650428772];[0.020087072625756264, 0.024193236604332924, 0.020932791754603386, 0.02324887178838253, 0.0232830960303545, 0.02124486118555069, 0.022510219365358353, 0.02009301818907261, 0.023190665990114212, 0.025557519868016243, 0.022327551618218422, 0.023158272728323936, 0.03142405301332474, 0.019380439072847366, 0.03249967843294144, 0.020467624068260193, 0.02529801055788994, 0.021631084382534027, 0.023743700236082077, 0.027553623542189598, 0.020908234640955925, 0.021295275539159775, 0.022139251232147217, 0.022679582238197327, 0.027045203372836113, 0.021160606294870377, 0.022275574505329132, 0.023522373288869858, 0.02783326618373394, 0.02181326039135456];1969.171320438385
4400;[0.7702599763870239, 0.7713190913200378, 0.773054301738739, 0.7790784239768982, 0.7775741219520569, 0.7784865498542786, 0.7697397470474243, 0.776644766330719, 0.7746277451515198, 0.7735777497291565, 0.7718930840492249, 0.7864957451820374, 0.7783918380737305, 0.772629976272583, 0.781238853931427, 0.7783069610595703, 0.7881617546081543, 0.7867990732192993, 0.7794473171234131, 0.7720527052879333, 0.7701582312583923, 0.7908716797828674, 0.7770330309867859, 0.7807658314704895, 0.7729080319404602, 0.7841617465019226, 0.7747703194618225, 0.7803319096565247, 0.7812338471412659, 0.7848683595657349, 0.776870846748352];[0.03421413153409958, 0.035468559712171555, 0.037824589759111404, 0.0394284762442112, 0.03961890935897827, 0.043290238827466965, 0.034435905516147614, 0.040758028626441956, 0.03888874500989914, 0.03947073966264725, 0.034836545586586, 0.04596832022070885, 0.040888961404561996, 0.0362609326839447, 0.042924873530864716, 0.03828607127070427, 0.04977114871144295, 0.04546435922384262, 0.03872372582554817, 0.033753182739019394, 0.03367204591631889, 0.04550367593765259, 0.036802686750888824, 0.04379144310951233, 0.03664455562829971, 0.046530675143003464, 0.037613872438669205, 0.042514197528362274, 0.0431981198489666, 0.04247412458062172, 0.04013611003756523];[-0.8220859169960022, -0.8287574648857117, -0.8361361026763916, -0.8407585024833679, -0.8436267375946045, -0.8562521934509277, -0.8326129913330078, -0.8456106185913086, -0.8370429873466492, -0.8338057398796082, -0.8272037506103516, -0.8643438220024109, -0.840962290763855, -0.8288314938545227, -0.8546769022941589, -0.8386877775192261, -0.8894966840744019, -0.8550333976745605, -0.8377067446708679, -0.8230720162391663, -0.8232643008232117, -0.9264042377471924, -0.8282970786094666, -0.852719247341156, -0.831047773361206, -0.8580794930458069, -0.8300575017929077, -0.8526905179023743, -0.8501982092857361, -0.8513473868370056, -0.839329183101654];[0.029555058106780052, 0.01910625398159027, 0.024565421044826508, 0.02164929360151291, 0.03340151160955429, 0.022373881191015244, 0.02639128267765045, 0.021843617781996727, 0.030278343707323074, 0.026969686150550842, 0.028181498870253563, 0.02789739891886711, 0.03445128723978996, 0.022486429661512375, 0.023675240576267242, 0.027373161166906357, 0.023487145081162453, 0.025741666555404663, 0.022233320400118828, 0.02164626307785511, 0.031666092574596405, 0.021992763504385948, 0.023592062294483185, 0.021585993468761444, 0.02802407369017601, 0.02256793901324272, 0.02817194163799286, 0.026967447251081467, 0.025017455220222473, 0.030366962775588036];2031.1927721500397
4450;[0.773384153842926, 0.7712627053260803, 0.7751784324645996, 0.7813194394111633, 0.7707245349884033, 0.7724854946136475, 0.7720247507095337, 0.7733228206634521, 0.7764226794242859, 0.7724363207817078, 0.7796289324760437, 0.7670746445655823, 0.765352189540863, 0.7750273942947388, 0.7761610746383667, 0.7666767835617065, 0.7656583786010742, 0.775627851486206, 0.7704150676727295, 0.7694522738456726, 0.765243411064148, 0.7686062455177307, 0.7762547135353088, 0.7723872661590576, 0.7635980844497681, 0.7742921113967896, 0.7655413746833801, 0.7636778354644775, 0.7736603617668152, 0.7673400640487671, 0.7721018195152283];[0.03670812398195267, 0.033583130687475204, 0.03687676787376404, 0.04152241721749306, 0.033080145716667175, 0.03805282339453697, 0.03549594059586525, 0.03657466918230057, 0.03599059209227562, 0.03433261811733246, 0.04255441576242447, 0.033305298537015915, 0.03028646484017372, 0.03851865231990814, 0.03706105053424835, 0.029754359275102615, 0.03003828600049019, 0.03942599520087242, 0.0329098179936409, 0.033431585878133774, 0.028541991487145424, 0.03096444346010685, 0.03546523675322533, 0.033377815037965775, 0.02814883179962635, 0.0336129404604435, 0.02948371134698391, 0.027475569397211075, 0.034329429268836975, 0.028782282024621964, 0.03326750546693802];[-0.8316198587417603, -0.8201395273208618, -0.8290340304374695, -0.8472813963890076, -0.8220478892326355, -0.836075484752655, -0.8229527473449707, -0.8298689723014832, -0.8290278911590576, -0.8282934427261353, -0.8472822308540344, -0.8242288827896118, -0.8101146817207336, -0.840503454208374, -0.8304929137229919, -0.8103036880493164, -0.8101934790611267, -0.8421539068222046, -0.8190286755561829, -0.8221945762634277, -0.8091961741447449, -0.8182973861694336, -0.8316009640693665, -0.8278248310089111, -0.8075956106185913, -0.8292906284332275, -0.8104034066200256, -0.8062880039215088, -0.8269621729850769, -0.809011697769165, -0.8238978981971741];[0.03350009024143219, 0.023583881556987762, 0.021566858515143394, 0.02290322817862034, 0.020980767905712128, 0.02660909667611122, 0.027674810960888863, 0.02237684465944767, 0.024434182792901993, 0.021887963637709618, 0.029099689796566963, 0.024662073701620102, 0.022753579542040825, 0.02581332065165043, 0.02225853130221367, 0.02652592957019806, 0.02274138666689396, 0.023892059922218323, 0.028998270630836487, 0.02250465750694275, 0.022939356043934822, 0.034844134002923965, 0.02337820455431938, 0.02404811978340149, 0.022705301642417908, 0.02243417128920555, 0.02308589406311512, 0.022784791886806488, 0.024760086089372635, 0.026514261960983276];2091.893586874008
4500;[0.7799035906791687, 0.7798491716384888, 0.7687391638755798, 0.7731339931488037, 0.7753775119781494, 0.7666225433349609, 0.7699888348579407, 0.7739285826683044, 0.7753450870513916, 0.76430344581604, 0.7833556532859802, 0.7675960659980774, 0.7670466899871826, 0.7730963826179504, 0.777453601360321, 0.7823182940483093, 0.7722371816635132, 0.7755142450332642, 0.7705418467521667, 0.7752275466918945, 0.7710064053535461, 0.7718482613563538, 0.7683334946632385, 0.7712746858596802, 0.7778196930885315, 0.7663100957870483, 0.7757374048233032, 0.767793595790863, 0.7737128138542175, 0.7816994786262512, 0.7649991512298584];[0.04227187857031822, 0.03904375433921814, 0.0338190533220768, 0.03617449849843979, 0.03742385655641556, 0.030063902959227562, 0.03170590475201607, 0.03556616231799126, 0.037524838000535965, 0.031042402610182762, 0.04561654478311539, 0.03211668133735657, 0.03182452544569969, 0.034384939819574356, 0.03776584565639496, 0.04122200608253479, 0.034783195704221725, 0.03664429113268852, 0.031500108540058136, 0.036093395203351974, 0.03230171278119087, 0.03511502593755722, 0.03259286656975746, 0.0358341746032238, 0.0412173718214035, 0.03009602427482605, 0.03659557178616524, 0.030304426327347755, 0.03723103180527687, 0.04507555067539215, 0.029196495190262794];[-0.8445484042167664, -0.8406816124916077, -0.822597086429596, -0.8306609988212585, -0.8389607071876526, -0.8117698431015015, -0.818405032157898, -0.8285907506942749, -0.8393827080726624, -0.8151236176490784, -0.8665866851806641, -0.816541850566864, -0.8172430992126465, -0.824577808380127, -0.835996150970459, -0.8523110747337341, -0.8227226138114929, -0.8287473917007446, -0.8163496255874634, -0.8299065232276917, -0.8186375498771667, -0.825741171836853, -0.8200600743293762, -0.831466019153595, -0.846504807472229, -0.81773841381073, -0.8323363661766052, -0.8118974566459656, -0.8309884071350098, -0.8562676310539246, -0.8092660903930664];[0.028875034302473068, 0.02138729766011238, 0.02242138423025608, 0.02527931146323681, 0.02059437334537506, 0.021667640656232834, 0.02282189577817917, 0.02281331457197666, 0.029892122372984886, 0.023977618664503098, 0.02024703472852707, 0.024542145431041718, 0.020735451951622963, 0.019740920513868332, 0.022360248491168022, 0.021461132913827896, 0.020997535437345505, 0.02117890492081642, 0.02363293245434761, 0.028136951848864555, 0.02155117876827717, 0.020156821236014366, 0.024453405290842056, 0.02164088934659958, 0.01969888061285019, 0.02344595640897751, 0.025024160742759705, 0.022474829107522964, 0.03232976049184799, 0.022827209904789925];1948.9069907665253
4550;[0.77451491355896, 0.7781150937080383, 0.7672772407531738, 0.7747786045074463, 0.7690128087997437, 0.775799572467804, 0.7763080596923828, 0.7687981724739075, 0.7733093500137329, 0.7684021592140198, 0.7685495018959045, 0.7661207914352417, 0.7747629880905151, 0.7669113874435425, 0.769868791103363, 0.770086407661438, 0.7752209901809692, 0.7654640078544617, 0.7710588574409485, 0.7673584222793579, 0.7748823165893555, 0.7740209698677063, 0.7760779857635498, 0.7769812345504761, 0.7697017192840576, 0.773429274559021, 0.7685860395431519, 0.7675471305847168, 0.7704610228538513, 0.7791998386383057, 0.7767435312271118];[0.03537604957818985, 0.038282591849565506, 0.02926582098007202, 0.034982066601514816, 0.03111119754612446, 0.036059290170669556, 0.03655710443854332, 0.031122656539082527, 0.03459130600094795, 0.030053896829485893, 0.030381420627236366, 0.029619993641972542, 0.0334940068423748, 0.029953602701425552, 0.0290478877723217, 0.03145541995763779, 0.03682572394609451, 0.02924623154103756, 0.03248080611228943, 0.030198607593774796, 0.03448471799492836, 0.033332984894514084, 0.034535523504018784, 0.03692018613219261, 0.02979234978556633, 0.031813621520996094, 0.026572223752737045, 0.029811425134539604, 0.03183407336473465, 0.03390330448746681, 0.03564893454313278];[-0.8261992931365967, -0.8383557796478271, -0.8106234073638916, -0.8317589163780212, -0.8120565414428711, -0.8336230516433716, -0.8294962048530579, -0.8166024088859558, -0.8298645615577698, -0.8130130767822266, -0.8129490613937378, -0.8100128173828125, -0.8231738209724426, -0.8105055093765259, -0.8116434812545776, -0.8194833993911743, -0.8311665654182434, -0.8076393604278564, -0.8167657256126404, -0.8141413927078247, -0.8279789090156555, -0.823574423789978, -0.8253713846206665, -0.8336505889892578, -0.8122984170913696, -0.8192197680473328, -0.8040838837623596, -0.8122454881668091, -0.8135964274406433, -0.823081374168396, -0.8320611715316772];[0.023670386523008347, 0.021703334525227547, 0.024565570056438446, 0.022924788296222687, 0.026032084599137306, 0.023316483944654465, 0.02370813861489296, 0.023869410157203674, 0.027492335066199303, 0.01917247474193573, 0.021070916205644608, 0.024197960272431374, 0.022249339148402214, 0.01886003650724888, 0.02148360200226307, 0.02429325133562088, 0.030960459262132645, 0.025912128388881683, 0.021054962649941444, 0.02375621907413006, 0.02259162627160549, 0.020517518743872643, 0.026392143219709396, 0.017697833478450775, 0.016854632645845413, 0.019760407507419586, 0.02237715758383274, 0.026132138445973396, 0.021650701761245728, 0.02485990710556507];2026.7851643562317
4600;[0.7703679800033569, 0.7793673872947693, 0.7771869897842407, 0.7706921100616455, 0.7799807786941528, 0.7770237922668457, 0.776288628578186, 0.7745188474655151, 0.7786121368408203, 0.7780060768127441, 0.780107855796814, 0.7682607173919678, 0.7846748232841492, 0.7720562815666199, 0.7719056606292725, 0.7839913964271545, 0.7720226645469666, 0.7740907669067383, 0.7754456996917725, 0.7780733108520508, 0.7787922620773315, 0.7706707715988159, 0.7807430624961853, 0.7856693863868713, 0.7821595072746277, 0.779606819152832, 0.78590989112854, 0.7705531120300293, 0.7899388670921326, 0.7827552556991577, 0.7900440692901611];[0.032315317541360855, 0.04334373399615288, 0.04037923365831375, 0.03465438261628151, 0.04026736691594124, 0.0380721278488636, 0.036680202931165695, 0.036515966057777405, 0.037233129143714905, 0.03770069777965546, 0.038004059344530106, 0.03321635350584984, 0.04469488561153412, 0.03547929972410202, 0.0331159271299839, 0.0449272021651268, 0.035831671208143234, 0.03789631649851799, 0.03651798889040947, 0.04049423336982727, 0.03880735859274864, 0.03422350436449051, 0.040557779371738434, 0.04761431738734245, 0.041277237236499786, 0.04247485473752022, 0.04312441870570183, 0.034383729100227356, 0.045663829892873764, 0.04443545639514923, 0.046124331653118134];[-0.8186097741127014, -0.8501425981521606, -0.8418972492218018, -0.8241684436798096, -0.8422069549560547, -0.8410788774490356, -0.8336759805679321, -0.8316575884819031, -0.8315609097480774, -0.8369858860969543, -0.8344820141792297, -0.8212462663650513, -0.8536688685417175, -0.8253779411315918, -0.8187103867530823, -0.8587678074836731, -0.8263489603996277, -0.8340883255004883, -0.8335282206535339, -0.8422890901565552, -0.8429982662200928, -0.8223327398300171, -0.8469411134719849, -0.8699876070022583, -0.8501993417739868, -0.8467764854431152, -0.851546049118042, -0.8251485228538513, -0.8578433990478516, -0.8485222458839417, -0.8626102805137634];[0.021030955016613007, 0.021621212363243103, 0.024212410673499107, 0.021991292014718056, 0.018852265551686287, 0.017036061733961105, 0.02096615359187126, 0.02592676505446434, 0.020100928843021393, 0.018616879358887672, 0.023226093500852585, 0.020898759365081787, 0.021765515208244324, 0.03497845306992531, 0.023036865517497063, 0.020304039120674133, 0.021817414090037346, 0.024901889264583588, 0.024385757744312286, 0.02534237690269947, 0.023605966940522194, 0.019769079983234406, 0.02525680884718895, 0.02069702371954918, 0.02633414976298809, 0.021127481013536453, 0.02473422698676586, 0.021355003118515015, 0.02382432296872139, 0.023862473666667938];2130.302214384079
4650;[0.7690682411193848, 0.7746864557266235, 0.7717612981796265, 0.7727699875831604, 0.7837395071983337, 0.7821249961853027, 0.7788260579109192, 0.7790793776512146, 0.7861305475234985, 0.7807658314704895, 0.7799801230430603, 0.7831102013587952, 0.7707075476646423, 0.7750943899154663, 0.7730648517608643, 0.7776668667793274, 0.778128445148468, 0.7750548720359802, 0.7739948034286499, 0.7845953702926636, 0.7773854732513428, 0.7846875786781311, 0.7799443602561951, 0.7762421369552612, 0.7820367217063904, 0.784358561038971, 0.7784835696220398, 0.7769133448600769, 0.7842444777488708, 0.7773746252059937, 0.7905808687210083];[0.03358170762658119, 0.038655880838632584, 0.03541887551546097, 0.0371554009616375, 0.0457763634622097, 0.04413442686200142, 0.03925195336341858, 0.04384575039148331, 0.04450318217277527, 0.04431118443608284, 0.04409928247332573, 0.04467611387372017, 0.036579906940460205, 0.04031611233949661, 0.034655921161174774, 0.036633819341659546, 0.03916289657354355, 0.03929012268781662, 0.03833383694291115, 0.04740992188453674, 0.03999871760606766, 0.043105348944664, 0.0426202192902565, 0.03987547382712364, 0.043491430580616, 0.045605141669511795, 0.039423659443855286, 0.04192103445529938, 0.04618420824408531, 0.037649329751729965, 0.049006495624780655];[-0.8208686709403992, -0.833995521068573, -0.8394738435745239, -0.8350820541381836, -0.8617451190948486, -0.8649155497550964, -0.8400161266326904, -0.8617088794708252, -0.865389347076416, -0.852409839630127, -0.8510722517967224, -0.8563461303710938, -0.8312067985534668, -0.8403478860855103, -0.8260595798492432, -0.8355022072792053, -0.8390952944755554, -0.838365912437439, -0.8358619809150696, -0.8645508885383606, -0.847823977470398, -0.8523309230804443, -0.8469600081443787, -0.8490069508552551, -0.8598245978355408, -0.8618237376213074, -0.8503831028938293, -0.8445742130279541, -0.863257646560669, -0.8377407193183899, -0.8755565285682678];[0.022351427003741264, 0.02055927738547325, 0.023067951202392578, 0.022126857191324234, 0.021280674263834953, 0.025582877919077873, 0.02181188017129898, 0.022033434361219406, 0.01841317117214203, 0.02369278483092785, 0.02165083959698677, 0.022254860028624535, 0.022585967555642128, 0.01791566051542759, 0.0441710464656353, 0.02571803890168667, 0.022276470437645912, 0.021116264164447784, 0.02696528099477291, 0.024290278553962708, 0.02511073276400566, 0.022801917046308517, 0.023857295513153076, 0.021553779020905495, 0.019423069432377815, 0.023758970201015472, 0.02673661708831787, 0.023057064041495323, 0.025552548468112946, 0.019873378798365593];2106.1104056835175
4700;[0.7789782881736755, 0.7698150277137756, 0.7598148584365845, 0.7755375504493713, 0.7729426026344299, 0.7681263089179993, 0.7686536908149719, 0.7767215371131897, 0.7809129357337952, 0.772384762763977, 0.7704073190689087, 0.7793808579444885, 0.7807008028030396, 0.7691455483436584, 0.7761961817741394, 0.7790471911430359, 0.7784572839736938, 0.7726852297782898, 0.7721416354179382, 0.7822107076644897, 0.7778810262680054, 0.7779533863067627, 0.7777758836746216, 0.7869241237640381, 0.7838435173034668, 0.7870005965232849, 0.7886416912078857, 0.7862333059310913, 0.7730304002761841, 0.7745940685272217, 0.7796809673309326];[0.039683349430561066, 0.03332417458295822, 0.02613265998661518, 0.036725156009197235, 0.033226773142814636, 0.030458196997642517, 0.032000359147787094, 0.036334145814180374, 0.03894604742527008, 0.03277985751628876, 0.03584037348628044, 0.03787856176495552, 0.03891133889555931, 0.0330464132130146, 0.03278498724102974, 0.03514130413532257, 0.03633700683712959, 0.030607109889388084, 0.03140311315655708, 0.037349455058574677, 0.035095810890197754, 0.032856546342372894, 0.034340668469667435, 0.038367319852113724, 0.03641580790281296, 0.0410093255341053, 0.04007894545793533, 0.04152108356356621, 0.02824842743575573, 0.032181739807128906, 0.03609168156981468];[-0.8379944562911987, -0.8229016065597534, -0.7982900142669678, -0.8277279734611511, -0.8221768140792847, -0.8115431070327759, -0.8183700442314148, -0.8286858797073364, -0.836195170879364, -0.8225866556167603, -0.8297216892242432, -0.8407337665557861, -0.8456318378448486, -0.8185744881629944, -0.8204070329666138, -0.8250145316123962, -0.8305448293685913, -0.8167163729667664, -0.8142131567001343, -0.8327959179878235, -0.8239823579788208, -0.8191213607788086, -0.8229900002479553, -0.8332446813583374, -0.8329365253448486, -0.8455128073692322, -0.8472086787223816, -0.8460730910301208, -0.8082469701766968, -0.8188873529434204, -0.8338444232940674];[0.024838803336024284, 0.02988550253212452, 0.01966647431254387, 0.023684494197368622, 0.02190905064344406, 0.022680439054965973, 0.021873226389288902, 0.021842848509550095, 0.0190191101282835, 0.029197338968515396, 0.027845479547977448, 0.022007949650287628, 0.02875044196844101, 0.019815221428871155, 0.02157938852906227, 0.022926289588212967, 0.02510957047343254, 0.023997820913791656, 0.01976066082715988, 0.027987606823444366, 0.020549852401018143, 0.02275814674794674, 0.02936161682009697, 0.019420359283685684, 0.01976587623357773, 0.021736357361078262, 0.02527681738138199, 0.02245556004345417, 0.01658855937421322, 0.023336686193943024];2090.8549876213074
4750;[0.7794287800788879, 0.7720108032226562, 0.7707943916320801, 0.7793622612953186, 0.769816517829895, 0.7742148041725159, 0.7813609838485718, 0.7800808548927307, 0.7729436159133911, 0.7813542485237122, 0.7753610610961914, 0.7694628238677979, 0.7678541541099548, 0.7707067728042603, 0.7676080465316772, 0.7731451988220215, 0.7712265849113464, 0.7672473192214966, 0.7657544612884521, 0.762144148349762, 0.7682438492774963, 0.7662522196769714, 0.766264796257019, 0.7683557271957397, 0.7683403491973877, 0.7749125957489014, 0.7711691856384277, 0.7629300355911255, 0.7633592486381531, 0.7715222239494324, 0.769159197807312];[0.041733283549547195, 0.03528756648302078, 0.03261546045541763, 0.03813062235713005, 0.03220916911959648, 0.03645429387688637, 0.0401473268866539, 0.03978613018989563, 0.03424258530139923, 0.03679037466645241, 0.03241527080535889, 0.028669921681284904, 0.028873344883322716, 0.03098335489630699, 0.02723662555217743, 0.030719928443431854, 0.029252734035253525, 0.02578965201973915, 0.0270201675593853, 0.02299748919904232, 0.025583280250430107, 0.02378999814391136, 0.023784378543496132, 0.027162017300724983, 0.027821792289614677, 0.02906467765569687, 0.027263708412647247, 0.02407040446996689, 0.02163359522819519, 0.02790241688489914, 0.024913474917411804];[-0.8518840670585632, -0.8316245079040527, -0.8207864761352539, -0.8373464941978455, -0.8214318752288818, -0.8281265497207642, -0.8432900309562683, -0.8417118787765503, -0.8230684995651245, -0.8373600244522095, -0.8197194933891296, -0.8112010955810547, -0.8058727979660034, -0.8137293457984924, -0.8039668798446655, -0.8139235377311707, -0.8080819845199585, -0.802949070930481, -0.8026193380355835, -0.7941420674324036, -0.7986160516738892, -0.7947320342063904, -0.7953895926475525, -0.8052183389663696, -0.8064389228820801, -0.8137830495834351, -0.8106276988983154, -0.7964465618133545, -0.7910833954811096, -0.8093677163124084, -0.798793613910675];[0.0205059926956892, 0.022822590544819832, 0.02653464488685131, 0.025953589007258415, 0.03470601513981819, 0.030103376135230064, 0.025996766984462738, 0.023615127429366112, 0.028445247560739517, 0.02924487739801407, 0.03575495257973671, 0.02113582193851471, 0.034672677516937256, 0.02091282792389393, 0.03609386086463928, 0.023110270500183105, 0.026109308004379272, 0.021993126720190048, 0.01988093927502632, 0.025928672403097153, 0.026731813326478004, 0.023035122081637383, 0.023229137063026428, 0.027476321905851364, 0.0228543933480978, 0.026851775124669075, 0.024925611913204193, 0.021386437118053436, 0.01905851997435093, 0.021896058693528175];2130.4031257629395
4800;[0.7742926478385925, 0.7672830820083618, 0.773940920829773, 0.7677053213119507, 0.7725990414619446, 0.7736657857894897, 0.7629117369651794, 0.7712138295173645, 0.7743173241615295, 0.7753972411155701, 0.7789813876152039, 0.7667800188064575, 0.767378568649292, 0.7722183465957642, 0.7711652517318726, 0.7721044421195984, 0.7700085043907166, 0.7821502685546875, 0.784663200378418, 0.7734933495521545, 0.7746605277061462, 0.7848555445671082, 0.7739169597625732, 0.781345009803772, 0.7809796333312988, 0.773674726486206, 0.782524049282074, 0.7834867835044861, 0.7880989909172058, 0.7816852331161499, 0.7814933657646179];[0.03619750961661339, 0.03273238241672516, 0.03625262901186943, 0.03136885166168213, 0.03376125544309616, 0.03502415493130684, 0.02656649798154831, 0.0329507477581501, 0.036533720791339874, 0.03448551520705223, 0.03712296858429909, 0.02785995788872242, 0.0308358296751976, 0.03284963220357895, 0.03305530548095703, 0.03320813924074173, 0.034922242164611816, 0.03820013627409935, 0.04034096747636795, 0.03084249049425125, 0.03404255211353302, 0.04156944528222084, 0.03144611418247223, 0.03892224654555321, 0.03434252366423607, 0.03201311081647873, 0.037063028663396835, 0.038181863725185394, 0.04354298487305641, 0.03816451504826546, 0.03762149065732956];[-0.8328568935394287, -0.8304754495620728, -0.8288682103157043, -0.8216533064842224, -0.8258234262466431, -0.8266894817352295, -0.8018473982810974, -0.8220035433769226, -0.8303861021995544, -0.8248615860939026, -0.8394495844841003, -0.806570827960968, -0.8147919774055481, -0.8198293447494507, -0.8236830234527588, -0.8282032012939453, -0.8279129862785339, -0.8328942656517029, -0.8458466529846191, -0.8157398700714111, -0.8209017515182495, -0.8488484621047974, -0.8231360912322998, -0.8381176590919495, -0.8310927748680115, -0.8179267048835754, -0.8385655879974365, -0.8332149982452393, -0.8491566777229309, -0.8358559608459473, -0.8355012536048889];[0.02576328068971634, 0.02159350924193859, 0.03166484087705612, 0.0346069298684597, 0.027111437171697617, 0.02087920717895031, 0.019993124529719353, 0.021944599226117134, 0.021712973713874817, 0.022352974861860275, 0.021205412223935127, 0.02390207163989544, 0.021685617044568062, 0.03155381977558136, 0.025424988940358162, 0.021316437050700188, 0.02609844133257866, 0.025513488799333572, 0.02467493712902069, 0.027759583666920662, 0.021952282637357712, 0.018546443432569504, 0.024061068892478943, 0.025553802028298378, 0.019881539046764374, 0.02332775481045246, 0.019714361056685448, 0.028547678142786026, 0.023446854203939438, 0.03151252120733261];2061.2076156139374
4850;[0.7771209478378296, 0.7750511765480042, 0.7740597724914551, 0.7820264101028442, 0.7749500870704651, 0.7892352342605591, 0.7789668440818787, 0.7840548753738403, 0.7944962978363037, 0.7775067090988159, 0.7758251428604126, 0.7849449515342712, 0.7702944278717041, 0.7801182866096497, 0.7921239137649536, 0.7879236340522766, 0.7962536215782166, 0.7853559255599976, 0.7891461253166199, 0.7905261516571045, 0.7942615151405334, 0.7923895716667175, 0.789939284324646, 0.7816932797431946, 0.7953052520751953, 0.796150803565979, 0.7986071705818176, 0.7862382531166077, 0.7909690141677856, 0.7969940304756165, 0.7906132340431213];[0.03999890014529228, 0.03804920241236687, 0.03410247713327408, 0.04272066056728363, 0.03407146409153938, 0.04760616272687912, 0.038874417543411255, 0.04232132062315941, 0.05236438661813736, 0.038975149393081665, 0.03513544425368309, 0.044834986329078674, 0.0346638448536396, 0.04135533422231674, 0.04979367554187775, 0.04707138240337372, 0.05227519944310188, 0.04775179550051689, 0.047418542206287384, 0.05100244656205177, 0.05266312509775162, 0.05036541447043419, 0.050453849136829376, 0.044405508786439896, 0.05452689528465271, 0.05295439809560776, 0.056648436933755875, 0.046532150357961655, 0.048301901668310165, 0.05594290792942047, 0.05215657502412796];[-0.8417781591415405, -0.8338255286216736, -0.8277366757392883, -0.8741016983985901, -0.8214744925498962, -0.862775444984436, -0.8377655744552612, -0.8499565720558167, -0.8858968615531921, -0.8367816805839539, -0.8281373381614685, -0.8586825132369995, -0.8232777118682861, -0.8423853516578674, -0.873285174369812, -0.8606469035148621, -0.894897997379303, -0.8612409830093384, -0.860413670539856, -0.8717079758644104, -0.8795201778411865, -0.8772332668304443, -0.8700007200241089, -0.8520488739013672, -0.8823443055152893, -0.8799951672554016, -0.8990251421928406, -0.8618759512901306, -0.8641371130943298, -0.8894031047821045, -0.876041829586029];[0.02169318124651909, 0.021992182359099388, 0.025677358731627464, 0.021806614473462105, 0.018031680956482887, 0.028546856716275215, 0.020717157050967216, 0.020370759069919586, 0.022330310195684433, 0.027258487418293953, 0.021621618419885635, 0.024852046743035316, 0.029737509787082672, 0.023064740002155304, 0.029708269983530045, 0.023040132597088814, 0.021517764776945114, 0.021528126671910286, 0.019796961918473244, 0.023384762927889824, 0.021001867949962616, 0.018073923885822296, 0.019558701664209366, 0.02567358687520027, 0.026552464812994003, 0.021038178354501724, 0.024537011981010437, 0.024875422939658165, 0.023788874968886375, 0.022427864372730255];1954.9052062034607
4900;[0.7751725316047668, 0.7695311903953552, 0.7710716724395752, 0.7770216464996338, 0.776841938495636, 0.7742616534233093, 0.7748575210571289, 0.7653670310974121, 0.7777897715568542, 0.7784256339073181, 0.7675207257270813, 0.7849263548851013, 0.7729822397232056, 0.7757440209388733, 0.7708501219749451, 0.7727871537208557, 0.7766508460044861, 0.7706124186515808, 0.7722021341323853, 0.7730575203895569, 0.7771745920181274, 0.7694616913795471, 0.7722750902175903, 0.7787774205207825, 0.7651578783988953, 0.773597240447998, 0.7694432735443115, 0.7686386108398438, 0.7742193341255188, 0.7783113121986389, 0.7657859921455383];[0.03560052067041397, 0.03394012898206711, 0.03501053526997566, 0.03922344744205475, 0.03509729728102684, 0.032500412315130234, 0.03419294208288193, 0.026995224878191948, 0.034566231071949005, 0.033282674849033356, 0.026634668931365013, 0.038805656135082245, 0.029990196228027344, 0.030372487381100655, 0.026244211941957474, 0.0293047484010458, 0.030615106225013733, 0.02677169255912304, 0.02757997252047062, 0.02953365258872509, 0.031957563012838364, 0.025926824659109116, 0.02736377902328968, 0.03144100680947304, 0.023284239694476128, 0.029685435816645622, 0.022474372759461403, 0.026605995371937752, 0.02730649523437023, 0.030231352895498276, 0.021868884563446045];[-0.8262383341789246, -0.8211090564727783, -0.8261134028434753, -0.8384320139884949, -0.8325936794281006, -0.8171767592430115, -0.8249349594116211, -0.8040093183517456, -0.8345337510108948, -0.8210926651954651, -0.8040624856948853, -0.8430138230323792, -0.8142211437225342, -0.8127382397651672, -0.8035730719566345, -0.8121439814567566, -0.8134976625442505, -0.8031023144721985, -0.8063556551933289, -0.8108404874801636, -0.8170402646064758, -0.8047393560409546, -0.8083149790763855, -0.8188156485557556, -0.7945020794868469, -0.8118096590042114, -0.7933737635612488, -0.8002820014953613, -0.8085244297981262, -0.8256202936172485, -0.7884582877159119];[0.031054852530360222, 0.021376129239797592, 0.018343456089496613, 0.02821456268429756, 0.022761235013604164, 0.024273239076137543, 0.020748082548379898, 0.022074997425079346, 0.020481085404753685, 0.039562974125146866, 0.021380051970481873, 0.021548423916101456, 0.01915627345442772, 0.01934899389743805, 0.021198850125074387, 0.01721828430891037, 0.0214756578207016, 0.021972142159938812, 0.020911624655127525, 0.029363948851823807, 0.02790900506079197, 0.030745286494493484, 0.02085174433887005, 0.020442504435777664, 0.02326050028204918, 0.019751250743865967, 0.018585780635476112, 0.02461150288581848, 0.035319626331329346, 0.02054743468761444];2110.393976211548
4950;[0.7709441184997559, 0.7779664397239685, 0.7762538194656372, 0.7758687138557434, 0.7890157103538513, 0.776397705078125, 0.7767335176467896, 0.7778293490409851, 0.7722699046134949, 0.7810243368148804, 0.7816777229309082, 0.7793281078338623, 0.7850505113601685, 0.7817184925079346, 0.7830082774162292, 0.7827257513999939, 0.7727639079093933, 0.7796194553375244, 0.782332181930542, 0.778639554977417, 0.7906251549720764, 0.7850968837738037, 0.7812787294387817, 0.7856974005699158, 0.7819010019302368, 0.7718145847320557, 0.7752503752708435, 0.7789900898933411, 0.7833096385002136, 0.7889276146888733, 0.7814397215843201];[0.03529605641961098, 0.038095735013484955, 0.037251025438308716, 0.03580091893672943, 0.04750264808535576, 0.0348476842045784, 0.034932609647512436, 0.03493993356823921, 0.030248012393712997, 0.036838117986917496, 0.03584582358598709, 0.036248233169317245, 0.0371895469725132, 0.03490712493658066, 0.035378143191337585, 0.032718442380428314, 0.02500849962234497, 0.032432183623313904, 0.03218922019004822, 0.030684739351272583, 0.03835181146860123, 0.03702564910054207, 0.03146812319755554, 0.0379975400865078, 0.032824110239744186, 0.02594325691461563, 0.02869368903338909, 0.031691670417785645, 0.034317970275878906, 0.039011482149362564, 0.031224850565195084];[-0.829927384853363, -0.8357396125793457, -0.8324093222618103, -0.825809121131897, -0.8646767735481262, -0.8311088681221008, -0.8268998861312866, -0.8277140855789185, -0.8100622892379761, -0.8354908227920532, -0.8273907899856567, -0.8387683033943176, -0.8421656489372253, -0.8229771852493286, -0.8289064764976501, -0.8240862488746643, -0.8006036281585693, -0.8168520927429199, -0.8158383965492249, -0.8120107650756836, -0.8388039469718933, -0.830528199672699, -0.8157827854156494, -0.8332105875015259, -0.8240656852722168, -0.8001244068145752, -0.8104987740516663, -0.8180765509605408, -0.8219072222709656, -0.837611973285675, -0.8121001124382019];[0.02797788381576538, 0.03324464336037636, 0.022574974223971367, 0.029597818851470947, 0.02341393381357193, 0.021608658134937286, 0.0241694413125515, 0.026461277157068253, 0.029317321255803108, 0.022790096700191498, 0.02085447497665882, 0.031252484768629074, 0.022817444056272507, 0.033689312636852264, 0.019260302186012268, 0.019353274255990982, 0.024548359215259552, 0.028262775391340256, 0.02578798308968544, 0.03467134013772011, 0.023302966728806496, 0.026860617101192474, 0.025208713486790657, 0.023329267278313637, 0.02179703675210476, 0.018834581598639488, 0.02457405813038349, 0.023378996178507805, 0.02340642176568508, 0.020825907588005066];1992.5898191928864
5000;[0.773542046546936, 0.7682369947433472, 0.7738706469535828, 0.7789844274520874, 0.7777477502822876, 0.7803452014923096, 0.7759544849395752, 0.7729712724685669, 0.7751809358596802, 0.776046872138977, 0.7713218331336975, 0.7773593664169312, 0.7761597633361816, 0.7752423882484436, 0.7749332785606384, 0.771592915058136, 0.7693260312080383, 0.7749038338661194, 0.7788662910461426, 0.769233226776123, 0.767687976360321, 0.7672085762023926, 0.7681966423988342, 0.7699809074401855, 0.7839369773864746, 0.7697708606719971, 0.7691100835800171, 0.765953779220581, 0.7698855996131897, 0.7793874144554138, 0.7792720794677734];[0.03643457964062691, 0.0324474573135376, 0.03669041022658348, 0.03732241690158844, 0.03577561303973198, 0.03989877924323082, 0.035440754145383835, 0.03289363905787468, 0.03796056658029556, 0.03548572212457657, 0.03200165927410126, 0.0349818579852581, 0.03504278510808945, 0.03306690603494644, 0.03582669794559479, 0.03185620903968811, 0.028253717347979546, 0.03476032242178917, 0.03627373278141022, 0.03019367903470993, 0.028195654973387718, 0.02552853152155876, 0.02633787877857685, 0.029170289635658264, 0.037640251219272614, 0.025959061458706856, 0.027323001995682716, 0.02516687475144863, 0.026917552575469017, 0.03393768146634102, 0.03701251745223999];[-0.8297635316848755, -0.8171449303627014, -0.829964280128479, -0.8325162529945374, -0.8305131793022156, -0.8425304889678955, -0.841171383857727, -0.8198854923248291, -0.8316633105278015, -0.8500590920448303, -0.8189895153045654, -0.8278169631958008, -0.830142617225647, -0.8186075687408447, -0.8263688683509827, -0.815842866897583, -0.803566038608551, -0.8245872259140015, -0.8302648067474365, -0.8126215934753418, -0.8069900274276733, -0.798910915851593, -0.8021723628044128, -0.8079681992530823, -0.8383186459541321, -0.8046935796737671, -0.8177386522293091, -0.7980040907859802, -0.8013836741447449, -0.8425018191337585, -0.8317574858665466];[0.02211427316069603, 0.020809948444366455, 0.02136167883872986, 0.02661198377609253, 0.023684384301304817, 0.035048142075538635, 0.030585115775465965, 0.019956978037953377, 0.01926019974052906, 0.020891524851322174, 0.02233821712434292, 0.02148805372416973, 0.025798242539167404, 0.02346668392419815, 0.022541001439094543, 0.030834492295980453, 0.02307402715086937, 0.021646974608302116, 0.026006391271948814, 0.0213696900755167, 0.020110173150897026, 0.01834091544151306, 0.02258714847266674, 0.01951576955616474, 0.020701933652162552, 0.0203999150544405, 0.022732576355338097, 0.025800485163927078, 0.029578084126114845, 0.021744823083281517];2090.0048367977142
