Seed;RMSE History;MMD History;Log-Likelihood History;Max EIG History;Deployment Time
50;[1.1691153049468994, 1.170282244682312, 1.164792776107788, 1.1618921756744385, 1.1637850999832153, 1.1633031368255615, 1.1630058288574219, 1.16245436668396, 1.1665196418762207, 1.1621050834655762, 1.1582454442977905, 1.1555438041687012, 1.1605976819992065, 1.161912202835083, 1.159008502960205, 1.159759521484375, 1.165771245956421, 1.1695808172225952, 1.1640467643737793, 1.1704418659210205, 1.162097692489624, 1.1680554151535034, 1.1630287170410156, 1.1650582551956177, 1.1606396436691284, 1.164291262626648, 1.1635801792144775, 1.1676249504089355, 1.170997977256775, 1.1656161546707153, 1.1645196676254272];[0.09585244953632355, 0.09685894846916199, 0.09296276420354843, 0.09301744401454926, 0.09511152654886246, 0.09334928542375565, 0.09304389357566833, 0.09265963733196259, 0.09492643177509308, 0.09142474830150604, 0.09038640558719635, 0.08943907171487808, 0.09152121096849442, 0.09080308675765991, 0.08928504586219788, 0.09295730292797089, 0.09315279126167297, 0.09570103138685226, 0.09264756739139557, 0.09383121132850647, 0.09224703162908554, 0.09343638271093369, 0.09462535381317139, 0.09312199801206589, 0.08938062936067581, 0.09281514585018158, 0.09556169807910919, 0.09193160384893417, 0.09657507389783859, 0.0951569601893425, 0.09100592136383057];[-2.1586570739746094, -2.1668567657470703, -2.1383585929870605, -2.1337006092071533, -2.155397415161133, -2.1362712383270264, -2.1206212043762207, -2.1275641918182373, -2.141815423965454, -2.121680736541748, -2.1220171451568604, -2.115800142288208, -2.126028060913086, -2.1179771423339844, -2.1061551570892334, -2.138275384902954, -2.1469383239746094, -2.1474156379699707, -2.1322548389434814, -2.13667893409729, -2.1233906745910645, -2.142536163330078, -2.1304550170898438, -2.124492645263672, -2.1080119609832764, -2.123666763305664, -2.1489157676696777, -2.1282694339752197, -2.1463234424591064, -2.1490535736083984, -2.121103525161743];[0.021408801898360252, 0.022434262558817863, 0.025715960189700127, 0.020686889067292213, 0.02177700214087963, 0.02302468568086624, 0.029601983726024628, 0.020865686237812042, 0.020047996193170547, 0.020823407918214798, 0.025272423401474953, 0.021802546456456184, 0.02243463136255741, 0.023861566558480263, 0.03253229334950447, 0.022498518228530884, 0.026238009333610535, 0.023707730695605278, 0.023934053257107735, 0.021395962685346603, 0.026500379666686058, 0.023026900365948677, 0.018797745928168297, 0.02359265834093094, 0.020345838740468025, 0.02092548832297325, 0.02340780943632126, 0.02317729964852333, 0.01869647204875946, 0.024516452103853226];2350.590307712555
50;[1.6182197332382202, 1.6185431480407715, 1.6143397092819214, 1.6128177642822266, 1.6141149997711182, 1.6142778396606445, 1.6128400564193726, 1.613571047782898, 1.6166908740997314, 1.61125910282135, 1.6100614070892334, 1.6072213649749756, 1.6120305061340332, 1.612574577331543, 1.6106345653533936, 1.611259937286377, 1.6165070533752441, 1.619117021560669, 1.6139957904815674, 1.619969129562378, 1.6126198768615723, 1.6193459033966064, 1.6134428977966309, 1.614688754081726, 1.6118278503417969, 1.6151131391525269, 1.6143559217453003, 1.618638515472412, 1.620954155921936, 1.6171458959579468, 1.6145528554916382];[0.1960361897945404, 0.19721151888370514, 0.1946433037519455, 0.19570845365524292, 0.19664135575294495, 0.19585298001766205, 0.19515234231948853, 0.19522057473659515, 0.19628338515758514, 0.19309207797050476, 0.19438110291957855, 0.1937052607536316, 0.19436506927013397, 0.19312265515327454, 0.19293765723705292, 0.19598227739334106, 0.19490420818328857, 0.19613371789455414, 0.19357335567474365, 0.19404520094394684, 0.19439257681369781, 0.1946382075548172, 0.19694456458091736, 0.19458599388599396, 0.19201785326004028, 0.19423547387123108, 0.1972319632768631, 0.19354906678199768, 0.19735649228096008, 0.1973899006843567, 0.19191746413707733];[-4.32171106338501, -4.321962833404541, -4.298412322998047, -4.29587459564209, -4.331094741821289, -4.299399375915527, -4.257218360900879, -4.278909206390381, -4.300272464752197, -4.2645344734191895, -4.2885003089904785, -4.282679080963135, -4.282188415527344, -4.258284091949463, -4.243002891540527, -4.300771713256836, -4.301351070404053, -4.286962032318115, -4.280123233795166, -4.269644737243652, -4.267575263977051, -4.294309139251709, -4.269471645355225, -4.259866237640381, -4.243308067321777, -4.260722637176514, -4.312004089355469, -4.265923976898193, -4.285192966461182, -4.3020195960998535, -4.244956970214844];[0.021408801898360252, 0.02498176135122776, 0.025541087612509727, 0.020613055676221848, 0.0214040856808424, 0.02109210006892681, 0.029648838564753532, 0.022433476522564888, 0.020610328763723373, 0.028009066358208656, 0.02322499267756939, 0.023259926587343216, 0.02006569877266884, 0.025031743571162224, 0.028832916170358658, 0.02556624263525009, 0.01976889558136463, 0.025012603029608727, 0.024176692590117455, 0.03331061080098152, 0.026702269911766052, 0.022944921627640724, 0.02655046619474888, 0.022558920085430145, 0.023311860859394073, 0.036759428679943085, 0.02108880504965782, 0.019739003852009773, 0.01886666566133499, 0.024365223944187164];2166.5621700286865
100;[1.1636465787887573, 1.1606487035751343, 1.1643898487091064, 1.1614477634429932, 1.1629363298416138, 1.165985345840454, 1.163372278213501, 1.1638386249542236, 1.1639193296432495, 1.1611912250518799, 1.1679977178573608, 1.163123369216919, 1.1658873558044434, 1.1632585525512695, 1.162789225578308, 1.1685216426849365, 1.16386079788208, 1.1636055707931519, 1.1613260507583618, 1.1584515571594238, 1.1601301431655884, 1.1657099723815918, 1.1609529256820679, 1.1689050197601318, 1.1606857776641846, 1.1640897989273071, 1.1638736724853516, 1.1633628606796265, 1.1661856174468994, 1.166038990020752, 1.1613010168075562];[0.09291034936904907, 0.09252821654081345, 0.09301536530256271, 0.09488173574209213, 0.09408493340015411, 0.09395390003919601, 0.09077955782413483, 0.0902162715792656, 0.0904887393116951, 0.09140869230031967, 0.091689832508564, 0.08774563670158386, 0.08910476416349411, 0.09019117057323456, 0.08887816965579987, 0.09287779033184052, 0.08925884962081909, 0.08824177086353302, 0.08737773448228836, 0.09043785184621811, 0.08737094700336456, 0.08794676512479782, 0.08733002841472626, 0.09089677780866623, 0.08929675817489624, 0.08842997252941132, 0.08793353289365768, 0.09116414934396744, 0.08921906352043152, 0.09049604833126068, 0.08865675330162048];[-2.136005401611328, -2.1286568641662598, -2.138188362121582, -2.1360297203063965, -2.1493890285491943, -2.142035722732544, -2.117232322692871, -2.0994505882263184, -2.1097769737243652, -2.1179544925689697, -2.1299962997436523, -2.1004364490509033, -2.108001947402954, -2.1069998741149902, -2.0882582664489746, -2.1167800426483154, -2.1038818359375, -2.098393440246582, -2.091343641281128, -2.1019906997680664, -2.085642099380493, -2.0791659355163574, -2.0938732624053955, -2.2111775875091553, -2.1012120246887207, -2.098142385482788, -2.0813937187194824, -2.105543613433838, -2.091596841812134, -2.096832036972046, -2.097501516342163];[0.025728534907102585, 0.03057299181818962, 0.02360069379210472, 0.021861182525753975, 0.016137145459651947, 0.02590273693203926, 0.02619008906185627, 0.021746965125203133, 0.023774651810526848, 0.023786574602127075, 0.020594093948602676, 0.02314402535557747, 0.025480961427092552, 0.025137875229120255, 0.021650154143571854, 0.016986215487122536, 0.024734290316700935, 0.020141806453466415, 0.024640368297696114, 0.029076561331748962, 0.027176842093467712, 0.02095976285636425, 0.026518482714891434, 0.04118489846587181, 0.02200254797935486, 0.02156384289264679, 0.02162880077958107, 0.020451121032238007, 0.02200866863131523, 0.029470238834619522];2278.0421512126923
100;[1.6148221492767334, 1.6108654737472534, 1.616183876991272, 1.6106128692626953, 1.613991618156433, 1.6162251234054565, 1.614132046699524, 1.6136432886123657, 1.61478853225708, 1.612607479095459, 1.6194889545440674, 1.6138631105422974, 1.6180435419082642, 1.6144323348999023, 1.6133276224136353, 1.6175944805145264, 1.6160086393356323, 1.6164087057113647, 1.612076997756958, 1.610198736190796, 1.6112077236175537, 1.6160589456558228, 1.613925576210022, 1.6197588443756104, 1.6127535104751587, 1.6158944368362427, 1.6138455867767334, 1.6141574382781982, 1.616581916809082, 1.616337537765503, 1.612438440322876];[0.19523769617080688, 0.19537970423698425, 0.1958569586277008, 0.19693493843078613, 0.196780726313591, 0.19595862925052643, 0.193496972322464, 0.1930146962404251, 0.19401095807552338, 0.1950821727514267, 0.19534319639205933, 0.19029942154884338, 0.19261041283607483, 0.19335941970348358, 0.1916024088859558, 0.1938861757516861, 0.19267748296260834, 0.1919289082288742, 0.19084487855434418, 0.19470243155956268, 0.1912609487771988, 0.19015052914619446, 0.19116823375225067, 0.19433516263961792, 0.1925487369298935, 0.19162088632583618, 0.18981894850730896, 0.19377075135707855, 0.19129393994808197, 0.19233869016170502, 0.19207929074764252];[-4.304330825805664, -4.286806106567383, -4.311684608459473, -4.308568477630615, -4.333338737487793, -4.311336994171143, -4.270683765411377, -4.220093727111816, -4.252921104431152, -4.274322032928467, -4.276378154754639, -4.236952781677246, -4.256937026977539, -4.24250602722168, -4.20444393157959, -4.2426886558532715, -4.234645843505859, -4.234984874725342, -4.219719886779785, -4.25, -4.211650848388672, -4.176326751708984, -4.232831954956055, -4.3308892250061035, -4.236285209655762, -4.223419666290283, -4.185161113739014, -4.246437072753906, -4.193429946899414, -4.215127944946289, -4.222292900085449];[0.025728534907102585, 0.02593972720205784, 0.023761199787259102, 0.02133590541779995, 0.01879720762372017, 0.022585134953260422, 0.021239710971713066, 0.021515879780054092, 0.026567751541733742, 0.024212980642914772, 0.023395216092467308, 0.024157069623470306, 0.024391157552599907, 0.021183200180530548, 0.017780553549528122, 0.020034030079841614, 0.021835027262568474, 0.02310914732515812, 0.022875463590025902, 0.01777690462768078, 0.01799759455025196, 0.02365264855325222, 0.027142614126205444, 0.03453892841935158, 0.02331978641450405, 0.02699390985071659, 0.01929914951324463, 0.029904503375291824, 0.025026971474289894, 0.030619194731116295];2289.475611925125
150;[1.1630229949951172, 1.1611398458480835, 1.1606554985046387, 1.163760781288147, 1.1605867147445679, 1.1651054620742798, 1.1652973890304565, 1.1711467504501343, 1.1554216146469116, 1.1687915325164795, 1.1593217849731445, 1.1619733572006226, 1.1648056507110596, 1.1664563417434692, 1.165891170501709, 1.155898928642273, 1.1659533977508545, 1.1705098152160645, 1.1582599878311157, 1.1585807800292969, 1.165837049484253, 1.1593537330627441, 1.162095069885254, 1.1629436016082764, 1.157306432723999, 1.168505072593689, 1.1659914255142212, 1.158998727798462, 1.1662195920944214, 1.1604344844818115, 1.1674326658248901];[0.09222948551177979, 0.08982311934232712, 0.09338296204805374, 0.09353798627853394, 0.09458751976490021, 0.09439512342214584, 0.09449857473373413, 0.0964873731136322, 0.09008092433214188, 0.09644154459238052, 0.09067735075950623, 0.09350933134555817, 0.09299995005130768, 0.09317070990800858, 0.09218396246433258, 0.08890987932682037, 0.09214796870946884, 0.09315339475870132, 0.09076203405857086, 0.08899427950382233, 0.08930157124996185, 0.08857634663581848, 0.08925655484199524, 0.09009703993797302, 0.08862628042697906, 0.09323932230472565, 0.0910910815000534, 0.08977280557155609, 0.09126194566488266, 0.09217720478773117, 0.09314301609992981];[-2.1348283290863037, -2.1223275661468506, -2.141754388809204, -2.1417574882507324, -2.154073715209961, -2.156188488006592, -2.1429033279418945, -2.155747890472412, -2.122532606124878, -2.1446239948272705, -2.124237537384033, -2.139216423034668, -2.131889581680298, -2.1308515071868896, -2.134786367416382, -2.114227771759033, -2.1159844398498535, -2.1557085514068604, -2.1229119300842285, -2.1096243858337402, -2.1058802604675293, -2.099461317062378, -2.1015236377716064, -2.1201248168945312, -2.1047778129577637, -2.129188060760498, -2.1088225841522217, -2.1140801906585693, -2.1119678020477295, -2.1219241619110107, -2.1157639026641846];[0.021650508046150208, 0.024912262335419655, 0.02634473890066147, 0.02601095288991928, 0.022851888090372086, 0.020594600588083267, 0.021910862997174263, 0.020481422543525696, 0.023271460086107254, 0.02443573996424675, 0.026782222092151642, 0.035710982978343964, 0.022735076025128365, 0.022858574986457825, 0.025249678641557693, 0.021123113110661507, 0.015340803191065788, 0.027959538623690605, 0.025468308478593826, 0.02293926104903221, 0.03155674412846565, 0.021735381335020065, 0.02348484843969345, 0.025293223559856415, 0.025527676567435265, 0.025310056284070015, 0.024035537615418434, 0.023957889527082443, 0.024720419198274612, 0.02338773012161255];2270.629681110382
150;[1.6139203310012817, 1.6126511096954346, 1.6115601062774658, 1.615211009979248, 1.61227285861969, 1.6156225204467773, 1.6152763366699219, 1.6206516027450562, 1.6077549457550049, 1.6181737184524536, 1.610553503036499, 1.6123605966567993, 1.6150215864181519, 1.6181656122207642, 1.616982102394104, 1.6093710660934448, 1.6152679920196533, 1.6204167604446411, 1.6104475259780884, 1.6112432479858398, 1.6172622442245483, 1.6102131605148315, 1.614349365234375, 1.6147934198379517, 1.609368920326233, 1.619121789932251, 1.6168466806411743, 1.61142897605896, 1.6170977354049683, 1.6121550798416138, 1.6185458898544312];[0.1945616751909256, 0.19224490225315094, 0.19642601907253265, 0.1961561143398285, 0.19768701493740082, 0.1966211497783661, 0.19593767821788788, 0.1970355212688446, 0.19435812532901764, 0.1971893161535263, 0.19398096203804016, 0.19564010202884674, 0.1948413997888565, 0.19520989060401917, 0.19459058344364166, 0.19412365555763245, 0.1935100555419922, 0.1951785385608673, 0.19462886452674866, 0.19315969944000244, 0.19187869131565094, 0.19221468269824982, 0.19261693954467773, 0.19313940405845642, 0.19237260520458221, 0.19514206051826477, 0.1936723291873932, 0.19381563365459442, 0.19317761063575745, 0.19574229419231415, 0.19543881714344025];[-4.298182010650635, -4.278297424316406, -4.326938629150391, -4.317755699157715, -4.344609260559082, -4.336335182189941, -4.3067216873168945, -4.311955451965332, -4.298910140991211, -4.29984188079834, -4.287408828735352, -4.30812931060791, -4.2820725440979, -4.277451992034912, -4.294291973114014, -4.297604084014893, -4.24514627456665, -4.297257900238037, -4.285671234130859, -4.269240379333496, -4.241806507110596, -4.2355780601501465, -4.244494438171387, -4.271947383880615, -4.263271808624268, -4.270004749298096, -4.240964889526367, -4.273980140686035, -4.24595832824707, -4.28778076171875, -4.259513854980469];[0.021650508046150208, 0.024868054315447807, 0.02014947310090065, 0.02589147724211216, 0.023202458396553993, 0.0209499541670084, 0.01843975856900215, 0.023037999868392944, 0.02115940861403942, 0.021328743547201157, 0.03489115089178085, 0.0402878075838089, 0.02327841892838478, 0.021204348653554916, 0.026466136798262596, 0.030398722738027573, 0.023940490558743477, 0.024175940081477165, 0.028023473918437958, 0.020808475092053413, 0.021423067897558212, 0.0212619099766016, 0.024581564590334892, 0.02219153568148613, 0.02849818393588066, 0.023179523646831512, 0.026977183297276497, 0.024169739335775375, 0.02139868214726448, 0.025568192824721336];2255.1028983592987
200;[1.1612826585769653, 1.1565665006637573, 1.1664457321166992, 1.160581111907959, 1.1673322916030884, 1.1617445945739746, 1.16965651512146, 1.159671664237976, 1.1610310077667236, 1.1614022254943848, 1.1628633737564087, 1.1564749479293823, 1.154884696006775, 1.1629446744918823, 1.1606277227401733, 1.1618962287902832, 1.1665366888046265, 1.1638054847717285, 1.1625785827636719, 1.1680994033813477, 1.1636731624603271, 1.160140037536621, 1.1624590158462524, 1.1678555011749268, 1.1559386253356934, 1.163906216621399, 1.1591265201568604, 1.1661180257797241, 1.1603599786758423, 1.1605499982833862, 1.1599980592727661];[0.0945221334695816, 0.09093112498521805, 0.09410346299409866, 0.09298495948314667, 0.09535203874111176, 0.09369449317455292, 0.0978035107254982, 0.09204660356044769, 0.09637609869241714, 0.09685365110635757, 0.09754016995429993, 0.09356808662414551, 0.09543748199939728, 0.09650828689336777, 0.09667693078517914, 0.0950467512011528, 0.09790732711553574, 0.09569069743156433, 0.096175417304039, 0.09817187488079071, 0.09747596830129623, 0.09489858895540237, 0.09926451742649078, 0.09831823408603668, 0.09487321227788925, 0.09713949263095856, 0.09329245984554291, 0.09708984196186066, 0.09546270221471786, 0.09312661737203598, 0.09473778307437897];[-2.1454927921295166, -2.134719133377075, -2.153795003890991, -2.14044189453125, -2.1557211875915527, -2.1469712257385254, -2.1744868755340576, -2.141273021697998, -2.1619040966033936, -2.1771183013916016, -2.1775710582733154, -2.1558947563171387, -2.164137125015259, -2.179306983947754, -2.173191547393799, -2.165524482727051, -2.1833081245422363, -2.1700291633605957, -2.1645407676696777, -2.177250862121582, -2.1726760864257812, -2.16597580909729, -2.1803581714630127, -2.1813275814056396, -2.1626970767974854, -2.1849493980407715, -2.1541948318481445, -2.1708154678344727, -2.1643223762512207, -2.1567065715789795, -2.1635615825653076];[0.02319033443927765, 0.019771095365285873, 0.02854975312948227, 0.022169217467308044, 0.025259528309106827, 0.02694312110543251, 0.023919088765978813, 0.022064946591854095, 0.024627195671200752, 0.023399416357278824, 0.02508656308054924, 0.022746775299310684, 0.02332102321088314, 0.025650419294834137, 0.02632630243897438, 0.027938855811953545, 0.023713838309049606, 0.02007119543850422, 0.03066396713256836, 0.03297574818134308, 0.023525629192590714, 0.027966279536485672, 0.020776942372322083, 0.02075636200606823, 0.021629104390740395, 0.02478671632707119, 0.025324486196041107, 0.025598475709557533, 0.023283062502741814, 0.023592960089445114];2168.5657658576965
200;[1.6124927997589111, 1.607646107673645, 1.6163721084594727, 1.61093008518219, 1.616853952407837, 1.612526535987854, 1.6192739009857178, 1.610085129737854, 1.6113096475601196, 1.6115859746932983, 1.6128647327423096, 1.6089218854904175, 1.6066524982452393, 1.613713264465332, 1.6125537157058716, 1.6127142906188965, 1.6168913841247559, 1.6136524677276611, 1.6124482154846191, 1.6171680688858032, 1.6134737730026245, 1.610421895980835, 1.6119585037231445, 1.6167516708374023, 1.607909083366394, 1.6148521900177002, 1.6096516847610474, 1.6153383255004883, 1.6112511157989502, 1.6110572814941406, 1.6095539331436157];[0.19693005084991455, 0.1944265216588974, 0.1956077516078949, 0.19560907781124115, 0.19790269434452057, 0.1969607025384903, 0.19903147220611572, 0.1956253945827484, 0.1991799920797348, 0.19933661818504333, 0.20003893971443176, 0.1987183541059494, 0.20006096363067627, 0.19950571656227112, 0.2001330703496933, 0.19811436533927917, 0.1994638293981552, 0.19769929349422455, 0.1986490935087204, 0.19973504543304443, 0.19954225420951843, 0.19816122949123383, 0.20168182253837585, 0.1995309740304947, 0.19941748678684235, 0.1998598277568817, 0.1970129758119583, 0.1992332935333252, 0.19905534386634827, 0.19631034135818481, 0.19821883738040924];[-4.322001934051514, -4.320207118988037, -4.33772087097168, -4.322842597961426, -4.341622352600098, -4.341582775115967, -4.3613457679748535, -4.337944030761719, -4.369664192199707, -4.401952266693115, -4.394930839538574, -4.393539905548096, -4.406823635101318, -4.40359354019165, -4.401874542236328, -4.376641273498535, -4.409276485443115, -4.382400989532471, -4.380796432495117, -4.385501861572266, -4.390348434448242, -4.386414051055908, -4.404906272888184, -4.398493766784668, -4.396297931671143, -4.421848773956299, -4.382612705230713, -4.3827385902404785, -4.3938517570495605, -4.378494739532471, -4.388136386871338];[0.02319033443927765, 0.021173883229494095, 0.0340321846306324, 0.022890113294124603, 0.025373514741659164, 0.027150262147188187, 0.022685803472995758, 0.02381226420402527, 0.025368312373757362, 0.018909910693764687, 0.020482219755649567, 0.026103723794221878, 0.01941720023751259, 0.027175389230251312, 0.019889473915100098, 0.023134084418416023, 0.02418537065386772, 0.021898452192544937, 0.030977200716733932, 0.029629359021782875, 0.02149093896150589, 0.023291394114494324, 0.021915191784501076, 0.02577381208539009, 0.02778138965368271, 0.023887109011411667, 0.02259851060807705, 0.020942049100995064, 0.02237505093216896, 0.02494140900671482];2298.461016893387
250;[1.167892575263977, 1.1616675853729248, 1.1640201807022095, 1.1683518886566162, 1.1694499254226685, 1.1636173725128174, 1.1658432483673096, 1.1587326526641846, 1.1608830690383911, 1.1671062707901, 1.1536438465118408, 1.161858320236206, 1.167206048965454, 1.1551084518432617, 1.15900719165802, 1.157891869544983, 1.154464602470398, 1.1642868518829346, 1.1591359376907349, 1.158184289932251, 1.1544413566589355, 1.1670753955841064, 1.166419506072998, 1.153092622756958, 1.1567116975784302, 1.1580239534378052, 1.1509863138198853, 1.1574474573135376, 1.1562910079956055, 1.1602095365524292, 1.154451847076416];[0.09595180302858353, 0.09608734399080276, 0.09257448464632034, 0.09747149795293808, 0.09784238040447235, 0.09423811733722687, 0.09187664091587067, 0.09195929765701294, 0.09107990562915802, 0.09567630290985107, 0.09141194820404053, 0.093397356569767, 0.096439428627491, 0.0911012589931488, 0.09237164258956909, 0.09259188175201416, 0.08983587473630905, 0.09512075781822205, 0.09129369258880615, 0.09192848205566406, 0.09052015841007233, 0.09480547159910202, 0.09340334683656693, 0.08907385915517807, 0.09101704508066177, 0.08925393968820572, 0.08825602382421494, 0.08984833210706711, 0.09063366055488586, 0.09260803461074829, 0.09067973494529724];[-2.164726972579956, -2.16178297996521, -2.1364400386810303, -2.16750431060791, -2.1954290866851807, -2.1455910205841064, -2.1389169692993164, -2.1286685466766357, -2.123060941696167, -2.1664533615112305, -2.129227638244629, -2.1493818759918213, -2.155102252960205, -2.129563093185425, -2.134098529815674, -2.1388351917266846, -2.1260530948638916, -2.165456533432007, -2.131577253341675, -2.1346771717071533, -2.1304218769073486, -2.133985757827759, -2.136749505996704, -2.1144161224365234, -2.123121976852417, -2.109482526779175, -2.1139864921569824, -2.115044116973877, -2.1213998794555664, -2.1278722286224365, -2.129685401916504];[0.023616217076778412, 0.01918402872979641, 0.04030144214630127, 0.02385358139872551, 0.02189403586089611, 0.02151142619550228, 0.027459753677248955, 0.024077417328953743, 0.027722354978322983, 0.021953819319605827, 0.02540302835404873, 0.023902341723442078, 0.022710826247930527, 0.028122123330831528, 0.0252654068171978, 0.02173348143696785, 0.028397247195243835, 0.028101608157157898, 0.020533734932541847, 0.022305363789200783, 0.022979306057095528, 0.02591055817902088, 0.026940537616610527, 0.024322574958205223, 0.020395105704665184, 0.03237046301364899, 0.024655627086758614, 0.02810710482299328, 0.022873181849718094, 0.026983968913555145];2130.5003447532654
250;[1.6186182498931885, 1.6128242015838623, 1.6153639554977417, 1.617820382118225, 1.6194015741348267, 1.6141904592514038, 1.617904543876648, 1.610509991645813, 1.611262321472168, 1.617643117904663, 1.606123685836792, 1.6126224994659424, 1.6176668405532837, 1.6076865196228027, 1.6105233430862427, 1.6098414659500122, 1.6083229780197144, 1.616121768951416, 1.6111384630203247, 1.6109704971313477, 1.6068029403686523, 1.6170079708099365, 1.6168781518936157, 1.6059272289276123, 1.6077067852020264, 1.6103063821792603, 1.6036213636398315, 1.6103047132492065, 1.6077255010604858, 1.612760066986084, 1.6075949668884277];[0.19714635610580444, 0.19799771904945374, 0.19494719803333282, 0.19751384854316711, 0.19851019978523254, 0.1960420161485672, 0.19427740573883057, 0.1952214241027832, 0.1939004361629486, 0.19726133346557617, 0.19653412699699402, 0.19582045078277588, 0.19766022264957428, 0.19590920209884644, 0.19530841708183289, 0.19631929695606232, 0.19525006413459778, 0.19770243763923645, 0.19490967690944672, 0.1962386816740036, 0.19497990608215332, 0.1960599273443222, 0.19500461220741272, 0.19375130534172058, 0.1943007856607437, 0.1931823343038559, 0.19329354166984558, 0.19408442080020905, 0.1945999562740326, 0.19612890481948853, 0.19534951448440552];[-4.344611167907715, -4.3509721755981445, -4.305314064025879, -4.333225727081299, -4.374269485473633, -4.309732437133789, -4.296750068664551, -4.291728973388672, -4.280697345733643, -4.337287425994873, -4.317715644836426, -4.334168910980225, -4.32395601272583, -4.324125289916992, -4.308424949645996, -4.324301242828369, -4.320381164550781, -4.369244575500488, -4.3071794509887695, -4.326307773590088, -4.3257222175598145, -4.280401229858398, -4.29474401473999, -4.292773246765137, -4.297375679016113, -4.264392852783203, -4.298009395599365, -4.280165195465088, -4.291032314300537, -4.2948174476623535, -4.323782920837402];[0.023616217076778412, 0.022011423483490944, 0.040334008634090424, 0.019566748291254044, 0.025002362206578255, 0.02224142849445343, 0.020250963047146797, 0.022076109424233437, 0.023770812898874283, 0.021964997053146362, 0.025501646101474762, 0.02063177525997162, 0.022533170878887177, 0.027222217991948128, 0.025102486833930016, 0.029024794697761536, 0.025947336107492447, 0.02259768731892109, 0.01888640969991684, 0.023682227358222008, 0.023568499833345413, 0.032798830419778824, 0.0260599497705698, 0.028516998514533043, 0.02112705633044243, 0.018535610288381577, 0.022976357489824295, 0.02924652211368084, 0.030858447775244713, 0.023981917649507523];2128.05241894722
300;[1.1581109762191772, 1.1563180685043335, 1.1651856899261475, 1.162750005722046, 1.1679692268371582, 1.1675962209701538, 1.1634430885314941, 1.166521430015564, 1.162678599357605, 1.169999361038208, 1.164017915725708, 1.1678688526153564, 1.1746678352355957, 1.1689503192901611, 1.164974570274353, 1.160701870918274, 1.161709189414978, 1.1662946939468384, 1.161271572113037, 1.1591733694076538, 1.164628028869629, 1.1593270301818848, 1.1623293161392212, 1.1606680154800415, 1.1643081903457642, 1.1647772789001465, 1.1652982234954834, 1.1609877347946167, 1.160754919052124, 1.15824556350708, 1.1657745838165283];[0.09268640726804733, 0.08802224695682526, 0.09167608618736267, 0.0900573879480362, 0.09258712828159332, 0.09193994849920273, 0.09001827239990234, 0.09261727333068848, 0.08990330249071121, 0.09059565514326096, 0.08924254775047302, 0.09207756817340851, 0.09344163537025452, 0.08851218223571777, 0.08923157304525375, 0.08745554089546204, 0.08828620612621307, 0.0912545695900917, 0.08562154322862625, 0.08792039006948471, 0.09244196861982346, 0.08794663101434708, 0.08984377235174179, 0.0894448384642601, 0.08808405697345734, 0.09051381051540375, 0.08893585205078125, 0.089609794318676, 0.08743330091238022, 0.08407878130674362, 0.08758474141359329];[-2.136270523071289, -2.1154801845550537, -2.1228089332580566, -2.113302230834961, -2.1136040687561035, -2.129964828491211, -2.104665756225586, -2.1243557929992676, -2.1080100536346436, -2.0965657234191895, -2.0978505611419678, -2.1104588508605957, -2.1312530040740967, -2.0937366485595703, -2.0879480838775635, -2.0806665420532227, -2.0873217582702637, -2.1163437366485596, -2.081000566482544, -2.0851120948791504, -2.1153383255004883, -2.0913474559783936, -2.101569890975952, -2.1034040451049805, -2.0875394344329834, -2.096205234527588, -2.09153413772583, -2.093701124191284, -2.0748088359832764, -2.060938835144043, -2.0868372917175293];[0.022548051550984383, 0.04485677555203438, 0.018448738381266594, 0.034252703189849854, 0.02561708725988865, 0.022097479552030563, 0.024418026208877563, 0.02575172483921051, 0.020575344562530518, 0.020922236144542694, 0.02345699816942215, 0.020260024815797806, 0.020207788795232773, 0.021377135068178177, 0.025501813739538193, 0.025847185403108597, 0.02264929562807083, 0.04729282483458519, 0.018416712060570717, 0.0182635597884655, 0.025058090686798096, 0.023128539323806763, 0.03550197184085846, 0.025978460907936096, 0.024078864604234695, 0.022772666066884995, 0.02273823320865631, 0.01944577321410179, 0.02123049460351467, 0.018928932026028633];2129.473402738571
300;[1.6095521450042725, 1.6090646982192993, 1.6152536869049072, 1.6144667863845825, 1.6177932024002075, 1.6178336143493652, 1.6140458583831787, 1.6165862083435059, 1.6137820482254028, 1.6187634468078613, 1.6144993305206299, 1.6167488098144531, 1.6240335702896118, 1.6189930438995361, 1.613588571548462, 1.6110632419586182, 1.6120338439941406, 1.6170176267623901, 1.6122605800628662, 1.6095867156982422, 1.6142076253890991, 1.610643744468689, 1.6139870882034302, 1.6116361618041992, 1.6149073839187622, 1.615425944328308, 1.615604043006897, 1.6109734773635864, 1.6108958721160889, 1.6090929508209229, 1.617537260055542];[0.19589625298976898, 0.19255462288856506, 0.1933807134628296, 0.19339606165885925, 0.19404980540275574, 0.19402943551540375, 0.19257178902626038, 0.19506196677684784, 0.19307760894298553, 0.1921464204788208, 0.19157978892326355, 0.1930423527956009, 0.1947750449180603, 0.18997600674629211, 0.19129693508148193, 0.1908807009458542, 0.19159136712551117, 0.1943202018737793, 0.18940569460391998, 0.19206540286540985, 0.19460660219192505, 0.19217698276042938, 0.1936926245689392, 0.1931566447019577, 0.19100457429885864, 0.1931052803993225, 0.19152066111564636, 0.19260576367378235, 0.19073763489723206, 0.1882094442844391, 0.19097748398780823];[-4.3096232414245605, -4.285545825958252, -4.259737968444824, -4.259850978851318, -4.234261512756348, -4.280213356018066, -4.2392706871032715, -4.258882522583008, -4.2470622062683105, -4.202455520629883, -4.2183427810668945, -4.229905605316162, -4.236917972564697, -4.202370643615723, -4.186599254608154, -4.195018768310547, -4.203000545501709, -4.252431869506836, -4.202032089233398, -4.210725784301758, -4.256319522857666, -4.232742786407471, -4.253844261169434, -4.2450456619262695, -4.214470863342285, -4.22649621963501, -4.208563327789307, -4.212632656097412, -4.182263374328613, -4.1577324867248535, -4.195888042449951];[0.022548051550984383, 0.024471377953886986, 0.019825560972094536, 0.03620751574635506, 0.022079570218920708, 0.02730904147028923, 0.019854428246617317, 0.028697874397039413, 0.021575529128313065, 0.020637471228837967, 0.02945583313703537, 0.019804000854492188, 0.020716888830065727, 0.024332648143172264, 0.02646525204181671, 0.02580062299966812, 0.028783826157450676, 0.021367385983467102, 0.022542934864759445, 0.027785517275333405, 0.02432093396782875, 0.024472054094076157, 0.03563164547085762, 0.030674798414111137, 0.026138441637158394, 0.016829755157232285, 0.024701744318008423, 0.01986522041261196, 0.018382661044597626, 0.01930982805788517];2129.1869888305664
350;[1.1601711511611938, 1.1586031913757324, 1.1612958908081055, 1.1647768020629883, 1.1610805988311768, 1.166424036026001, 1.1652394533157349, 1.1680326461791992, 1.1615723371505737, 1.1680667400360107, 1.1627570390701294, 1.1640875339508057, 1.154981255531311, 1.1698429584503174, 1.1686002016067505, 1.1725116968154907, 1.1621527671813965, 1.166473388671875, 1.1721199750900269, 1.1654549837112427, 1.1603140830993652, 1.1671582460403442, 1.161967396736145, 1.1677433252334595, 1.1613911390304565, 1.1604117155075073, 1.1690281629562378, 1.1695587635040283, 1.1664674282073975, 1.1661630868911743, 1.164335012435913];[0.09182320535182953, 0.09129496663808823, 0.09371980279684067, 0.09280497580766678, 0.09109414368867874, 0.09578438848257065, 0.09461606293916702, 0.09313587844371796, 0.09219275414943695, 0.09307970851659775, 0.08963007479906082, 0.09044013917446136, 0.08878776431083679, 0.09402286261320114, 0.09209069609642029, 0.09589435160160065, 0.088688425719738, 0.09168294817209244, 0.09383553266525269, 0.09116798639297485, 0.08811251819133759, 0.09314744919538498, 0.0919911339879036, 0.09401390701532364, 0.09047556668519974, 0.08778614550828934, 0.09189840406179428, 0.09529264271259308, 0.0922260507941246, 0.0936853364109993, 0.09068824350833893];[-2.1300342082977295, -2.1261982917785645, -2.1352932453155518, -2.130173683166504, -2.1224184036254883, -2.1509220600128174, -2.1492574214935303, -2.1290738582611084, -2.131901741027832, -2.1227877140045166, -2.104268789291382, -2.109865665435791, -2.106555223464966, -2.124814987182617, -2.1105258464813232, -2.130815029144287, -2.092533826828003, -2.1227407455444336, -2.1328279972076416, -2.1252241134643555, -2.10082745552063, -2.130837917327881, -2.1247076988220215, -2.1413583755493164, -2.1170239448547363, -2.0986557006835938, -2.115352153778076, -2.132337808609009, -2.1200599670410156, -2.1421592235565186, -2.105231523513794];[0.023030459880828857, 0.024250809103250504, 0.026053469628095627, 0.02369249053299427, 0.019073395058512688, 0.02033773437142372, 0.02742447517812252, 0.029633216559886932, 0.019675258547067642, 0.020405860617756844, 0.018567094579339027, 0.024560341611504555, 0.02082025445997715, 0.025552285835146904, 0.020831357687711716, 0.017643174156546593, 0.0253676176071167, 0.023105282336473465, 0.022802233695983887, 0.022246776148676872, 0.028907019644975662, 0.027652554214000702, 0.020520895719528198, 0.022599905729293823, 0.02222359925508499, 0.018614185974001884, 0.027688294649124146, 0.021440373733639717, 0.02704877220094204, 0.017667943611741066];2137.0207571983337
350;[1.61143958568573, 1.6104304790496826, 1.6114740371704102, 1.6146074533462524, 1.612039566040039, 1.616147518157959, 1.6155153512954712, 1.6176884174346924, 1.6126461029052734, 1.6165688037872314, 1.613128900527954, 1.6128127574920654, 1.606730341911316, 1.6200114488601685, 1.6169242858886719, 1.6206632852554321, 1.6123666763305664, 1.6169332265853882, 1.6210981607437134, 1.615946650505066, 1.6099640130996704, 1.6161214113235474, 1.613037109375, 1.6179594993591309, 1.6115851402282715, 1.6115750074386597, 1.6174572706222534, 1.6182740926742554, 1.6150453090667725, 1.6158612966537476, 1.6127123832702637];[0.1944902092218399, 0.19494843482971191, 0.19617624580860138, 0.19456778466701508, 0.19453419744968414, 0.1973469853401184, 0.19718800485134125, 0.19462256133556366, 0.19529367983341217, 0.1943102478981018, 0.19299106299877167, 0.19265978038311005, 0.1937684565782547, 0.19553451240062714, 0.19338786602020264, 0.19619742035865784, 0.19230380654335022, 0.1945168524980545, 0.19515420496463776, 0.19368399679660797, 0.19150663912296295, 0.1954362839460373, 0.1959235519170761, 0.1959766000509262, 0.19388699531555176, 0.19219157099723816, 0.19331671297550201, 0.19676800072193146, 0.1941235214471817, 0.19562940299510956, 0.1927768439054489];[-4.28690242767334, -4.298492908477783, -4.2989606857299805, -4.281905174255371, -4.285342216491699, -4.326173305511475, -4.32646369934082, -4.273153781890869, -4.305805683135986, -4.260063648223877, -4.244246482849121, -4.2489166259765625, -4.278787612915039, -4.271893501281738, -4.223080158233643, -4.264287948608398, -4.224982738494873, -4.263033390045166, -4.278827667236328, -4.289166450500488, -4.245253562927246, -4.2903666496276855, -4.303901195526123, -4.30979061126709, -4.278671741485596, -4.247949123382568, -4.247530937194824, -4.276590824127197, -4.264914512634277, -4.32460355758667, -4.240547180175781];[0.023030459880828857, 0.02804197371006012, 0.0215335451066494, 0.02411407232284546, 0.019425610080361366, 0.017526086419820786, 0.02278994396328926, 0.02905980870127678, 0.022881891578435898, 0.024919047951698303, 0.02439129166305065, 0.022802354767918587, 0.0209690909832716, 0.025721248239278793, 0.02062854915857315, 0.01970646157860756, 0.020259082317352295, 0.021415414288640022, 0.02240854687988758, 0.021905049681663513, 0.02813115529716015, 0.025912564247846603, 0.022465597838163376, 0.022038057446479797, 0.02294043079018593, 0.03464069589972496, 0.020980646833777428, 0.023420605808496475, 0.02522764354944229, 0.0208967924118042];2127.4610409736633
400;[1.1619477272033691, 1.1699708700180054, 1.163710117340088, 1.1639028787612915, 1.165042757987976, 1.1646183729171753, 1.1656683683395386, 1.1699819564819336, 1.1575562953948975, 1.167134404182434, 1.163061499595642, 1.161925196647644, 1.160305142402649, 1.1613672971725464, 1.1629655361175537, 1.1653896570205688, 1.168341875076294, 1.1682082414627075, 1.1643333435058594, 1.1660023927688599, 1.1700823307037354, 1.1700663566589355, 1.1680397987365723, 1.1709043979644775, 1.164933443069458, 1.1709893941879272, 1.168405532836914, 1.171173334121704, 1.1634429693222046, 1.166703462600708, 1.168952226638794];[0.09584244340658188, 0.09506071358919144, 0.09173592180013657, 0.09251434355974197, 0.0928756520152092, 0.0910370796918869, 0.09139182418584824, 0.09219184517860413, 0.0882575511932373, 0.09215344488620758, 0.09035982936620712, 0.09099885821342468, 0.09002496302127838, 0.09020020812749863, 0.08922677487134933, 0.09141205996274948, 0.09248921275138855, 0.09297119081020355, 0.09188074618577957, 0.09064275771379471, 0.09186116605997086, 0.08972100913524628, 0.08973660320043564, 0.08945657312870026, 0.08825897425413132, 0.0906868577003479, 0.09067440778017044, 0.09038880467414856, 0.08667336404323578, 0.08861801028251648, 0.08696196228265762];[-2.163532018661499, -2.13910174369812, -2.13912034034729, -2.1297717094421387, -2.123091697692871, -2.120882749557495, -2.1184520721435547, -2.113003730773926, -2.090362787246704, -2.1158177852630615, -2.1052603721618652, -2.118777275085449, -2.1118664741516113, -2.1007769107818604, -2.1056642532348633, -2.1153054237365723, -2.1157748699188232, -2.1229634284973145, -2.1126255989074707, -2.1141886711120605, -2.1053833961486816, -2.0918047428131104, -2.0957627296447754, -2.082031011581421, -2.073759078979492, -2.084989309310913, -2.0791003704071045, -2.0820834636688232, -2.072979688644409, -2.0892982482910156, -2.0636069774627686];[0.024744393303990364, 0.022693727165460587, 0.021135587245225906, 0.025628535076975822, 0.021152276545763016, 0.02218366041779518, 0.021684277802705765, 0.02168404869735241, 0.023304974660277367, 0.022716570645570755, 0.020568672567605972, 0.023701585829257965, 0.025673961266875267, 0.030329778790473938, 0.03119148500263691, 0.02926621213555336, 0.02055765874683857, 0.022190604358911514, 0.019711855798959732, 0.019889995455741882, 0.02112524025142193, 0.019971739500761032, 0.02409270592033863, 0.020466243848204613, 0.023751622065901756, 0.023964352905750275, 0.01970698870718479, 0.022244086489081383, 0.020932497456669807, 0.01884944923222065];2120.5522356033325
400;[1.6134637594223022, 1.6184324026107788, 1.6150797605514526, 1.6137776374816895, 1.6158722639083862, 1.6150881052017212, 1.6146260499954224, 1.618192434310913, 1.6073660850524902, 1.6152178049087524, 1.6131681203842163, 1.6120105981826782, 1.6096372604370117, 1.610278606414795, 1.6131765842437744, 1.6141180992126465, 1.6168150901794434, 1.6163514852523804, 1.613142728805542, 1.615230679512024, 1.6171518564224243, 1.6167362928390503, 1.614504098892212, 1.6156294345855713, 1.612107276916504, 1.615424633026123, 1.6137372255325317, 1.6168168783187866, 1.6114542484283447, 1.6144068241119385, 1.6156132221221924];[0.19821743667125702, 0.19569164514541626, 0.1950157731771469, 0.1954832226037979, 0.19642432034015656, 0.1945231854915619, 0.19447003304958344, 0.19429072737693787, 0.19286265969276428, 0.19501957297325134, 0.19534121453762054, 0.195674866437912, 0.1946079134941101, 0.1946278065443039, 0.1947910338640213, 0.19609346985816956, 0.1971757858991623, 0.19706903398036957, 0.19704695045948029, 0.19607798755168915, 0.19596454501152039, 0.19432605803012848, 0.1941475123167038, 0.19287090003490448, 0.19426752626895905, 0.19456785917282104, 0.19466716051101685, 0.19464625418186188, 0.1938346028327942, 0.19522354006767273, 0.1922915279865265];[-4.358528137207031, -4.283590793609619, -4.327712059020996, -4.300604343414307, -4.29365348815918, -4.296374320983887, -4.286684989929199, -4.254301071166992, -4.252331733703613, -4.283206462860107, -4.281806468963623, -4.324034214019775, -4.3082075119018555, -4.286092758178711, -4.308305263519287, -4.30715799331665, -4.301018714904785, -4.328887462615967, -4.3253350257873535, -4.324532508850098, -4.2905659675598145, -4.263556957244873, -4.274612903594971, -4.243049144744873, -4.256889343261719, -4.255038738250732, -4.246278762817383, -4.256049156188965, -4.2681498527526855, -4.299510955810547, -4.23300313949585];[0.024744393303990364, 0.019869649782776833, 0.023262016475200653, 0.032634634524583817, 0.020565509796142578, 0.021708901971578598, 0.02219843864440918, 0.021542929112911224, 0.034781794995069504, 0.02325124479830265, 0.02675214782357216, 0.02728138491511345, 0.029634473845362663, 0.020900879055261612, 0.03277416154742241, 0.023719653487205505, 0.021852882578969002, 0.022899240255355835, 0.0242510624229908, 0.020764844492077827, 0.019947940483689308, 0.023035714402794838, 0.02686513401567936, 0.021670866757631302, 0.022639822214841843, 0.026431716978549957, 0.02244529500603676, 0.021591922268271446, 0.020912662148475647, 0.020693432539701462];2127.1633682250977
450;[1.1593552827835083, 1.1588308811187744, 1.163426399230957, 1.1638991832733154, 1.1613514423370361, 1.155376672744751, 1.1654930114746094, 1.173532485961914, 1.1680083274841309, 1.164935827255249, 1.1681350469589233, 1.163127064704895, 1.1668113470077515, 1.1641182899475098, 1.1698942184448242, 1.1684377193450928, 1.1639690399169922, 1.167566180229187, 1.1650691032409668, 1.1645514965057373, 1.1677924394607544, 1.1693223714828491, 1.1635446548461914, 1.1648873090744019, 1.1765803098678589, 1.1653794050216675, 1.1759318113327026, 1.1673694849014282, 1.1742441654205322, 1.1627202033996582, 1.1710810661315918];[0.0938735380768776, 0.092327781021595, 0.09386967122554779, 0.09491900354623795, 0.09224636852741241, 0.09140904247760773, 0.09465064853429794, 0.09585615992546082, 0.09548022598028183, 0.09476393461227417, 0.09672003239393234, 0.0916261076927185, 0.09128743410110474, 0.09183186292648315, 0.09452450275421143, 0.09471859037876129, 0.09223553538322449, 0.0961046889424324, 0.09115307033061981, 0.09260804951190948, 0.09272550791501999, 0.09296669065952301, 0.09354732930660248, 0.09348225593566895, 0.09958899766206741, 0.09443174302577972, 0.09978747367858887, 0.09402520954608917, 0.09468511492013931, 0.09250175207853317, 0.09538149833679199];[-2.140838861465454, -2.1347501277923584, -2.1369237899780273, -2.1437792778015137, -2.130608320236206, -2.1269161701202393, -2.13848614692688, -2.155524253845215, -2.1399459838867188, -2.1479697227478027, -2.1579596996307373, -2.117555856704712, -2.1173043251037598, -2.1240577697753906, -2.1346611976623535, -2.157776355743408, -2.119781494140625, -2.1543378829956055, -2.1275055408477783, -2.1250157356262207, -2.1255481243133545, -2.127655267715454, -2.1346256732940674, -2.1368651390075684, -2.160844087600708, -2.1465752124786377, -2.1570382118225098, -2.135887384414673, -2.136138677597046, -2.1294455528259277, -2.142495632171631];[0.022252686321735382, 0.020187927410006523, 0.02514135278761387, 0.020299507305026054, 0.025337643921375275, 0.024498384445905685, 0.022459324449300766, 0.03243069350719452, 0.021059362217783928, 0.02637902833521366, 0.023005085065960884, 0.023035867139697075, 0.022708488628268242, 0.023051630705595016, 0.0241270512342453, 0.023156514391303062, 0.017835358157753944, 0.01622561551630497, 0.021600279957056046, 0.022931896150112152, 0.024808257818222046, 0.024795230478048325, 0.017409848049283028, 0.021633174270391464, 0.025927409529685974, 0.023439496755599976, 0.023068206384778023, 0.023226020857691765, 0.02328149415552616, 0.02592719905078411];2130.6744832992554
450;[1.6097835302352905, 1.6109381914138794, 1.6137019395828247, 1.6150486469268799, 1.611318826675415, 1.6063638925552368, 1.614884853363037, 1.6214216947555542, 1.6165438890457153, 1.6142067909240723, 1.617019772529602, 1.6121795177459717, 1.6153393983840942, 1.612526297569275, 1.6161693334579468, 1.6180121898651123, 1.6123534440994263, 1.615363597869873, 1.6143299341201782, 1.6140406131744385, 1.6160540580749512, 1.6180615425109863, 1.6119585037231445, 1.6132742166519165, 1.6209311485290527, 1.6147191524505615, 1.622623324394226, 1.61516273021698, 1.6202187538146973, 1.6111341714859009, 1.6177473068237305];[0.19667811691761017, 0.19602727890014648, 0.19628894329071045, 0.19751298427581787, 0.19507573544979095, 0.19549277424812317, 0.19598603248596191, 0.19572587311267853, 0.1963975727558136, 0.19705098867416382, 0.19781896471977234, 0.19437436759471893, 0.19294415414333344, 0.19403445720672607, 0.1943383812904358, 0.19684365391731262, 0.19460579752922058, 0.1972884237766266, 0.1938892900943756, 0.19513528048992157, 0.194513738155365, 0.19457018375396729, 0.19604569673538208, 0.19576899707317352, 0.19811804592609406, 0.19686086475849152, 0.19886045157909393, 0.19545310735702515, 0.19372883439064026, 0.19479183852672577, 0.1955106258392334];[-4.321227550506592, -4.315644264221191, -4.30087947845459, -4.316640853881836, -4.291521072387695, -4.304556846618652, -4.290735244750977, -4.305895805358887, -4.296720027923584, -4.312589168548584, -4.334253311157227, -4.2703423500061035, -4.2538018226623535, -4.274904727935791, -4.269296646118164, -4.340282440185547, -4.275492191314697, -4.327780723571777, -4.293646335601807, -4.282614231109619, -4.2681965827941895, -4.2722673416137695, -4.300159454345703, -4.304503917694092, -4.293923854827881, -4.314288139343262, -4.309315204620361, -4.289233207702637, -4.26655912399292, -4.292505264282227, -4.28418493270874];[0.022252686321735382, 0.020243264734745026, 0.024483487010002136, 0.019977036863565445, 0.021614795550704002, 0.026083916425704956, 0.023028481751680374, 0.02583586424589157, 0.018634304404258728, 0.025235585868358612, 0.021058859303593636, 0.02216157130897045, 0.025602513924241066, 0.021119708195328712, 0.02244500443339348, 0.02217348851263523, 0.019873274490237236, 0.01955089345574379, 0.031145531684160233, 0.024277372285723686, 0.0263308584690094, 0.02057269588112831, 0.01715206541121006, 0.02113652229309082, 0.026969391852617264, 0.024018876254558563, 0.02214610017836094, 0.02692752704024315, 0.024361293762922287, 0.021448854357004166];2224.4008576869965
500;[1.1632883548736572, 1.1610645055770874, 1.1727153062820435, 1.1633718013763428, 1.1608192920684814, 1.1682287454605103, 1.165984869003296, 1.1623650789260864, 1.1607460975646973, 1.1597667932510376, 1.157787561416626, 1.156869649887085, 1.1595962047576904, 1.1643249988555908, 1.1606658697128296, 1.1632472276687622, 1.1660661697387695, 1.1669719219207764, 1.1686749458312988, 1.15713632106781, 1.1628366708755493, 1.1679104566574097, 1.1625142097473145, 1.164975881576538, 1.1685161590576172, 1.1717332601547241, 1.1792502403259277, 1.1761951446533203, 1.1754196882247925, 1.1688268184661865, 1.173087477684021];[0.09256785362958908, 0.09307122230529785, 0.09644433110952377, 0.09127434343099594, 0.09002692252397537, 0.09414892643690109, 0.09227067232131958, 0.09272979944944382, 0.09211477637290955, 0.09191691130399704, 0.09065721929073334, 0.09283481538295746, 0.09258698672056198, 0.09191454201936722, 0.09005444496870041, 0.09168476611375809, 0.09191714227199554, 0.09072708338499069, 0.0925232544541359, 0.0891847163438797, 0.08989051729440689, 0.09176226705312729, 0.09048231691122055, 0.08983533829450607, 0.09214743226766586, 0.09325861930847168, 0.09945327788591385, 0.09668301045894623, 0.09476079046726227, 0.0937296599149704, 0.09441760182380676];[-2.1410880088806152, -2.1470420360565186, -2.155818462371826, -2.10927677154541, -2.105523109436035, -2.1490097045898438, -2.120743751525879, -2.138496160507202, -2.1341493129730225, -2.129803419113159, -2.1283457279205322, -2.1334547996520996, -2.130413293838501, -2.126023769378662, -2.113515615463257, -2.1123509407043457, -2.1271910667419434, -2.1233317852020264, -2.112175464630127, -2.110330104827881, -2.1081364154815674, -2.1151351928710938, -2.1103193759918213, -2.1093461513519287, -2.121337890625, -2.120863676071167, -2.1473264694213867, -2.153008222579956, -2.115171432495117, -2.125558853149414, -2.1328282356262207];[0.025333791971206665, 0.020561767742037773, 0.02056097611784935, 0.021661318838596344, 0.018525363877415657, 0.02474016696214676, 0.022361062467098236, 0.024092011153697968, 0.03059396706521511, 0.020970238372683525, 0.026029419153928757, 0.018846420571208, 0.0220761951059103, 0.025211947038769722, 0.02188725955784321, 0.021761171519756317, 0.024951595813035965, 0.025272779166698456, 0.02003832906484604, 0.022881517186760902, 0.022335980087518692, 0.020710742101073265, 0.02323593571782112, 0.02615169808268547, 0.02620089240372181, 0.02980014681816101, 0.02263776771724224, 0.02949165366590023, 0.016390740871429443, 0.022941265255212784];2224.7094502449036
500;[1.6137923002243042, 1.6136404275894165, 1.6207269430160522, 1.6126333475112915, 1.611199975013733, 1.6179689168930054, 1.6146857738494873, 1.6126759052276611, 1.6113755702972412, 1.61030912399292, 1.6089239120483398, 1.6083794832229614, 1.6098518371582031, 1.6132172346115112, 1.6112761497497559, 1.612725853919983, 1.6135865449905396, 1.6155911684036255, 1.6150121688842773, 1.6059406995773315, 1.611593246459961, 1.616029977798462, 1.609813928604126, 1.6133613586425781, 1.615705132484436, 1.616963505744934, 1.6223856210708618, 1.6208281517028809, 1.617910623550415, 1.614669919013977, 1.6183063983917236];[0.19445909559726715, 0.19693326950073242, 0.19638727605342865, 0.19380533695220947, 0.19364315271377563, 0.19627247750759125, 0.1939443051815033, 0.19662320613861084, 0.1961653232574463, 0.19631260633468628, 0.1954992115497589, 0.1983852982521057, 0.1973411589860916, 0.19572444260120392, 0.19516249001026154, 0.19624800980091095, 0.19456341862678528, 0.19386650621891022, 0.1948525607585907, 0.19436654448509216, 0.19391170144081116, 0.19531328976154327, 0.1946118026971817, 0.19436876475811005, 0.19560085237026215, 0.19540292024612427, 0.19964812695980072, 0.19764304161071777, 0.19498524069786072, 0.1972305327653885, 0.19702574610710144];[-4.307437896728516, -4.339414596557617, -4.300943374633789, -4.246881484985352, -4.258115291595459, -4.317244529724121, -4.27987813949585, -4.338750839233398, -4.335681438446045, -4.334087371826172, -4.3333024978637695, -4.35470724105835, -4.335458755493164, -4.313738822937012, -4.304592609405518, -4.2962965965271, -4.300754070281982, -4.308615207672119, -4.26102352142334, -4.308721542358398, -4.288923263549805, -4.29311466217041, -4.298392295837402, -4.293162822723389, -4.30525016784668, -4.295041084289551, -4.304078102111816, -4.337353229522705, -4.248391628265381, -4.32747745513916, -4.311709403991699];[0.025333791971206665, 0.019576985388994217, 0.023477360606193542, 0.01895540952682495, 0.020478002727031708, 0.018823206424713135, 0.02214352786540985, 0.022037312388420105, 0.025571184232831, 0.02421514503657818, 0.02398901805281639, 0.024309758096933365, 0.023134319111704826, 0.024668093770742416, 0.025394026190042496, 0.02447604015469551, 0.02206209860742092, 0.026199087500572205, 0.022481195628643036, 0.022644609212875366, 0.01972927711904049, 0.02763783186674118, 0.024546585977077484, 0.02286238968372345, 0.026910925284028053, 0.021806243807077408, 0.023767108097672462, 0.02675512433052063, 0.02117842249572277, 0.028982868418097496];2161.9752242565155
550;[1.168386459350586, 1.1636308431625366, 1.161257266998291, 1.161044955253601, 1.1587636470794678, 1.1619716882705688, 1.1684473752975464, 1.165913462638855, 1.1622713804244995, 1.1596499681472778, 1.1602654457092285, 1.1604242324829102, 1.159743309020996, 1.161720633506775, 1.1608126163482666, 1.1600842475891113, 1.1741816997528076, 1.1598528623580933, 1.1631029844284058, 1.165876030921936, 1.1622071266174316, 1.1657882928848267, 1.1624122858047485, 1.1625313758850098, 1.1600842475891113, 1.1668741703033447, 1.176062822341919, 1.1627897024154663, 1.161623477935791, 1.1655505895614624, 1.1669713258743286];[0.09588392823934555, 0.09359101951122284, 0.09216289967298508, 0.09222716093063354, 0.08975140750408173, 0.0886470153927803, 0.0935642272233963, 0.09078315645456314, 0.09133612364530563, 0.08921195566654205, 0.08857784420251846, 0.08839264512062073, 0.0906122699379921, 0.0892726257443428, 0.08856303989887238, 0.0895632728934288, 0.0961957722902298, 0.0901883915066719, 0.08806883543729782, 0.09326746314764023, 0.08998078107833862, 0.092037633061409, 0.08768072724342346, 0.09176335483789444, 0.09017413854598999, 0.09254565834999084, 0.09516315907239914, 0.09048058092594147, 0.08836569637060165, 0.09093264490365982, 0.09272461384534836];[-2.1493685245513916, -2.1320245265960693, -2.1243391036987305, -2.1307005882263184, -2.1102101802825928, -2.106935977935791, -2.127906560897827, -2.1186466217041016, -2.1137964725494385, -2.1070616245269775, -2.0993103981018066, -2.0943591594696045, -2.1167423725128174, -2.097628116607666, -2.0995264053344727, -2.106384515762329, -2.154278039932251, -2.1041829586029053, -2.0958333015441895, -2.126938581466675, -2.1125333309173584, -2.116767168045044, -2.090087413787842, -2.117987871170044, -2.1059770584106445, -2.1265780925750732, -2.1330983638763428, -2.1098968982696533, -2.085874557495117, -2.1140027046203613, -2.1197240352630615];[0.025304855778813362, 0.018745817244052887, 0.023159274831414223, 0.019950727000832558, 0.023748237639665604, 0.024752195924520493, 0.02299923077225685, 0.025596922263503075, 0.020602529868483543, 0.030112093314528465, 0.02122148498892784, 0.021912891417741776, 0.02704569511115551, 0.01978987082839012, 0.024020696058869362, 0.028455577790737152, 0.026259103789925575, 0.021607477217912674, 0.02221709117293358, 0.023013442754745483, 0.022985659539699554, 0.023179233074188232, 0.02164056897163391, 0.022822272032499313, 0.021082956343889236, 0.026324471458792686, 0.025693170726299286, 0.020567098632454872, 0.021095363423228264, 0.02249722369015217];2290.994636774063
550;[1.6184897422790527, 1.613926887512207, 1.61186945438385, 1.6107289791107178, 1.609606146812439, 1.6132311820983887, 1.6187394857406616, 1.616182565689087, 1.6127957105636597, 1.6106547117233276, 1.610172152519226, 1.6115131378173828, 1.609340786933899, 1.612213373184204, 1.6122161149978638, 1.6101359128952026, 1.62253737449646, 1.6091549396514893, 1.613256573677063, 1.6156762838363647, 1.6140623092651367, 1.6153401136398315, 1.6123701333999634, 1.6136627197265625, 1.611086130142212, 1.6169018745422363, 1.624030590057373, 1.6140295267105103, 1.6111706495285034, 1.6166428327560425, 1.6179282665252686];[0.19684773683547974, 0.19629010558128357, 0.1947178840637207, 0.19422130286693573, 0.19309216737747192, 0.19178687036037445, 0.19491390883922577, 0.19279815256595612, 0.19344553351402283, 0.1925644874572754, 0.19118617475032806, 0.1918676793575287, 0.19318510591983795, 0.19201362133026123, 0.191788449883461, 0.19220036268234253, 0.19603845477104187, 0.19278337061405182, 0.1903027892112732, 0.19520851969718933, 0.193594828248024, 0.1934463232755661, 0.19003796577453613, 0.19445718824863434, 0.19342996180057526, 0.19451281428337097, 0.19440552592277527, 0.1932850182056427, 0.19076348841190338, 0.19377663731575012, 0.19467337429523468];[-4.308713912963867, -4.2877068519592285, -4.272961139678955, -4.282652378082275, -4.255086898803711, -4.246341705322266, -4.264504432678223, -4.25191593170166, -4.242565155029297, -4.253109931945801, -4.227422714233398, -4.218101501464844, -4.257486820220947, -4.2146382331848145, -4.231759548187256, -4.232509613037109, -4.271683216094971, -4.231175899505615, -4.21127986907959, -4.263711929321289, -4.24786901473999, -4.228148937225342, -4.201748371124268, -4.2531962394714355, -4.2394118309021, -4.259326457977295, -4.233739376068115, -4.247183322906494, -4.187464714050293, -4.246448993682861, -4.243887424468994];[0.025304855778813362, 0.023669887334108353, 0.02294710837304592, 0.02062525972723961, 0.023396996781229973, 0.020197320729494095, 0.023263968527317047, 0.030560193583369255, 0.023266378790140152, 0.027930893003940582, 0.02967255562543869, 0.018773356452584267, 0.017680177465081215, 0.02334597148001194, 0.02457413636147976, 0.02775205671787262, 0.026276271790266037, 0.02369946613907814, 0.04663592576980591, 0.019859204068779945, 0.023448500782251358, 0.02311960607767105, 0.021581221371889114, 0.023153353482484818, 0.03279273211956024, 0.026580285280942917, 0.02560630813241005, 0.020727332681417465, 0.022420208901166916, 0.022090177983045578];2200.0350580215454
600;[1.171407699584961, 1.1657243967056274, 1.1663668155670166, 1.1613667011260986, 1.1662096977233887, 1.1591413021087646, 1.1663827896118164, 1.1660853624343872, 1.1690499782562256, 1.1676913499832153, 1.1637791395187378, 1.172939419746399, 1.167055606842041, 1.167001724243164, 1.162797212600708, 1.1610209941864014, 1.1719609498977661, 1.1714152097702026, 1.16793954372406, 1.1646672487258911, 1.1757957935333252, 1.1564383506774902, 1.1662182807922363, 1.1646482944488525, 1.1657572984695435, 1.1693429946899414, 1.173971176147461, 1.165144443511963, 1.1666330099105835, 1.1625641584396362, 1.1684168577194214];[0.09664159268140793, 0.09473514556884766, 0.09659235179424286, 0.0928792729973793, 0.09532515704631805, 0.0903356596827507, 0.09657902270555496, 0.09369643032550812, 0.09673760831356049, 0.09557437896728516, 0.09463340044021606, 0.09975392371416092, 0.09480147808790207, 0.09479930251836777, 0.0941762626171112, 0.09579673409461975, 0.09617481380701065, 0.0979430228471756, 0.09704647958278656, 0.09643515944480896, 0.09967334568500519, 0.09361561387777328, 0.09423854202032089, 0.09413761645555496, 0.09456577897071838, 0.09660494327545166, 0.09884443879127502, 0.09570907801389694, 0.09453858435153961, 0.09367819130420685, 0.09601622819900513];[-2.1600303649902344, -2.1487815380096436, -2.161388874053955, -2.129842758178711, -2.143244743347168, -2.1305363178253174, -2.1600306034088135, -2.1418373584747314, -2.1516125202178955, -2.1515185832977295, -2.1514554023742676, -2.1801979541778564, -2.146848678588867, -2.1506292819976807, -2.1551053524017334, -2.157165765762329, -2.1531622409820557, -2.155146837234497, -2.15706729888916, -2.1575608253479004, -2.184251070022583, -2.1421151161193848, -2.1548030376434326, -2.1506052017211914, -2.146652936935425, -2.167184352874756, -2.2071211338043213, -2.148557662963867, -2.153555393218994, -2.1433467864990234, -2.1501271724700928];[0.026170967146754265, 0.035229019820690155, 0.023087451234459877, 0.01951778307557106, 0.02511351741850376, 0.0208953358232975, 0.020495794713497162, 0.027401801198720932, 0.024357307702302933, 0.023497244343161583, 0.025319598615169525, 0.028378546237945557, 0.022401809692382812, 0.021677937358617783, 0.02827600948512554, 0.021733179688453674, 0.023091236129403114, 0.02646947093307972, 0.02495126612484455, 0.019257426261901855, 0.023574702441692352, 0.02338491752743721, 0.019535746425390244, 0.017360854893922806, 0.02684987336397171, 0.022342683747410774, 0.02170530892908573, 0.029958300292491913, 0.02289649471640587, 0.019572056829929352];2285.577219247818
600;[1.6207085847854614, 1.615523099899292, 1.616292953491211, 1.612391471862793, 1.6139358282089233, 1.6098594665527344, 1.6164536476135254, 1.6152287721633911, 1.6174989938735962, 1.617109775543213, 1.6142933368682861, 1.621652364730835, 1.6160403490066528, 1.6187021732330322, 1.6142094135284424, 1.6111904382705688, 1.6211271286010742, 1.6184070110321045, 1.6190481185913086, 1.6148583889007568, 1.6252213716506958, 1.606860637664795, 1.6170216798782349, 1.6170389652252197, 1.6141517162322998, 1.6183441877365112, 1.6239280700683594, 1.6138628721237183, 1.6173745393753052, 1.6131994724273682, 1.6179081201553345];[0.19719000160694122, 0.19564689695835114, 0.19805265963077545, 0.19531112909317017, 0.1954466849565506, 0.19342169165611267, 0.19760406017303467, 0.19460506737232208, 0.19655722379684448, 0.1963791847229004, 0.19661089777946472, 0.19908462464809418, 0.19583174586296082, 0.19701193273067474, 0.1972949206829071, 0.19802768528461456, 0.19650477170944214, 0.19687846302986145, 0.19885137677192688, 0.19843319058418274, 0.19935739040374756, 0.19663196802139282, 0.19630035758018494, 0.1968315839767456, 0.19554324448108673, 0.19688454270362854, 0.19965843856334686, 0.19712844491004944, 0.19613954424858093, 0.19633536040782928, 0.19647274911403656];[-4.313953399658203, -4.309601306915283, -4.3253631591796875, -4.285706043243408, -4.2897233963012695, -4.300777912139893, -4.332394599914551, -4.296792984008789, -4.28509521484375, -4.311557769775391, -4.326585292816162, -4.353170394897461, -4.300980567932129, -4.32637882232666, -4.34570837020874, -4.347435474395752, -4.300716876983643, -4.284987926483154, -4.333920001983643, -4.325272083282471, -4.360917091369629, -4.326056480407715, -4.3298821449279785, -4.3307600021362305, -4.2948737144470215, -4.337027072906494, -4.368590354919434, -4.30622673034668, -4.33017110824585, -4.317424774169922, -4.309479713439941];[0.026170967146754265, 0.032462310045957565, 0.020453421398997307, 0.020875483751296997, 0.02637418918311596, 0.021250879392027855, 0.02046421356499195, 0.02103298157453537, 0.02160998061299324, 0.02684345282614231, 0.023755252361297607, 0.02338266931474209, 0.0228992011398077, 0.021640321239829063, 0.02423054538667202, 0.023937011137604713, 0.020383816212415695, 0.027243252843618393, 0.027421409264206886, 0.02013060823082924, 0.028949955478310585, 0.022664709016680717, 0.020417993888258934, 0.016542116180062294, 0.02783375233411789, 0.023939084261655807, 0.020102236419916153, 0.020724307745695114, 0.018333712592720985, 0.024785127490758896];2202.1098959445953
650;[1.162111759185791, 1.1565699577331543, 1.164758563041687, 1.1614426374435425, 1.171096682548523, 1.1597604751586914, 1.1627748012542725, 1.1650993824005127, 1.1646865606307983, 1.1606851816177368, 1.1583153009414673, 1.1582045555114746, 1.161509394645691, 1.1614954471588135, 1.1608128547668457, 1.163018822669983, 1.1582907438278198, 1.155360460281372, 1.1663925647735596, 1.1648672819137573, 1.1648266315460205, 1.1666024923324585, 1.1601526737213135, 1.158341884613037, 1.1615570783615112, 1.1665308475494385, 1.1617199182510376, 1.1614198684692383, 1.162894368171692, 1.1645900011062622, 1.1620687246322632];[0.09368813037872314, 0.09135651588439941, 0.0964188203215599, 0.09105324745178223, 0.09624721109867096, 0.09073840081691742, 0.09517689049243927, 0.09447642415761948, 0.09291914850473404, 0.09280990064144135, 0.09252853691577911, 0.0907471626996994, 0.09188013523817062, 0.09351285547018051, 0.08929561078548431, 0.09204886853694916, 0.09210518002510071, 0.09119413048028946, 0.09538105875253677, 0.09702654182910919, 0.0938219428062439, 0.09467322379350662, 0.08995431661605835, 0.09173469990491867, 0.08929266780614853, 0.08952877670526505, 0.08924583345651627, 0.0920877754688263, 0.09271658211946487, 0.09168290346860886, 0.09153188765048981];[-2.140728712081909, -2.1322178840637207, -2.1611521244049072, -2.1304426193237305, -2.1525816917419434, -2.1231722831726074, -2.1554317474365234, -2.144023895263672, -2.133496046066284, -2.130887269973755, -2.134657621383667, -2.1294987201690674, -2.12803053855896, -2.1382856369018555, -2.114837169647217, -2.1292495727539062, -2.133328676223755, -2.12869930267334, -2.155247688293457, -2.165269613265991, -2.14046311378479, -2.14376163482666, -2.1165785789489746, -2.125959873199463, -2.1098568439483643, -2.105802297592163, -2.1026461124420166, -2.129093885421753, -2.126004695892334, -2.124288320541382, -2.1123158931732178];[0.03071744181215763, 0.025549113750457764, 0.024500876665115356, 0.022439323365688324, 0.024308407679200172, 0.024157626554369926, 0.02172107994556427, 0.033369217067956924, 0.022606192156672478, 0.02880391664803028, 0.021184375509619713, 0.02302265726029873, 0.024095650762319565, 0.022400841116905212, 0.02049856446683407, 0.021730411797761917, 0.024955807253718376, 0.03809797763824463, 0.025044875219464302, 0.028879553079605103, 0.02281750552356243, 0.028196118772029877, 0.021817363798618317, 0.021793458610773087, 0.027025647461414337, 0.02278287522494793, 0.023440035060048103, 0.01967388205230236, 0.029621563851833344, 0.019637081772089005];2235.227302312851
650;[1.6122995615005493, 1.6083695888519287, 1.6157935857772827, 1.6129134893417358, 1.6206265687942505, 1.611472249031067, 1.6138179302215576, 1.6140135526657104, 1.6147685050964355, 1.6110432147979736, 1.6109486818313599, 1.6104806661605835, 1.6128044128417969, 1.6133840084075928, 1.611948013305664, 1.6148359775543213, 1.6105339527130127, 1.6068394184112549, 1.6175038814544678, 1.6147178411483765, 1.6160469055175781, 1.6176937818527222, 1.6105302572250366, 1.6097421646118164, 1.6111899614334106, 1.6163777112960815, 1.6120902299880981, 1.6132570505142212, 1.613234519958496, 1.6155844926834106, 1.6126503944396973];[0.1959082931280136, 0.19524206221103668, 0.19856688380241394, 0.19420526921749115, 0.19667266309261322, 0.19438597559928894, 0.19830310344696045, 0.1959776133298874, 0.19493061304092407, 0.19592802226543427, 0.19702835381031036, 0.1949150115251541, 0.19500069320201874, 0.1968385875225067, 0.19297844171524048, 0.19542688131332397, 0.19645865261554718, 0.1956217885017395, 0.19811955094337463, 0.19978776574134827, 0.19682665169239044, 0.19742631912231445, 0.19342568516731262, 0.19628851115703583, 0.19251538813114166, 0.19208209216594696, 0.1928386241197586, 0.1958431899547577, 0.195298433303833, 0.1956186443567276, 0.19525828957557678];[-4.3158488273620605, -4.312647819519043, -4.344809532165527, -4.2996134757995605, -4.311002254486084, -4.285836219787598, -4.338280200958252, -4.302732944488525, -4.291248798370361, -4.303188800811768, -4.32851505279541, -4.317841053009033, -4.308681011199951, -4.31870698928833, -4.279989242553711, -4.307793140411377, -4.327928066253662, -4.319511413574219, -4.356574058532715, -4.355138778686523, -4.329502105712891, -4.329575061798096, -4.282576084136963, -4.3117570877075195, -4.26322603225708, -4.248250484466553, -4.246826648712158, -4.318442344665527, -4.289288520812988, -4.301270961761475, -4.270540714263916];[0.03071744181215763, 0.028733110055327415, 0.02460651658475399, 0.022424550727009773, 0.024249695241451263, 0.024298690259456635, 0.022744599729776382, 0.020842118188738823, 0.02220224402844906, 0.02727775275707245, 0.019300034269690514, 0.02411566488444805, 0.024797428399324417, 0.020343642681837082, 0.02810300886631012, 0.025644464418292046, 0.020899437367916107, 0.024296313524246216, 0.02188088744878769, 0.022832006216049194, 0.02045583538711071, 0.03875067085027695, 0.029857954010367393, 0.022551357746124268, 0.0261735487729311, 0.02132450044155121, 0.023504212498664856, 0.029061971232295036, 0.027102552354335785, 0.02288651093840599];2176.3673214912415
700;[1.159374475479126, 1.1654213666915894, 1.157947301864624, 1.1635429859161377, 1.1601427793502808, 1.160402536392212, 1.1625741720199585, 1.1613577604293823, 1.1730512380599976, 1.1640197038650513, 1.16352117061615, 1.1635727882385254, 1.1580076217651367, 1.165991187095642, 1.1636751890182495, 1.1608995199203491, 1.1648879051208496, 1.1608866453170776, 1.159233570098877, 1.1631559133529663, 1.1608959436416626, 1.1629101037979126, 1.1590361595153809, 1.16359281539917, 1.1605687141418457, 1.1627485752105713, 1.1589235067367554, 1.161948323249817, 1.171423077583313, 1.1675641536712646, 1.163849949836731];[0.09163589030504227, 0.09611055254936218, 0.09201457351446152, 0.09629454463720322, 0.09036418050527573, 0.09202412515878677, 0.0933002158999443, 0.09293054789304733, 0.0994596928358078, 0.091645248234272, 0.09568829834461212, 0.09219229966402054, 0.0913851335644722, 0.09573537111282349, 0.09766647219657898, 0.0910693034529686, 0.09412594139575958, 0.0924329087138176, 0.09213119745254517, 0.09424182027578354, 0.09448528289794922, 0.0940062627196312, 0.09311830252408981, 0.09211549162864685, 0.09351221472024918, 0.09471577405929565, 0.0934908464550972, 0.09501740336418152, 0.09832563996315002, 0.09716667979955673, 0.09389054030179977];[-2.1340997219085693, -2.1611998081207275, -2.1385579109191895, -2.1585886478424072, -2.125009298324585, -2.1384589672088623, -2.1458935737609863, -2.1353321075439453, -2.2280173301696777, -2.1304819583892822, -2.147770404815674, -2.1379282474517822, -2.130645513534546, -2.1538500785827637, -2.1657066345214844, -2.1371941566467285, -2.1850199699401855, -2.1400697231292725, -2.1369993686676025, -2.1701672077178955, -2.15687894821167, -2.1451778411865234, -2.1478383541107178, -2.138000965118408, -2.1551592350006104, -2.1711645126342773, -2.1565122604370117, -2.160141706466675, -2.1695311069488525, -2.173814058303833, -2.1534323692321777];[0.021801145747303963, 0.02203502506017685, 0.027673758566379547, 0.021127421408891678, 0.023976238444447517, 0.023115266114473343, 0.031272679567337036, 0.021634435281157494, 0.022068385034799576, 0.02107464149594307, 0.02176748402416706, 0.020964305847883224, 0.037648845463991165, 0.023664413020014763, 0.023609822615981102, 0.024135544896125793, 0.021711593493819237, 0.023822138085961342, 0.01800677925348282, 0.025744155049324036, 0.021867867559194565, 0.025339927524328232, 0.025103021413087845, 0.0249443631619215, 0.02543468028306961, 0.021824993193149567, 0.024202488362789154, 0.02640371210873127, 0.02888324484229088, 0.023271135985851288];2143.2121517658234
700;[1.6106271743774414, 1.615594506263733, 1.6098743677139282, 1.6149541139602661, 1.6104986667633057, 1.612967848777771, 1.6133419275283813, 1.612663745880127, 1.6221414804458618, 1.6153143644332886, 1.6139838695526123, 1.6137828826904297, 1.609527587890625, 1.6169137954711914, 1.6126489639282227, 1.6123106479644775, 1.6171194314956665, 1.612084984779358, 1.6106891632080078, 1.6135791540145874, 1.6122266054153442, 1.6144288778305054, 1.6120822429656982, 1.6133339405059814, 1.611775279045105, 1.6143913269042969, 1.6108835935592651, 1.6121083498001099, 1.619167685508728, 1.615982174873352, 1.6145050525665283];[0.19465148448944092, 0.19787785410881042, 0.19594210386276245, 0.1988474726676941, 0.19312626123428345, 0.1957632303237915, 0.19546227157115936, 0.19561156630516052, 0.19992701709270477, 0.19413815438747406, 0.19779938459396362, 0.19430968165397644, 0.19528931379318237, 0.19783538579940796, 0.198775053024292, 0.19385507702827454, 0.1971088945865631, 0.19559603929519653, 0.19564242660999298, 0.19702467322349548, 0.19751287996768951, 0.19671399891376495, 0.19745607674121857, 0.19409838318824768, 0.19646777212619781, 0.1974221169948578, 0.19653335213661194, 0.19728365540504456, 0.19795110821723938, 0.19761325418949127, 0.1960171014070511];[-4.306184768676758, -4.340144157409668, -4.329470634460449, -4.349626064300537, -4.284796237945557, -4.327098846435547, -4.319769382476807, -4.30640172958374, -4.399437427520752, -4.295257091522217, -4.319817066192627, -4.306180000305176, -4.306159019470215, -4.334120273590088, -4.3473100662231445, -4.321125507354736, -4.386369228363037, -4.326203346252441, -4.318300724029541, -4.349691867828369, -4.3521857261657715, -4.3273162841796875, -4.347711563110352, -4.303077697753906, -4.346080303192139, -4.374635696411133, -4.360523700714111, -4.353626251220703, -4.329817295074463, -4.3527302742004395, -4.343285083770752];[0.021801145747303963, 0.021511325612664223, 0.019890721887350082, 0.02430606260895729, 0.022494252771139145, 0.023658568039536476, 0.029532693326473236, 0.03206244111061096, 0.021689679473638535, 0.019320623949170113, 0.03620043769478798, 0.0301547609269619, 0.037870850414037704, 0.024563606828451157, 0.019865568727254868, 0.02851456217467785, 0.023023467510938644, 0.029710881412029266, 0.023071270436048508, 0.026074117049574852, 0.019477572292089462, 0.026470409706234932, 0.01859152503311634, 0.022211678326129913, 0.025264889001846313, 0.02440265566110611, 0.028722193092107773, 0.021895281970500946, 0.027204129844903946, 0.0263387318700552];2133.8788228034973
750;[1.1596049070358276, 1.1730316877365112, 1.1629080772399902, 1.1665641069412231, 1.1626726388931274, 1.1657675504684448, 1.1621654033660889, 1.1687105894088745, 1.165584683418274, 1.1688755750656128, 1.1645102500915527, 1.1684318780899048, 1.1666840314865112, 1.1661889553070068, 1.1647621393203735, 1.1640559434890747, 1.1633920669555664, 1.1716203689575195, 1.1722774505615234, 1.1708258390426636, 1.1682554483413696, 1.1674468517303467, 1.172196626663208, 1.1651861667633057, 1.1649179458618164, 1.1746584177017212, 1.1761136054992676, 1.173154354095459, 1.178924798965454, 1.165999412536621, 1.1698836088180542];[0.09312707930803299, 0.09778718650341034, 0.09202361851930618, 0.09426841139793396, 0.09143637120723724, 0.09634744375944138, 0.0911915972828865, 0.09338624030351639, 0.09020553529262543, 0.09360639750957489, 0.09104995429515839, 0.09432099014520645, 0.095476895570755, 0.09586013108491898, 0.09299561381340027, 0.09184449166059494, 0.09399953484535217, 0.09545972943305969, 0.09627900272607803, 0.09629291296005249, 0.09615090489387512, 0.09365703165531158, 0.09762053191661835, 0.09437119215726852, 0.09521494060754776, 0.09739759564399719, 0.09933531284332275, 0.0960329994559288, 0.09961704909801483, 0.09296096116304398, 0.09591458737850189];[-2.1452887058258057, -2.150867462158203, -2.1345839500427246, -2.144364356994629, -2.139518976211548, -2.144761562347412, -2.1265065670013428, -2.1413540840148926, -2.1274356842041016, -2.135741710662842, -2.114793300628662, -2.137533664703369, -2.145409345626831, -2.155543565750122, -2.1347086429595947, -2.1302759647369385, -2.1448090076446533, -2.1547465324401855, -2.173987627029419, -2.140099048614502, -2.1529312133789062, -2.1509928703308105, -2.1623353958129883, -2.1527352333068848, -2.142700433731079, -2.1587419509887695, -2.1555140018463135, -2.1515111923217773, -2.2110419273376465, -2.126655340194702, -2.151664972305298];[0.024577796459197998, 0.02019878476858139, 0.028501588851213455, 0.02222760207951069, 0.01912398263812065, 0.023315122351050377, 0.024656174704432487, 0.031569186598062515, 0.025860225781798363, 0.023494737222790718, 0.022615274414420128, 0.026189684867858887, 0.025947369635105133, 0.02558285929262638, 0.02254650928080082, 0.026667403057217598, 0.018932538107037544, 0.022678975015878677, 0.02572939172387123, 0.02402639016509056, 0.0183976162225008, 0.023601185530424118, 0.019521186128258705, 0.024920355528593063, 0.028110971674323082, 0.019622234627604485, 0.028893424198031425, 0.02202538028359413, 0.02148788422346115, 0.026368675753474236];2136.952365875244
750;[1.6103107929229736, 1.621791958808899, 1.6137930154800415, 1.6158592700958252, 1.6138694286346436, 1.615403652191162, 1.612655758857727, 1.6182200908660889, 1.6150063276290894, 1.6167352199554443, 1.6134089231491089, 1.6161640882492065, 1.6166884899139404, 1.6150116920471191, 1.614798665046692, 1.6116299629211426, 1.6128047704696655, 1.6194913387298584, 1.6200566291809082, 1.6174534559249878, 1.6170952320098877, 1.6160181760787964, 1.6195956468582153, 1.6128267049789429, 1.6137194633483887, 1.6216315031051636, 1.6203324794769287, 1.6203783750534058, 1.6257461309432983, 1.6144819259643555, 1.6153144836425781];[0.19536666572093964, 0.19786065816879272, 0.19472239911556244, 0.19556370377540588, 0.19413980841636658, 0.19801732897758484, 0.19368022680282593, 0.19436034560203552, 0.1918284296989441, 0.19410325586795807, 0.1930249184370041, 0.19431155920028687, 0.19759345054626465, 0.19720232486724854, 0.19562850892543793, 0.19277872145175934, 0.19643518328666687, 0.19637705385684967, 0.19673794507980347, 0.19601169228553772, 0.19763308763504028, 0.19473139941692352, 0.19756115972995758, 0.19568710029125214, 0.19694221019744873, 0.19682715833187103, 0.1969451755285263, 0.19574296474456787, 0.19901572167873383, 0.19477815926074982, 0.19523553550243378];[-4.32952880859375, -4.293809413909912, -4.303183078765869, -4.300022602081299, -4.322975158691406, -4.3094587326049805, -4.287631511688232, -4.296611309051514, -4.275887966156006, -4.273688793182373, -4.251699447631836, -4.276543140411377, -4.315760612487793, -4.323454856872559, -4.291943550109863, -4.285664081573486, -4.321028232574463, -4.312202453613281, -4.336763858795166, -4.276942729949951, -4.314533710479736, -4.317897319793701, -4.311325550079346, -4.327667713165283, -4.305052280426025, -4.313631534576416, -4.274843692779541, -4.301067352294922, -4.359124183654785, -4.267016410827637, -4.2827558517456055];[0.024577796459197998, 0.022899214178323746, 0.020911259576678276, 0.02240373007953167, 0.019657105207443237, 0.030667178332805634, 0.02753208763897419, 0.032027579843997955, 0.025611216202378273, 0.024754321202635765, 0.026131365448236465, 0.025134937837719917, 0.021717065945267677, 0.021708175539970398, 0.022506557404994965, 0.02384272776544094, 0.02757936902344227, 0.022760875523090363, 0.028948545455932617, 0.02575516141951084, 0.017920196056365967, 0.03140515461564064, 0.018983883783221245, 0.02782280743122101, 0.024046802893280983, 0.023047279566526413, 0.027289554476737976, 0.021816037595272064, 0.018701255321502686, 0.02961176075041294];2124.0137553215027
800;[1.1682668924331665, 1.155078411102295, 1.1625382900238037, 1.1692779064178467, 1.1664562225341797, 1.1635264158248901, 1.1590262651443481, 1.1625117063522339, 1.1570593118667603, 1.163277506828308, 1.1624674797058105, 1.162251353263855, 1.1613781452178955, 1.1607874631881714, 1.1655099391937256, 1.1726566553115845, 1.1627751588821411, 1.1664987802505493, 1.1708221435546875, 1.1660737991333008, 1.1672252416610718, 1.1685746908187866, 1.1703178882598877, 1.166880488395691, 1.1721456050872803, 1.1705306768417358, 1.1681735515594482, 1.1716305017471313, 1.1706039905548096, 1.1648708581924438, 1.1643383502960205];[0.09422265738248825, 0.08937550336122513, 0.09110566228628159, 0.09538937360048294, 0.09452720731496811, 0.09278737008571625, 0.09221158176660538, 0.09196986258029938, 0.09157571196556091, 0.0939025953412056, 0.09447037428617477, 0.09308924525976181, 0.09199263155460358, 0.09120190888643265, 0.09433677047491074, 0.0979338064789772, 0.09385497868061066, 0.09468644857406616, 0.09851154685020447, 0.09197435528039932, 0.09511364996433258, 0.09688917547464371, 0.09642387926578522, 0.09547820687294006, 0.0965433344244957, 0.09658490866422653, 0.09090085327625275, 0.09644530713558197, 0.09595168381929398, 0.09176179021596909, 0.09330211579799652];[-2.1480984687805176, -2.1163170337677, -2.123147964477539, -2.177994728088379, -2.138848066329956, -2.1324398517608643, -2.140113592147827, -2.1334245204925537, -2.1264898777008057, -2.143023729324341, -2.139699935913086, -2.1430790424346924, -2.130147933959961, -2.121267557144165, -2.1432290077209473, -2.157613754272461, -2.1400418281555176, -2.148850440979004, -2.174537420272827, -2.125270366668701, -2.145930767059326, -2.1717801094055176, -2.157076597213745, -2.1550958156585693, -2.152198314666748, -2.152519702911377, -2.1251606941223145, -2.1472487449645996, -2.1439144611358643, -2.116056442260742, -2.131413459777832];[0.021456805989146233, 0.02745630219578743, 0.0199660062789917, 0.0251469649374485, 0.019257986918091774, 0.026663195341825485, 0.024675684049725533, 0.025617022067308426, 0.02568219229578972, 0.022896762937307358, 0.019946623593568802, 0.034758061170578, 0.020717380568385124, 0.020314624533057213, 0.020282110199332237, 0.026559505611658096, 0.024113401770591736, 0.026877975091338158, 0.018738551065325737, 0.025423485785722733, 0.023957397788763046, 0.030831310898065567, 0.020066143944859505, 0.02406321093440056, 0.024745173752307892, 0.01918608695268631, 0.02602728083729744, 0.023885658010840416, 0.019659224897623062, 0.024738751351833344];2134.117270231247
800;[1.6170990467071533, 1.6064430475234985, 1.6129918098449707, 1.6190369129180908, 1.6161410808563232, 1.6147370338439941, 1.6110918521881104, 1.6130826473236084, 1.608070731163025, 1.613189458847046, 1.613065242767334, 1.614303469657898, 1.6118183135986328, 1.6111369132995605, 1.6160845756530762, 1.6211124658584595, 1.6133546829223633, 1.6171973943710327, 1.62064790725708, 1.615268349647522, 1.617153286933899, 1.6176741123199463, 1.6202508211135864, 1.616073727607727, 1.6196396350860596, 1.6192561388015747, 1.6175161600112915, 1.6188474893569946, 1.6195783615112305, 1.6126046180725098, 1.6131415367126465];[0.19475021958351135, 0.19320832192897797, 0.19339868426322937, 0.19700349867343903, 0.19584684073925018, 0.19538567960262299, 0.19552399218082428, 0.19439400732517242, 0.1950211524963379, 0.19570772349834442, 0.1967318058013916, 0.19611985981464386, 0.19497552514076233, 0.1938914656639099, 0.19647498428821564, 0.197621151804924, 0.19654272496700287, 0.1971292346715927, 0.19959326088428497, 0.19366435706615448, 0.19671563804149628, 0.19772128760814667, 0.1975211799144745, 0.19628334045410156, 0.196547269821167, 0.19768154621124268, 0.19214139878749847, 0.19626006484031677, 0.1970481276512146, 0.1931261122226715, 0.19526994228363037];[-4.297055244445801, -4.277967929840088, -4.27427339553833, -4.325199604034424, -4.285351753234863, -4.295165061950684, -4.315767765045166, -4.286633014678955, -4.29428768157959, -4.3009209632873535, -4.30571174621582, -4.323544025421143, -4.292433738708496, -4.275557041168213, -4.308123588562012, -4.300157070159912, -4.31607723236084, -4.325516700744629, -4.367969036102295, -4.2729411125183105, -4.3083271980285645, -4.3522562980651855, -4.324525356292725, -4.317159652709961, -4.301699638366699, -4.318138599395752, -4.269207000732422, -4.293873310089111, -4.302237510681152, -4.252795696258545, -4.284956932067871];[0.021456805989146233, 0.025675436481833458, 0.017475947737693787, 0.02505948767066002, 0.02223663032054901, 0.02407347783446312, 0.025239475071430206, 0.020944006741046906, 0.021943828091025352, 0.02092934027314186, 0.02662002295255661, 0.01787981390953064, 0.024785678833723068, 0.01916101574897766, 0.021178219467401505, 0.023340649902820587, 0.02451787143945694, 0.030742013826966286, 0.024674534797668457, 0.025517122820019722, 0.04366469755768776, 0.023667145520448685, 0.023412570357322693, 0.022124657407402992, 0.02496468648314476, 0.0196719728410244, 0.02498602494597435, 0.024385571479797363, 0.028084002435207367, 0.022022565826773643];2156.6199491024017
850;[1.1644517183303833, 1.1603002548217773, 1.1574324369430542, 1.163384199142456, 1.1632931232452393, 1.1662784814834595, 1.1691550016403198, 1.1634647846221924, 1.1605358123779297, 1.1677227020263672, 1.1654250621795654, 1.160110354423523, 1.1642504930496216, 1.1733722686767578, 1.166930913925171, 1.170635461807251, 1.1633931398391724, 1.1662020683288574, 1.170528769493103, 1.166810154914856, 1.1662920713424683, 1.1647071838378906, 1.1698529720306396, 1.1655089855194092, 1.1775202751159668, 1.168872356414795, 1.1653681993484497, 1.1688621044158936, 1.1754337549209595, 1.1718041896820068, 1.1737980842590332];[0.09424109756946564, 0.0919569730758667, 0.09184926003217697, 0.09294166415929794, 0.09302572160959244, 0.09594491124153137, 0.09281062334775925, 0.09368554502725601, 0.09253370016813278, 0.09558218717575073, 0.09180419147014618, 0.0913960263133049, 0.09196526557207108, 0.09585489332675934, 0.09402520954608917, 0.09706207364797592, 0.093547523021698, 0.09558342397212982, 0.09709472209215164, 0.09522867947816849, 0.0966125950217247, 0.0932718813419342, 0.09578801691532135, 0.09477092325687408, 0.09860537201166153, 0.09573595970869064, 0.09426283836364746, 0.09473652392625809, 0.09954660385847092, 0.09654206037521362, 0.09766341745853424];[-2.1420042514801025, -2.136878728866577, -2.134101152420044, -2.136305332183838, -2.129840850830078, -2.1498217582702637, -2.1307785511016846, -2.139270782470703, -2.1344473361968994, -2.1485140323638916, -2.1273090839385986, -2.13040828704834, -2.1251001358032227, -2.1549105644226074, -2.128054141998291, -2.161045789718628, -2.146023750305176, -2.1438748836517334, -2.156562089920044, -2.142702579498291, -2.155839204788208, -2.138838768005371, -2.161661386489868, -2.1521430015563965, -2.1654553413391113, -2.143855094909668, -2.1428396701812744, -2.140089750289917, -2.1894726753234863, -2.1626601219177246, -2.170083999633789];[0.022643396630883217, 0.026378020644187927, 0.023204661905765533, 0.02158678136765957, 0.0254933200776577, 0.020111391320824623, 0.026370851323008537, 0.016918770968914032, 0.023815907537937164, 0.023331696167588234, 0.019079051911830902, 0.02319302409887314, 0.02455896884202957, 0.019408512860536575, 0.026397205889225006, 0.03022002801299095, 0.02473435550928116, 0.022243529558181763, 0.023836171254515648, 0.02281835675239563, 0.02594822458922863, 0.022454779595136642, 0.02424050308763981, 0.02277551405131817, 0.026101987808942795, 0.023072555661201477, 0.024565426632761955, 0.02398354932665825, 0.022190764546394348, 0.02282567135989666];2151.330804347992
850;[1.6162211894989014, 1.6122514009475708, 1.60822594165802, 1.6135554313659668, 1.6137278079986572, 1.6167429685592651, 1.618868350982666, 1.6134153604507446, 1.6104427576065063, 1.618308424949646, 1.6161141395568848, 1.6118468046188354, 1.613937497138977, 1.6226252317428589, 1.6163893938064575, 1.6188271045684814, 1.6141835451126099, 1.615153193473816, 1.6189640760421753, 1.6157441139221191, 1.6152398586273193, 1.6148483753204346, 1.6184029579162598, 1.6148507595062256, 1.6260467767715454, 1.61680006980896, 1.6146334409713745, 1.6163948774337769, 1.6231518983840942, 1.62091863155365, 1.6223664283752441];[0.19707980751991272, 0.1952100396156311, 0.19437435269355774, 0.1951516568660736, 0.19548238813877106, 0.19777445495128632, 0.19393597543239594, 0.19551248848438263, 0.1953173577785492, 0.19696612656116486, 0.1939254254102707, 0.19454190135002136, 0.19368720054626465, 0.19538730382919312, 0.19538934528827667, 0.1969834864139557, 0.19615818560123444, 0.19665594398975372, 0.1964118927717209, 0.19621235132217407, 0.19742844998836517, 0.194773867726326, 0.19570928812026978, 0.1959250420331955, 0.19764913618564606, 0.19589698314666748, 0.195609450340271, 0.1947396695613861, 0.1986352801322937, 0.19677063822746277, 0.19698002934455872];[-4.311631679534912, -4.3107805252075195, -4.303142547607422, -4.29680061340332, -4.280663013458252, -4.313268184661865, -4.268704414367676, -4.2944440841674805, -4.303335189819336, -4.311747074127197, -4.274990081787109, -4.2962188720703125, -4.268509387969971, -4.301376819610596, -4.255839824676514, -4.315722465515137, -4.314157009124756, -4.292695999145508, -4.298178672790527, -4.2867207527160645, -4.3192949295043945, -4.2958598136901855, -4.319293975830078, -4.320089340209961, -4.307857513427734, -4.281713008880615, -4.298109531402588, -4.274312496185303, -4.357316970825195, -4.319739818572998, -4.33375358581543];[0.022643396630883217, 0.02645837515592575, 0.020413147285580635, 0.021639568731188774, 0.02575279027223587, 0.021392064169049263, 0.02311280556023121, 0.026257218793034554, 0.02373490482568741, 0.02358616702258587, 0.031008277088403702, 0.02082212083041668, 0.030097676441073418, 0.019360916689038277, 0.026593614369630814, 0.021800173446536064, 0.02043713815510273, 0.021260512992739677, 0.018763316795229912, 0.024348367005586624, 0.023970147594809532, 0.023804787546396255, 0.024938832968473434, 0.03194594010710716, 0.021478550508618355, 0.025366395711898804, 0.028947876766324043, 0.021347064524888992, 0.020745186135172844, 0.022649414837360382];2141.317497730255
900;[1.1650480031967163, 1.1573951244354248, 1.1590943336486816, 1.168210744857788, 1.1544580459594727, 1.1633483171463013, 1.1642800569534302, 1.1633033752441406, 1.164586067199707, 1.1573761701583862, 1.1582086086273193, 1.1717029809951782, 1.1573387384414673, 1.1641517877578735, 1.17055344581604, 1.1672612428665161, 1.1570533514022827, 1.1593886613845825, 1.1660202741622925, 1.1513031721115112, 1.1585339307785034, 1.154961109161377, 1.1661782264709473, 1.1608425378799438, 1.1609371900558472, 1.1593455076217651, 1.1624099016189575, 1.1634443998336792, 1.1574746370315552, 1.1610889434814453, 1.1588982343673706];[0.09241397678852081, 0.09346848726272583, 0.09257850795984268, 0.09721162170171738, 0.09092898666858673, 0.09555288404226303, 0.09486513584852219, 0.09158123284578323, 0.09771355241537094, 0.09103444218635559, 0.09060049802064896, 0.09819339960813522, 0.09259267151355743, 0.09512954205274582, 0.09749159961938858, 0.0965178832411766, 0.09447811543941498, 0.09461838006973267, 0.09367575496435165, 0.09268974512815475, 0.09315694123506546, 0.09059259295463562, 0.09596961736679077, 0.09297915548086166, 0.09307055175304413, 0.09194503724575043, 0.09259503334760666, 0.09247808158397675, 0.09115695208311081, 0.09590792655944824, 0.09063249081373215];[-2.1372082233428955, -2.1413614749908447, -2.150059223175049, -2.164984703063965, -2.127680778503418, -2.162543535232544, -2.156229019165039, -2.134085178375244, -2.166411876678467, -2.1319761276245117, -2.1242337226867676, -2.1695547103881836, -2.144336462020874, -2.159209966659546, -2.170654058456421, -2.1587185859680176, -2.1610090732574463, -2.158477544784546, -2.1521353721618652, -2.1440441608428955, -2.14867901802063, -2.1184914112091064, -2.152012348175049, -2.1344380378723145, -2.138824701309204, -2.1262691020965576, -2.141730308532715, -2.136155128479004, -2.1314845085144043, -2.153371810913086, -2.126389980316162];[0.02048405073583126, 0.026498116552829742, 0.034194160252809525, 0.025576839223504066, 0.030581064522266388, 0.023120377212762833, 0.022980473935604095, 0.025008732452988625, 0.017314469441771507, 0.022277917712926865, 0.02379814349114895, 0.035625286400318146, 0.024682004004716873, 0.03190488740801811, 0.027368169277906418, 0.019395725801587105, 0.02111770212650299, 0.022529255598783493, 0.022188100963830948, 0.022425740957260132, 0.02481660433113575, 0.018862400203943253, 0.01630503684282303, 0.02502310462296009, 0.024281011894345284, 0.028382577002048492, 0.022739693522453308, 0.027439948171377182, 0.02183372713625431, 0.02404085546731949];2143.7690374851227
900;[1.6162954568862915, 1.607711911201477, 1.6119983196258545, 1.6182280778884888, 1.60645592212677, 1.614119529724121, 1.6162607669830322, 1.614264726638794, 1.6161943674087524, 1.6088298559188843, 1.6105709075927734, 1.6208547353744507, 1.6097389459609985, 1.6150180101394653, 1.6191697120666504, 1.6168421506881714, 1.6094313859939575, 1.6104426383972168, 1.6167619228363037, 1.6046080589294434, 1.6108494997024536, 1.6051102876663208, 1.6163387298583984, 1.6126307249069214, 1.6116046905517578, 1.6106290817260742, 1.613445520401001, 1.613907814025879, 1.608789324760437, 1.6116620302200317, 1.6099839210510254];[0.1951165646314621, 0.19651441276073456, 0.19646599888801575, 0.1977846324443817, 0.19507773220539093, 0.19801954925060272, 0.19717258214950562, 0.19350554049015045, 0.2000342756509781, 0.19465629756450653, 0.19455699622631073, 0.1980174481868744, 0.19691015779972076, 0.19735202193260193, 0.19784529507160187, 0.19745908677577972, 0.19861085712909698, 0.19804100692272186, 0.19578184187412262, 0.19836527109146118, 0.19734439253807068, 0.1941331923007965, 0.19770601391792297, 0.19689539074897766, 0.1962990164756775, 0.19587023556232452, 0.19542565941810608, 0.19504952430725098, 0.1950884312391281, 0.19907470047473907, 0.1947246938943863];[-4.307248115539551, -4.32296085357666, -4.353767395019531, -4.340065956115723, -4.309778213500977, -4.339432716369629, -4.336166858673096, -4.292138576507568, -4.358253479003906, -4.312595844268799, -4.291930675506592, -4.340920448303223, -4.342370986938477, -4.349274635314941, -4.347636699676514, -4.331424236297607, -4.385610580444336, -4.368864059448242, -4.3393402099609375, -4.36863899230957, -4.3602824211120605, -4.2885637283325195, -4.33311128616333, -4.325406551361084, -4.318710803985596, -4.3065571784973145, -4.333996295928955, -4.305943489074707, -4.323294162750244, -4.3514580726623535, -4.320021152496338];[0.02048405073583126, 0.026502050459384918, 0.02206191048026085, 0.023417815566062927, 0.023978976532816887, 0.02271605283021927, 0.018583981320261955, 0.023897483944892883, 0.023405158892273903, 0.01853274181485176, 0.021130617707967758, 0.02761024236679077, 0.02129962667822838, 0.030376814305782318, 0.02698933705687523, 0.033562470227479935, 0.020431172102689743, 0.02059503272175789, 0.019226890057325363, 0.02313287928700447, 0.023168770596385002, 0.021796347573399544, 0.026438165456056595, 0.0275555569678545, 0.02002975344657898, 0.030076656490564346, 0.028509153053164482, 0.02588179148733616, 0.019988151267170906, 0.027177046984434128];2230.07737493515
950;[1.161017894744873, 1.1591596603393555, 1.1582454442977905, 1.1639331579208374, 1.1631401777267456, 1.1611419916152954, 1.160860538482666, 1.1591620445251465, 1.165253758430481, 1.1576380729675293, 1.1626708507537842, 1.1674308776855469, 1.161157488822937, 1.1649863719940186, 1.160110592842102, 1.1595221757888794, 1.162874698638916, 1.1600452661514282, 1.160625696182251, 1.1614115238189697, 1.1629465818405151, 1.1677372455596924, 1.1625224351882935, 1.1609089374542236, 1.1653707027435303, 1.1605688333511353, 1.1644017696380615, 1.1638606786727905, 1.1622915267944336, 1.1600463390350342, 1.1687710285186768];[0.09037106484174728, 0.09162985533475876, 0.09252581745386124, 0.09383523464202881, 0.09319216758012772, 0.09550581872463226, 0.09201754629611969, 0.09300269931554794, 0.09701581299304962, 0.09131421148777008, 0.09242400527000427, 0.0957016870379448, 0.09238781780004501, 0.09598749130964279, 0.09139320999383926, 0.09178517013788223, 0.09527289867401123, 0.09285028278827667, 0.09226575493812561, 0.09217177331447601, 0.09312450140714645, 0.09605591744184494, 0.09383276104927063, 0.09389934688806534, 0.09607556462287903, 0.09405352175235748, 0.09555333852767944, 0.09518929570913315, 0.09379903972148895, 0.09286262094974518, 0.09706299006938934];[-2.1327083110809326, -2.1333060264587402, -2.1446759700775146, -2.156704902648926, -2.133225202560425, -2.14607572555542, -2.12756609916687, -2.1420369148254395, -2.166987657546997, -2.137944221496582, -2.13789701461792, -2.1554527282714844, -2.1425623893737793, -2.164440393447876, -2.1281023025512695, -2.127214193344116, -2.148468494415283, -2.1419081687927246, -2.1426429748535156, -2.137138605117798, -2.1465675830841064, -2.1522724628448486, -2.1369450092315674, -2.146623134613037, -2.14534330368042, -2.143129825592041, -2.1604971885681152, -2.1505680084228516, -2.149331569671631, -2.1372575759887695, -2.1684205532073975];[0.020349666476249695, 0.022288808599114418, 0.021609129384160042, 0.024794580414891243, 0.02987769804894924, 0.030013982206583023, 0.029616020619869232, 0.022694608196616173, 0.021667201071977615, 0.026726828888058662, 0.02202557772397995, 0.023133238777518272, 0.021158620715141296, 0.022861815989017487, 0.02017848566174507, 0.04032454639673233, 0.018695585429668427, 0.02697700634598732, 0.026393387466669083, 0.02338855341076851, 0.02614337019622326, 0.025369342416524887, 0.02737361378967762, 0.027089310809969902, 0.027246158570051193, 0.0193086676299572, 0.025974487885832787, 0.03783056512475014, 0.0230929646641016, 0.019977493211627007];2288.9111092090607
950;[1.6131248474121094, 1.6103339195251465, 1.6110173463821411, 1.6147892475128174, 1.6134237051010132, 1.6109156608581543, 1.6117395162582397, 1.609769344329834, 1.6157712936401367, 1.609244704246521, 1.613377571105957, 1.6171904802322388, 1.6119093894958496, 1.615665316581726, 1.6113568544387817, 1.6104786396026611, 1.6122987270355225, 1.6116259098052979, 1.6123794317245483, 1.6139330863952637, 1.6134079694747925, 1.6163119077682495, 1.613002896308899, 1.6113494634628296, 1.6147292852401733, 1.6103861331939697, 1.6136189699172974, 1.6145315170288086, 1.6120518445968628, 1.6097280979156494, 1.6190838813781738];[0.19331327080726624, 0.19480565190315247, 0.19628074765205383, 0.1959027349948883, 0.19532907009124756, 0.1978321522474289, 0.19529369473457336, 0.1957453042268753, 0.19894976913928986, 0.19536472856998444, 0.19498220086097717, 0.19703447818756104, 0.19540590047836304, 0.19748826324939728, 0.19482891261577606, 0.19575117528438568, 0.19748429954051971, 0.19620326161384583, 0.19595174491405487, 0.19609524309635162, 0.19565588235855103, 0.19733217358589172, 0.19621641933918, 0.19677667319774628, 0.19732245802879333, 0.19663822650909424, 0.1975775510072708, 0.1978943794965744, 0.19587469100952148, 0.19559325277805328, 0.1984577625989914];[-4.304348468780518, -4.303948879241943, -4.338433742523193, -4.352924346923828, -4.297064304351807, -4.321193218231201, -4.293111801147461, -4.326333522796631, -4.358304500579834, -4.329565525054932, -4.308743000030518, -4.334977149963379, -4.32771635055542, -4.362634658813477, -4.305300712585449, -4.3037004470825195, -4.322970867156982, -4.333226680755615, -4.332356929779053, -4.321487903594971, -4.3300251960754395, -4.324890613555908, -4.313848495483398, -4.332591533660889, -4.296688079833984, -4.321005344390869, -4.339819431304932, -4.338218688964844, -4.326787948608398, -4.312342166900635, -4.350531101226807];[0.020349666476249695, 0.023630395531654358, 0.021017583087086678, 0.022662414237856865, 0.031113436445593834, 0.028681840747594833, 0.02220434509217739, 0.024212414398789406, 0.02175387181341648, 0.022434186190366745, 0.023447323590517044, 0.024095823988318443, 0.02246028184890747, 0.023362021893262863, 0.021831519901752472, 0.038233961910009384, 0.01887616515159607, 0.02285175397992134, 0.03523876145482063, 0.023323187604546547, 0.026088984683156013, 0.0287322998046875, 0.02167791686952114, 0.025726567953824997, 0.02248312532901764, 0.02291097305715084, 0.02666635811328888, 0.01998308300971985, 0.020317373797297478, 0.021431131288409233];2209.1420850753784
1000;[1.1615561246871948, 1.1616395711898804, 1.1595176458358765, 1.1566035747528076, 1.1624969244003296, 1.1598327159881592, 1.1673014163970947, 1.1576091051101685, 1.1587175130844116, 1.162143588066101, 1.1636273860931396, 1.1580859422683716, 1.1654610633850098, 1.1577532291412354, 1.1620343923568726, 1.1608713865280151, 1.1678295135498047, 1.174518346786499, 1.1635630130767822, 1.1629339456558228, 1.1653918027877808, 1.1653070449829102, 1.1617763042449951, 1.1659735441207886, 1.1663037538528442, 1.1613835096359253, 1.1605983972549438, 1.1668496131896973, 1.1631255149841309, 1.1633740663528442, 1.1643344163894653];[0.0941038653254509, 0.0927668958902359, 0.09428345412015915, 0.09184236824512482, 0.09664823114871979, 0.0950208529829979, 0.09729455411434174, 0.09412436187267303, 0.0940314382314682, 0.09608801454305649, 0.09396855533123016, 0.09179988503456116, 0.09457261860370636, 0.09073580056428909, 0.09571746736764908, 0.0931374654173851, 0.0944104865193367, 0.0991167426109314, 0.09302579611539841, 0.09481316804885864, 0.09436905384063721, 0.09395000338554382, 0.09252995252609253, 0.0958605483174324, 0.09571080654859543, 0.09223002195358276, 0.0919242799282074, 0.09634211659431458, 0.09188081324100494, 0.09255658835172653, 0.09591125696897507];[-2.141822099685669, -2.142202138900757, -2.1513261795043945, -2.12878155708313, -2.171201229095459, -2.1559529304504395, -2.1699059009552, -2.1503424644470215, -2.160604238510132, -2.1557419300079346, -2.1523897647857666, -2.1386537551879883, -2.1386611461639404, -2.124222993850708, -2.1686899662017822, -2.13974928855896, -2.142394781112671, -2.174877405166626, -2.1337339878082275, -2.145500421524048, -2.1465914249420166, -2.151641607284546, -2.1259422302246094, -2.1453051567077637, -2.153296947479248, -2.120237350463867, -2.132174253463745, -2.1565916538238525, -2.1286678314208984, -2.1362197399139404, -2.1575417518615723];[0.020114442333579063, 0.024877803400158882, 0.029644427821040154, 0.029448702931404114, 0.02387194335460663, 0.026769965887069702, 0.01994810625910759, 0.022853124886751175, 0.02428002841770649, 0.026476342231035233, 0.026345685124397278, 0.02071533165872097, 0.022541048005223274, 0.021380484104156494, 0.01957053877413273, 0.019717546179890633, 0.022541696205735207, 0.025277752429246902, 0.023570876568555832, 0.03162761777639389, 0.025955062359571457, 0.021888630464673042, 0.02005884237587452, 0.0211642999202013, 0.020907487720251083, 0.023265322670340538, 0.02009509690105915, 0.02361176162958145, 0.026714975014328957, 0.021437928080558777];2325.1990599632263
1000;[1.6132582426071167, 1.6125836372375488, 1.6120684146881104, 1.607099175453186, 1.61408269405365, 1.611699104309082, 1.6166510581970215, 1.6100951433181763, 1.612704873085022, 1.6130110025405884, 1.6145325899124146, 1.6097803115844727, 1.6145304441452026, 1.6085212230682373, 1.6138063669204712, 1.6119587421417236, 1.618966817855835, 1.6237688064575195, 1.613290548324585, 1.6150012016296387, 1.6155248880386353, 1.615321159362793, 1.6126493215560913, 1.6159988641738892, 1.6161853075027466, 1.6113059520721436, 1.6102449893951416, 1.6160861253738403, 1.6137306690216064, 1.6131948232650757, 1.6137584447860718];[0.19722311198711395, 0.19514310359954834, 0.1977735012769699, 0.19443799555301666, 0.1987585425376892, 0.19805799424648285, 0.19776837527751923, 0.19788993895053864, 0.19799353182315826, 0.19834303855895996, 0.1960563212633133, 0.1953512281179428, 0.19575950503349304, 0.19390998780727386, 0.19868050515651703, 0.19623558223247528, 0.19631454348564148, 0.19929349422454834, 0.19504021108150482, 0.19788092374801636, 0.1960224062204361, 0.1957094669342041, 0.19586080312728882, 0.19797107577323914, 0.19716328382492065, 0.19520390033721924, 0.19463257491588593, 0.19773909449577332, 0.1945677548646927, 0.19488373398780823, 0.19806602597236633];[-4.313696384429932, -4.314350128173828, -4.343503952026367, -4.2832536697387695, -4.368124008178711, -4.343999862670898, -4.3484601974487305, -4.351221561431885, -4.3769402503967285, -4.347511291503906, -4.3380632400512695, -4.327734470367432, -4.2872724533081055, -4.285238742828369, -4.367577075958252, -4.315958499908447, -4.304050922393799, -4.333364486694336, -4.293609142303467, -4.325300216674805, -4.322774410247803, -4.329715728759766, -4.2940354347229, -4.3179521560668945, -4.322813510894775, -4.272652626037598, -4.306771278381348, -4.338141918182373, -4.287882328033447, -4.302292346954346, -4.3487348556518555];[0.020114442333579063, 0.01948966458439827, 0.024966079741716385, 0.022275028750300407, 0.02330050803720951, 0.02083469182252884, 0.020904814824461937, 0.024612823501229286, 0.02313224971294403, 0.02636755257844925, 0.02096591144800186, 0.02513703890144825, 0.022481121122837067, 0.024646656587719917, 0.01970248855650425, 0.024329211562871933, 0.021944038569927216, 0.024206921458244324, 0.021299222484230995, 0.032418083399534225, 0.022572681307792664, 0.018523845821619034, 0.02011701837182045, 0.019379623234272003, 0.020294394344091415, 0.02242186851799488, 0.023642370477318764, 0.021959323436021805, 0.019455378875136375, 0.023155592381954193];2306.918546438217
1050;[1.1647053956985474, 1.1613587141036987, 1.1699861288070679, 1.1671626567840576, 1.1710532903671265, 1.1623139381408691, 1.1626179218292236, 1.1616082191467285, 1.1602438688278198, 1.1778452396392822, 1.1631721258163452, 1.1649153232574463, 1.1754757165908813, 1.1671416759490967, 1.1686714887619019, 1.162771224975586, 1.1690673828125, 1.1696996688842773, 1.1631401777267456, 1.1631171703338623, 1.1685880422592163, 1.1647282838821411, 1.168363332748413, 1.1742058992385864, 1.1715307235717773, 1.1706502437591553, 1.165262222290039, 1.1687783002853394, 1.1811412572860718, 1.164404273033142, 1.170127511024475];[0.09442006051540375, 0.09133357554674149, 0.09444448351860046, 0.09438777714967728, 0.09823046624660492, 0.08792810887098312, 0.08959514647722244, 0.08966364711523056, 0.08776193112134933, 0.0959920659661293, 0.0874633714556694, 0.09086725860834122, 0.09324904531240463, 0.08994628489017487, 0.09460485726594925, 0.08944503962993622, 0.08982522785663605, 0.09079397469758987, 0.08791609853506088, 0.08706100285053253, 0.09058773517608643, 0.08853456377983093, 0.09047918021678925, 0.09313113987445831, 0.08947884291410446, 0.09206509590148926, 0.08794659376144409, 0.08943898230791092, 0.09570977091789246, 0.08925041556358337, 0.09053167700767517];[-2.1373770236968994, -2.128563165664673, -2.1424593925476074, -2.1509721279144287, -2.1572306156158447, -2.100978374481201, -2.102057695388794, -2.107131242752075, -2.0970664024353027, -2.1222922801971436, -2.0844838619232178, -2.113821506500244, -2.1227762699127197, -2.092864990234375, -2.112678289413452, -2.0943870544433594, -2.0951216220855713, -2.1036548614501953, -2.085817813873291, -2.0767178535461426, -2.1006948947906494, -2.0866076946258545, -2.0950021743774414, -2.118664026260376, -2.094435691833496, -2.106642723083496, -2.084601640701294, -2.084465742111206, -2.1280767917633057, -2.0943374633789062, -2.0949480533599854];[0.024550583213567734, 0.02417481131851673, 0.023107990622520447, 0.025104530155658722, 0.019734973087906837, 0.020314298570156097, 0.026513418182730675, 0.025549806654453278, 0.022312993183732033, 0.02120986580848694, 0.02251451276242733, 0.02226272039115429, 0.0201315488666296, 0.030303852632641792, 0.023082798346877098, 0.025322476401925087, 0.0213239137083292, 0.019788775593042374, 0.02000768855214119, 0.02111203595995903, 0.022320421412587166, 0.024657126516103745, 0.018987149000167847, 0.028454259037971497, 0.018515130504965782, 0.024423621594905853, 0.020679166540503502, 0.020858900621533394, 0.03448322415351868, 0.022644981741905212];2388.312698364258
1050;[1.6144083738327026, 1.6134592294692993, 1.6200058460235596, 1.6174516677856445, 1.6213982105255127, 1.613383412361145, 1.6143735647201538, 1.6127817630767822, 1.611955165863037, 1.6252177953720093, 1.6132670640945435, 1.6147736310958862, 1.6244717836380005, 1.6170755624771118, 1.6179883480072021, 1.612872838973999, 1.6177971363067627, 1.6186565160751343, 1.6136579513549805, 1.6128672361373901, 1.6180661916732788, 1.6133416891098022, 1.6171091794967651, 1.6230372190475464, 1.619664192199707, 1.6192415952682495, 1.6155933141708374, 1.6172367334365845, 1.6284053325653076, 1.6153056621551514, 1.6190437078475952];[0.1964011937379837, 0.19481240212917328, 0.1953635960817337, 0.19566448032855988, 0.19846320152282715, 0.19006015360355377, 0.1918298900127411, 0.19215920567512512, 0.19079731404781342, 0.1936645358800888, 0.18924255669116974, 0.1919604390859604, 0.1919720619916916, 0.19063584506511688, 0.19460336863994598, 0.19152918457984924, 0.18999554216861725, 0.1908695101737976, 0.19019179046154022, 0.18920736014842987, 0.1917736828327179, 0.18995656073093414, 0.1915496587753296, 0.19321128726005554, 0.1897255778312683, 0.19274601340293884, 0.1908356249332428, 0.19048719108104706, 0.19414664804935455, 0.19247958064079285, 0.1915331333875656];[-4.290523529052734, -4.301576137542725, -4.275551795959473, -4.289475917816162, -4.29686164855957, -4.216031074523926, -4.218135356903076, -4.233983039855957, -4.204867362976074, -4.184332847595215, -4.16107702255249, -4.222938537597656, -4.200062274932861, -4.170231819152832, -4.1984734535217285, -4.1846022605896, -4.1776957511901855, -4.189859390258789, -4.184326171875, -4.156480312347412, -4.2035722732543945, -4.171197891235352, -4.185428619384766, -4.227747917175293, -4.175731658935547, -4.203743934631348, -4.189594745635986, -4.161053657531738, -4.217545032501221, -4.211165428161621, -4.193063259124756];[0.024550583213567734, 0.027656197547912598, 0.02408796176314354, 0.025201398879289627, 0.019504738971590996, 0.023129204288125038, 0.023116767406463623, 0.022981420159339905, 0.023296087980270386, 0.024238221347332, 0.02191763184964657, 0.024899909272789955, 0.02012258768081665, 0.029375987127423286, 0.02095220237970352, 0.02614707499742508, 0.020482609048485756, 0.017870141193270683, 0.019463874399662018, 0.019429944455623627, 0.021746207028627396, 0.024516182020306587, 0.024157753214240074, 0.028748780488967896, 0.028165224939584732, 0.0246669203042984, 0.02197793498635292, 0.02306482195854187, 0.03434757888317108, 0.02556881494820118];2363.190361261368
1100;[1.157936930656433, 1.1660808324813843, 1.1613807678222656, 1.1687839031219482, 1.1625792980194092, 1.1658985614776611, 1.1638574600219727, 1.160339117050171, 1.1705033779144287, 1.1715091466903687, 1.1608084440231323, 1.1682465076446533, 1.1707721948623657, 1.1629892587661743, 1.1701494455337524, 1.1647154092788696, 1.1667677164077759, 1.1697089672088623, 1.1699333190917969, 1.1733684539794922, 1.168157696723938, 1.1762079000473022, 1.1676361560821533, 1.1693310737609863, 1.1649880409240723, 1.1673165559768677, 1.1679627895355225, 1.1674412488937378, 1.1776517629623413, 1.167851448059082, 1.1714375019073486];[0.09388509392738342, 0.09520406275987625, 0.09102683514356613, 0.09863915294408798, 0.09002815186977386, 0.09304633736610413, 0.09243842959403992, 0.0917055681347847, 0.09271888434886932, 0.09439284354448318, 0.0875103548169136, 0.0919284000992775, 0.09515958279371262, 0.09053870290517807, 0.09197717905044556, 0.0888293907046318, 0.08846108615398407, 0.09071808308362961, 0.0919320210814476, 0.09344680607318878, 0.08986783772706985, 0.09555315226316452, 0.08898627012968063, 0.09329760074615479, 0.08881334960460663, 0.08926880359649658, 0.08604329824447632, 0.08696788549423218, 0.09326611459255219, 0.08797637373209, 0.08941089361906052];[-2.146003007888794, -2.15693998336792, -2.1149039268493652, -2.1654534339904785, -2.1112895011901855, -2.136331796646118, -2.1180419921875, -2.117918014526367, -2.124595880508423, -2.1345391273498535, -2.0870063304901123, -2.1097497940063477, -2.125957489013672, -2.095573663711548, -2.122194290161133, -2.092799425125122, -2.08290433883667, -2.104034662246704, -2.1046814918518066, -2.10658597946167, -2.1006410121917725, -2.1263225078582764, -2.0821776390075684, -2.1078336238861084, -2.0839765071868896, -2.0984015464782715, -2.071340799331665, -2.0680439472198486, -2.123483419418335, -2.0792243480682373, -2.0942699909210205];[0.02460634708404541, 0.022054439410567284, 0.024573929607868195, 0.022828061133623123, 0.02383861318230629, 0.022696342319250107, 0.021243739873170853, 0.018387774005532265, 0.02098996751010418, 0.02395571768283844, 0.022649306803941727, 0.03175002709031105, 0.02346009761095047, 0.019121507182717323, 0.02761157602071762, 0.02226101979613304, 0.021654324606060982, 0.01979946717619896, 0.02017214149236679, 0.021776966750621796, 0.018309151753783226, 0.019137844443321228, 0.019565844908356667, 0.024257808923721313, 0.023325365036725998, 0.024214470759034157, 0.02112082950770855, 0.021047603338956833, 0.033078037202358246, 0.021270975470542908];2268.144381761551
1100;[1.6089624166488647, 1.6170247793197632, 1.6117445230484009, 1.618043303489685, 1.6124048233032227, 1.6155803203582764, 1.6127161979675293, 1.610312581062317, 1.620599389076233, 1.6208298206329346, 1.6116639375686646, 1.616896152496338, 1.6182879209518433, 1.6120495796203613, 1.6201469898223877, 1.6135997772216797, 1.6143993139266968, 1.6185858249664307, 1.617555856704712, 1.620758056640625, 1.6173725128173828, 1.6230740547180176, 1.6159789562225342, 1.6167058944702148, 1.6126935482025146, 1.6154606342315674, 1.6155669689178467, 1.6149401664733887, 1.623313546180725, 1.616674542427063, 1.6185170412063599];[0.19673621654510498, 0.1970801204442978, 0.1936638355255127, 0.19949652254581451, 0.192798912525177, 0.19473837316036224, 0.19408611953258514, 0.1951775997877121, 0.19441074132919312, 0.19587387144565582, 0.19167391955852509, 0.19375529885292053, 0.19569621980190277, 0.19316332042217255, 0.19432811439037323, 0.19135750830173492, 0.19052821397781372, 0.19211488962173462, 0.19278545677661896, 0.1935805380344391, 0.1924927681684494, 0.19475845992565155, 0.19120024144649506, 0.19381502270698547, 0.19124683737754822, 0.190969318151474, 0.18729691207408905, 0.18888868391513824, 0.1930517852306366, 0.1899605691432953, 0.19038881361484528];[-4.335400581359863, -4.336259841918945, -4.264378547668457, -4.34623384475708, -4.252563953399658, -4.294449329376221, -4.26226282119751, -4.290328502655029, -4.268756866455078, -4.2880167961120605, -4.214110374450684, -4.2400617599487305, -4.247895240783691, -4.216226100921631, -4.2653703689575195, -4.21468448638916, -4.191887378692627, -4.220232963562012, -4.217877388000488, -4.204288959503174, -4.2210001945495605, -4.236958980560303, -4.187130928039551, -4.218128681182861, -4.183239936828613, -4.213972568511963, -4.144589424133301, -4.151645660400391, -4.201649188995361, -4.17818546295166, -4.195915699005127];[0.02460634708404541, 0.021707531064748764, 0.022501599043607712, 0.022633492946624756, 0.022772567346692085, 0.019918033853173256, 0.02202165313065052, 0.025799019262194633, 0.021167198196053505, 0.01828276365995407, 0.02292095497250557, 0.023202169686555862, 0.020803840830922127, 0.018483996391296387, 0.02342539094388485, 0.02191087231040001, 0.022685853764414787, 0.022662661969661713, 0.01984373666346073, 0.027089755982160568, 0.01914963312447071, 0.02062574401497841, 0.02448408678174019, 0.020604657009243965, 0.024758728221058846, 0.020950792357325554, 0.023214291781187057, 0.019393153488636017, 0.03303017467260361, 0.02981148660182953];2261.386578798294
1150;[1.1722456216812134, 1.1594887971878052, 1.162213921546936, 1.1602559089660645, 1.166152000427246, 1.1643288135528564, 1.1655521392822266, 1.1574643850326538, 1.1621778011322021, 1.1640182733535767, 1.1667451858520508, 1.158826470375061, 1.1554290056228638, 1.1665632724761963, 1.1731282472610474, 1.1644779443740845, 1.1638588905334473, 1.1669584512710571, 1.1636043787002563, 1.1610136032104492, 1.160000205039978, 1.1601203680038452, 1.1655153036117554, 1.16312575340271, 1.1661943197250366, 1.1616489887237549, 1.1619259119033813, 1.1621822118759155, 1.1624267101287842, 1.1625674962997437, 1.1652122735977173];[0.09564739465713501, 0.09161823987960815, 0.09359713643789291, 0.09374424070119858, 0.09715632349252701, 0.0956030860543251, 0.09454987198114395, 0.09179893136024475, 0.09382674843072891, 0.09463094919919968, 0.09569311887025833, 0.09347096085548401, 0.09155996888875961, 0.09825950860977173, 0.09679574519395828, 0.09351757168769836, 0.09537734091281891, 0.09530480206012726, 0.09308869391679764, 0.0941053107380867, 0.09384987503290176, 0.09191019088029861, 0.09454471617937088, 0.09472230821847916, 0.09469170868396759, 0.09527590870857239, 0.09399648755788803, 0.09224197268486023, 0.09490298479795456, 0.09290125221014023, 0.09466595947742462];[-2.1440677642822266, -2.139725923538208, -2.1446828842163086, -2.160222053527832, -2.1576342582702637, -2.158256769180298, -2.1475658416748047, -2.1389434337615967, -2.140490770339966, -2.1515963077545166, -2.161867618560791, -2.155822515487671, -2.13377046585083, -2.1635615825653076, -2.1611573696136475, -2.145463466644287, -2.159954071044922, -2.1599926948547363, -2.139848470687866, -2.1432833671569824, -2.135521173477173, -2.1304214000701904, -2.1452622413635254, -2.1456117630004883, -2.1377055644989014, -2.1413252353668213, -2.148853063583374, -2.1387109756469727, -2.156161069869995, -2.1446213722229004, -2.1487505435943604];[0.02296675182878971, 0.02296178787946701, 0.026144489645957947, 0.020083671435713768, 0.021939141675829887, 0.02853391319513321, 0.02138495445251465, 0.026403062045574188, 0.020154811441898346, 0.021795604377985, 0.01939687877893448, 0.02323252335190773, 0.024605780839920044, 0.021559033542871475, 0.026369893923401833, 0.02313576638698578, 0.019927192479372025, 0.020117733627557755, 0.024134470149874687, 0.020605113357305527, 0.024304185062646866, 0.023341963067650795, 0.022689079865813255, 0.028460616245865822, 0.023838616907596588, 0.027801567688584328, 0.023365076631307602, 0.02815237268805504, 0.023655783385038376, 0.02284727431833744];2236.959594488144
1150;[1.6212307214736938, 1.6110373735427856, 1.6119722127914429, 1.6124018430709839, 1.6161824464797974, 1.6141587495803833, 1.61617112159729, 1.6092020273208618, 1.6129400730133057, 1.6128931045532227, 1.6171880960464478, 1.6107425689697266, 1.6066006422042847, 1.6160222291946411, 1.6211415529251099, 1.6158182621002197, 1.615694284439087, 1.617849588394165, 1.6140114068984985, 1.6120426654815674, 1.6114002466201782, 1.611750602722168, 1.6171774864196777, 1.613808512687683, 1.6153786182403564, 1.6119253635406494, 1.6133273839950562, 1.6148451566696167, 1.613200068473816, 1.6151833534240723, 1.6165413856506348];[0.1956503838300705, 0.19467151165008545, 0.19541595876216888, 0.1968061923980713, 0.19881078600883484, 0.19704049825668335, 0.19581426680088043, 0.19560037553310394, 0.19621407985687256, 0.19571204483509064, 0.19667431712150574, 0.19643540680408478, 0.19530127942562103, 0.199199378490448, 0.19625242054462433, 0.19551394879817963, 0.1972234845161438, 0.19651469588279724, 0.19492481648921967, 0.19656619429588318, 0.19644701480865479, 0.19468460977077484, 0.19665101170539856, 0.19654864072799683, 0.1952509731054306, 0.19664713740348816, 0.19621698558330536, 0.1954730749130249, 0.19667258858680725, 0.1954299658536911, 0.19619107246398926];[-4.288403511047363, -4.327423572540283, -4.31514835357666, -4.36143159866333, -4.3288469314575195, -4.334955215454102, -4.307762145996094, -4.324921607971191, -4.311354637145996, -4.3140459060668945, -4.338125705718994, -4.361891746520996, -4.315769672393799, -4.341601371765137, -4.3201904296875, -4.321808815002441, -4.342916011810303, -4.331328868865967, -4.303691387176514, -4.312240123748779, -4.2993292808532715, -4.29618501663208, -4.316210746765137, -4.307101249694824, -4.281130790710449, -4.2970733642578125, -4.329033851623535, -4.315706253051758, -4.329566955566406, -4.320148944854736, -4.3095221519470215];[0.02296675182878971, 0.023002121597528458, 0.0285547636449337, 0.02478792518377304, 0.02193579263985157, 0.021035728976130486, 0.019740426912903786, 0.022913780063390732, 0.020418988540768623, 0.02326323091983795, 0.01964535377919674, 0.021341735497117043, 0.024388540536165237, 0.02178497053682804, 0.028149260208010674, 0.021618882194161415, 0.02241155505180359, 0.02093913033604622, 0.025108683854341507, 0.019668493419885635, 0.023197386413812637, 0.024221761152148247, 0.021961819380521774, 0.023716149851679802, 0.02239878661930561, 0.028366630896925926, 0.026625938713550568, 0.018745645880699158, 0.025727322325110435, 0.02663515694439411];2191.3100867271423
1200;[1.1618475914001465, 1.1626511812210083, 1.164212703704834, 1.1622964143753052, 1.1738852262496948, 1.1749591827392578, 1.1612706184387207, 1.1631920337677002, 1.1648657321929932, 1.1628074645996094, 1.1695510149002075, 1.1669044494628906, 1.1631475687026978, 1.1671499013900757, 1.1637482643127441, 1.1692887544631958, 1.1668004989624023, 1.165844202041626, 1.1605262756347656, 1.1646654605865479, 1.162332534790039, 1.1638659238815308, 1.169066309928894, 1.1744807958602905, 1.1659654378890991, 1.1721177101135254, 1.1683664321899414, 1.1658083200454712, 1.1643671989440918, 1.1721326112747192, 1.1595399379730225];[0.0929112583398819, 0.09468473494052887, 0.09356158971786499, 0.09334554523229599, 0.0974184051156044, 0.09638090431690216, 0.0917179062962532, 0.09190862625837326, 0.09357963502407074, 0.09316466003656387, 0.0956776887178421, 0.09314638376235962, 0.09109171479940414, 0.09373503178358078, 0.09366510063409805, 0.0923888087272644, 0.09470353275537491, 0.09149972349405289, 0.0891546756029129, 0.09193142503499985, 0.09030041098594666, 0.09032845497131348, 0.09164474159479141, 0.0963350385427475, 0.09255871921777725, 0.09346344321966171, 0.09542571008205414, 0.08920402824878693, 0.09263429045677185, 0.09422264993190765, 0.08839837461709976];[-2.1336324214935303, -2.139702796936035, -2.1383981704711914, -2.143512725830078, -2.163994312286377, -2.148491382598877, -2.134324550628662, -2.1247775554656982, -2.1348729133605957, -2.1442317962646484, -2.137026786804199, -2.1386654376983643, -2.1168413162231445, -2.128080129623413, -2.131154775619507, -2.135779857635498, -2.1417157649993896, -2.1292691230773926, -2.1034512519836426, -2.1209053993225098, -2.1097147464752197, -2.1101088523864746, -2.1179089546203613, -2.1455111503601074, -2.1212146282196045, -2.127748727798462, -2.1327850818634033, -2.1041760444641113, -2.123029947280884, -2.141964912414551, -2.0991244316101074];[0.02019929513335228, 0.023704681545495987, 0.024462969973683357, 0.01795409992337227, 0.019974086433649063, 0.019723080098628998, 0.02249758690595627, 0.028581546619534492, 0.02721107192337513, 0.019897988066077232, 0.018989982083439827, 0.02189885452389717, 0.024640677496790886, 0.020874101668596268, 0.03445780649781227, 0.02243170142173767, 0.02426804043352604, 0.01760214939713478, 0.033190760761499405, 0.019627660512924194, 0.020864184945821762, 0.023826805874705315, 0.025164155289530754, 0.020534038543701172, 0.02309616096317768, 0.019597135484218597, 0.02256273664534092, 0.023473763838410378, 0.021243397146463394, 0.023561181500554085];2262.134957075119
1200;[1.6125034093856812, 1.6117149591445923, 1.6157225370407104, 1.6142629384994507, 1.62444007396698, 1.6227689981460571, 1.6132735013961792, 1.6143889427185059, 1.6144134998321533, 1.613286018371582, 1.617975115776062, 1.6180459260940552, 1.6127629280090332, 1.6171313524246216, 1.6122076511383057, 1.6193665266036987, 1.6159311532974243, 1.6169841289520264, 1.6106618642807007, 1.614690899848938, 1.6125885248184204, 1.613547444343567, 1.6190431118011475, 1.6228692531585693, 1.615202784538269, 1.6201611757278442, 1.6176835298538208, 1.6161220073699951, 1.6146374940872192, 1.6204850673675537, 1.6108640432357788];[0.19521841406822205, 0.19617494940757751, 0.19613325595855713, 0.19598329067230225, 0.19752265512943268, 0.19569285213947296, 0.19478833675384521, 0.19409124553203583, 0.19499970972537994, 0.19509805738925934, 0.19526243209838867, 0.19511346518993378, 0.19263221323490143, 0.19494223594665527, 0.19468830525875092, 0.19342516362667084, 0.19537945091724396, 0.19342423975467682, 0.19188006222248077, 0.19356991350650787, 0.19273759424686432, 0.19276417791843414, 0.19302405416965485, 0.1961619257926941, 0.19442568719387054, 0.1939658224582672, 0.19646091759204865, 0.19159281253814697, 0.19521917402744293, 0.19460667669773102, 0.19260986149311066];[-4.296892166137695, -4.29617166519165, -4.304374694824219, -4.318768501281738, -4.309902191162109, -4.270562171936035, -4.299966335296631, -4.269815444946289, -4.278801918029785, -4.306682109832764, -4.258151531219482, -4.290707588195801, -4.239194869995117, -4.252366542816162, -4.265944004058838, -4.255403995513916, -4.275138854980469, -4.260277271270752, -4.2310099601745605, -4.252563953399658, -4.239035129547119, -4.241293907165527, -4.2442522048950195, -4.276977062225342, -4.258283615112305, -4.243900775909424, -4.280561923980713, -4.2248992919921875, -4.264976501464844, -4.282449722290039, -4.25052547454834];[0.02019929513335228, 0.026520468294620514, 0.024966267868876457, 0.020767711102962494, 0.020702658221125603, 0.020569004118442535, 0.02070869505405426, 0.02866996079683304, 0.028326543048024178, 0.01963432878255844, 0.023255763575434685, 0.0223936066031456, 0.021789053454995155, 0.02783108316361904, 0.02441561222076416, 0.02669263631105423, 0.01834413968026638, 0.023533610627055168, 0.022088706493377686, 0.024031611159443855, 0.020692097023129463, 0.023822486400604248, 0.01889914833009243, 0.024185413494706154, 0.019855260848999023, 0.025442706421017647, 0.019113857299089432, 0.02086496353149414, 0.021191637963056564, 0.025388695299625397];2223.5215559005737
1250;[1.1603846549987793, 1.160499930381775, 1.16324782371521, 1.1611300706863403, 1.1736977100372314, 1.1595131158828735, 1.1648786067962646, 1.163935899734497, 1.16385018825531, 1.1637991666793823, 1.1622658967971802, 1.1660956144332886, 1.1715186834335327, 1.1603753566741943, 1.1617817878723145, 1.1697601079940796, 1.1654558181762695, 1.1636731624603271, 1.1645259857177734, 1.1683721542358398, 1.163942813873291, 1.1615511178970337, 1.1652946472167969, 1.165401577949524, 1.1624702215194702, 1.1642450094223022, 1.1687086820602417, 1.1591347455978394, 1.163674235343933, 1.1669628620147705, 1.1650344133377075];[0.09141819924116135, 0.0937262549996376, 0.09294255822896957, 0.09286940842866898, 0.1010124534368515, 0.09217002987861633, 0.09647458046674728, 0.0928092747926712, 0.09225685894489288, 0.0918126329779625, 0.09139670431613922, 0.09272319078445435, 0.09343906491994858, 0.09145065397024155, 0.0919184461236, 0.09520457684993744, 0.09272889047861099, 0.092781201004982, 0.09276466816663742, 0.09638155996799469, 0.09359272569417953, 0.0900125727057457, 0.09260838478803635, 0.09269645065069199, 0.09185468405485153, 0.09291475266218185, 0.09386208653450012, 0.09048867225646973, 0.08958670496940613, 0.09252464026212692, 0.09222178906202316];[-2.128469705581665, -2.142632246017456, -2.143328905105591, -2.1447174549102783, -2.186757802963257, -2.1309404373168945, -2.160629987716675, -2.139707088470459, -2.1297707557678223, -2.123112678527832, -2.1197848320007324, -2.119722604751587, -2.118239164352417, -2.12394118309021, -2.1240272521972656, -2.1368610858917236, -2.1269049644470215, -2.1267685890197754, -2.134976625442505, -2.1681582927703857, -2.134612560272217, -2.1126532554626465, -2.1201164722442627, -2.1242763996124268, -2.1194255352020264, -2.1208724975585938, -2.1371638774871826, -2.1099047660827637, -2.1010897159576416, -2.1254520416259766, -2.1148388385772705];[0.018240129575133324, 0.023065784946084023, 0.021537942811846733, 0.02303553745150566, 0.022578313946723938, 0.025011183694005013, 0.022006377577781677, 0.025652984157204628, 0.02319100871682167, 0.023623451590538025, 0.01974010467529297, 0.02175801992416382, 0.022391291335225105, 0.02584473416209221, 0.024498503655195236, 0.023039866238832474, 0.020171064883470535, 0.020813118666410446, 0.029210561886429787, 0.02038823999464512, 0.023423774167895317, 0.029611380770802498, 0.022099478170275688, 0.022165421396493912, 0.01833352819085121, 0.019382566213607788, 0.02512846328318119, 0.018844377249479294, 0.02392563782632351, 0.02501373179256916];2202.573719739914
1250;[1.6120461225509644, 1.612549066543579, 1.6142492294311523, 1.6127111911773682, 1.6237752437591553, 1.6093082427978516, 1.6149836778640747, 1.6153614521026611, 1.6143221855163574, 1.6143962144851685, 1.6116288900375366, 1.6155314445495605, 1.621134638786316, 1.6116224527359009, 1.6131483316421509, 1.618950366973877, 1.6161000728607178, 1.6133017539978027, 1.6142772436141968, 1.6170076131820679, 1.6147525310516357, 1.611571192741394, 1.614485740661621, 1.6153109073638916, 1.61119544506073, 1.6146068572998047, 1.618708610534668, 1.6093707084655762, 1.6140406131744385, 1.617031455039978, 1.614699363708496];[0.19451381266117096, 0.1967853605747223, 0.19578100740909576, 0.19591982662677765, 0.20107567310333252, 0.19492657482624054, 0.1979156881570816, 0.19582915306091309, 0.19434848427772522, 0.19449062645435333, 0.19345690310001373, 0.19417335093021393, 0.19447429478168488, 0.19492851197719574, 0.1951742321252823, 0.1956784874200821, 0.19489051401615143, 0.1951286345720291, 0.19485589861869812, 0.1979179084300995, 0.19619974493980408, 0.19273267686367035, 0.19461292028427124, 0.19476492702960968, 0.19374652206897736, 0.19533447921276093, 0.19555199146270752, 0.19405807554721832, 0.1925671398639679, 0.19482934474945068, 0.19393736124038696];[-4.291416168212891, -4.3295722007751465, -4.319639682769775, -4.330354690551758, -4.370451927185059, -4.299468517303467, -4.343926906585693, -4.31380558013916, -4.277596473693848, -4.264336109161377, -4.259119033813477, -4.2531938552856445, -4.2421722412109375, -4.287958145141602, -4.280521392822266, -4.2776312828063965, -4.2775983810424805, -4.278965473175049, -4.291711807250977, -4.333169937133789, -4.302598476409912, -4.26262903213501, -4.26039457321167, -4.272035121917725, -4.258081436157227, -4.2641472816467285, -4.291121959686279, -4.265230655670166, -4.233321189880371, -4.272874355316162, -4.246604919433594];[0.018240129575133324, 0.02333378791809082, 0.024046780541539192, 0.027614779770374298, 0.029948528856039047, 0.019537227228283882, 0.01937313750386238, 0.029507949948310852, 0.023432666435837746, 0.022714238613843918, 0.026992131024599075, 0.023871392011642456, 0.023762233555316925, 0.020396817475557327, 0.020152054727077484, 0.020580800250172615, 0.026169653981924057, 0.02204151824116707, 0.028897151350975037, 0.030338682234287262, 0.029828179627656937, 0.022784676402807236, 0.021974464878439903, 0.02196774259209633, 0.027195535600185394, 0.01997082680463791, 0.022883199155330658, 0.019730504602193832, 0.03883742541074753, 0.022695334628224373];2212.4226167201996
1300;[1.1659784317016602, 1.1663554906845093, 1.1796388626098633, 1.16160249710083, 1.1646603345870972, 1.1611244678497314, 1.1579934358596802, 1.15659761428833, 1.165480375289917, 1.1595796346664429, 1.1600384712219238, 1.1585959196090698, 1.1568849086761475, 1.1623016595840454, 1.1604900360107422, 1.161916732788086, 1.164652705192566, 1.1688194274902344, 1.1659832000732422, 1.163487434387207, 1.1680684089660645, 1.163741946220398, 1.1748844385147095, 1.1586652994155884, 1.1630628108978271, 1.16107177734375, 1.1608957052230835, 1.1643803119659424, 1.1653002500534058, 1.1638619899749756, 1.1648565530776978];[0.09495539218187332, 0.09447530657052994, 0.10139228403568268, 0.09188468009233475, 0.0919775664806366, 0.09378550946712494, 0.09160414338111877, 0.09108395129442215, 0.0946802869439125, 0.09090665727853775, 0.09202513843774796, 0.0923222154378891, 0.08983124047517776, 0.09048164635896683, 0.0913662388920784, 0.09108355641365051, 0.09148107469081879, 0.09375961124897003, 0.09439831972122192, 0.09107927232980728, 0.09200108796358109, 0.092279814183712, 0.09639520943164825, 0.08831752091646194, 0.09190890192985535, 0.09188766032457352, 0.09047113358974457, 0.09279198944568634, 0.0928444191813469, 0.08944975584745407, 0.09189006686210632];[-2.1470539569854736, -2.1430680751800537, -2.193963050842285, -2.1351571083068848, -2.1285512447357178, -2.1441938877105713, -2.131218194961548, -2.1206517219543457, -2.136782646179199, -2.1143295764923096, -2.130979299545288, -2.1312530040740967, -2.125217914581299, -2.1133124828338623, -2.115335702896118, -2.1190714836120605, -2.1144375801086426, -2.121098518371582, -2.1379458904266357, -2.1172802448272705, -2.134479522705078, -2.131092071533203, -2.1434378623962402, -2.108767032623291, -2.122863292694092, -2.104344129562378, -2.117523670196533, -2.1407582759857178, -2.1220860481262207, -2.112910747528076, -2.1215643882751465];[0.021727588027715683, 0.024953484535217285, 0.021303612738847733, 0.023280180990695953, 0.025594163686037064, 0.02243245206773281, 0.024425724521279335, 0.022922636941075325, 0.022488968446850777, 0.02346085011959076, 0.021399177610874176, 0.02052396908402443, 0.023877160623669624, 0.03028816543519497, 0.020281106233596802, 0.020814428105950356, 0.02259146049618721, 0.023554647341370583, 0.02284269593656063, 0.021395927295088768, 0.024096274748444557, 0.02229904569685459, 0.024672189727425575, 0.02210148796439171, 0.02599099650979042, 0.02239106222987175, 0.02269168198108673, 0.0192702729254961, 0.02533011883497238, 0.02351931855082512];2208.0040776729584
1300;[1.616513729095459, 1.6162561178207397, 1.6272708177566528, 1.6121320724487305, 1.6150583028793335, 1.6120450496673584, 1.6103280782699585, 1.6079879999160767, 1.6160322427749634, 1.6101694107055664, 1.611542820930481, 1.609922170639038, 1.60979163646698, 1.6130499839782715, 1.6115490198135376, 1.612581491470337, 1.6153141260147095, 1.6179558038711548, 1.6169229745864868, 1.6142489910125732, 1.6182621717453003, 1.6156156063079834, 1.6232686042785645, 1.609971523284912, 1.6128544807434082, 1.6116231679916382, 1.6123912334442139, 1.6140835285186768, 1.6149550676345825, 1.6156275272369385, 1.6151642799377441];[0.19622594118118286, 0.19558976590633392, 0.20023538172245026, 0.19457221031188965, 0.19404980540275574, 0.1965894252061844, 0.19498059153556824, 0.1943579614162445, 0.19619877636432648, 0.19370129704475403, 0.19487403333187103, 0.19488480687141418, 0.19407223165035248, 0.19250427186489105, 0.19391605257987976, 0.1938905119895935, 0.1932990700006485, 0.19351878762245178, 0.19574733078479767, 0.19376325607299805, 0.19291692972183228, 0.19409509003162384, 0.19535893201828003, 0.19149084389209747, 0.1932917982339859, 0.19436302781105042, 0.1934261918067932, 0.19431163370609283, 0.19391873478889465, 0.19203190505504608, 0.19334879517555237];[-4.311828136444092, -4.30353307723999, -4.337745666503906, -4.306988716125488, -4.267719268798828, -4.310622215270996, -4.299998760223389, -4.277818202972412, -4.28683614730835, -4.247832298278809, -4.2940216064453125, -4.294393539428711, -4.29751443862915, -4.241796016693115, -4.24898624420166, -4.258747100830078, -4.239243507385254, -4.232544422149658, -4.273853302001953, -4.250316619873047, -4.261985778808594, -4.273426055908203, -4.261589050292969, -4.249851703643799, -4.248001575469971, -4.214362144470215, -4.261550426483154, -4.284548282623291, -4.2444024085998535, -4.249703407287598, -4.244565963745117];[0.021727588027715683, 0.02070716582238674, 0.02122080884873867, 0.026878783479332924, 0.027687767520546913, 0.022795645520091057, 0.027318576350808144, 0.022796034812927246, 0.021752940490841866, 0.022380221635103226, 0.023976055905222893, 0.019110260531306267, 0.020508522167801857, 0.02735106833279133, 0.018644561991095543, 0.022373275831341743, 0.020480342209339142, 0.020069612190127373, 0.04127208888530731, 0.02119649574160576, 0.021556535735726357, 0.025442490354180336, 0.02721799723803997, 0.03158638998866081, 0.02605229988694191, 0.02693036198616028, 0.02012089267373085, 0.0193730890750885, 0.019653327763080597, 0.023346005007624626];2237.1618695259094
1350;[1.1582492589950562, 1.1638551950454712, 1.1664552688598633, 1.1689671277999878, 1.1701405048370361, 1.1646630764007568, 1.163055181503296, 1.1622263193130493, 1.161102533340454, 1.1606309413909912, 1.1606444120407104, 1.1621209383010864, 1.1601567268371582, 1.1608790159225464, 1.1613438129425049, 1.1680481433868408, 1.1610137224197388, 1.1581217050552368, 1.1561362743377686, 1.1603707075119019, 1.160900592803955, 1.158778429031372, 1.1675293445587158, 1.1646088361740112, 1.1632895469665527, 1.1602873802185059, 1.166294813156128, 1.1617869138717651, 1.159871220588684, 1.160901665687561, 1.174249529838562];[0.09176962822675705, 0.09328427165746689, 0.09302498400211334, 0.0937575101852417, 0.09574033319950104, 0.09269045293331146, 0.09032700210809708, 0.0912833958864212, 0.09123419970273972, 0.09070782363414764, 0.09138591587543488, 0.09136079251766205, 0.09110373258590698, 0.09015749394893646, 0.09211592376232147, 0.09197067469358444, 0.09005116671323776, 0.09062519669532776, 0.08925075829029083, 0.0906025767326355, 0.09144257754087448, 0.0933597981929779, 0.09507255256175995, 0.09238642454147339, 0.09143388271331787, 0.09112847596406937, 0.0921967625617981, 0.09213583171367645, 0.09270279854536057, 0.09103355556726456, 0.09759900718927383];[-2.1378378868103027, -2.1321282386779785, -2.1338698863983154, -2.1257259845733643, -2.1384317874908447, -2.131945848464966, -2.1136887073516846, -2.1229331493377686, -2.130091667175293, -2.117323398590088, -2.122556447982788, -2.110459327697754, -2.1191048622131348, -2.1151084899902344, -2.128218173980713, -2.1186187267303467, -2.1169211864471436, -2.1064648628234863, -2.1186695098876953, -2.1065967082977295, -2.1257429122924805, -2.12308406829834, -2.1406407356262207, -2.1214091777801514, -2.121168375015259, -2.111560821533203, -2.128052234649658, -2.120865821838379, -2.131498098373413, -2.128096342086792, -2.1671972274780273];[0.022211622446775436, 0.02936158888041973, 0.020493904128670692, 0.021261930465698242, 0.0213675107806921, 0.03722745552659035, 0.02416055090725422, 0.020479392260313034, 0.03969303146004677, 0.024152537807822227, 0.019313642755150795, 0.021676471456885338, 0.017673728987574577, 0.03472144901752472, 0.02290283888578415, 0.02485479786992073, 0.02283554896712303, 0.02343599870800972, 0.022939719259738922, 0.02274438738822937, 0.02312907576560974, 0.037703629583120346, 0.021221334114670753, 0.03436283394694328, 0.022519854828715324, 0.025266868993639946, 0.040184199810028076, 0.028799090534448624, 0.02883932553231716, 0.02710704132914543];2211.508697271347
1350;[1.609508752822876, 1.6143938302993774, 1.6160180568695068, 1.618658185005188, 1.620205283164978, 1.6151612997055054, 1.6141271591186523, 1.6125478744506836, 1.6122915744781494, 1.6120049953460693, 1.6115111112594604, 1.6125643253326416, 1.6113076210021973, 1.613149881362915, 1.6127960681915283, 1.6180403232574463, 1.6125483512878418, 1.6092441082000732, 1.6080424785614014, 1.610077142715454, 1.6119964122772217, 1.6083552837371826, 1.616235613822937, 1.6150453090667725, 1.6139658689498901, 1.6112310886383057, 1.6159443855285645, 1.611526370048523, 1.6108609437942505, 1.6117026805877686, 1.6238901615142822];[0.19505362212657928, 0.19549237191677094, 0.19442230463027954, 0.19435231387615204, 0.195964053273201, 0.19408364593982697, 0.19240136444568634, 0.1932947188615799, 0.19424264132976532, 0.19381308555603027, 0.19432991743087769, 0.19365285336971283, 0.1943105161190033, 0.19363074004650116, 0.19507691264152527, 0.19325989484786987, 0.19285225868225098, 0.19418330490589142, 0.19293679296970367, 0.19304664433002472, 0.19434624910354614, 0.1960102617740631, 0.1958806812763214, 0.1946987360715866, 0.19412600994110107, 0.19391369819641113, 0.19311605393886566, 0.194312185049057, 0.19577369093894958, 0.19413523375988007, 0.1977507770061493];[-4.322299003601074, -4.283462047576904, -4.277469635009766, -4.25662899017334, -4.273526191711426, -4.274370193481445, -4.244236946105957, -4.260168552398682, -4.293125152587891, -4.266060829162598, -4.267613410949707, -4.237264633178711, -4.278751373291016, -4.26747465133667, -4.291544437408447, -4.246293544769287, -4.274306774139404, -4.2386064529418945, -4.283745765686035, -4.244328498840332, -4.2806549072265625, -4.269331932067871, -4.286774635314941, -4.247468948364258, -4.267970561981201, -4.249969959259033, -4.26884126663208, -4.26460599899292, -4.296962261199951, -4.28601598739624, -4.316526412963867];[0.022211622446775436, 0.027084434404969215, 0.02583739347755909, 0.020845770835876465, 0.032741110771894455, 0.021914463490247726, 0.028964733704924583, 0.024044400081038475, 0.03956584259867668, 0.023094113916158676, 0.02059808187186718, 0.024425771087408066, 0.02057083137333393, 0.024032143875956535, 0.02069748379290104, 0.024551400914788246, 0.02293955162167549, 0.01966504566371441, 0.020098818466067314, 0.02378801628947258, 0.021208709105849266, 0.03705916553735733, 0.0205619428306818, 0.018616588786244392, 0.020793505012989044, 0.024738209322094917, 0.03945966437458992, 0.028481289744377136, 0.020256564021110535, 0.028171362355351448];2376.688802719116
1400;[1.164467453956604, 1.1560536623001099, 1.1626393795013428, 1.1593453884124756, 1.1651465892791748, 1.1636767387390137, 1.1633474826812744, 1.1637190580368042, 1.1656609773635864, 1.1695150136947632, 1.1636862754821777, 1.1654032468795776, 1.170139193534851, 1.1615259647369385, 1.161863088607788, 1.1713110208511353, 1.169177770614624, 1.1697324514389038, 1.1679645776748657, 1.1650910377502441, 1.1660631895065308, 1.1605359315872192, 1.1661467552185059, 1.1659198999404907, 1.1685854196548462, 1.1642465591430664, 1.1711735725402832, 1.1729249954223633, 1.1631156206130981, 1.1674946546554565, 1.1690280437469482];[0.09369491785764694, 0.08984170854091644, 0.09432162344455719, 0.09173652529716492, 0.094013512134552, 0.09467761218547821, 0.09324237704277039, 0.0945262759923935, 0.09416501224040985, 0.09663989394903183, 0.0940658450126648, 0.09478352218866348, 0.09814591705799103, 0.09457486122846603, 0.09496194124221802, 0.0994729995727539, 0.09710725396871567, 0.09797445684671402, 0.09902803599834442, 0.09503547847270966, 0.09490460157394409, 0.0932578444480896, 0.09607388824224472, 0.09523959457874298, 0.09728313982486725, 0.09306498616933823, 0.09473801404237747, 0.09932302683591843, 0.09218988567590714, 0.09668102115392685, 0.0967826396226883];[-2.1511895656585693, -2.1099143028259277, -2.141347646713257, -2.1352577209472656, -2.1392366886138916, -2.1448569297790527, -2.142566442489624, -2.1482856273651123, -2.153350353240967, -2.16047739982605, -2.14729380607605, -2.1587491035461426, -2.184579849243164, -2.1538283824920654, -2.161350965499878, -2.1902430057525635, -2.173753261566162, -2.171011209487915, -2.184678077697754, -2.149230480194092, -2.1504712104797363, -2.138880968093872, -2.1645493507385254, -2.160301446914673, -2.170316696166992, -2.1446244716644287, -2.1518867015838623, -2.181032180786133, -2.1393215656280518, -2.1643168926239014, -2.158675193786621];[0.022895339876413345, 0.026105331256985664, 0.025555433705449104, 0.025841904804110527, 0.021625244989991188, 0.021230418235063553, 0.0256120003759861, 0.020799215883016586, 0.025297341868281364, 0.024138016626238823, 0.02935829572379589, 0.02288152277469635, 0.02368435263633728, 0.021776370704174042, 0.02166450023651123, 0.02250233292579651, 0.02069210819900036, 0.02129378356039524, 0.04113349691033363, 0.028731346130371094, 0.019761893898248672, 0.03446032851934433, 0.02654140442609787, 0.02784120850265026, 0.02621406875550747, 0.02391660585999489, 0.019466843456029892, 0.026561541482806206, 0.019813479855656624, 0.01949971728026867];2244.406701564789
1400;[1.6167819499969482, 1.6065900325775146, 1.6137887239456177, 1.610318899154663, 1.6139167547225952, 1.6140109300613403, 1.6134871244430542, 1.613946795463562, 1.6160271167755127, 1.6187855005264282, 1.6132346391677856, 1.6158075332641602, 1.6202336549758911, 1.612731695175171, 1.6123517751693726, 1.6198185682296753, 1.617772102355957, 1.6188606023788452, 1.6176303625106812, 1.6138532161712646, 1.61536705493927, 1.6104568243026733, 1.615127444267273, 1.615136981010437, 1.6182810068130493, 1.6148197650909424, 1.6193246841430664, 1.6212633848190308, 1.6125733852386475, 1.6163020133972168, 1.6173573732376099];[0.19621329009532928, 0.19345764815807343, 0.19685977697372437, 0.19494637846946716, 0.19512636959552765, 0.19646911323070526, 0.19504083693027496, 0.19617420434951782, 0.19582760334014893, 0.19744755327701569, 0.19564682245254517, 0.1962505429983139, 0.19878751039505005, 0.19726446270942688, 0.19740097224712372, 0.19956791400909424, 0.19718684256076813, 0.19823767244815826, 0.199641615152359, 0.19590485095977783, 0.19594968855381012, 0.19596102833747864, 0.19716712832450867, 0.19632194936275482, 0.19833703339099884, 0.19557350873947144, 0.19498254358768463, 0.199198916554451, 0.1937895119190216, 0.1975807249546051, 0.19742770493030548];[-4.33158016204834, -4.260561466217041, -4.318091869354248, -4.312496185302734, -4.285032749176025, -4.3088507652282715, -4.309208869934082, -4.317023754119873, -4.328520774841309, -4.3284759521484375, -4.313918590545654, -4.338850021362305, -4.376386642456055, -4.336930751800537, -4.349381446838379, -4.380073547363281, -4.35026216506958, -4.339603424072266, -4.380855560302734, -4.30964469909668, -4.309158802032471, -4.312107563018799, -4.340358734130859, -4.331232070922852, -4.355480194091797, -4.319792747497559, -4.30450963973999, -4.344576358795166, -4.298628807067871, -4.33975887298584, -4.328168869018555];[0.022895339876413345, 0.024293433874845505, 0.03234949707984924, 0.02433864027261734, 0.025033609941601753, 0.02261926978826523, 0.023683156818151474, 0.019729139283299446, 0.026420840993523598, 0.023543762043118477, 0.020697735249996185, 0.024511929601430893, 0.026185274124145508, 0.021874986588954926, 0.020965278148651123, 0.026936640962958336, 0.02564256079494953, 0.023509476333856583, 0.04110243171453476, 0.028144920244812965, 0.022152524441480637, 0.018046310171484947, 0.015575208701193333, 0.02684289775788784, 0.02654973603785038, 0.0190616212785244, 0.01816205494105816, 0.039581380784511566, 0.02139352634549141, 0.018576575443148613];2375.402018547058
1450;[1.1635409593582153, 1.1585787534713745, 1.1644841432571411, 1.1553003787994385, 1.1628437042236328, 1.1637144088745117, 1.1617841720581055, 1.1559264659881592, 1.15835702419281, 1.1647878885269165, 1.1605130434036255, 1.1596949100494385, 1.1703457832336426, 1.1637057065963745, 1.1630971431732178, 1.1656965017318726, 1.1563904285430908, 1.1593718528747559, 1.164872646331787, 1.1588214635849, 1.1610114574432373, 1.1624394655227661, 1.1549599170684814, 1.1550778150558472, 1.154105305671692, 1.1634517908096313, 1.1530765295028687, 1.1581820249557495, 1.154379963874817, 1.1615873575210571, 1.153538465499878];[0.0940161719918251, 0.0937357172369957, 0.09469729661941528, 0.08984418213367462, 0.09191276133060455, 0.09368324279785156, 0.09233611822128296, 0.09005844593048096, 0.09237969666719437, 0.09359227865934372, 0.09195909649133682, 0.08985202759504318, 0.09452048689126968, 0.0883069634437561, 0.09140502661466599, 0.09210940450429916, 0.08717820793390274, 0.08765263855457306, 0.09200827032327652, 0.08658722043037415, 0.08985194563865662, 0.0915592759847641, 0.08688132464885712, 0.08984963595867157, 0.08905868232250214, 0.0906498059630394, 0.08621969074010849, 0.08717717230319977, 0.08680801093578339, 0.0901355966925621, 0.08551321178674698];[-2.1458942890167236, -2.1462209224700928, -2.152884006500244, -2.121291160583496, -2.1307311058044434, -2.1451213359832764, -2.1340956687927246, -2.123202085494995, -2.1353721618652344, -2.1284921169281006, -2.1320507526397705, -2.1119468212127686, -2.130007743835449, -2.0912697315216064, -2.1238508224487305, -2.1080307960510254, -2.0872373580932617, -2.09656023979187, -2.1218302249908447, -2.0800974369049072, -2.105733633041382, -2.1186416149139404, -2.0944101810455322, -2.103288412094116, -2.0974035263061523, -2.10166597366333, -2.0833208560943604, -2.088871717453003, -2.0829625129699707, -2.10054087638855, -2.076674222946167];[0.0250184815376997, 0.02306842990219593, 0.020503930747509003, 0.018947212025523186, 0.02558896318078041, 0.024172119796276093, 0.02380429580807686, 0.02438846044242382, 0.028416410088539124, 0.024678027257323265, 0.021359214559197426, 0.019849637523293495, 0.021581115201115608, 0.021985521540045738, 0.02340095303952694, 0.017189564183354378, 0.020442087203264236, 0.022881435230374336, 0.02307482250034809, 0.022546935826539993, 0.02489703893661499, 0.029902353882789612, 0.021554874256253242, 0.02877729758620262, 0.0361456461250782, 0.028606506064534187, 0.023785429075360298, 0.020487163215875626, 0.022673051804304123, 0.0280856192111969];2314.797308444977
1450;[1.614525556564331, 1.6109751462936401, 1.6151010990142822, 1.606813669204712, 1.6141458749771118, 1.6163430213928223, 1.6133511066436768, 1.6081126928329468, 1.610081434249878, 1.615541696548462, 1.614532470703125, 1.6120043992996216, 1.6202648878097534, 1.615456461906433, 1.6143696308135986, 1.616225242614746, 1.6090246438980103, 1.612025499343872, 1.617689609527588, 1.610101580619812, 1.613910436630249, 1.6150621175765991, 1.6079562902450562, 1.6081109046936035, 1.606935977935791, 1.614444375038147, 1.6057145595550537, 1.6102837324142456, 1.6075482368469238, 1.6139240264892578, 1.6066781282424927];[0.19652405381202698, 0.19766393303871155, 0.1966959536075592, 0.19424769282341003, 0.19522298872470856, 0.19735287129878998, 0.1957293450832367, 0.19460181891918182, 0.19608066976070404, 0.19650320708751678, 0.19687916338443756, 0.19417224824428558, 0.19566528499126434, 0.1918761134147644, 0.19461381435394287, 0.194895938038826, 0.19229818880558014, 0.1926509141921997, 0.19582977890968323, 0.190471351146698, 0.1940741091966629, 0.19566993415355682, 0.19240692257881165, 0.19523394107818604, 0.19456717371940613, 0.19366155564785004, 0.1919594556093216, 0.19163773953914642, 0.19244422018527985, 0.19427450001239777, 0.1912422478199005];[-4.317948341369629, -4.34522819519043, -4.324392795562744, -4.307806968688965, -4.306560039520264, -4.337576389312744, -4.31686544418335, -4.312186241149902, -4.327668190002441, -4.29789924621582, -4.333404064178467, -4.281599521636963, -4.27680778503418, -4.227520942687988, -4.294858455657959, -4.258457183837891, -4.2428107261657715, -4.254678249359131, -4.295131683349609, -4.206573009490967, -4.271866321563721, -4.2873759269714355, -4.264716625213623, -4.276657581329346, -4.2702155113220215, -4.247416019439697, -4.23262882232666, -4.241405963897705, -4.239587306976318, -4.254236698150635, -4.218392372131348];[0.0250184815376997, 0.022048022598028183, 0.022771677002310753, 0.022021792829036713, 0.03180411458015442, 0.02276577241718769, 0.022303668782114983, 0.032872144132852554, 0.021415362134575844, 0.02619016170501709, 0.02097970061004162, 0.0197125393897295, 0.02385469153523445, 0.023847004398703575, 0.02111603505909443, 0.021374020725488663, 0.02211596630513668, 0.022656183689832687, 0.019614562392234802, 0.02801356092095375, 0.020448138937354088, 0.023931637406349182, 0.01942574232816696, 0.026857223361730576, 0.03454641252756119, 0.026400109753012657, 0.02463274449110031, 0.020741436630487442, 0.0185508131980896, 0.02548670582473278];2352.4365043640137
1500;[1.1665245294570923, 1.159990668296814, 1.1652113199234009, 1.165734887123108, 1.1647921800613403, 1.167362093925476, 1.157056450843811, 1.1604310274124146, 1.1556323766708374, 1.1584323644638062, 1.1631979942321777, 1.1542049646377563, 1.1611132621765137, 1.1624009609222412, 1.1631423234939575, 1.1588484048843384, 1.158847451210022, 1.1664687395095825, 1.1620841026306152, 1.1626225709915161, 1.1620807647705078, 1.1556645631790161, 1.1577541828155518, 1.156030535697937, 1.1578937768936157, 1.155948519706726, 1.1650389432907104, 1.154643177986145, 1.1572948694229126, 1.1611498594284058, 1.1555001735687256];[0.09365392476320267, 0.09483025968074799, 0.09447957575321198, 0.09454413503408432, 0.09203790873289108, 0.09556406736373901, 0.0918431431055069, 0.09264793246984482, 0.0926903486251831, 0.09227480739355087, 0.09506279230117798, 0.09203721582889557, 0.09176080673933029, 0.09446771442890167, 0.09383682906627655, 0.09052634239196777, 0.09299962222576141, 0.09445884823799133, 0.09460092335939407, 0.09416386485099792, 0.09402351826429367, 0.09180544316768646, 0.09364443272352219, 0.09089972078800201, 0.09277351945638657, 0.09169873595237732, 0.09480291604995728, 0.09026714414358139, 0.09124724566936493, 0.0940437763929367, 0.08829610794782639];[-2.1319963932037354, -2.1526360511779785, -2.141493558883667, -2.151764154434204, -2.1234970092773438, -2.1612069606781006, -2.13571834564209, -2.1233153343200684, -2.1305971145629883, -2.14043927192688, -2.1816506385803223, -2.139146327972412, -2.1390292644500732, -2.158661365509033, -2.1398062705993652, -2.129732370376587, -2.1449429988861084, -2.157118558883667, -2.1466479301452637, -2.1471211910247803, -2.156018018722534, -2.1422433853149414, -2.1538264751434326, -2.1391193866729736, -2.1429286003112793, -2.1310877799987793, -2.151362657546997, -2.1312432289123535, -2.1303720474243164, -2.129225492477417, -2.1115918159484863];[0.02562555857002735, 0.022866036742925644, 0.029905106872320175, 0.02025337517261505, 0.023418864235281944, 0.0195023063570261, 0.023567380383610725, 0.02049228921532631, 0.022944560274481773, 0.020796053111553192, 0.026187222450971603, 0.018483389168977737, 0.022957634180784225, 0.022866416722536087, 0.024980708956718445, 0.023274274542927742, 0.02442457154393196, 0.025568488985300064, 0.020935246720910072, 0.02023894526064396, 0.02025166153907776, 0.020982781425118446, 0.022809255868196487, 0.025005396455526352, 0.02620742842555046, 0.022218376398086548, 0.02209477126598358, 0.02920662611722946, 0.030195115134119987, 0.02531449869275093];2354.2323009967804
1500;[1.6163192987442017, 1.6117631196975708, 1.615341305732727, 1.6169166564941406, 1.614874005317688, 1.6182094812393188, 1.6090257167816162, 1.6103776693344116, 1.6064563989639282, 1.6105272769927979, 1.6146782636642456, 1.6061419248580933, 1.6121091842651367, 1.6129326820373535, 1.6136293411254883, 1.6111911535263062, 1.6105594635009766, 1.6166218519210815, 1.6128257513046265, 1.6137042045593262, 1.6134357452392578, 1.6082419157028198, 1.6093593835830688, 1.6080948114395142, 1.610054850578308, 1.6074702739715576, 1.6165004968643188, 1.6076477766036987, 1.609627366065979, 1.6120707988739014, 1.6074092388153076];[0.19545011222362518, 0.19769644737243652, 0.19601908326148987, 0.19644756615161896, 0.19422806799411774, 0.19698631763458252, 0.19584880769252777, 0.19549286365509033, 0.19643491506576538, 0.19574211537837982, 0.19833481311798096, 0.19649066030979156, 0.19437530636787415, 0.19661936163902283, 0.1957940012216568, 0.19410569965839386, 0.19579212367534637, 0.1960161179304123, 0.196759894490242, 0.19635960459709167, 0.19654595851898193, 0.19603998959064484, 0.19708019495010376, 0.1944383829832077, 0.19671288132667542, 0.19535548985004425, 0.1970122903585434, 0.19469542801380157, 0.19530300796031952, 0.19654913246631622, 0.19189657270908356];[-4.282301902770996, -4.34666633605957, -4.30150032043457, -4.3295392990112305, -4.265510082244873, -4.341965675354004, -4.328263759613037, -4.27883243560791, -4.3120245933532715, -4.331794738769531, -4.380334854125977, -4.341699600219727, -4.315061092376709, -4.346888542175293, -4.306213855743408, -4.3071608543396, -4.333616733551025, -4.323753833770752, -4.319126605987549, -4.325813293457031, -4.346462726593018, -4.340041160583496, -4.35144567489624, -4.333427906036377, -4.322111129760742, -4.307283878326416, -4.316928386688232, -4.320792198181152, -4.307063579559326, -4.282233238220215, -4.265726566314697];[0.02562555857002735, 0.023224040865898132, 0.02011028677225113, 0.020069079473614693, 0.03366583213210106, 0.02530783601105213, 0.022370140999555588, 0.020944787189364433, 0.023568909615278244, 0.02086537890136242, 0.026238471269607544, 0.023850131779909134, 0.02775299921631813, 0.026827674359083176, 0.021833695471286774, 0.028942905366420746, 0.02286316081881523, 0.020892875269055367, 0.03376355767250061, 0.02002105675637722, 0.025880005210638046, 0.031582217663526535, 0.02315882220864296, 0.02431531250476837, 0.026194967329502106, 0.02490411512553692, 0.021327456459403038, 0.022909140214323997, 0.03101302869617939, 0.024551410228013992];2256.9717700481415
1550;[1.158615231513977, 1.1593167781829834, 1.1697005033493042, 1.1682567596435547, 1.158961534500122, 1.1675225496292114, 1.1654109954833984, 1.1728880405426025, 1.1652494668960571, 1.163169503211975, 1.1685327291488647, 1.16482675075531, 1.1699836254119873, 1.1650601625442505, 1.1658945083618164, 1.1616005897521973, 1.1663154363632202, 1.1645861864089966, 1.1654201745986938, 1.1635377407073975, 1.1657929420471191, 1.1696041822433472, 1.1664260625839233, 1.1656639575958252, 1.1664689779281616, 1.1733781099319458, 1.169092059135437, 1.1622589826583862, 1.1646138429641724, 1.17002272605896, 1.1699483394622803];[0.09041145443916321, 0.09393065422773361, 0.09643137454986572, 0.09714280813932419, 0.09309607744216919, 0.09538783133029938, 0.09512430429458618, 0.09967970848083496, 0.0924883559346199, 0.0944339856505394, 0.09592316299676895, 0.09331618994474411, 0.09884598851203918, 0.09522080421447754, 0.09347634017467499, 0.09249792248010635, 0.09622647613286972, 0.09228567779064178, 0.0944470465183258, 0.09662288427352905, 0.0952417328953743, 0.09334360063076019, 0.09287313371896744, 0.09656430780887604, 0.09556597471237183, 0.09543506056070328, 0.09498074650764465, 0.0948609933257103, 0.0946287289261818, 0.09506490081548691, 0.09559386223554611];[-2.1329185962677, -2.1469919681549072, -2.2364420890808105, -2.1749989986419678, -2.147003650665283, -2.161454677581787, -2.1484463214874268, -2.19751238822937, -2.131594657897949, -2.146205186843872, -2.1562118530273438, -2.1425609588623047, -2.179586410522461, -2.1391966342926025, -2.1459031105041504, -2.1313021183013916, -2.154371976852417, -2.13274884223938, -2.1483700275421143, -2.1504805088043213, -2.157121181488037, -2.145749568939209, -2.1380226612091064, -2.163745164871216, -2.1409287452697754, -2.1365678310394287, -2.1574416160583496, -2.15019154548645, -2.150286912918091, -2.1414496898651123, -2.1397366523742676];[0.018252478912472725, 0.023611867800354958, 0.028480853885412216, 0.02443843148648739, 0.024320833384990692, 0.022199710831046104, 0.0310361348092556, 0.018991177901625633, 0.030311930924654007, 0.03375089913606644, 0.02674129605293274, 0.021333063021302223, 0.019367605447769165, 0.020089371129870415, 0.021677177399396896, 0.02296324633061886, 0.020764563232660294, 0.0229810681194067, 0.027331748977303505, 0.024003300815820694, 0.026597214862704277, 0.021377861499786377, 0.020440146327018738, 0.041444823145866394, 0.02505331113934517, 0.023026125505566597, 0.022789064794778824, 0.022228283807635307, 0.027397163212299347, 0.030000723898410797];2362.7474813461304
1550;[1.6102544069290161, 1.6117300987243652, 1.620820164680481, 1.617925763130188, 1.6102217435836792, 1.616150140762329, 1.6157190799713135, 1.6218957901000977, 1.613321304321289, 1.6140726804733276, 1.6177105903625488, 1.6154570579528809, 1.6196579933166504, 1.6142171621322632, 1.615927815437317, 1.6115084886550903, 1.6150836944580078, 1.615213394165039, 1.6145552396774292, 1.6126631498336792, 1.614108920097351, 1.6178852319717407, 1.6144064664840698, 1.6147464513778687, 1.6140960454940796, 1.62056303024292, 1.6177012920379639, 1.6112135648727417, 1.6143790483474731, 1.617123007774353, 1.6167041063308716];[0.19354327023029327, 0.1972389966249466, 0.1988697201013565, 0.19798137247562408, 0.19590440392494202, 0.19603529572486877, 0.1967967450618744, 0.19913725554943085, 0.19335980713367462, 0.1967368721961975, 0.1969134360551834, 0.19521482288837433, 0.1995282769203186, 0.19614608585834503, 0.19562853872776031, 0.19515103101730347, 0.19711461663246155, 0.1944250762462616, 0.19616101682186127, 0.1986045241355896, 0.19593453407287598, 0.1939394176006317, 0.19406357407569885, 0.1978154182434082, 0.1963437795639038, 0.19489194452762604, 0.1956016570329666, 0.1968020647764206, 0.19643165171146393, 0.19499094784259796, 0.19507485628128052];[-4.312475681304932, -4.332825183868408, -4.430342674255371, -4.361037254333496, -4.332568168640137, -4.3230156898498535, -4.317142963409424, -4.375812530517578, -4.26982307434082, -4.321407318115234, -4.329346656799316, -4.304124355316162, -4.356761932373047, -4.285898208618164, -4.313015937805176, -4.289291858673096, -4.309578895568848, -4.291692733764648, -4.314008712768555, -4.319926738739014, -4.31095027923584, -4.297347545623779, -4.289617538452148, -4.335790157318115, -4.289772033691406, -4.259748458862305, -4.3234663009643555, -4.32273530960083, -4.3196940422058105, -4.2740020751953125, -4.270540714263916];[0.018252478912472725, 0.022956715896725655, 0.028507404029369354, 0.029646292328834534, 0.02467150241136551, 0.022552410140633583, 0.019863707944750786, 0.02006729319691658, 0.02322101779282093, 0.033461447805166245, 0.02198362722992897, 0.018955295905470848, 0.02037993259727955, 0.021536173298954964, 0.021236320957541466, 0.02095079980790615, 0.0275263749063015, 0.023879574611783028, 0.021975573152303696, 0.022700317203998566, 0.02825620025396347, 0.02397197298705578, 0.022582227364182472, 0.04354551434516907, 0.023689454421401024, 0.02473069168627262, 0.02183385007083416, 0.023163411766290665, 0.02339763566851616, 0.020128216594457626];2225.2351624965668
1600;[1.159806489944458, 1.1654727458953857, 1.164276361465454, 1.1656651496887207, 1.158795952796936, 1.1633038520812988, 1.1624319553375244, 1.1631306409835815, 1.1607115268707275, 1.160477876663208, 1.1580630540847778, 1.1673604249954224, 1.1630192995071411, 1.1551309823989868, 1.159649133682251, 1.1631203889846802, 1.1574287414550781, 1.1616613864898682, 1.158990740776062, 1.1580523252487183, 1.1551406383514404, 1.1618846654891968, 1.156622290611267, 1.1615020036697388, 1.1539835929870605, 1.156639814376831, 1.163804054260254, 1.1587560176849365, 1.1535298824310303, 1.1587512493133545, 1.1584264039993286];[0.09130459278821945, 0.0963255763053894, 0.09234406054019928, 0.09421802312135696, 0.09152694791555405, 0.09366533160209656, 0.0906514897942543, 0.09276941418647766, 0.09099183976650238, 0.091854527592659, 0.09101299941539764, 0.09512089192867279, 0.09231795370578766, 0.08861615508794785, 0.09130377322435379, 0.09255068004131317, 0.08915574848651886, 0.0909171923995018, 0.08893138915300369, 0.09087575227022171, 0.08943355828523636, 0.09245218336582184, 0.08904359489679337, 0.09198042005300522, 0.08824960142374039, 0.08677110075950623, 0.0915759727358818, 0.09016892313957214, 0.08858570456504822, 0.0887351855635643, 0.08848044276237488];[-2.131796360015869, -2.160191059112549, -2.131228446960449, -2.1431846618652344, -2.1205248832702637, -2.1410834789276123, -2.1199886798858643, -2.135793447494507, -2.1179285049438477, -2.12298321723938, -2.123595714569092, -2.152711868286133, -2.126985788345337, -2.103511095046997, -2.1145927906036377, -2.1175007820129395, -2.1024885177612305, -2.1264219284057617, -2.1106505393981934, -2.1082067489624023, -2.114656686782837, -2.1303577423095703, -2.1110427379608154, -2.1303162574768066, -2.1036109924316406, -2.0972633361816406, -2.119436264038086, -2.1156766414642334, -2.1023120880126953, -2.1014139652252197, -2.107473373413086];[0.025524528697133064, 0.021203752607107162, 0.02183605171740055, 0.01902143843472004, 0.022398654371500015, 0.02441788837313652, 0.0177936814725399, 0.025089910253882408, 0.025986364111304283, 0.02619931474328041, 0.018318964168429375, 0.026610443368554115, 0.021088264882564545, 0.022579636424779892, 0.026066668331623077, 0.020446520298719406, 0.026206322014331818, 0.02203378640115261, 0.030948098748922348, 0.020406708121299744, 0.019459787756204605, 0.02089330554008484, 0.024493878707289696, 0.024915680289268494, 0.022852199152112007, 0.019870035350322723, 0.03345600515604019, 0.02470238320529461, 0.021241692826151848, 0.03247625380754471];2191.078113555908
1600;[1.6101186275482178, 1.616262435913086, 1.6150745153427124, 1.617031455039978, 1.6100460290908813, 1.614683985710144, 1.6131075620651245, 1.6131840944290161, 1.6115070581436157, 1.6114810705184937, 1.609057903289795, 1.6174260377883911, 1.6147212982177734, 1.6067347526550293, 1.6115916967391968, 1.6116769313812256, 1.6087019443511963, 1.6127843856811523, 1.612273931503296, 1.6088712215423584, 1.607570767402649, 1.6133054494857788, 1.6092097759246826, 1.6138547658920288, 1.6058943271636963, 1.6086372137069702, 1.615148901939392, 1.6102203130722046, 1.6056655645370483, 1.611215353012085, 1.609897494316101];[0.19378677010536194, 0.19792893528938293, 0.1940259486436844, 0.1959085315465927, 0.19488947093486786, 0.1959812045097351, 0.1923699527978897, 0.1944158524274826, 0.19354775547981262, 0.19451937079429626, 0.19423264265060425, 0.19588333368301392, 0.1948835253715515, 0.19238348305225372, 0.19449889659881592, 0.19392900168895721, 0.19292566180229187, 0.19366180896759033, 0.19337686896324158, 0.19376657903194427, 0.1940353363752365, 0.19511297345161438, 0.19348208606243134, 0.1950865387916565, 0.192778542637825, 0.1908370852470398, 0.19428376853466034, 0.19348587095737457, 0.19329743087291718, 0.19323554635047913, 0.1920723170042038];[-4.294802665710449, -4.332421779632568, -4.272513389587402, -4.308073043823242, -4.270157814025879, -4.306707382202148, -4.256807327270508, -4.2799177169799805, -4.2642340660095215, -4.277230739593506, -4.274390697479248, -4.322627544403076, -4.279996871948242, -4.247593879699707, -4.261657238006592, -4.249294757843018, -4.239455699920654, -4.286932945251465, -4.2686991691589355, -4.252931594848633, -4.286571502685547, -4.289196491241455, -4.27564001083374, -4.306123733520508, -4.265804767608643, -4.247429370880127, -4.2623090744018555, -4.267881870269775, -4.257513999938965, -4.250586986541748, -4.25729513168335];[0.025524528697133064, 0.01877746544778347, 0.01848410815000534, 0.020934900268912315, 0.026277393102645874, 0.018290678039193153, 0.02108026295900345, 0.024484077468514442, 0.024793246760964394, 0.02603287622332573, 0.026359356939792633, 0.03846835717558861, 0.02110946550965309, 0.022817280143499374, 0.026878757402300835, 0.03100876696407795, 0.019801415503025055, 0.02486897073686123, 0.019409865140914917, 0.02361312508583069, 0.02512119710445404, 0.01727893017232418, 0.019593222066760063, 0.02332758903503418, 0.024493368342518806, 0.018634818494319916, 0.03253241628408432, 0.02345731109380722, 0.020894397050142288, 0.031658835709095];2269.831643342972
1650;[1.1642259359359741, 1.1660728454589844, 1.1548081636428833, 1.1588785648345947, 1.1566745042800903, 1.155420184135437, 1.1598989963531494, 1.1609231233596802, 1.1586596965789795, 1.1586166620254517, 1.1606582403182983, 1.1568210124969482, 1.162021517753601, 1.1638582944869995, 1.1573162078857422, 1.1520273685455322, 1.151764988899231, 1.153113603591919, 1.1573704481124878, 1.1628650426864624, 1.163663387298584, 1.1678227186203003, 1.1610673666000366, 1.1586122512817383, 1.1590532064437866, 1.1624644994735718, 1.1553698778152466, 1.1618965864181519, 1.165950894355774, 1.1616716384887695, 1.1660758256912231];[0.09198852628469467, 0.09331999719142914, 0.08944904804229736, 0.09185326099395752, 0.09122268855571747, 0.09154145419597626, 0.09260962158441544, 0.09080322831869125, 0.09009458124637604, 0.09162907302379608, 0.09331198036670685, 0.08909470587968826, 0.09151776134967804, 0.09508413076400757, 0.0921456515789032, 0.09127455204725266, 0.09044613689184189, 0.09026814997196198, 0.0915362536907196, 0.09521838277578354, 0.09419380873441696, 0.0977676585316658, 0.09294531494379044, 0.0951862707734108, 0.09295040369033813, 0.09500279277563095, 0.0913153737783432, 0.09479132294654846, 0.09687384217977524, 0.09509380161762238, 0.09764771908521652];[-2.130429744720459, -2.1488304138183594, -2.1180365085601807, -2.121365785598755, -2.1248817443847656, -2.1280455589294434, -2.1456446647644043, -2.1252729892730713, -2.115959882736206, -2.1218714714050293, -2.146453380584717, -2.119955539703369, -2.1359901428222656, -2.1529555320739746, -2.1415371894836426, -2.1322898864746094, -2.1326136589050293, -2.1340160369873047, -2.125314474105835, -2.1633310317993164, -2.150620460510254, -2.1691832542419434, -2.1437649726867676, -2.1473581790924072, -2.140139102935791, -2.1594698429107666, -2.1280698776245117, -2.169179916381836, -2.180767774581909, -2.1556386947631836, -2.177959442138672];[0.037653811275959015, 0.021605024114251137, 0.022392017766833305, 0.02786736749112606, 0.020893480628728867, 0.02049478143453598, 0.023145664483308792, 0.023098932579159737, 0.024694861844182014, 0.016550857573747635, 0.020959606394171715, 0.020934689790010452, 0.029689010232686996, 0.024824857711791992, 0.02063811384141445, 0.01991514302790165, 0.026348235085606575, 0.030299097299575806, 0.023184485733509064, 0.02347509004175663, 0.023734666407108307, 0.019616995006799698, 0.03385051712393761, 0.023203175514936447, 0.027354320511221886, 0.02383851632475853, 0.02000061422586441, 0.026307784020900726, 0.02497038058936596, 0.02934136800467968];2221.678379058838
1650;[1.614269733428955, 1.6168745756149292, 1.6067590713500977, 1.6101852655410767, 1.6085518598556519, 1.6086130142211914, 1.6113568544387817, 1.6141489744186401, 1.6093615293502808, 1.6103249788284302, 1.613173484802246, 1.6094003915786743, 1.6140540838241577, 1.615220308303833, 1.609837532043457, 1.6048022508621216, 1.6062530279159546, 1.606789231300354, 1.6095212697982788, 1.615135669708252, 1.6148184537887573, 1.6176482439041138, 1.6125233173370361, 1.6100127696990967, 1.6100499629974365, 1.6138124465942383, 1.6077523231506348, 1.6148066520690918, 1.6168006658554077, 1.6129580736160278, 1.6171352863311768];[0.1941642165184021, 0.19465838372707367, 0.193410262465477, 0.1950092315673828, 0.19510874152183533, 0.19625797867774963, 0.1957782357931137, 0.19457615911960602, 0.19286924600601196, 0.19516927003860474, 0.19711224734783173, 0.1935851275920868, 0.1944347769021988, 0.1975010484457016, 0.19636471569538116, 0.19646821916103363, 0.1963840126991272, 0.19553522765636444, 0.19537605345249176, 0.19818353652954102, 0.19672222435474396, 0.1983838826417923, 0.19599704444408417, 0.19884338974952698, 0.19561712443828583, 0.19767892360687256, 0.19584469497203827, 0.19852307438850403, 0.19939763844013214, 0.1979103684425354, 0.19941824674606323];[-4.280521392822266, -4.315093517303467, -4.290557384490967, -4.282647132873535, -4.298625946044922, -4.313034534454346, -4.323052883148193, -4.294150352478027, -4.266776084899902, -4.284341812133789, -4.336117744445801, -4.289282321929932, -4.3134660720825195, -4.3386993408203125, -4.340690612792969, -4.333361625671387, -4.340267658233643, -4.345252513885498, -4.302980422973633, -4.365515232086182, -4.333098411560059, -4.355237007141113, -4.325227737426758, -4.3441572189331055, -4.328601837158203, -4.358675003051758, -4.313373565673828, -4.367487907409668, -4.383343696594238, -4.346909999847412, -4.360390663146973];[0.037653811275959015, 0.032094720751047134, 0.023355757817626, 0.02374749258160591, 0.02086145430803299, 0.023043090477585793, 0.023373255506157875, 0.0228542760014534, 0.024863915517926216, 0.02668863534927368, 0.02077801525592804, 0.02273613214492798, 0.02990935929119587, 0.02856949158012867, 0.02508605271577835, 0.019574696198105812, 0.02036183699965477, 0.024899039417505264, 0.022820517420768738, 0.031043903902173042, 0.02526809461414814, 0.0204145647585392, 0.033749375492334366, 0.025194376707077026, 0.02346060797572136, 0.030026044696569443, 0.023544616997241974, 0.02618144452571869, 0.025392575189471245, 0.020425118505954742];2276.5853221416473
1700;[1.1681956052780151, 1.162213921546936, 1.1666159629821777, 1.1635242700576782, 1.1640398502349854, 1.1609762907028198, 1.1665687561035156, 1.1608903408050537, 1.1705604791641235, 1.160820484161377, 1.1652202606201172, 1.165962815284729, 1.172162652015686, 1.167456030845642, 1.1678789854049683, 1.1692795753479004, 1.162023663520813, 1.1628245115280151, 1.1650267839431763, 1.172653317451477, 1.170052170753479, 1.1716852188110352, 1.1609382629394531, 1.1713303327560425, 1.1684315204620361, 1.1652888059616089, 1.1644079685211182, 1.1645251512527466, 1.1649887561798096, 1.1641548871994019, 1.1709750890731812];[0.0963936597108841, 0.0948810949921608, 0.09683823585510254, 0.09247373789548874, 0.09223824739456177, 0.09361888468265533, 0.090593121945858, 0.0903959721326828, 0.09441278129816055, 0.09165215492248535, 0.09288240224123001, 0.09242627024650574, 0.09271767735481262, 0.0951748937368393, 0.0921049490571022, 0.09186568111181259, 0.09155123680830002, 0.09279023855924606, 0.09209316968917847, 0.09608979523181915, 0.09187083691358566, 0.09570478647947311, 0.09112069010734558, 0.09450230002403259, 0.09119587391614914, 0.08926571160554886, 0.08699129521846771, 0.09014269709587097, 0.08846917003393173, 0.08999224752187729, 0.09069552272558212];[-2.157174825668335, -2.1507837772369385, -2.1619837284088135, -2.1379849910736084, -2.1280534267425537, -2.143216848373413, -2.1102192401885986, -2.1133384704589844, -2.135378360748291, -2.1191394329071045, -2.138486623764038, -2.1252493858337402, -2.1147565841674805, -2.145707607269287, -2.115644931793213, -2.117804527282715, -2.1281630992889404, -2.1346747875213623, -2.129305601119995, -2.140289068222046, -2.1162943840026855, -2.1315903663635254, -2.106964111328125, -2.12962007522583, -2.101834774017334, -2.108243227005005, -2.0901458263397217, -2.096047878265381, -2.081347942352295, -2.100370407104492, -2.1185302734375];[0.03085462376475334, 0.02536320500075817, 0.024801768362522125, 0.028865721076726913, 0.02105761133134365, 0.025012752041220665, 0.026111474260687828, 0.0232804287225008, 0.027690339833498, 0.019735701382160187, 0.022883519530296326, 0.030271263793110847, 0.01913868635892868, 0.023442760109901428, 0.030859874561429024, 0.022140199318528175, 0.02316848747432232, 0.026217933744192123, 0.022865628823637962, 0.023990722373127937, 0.022945532575249672, 0.022663025185465813, 0.029318898916244507, 0.020639419555664062, 0.021657614037394524, 0.02438279427587986, 0.021269995719194412, 0.026644257828593254, 0.020525969564914703, 0.021887240931391716];2236.075453519821
1700;[1.6186606884002686, 1.6138114929199219, 1.6165214776992798, 1.6141854524612427, 1.614816665649414, 1.6110504865646362, 1.6164411306381226, 1.6118555068969727, 1.6185050010681152, 1.6113383769989014, 1.6159799098968506, 1.6143786907196045, 1.6198524236679077, 1.6175991296768188, 1.6168293952941895, 1.6182100772857666, 1.6128153800964355, 1.61268949508667, 1.6157424449920654, 1.6198606491088867, 1.6199899911880493, 1.6204833984375, 1.6106899976730347, 1.619598388671875, 1.6172668933868408, 1.6155145168304443, 1.6142326593399048, 1.613067865371704, 1.6140835285186768, 1.6136291027069092, 1.6198300123214722];[0.19752854108810425, 0.19747567176818848, 0.19820648431777954, 0.1949843168258667, 0.19439664483070374, 0.19607479870319366, 0.19253389537334442, 0.193648099899292, 0.1945543736219406, 0.1945299506187439, 0.19564107060432434, 0.19370202720165253, 0.19261163473129272, 0.19668814539909363, 0.19359150528907776, 0.1928529292345047, 0.194785013794899, 0.19548527896404266, 0.1947261393070221, 0.1959739774465561, 0.19374629855155945, 0.19654259085655212, 0.19401513040065765, 0.19488951563835144, 0.19268035888671875, 0.19231374561786652, 0.1900598406791687, 0.19267800450325012, 0.19073207676410675, 0.1926291435956955, 0.19249314069747925];[-4.327211380004883, -4.333309173583984, -4.319338321685791, -4.300234317779541, -4.279416561126709, -4.3099894523620605, -4.233737468719482, -4.265980243682861, -4.272220134735107, -4.275937557220459, -4.302173614501953, -4.25980806350708, -4.229711055755615, -4.298576354980469, -4.246492385864258, -4.247292995452881, -4.296970844268799, -4.295100688934326, -4.292929649353027, -4.262017726898193, -4.2490434646606445, -4.261244773864746, -4.251702785491943, -4.247591495513916, -4.217362880706787, -4.2432966232299805, -4.2124481201171875, -4.216561317443848, -4.185553550720215, -4.238248348236084, -4.250174045562744];[0.03085462376475334, 0.025307547301054, 0.024687258526682854, 0.024805769324302673, 0.02067420817911625, 0.021587863564491272, 0.02162400633096695, 0.02318793348968029, 0.02825073152780533, 0.01935677044093609, 0.022589121013879776, 0.02349199540913105, 0.027079224586486816, 0.026058197021484375, 0.03185288980603218, 0.021224411204457283, 0.022549621760845184, 0.022323084995150566, 0.026644309982657433, 0.028736606240272522, 0.027249351143836975, 0.03255459666252136, 0.026744253933429718, 0.03152918443083763, 0.022853104397654533, 0.023322707042098045, 0.021085530519485474, 0.02072519063949585, 0.026416059583425522, 0.021996283903717995];2213.5970497131348
1750;[1.1624755859375, 1.1614333391189575, 1.1615653038024902, 1.1602487564086914, 1.1657553911209106, 1.176304817199707, 1.170061469078064, 1.1708219051361084, 1.1644054651260376, 1.1659315824508667, 1.1592875719070435, 1.1562803983688354, 1.1648794412612915, 1.163221001625061, 1.1662158966064453, 1.156316876411438, 1.163284420967102, 1.1650409698486328, 1.1567453145980835, 1.1685059070587158, 1.1606723070144653, 1.1652101278305054, 1.1613117456436157, 1.1602975130081177, 1.1650277376174927, 1.1678632497787476, 1.1626590490341187, 1.1651235818862915, 1.1678025722503662, 1.1733143329620361, 1.1636755466461182];[0.09426560997962952, 0.09020080417394638, 0.09401553124189377, 0.09319513291120529, 0.0942060574889183, 0.1017632931470871, 0.09808427840471268, 0.09788266569375992, 0.092338427901268, 0.09450653195381165, 0.09004776179790497, 0.09168634563684464, 0.09369748085737228, 0.09294765442609787, 0.09704979509115219, 0.08933243155479431, 0.09348738938570023, 0.09304650872945786, 0.09031402319669724, 0.09677625447511673, 0.09346932917833328, 0.0945761427283287, 0.0924805998802185, 0.09233050048351288, 0.09241291135549545, 0.09762822836637497, 0.0946529358625412, 0.09348077327013016, 0.09638824313879013, 0.09901544451713562, 0.09365946054458618];[-2.1458067893981934, -2.122570514678955, -2.1464459896087646, -2.144473075866699, -2.149080991744995, -2.1912992000579834, -2.1784868240356445, -2.1607656478881836, -2.137117624282837, -2.1543307304382324, -2.1107466220855713, -2.126551628112793, -2.1371266841888428, -2.1338765621185303, -2.171342611312866, -2.114489793777466, -2.1360111236572266, -2.1338374614715576, -2.1237270832061768, -2.159254312515259, -2.1445302963256836, -2.138002634048462, -2.131824493408203, -2.126316785812378, -2.1249637603759766, -2.1588521003723145, -2.150634765625, -2.138873338699341, -2.1624019145965576, -2.1876380443573, -2.141043186187744];[0.024973267689347267, 0.033036381006240845, 0.01960647851228714, 0.023344816640019417, 0.021940389648079872, 0.030590537935495377, 0.017443066462874413, 0.01782868802547455, 0.02366442047059536, 0.02227901667356491, 0.019473452121019363, 0.024446848779916763, 0.019519733265042305, 0.022396201267838478, 0.029964087530970573, 0.022615842521190643, 0.02030540443956852, 0.022250110283493996, 0.02106408216059208, 0.02223767526447773, 0.02792114019393921, 0.024637136608362198, 0.023391801863908768, 0.05386222153902054, 0.025161899626255035, 0.024538498371839523, 0.02257591299712658, 0.026466453447937965, 0.028663482517004013, 0.02232160046696663];2187.512265443802
1750;[1.6131582260131836, 1.611883521080017, 1.6121060848236084, 1.6115797758102417, 1.616426944732666, 1.624859094619751, 1.621401309967041, 1.6214773654937744, 1.6168349981307983, 1.6176347732543945, 1.6110929250717163, 1.608790397644043, 1.6156574487686157, 1.6142990589141846, 1.6182109117507935, 1.6095582246780396, 1.6142096519470215, 1.6165727376937866, 1.6096020936965942, 1.6200447082519531, 1.6127578020095825, 1.6173908710479736, 1.614371657371521, 1.6120351552963257, 1.6164984703063965, 1.6176846027374268, 1.6151927709579468, 1.6171692609786987, 1.6195569038391113, 1.6231491565704346, 1.614610195159912];[0.1967126578092575, 0.192594975233078, 0.1966513842344284, 0.19531507790088654, 0.1954379677772522, 0.20020081102848053, 0.19853021204471588, 0.19791291654109955, 0.19443073868751526, 0.19599957764148712, 0.19300337135791779, 0.19491012394428253, 0.1946946084499359, 0.19402243196964264, 0.1976589560508728, 0.19261735677719116, 0.1943768411874771, 0.19400915503501892, 0.19352959096431732, 0.19670513272285461, 0.19542033970355988, 0.19555549323558807, 0.1945447027683258, 0.1943037360906601, 0.19307217001914978, 0.19682657718658447, 0.1957908272743225, 0.1938396692276001, 0.19638080894947052, 0.19820138812065125, 0.1944136619567871];[-4.3242878913879395, -4.277805328369141, -4.318258762359619, -4.3170881271362305, -4.310606479644775, -4.349745273590088, -4.350807189941406, -4.304928302764893, -4.282737731933594, -4.31831693649292, -4.247694492340088, -4.2852911949157715, -4.276192665100098, -4.265478610992432, -4.332267761230469, -4.251832485198975, -4.273843765258789, -4.263932704925537, -4.266436576843262, -4.2943196296691895, -4.293379783630371, -4.264491081237793, -4.271389484405518, -4.252246856689453, -4.234869003295898, -4.291093826293945, -4.2973952293396, -4.258391857147217, -4.300662994384766, -4.335541248321533, -4.275252819061279];[0.024973267689347267, 0.031944114714860916, 0.022249635308980942, 0.022995445877313614, 0.022656423971056938, 0.02061510644853115, 0.020288141444325447, 0.025524958968162537, 0.01699076034128666, 0.01800706796348095, 0.022213678807020187, 0.028357865288853645, 0.019673608243465424, 0.02022724598646164, 0.026543306186795235, 0.025684744119644165, 0.02211320959031582, 0.026685820892453194, 0.021629324182868004, 0.027146585285663605, 0.023202579468488693, 0.02313140593469143, 0.024186095222830772, 0.052855074405670166, 0.026479844003915787, 0.02513791248202324, 0.027346383780241013, 0.02192682772874832, 0.0241156704723835, 0.02066410332918167];2224.101204395294
1800;[1.1714726686477661, 1.1568533182144165, 1.1601916551589966, 1.1739023923873901, 1.162843108177185, 1.165468692779541, 1.1649231910705566, 1.1607545614242554, 1.1609926223754883, 1.1626670360565186, 1.1606868505477905, 1.1651729345321655, 1.1680493354797363, 1.1608004570007324, 1.1682376861572266, 1.161540150642395, 1.169113039970398, 1.1627229452133179, 1.1745141744613647, 1.165292501449585, 1.166588306427002, 1.162598967552185, 1.1695170402526855, 1.1721054315567017, 1.1627106666564941, 1.1600998640060425, 1.172807216644287, 1.1659396886825562, 1.1658741235733032, 1.1619805097579956, 1.1652345657348633];[0.0997229814529419, 0.09297780692577362, 0.09064240008592606, 0.09735611081123352, 0.08985573798418045, 0.09420162439346313, 0.09087469428777695, 0.08873824775218964, 0.09060950577259064, 0.08882754296064377, 0.08759360015392303, 0.0904703363776207, 0.09083250910043716, 0.08719822019338608, 0.09007279574871063, 0.08716516941785812, 0.09065593779087067, 0.09050174057483673, 0.09480717033147812, 0.08878076821565628, 0.08788885921239853, 0.08845257759094238, 0.09092316776514053, 0.09171133488416672, 0.08719877898693085, 0.0881819948554039, 0.09098758548498154, 0.08888313174247742, 0.08659910410642624, 0.08656497299671173, 0.0855633094906807];[-2.1849939823150635, -2.1382453441619873, -2.1120481491088867, -2.1275296211242676, -2.1084675788879395, -2.1323561668395996, -2.1150126457214355, -2.1054768562316895, -2.1109561920166016, -2.098471164703369, -2.0942461490631104, -2.1024439334869385, -2.092630624771118, -2.0765392780303955, -2.0971245765686035, -2.0760796070098877, -2.095974922180176, -2.101057291030884, -2.1280453205108643, -2.0887327194213867, -2.076695203781128, -2.0891165733337402, -2.099700689315796, -2.1018331050872803, -2.0787971019744873, -2.0959532260894775, -2.08079195022583, -2.0542192459106445, -2.070991039276123, -2.069763660430908, -2.0676538944244385];[0.02306263893842697, 0.02217048592865467, 0.028124429285526276, 0.02868282049894333, 0.02844068594276905, 0.020041244104504585, 0.017837241291999817, 0.0197155624628067, 0.021928954869508743, 0.021884389221668243, 0.022913962602615356, 0.025688201189041138, 0.023219050839543343, 0.01763773150742054, 0.029902897775173187, 0.022397320717573166, 0.020053159445524216, 0.02220037393271923, 0.024249490350484848, 0.022686569020152092, 0.019620131701231003, 0.0201078150421381, 0.019656715914607048, 0.028789186850190163, 0.02333955653011799, 0.025802796706557274, 0.022349633276462555, 0.02216484770178795, 0.021256467327475548, 0.017033342272043228];2208.4370305538177
1800;[1.6219420433044434, 1.6094874143600464, 1.6117593050003052, 1.622148871421814, 1.6137179136276245, 1.6164913177490234, 1.6152292490005493, 1.6119838953018188, 1.611920952796936, 1.6137257814407349, 1.6124563217163086, 1.6156225204467773, 1.6170610189437866, 1.6105382442474365, 1.6178133487701416, 1.6116091012954712, 1.6179351806640625, 1.6134033203125, 1.6236157417297363, 1.6155794858932495, 1.6158896684646606, 1.6132087707519531, 1.6180061101913452, 1.6211916208267212, 1.61299467086792, 1.610776424407959, 1.6195248365402222, 1.6132421493530273, 1.6151155233383179, 1.6124502420425415, 1.6159652471542358];[0.20051497220993042, 0.19732238352298737, 0.1939082145690918, 0.19719131290912628, 0.1923372745513916, 0.19535687565803528, 0.19303031265735626, 0.19176682829856873, 0.1930619776248932, 0.1916745901107788, 0.19040606915950775, 0.19235803186893463, 0.1910410076379776, 0.1891358643770218, 0.19101396203041077, 0.1891448199748993, 0.19083070755004883, 0.19311383366584778, 0.19426189363002777, 0.1913878619670868, 0.18895141780376434, 0.19089770317077637, 0.19119392335414886, 0.19250671565532684, 0.1903468519449234, 0.1913856416940689, 0.19034048914909363, 0.18973906338214874, 0.18824408948421478, 0.18998706340789795, 0.18854016065597534];[-4.355259895324707, -4.325983047485352, -4.248393535614014, -4.230846405029297, -4.241635322570801, -4.272931098937988, -4.237882614135742, -4.236639976501465, -4.243502140045166, -4.21693229675293, -4.202274799346924, -4.206348896026611, -4.1677470207214355, -4.156844139099121, -4.182896137237549, -4.164247035980225, -4.178624629974365, -4.211750030517578, -4.219653606414795, -4.187869071960449, -4.149649620056152, -4.193941116333008, -4.174022674560547, -4.195101737976074, -4.171767711639404, -4.218198776245117, -4.136295318603516, -4.0919270515441895, -4.142078876495361, -4.157397747039795, -4.146714210510254];[0.02306263893842697, 0.02041204646229744, 0.02062482386827469, 0.020711805671453476, 0.028382200747728348, 0.0176252331584692, 0.024881094694137573, 0.0214957557618618, 0.02353452332317829, 0.021804651245474815, 0.014630340039730072, 0.030706455931067467, 0.023183584213256836, 0.019630959257483482, 0.02998335473239422, 0.022423259913921356, 0.021022701635956764, 0.022015368565917015, 0.026888754218816757, 0.02258947119116783, 0.019837599247694016, 0.021131454035639763, 0.019372913986444473, 0.02868397906422615, 0.020423222333192825, 0.026404788717627525, 0.022797591984272003, 0.023041117936372757, 0.0227690227329731, 0.02223161980509758];2420.378739595413
1850;[1.1653484106063843, 1.1642827987670898, 1.1665691137313843, 1.160707950592041, 1.1659594774246216, 1.1613595485687256, 1.1582341194152832, 1.1666913032531738, 1.1608166694641113, 1.1624598503112793, 1.1600253582000732, 1.1633729934692383, 1.1647382974624634, 1.1625370979309082, 1.1620018482208252, 1.1573106050491333, 1.1620122194290161, 1.1612954139709473, 1.1597816944122314, 1.161289930343628, 1.161661148071289, 1.1650664806365967, 1.164050579071045, 1.1595383882522583, 1.1642521619796753, 1.158036708831787, 1.1578168869018555, 1.16885507106781, 1.16471529006958, 1.160284161567688, 1.1698881387710571];[0.09370536357164383, 0.09443286806344986, 0.09586398303508759, 0.09272749722003937, 0.09521939605474472, 0.09207304567098618, 0.0925111398100853, 0.09343000501394272, 0.09337121248245239, 0.09325505048036575, 0.09256356954574585, 0.09215236455202103, 0.09149511158466339, 0.09134253114461899, 0.09343075752258301, 0.09273789077997208, 0.09530609101057053, 0.09237437695264816, 0.09127314388751984, 0.09160076081752777, 0.09315557777881622, 0.09380713105201721, 0.09495636075735092, 0.09085071831941605, 0.09261898696422577, 0.09190288186073303, 0.09005572646856308, 0.095428965985775, 0.09428934007883072, 0.08990422636270523, 0.09573505818843842];[-2.14918851852417, -2.1452219486236572, -2.135035514831543, -2.1322996616363525, -2.1456079483032227, -2.13915753364563, -2.1353516578674316, -2.1420998573303223, -2.1392481327056885, -2.1325037479400635, -2.137296676635742, -2.127635955810547, -2.130160331726074, -2.129809617996216, -2.128483533859253, -2.138312578201294, -2.1417953968048096, -2.132847547531128, -2.122910261154175, -2.1279873847961426, -2.1437227725982666, -2.1437454223632812, -2.1388583183288574, -2.129002332687378, -2.128915786743164, -2.135770559310913, -2.116474151611328, -2.1504833698272705, -2.132138729095459, -2.120941400527954, -2.1521921157836914];[0.024494536221027374, 0.02545909211039543, 0.020641710609197617, 0.026017675176262856, 0.028584595769643784, 0.03050314076244831, 0.022178802639245987, 0.020803146064281464, 0.03416815400123596, 0.022505613043904305, 0.02486935257911682, 0.022331897169351578, 0.021292230114340782, 0.020386159420013428, 0.025772154331207275, 0.02534387819468975, 0.0213229488581419, 0.02259114570915699, 0.04162202775478363, 0.02993871457874775, 0.024312878027558327, 0.024698860943317413, 0.024925461038947105, 0.025515593588352203, 0.019659986719489098, 0.02946159616112709, 0.027197903022170067, 0.020974041894078255, 0.019637173041701317, 0.030878033488988876];2278.2583816051483
1850;[1.6164441108703613, 1.6154481172561646, 1.615235686302185, 1.6116693019866943, 1.6162934303283691, 1.612996220588684, 1.6096633672714233, 1.6178202629089355, 1.6119495630264282, 1.6138557195663452, 1.6114914417266846, 1.6144005060195923, 1.614350438117981, 1.613468885421753, 1.612650752067566, 1.608284592628479, 1.6115200519561768, 1.6128027439117432, 1.6091663837432861, 1.6124311685562134, 1.6125050783157349, 1.6159238815307617, 1.6137090921401978, 1.610860824584961, 1.614653468132019, 1.6103506088256836, 1.6089167594909668, 1.6178680658340454, 1.614094853401184, 1.610461711883545, 1.619353175163269];[0.19582338631153107, 0.1969590187072754, 0.19696898758411407, 0.1956251561641693, 0.19688963890075684, 0.19542084634304047, 0.1955110728740692, 0.19551868736743927, 0.19624267518520355, 0.1961653083562851, 0.19601334631443024, 0.19471152126789093, 0.19378052651882172, 0.19388794898986816, 0.19648510217666626, 0.19680720567703247, 0.19786177575588226, 0.19602426886558533, 0.19427773356437683, 0.19485878944396973, 0.19616195559501648, 0.19655518233776093, 0.19753912091255188, 0.19497567415237427, 0.19539280235767365, 0.1963626742362976, 0.1946527659893036, 0.19689257442951202, 0.19662122428417206, 0.19322386384010315, 0.19734664261341095];[-4.326255798339844, -4.32786226272583, -4.278251647949219, -4.304574966430664, -4.3026251792907715, -4.325417995452881, -4.313460350036621, -4.307684421539307, -4.312584400177002, -4.305511951446533, -4.3199310302734375, -4.287439823150635, -4.28322696685791, -4.297520160675049, -4.290055274963379, -4.328260898590088, -4.313784599304199, -4.3183746337890625, -4.282849311828613, -4.300199508666992, -4.331180095672607, -4.324021816253662, -4.299793720245361, -4.312259674072266, -4.297278881072998, -4.339436054229736, -4.294939994812012, -4.309779167175293, -4.296718597412109, -4.2870306968688965, -4.328802108764648];[0.024494536221027374, 0.02627793326973915, 0.027140812948346138, 0.02545982599258423, 0.018771277740597725, 0.023196902126073837, 0.017781736329197884, 0.02228543907403946, 0.031674351543188095, 0.022760923951864243, 0.02497647888958454, 0.021146684885025024, 0.02252797968685627, 0.02319197915494442, 0.0219877976924181, 0.021072886884212494, 0.02253025397658348, 0.02246188186109066, 0.04053850844502449, 0.023850092664361, 0.020731404423713684, 0.02345426380634308, 0.024776749312877655, 0.016886848956346512, 0.02270895428955555, 0.029363445937633514, 0.022229691967368126, 0.02384939230978489, 0.01691497676074505, 0.024461517110466957];2363.3219606876373
1900;[1.162866234779358, 1.1603888273239136, 1.1665853261947632, 1.1656626462936401, 1.1670637130737305, 1.1729029417037964, 1.162092924118042, 1.16184663772583, 1.1622155904769897, 1.1588600873947144, 1.1595410108566284, 1.164677619934082, 1.1683266162872314, 1.1632071733474731, 1.159774899482727, 1.1643397808074951, 1.1615357398986816, 1.1599987745285034, 1.1591932773590088, 1.1531533002853394, 1.1601345539093018, 1.1561349630355835, 1.1648600101470947, 1.1645820140838623, 1.1617895364761353, 1.160718560218811, 1.169263482093811, 1.1679002046585083, 1.162669062614441, 1.1602380275726318, 1.159201741218567];[0.09479523450136185, 0.09243756532669067, 0.09445541352033615, 0.09509044140577316, 0.09413399547338486, 0.09795695543289185, 0.09223674982786179, 0.0930776298046112, 0.09460824728012085, 0.09199835360050201, 0.09393738955259323, 0.09563510119915009, 0.09699783474206924, 0.09462327510118484, 0.09238383173942566, 0.093901127576828, 0.09514147788286209, 0.09273673593997955, 0.09380009770393372, 0.09016048163175583, 0.09221252799034119, 0.09273237735033035, 0.09442608803510666, 0.09486066550016403, 0.09505147486925125, 0.09541546553373337, 0.09537766128778458, 0.09573091566562653, 0.0936453565955162, 0.09264296293258667, 0.0927744135260582];[-2.15339994430542, -2.130948066711426, -2.1590850353240967, -2.138828992843628, -2.1409261226654053, -2.155623435974121, -2.126443862915039, -2.149813175201416, -2.1603896617889404, -2.1343913078308105, -2.1444215774536133, -2.149801254272461, -2.1579043865203857, -2.152071237564087, -2.141347646713257, -2.143815040588379, -2.157968759536743, -2.1330161094665527, -2.1509289741516113, -2.1273388862609863, -2.1332075595855713, -2.139608860015869, -2.155796527862549, -2.1587939262390137, -2.1556735038757324, -2.158939838409424, -2.1535940170288086, -2.155782699584961, -2.14314603805542, -2.13472843170166, -2.1442995071411133];[0.019137859344482422, 0.021205738186836243, 0.025574807077646255, 0.020756736397743225, 0.020397735759615898, 0.0263397004455328, 0.02168380655348301, 0.02405516803264618, 0.022277116775512695, 0.025663381442427635, 0.023159898817539215, 0.025766123086214066, 0.022996312007308006, 0.02097242698073387, 0.022493887692689896, 0.026622284203767776, 0.024954810738563538, 0.027192043140530586, 0.02564729005098343, 0.034841977059841156, 0.021298279985785484, 0.021654125303030014, 0.030330322682857513, 0.02364092320203781, 0.021746665239334106, 0.02228476293385029, 0.02480059117078781, 0.021273676306009293, 0.02461586892604828, 0.025223582983016968];2378.349782705307
1900;[1.6152089834213257, 1.6114845275878906, 1.61703622341156, 1.6148426532745361, 1.617777943611145, 1.6213046312332153, 1.6127597093582153, 1.6137744188308716, 1.614181637763977, 1.6085700988769531, 1.6107745170593262, 1.6138434410095215, 1.6173971891403198, 1.6140393018722534, 1.6121907234191895, 1.6141562461853027, 1.612062931060791, 1.6103911399841309, 1.610525131225586, 1.6055488586425781, 1.6115885972976685, 1.6083849668502808, 1.616125226020813, 1.616601586341858, 1.614008903503418, 1.6124382019042969, 1.6194307804107666, 1.6184301376342773, 1.6131680011749268, 1.6116828918457031, 1.6125941276550293];[0.19777290523052216, 0.19581082463264465, 0.19603100419044495, 0.19586262106895447, 0.19537292420864105, 0.19736821949481964, 0.19478563964366913, 0.1963290423154831, 0.1973365694284439, 0.1946781873703003, 0.19723384082317352, 0.19689151644706726, 0.1973268836736679, 0.1974250078201294, 0.19582870602607727, 0.1959374099969864, 0.1971762776374817, 0.1955832690000534, 0.19666925072669983, 0.1948438584804535, 0.19548757374286652, 0.19665689766407013, 0.19671902060508728, 0.1972958743572235, 0.19800744950771332, 0.198398157954216, 0.19654394686222076, 0.19733040034770966, 0.19569812715053558, 0.19594243168830872, 0.19669844210147858];[-4.3414459228515625, -4.29595947265625, -4.3357696533203125, -4.27962064743042, -4.300722599029541, -4.294747829437256, -4.273794174194336, -4.331683158874512, -4.34843635559082, -4.295377731323242, -4.31907320022583, -4.3064117431640625, -4.315604209899902, -4.34077787399292, -4.330715656280518, -4.3140106201171875, -4.344831466674805, -4.30081033706665, -4.338956356048584, -4.314450740814209, -4.306680202484131, -4.335911750793457, -4.339989185333252, -4.344963073730469, -4.342270374298096, -4.349634170532227, -4.318808555603027, -4.32731294631958, -4.312382698059082, -4.302067756652832, -4.3357343673706055];[0.019137859344482422, 0.023629965260624886, 0.017778081819415092, 0.02131778560578823, 0.02197403833270073, 0.02899695187807083, 0.02712485007941723, 0.021286491304636, 0.017864815890789032, 0.02553744614124298, 0.020973391830921173, 0.019467752426862717, 0.029024623334407806, 0.022917084395885468, 0.022758349776268005, 0.024664713069796562, 0.028745245188474655, 0.023959798738360405, 0.02645500749349594, 0.017408164218068123, 0.021772801876068115, 0.02020927704870701, 0.031012743711471558, 0.026921823620796204, 0.021509207785129547, 0.026266882196068764, 0.021598022431135178, 0.022562162950634956, 0.024510886520147324, 0.021723750978708267];2345.0059156417847
1950;[1.1628684997558594, 1.1682007312774658, 1.1690661907196045, 1.1612534523010254, 1.166092038154602, 1.165152907371521, 1.163456916809082, 1.1654963493347168, 1.1680772304534912, 1.1620540618896484, 1.1658697128295898, 1.168176293373108, 1.1648809909820557, 1.1669325828552246, 1.1615018844604492, 1.1644610166549683, 1.1627042293548584, 1.1659964323043823, 1.1674392223358154, 1.1691582202911377, 1.1684306859970093, 1.1722978353500366, 1.167482614517212, 1.1602779626846313, 1.1684902906417847, 1.1619884967803955, 1.1583967208862305, 1.1626760959625244, 1.1735910177230835, 1.1653963327407837, 1.1661972999572754];[0.09297559410333633, 0.09621040523052216, 0.09567961096763611, 0.09386985749006271, 0.09472670406103134, 0.09225418418645859, 0.09167243540287018, 0.09140236675739288, 0.09362255036830902, 0.09042970836162567, 0.09058958292007446, 0.09393809735774994, 0.09332963824272156, 0.09301885962486267, 0.09199416637420654, 0.09163906425237656, 0.09211523830890656, 0.09197616577148438, 0.09238125383853912, 0.09267204254865646, 0.08942173421382904, 0.09322834759950638, 0.09136553853750229, 0.08949200809001923, 0.09221742302179337, 0.08943556249141693, 0.08738697320222855, 0.08690718561410904, 0.09582702070474625, 0.08754266798496246, 0.08898986876010895];[-2.133481025695801, -2.154432535171509, -2.1507949829101562, -2.1363685131073, -2.1435422897338867, -2.123781442642212, -2.112224578857422, -2.121278762817383, -2.1431450843811035, -2.11316180229187, -2.116640329360962, -2.142672300338745, -2.1234383583068848, -2.1273088455200195, -2.1241352558135986, -2.129424571990967, -2.1085760593414307, -2.1195545196533203, -2.138310194015503, -2.122103691101074, -2.090679168701172, -2.1315605640411377, -2.101595163345337, -2.1020190715789795, -2.109090805053711, -2.097069025039673, -2.0803117752075195, -2.0740668773651123, -2.118044376373291, -2.083468198776245, -2.086683750152588];[0.023470735177397728, 0.02703087590634823, 0.019481554627418518, 0.023625489324331284, 0.024125337600708008, 0.02154848352074623, 0.03139490634202957, 0.03743499517440796, 0.01978881098330021, 0.021800385788083076, 0.017746876925230026, 0.03766604885458946, 0.02128828503191471, 0.023911355063319206, 0.020684681832790375, 0.022900011390447617, 0.021242842078208923, 0.02317355014383793, 0.019327256828546524, 0.025875471532344818, 0.02482469007372856, 0.022771943360567093, 0.023168355226516724, 0.02241780050098896, 0.02148757129907608, 0.030861029401421547, 0.022586019709706306, 0.027374887838959694, 0.027748877182602882, 0.025782044976949692];2333.964548587799
1950;[1.614404320716858, 1.6176191568374634, 1.6182498931884766, 1.6111464500427246, 1.6162917613983154, 1.6152074337005615, 1.6138756275177002, 1.6153273582458496, 1.619415044784546, 1.613263726234436, 1.6151849031448364, 1.6188507080078125, 1.613693118095398, 1.616191029548645, 1.6125121116638184, 1.616483449935913, 1.6117697954177856, 1.615585446357727, 1.6173999309539795, 1.6184104681015015, 1.6181023120880127, 1.6225595474243164, 1.6169517040252686, 1.611564040184021, 1.6185671091079712, 1.6124088764190674, 1.608772873878479, 1.6122643947601318, 1.6228907108306885, 1.6154296398162842, 1.6168198585510254];[0.19580933451652527, 0.19696089625358582, 0.19632567465305328, 0.1962548792362213, 0.19621185958385468, 0.19412492215633392, 0.19411665201187134, 0.1931942105293274, 0.19521446526050568, 0.19355803728103638, 0.19219709932804108, 0.19574931263923645, 0.19439929723739624, 0.194431334733963, 0.194729283452034, 0.19456946849822998, 0.19397997856140137, 0.19412685930728912, 0.19440685212612152, 0.19408713281154633, 0.19175945222377777, 0.19471633434295654, 0.19386571645736694, 0.19319729506969452, 0.19413092732429504, 0.19320940971374512, 0.19181178510189056, 0.19033314287662506, 0.19692692160606384, 0.19062866270542145, 0.19224980473518372];[-4.295145034790039, -4.3186869621276855, -4.311423301696777, -4.305914878845215, -4.300055980682373, -4.26002311706543, -4.247232437133789, -4.261013984680176, -4.303214073181152, -4.252963066101074, -4.245115280151367, -4.301504611968994, -4.254036903381348, -4.2695698738098145, -4.277007102966309, -4.293015956878662, -4.231149196624756, -4.265733242034912, -4.286351203918457, -4.255917549133301, -4.202785015106201, -4.272342681884766, -4.231358528137207, -4.248528480529785, -4.238717079162598, -4.231749057769775, -4.208268165588379, -4.187688827514648, -4.243243217468262, -4.198263645172119, -4.207380294799805];[0.023470735177397728, 0.024039003998041153, 0.02713177539408207, 0.025396481156349182, 0.018220387399196625, 0.02191738598048687, 0.025147659704089165, 0.021842360496520996, 0.036938879638910294, 0.025398071855306625, 0.028910908848047256, 0.025287741795182228, 0.0216823723167181, 0.02825607918202877, 0.020735878497362137, 0.026710033416748047, 0.022900082170963287, 0.025268200784921646, 0.017987912520766258, 0.026742499321699142, 0.02406078577041626, 0.02285202220082283, 0.01772119849920273, 0.02423814684152603, 0.022168101742863655, 0.024729188531637192, 0.025063449516892433, 0.02238844893872738, 0.03419531136751175, 0.02593510039150715];2255.449546813965
2000;[1.159637451171875, 1.1634457111358643, 1.1613595485687256, 1.1584174633026123, 1.1631605625152588, 1.1639575958251953, 1.1611928939819336, 1.1604779958724976, 1.1665122509002686, 1.1683887243270874, 1.1775718927383423, 1.1658484935760498, 1.1686747074127197, 1.165350317955017, 1.1671814918518066, 1.1645398139953613, 1.1729873418807983, 1.171359658241272, 1.1692503690719604, 1.1718412637710571, 1.1649055480957031, 1.1688750982284546, 1.16331946849823, 1.172132134437561, 1.1669509410858154, 1.171903371810913, 1.1699732542037964, 1.1731001138687134, 1.164609432220459, 1.1756929159164429, 1.173069953918457];[0.09167534112930298, 0.09624648094177246, 0.09440348297357559, 0.09183236211538315, 0.09597422927618027, 0.0955265536904335, 0.09314242750406265, 0.09390262514352798, 0.09638917446136475, 0.09546537697315216, 0.09976405650377274, 0.09542369097471237, 0.09584641456604004, 0.09634356200695038, 0.09574983268976212, 0.0939849242568016, 0.09806143492460251, 0.09901867806911469, 0.09502099454402924, 0.09366139769554138, 0.09296857565641403, 0.09564276039600372, 0.09210167080163956, 0.09486877918243408, 0.09234950691461563, 0.09361258894205093, 0.09599141776561737, 0.09402094781398773, 0.09519448131322861, 0.09794754534959793, 0.09396444261074066];[-2.137613534927368, -2.1493899822235107, -2.147634983062744, -2.1330020427703857, -2.1481034755706787, -2.1503124237060547, -2.147124767303467, -2.156585931777954, -2.1704258918762207, -2.1517932415008545, -2.1921496391296387, -2.1564974784851074, -2.1506307125091553, -2.1691079139709473, -2.1571390628814697, -2.1481878757476807, -2.2052884101867676, -2.1793949604034424, -2.143173933029175, -2.133120536804199, -2.132297992706299, -2.140626907348633, -2.124260425567627, -2.1269614696502686, -2.126282215118408, -2.1427524089813232, -2.1539011001586914, -2.1363327503204346, -2.1352813243865967, -2.156167507171631, -2.1342713832855225];[0.021700222045183182, 0.028531670570373535, 0.019341763108968735, 0.018181536346673965, 0.027247216552495956, 0.022979626432061195, 0.03189646452665329, 0.024196255952119827, 0.030099185183644295, 0.023891981691122055, 0.02362671121954918, 0.025554943829774857, 0.021805426105856895, 0.020695321261882782, 0.022940313443541527, 0.031509190797805786, 0.02520146779716015, 0.020092567428946495, 0.02203480899333954, 0.022458171471953392, 0.02294984459877014, 0.020076097920536995, 0.030820969492197037, 0.01967703551054001, 0.01908409222960472, 0.027225617319345474, 0.024980535730719566, 0.02128119207918644, 0.019539419561624527, 0.024157825857400894];2348.2660081386566
2000;[1.610993504524231, 1.6142758131027222, 1.6104482412338257, 1.6091721057891846, 1.6136806011199951, 1.613510012626648, 1.6123456954956055, 1.6121522188186646, 1.6165863275527954, 1.618085503578186, 1.6259859800338745, 1.615877628326416, 1.6166698932647705, 1.6148364543914795, 1.616195559501648, 1.6136999130249023, 1.62030827999115, 1.6180638074874878, 1.6155157089233398, 1.6181886196136475, 1.6134485006332397, 1.6165528297424316, 1.6120312213897705, 1.6185158491134644, 1.6146119832992554, 1.6200141906738281, 1.616977572441101, 1.61932373046875, 1.6110719442367554, 1.6199907064437866, 1.6189240217208862];[0.19496014714241028, 0.19886663556098938, 0.19638843834400177, 0.19507846236228943, 0.19847381114959717, 0.19755452871322632, 0.19666442275047302, 0.19802457094192505, 0.19863684475421906, 0.19734759628772736, 0.1996360719203949, 0.1978345811367035, 0.1968408226966858, 0.19863519072532654, 0.1981218010187149, 0.19595776498317719, 0.19953225553035736, 0.1994878351688385, 0.19531118869781494, 0.19455179572105408, 0.19594676792621613, 0.1974768489599228, 0.1952091008424759, 0.19559359550476074, 0.1946910321712494, 0.19558389484882355, 0.19673801958560944, 0.19474762678146362, 0.19692182540893555, 0.1972460001707077, 0.19454310834407806];[-4.311058521270752, -4.3246989250183105, -4.326359272003174, -4.312926769256592, -4.32834529876709, -4.3286027908325195, -4.3447442054748535, -4.376141548156738, -4.371109485626221, -4.326131343841553, -4.387790203094482, -4.358436107635498, -4.323245525360107, -4.367389678955078, -4.358212947845459, -4.336157321929932, -4.3813652992248535, -4.359904766082764, -4.3066511154174805, -4.282424449920654, -4.3075666427612305, -4.304442882537842, -4.292293071746826, -4.268651962280273, -4.293399333953857, -4.300395488739014, -4.330221652984619, -4.281235218048096, -4.310591220855713, -4.310867786407471, -4.28641414642334];[0.021700222045183182, 0.02788747474551201, 0.024554986506700516, 0.0272173210978508, 0.021344291046261787, 0.02259240113198757, 0.021300476044416428, 0.021984830498695374, 0.021509235724806786, 0.0273619145154953, 0.026518572121858597, 0.020524781197309494, 0.01888227090239525, 0.024732936173677444, 0.021990662440657616, 0.02326996996998787, 0.021388521417975426, 0.021110543981194496, 0.02790425531566143, 0.021846028044819832, 0.022372044622898102, 0.03390975296497345, 0.027766413986682892, 0.01956643909215927, 0.027565093711018562, 0.026210103183984756, 0.020641891285777092, 0.02182544209063053, 0.020420575514435768, 0.024875270202755928];2187.4142911434174
2050;[1.160905361175537, 1.1596150398254395, 1.1633762121200562, 1.1625564098358154, 1.164462685585022, 1.1632484197616577, 1.15975821018219, 1.1594966650009155, 1.1677002906799316, 1.165257215499878, 1.1704000234603882, 1.1678929328918457, 1.1636122465133667, 1.1659932136535645, 1.1704506874084473, 1.1650478839874268, 1.1635620594024658, 1.1637483835220337, 1.166013240814209, 1.158687710762024, 1.1676784753799438, 1.1656272411346436, 1.1688480377197266, 1.1616883277893066, 1.1650253534317017, 1.164335012435913, 1.1673771142959595, 1.167283296585083, 1.1642223596572876, 1.1689928770065308, 1.1676639318466187];[0.089922696352005, 0.09129322320222855, 0.090476855635643, 0.09362303465604782, 0.09367326647043228, 0.0906534343957901, 0.08974667638540268, 0.08825735747814178, 0.09442780911922455, 0.09244213998317719, 0.0953899621963501, 0.0944116860628128, 0.0906311571598053, 0.09407190978527069, 0.09280137717723846, 0.09255761653184891, 0.09128185361623764, 0.08944693207740784, 0.09436728805303574, 0.08922851830720901, 0.0945781022310257, 0.09059616178274155, 0.0945361778140068, 0.09115487337112427, 0.08992595225572586, 0.09055445343255997, 0.09298353642225266, 0.09331689774990082, 0.09057529270648956, 0.09207461774349213, 0.09124993532896042];[-2.1246562004089355, -2.119249105453491, -2.11844539642334, -2.135974884033203, -2.1353070735931396, -2.1203954219818115, -2.1082582473754883, -2.1055474281311035, -2.1438653469085693, -2.1294543743133545, -2.149953603744507, -2.126692295074463, -2.1181323528289795, -2.1296956539154053, -2.1208651065826416, -2.1273834705352783, -2.110534429550171, -2.111550807952881, -2.1370432376861572, -2.111938953399658, -2.1352946758270264, -2.119267463684082, -2.132005214691162, -2.113260269165039, -2.11435866355896, -2.120502471923828, -2.130561351776123, -2.1208720207214355, -2.1104958057403564, -2.1246135234832764, -2.115964651107788];[0.02254597470164299, 0.019447680562734604, 0.02558828517794609, 0.020340554416179657, 0.027124371379613876, 0.027422843500971794, 0.01870664954185486, 0.023042427375912666, 0.022786982357501984, 0.02750343084335327, 0.024750985205173492, 0.019332915544509888, 0.01833723671734333, 0.02182852476835251, 0.025054417550563812, 0.019089141860604286, 0.02264437824487686, 0.024511409923434258, 0.02325272560119629, 0.020546458661556244, 0.023967117071151733, 0.020160268992185593, 0.024116553366184235, 0.02216487005352974, 0.02512301877140999, 0.02136775106191635, 0.021099600940942764, 0.022106977179646492, 0.027878593653440475, 0.024779371917247772];2287.642214536667
2050;[1.6118731498718262, 1.6104017496109009, 1.6140435934066772, 1.6120539903640747, 1.6154588460922241, 1.613466501235962, 1.6103601455688477, 1.6115554571151733, 1.6171966791152954, 1.6162235736846924, 1.620482087135315, 1.6176918745040894, 1.614366888999939, 1.6163334846496582, 1.6191002130508423, 1.6169229745864868, 1.614227533340454, 1.6160030364990234, 1.6166294813156128, 1.611464262008667, 1.6173850297927856, 1.6178293228149414, 1.617752194404602, 1.613910436630249, 1.6173057556152344, 1.6165517568588257, 1.6192172765731812, 1.6177701950073242, 1.6159491539001465, 1.6202499866485596, 1.6194580793380737];[0.19280458986759186, 0.19471633434295654, 0.19344773888587952, 0.19610179960727692, 0.19651399552822113, 0.19401375949382782, 0.19382809102535248, 0.1935465931892395, 0.19686327874660492, 0.19617222249507904, 0.1983674019575119, 0.19767695665359497, 0.1947597861289978, 0.19790388643741608, 0.1954706758260727, 0.19767728447914124, 0.19604483246803284, 0.19452735781669617, 0.19885101914405823, 0.19578859210014343, 0.1984858214855194, 0.19607727229595184, 0.1976044774055481, 0.1971520334482193, 0.1955934762954712, 0.19589905440807343, 0.19814278185367584, 0.19824810326099396, 0.19645896553993225, 0.19693122804164886, 0.19659379124641418];[-4.279323101043701, -4.267847537994385, -4.271599292755127, -4.31033182144165, -4.318485260009766, -4.286161422729492, -4.273802757263184, -4.2855939865112305, -4.320987224578857, -4.318421840667725, -4.326012134552002, -4.302710056304932, -4.304192543029785, -4.318669319152832, -4.287398338317871, -4.332331657409668, -4.292757034301758, -4.305241107940674, -4.347906112670898, -4.321048736572266, -4.334332466125488, -4.3204216957092285, -4.320651054382324, -4.3230156898498535, -4.321922302246094, -4.33530855178833, -4.348037242889404, -4.322329044342041, -4.31946325302124, -4.345844268798828, -4.323671340942383];[0.02254597470164299, 0.019667496904730797, 0.02190791256725788, 0.022418463602662086, 0.027100007981061935, 0.032816797494888306, 0.0232575461268425, 0.022778768092393875, 0.024117454886436462, 0.025272171944379807, 0.019648877903819084, 0.02200406789779663, 0.02937832474708557, 0.020860526710748672, 0.022855380550026894, 0.0208296999335289, 0.023430760949850082, 0.022240644320845604, 0.023974310606718063, 0.020604673773050308, 0.02470560185611248, 0.021816208958625793, 0.02441149763762951, 0.019314926117658615, 0.028565382584929466, 0.03202302008867264, 0.022932253777980804, 0.019744202494621277, 0.03052649274468422, 0.02183358371257782];2217.4361939430237
2100;[1.1651062965393066, 1.1640844345092773, 1.1694285869598389, 1.1659209728240967, 1.1654326915740967, 1.165385365486145, 1.1657932996749878, 1.1657253503799438, 1.170622706413269, 1.1717231273651123, 1.1675962209701538, 1.163638949394226, 1.1739345788955688, 1.1713885068893433, 1.1659362316131592, 1.1700074672698975, 1.1712313890457153, 1.1746975183486938, 1.174741268157959, 1.1696583032608032, 1.1734700202941895, 1.1703633069992065, 1.1670715808868408, 1.1692378520965576, 1.169198989868164, 1.1739481687545776, 1.1756172180175781, 1.1723768711090088, 1.1713019609451294, 1.1863887310028076, 1.1790202856063843];[0.09392423182725906, 0.09379737824201584, 0.09508445113897324, 0.09285730868577957, 0.0924442932009697, 0.09200083464384079, 0.091791532933712, 0.09419635683298111, 0.09396311640739441, 0.09601491689682007, 0.09546323865652084, 0.09060221910476685, 0.096153624355793, 0.09534627199172974, 0.09381182491779327, 0.095379538834095, 0.09813901782035828, 0.09581475704908371, 0.0953870564699173, 0.0950491800904274, 0.09889926016330719, 0.09547752887010574, 0.09492135792970657, 0.09332145750522614, 0.09467741847038269, 0.09516751021146774, 0.09561480581760406, 0.09401021152734756, 0.09755204617977142, 0.10291098058223724, 0.09803099185228348];[-2.148033380508423, -2.1416027545928955, -2.140892267227173, -2.1365530490875244, -2.132427453994751, -2.1249942779541016, -2.126488447189331, -2.139289140701294, -2.136115312576294, -2.1548988819122314, -2.143249273300171, -2.1264185905456543, -2.15264630317688, -2.141052722930908, -2.142498254776001, -2.142202377319336, -2.1713356971740723, -2.161438226699829, -2.1497952938079834, -2.1406967639923096, -2.175851821899414, -2.145745277404785, -2.149595260620117, -2.1337077617645264, -2.14892578125, -2.1368088722229004, -2.1380765438079834, -2.1394400596618652, -2.154956340789795, -2.190985918045044, -2.163470506668091];[0.025241047143936157, 0.02335233986377716, 0.020811717957258224, 0.022284487262368202, 0.029845161363482475, 0.021196750923991203, 0.02607656829059124, 0.018811199814081192, 0.0217738077044487, 0.02234596572816372, 0.02030353434383869, 0.025791747495532036, 0.022349298000335693, 0.02636747807264328, 0.02594679594039917, 0.018047161400318146, 0.01963389851152897, 0.01999734528362751, 0.022348176687955856, 0.02872190624475479, 0.03804571181535721, 0.022287966683506966, 0.026289304718375206, 0.024577924981713295, 0.02780958078801632, 0.028538450598716736, 0.023250240832567215, 0.024934928864240646, 0.02541142702102661, 0.023516934365034103];2227.2978870868683
2100;[1.6160051822662354, 1.6144875288009644, 1.6191364526748657, 1.6165711879730225, 1.6157459020614624, 1.614795207977295, 1.6152994632720947, 1.6146587133407593, 1.6189590692520142, 1.6207205057144165, 1.6150529384613037, 1.6127657890319824, 1.6227155923843384, 1.6202346086502075, 1.615132451057434, 1.6173075437545776, 1.6197352409362793, 1.621987223625183, 1.6209619045257568, 1.6167126893997192, 1.6203274726867676, 1.618644118309021, 1.615427017211914, 1.615808367729187, 1.6181468963623047, 1.6200387477874756, 1.6213887929916382, 1.6186174154281616, 1.617843747138977, 1.6304832696914673, 1.6220914125442505];[0.19611789286136627, 0.1955859661102295, 0.19593960046768188, 0.194782093167305, 0.19435355067253113, 0.19376863539218903, 0.19330240786075592, 0.19545124471187592, 0.1944752037525177, 0.19593575596809387, 0.19576022028923035, 0.19272755086421967, 0.19627532362937927, 0.1960437297821045, 0.19541221857070923, 0.1951669454574585, 0.19856074452400208, 0.19587016105651855, 0.1941199004650116, 0.19517511129379272, 0.19762727618217468, 0.1958531141281128, 0.19552700221538544, 0.19323983788490295, 0.195530965924263, 0.1942158043384552, 0.19411267340183258, 0.19351989030838013, 0.19714230298995972, 0.19892935454845428, 0.19490031898021698];[-4.32134485244751, -4.306620121002197, -4.291767597198486, -4.289368629455566, -4.276308536529541, -4.2638773918151855, -4.2685933113098145, -4.290158748626709, -4.277149677276611, -4.309688568115234, -4.292415142059326, -4.275264739990234, -4.296836853027344, -4.2783637046813965, -4.301319599151611, -4.281864643096924, -4.332776069641113, -4.295767307281494, -4.277744293212891, -4.267402648925781, -4.32655143737793, -4.289487361907959, -4.300458908081055, -4.264137268066406, -4.309019565582275, -4.250217914581299, -4.246417045593262, -4.262564182281494, -4.298206329345703, -4.3031840324401855, -4.261234760284424];[0.025241047143936157, 0.02307773381471634, 0.024788619950413704, 0.018364297226071358, 0.020371273159980774, 0.022922903299331665, 0.029630078002810478, 0.021517068147659302, 0.027172038331627846, 0.024833964183926582, 0.03255857527256012, 0.020594235509634018, 0.022669635713100433, 0.025655873119831085, 0.02711280807852745, 0.02055034413933754, 0.027502914890646935, 0.023079952225089073, 0.0336744524538517, 0.02861778624355793, 0.020247669890522957, 0.021091941744089127, 0.021812912076711655, 0.027992624789476395, 0.026463594287633896, 0.024005884304642677, 0.02054997906088829, 0.02507571130990982, 0.025792723521590233, 0.02732357382774353];2207.056140422821
2150;[1.1716128587722778, 1.1680309772491455, 1.1637859344482422, 1.165145754814148, 1.1589590311050415, 1.160520076751709, 1.1566070318222046, 1.1577805280685425, 1.1643486022949219, 1.158895492553711, 1.1613222360610962, 1.1615651845932007, 1.1590092182159424, 1.1620148420333862, 1.1667267084121704, 1.1595079898834229, 1.156120777130127, 1.1583608388900757, 1.1712669134140015, 1.1629741191864014, 1.1674625873565674, 1.1627898216247559, 1.1724765300750732, 1.1641124486923218, 1.1656073331832886, 1.160443902015686, 1.1646353006362915, 1.1647921800613403, 1.1649014949798584, 1.1705392599105835, 1.1648284196853638];[0.09708990156650543, 0.09390446543693542, 0.09321511536836624, 0.09194697439670563, 0.08947733044624329, 0.08958685398101807, 0.09005726128816605, 0.08943011611700058, 0.09395891427993774, 0.09075828641653061, 0.09208990633487701, 0.09147361665964127, 0.08919006586074829, 0.08866923302412033, 0.09246710687875748, 0.0884428471326828, 0.0871114507317543, 0.08990619331598282, 0.09438128024339676, 0.0899280533194542, 0.09226298332214355, 0.08908221125602722, 0.09266214072704315, 0.09020455926656723, 0.0910603478550911, 0.0902198851108551, 0.0898294523358345, 0.08995096385478973, 0.09029469639062881, 0.09095010161399841, 0.0887896865606308];[-2.159209966659546, -2.1368536949157715, -2.137014865875244, -2.1212196350097656, -2.1122803688049316, -2.1068263053894043, -2.1161656379699707, -2.1088201999664307, -2.1280131340026855, -2.1249358654022217, -2.1320650577545166, -2.126310348510742, -2.108267307281494, -2.0974318981170654, -2.113389253616333, -2.1010050773620605, -2.0867738723754883, -2.1043405532836914, -2.121969699859619, -2.107020854949951, -2.113201379776001, -2.096651792526245, -2.112922191619873, -2.0956149101257324, -2.100931406021118, -2.099226951599121, -2.0940799713134766, -2.098025321960449, -2.1098380088806152, -2.0983006954193115, -2.084200143814087];[0.021524863317608833, 0.023272057995200157, 0.028923582285642624, 0.02330986224114895, 0.02554190903902054, 0.021441897377371788, 0.025561045855283737, 0.01841730996966362, 0.02064807340502739, 0.021238498389720917, 0.03218415752053261, 0.023602869361639023, 0.021920472383499146, 0.023102352395653725, 0.024091776460409164, 0.024970874190330505, 0.025117026641964912, 0.028553742915391922, 0.019950898364186287, 0.02600482478737831, 0.0226544551551342, 0.02505182847380638, 0.020803116261959076, 0.025842633098363876, 0.020016159862279892, 0.023089077323675156, 0.03151743486523628, 0.01910402998328209, 0.023093899711966515, 0.023228174075484276];2199.7568345069885
2150;[1.6206806898117065, 1.6175616979599, 1.614408016204834, 1.6154723167419434, 1.6101415157318115, 1.610472321510315, 1.6087242364883423, 1.6106730699539185, 1.614937663078308, 1.6109768152236938, 1.6122338771820068, 1.613702416419983, 1.6103514432907104, 1.6133074760437012, 1.6161143779754639, 1.6120551824569702, 1.60777747631073, 1.6104298830032349, 1.6212656497955322, 1.614551305770874, 1.6165437698364258, 1.6134222745895386, 1.6222211122512817, 1.6156258583068848, 1.6165401935577393, 1.6104466915130615, 1.6156097650527954, 1.615356683731079, 1.6161963939666748, 1.6208083629608154, 1.6149040460586548];[0.19710811972618103, 0.19507214426994324, 0.19555345177650452, 0.19381433725357056, 0.19289837777614594, 0.19241268932819366, 0.19445589184761047, 0.19424861669540405, 0.1962527483701706, 0.19496816396713257, 0.1953783929347992, 0.19552063941955566, 0.193450465798378, 0.19233910739421844, 0.19463828206062317, 0.19344964623451233, 0.192488431930542, 0.1953192800283432, 0.196318119764328, 0.19379357993602753, 0.19462457299232483, 0.1931667923927307, 0.19485315680503845, 0.1945195347070694, 0.19466619193553925, 0.1946035623550415, 0.19366693496704102, 0.19385938346385956, 0.19446776807308197, 0.19366952776908875, 0.19292257726192474];[-4.311519145965576, -4.289358139038086, -4.299872875213623, -4.262079238891602, -4.264080047607422, -4.249994277954102, -4.295666217803955, -4.277320384979248, -4.286149978637695, -4.307267665863037, -4.306152820587158, -4.310967922210693, -4.2636823654174805, -4.2389912605285645, -4.258998870849609, -4.265219688415527, -4.239754676818848, -4.268259048461914, -4.269768238067627, -4.2699995040893555, -4.252649307250977, -4.242731094360352, -4.253499984741211, -4.250336170196533, -4.253109455108643, -4.266811847686768, -4.238217353820801, -4.24755334854126, -4.282294750213623, -4.236874103546143, -4.21794319152832];[0.021524863317608833, 0.023219851776957512, 0.023887448012828827, 0.023260220885276794, 0.017471760511398315, 0.03291495144367218, 0.0200270414352417, 0.02218308113515377, 0.02101721428334713, 0.03220747411251068, 0.03389721363782883, 0.023190194740891457, 0.022470781579613686, 0.022698717191815376, 0.022830815985798836, 0.022223254665732384, 0.02079220861196518, 0.029894458130002022, 0.019769009202718735, 0.03148060664534569, 0.02306658774614334, 0.01942596212029457, 0.026723641902208328, 0.025085657835006714, 0.021486753597855568, 0.023319365456700325, 0.02487223967909813, 0.02555834874510765, 0.02187308296561241, 0.02092866227030754];2191.3203814029694
2200;[1.1596378087997437, 1.1588420867919922, 1.1692124605178833, 1.1587759256362915, 1.163759469985962, 1.1617753505706787, 1.1610095500946045, 1.159961223602295, 1.1617683172225952, 1.1609091758728027, 1.1692874431610107, 1.157470464706421, 1.160058856010437, 1.1631351709365845, 1.165885329246521, 1.1624476909637451, 1.1634272336959839, 1.15547513961792, 1.1688350439071655, 1.1577939987182617, 1.1570327281951904, 1.1600522994995117, 1.1615272760391235, 1.1586307287216187, 1.1603477001190186, 1.1644788980484009, 1.1630812883377075, 1.160459041595459, 1.1681954860687256, 1.155327320098877, 1.1593468189239502];[0.09183342009782791, 0.09172789007425308, 0.09575562924146652, 0.09079492092132568, 0.09318642318248749, 0.08974293619394302, 0.09187448769807816, 0.09161760658025742, 0.09310059994459152, 0.09093256294727325, 0.09597485512495041, 0.0896482765674591, 0.09279533475637436, 0.09242146462202072, 0.09278887510299683, 0.09108083695173264, 0.09249068051576614, 0.09119771420955658, 0.09322316944599152, 0.09238263219594955, 0.09286271035671234, 0.09078271687030792, 0.09081366658210754, 0.0905195027589798, 0.09341416507959366, 0.09705192595720291, 0.09206248819828033, 0.09198186546564102, 0.09662806987762451, 0.09135735780000687, 0.09413038194179535];[-2.1269755363464355, -2.127732753753662, -2.142430305480957, -2.1237151622772217, -2.134284734725952, -2.11670184135437, -2.1259119510650635, -2.12699031829834, -2.1360909938812256, -2.120920181274414, -2.146199941635132, -2.115323305130005, -2.126673698425293, -2.1319382190704346, -2.142367362976074, -2.128387451171875, -2.1265008449554443, -2.129897117614746, -2.128972053527832, -2.1315758228302, -2.132387638092041, -2.125221014022827, -2.1285321712493896, -2.124478816986084, -2.151277542114258, -2.1634182929992676, -2.133101463317871, -2.137521266937256, -2.168998956680298, -2.1364753246307373, -2.156013250350952];[0.022996066138148308, 0.024392519146203995, 0.027177590876817703, 0.029136458411812782, 0.029246976599097252, 0.021550556644797325, 0.019452784210443497, 0.020611820742487907, 0.017817087471485138, 0.018300620838999748, 0.022910794243216515, 0.02012021653354168, 0.019167443737387657, 0.021748214960098267, 0.01956489309668541, 0.02322019450366497, 0.024945484474301338, 0.024313367903232574, 0.025887558236718178, 0.020474640652537346, 0.02369341067969799, 0.021994125097990036, 0.05475849285721779, 0.022627174854278564, 0.022365078330039978, 0.02491155080497265, 0.020427964627742767, 0.02423197031021118, 0.019680365920066833, 0.02378033474087715];2231.7122931480408
2200;[1.6102783679962158, 1.6092795133590698, 1.6180962324142456, 1.6108838319778442, 1.6135965585708618, 1.6131205558776855, 1.6119234561920166, 1.6105015277862549, 1.6120641231536865, 1.6107866764068604, 1.617135763168335, 1.608577847480774, 1.61017644405365, 1.6152914762496948, 1.6158760786056519, 1.613718032836914, 1.6136200428009033, 1.6079449653625488, 1.6187373399734497, 1.610042929649353, 1.6082683801651, 1.6115766763687134, 1.6125212907791138, 1.610525369644165, 1.6120132207870483, 1.6149530410766602, 1.6134852170944214, 1.6119396686553955, 1.6184509992599487, 1.608109712600708, 1.61179518699646];[0.19495739042758942, 0.19484134018421173, 0.19587673246860504, 0.1944817751646042, 0.19486510753631592, 0.19293318688869476, 0.1945754736661911, 0.19425854086875916, 0.19499404728412628, 0.19324566423892975, 0.19588983058929443, 0.19300039112567902, 0.19486112892627716, 0.19533395767211914, 0.1941288858652115, 0.19346266984939575, 0.19395673274993896, 0.19490741193294525, 0.19361989200115204, 0.1959063708782196, 0.19627737998962402, 0.1934533566236496, 0.19318439066410065, 0.19358614087104797, 0.1959223598241806, 0.19854038953781128, 0.19394664466381073, 0.1945609301328659, 0.19741550087928772, 0.19557911157608032, 0.1967294067144394];[-4.286954879760742, -4.287174224853516, -4.280063152313232, -4.289702892303467, -4.291848659515381, -4.267614841461182, -4.277227401733398, -4.28241491317749, -4.2940497398376465, -4.26497745513916, -4.276534080505371, -4.269070625305176, -4.268658638000488, -4.290925025939941, -4.287975788116455, -4.280148983001709, -4.266043663024902, -4.301082611083984, -4.26188325881958, -4.304932594299316, -4.29976224899292, -4.281480312347412, -4.279767990112305, -4.280455112457275, -4.334990978240967, -4.340556621551514, -4.285916328430176, -4.308587551116943, -4.333646774291992, -4.32520866394043, -4.3583245277404785];[0.022996066138148308, 0.021733248606324196, 0.01941540092229843, 0.029204199090600014, 0.02089185081422329, 0.01902758702635765, 0.02158460021018982, 0.02101253531873226, 0.027146199718117714, 0.021232660859823227, 0.02574959211051464, 0.018720047548413277, 0.025461679324507713, 0.03928225859999657, 0.020519984886050224, 0.027643529698252678, 0.022678010165691376, 0.022543299943208694, 0.021320583298802376, 0.020119599997997284, 0.02382604219019413, 0.030002525076270103, 0.053901173174381256, 0.02445775456726551, 0.020527910441160202, 0.02477806806564331, 0.02026613987982273, 0.021428130567073822, 0.024331316351890564, 0.022643886506557465];2196.6329066753387
2250;[1.1652204990386963, 1.162221908569336, 1.1585687398910522, 1.1700893640518188, 1.1599785089492798, 1.1633491516113281, 1.1629841327667236, 1.1707007884979248, 1.1651105880737305, 1.1617621183395386, 1.161719560623169, 1.1631413698196411, 1.165973424911499, 1.1676521301269531, 1.1604338884353638, 1.1629618406295776, 1.1619902849197388, 1.1691256761550903, 1.1647427082061768, 1.164363980293274, 1.1692469120025635, 1.1685925722122192, 1.1671955585479736, 1.1632946729660034, 1.1635217666625977, 1.157850980758667, 1.1595642566680908, 1.1624515056610107, 1.1628775596618652, 1.162003517150879, 1.1683323383331299];[0.09662307798862457, 0.09485235065221786, 0.09090778976678848, 0.09433245658874512, 0.0904940590262413, 0.09036034345626831, 0.09038163721561432, 0.09529412537813187, 0.09340087324380875, 0.09144327789545059, 0.09119287133216858, 0.09257365018129349, 0.0937405675649643, 0.0942797064781189, 0.09086867421865463, 0.09169729053974152, 0.09125130623579025, 0.09500986337661743, 0.0918717160820961, 0.0928342342376709, 0.09194464981555939, 0.09192235767841339, 0.09353423863649368, 0.0896940678358078, 0.08933562785387039, 0.08841164410114288, 0.0886973962187767, 0.09108918905258179, 0.09087595343589783, 0.09063013643026352, 0.09222865104675293];[-2.160407304763794, -2.1514391899108887, -2.120225191116333, -2.1329596042633057, -2.1212210655212402, -2.114973545074463, -2.1205759048461914, -2.146638870239258, -2.1321182250976562, -2.115854501724243, -2.1281354427337646, -2.1170477867126465, -2.124145269393921, -2.1316728591918945, -2.113955020904541, -2.1222939491271973, -2.115403413772583, -2.1442713737487793, -2.111987829208374, -2.134199380874634, -2.1164286136627197, -2.1163716316223145, -2.123276948928833, -2.111112356185913, -2.0955426692962646, -2.0917680263519287, -2.0993382930755615, -2.111215353012085, -2.1010708808898926, -2.106285810470581, -2.118041515350342];[0.023347487673163414, 0.0252474844455719, 0.022960875183343887, 0.024830475449562073, 0.027362989261746407, 0.02171090617775917, 0.025254864245653152, 0.02377026155591011, 0.020219091325998306, 0.040798868983983994, 0.02423754334449768, 0.026245061308145523, 0.02119896374642849, 0.02434491738677025, 0.022938016802072525, 0.019700556993484497, 0.020909205079078674, 0.02670818567276001, 0.03115004114806652, 0.030149664729833603, 0.023667752742767334, 0.021631969138979912, 0.03927716985344887, 0.025382738560438156, 0.01906629279255867, 0.023109976202249527, 0.020261596888303757, 0.03315919265151024, 0.025743376463651657, 0.02383599802851677];2236.7587349414825
2250;[1.6151421070098877, 1.6129086017608643, 1.609365463256836, 1.619157075881958, 1.61067795753479, 1.6126646995544434, 1.6142983436584473, 1.6201140880584717, 1.6149247884750366, 1.612685203552246, 1.6125534772872925, 1.6138951778411865, 1.6160755157470703, 1.6172351837158203, 1.6110886335372925, 1.615293025970459, 1.6125763654708862, 1.6181079149246216, 1.6140276193618774, 1.6157331466674805, 1.618036150932312, 1.6175010204315186, 1.6170765161514282, 1.613481879234314, 1.6144635677337646, 1.6087307929992676, 1.6109262704849243, 1.613966464996338, 1.6131662130355835, 1.6126081943511963, 1.619323968887329];[0.19821478426456451, 0.19732844829559326, 0.19392594695091248, 0.1952734887599945, 0.1936706155538559, 0.19256819784641266, 0.1935778260231018, 0.19592812657356262, 0.19582735002040863, 0.19468329846858978, 0.19438067078590393, 0.19581292569637299, 0.19615648686885834, 0.19629305601119995, 0.19435745477676392, 0.1957775056362152, 0.1941920518875122, 0.19654446840286255, 0.19396430253982544, 0.19594372808933258, 0.1933496743440628, 0.19393423199653625, 0.19594870507717133, 0.19288629293441772, 0.19301918148994446, 0.19284546375274658, 0.19315287470817566, 0.19520901143550873, 0.1945003867149353, 0.19430804252624512, 0.19521267712116241];[-4.330251693725586, -4.323523044586182, -4.274841785430908, -4.254220008850098, -4.281066417694092, -4.257196426391602, -4.284229755401611, -4.3022685050964355, -4.293269634246826, -4.269535064697266, -4.303713798522949, -4.274359226226807, -4.267565727233887, -4.2925262451171875, -4.272741317749023, -4.289649486541748, -4.269891738891602, -4.300880432128906, -4.257579803466797, -4.321166038513184, -4.256907939910889, -4.258022308349609, -4.27115535736084, -4.270284175872803, -4.242149353027344, -4.243096351623535, -4.25504732131958, -4.274755954742432, -4.252812385559082, -4.27166748046875, -4.269693374633789];[0.023347487673163414, 0.025233741849660873, 0.022205786779522896, 0.02197837643325329, 0.018886104226112366, 0.019737673923373222, 0.025393886491656303, 0.023527484387159348, 0.019181642681360245, 0.030734596773982048, 0.02482467330992222, 0.024789748713374138, 0.02077656239271164, 0.02174551971256733, 0.025630449876189232, 0.020215870812535286, 0.023388884961605072, 0.022257745265960693, 0.024422701448202133, 0.020467516034841537, 0.025223854929208755, 0.022168690338730812, 0.03887578472495079, 0.0284553375095129, 0.022023815661668777, 0.018347833305597305, 0.022208260372281075, 0.033581577241420746, 0.02388021908700466, 0.020190734416246414];2518.5378777980804
2300;[1.1568489074707031, 1.157226800918579, 1.1616644859313965, 1.1681722402572632, 1.1671161651611328, 1.1664332151412964, 1.1630765199661255, 1.1632204055786133, 1.167917251586914, 1.1630644798278809, 1.1663376092910767, 1.166274905204773, 1.167253851890564, 1.1672204732894897, 1.1657096147537231, 1.166344404220581, 1.17030930519104, 1.1663014888763428, 1.1738697290420532, 1.1648694276809692, 1.1619340181350708, 1.164825677871704, 1.1692856550216675, 1.170188307762146, 1.167356252670288, 1.1650986671447754, 1.164008378982544, 1.1598572731018066, 1.1659232378005981, 1.1665915250778198, 1.1636207103729248];[0.09082446992397308, 0.08857793360948563, 0.09423311054706573, 0.09417056292295456, 0.09620273113250732, 0.09428589046001434, 0.09224531054496765, 0.09254153072834015, 0.09611190855503082, 0.0926271378993988, 0.09366592764854431, 0.09377152472734451, 0.09081213921308517, 0.09524530917406082, 0.09250165522098541, 0.09086176007986069, 0.09126883000135422, 0.0916784256696701, 0.09348072111606598, 0.09015624970197678, 0.09090721607208252, 0.09301402419805527, 0.09572828561067581, 0.09384683519601822, 0.0951961800456047, 0.08966026455163956, 0.09187930077314377, 0.08946781605482101, 0.0921730175614357, 0.09307707101106644, 0.09198524057865143];[-2.1375463008880615, -2.1038804054260254, -2.138972759246826, -2.1446354389190674, -2.1517858505249023, -2.142835855484009, -2.1280429363250732, -2.1278486251831055, -2.155430555343628, -2.124863386154175, -2.1343891620635986, -2.1367931365966797, -2.1099061965942383, -2.1351072788238525, -2.124100923538208, -2.1284737586975098, -2.126178503036499, -2.1209216117858887, -2.125190496444702, -2.115412712097168, -2.112483501434326, -2.134082317352295, -2.145521879196167, -2.1278603076934814, -2.137183904647827, -2.110703706741333, -2.120842218399048, -2.1044013500213623, -2.1144566535949707, -2.1198625564575195, -2.12664532661438];[0.022685833275318146, 0.019607646390795708, 0.022502096369862556, 0.018613139167428017, 0.019378740340471268, 0.02240072935819626, 0.02015625685453415, 0.018778927624225616, 0.022654294967651367, 0.022938216105103493, 0.023741407319903374, 0.02098146267235279, 0.023798838257789612, 0.03147661313414574, 0.019876593723893166, 0.02358216419816017, 0.023503806442022324, 0.022657612338662148, 0.03343309462070465, 0.0227225199341774, 0.01907292753458023, 0.025045806542038918, 0.023452335968613625, 0.02568255364894867, 0.027079032734036446, 0.023896241560578346, 0.02671464905142784, 0.02050972729921341, 0.02641369216144085, 0.02404262311756611];2248.3009672164917
2300;[1.6093753576278687, 1.6077487468719482, 1.6121375560760498, 1.6176960468292236, 1.6165859699249268, 1.6168879270553589, 1.6138664484024048, 1.613523006439209, 1.6179505586624146, 1.6134084463119507, 1.6159206628799438, 1.6165999174118042, 1.6167858839035034, 1.6157876253128052, 1.614835500717163, 1.6168667078018188, 1.620054841041565, 1.6157306432724, 1.621903419494629, 1.6153100728988647, 1.6123883724212646, 1.6147191524505615, 1.6196478605270386, 1.6205133199691772, 1.616835355758667, 1.6148595809936523, 1.6138843297958374, 1.6104305982589722, 1.614424228668213, 1.6158169507980347, 1.6132906675338745];[0.1946004182100296, 0.1921907365322113, 0.19688370823860168, 0.19500359892845154, 0.19689297676086426, 0.19584991037845612, 0.19481192529201508, 0.19467000663280487, 0.19720759987831116, 0.19498634338378906, 0.1949501633644104, 0.19552458822727203, 0.19239217042922974, 0.19518442451953888, 0.1938437819480896, 0.19240088760852814, 0.1928047239780426, 0.19302959740161896, 0.19352978467941284, 0.19242225587368011, 0.1932995617389679, 0.1946863830089569, 0.19684697687625885, 0.19475537538528442, 0.19591940939426422, 0.19114916026592255, 0.1936223804950714, 0.19227883219718933, 0.19319789111614227, 0.1937110871076584, 0.19350869953632355];[-4.335846424102783, -4.245126247406006, -4.305383205413818, -4.295565128326416, -4.313709259033203, -4.302088737487793, -4.282536029815674, -4.274185657501221, -4.318550109863281, -4.269699573516846, -4.2736430168151855, -4.287998676300049, -4.219180107116699, -4.261736869812012, -4.2532453536987305, -4.264347553253174, -4.2528533935546875, -4.250703811645508, -4.226431369781494, -4.245530128479004, -4.239744186401367, -4.278668403625488, -4.284463405609131, -4.243169784545898, -4.261116981506348, -4.230686187744141, -4.247902870178223, -4.23396635055542, -4.218823432922363, -4.233098030090332, -4.256782054901123];[0.022685833275318146, 0.02382056973874569, 0.02364007942378521, 0.025057075545191765, 0.023034345358610153, 0.024656716734170914, 0.01907188817858696, 0.02335221879184246, 0.026580339297652245, 0.025312330573797226, 0.025044582784175873, 0.01941630430519581, 0.02853829599916935, 0.033400267362594604, 0.02137739397585392, 0.02326248772442341, 0.02439923584461212, 0.02292764186859131, 0.023356297984719276, 0.022915616631507874, 0.021888721734285355, 0.022609148174524307, 0.020114615559577942, 0.028013603761792183, 0.043115828186273575, 0.020289691165089607, 0.03874016925692558, 0.02251223661005497, 0.023529810830950737, 0.019055815413594246];2348.9615280628204
2350;[1.1666685342788696, 1.1676058769226074, 1.1594969034194946, 1.1694483757019043, 1.1671618223190308, 1.1659845113754272, 1.1633328199386597, 1.1638606786727905, 1.1627697944641113, 1.1700003147125244, 1.1615732908248901, 1.1596243381500244, 1.160301685333252, 1.1660405397415161, 1.1564289331436157, 1.1656023263931274, 1.1660144329071045, 1.160851001739502, 1.1663403511047363, 1.1700010299682617, 1.1656116247177124, 1.1654462814331055, 1.1677488088607788, 1.1804786920547485, 1.1766737699508667, 1.1655203104019165, 1.1676032543182373, 1.1683979034423828, 1.1683319807052612, 1.173201084136963, 1.1713037490844727];[0.09524848312139511, 0.09606894850730896, 0.09366881102323532, 0.09583185613155365, 0.09502246230840683, 0.09406119585037231, 0.09337139129638672, 0.09413229674100876, 0.09495733678340912, 0.0946212112903595, 0.09057527780532837, 0.08972512930631638, 0.09130972623825073, 0.09232652187347412, 0.09008540213108063, 0.09094522893428802, 0.09087367355823517, 0.08885033428668976, 0.09491857141256332, 0.09486692398786545, 0.09253282845020294, 0.09216006100177765, 0.09350880980491638, 0.09882175922393799, 0.09788764268159866, 0.0919882133603096, 0.09422091394662857, 0.09181490540504456, 0.09399017691612244, 0.0961289331316948, 0.09403958171606064];[-2.151374578475952, -2.1634256839752197, -2.136150598526001, -2.147883892059326, -2.1553359031677246, -2.1513004302978516, -2.136183500289917, -2.14582896232605, -2.143211841583252, -2.1378300189971924, -2.112943410873413, -2.1180803775787354, -2.1290788650512695, -2.1258645057678223, -2.1068291664123535, -2.1168158054351807, -2.1127841472625732, -2.098498821258545, -2.127875328063965, -2.136779308319092, -2.1251468658447266, -2.1222801208496094, -2.1324760913848877, -2.1470048427581787, -2.147841691970825, -2.113924980163574, -2.125964403152466, -2.113966941833496, -2.126852035522461, -2.1506431102752686, -2.138430118560791];[0.039988160133361816, 0.020850492641329765, 0.02110334485769272, 0.02034112811088562, 0.027556641027331352, 0.033968400210142136, 0.023743249475955963, 0.027037575840950012, 0.02275354415178299, 0.02142534777522087, 0.022180935367941856, 0.020668622106313705, 0.02145403064787388, 0.031127775087952614, 0.02019607648253441, 0.02227751538157463, 0.0190853513777256, 0.02654971554875374, 0.03055638261139393, 0.020254774019122124, 0.021362382918596268, 0.029070228338241577, 0.02353859134018421, 0.022854110226035118, 0.02105226367712021, 0.024655889719724655, 0.02529890462756157, 0.04536430537700653, 0.01975497230887413, 0.035193994641304016];2324.1070489883423
2350;[1.6175931692123413, 1.6179826259613037, 1.6106131076812744, 1.6193910837173462, 1.61697518825531, 1.6171587705612183, 1.6132137775421143, 1.614399790763855, 1.6112909317016602, 1.619195818901062, 1.612417459487915, 1.611547827720642, 1.61228609085083, 1.6161853075027466, 1.6076706647872925, 1.6146665811538696, 1.6151037216186523, 1.6106789112091064, 1.615648627281189, 1.6183663606643677, 1.6149888038635254, 1.6154261827468872, 1.6170660257339478, 1.6273200511932373, 1.624002456665039, 1.6139988899230957, 1.616726279258728, 1.6164915561676025, 1.6162021160125732, 1.6219090223312378, 1.6190519332885742];[0.1965591013431549, 0.19762085378170013, 0.19702187180519104, 0.19675873219966888, 0.1965097188949585, 0.19589824974536896, 0.19512642920017242, 0.19630485773086548, 0.19616587460041046, 0.19481799006462097, 0.19368094205856323, 0.1932625025510788, 0.19457200169563293, 0.1938484162092209, 0.19447995722293854, 0.19228492677211761, 0.1924924999475479, 0.19234760105609894, 0.19622132182121277, 0.19494891166687012, 0.19445718824863434, 0.1943623125553131, 0.19504250586032867, 0.19703754782676697, 0.19671423733234406, 0.19329093396663666, 0.1958070695400238, 0.1927914023399353, 0.1945526897907257, 0.19657953083515167, 0.19489072263240814];[-4.320498466491699, -4.337903022766113, -4.309564113616943, -4.302094459533691, -4.321658611297607, -4.317780494689941, -4.295132637023926, -4.316273212432861, -4.296056747436523, -4.272494792938232, -4.25619649887085, -4.2837910652160645, -4.296791076660156, -4.265905380249023, -4.252028942108154, -4.250936031341553, -4.231788635253906, -4.227104663848877, -4.259838104248047, -4.269991874694824, -4.2630109786987305, -4.261695861816406, -4.27895450592041, -4.255194664001465, -4.273750305175781, -4.235270977020264, -4.265008926391602, -4.227701187133789, -4.259840488433838, -4.307449817657471, -4.25526762008667];[0.039988160133361816, 0.02295362763106823, 0.020065590739250183, 0.022157231345772743, 0.022286998108029366, 0.03136897459626198, 0.020235540345311165, 0.02003665268421173, 0.021974682807922363, 0.02622932195663452, 0.02038831077516079, 0.022076314315199852, 0.022416964173316956, 0.01965964399278164, 0.03158988431096077, 0.025971392169594765, 0.02280314452946186, 0.02160010114312172, 0.021263331174850464, 0.02013522759079933, 0.02079693041741848, 0.02223063074052334, 0.0196581669151783, 0.02244439721107483, 0.023542197421193123, 0.025051012635231018, 0.026295438408851624, 0.04356183856725693, 0.020977158099412918, 0.019654706120491028];2378.067131996155
2400;[1.1644259691238403, 1.1537874937057495, 1.157007098197937, 1.1629291772842407, 1.1623951196670532, 1.1623581647872925, 1.1635887622833252, 1.1549614667892456, 1.1617995500564575, 1.1600587368011475, 1.1594688892364502, 1.165602445602417, 1.1608041524887085, 1.1583731174468994, 1.1618139743804932, 1.158257246017456, 1.157973289489746, 1.1610848903656006, 1.1656105518341064, 1.1643110513687134, 1.1648035049438477, 1.1671364307403564, 1.161318302154541, 1.1647285223007202, 1.159308671951294, 1.158281683921814, 1.167067527770996, 1.157338261604309, 1.163855791091919, 1.1618759632110596, 1.1584358215332031];[0.09364286810159683, 0.09219943732023239, 0.0917351245880127, 0.09332186728715897, 0.09106103330850601, 0.09082433581352234, 0.09248897433280945, 0.09184738248586655, 0.09259805828332901, 0.09436849504709244, 0.0898587703704834, 0.09531276673078537, 0.09373518824577332, 0.09267158061265945, 0.09352216869592667, 0.09001096338033676, 0.09382282942533493, 0.09262081980705261, 0.09185377508401871, 0.09254208952188492, 0.0949910432100296, 0.0922381654381752, 0.09108510613441467, 0.09224638342857361, 0.09045784175395966, 0.09287368506193161, 0.095866858959198, 0.09108755737543106, 0.0926971510052681, 0.09311337023973465, 0.09091433137655258];[-2.158336639404297, -2.140042543411255, -2.1248388290405273, -2.1343815326690674, -2.1270601749420166, -2.1233041286468506, -2.1364176273345947, -2.124389886856079, -2.1355526447296143, -2.1420302391052246, -2.119926929473877, -2.170555353164673, -2.137331247329712, -2.139295816421509, -2.1365911960601807, -2.124478816986084, -2.1450839042663574, -2.137526035308838, -2.127169370651245, -2.1216092109680176, -2.1416916847229004, -2.1309220790863037, -2.120313882827759, -2.1327264308929443, -2.1104793548583984, -2.1324689388275146, -2.143934488296509, -2.1125454902648926, -2.129467487335205, -2.129464864730835, -2.1145503520965576];[0.03410791605710983, 0.02670341543853283, 0.023521317169070244, 0.022712787613272667, 0.02191491425037384, 0.023122483864426613, 0.02104886621236801, 0.02830759808421135, 0.02042071335017681, 0.020743921399116516, 0.019452229142189026, 0.028210336342453957, 0.027301674708724022, 0.020667806267738342, 0.025560099631547928, 0.024958543479442596, 0.02330261841416359, 0.024775344878435135, 0.034891799092292786, 0.028774939477443695, 0.02648562379181385, 0.026871327310800552, 0.034361351281404495, 0.021680377423763275, 0.02022157609462738, 0.028768068179488182, 0.0296569112688303, 0.029397232457995415, 0.02787899225950241, 0.024687740951776505];2299.6290986537933
2400;[1.6150466203689575, 1.6063618659973145, 1.6083630323410034, 1.613828420639038, 1.6130669116973877, 1.613551139831543, 1.613863468170166, 1.6065115928649902, 1.612156867980957, 1.6102458238601685, 1.6114479303359985, 1.617864727973938, 1.6109737157821655, 1.6099939346313477, 1.6131985187530518, 1.611627221107483, 1.6096360683441162, 1.613166093826294, 1.6156702041625977, 1.6140015125274658, 1.6152993440628052, 1.6182069778442383, 1.6125643253326416, 1.6158318519592285, 1.6092514991760254, 1.6101030111312866, 1.618288516998291, 1.6075234413146973, 1.615978479385376, 1.6132206916809082, 1.609484076499939];[0.19569550454616547, 0.1967681497335434, 0.19558307528495789, 0.19576440751552582, 0.19373655319213867, 0.19351354241371155, 0.19429562985897064, 0.1955500841140747, 0.19508101046085358, 0.1968482881784439, 0.19288209080696106, 0.1984202116727829, 0.1958024650812149, 0.1957968771457672, 0.19593049585819244, 0.1944156289100647, 0.1969645619392395, 0.19512082636356354, 0.19324876368045807, 0.19416281580924988, 0.19689440727233887, 0.19380177557468414, 0.19358034431934357, 0.19399692118167877, 0.1923942118883133, 0.19587436318397522, 0.19697707891464233, 0.19320087134838104, 0.1950605809688568, 0.19491836428642273, 0.19354033470153809];[-4.333802223205566, -4.34010648727417, -4.290311813354492, -4.303694725036621, -4.283797740936279, -4.274064064025879, -4.297676086425781, -4.2928972244262695, -4.300624847412109, -4.312579154968262, -4.276228904724121, -4.358626842498779, -4.302591800689697, -4.306106090545654, -4.30539083480835, -4.305859565734863, -4.327766418457031, -4.305118560791016, -4.259047031402588, -4.2538557052612305, -4.290910720825195, -4.27103328704834, -4.258339881896973, -4.283368110656738, -4.236410140991211, -4.291314601898193, -4.292943954467773, -4.2388386726379395, -4.279962062835693, -4.264801502227783, -4.2518415451049805];[0.03410791605710983, 0.02057947963476181, 0.020233646035194397, 0.024257488548755646, 0.02303534932434559, 0.02660316415131092, 0.02321518585085869, 0.023134645074605942, 0.02375233732163906, 0.021387912333011627, 0.02023567073047161, 0.023264024406671524, 0.019491424784064293, 0.034576527774333954, 0.023838898167014122, 0.025607604533433914, 0.029575392603874207, 0.024759259074926376, 0.027989130467176437, 0.024806054309010506, 0.022329768165946007, 0.021228741854429245, 0.026011554524302483, 0.028557762503623962, 0.020145490765571594, 0.02210337668657303, 0.024260755628347397, 0.025665439665317535, 0.022265197709202766, 0.03760742396116257];2269.872752904892
2450;[1.1571780443191528, 1.1609312295913696, 1.1597949266433716, 1.1548724174499512, 1.1657031774520874, 1.1582244634628296, 1.1619213819503784, 1.160658359527588, 1.1669853925704956, 1.1614388227462769, 1.1635816097259521, 1.164959192276001, 1.162538766860962, 1.1593401432037354, 1.1624937057495117, 1.1615307331085205, 1.163581132888794, 1.162323236465454, 1.1651653051376343, 1.1595399379730225, 1.1583845615386963, 1.158464789390564, 1.1591705083847046, 1.159511685371399, 1.1580963134765625, 1.1711745262145996, 1.1537598371505737, 1.1611260175704956, 1.1593964099884033, 1.1582250595092773, 1.1633566617965698];[0.09185286611318588, 0.09185261279344559, 0.0930255576968193, 0.09157803654670715, 0.09446901082992554, 0.09096493571996689, 0.0917668491601944, 0.09145661443471909, 0.09483341872692108, 0.08964432775974274, 0.09387722611427307, 0.09441793709993362, 0.09141042828559875, 0.0893578752875328, 0.09032933413982391, 0.09097271412611008, 0.08964978158473969, 0.09022540599107742, 0.09246700257062912, 0.0892757922410965, 0.08959286659955978, 0.08708306401968002, 0.09053333848714828, 0.08697857707738876, 0.08898155391216278, 0.09167295694351196, 0.08657186478376389, 0.08998569846153259, 0.08828724175691605, 0.08791252225637436, 0.08744342625141144];[-2.127209186553955, -2.131781816482544, -2.139922857284546, -2.1296167373657227, -2.1481685638427734, -2.126948595046997, -2.1290817260742188, -2.129281759262085, -2.1319878101348877, -2.100726842880249, -2.127305746078491, -2.136502504348755, -2.121398687362671, -2.11590313911438, -2.116732120513916, -2.119635820388794, -2.1026699542999268, -2.1167545318603516, -2.124716281890869, -2.0976202487945557, -2.10959529876709, -2.0794670581817627, -2.0984432697296143, -2.0888030529022217, -2.106138229370117, -2.099473237991333, -2.077761173248291, -2.0931529998779297, -2.0975944995880127, -2.0879883766174316, -2.0775837898254395];[0.021451029926538467, 0.022491034120321274, 0.021314922720193863, 0.017575301229953766, 0.03669317439198494, 0.019592417404055595, 0.02598118595778942, 0.02339143492281437, 0.025697404518723488, 0.02991747483611107, 0.0267733596265316, 0.028207045048475266, 0.02751804143190384, 0.021174337714910507, 0.026510702446103096, 0.02063092403113842, 0.021194640547037125, 0.0222227293998003, 0.020972099155187607, 0.028315145522356033, 0.023246515542268753, 0.02063063345849514, 0.026080600917339325, 0.026087108999490738, 0.03421277552843094, 0.023062679916620255, 0.03011133521795273, 0.02233046106994152, 0.025786198675632477, 0.024821478873491287];2345.377740383148
2450;[1.607771635055542, 1.6106702089309692, 1.6124656200408936, 1.6076382398605347, 1.6174993515014648, 1.6114304065704346, 1.6136527061462402, 1.6128993034362793, 1.6181459426879883, 1.6119318008422852, 1.6154192686080933, 1.6154794692993164, 1.6147621870040894, 1.6117632389068604, 1.6146271228790283, 1.6124978065490723, 1.6146678924560547, 1.613994836807251, 1.617584466934204, 1.6111702919006348, 1.6104912757873535, 1.6103181838989258, 1.6102286577224731, 1.612345814704895, 1.611315131187439, 1.6222916841506958, 1.605264663696289, 1.612109661102295, 1.6114774942398071, 1.6097644567489624, 1.6130074262619019];[0.1950467824935913, 0.19377993047237396, 0.19660906493663788, 0.1968289315700531, 0.1968136876821518, 0.19604744017124176, 0.1955636888742447, 0.19535616040229797, 0.1976507306098938, 0.1932498961687088, 0.1978074163198471, 0.19736243784427643, 0.1959078013896942, 0.19377893209457397, 0.1949758678674698, 0.195251926779747, 0.19316543638706207, 0.19432830810546875, 0.19682490825653076, 0.1938900500535965, 0.19461022317409515, 0.19271381199359894, 0.1957169473171234, 0.19239847362041473, 0.19481496512889862, 0.19480513036251068, 0.192717507481575, 0.19460918009281158, 0.19295060634613037, 0.1931617558002472, 0.1904553323984146];[-4.302424430847168, -4.298380374908447, -4.326055526733398, -4.327513217926025, -4.332253932952881, -4.323633193969727, -4.315976142883301, -4.321329593658447, -4.303476333618164, -4.2555952072143555, -4.311999320983887, -4.31862211227417, -4.307523727416992, -4.300117015838623, -4.2975053787231445, -4.294498443603516, -4.266709804534912, -4.3037567138671875, -4.315934658050537, -4.267207622528076, -4.305171489715576, -4.231845378875732, -4.262808322906494, -4.251258850097656, -4.303743362426758, -4.236380100250244, -4.237881183624268, -4.251675605773926, -4.272826194763184, -4.254518032073975, -4.216228485107422];[0.021451029926538467, 0.022385690361261368, 0.023879317566752434, 0.026095662266016006, 0.031854357570409775, 0.022751836106181145, 0.027169911190867424, 0.03987545520067215, 0.025224333629012108, 0.021599994972348213, 0.02513791434466839, 0.029665399342775345, 0.020927084609866142, 0.0242692269384861, 0.024397851899266243, 0.02897154912352562, 0.021605076268315315, 0.024301473051309586, 0.019657112658023834, 0.020390905439853668, 0.024965576827526093, 0.02842756174504757, 0.024264024570584297, 0.02582404389977455, 0.020483866333961487, 0.023150073364377022, 0.02178766205906868, 0.023611385375261307, 0.021292902529239655, 0.02630103938281536];2209.993979215622
2500;[1.167468786239624, 1.1676688194274902, 1.1604981422424316, 1.1660034656524658, 1.1624479293823242, 1.1568604707717896, 1.166332721710205, 1.1626718044281006, 1.1718904972076416, 1.1624886989593506, 1.160288691520691, 1.1619902849197388, 1.1626964807510376, 1.1652824878692627, 1.1632392406463623, 1.1593379974365234, 1.1708024740219116, 1.1659529209136963, 1.1660783290863037, 1.1645076274871826, 1.1656767129898071, 1.1638195514678955, 1.1628515720367432, 1.159879207611084, 1.1611689329147339, 1.1685985326766968, 1.1645927429199219, 1.1669518947601318, 1.1695688962936401, 1.1665091514587402, 1.169328212738037];[0.09592220187187195, 0.09575044363737106, 0.09077785909175873, 0.09146413207054138, 0.09267750382423401, 0.09040365368127823, 0.09182891994714737, 0.09026230126619339, 0.09531977027654648, 0.09260866791009903, 0.09122908115386963, 0.09172047674655914, 0.09189719706773758, 0.09396534413099289, 0.09050421416759491, 0.09226097166538239, 0.09439773112535477, 0.09026474505662918, 0.09351956099271774, 0.09264320135116577, 0.09342263638973236, 0.09298599511384964, 0.09393089264631271, 0.09006822109222412, 0.09195546060800552, 0.09273509681224823, 0.09344416111707687, 0.09234041720628738, 0.0938090831041336, 0.09338418394327164, 0.09526745975017548];[-2.1485342979431152, -2.1524877548217773, -2.1192591190338135, -2.1251747608184814, -2.13173508644104, -2.1200151443481445, -2.1260879039764404, -2.1133244037628174, -2.139866590499878, -2.1248912811279297, -2.1162827014923096, -2.1140713691711426, -2.1261298656463623, -2.1243574619293213, -2.1050608158111572, -2.140500545501709, -2.1393024921417236, -2.110429048538208, -2.1398446559906006, -2.1344048976898193, -2.1360645294189453, -2.129276990890503, -2.133730888366699, -2.1198527812957764, -2.13114595413208, -2.1251139640808105, -2.1364057064056396, -2.135247230529785, -2.1444172859191895, -2.1393823623657227, -2.143817901611328];[0.02032044529914856, 0.024580875411629677, 0.024761389940977097, 0.0201591644436121, 0.022639581933617592, 0.028849642723798752, 0.022388499230146408, 0.021033743396401405, 0.020618753507733345, 0.020011093467473984, 0.018029849976301193, 0.019872961565852165, 0.021067045629024506, 0.021987300366163254, 0.034885868430137634, 0.021850066259503365, 0.018430689349770546, 0.026879630982875824, 0.02354270964860916, 0.01751505210995674, 0.02525528520345688, 0.0241124015301466, 0.024559680372476578, 0.02775166556239128, 0.0203231368213892, 0.022940196096897125, 0.02229631319642067, 0.03302750736474991, 0.019770747050642967, 0.021263454109430313];2233.4764637947083
2500;[1.6181252002716064, 1.6171064376831055, 1.610956072807312, 1.615499496459961, 1.6137820482254028, 1.6085020303726196, 1.6179472208023071, 1.6131103038787842, 1.6199085712432861, 1.6126110553741455, 1.6105802059173584, 1.6125261783599854, 1.6128884553909302, 1.6129392385482788, 1.6130775213241577, 1.6119319200515747, 1.6203871965408325, 1.6150377988815308, 1.616134524345398, 1.6142301559448242, 1.6140613555908203, 1.612937569618225, 1.6130865812301636, 1.6109753847122192, 1.6123828887939453, 1.6177328824996948, 1.6137714385986328, 1.616657018661499, 1.618805170059204, 1.6156100034713745, 1.617892861366272];[0.19702951610088348, 0.1964743286371231, 0.19402329623699188, 0.19292941689491272, 0.19535435736179352, 0.19440749287605286, 0.19391363859176636, 0.19316107034683228, 0.19489161670207977, 0.19478827714920044, 0.19422593712806702, 0.19439613819122314, 0.19417895376682281, 0.19473007321357727, 0.19296516478061676, 0.19635333120822906, 0.1951780617237091, 0.19177453219890594, 0.19470535218715668, 0.19531621038913727, 0.19397148489952087, 0.1946820616722107, 0.19656343758106232, 0.1935073882341385, 0.19480697810649872, 0.1932590901851654, 0.19478657841682434, 0.19421255588531494, 0.19447049498558044, 0.19447003304958344, 0.19574420154094696];[-4.306109428405762, -4.306980133056641, -4.278063774108887, -4.264638900756836, -4.293527126312256, -4.285320281982422, -4.267357349395752, -4.252326011657715, -4.26615047454834, -4.2645440101623535, -4.264224052429199, -4.257200241088867, -4.283177852630615, -4.250988483428955, -4.221423149108887, -4.332186222076416, -4.279301166534424, -4.225268363952637, -4.302652359008789, -4.301375389099121, -4.282283782958984, -4.276013374328613, -4.296429634094238, -4.2822489738464355, -4.298973560333252, -4.254283428192139, -4.292291164398193, -4.284688472747803, -4.28738260269165, -4.2928314208984375, -4.278348445892334];[0.02032044529914856, 0.029817333444952965, 0.032838623970746994, 0.02404613047838211, 0.02092769742012024, 0.019050849601626396, 0.02090230956673622, 0.026525352150201797, 0.018267055973410606, 0.02721378207206726, 0.03718075156211853, 0.02909827046096325, 0.031614094972610474, 0.027255404740571976, 0.03594117611646652, 0.02346150018274784, 0.021906010806560516, 0.026352059096097946, 0.01999751850962639, 0.021170036867260933, 0.021020619198679924, 0.020475612953305244, 0.024418188259005547, 0.028151260688900948, 0.02102680504322052, 0.022799665108323097, 0.02732677198946476, 0.02393709309399128, 0.02449159510433674, 0.0387779138982296];2230.5050055980682
