Seed;RMSE History;MMD History;Log-Likelihood History;Max EIG History;Deployment Time
50;[0.7821969985961914, 0.7835567593574524, 0.7842802405357361, 0.7826888561248779, 0.7735031843185425, 0.7791337966918945, 0.7753522992134094, 0.7731940746307373, 0.785717785358429, 0.7777175903320312, 0.7750580906867981, 0.7817717790603638, 0.7771821022033691, 0.772232174873352, 0.7680948376655579, 0.7751215100288391, 0.7711263298988342, 0.7727000117301941, 0.7803667187690735, 0.7682839035987854, 0.7817121148109436, 0.7785684466362, 0.7771487236022949, 0.7676274180412292, 0.770461916923523, 0.7793720364570618, 0.7670142650604248, 0.7714216113090515, 0.7756009101867676, 0.768742024898529, 0.7698099613189697];[0.04275934398174286, 0.043177347630262375, 0.04551040753722191, 0.041935209184885025, 0.03371777385473251, 0.03846617043018341, 0.0369095616042614, 0.03589088097214699, 0.044440414756536484, 0.03717968985438347, 0.03809651732444763, 0.039483971893787384, 0.037201229482889175, 0.03627529740333557, 0.031112011522054672, 0.034817006438970566, 0.03425250202417374, 0.034993723034858704, 0.04078243300318718, 0.03195283189415932, 0.03933052718639374, 0.04085654765367508, 0.04063396528363228, 0.032109957188367844, 0.034178074449300766, 0.04057222232222557, 0.030752109363675117, 0.03375428169965744, 0.03918752074241638, 0.03588763251900673, 0.03449667617678642];[-0.8513761162757874, -0.8503917455673218, -0.8572471737861633, -0.8470357060432434, -0.8238273859024048, -0.8479793667793274, -0.8381137847900391, -0.8315677642822266, -0.8605005741119385, -0.8385518193244934, -0.8347095847129822, -0.836078405380249, -0.8463162779808044, -0.8293312191963196, -0.8158884048461914, -0.8250318765640259, -0.8237407207489014, -0.8235781192779541, -0.8516414761543274, -0.8175240159034729, -0.8361550569534302, -0.8486944437026978, -0.8523684740066528, -0.8166148662567139, -0.8234608769416809, -0.847371518611908, -0.8128911852836609, -0.8235741257667542, -0.8457981944084167, -0.8275700807571411, -0.8295722007751465];[];719.6014697551727
100;[0.7740078568458557, 0.783869743347168, 0.7758610844612122, 0.7772807478904724, 0.7691045999526978, 0.7697051167488098, 0.7671533226966858, 0.7791503667831421, 0.7774736285209656, 0.7800515294075012, 0.7726847529411316, 0.7742003798484802, 0.7730610966682434, 0.7712088823318481, 0.7675002813339233, 0.7686653733253479, 0.7683849930763245, 0.772557258605957, 0.7749444842338562, 0.7649177312850952, 0.7722791433334351, 0.7734445333480835, 0.7781122326850891, 0.7764180898666382, 0.7743176221847534, 0.7835935354232788, 0.771460771560669, 0.7715972065925598, 0.777180552482605, 0.7770448923110962, 0.7750296592712402];[0.03575695678591728, 0.04320140182971954, 0.03840634599328041, 0.03721203655004501, 0.03200601786375046, 0.035053569823503494, 0.03105844184756279, 0.0405200831592083, 0.03466693311929703, 0.039867572486400604, 0.03401089459657669, 0.03825858607888222, 0.0364186130464077, 0.036195460706949234, 0.03186853229999542, 0.032705724239349365, 0.031781282275915146, 0.03651221841573715, 0.035127636045217514, 0.03131742775440216, 0.03307012468576431, 0.03635919839143753, 0.037958089262247086, 0.0397554375231266, 0.037054695188999176, 0.04397149756550789, 0.03588084504008293, 0.03597375005483627, 0.03668949380517006, 0.040457941591739655, 0.03716498240828514];[-0.8250949382781982, -0.8553880453109741, -0.8342195749282837, -0.8329266309738159, -0.8160629868507385, -0.8263131380081177, -0.8138912320137024, -0.8480657935142517, -0.830031156539917, -0.8409749269485474, -0.8273249268531799, -0.8364920616149902, -0.8371251225471497, -0.8338558077812195, -0.819155216217041, -0.8212932348251343, -0.8157312870025635, -0.8304451107978821, -0.8265458941459656, -0.8165480494499207, -0.8215476274490356, -0.8312951922416687, -0.8376080393791199, -0.8448143601417542, -0.8443579077720642, -0.8568729758262634, -0.8269987106323242, -0.8252427577972412, -0.8302545547485352, -0.8455120325088501, -0.8379756212234497];[];716.4420328140259
150;[0.7738230228424072, 0.7711023092269897, 0.7792764902114868, 0.7711378335952759, 0.7776059508323669, 0.7667850255966187, 0.7789984345436096, 0.7784548997879028, 0.7766072750091553, 0.7755959630012512, 0.7789540886878967, 0.7746368050575256, 0.779312014579773, 0.7810562252998352, 0.7755814790725708, 0.7795834541320801, 0.7840784788131714, 0.7763078808784485, 0.783231794834137, 0.7865361571311951, 0.7869396805763245, 0.7810022234916687, 0.781353771686554, 0.7875155210494995, 0.787697434425354, 0.7868772745132446, 0.7902622222900391, 0.7856109738349915, 0.7862801551818848, 0.7881281971931458, 0.7873828411102295];[0.0353887565433979, 0.036841265857219696, 0.04092583805322647, 0.03462836146354675, 0.039070263504981995, 0.032331258058547974, 0.04008371755480766, 0.03796019405126572, 0.03702094033360481, 0.033375758677721024, 0.039476051926612854, 0.03360850363969803, 0.0385395772755146, 0.039789412170648575, 0.033588677644729614, 0.03643897548317909, 0.038882456719875336, 0.034098900854587555, 0.03889070823788643, 0.04242371395230293, 0.04247051849961281, 0.039139315485954285, 0.03940097987651825, 0.04029262810945511, 0.04223265498876572, 0.040938638150691986, 0.04281958192586899, 0.040468230843544006, 0.039267659187316895, 0.03929978236556053, 0.041080541908741];[-0.8276398181915283, -0.8343536257743835, -0.8537548780441284, -0.8287967443466187, -0.8383965492248535, -0.8224501013755798, -0.8430084586143494, -0.8357828259468079, -0.8364787101745605, -0.8195785880088806, -0.8401169776916504, -0.8232641220092773, -0.8401942849159241, -0.8467451930046082, -0.820512056350708, -0.831946611404419, -0.835371732711792, -0.8222531676292419, -0.8390924334526062, -0.8477121591567993, -0.8464621305465698, -0.842141330242157, -0.8428887724876404, -0.8399826288223267, -0.8479534983634949, -0.8456810712814331, -0.859306275844574, -0.8396022915840149, -0.8370130658149719, -0.8384876251220703, -0.846145510673523];[];725.3794555664062
200;[0.7712486386299133, 0.7731097340583801, 0.7772237658500671, 0.7733602523803711, 0.7733408808708191, 0.7729014158248901, 0.7720693349838257, 0.7761913537979126, 0.769475519657135, 0.7738688588142395, 0.7742468118667603, 0.7707845568656921, 0.7694979310035706, 0.7748634219169617, 0.7667116522789001, 0.7720681428909302, 0.7765655517578125, 0.7670871615409851, 0.7775454521179199, 0.7650604844093323, 0.7634192705154419, 0.7659344673156738, 0.774075984954834, 0.7729005813598633, 0.7671502232551575, 0.7656196355819702, 0.7648915648460388, 0.771045446395874, 0.7638166546821594, 0.7642362713813782, 0.770735502243042];[0.03644751384854317, 0.0375843346118927, 0.04144234210252762, 0.03705190122127533, 0.03544061258435249, 0.03614842891693115, 0.037785064429044724, 0.03940178081393242, 0.03381648287177086, 0.03821782395243645, 0.03867311030626297, 0.034609876573085785, 0.033325016498565674, 0.037837784737348557, 0.033472057431936264, 0.03716666251420975, 0.03951328247785568, 0.03251555189490318, 0.03742382675409317, 0.032849691808223724, 0.02961728908121586, 0.03419189527630806, 0.039963752031326294, 0.03693164512515068, 0.03374003991484642, 0.03279390558600426, 0.03344486653804779, 0.03680643066763878, 0.030649006366729736, 0.033308278769254684, 0.037351470440626144];[-0.8304311633110046, -0.8363770842552185, -0.857157826423645, -0.8337385654449463, -0.8301067352294922, -0.8352454304695129, -0.8390882015228271, -0.8371281027793884, -0.825253963470459, -0.8358983397483826, -0.8362049460411072, -0.8304566740989685, -0.8206484317779541, -0.833854079246521, -0.8235754370689392, -0.8326766490936279, -0.8464390635490417, -0.8174460530281067, -0.8330466151237488, -0.8216103315353394, -0.8106927275657654, -0.824083149433136, -0.8402778506278992, -0.8311038613319397, -0.8239585161209106, -0.824684202671051, -0.8214735984802246, -0.829386293888092, -0.8163096904754639, -0.8205976486206055, -0.8428899645805359];[];714.0021238327026
250;[0.7790236473083496, 0.7723679542541504, 0.7671236991882324, 0.768600583076477, 0.7791736721992493, 0.7680200338363647, 0.7727473378181458, 0.7726326584815979, 0.7821862101554871, 0.7787490487098694, 0.7727090120315552, 0.790120005607605, 0.7650172114372253, 0.7729588747024536, 0.7762913703918457, 0.7693567276000977, 0.7731649875640869, 0.7626591920852661, 0.767695426940918, 0.7752795219421387, 0.7696216702461243, 0.7783706784248352, 0.7678088545799255, 0.7670824527740479, 0.7720361948013306, 0.7799203991889954, 0.7726389169692993, 0.769848644733429, 0.7702495455741882, 0.7624533772468567, 0.766202986240387];[0.04095490276813507, 0.03616691753268242, 0.03274554759263992, 0.031821463257074356, 0.04171740263700485, 0.03404810652136803, 0.03402594104409218, 0.03481235355138779, 0.04111165553331375, 0.03795943036675453, 0.03314477577805519, 0.05031000077724457, 0.028718844056129456, 0.03441326692700386, 0.03784957900643349, 0.03321387246251106, 0.03191256523132324, 0.026288233697414398, 0.03184681013226509, 0.037556786090135574, 0.031617917120456696, 0.03749051317572594, 0.03310128301382065, 0.02966795675456524, 0.031586654484272, 0.03928230702877045, 0.034814801067113876, 0.0328797772526741, 0.032475631684064865, 0.02452203445136547, 0.028928212821483612];[-0.8494722843170166, -0.8297749757766724, -0.8205255270004272, -0.8184900283813477, -0.8486860394477844, -0.8208332061767578, -0.822662889957428, -0.8252862691879272, -0.8469096422195435, -0.830316424369812, -0.8187698721885681, -0.8706293106079102, -0.8075434565544128, -0.8233138918876648, -0.8357738256454468, -0.819941520690918, -0.8209306597709656, -0.7997660636901855, -0.8156757950782776, -0.8383938670158386, -0.818520724773407, -0.8329216241836548, -0.8248355388641357, -0.8121158480644226, -0.8157116174697876, -0.8478957414627075, -0.8276995420455933, -0.8205944895744324, -0.8209461569786072, -0.7966851592063904, -0.8085007667541504];[];714.3756654262543
300;[0.7677474617958069, 0.7780370116233826, 0.7698889970779419, 0.7707254886627197, 0.7749047875404358, 0.7801034450531006, 0.7749337553977966, 0.7773223519325256, 0.770418107509613, 0.7725139260292053, 0.7694294452667236, 0.7762632966041565, 0.7766539454460144, 0.7723625898361206, 0.7696279287338257, 0.7746763825416565, 0.7688006162643433, 0.7807132005691528, 0.7851898074150085, 0.7699662446975708, 0.7745522856712341, 0.7814356088638306, 0.7778120040893555, 0.7783429026603699, 0.7698926329612732, 0.7743914127349854, 0.7777204513549805, 0.7660843729972839, 0.771030843257904, 0.7741559743881226, 0.7727949619293213];[0.03291848674416542, 0.04006681963801384, 0.03596418723464012, 0.036226287484169006, 0.03723950684070587, 0.03938628360629082, 0.03975512087345123, 0.03908710926771164, 0.03333791717886925, 0.03585087135434151, 0.035600706934928894, 0.03980214521288872, 0.04094378277659416, 0.03618999570608139, 0.03482156991958618, 0.03881717473268509, 0.03365994617342949, 0.03972401097416878, 0.04483035206794739, 0.03587216138839722, 0.03836291283369064, 0.04177136346697807, 0.04041734337806702, 0.039459478110075, 0.034257154911756516, 0.037406787276268005, 0.03773317113518715, 0.030732287093997, 0.03533352166414261, 0.03616531938314438, 0.034495238214731216];[-0.821944534778595, -0.8399448394775391, -0.8322637677192688, -0.8282164335250854, -0.8325832486152649, -0.8364988565444946, -0.8394865989685059, -0.838959276676178, -0.8220213651657104, -0.8304623365402222, -0.8270059823989868, -0.8418096303939819, -0.8494277000427246, -0.8311441540718079, -0.8255608081817627, -0.8356755971908569, -0.8259763717651367, -0.8394371867179871, -0.8786439895629883, -0.834683895111084, -0.8374146223068237, -0.8479641079902649, -0.8454604744911194, -0.8392171859741211, -0.8253774642944336, -0.8358064293861389, -0.836411714553833, -0.8138825297355652, -0.8253514766693115, -0.8314930200576782, -0.8252374529838562];[];706.4871506690979
350;[0.7704355716705322, 0.7778576016426086, 0.7711606621742249, 0.7796065807342529, 0.7685064673423767, 0.7722075581550598, 0.7653025984764099, 0.7692422866821289, 0.7780327200889587, 0.7649387121200562, 0.7725686430931091, 0.7721307277679443, 0.7894887924194336, 0.773867666721344, 0.7741751074790955, 0.7789567112922668, 0.7754740118980408, 0.7649806141853333, 0.779389500617981, 0.7770142555236816, 0.7768098711967468, 0.7719351649284363, 0.7821648120880127, 0.7719748020172119, 0.7713033556938171, 0.7736644148826599, 0.7787391543388367, 0.7793657183647156, 0.7753821611404419, 0.770232081413269, 0.7792997360229492];[0.03398638591170311, 0.04118204116821289, 0.03762626647949219, 0.03974936529994011, 0.03309353440999985, 0.037003614008426666, 0.02944241836667061, 0.034677259624004364, 0.04227787256240845, 0.03317616134881973, 0.03655169904232025, 0.03774713724851608, 0.04836205020546913, 0.03554389998316765, 0.037014707922935486, 0.0388285368680954, 0.03708073869347572, 0.03238695114850998, 0.041489068418741226, 0.04337852820754051, 0.039335694164037704, 0.03444525599479675, 0.04297288507223129, 0.03522706404328346, 0.03652491047978401, 0.03660159558057785, 0.041151877492666245, 0.04160688817501068, 0.03820573166012764, 0.0312856063246727, 0.03791525587439537];[-0.8258494138717651, -0.8432329297065735, -0.8306305408477783, -0.8564434051513672, -0.8219394087791443, -0.8338614106178284, -0.8106966018676758, -0.8272103071212769, -0.8516094088554382, -0.8188064098358154, -0.8315175771713257, -0.8302070498466492, -0.8697952628135681, -0.8308416604995728, -0.8358137011528015, -0.8359358310699463, -0.8348678350448608, -0.8167916536331177, -0.8482027649879456, -0.8491701483726501, -0.837351381778717, -0.8250246644020081, -0.8525310754776001, -0.827839195728302, -0.8310643434524536, -0.8334455490112305, -0.8450497984886169, -0.8481965661048889, -0.8367717266082764, -0.8139817118644714, -0.8492674231529236];[];693.7041258811951
400;[0.7718713283538818, 0.7753597497940063, 0.7692185044288635, 0.7685417532920837, 0.772844135761261, 0.7707528471946716, 0.7709217071533203, 0.7672371864318848, 0.7687042951583862, 0.7820979952812195, 0.771492063999176, 0.7732269167900085, 0.7783553004264832, 0.7733572125434875, 0.7752576470375061, 0.7780685424804688, 0.7697246670722961, 0.7735236883163452, 0.7755299210548401, 0.7772091031074524, 0.7661832571029663, 0.7674660682678223, 0.7777615785598755, 0.7734372615814209, 0.7685015201568604, 0.7718212604522705, 0.7713526487350464, 0.7729621529579163, 0.7739426493644714, 0.7694862484931946, 0.7674033045768738];[0.038732193410396576, 0.03781287372112274, 0.032768554985523224, 0.0347868911921978, 0.035626351833343506, 0.035328209400177, 0.037332724779844284, 0.03272158280014992, 0.03189747780561447, 0.04413647577166557, 0.03687616437673569, 0.03670704737305641, 0.04069185256958008, 0.03600875288248062, 0.037864167243242264, 0.04011576622724533, 0.03613215684890747, 0.03627034276723862, 0.035046156495809555, 0.03896797448396683, 0.03214261308312416, 0.03267727792263031, 0.03987114876508713, 0.03730861842632294, 0.033200234174728394, 0.037407286465168, 0.03724011033773422, 0.03901689872145653, 0.0381406769156456, 0.03538411855697632, 0.032373953610658646];[-0.8386055827140808, -0.8361669778823853, -0.8184648156166077, -0.8235129714012146, -0.8297876119613647, -0.8255445957183838, -0.8341307044029236, -0.8191707134246826, -0.8174861669540405, -0.8697620630264282, -0.8359287977218628, -0.8291905522346497, -0.8387427926063538, -0.8282073140144348, -0.8361242413520813, -0.8475065231323242, -0.8315438628196716, -0.8291676640510559, -0.8231722116470337, -0.8332308530807495, -0.8234640955924988, -0.8203357458114624, -0.8423219919204712, -0.8352967500686646, -0.8214578628540039, -0.8319416642189026, -0.8347126245498657, -0.8451926708221436, -0.8376367688179016, -0.8252996802330017, -0.8179432153701782];[];704.1634125709534
450;[0.7701276540756226, 0.7733498215675354, 0.7663463950157166, 0.781769871711731, 0.7687861919403076, 0.7700643539428711, 0.7747398018836975, 0.7660910487174988, 0.7799715995788574, 0.7753053903579712, 0.7735379934310913, 0.7654053568840027, 0.7688884139060974, 0.7795444130897522, 0.7835202813148499, 0.7769976258277893, 0.7787867784500122, 0.7816336750984192, 0.7826142311096191, 0.7737165689468384, 0.7751902937889099, 0.771285891532898, 0.7780380845069885, 0.7783686518669128, 0.7734291553497314, 0.7807527184486389, 0.7814397215843201, 0.7724746465682983, 0.7779747843742371, 0.7796969413757324, 0.7764637470245361];[0.03517783433198929, 0.03852250427007675, 0.031099466606974602, 0.043055448681116104, 0.03520119935274124, 0.03610842674970627, 0.03649253770709038, 0.031809646636247635, 0.04116220772266388, 0.03766883537173271, 0.03576372563838959, 0.03058571182191372, 0.0324881337583065, 0.041275396943092346, 0.04442271962761879, 0.03928562253713608, 0.038610246032476425, 0.044677361845970154, 0.04394747316837311, 0.03832231089472771, 0.03642870485782623, 0.03318782150745392, 0.038255494087934494, 0.04045729339122772, 0.03619810938835144, 0.04135477542877197, 0.04136206582188606, 0.03502596169710159, 0.04021400213241577, 0.040448810905218124, 0.039927709847688675];[-0.8249574303627014, -0.8340673446655273, -0.8175225257873535, -0.8521018624305725, -0.8366078734397888, -0.8291905522346497, -0.8291088342666626, -0.8161413669586182, -0.8424707055091858, -0.8352091908454895, -0.8271656632423401, -0.811426043510437, -0.8188793659210205, -0.8534443378448486, -0.8615461587905884, -0.8455007672309875, -0.8360386490821838, -0.8623524308204651, -0.8557135462760925, -0.8348087072372437, -0.8332117199897766, -0.8237768411636353, -0.8382849097251892, -0.8443326354026794, -0.8281503915786743, -0.8478388786315918, -0.8437157869338989, -0.8307019472122192, -0.8424710035324097, -0.8461845517158508, -0.8342369198799133];[];702.5443103313446
500;[0.7742420434951782, 0.7725920677185059, 0.7724441885948181, 0.7704141139984131, 0.7787290811538696, 0.7751336693763733, 0.7689738273620605, 0.7786820530891418, 0.7734869122505188, 0.779657244682312, 0.7840154767036438, 0.7724219560623169, 0.7762872576713562, 0.7660040259361267, 0.7667973637580872, 0.773460328578949, 0.7727863788604736, 0.7697967886924744, 0.7794836759567261, 0.7831429243087769, 0.7690629959106445, 0.7823163866996765, 0.7713435292243958, 0.7855485081672668, 0.775464653968811, 0.7757044434547424, 0.7723692655563354, 0.7739551067352295, 0.7789800763130188, 0.7687349319458008, 0.7703102827072144];[0.036258865147829056, 0.034774236381053925, 0.03674784302711487, 0.03564472123980522, 0.03940195217728615, 0.03595636785030365, 0.035819459706544876, 0.04216362163424492, 0.03761856257915497, 0.045241452753543854, 0.04679962620139122, 0.03849681466817856, 0.039644308388233185, 0.03446183726191521, 0.03468861058354378, 0.039282169193029404, 0.039789605885744095, 0.0379294827580452, 0.04357938468456268, 0.04524882510304451, 0.03466454893350601, 0.04806878790259361, 0.03607778996229172, 0.04801815003156662, 0.04092588648200035, 0.043337225914001465, 0.036704178899526596, 0.03864835202693939, 0.043034110218286514, 0.03381352871656418, 0.03707732632756233];[-0.8328738808631897, -0.8275845050811768, -0.8341573476791382, -0.8313989043235779, -0.8392332792282104, -0.829872727394104, -0.8289517760276794, -0.8521146178245544, -0.8338714241981506, -0.8610039353370667, -0.8645219802856445, -0.8360241055488586, -0.8418247699737549, -0.8263583779335022, -0.8260635137557983, -0.8402882814407349, -0.8380243182182312, -0.8324489593505859, -0.8548454642295837, -0.8706046938896179, -0.8244038224220276, -0.8672438263893127, -0.827863872051239, -0.8834057450294495, -0.8471207022666931, -0.8516538143157959, -0.8326433897018433, -0.8372141718864441, -0.8494283556938171, -0.820580244064331, -0.8295006155967712];[];707.0929503440857
550;[0.7799436450004578, 0.7840162515640259, 0.7764949798583984, 0.7814250588417053, 0.7712987065315247, 0.7810142636299133, 0.776417076587677, 0.783463716506958, 0.77903813123703, 0.7763338088989258, 0.7698873281478882, 0.7736361026763916, 0.7749202251434326, 0.7782579660415649, 0.7753666043281555, 0.7771399021148682, 0.7759829163551331, 0.7763189673423767, 0.775172770023346, 0.7686935067176819, 0.7779029607772827, 0.7772866487503052, 0.7790263891220093, 0.7792488932609558, 0.7790811657905579, 0.779721200466156, 0.7775712609291077, 0.7799356579780579, 0.773905873298645, 0.7824729084968567, 0.7798318862915039];[0.04087536036968231, 0.04492883011698723, 0.036095038056373596, 0.04202302545309067, 0.03371097519993782, 0.03871999308466911, 0.03996124491095543, 0.0436018742620945, 0.0408342108130455, 0.038491830229759216, 0.03359825909137726, 0.03639543801546097, 0.03455154970288277, 0.04038849472999573, 0.035511113703250885, 0.04045684635639191, 0.03775719180703163, 0.0392855666577816, 0.0370650440454483, 0.03387806564569473, 0.03858771547675133, 0.038052886724472046, 0.04168367013335228, 0.041492532938718796, 0.03869527578353882, 0.04423864930868149, 0.04416075721383095, 0.04150305315852165, 0.03598081320524216, 0.04417380318045616, 0.0417456291615963];[-0.8462213277816772, -0.8543647527694702, -0.830525279045105, -0.8440234661102295, -0.820353627204895, -0.8427841663360596, -0.8476346731185913, -0.8554162383079529, -0.8569543361663818, -0.8344549536705017, -0.8216045498847961, -0.831007719039917, -0.824261486530304, -0.8430436849594116, -0.8269544243812561, -0.8443257212638855, -0.8311957716941833, -0.845247209072113, -0.8367554545402527, -0.822651743888855, -0.8385290503501892, -0.833244800567627, -0.8524052500724792, -0.84650719165802, -0.836483359336853, -0.8540078997612, -0.862044095993042, -0.8446510434150696, -0.8259096741676331, -0.87337327003479, -0.851911187171936];[];712.6607263088226
600;[0.7843565344810486, 0.7800207734107971, 0.7776303291320801, 0.7719036340713501, 0.7682904601097107, 0.765253484249115, 0.7683521509170532, 0.7693261504173279, 0.7768163084983826, 0.7652315497398376, 0.7749166488647461, 0.7685683965682983, 0.7646318078041077, 0.7652341723442078, 0.7724734544754028, 0.769960880279541, 0.7687307000160217, 0.7626194953918457, 0.7677263617515564, 0.7692161202430725, 0.7669823169708252, 0.762015700340271, 0.7703958749771118, 0.7675517797470093, 0.7734060287475586, 0.7689234018325806, 0.7672389149665833, 0.7660418748855591, 0.7640756964683533, 0.7734063267707825, 0.7766402363777161];[0.0427822507917881, 0.04028499126434326, 0.03712119907140732, 0.032309938222169876, 0.031858742237091064, 0.028709523379802704, 0.031203437596559525, 0.03399910032749176, 0.03628411516547203, 0.028634293004870415, 0.0372677817940712, 0.031738024204969406, 0.028065599501132965, 0.029115626588463783, 0.034562863409519196, 0.03265952691435814, 0.030307123437523842, 0.0276910699903965, 0.030941836535930634, 0.032545484602451324, 0.029694758355617523, 0.028250744566321373, 0.033013392239809036, 0.032983846962451935, 0.034117959439754486, 0.029296457767486572, 0.03133920207619667, 0.03248656913638115, 0.0308331698179245, 0.03813730925321579, 0.03918830305337906];[-0.8588883280754089, -0.844716489315033, -0.8345312476158142, -0.8161717653274536, -0.8217206001281738, -0.8080283999443054, -0.8162915110588074, -0.8229351043701172, -0.8293704390525818, -0.8069168329238892, -0.8351083993911743, -0.8148918747901917, -0.8045675158500671, -0.8089577555656433, -0.8234255313873291, -0.8195751309394836, -0.8197073936462402, -0.8052937984466553, -0.8165252804756165, -0.8226855397224426, -0.808603048324585, -0.8042150735855103, -0.8214867115020752, -0.8341386914253235, -0.822079062461853, -0.8123112916946411, -0.8212310671806335, -0.8190304040908813, -0.8114218711853027, -0.8573380708694458, -0.8391713500022888];[];699.3481094837189
650;[0.7730379700660706, 0.775062084197998, 0.7685955762863159, 0.7810215353965759, 0.7728011608123779, 0.7660070657730103, 0.7729187607765198, 0.7710429430007935, 0.7685297727584839, 0.7728835940361023, 0.7642052173614502, 0.7691270709037781, 0.7812095880508423, 0.7735581994056702, 0.7743470668792725, 0.7677559852600098, 0.7694602012634277, 0.7704387903213501, 0.7611483931541443, 0.772183358669281, 0.7770429849624634, 0.7657530903816223, 0.7782628536224365, 0.7631039023399353, 0.7728148102760315, 0.7690286040306091, 0.7798109650611877, 0.7722050547599792, 0.7725025415420532, 0.7665802836418152, 0.764342188835144];[0.03675731644034386, 0.038431234657764435, 0.03104470670223236, 0.04179316386580467, 0.033322133123874664, 0.0294928140938282, 0.03683033585548401, 0.03525865823030472, 0.03304554522037506, 0.03300220146775246, 0.02803805284202099, 0.030930057168006897, 0.04272142052650452, 0.03492046520113945, 0.03565072640776634, 0.029889537021517754, 0.03273840621113777, 0.03349488228559494, 0.028284549713134766, 0.03295218572020531, 0.03682434558868408, 0.02928665094077587, 0.037724483758211136, 0.027279755100607872, 0.035178374499082565, 0.031887125223875046, 0.03922364115715027, 0.03463945910334587, 0.034988828003406525, 0.03162446618080139, 0.029438847675919533];[-0.8281813859939575, -0.8379799723625183, -0.8109245896339417, -0.8493272066116333, -0.8245695233345032, -0.8107211589813232, -0.8295559287071228, -0.8268120884895325, -0.825072705745697, -0.8256691694259644, -0.805751621723175, -0.8156790733337402, -0.84893798828125, -0.8261517286300659, -0.8297147750854492, -0.8113001585006714, -0.8214651942253113, -0.8255781531333923, -0.8075345754623413, -0.8216996788978577, -0.83280348777771, -0.812595784664154, -0.8370394706726074, -0.8042769432067871, -0.8248220086097717, -0.8173550963401794, -0.8409221768379211, -0.8393409848213196, -0.8297834396362305, -0.8156178593635559, -0.8086296319961548];[];705.6690001487732
700;[0.7688427567481995, 0.7752933502197266, 0.773539662361145, 0.7721605896949768, 0.7712032198905945, 0.7791532874107361, 0.7744764685630798, 0.7723474502563477, 0.7665584087371826, 0.7844434976577759, 0.7725414633750916, 0.7785488367080688, 0.776528537273407, 0.7778645157814026, 0.7904887199401855, 0.7871421575546265, 0.7784260511398315, 0.7819845080375671, 0.7902612090110779, 0.7785627245903015, 0.7822993993759155, 0.7822441458702087, 0.7810144424438477, 0.7875242829322815, 0.7815822958946228, 0.7937886714935303, 0.7781393527984619, 0.7826418280601501, 0.7848944067955017, 0.7778288722038269, 0.7732188701629639];[0.0325908288359642, 0.03946257755160332, 0.036037735641002655, 0.037305645644664764, 0.03431105986237526, 0.03984324634075165, 0.037099406123161316, 0.03750738129019737, 0.03161875158548355, 0.04832012951374054, 0.03831009566783905, 0.04028862342238426, 0.0383475162088871, 0.04162200540304184, 0.050393179059028625, 0.0486980564892292, 0.0431002601981163, 0.04613136127591133, 0.04969129338860512, 0.04193909093737602, 0.04677644744515419, 0.04585614055395126, 0.04471588879823685, 0.04793722927570343, 0.04398803412914276, 0.054175447672605515, 0.04443742334842682, 0.04733215272426605, 0.046668313443660736, 0.04197898507118225, 0.040788859128952026];[-0.8223816156387329, -0.8399564027786255, -0.8284980654716492, -0.838987410068512, -0.8247263431549072, -0.8412796854972839, -0.8397414088249207, -0.8328461647033691, -0.8155622482299805, -0.8664053678512573, -0.8374738693237305, -0.8419543504714966, -0.8347872495651245, -0.8513491153717041, -0.8716738224029541, -0.8688473701477051, -0.85346519947052, -0.8566247820854187, -0.8905099034309387, -0.8720869421958923, -0.8639345169067383, -0.8656373023986816, -0.8600194454193115, -0.8671575784683228, -0.8546772003173828, -0.886622965335846, -0.8521658182144165, -0.8654877543449402, -0.8650557994842529, -0.8472862839698792, -0.8447321653366089];[];707.3508880138397
750;[0.7702447175979614, 0.7650287747383118, 0.7750189304351807, 0.7719325423240662, 0.770916759967804, 0.7817147374153137, 0.7749871015548706, 0.7807927131652832, 0.7733187079429626, 0.7752391695976257, 0.7761791944503784, 0.7725419402122498, 0.7740166783332825, 0.7768702507019043, 0.7702284455299377, 0.7699439525604248, 0.7820852994918823, 0.7787429690361023, 0.7771150469779968, 0.7657057642936707, 0.7776135206222534, 0.7732999920845032, 0.7686638236045837, 0.7686251401901245, 0.781423807144165, 0.7679641246795654, 0.7648478150367737, 0.7733781337738037, 0.7597714066505432, 0.7680130004882812, 0.7773586511611938];[0.03627016022801399, 0.03193051740527153, 0.03856063634157181, 0.035152483731508255, 0.03931250795722008, 0.044963687658309937, 0.04227413982152939, 0.04332861676812172, 0.03705475851893425, 0.039592888206243515, 0.04146368056535721, 0.03748259320855141, 0.03741548955440521, 0.04128133878111839, 0.037749893963336945, 0.03626495227217674, 0.044719744473695755, 0.04038746654987335, 0.0390922911465168, 0.03182012960314751, 0.04071443900465965, 0.039033155888319016, 0.03290853276848793, 0.03745289519429207, 0.04544816538691521, 0.03478077054023743, 0.032403990626335144, 0.04277672618627548, 0.030834142118692398, 0.03622763976454735, 0.04509444534778595];[-0.8291909098625183, -0.8171766400337219, -0.8393068909645081, -0.8301363587379456, -0.8368933796882629, -0.8860411643981934, -0.8512882590293884, -0.8741598129272461, -0.8380528688430786, -0.841439962387085, -0.8492817282676697, -0.8318700194358826, -0.8328694105148315, -0.8440006375312805, -0.8333889245986938, -0.8278497457504272, -0.8648790121078491, -0.841468334197998, -0.8391280174255371, -0.8187200427055359, -0.8430352210998535, -0.8416934013366699, -0.8180168271064758, -0.8337226510047913, -0.8627961277961731, -0.827649712562561, -0.8206443190574646, -0.8510406017303467, -0.8150383830070496, -0.829779863357544, -0.868276834487915];[];697.6781160831451
800;[0.7814730405807495, 0.7611273527145386, 0.7639479637145996, 0.7777398824691772, 0.7827115058898926, 0.7815021276473999, 0.7746037244796753, 0.7734978199005127, 0.7686941623687744, 0.7631866931915283, 0.7681034207344055, 0.7705309987068176, 0.7653729319572449, 0.7649682760238647, 0.7742375731468201, 0.7730820178985596, 0.7732536196708679, 0.7742245197296143, 0.7761618494987488, 0.7660685777664185, 0.7757144570350647, 0.7732197046279907, 0.7665084600448608, 0.7742272615432739, 0.7814077138900757, 0.768753707408905, 0.7746957540512085, 0.7648503184318542, 0.7678831219673157, 0.7657347321510315, 0.7674739956855774];[0.04097798466682434, 0.027572132647037506, 0.029054371640086174, 0.03591402620077133, 0.04450646787881851, 0.04207660257816315, 0.0355280265212059, 0.03481360524892807, 0.0313347652554512, 0.026721425354480743, 0.0314958430826664, 0.034497566521167755, 0.02997070923447609, 0.029586736112833023, 0.037114039063453674, 0.03523542732000351, 0.034449249505996704, 0.034339312463998795, 0.03790585696697235, 0.030151396989822388, 0.03721272945404053, 0.03781289979815483, 0.03136682137846947, 0.037619300186634064, 0.03987031430006027, 0.03157718852162361, 0.03844814747571945, 0.028763649985194206, 0.03226686641573906, 0.028400031849741936, 0.03128731623291969];[-0.8487133383750916, -0.8026430606842041, -0.810870885848999, -0.8346508145332336, -0.8509957194328308, -0.8552665114402771, -0.8316377997398376, -0.8304582834243774, -0.8165226578712463, -0.8025880455970764, -0.8177502155303955, -0.8253198266029358, -0.8131720423698425, -0.80907142162323, -0.8338040113449097, -0.8333364129066467, -0.8258078098297119, -0.8267955780029297, -0.8488540649414062, -0.811286449432373, -0.8315297365188599, -0.8374568223953247, -0.8158578872680664, -0.8380995392799377, -0.8542063236236572, -0.8169286847114563, -0.8390901684761047, -0.8095619678497314, -0.8185543417930603, -0.8092113137245178, -0.816912055015564];[];713.0206587314606
850;[0.7738751173019409, 0.7736302018165588, 0.7683124542236328, 0.7707852125167847, 0.7707002758979797, 0.7724752426147461, 0.7787781357765198, 0.7697258591651917, 0.7805463671684265, 0.773254930973053, 0.7762022614479065, 0.7783516049385071, 0.775680661201477, 0.7662501931190491, 0.779250979423523, 0.7745660543441772, 0.7695775032043457, 0.7752770185470581, 0.7713932991027832, 0.777299702167511, 0.7742578387260437, 0.7707932591438293, 0.7667592763900757, 0.7798940539360046, 0.77335524559021, 0.7752942442893982, 0.7666478753089905, 0.7651001811027527, 0.7794010639190674, 0.7682579755783081, 0.7724765539169312];[0.03582756966352463, 0.03573456406593323, 0.02937476709485054, 0.031660109758377075, 0.03368956968188286, 0.03318798914551735, 0.038979947566986084, 0.034350037574768066, 0.04333650320768356, 0.0353536531329155, 0.038065142929553986, 0.04032740369439125, 0.03873485326766968, 0.02990218624472618, 0.03976725414395332, 0.03652074933052063, 0.0350956916809082, 0.038198068737983704, 0.03366006910800934, 0.041768305003643036, 0.034722860902547836, 0.03562923148274422, 0.030741121619939804, 0.04099655896425247, 0.03439915180206299, 0.03799295797944069, 0.03220978006720543, 0.029992496594786644, 0.036905691027641296, 0.031920384615659714, 0.03557223454117775];[-0.8319753408432007, -0.829936146736145, -0.8081562519073486, -0.8167948722839355, -0.8293429017066956, -0.8204346895217896, -0.8434482216835022, -0.8262883424758911, -0.8547192811965942, -0.8290351033210754, -0.8356523513793945, -0.8416253328323364, -0.837108850479126, -0.8133781552314758, -0.8429134488105774, -0.8338015079498291, -0.8308620452880859, -0.8342429399490356, -0.819808840751648, -0.858137845993042, -0.8264901041984558, -0.8312346339225769, -0.811538577079773, -0.8554254770278931, -0.8255744576454163, -0.8451961874961853, -0.8150460124015808, -0.8098512291908264, -0.8270785808563232, -0.8157693147659302, -0.8284524083137512];[];718.1524429321289
900;[0.7756485342979431, 0.7748413681983948, 0.7720882892608643, 0.7712028622627258, 0.7798849940299988, 0.7713074684143066, 0.7808481454849243, 0.7689172625541687, 0.7784169912338257, 0.775497317314148, 0.7734508514404297, 0.7784755825996399, 0.7723749876022339, 0.7758089303970337, 0.7690250873565674, 0.7850661873817444, 0.7771920561790466, 0.7711646556854248, 0.7747863531112671, 0.7844645977020264, 0.7710010409355164, 0.7765697240829468, 0.7753470540046692, 0.7788369059562683, 0.7725366950035095, 0.7700613141059875, 0.7739983797073364, 0.7719268202781677, 0.7792142629623413, 0.7784238457679749, 0.7726423740386963];[0.03539879247546196, 0.03664586693048477, 0.03454078733921051, 0.03457646816968918, 0.04047008976340294, 0.0358908474445343, 0.040756452828645706, 0.03174636512994766, 0.03957982733845711, 0.03881470486521721, 0.03756476193666458, 0.039071716368198395, 0.033149514347314835, 0.03680349886417389, 0.03448070213198662, 0.04224562272429466, 0.03886991739273071, 0.03502437844872475, 0.03742598369717598, 0.04532886669039726, 0.034732382744550705, 0.04102012887597084, 0.0395023487508297, 0.039610605686903, 0.03619054704904556, 0.034612588584423065, 0.03891003876924515, 0.03714895248413086, 0.04121489077806473, 0.041400350630283356, 0.035051506012678146];[-0.8271000981330872, -0.8348130583763123, -0.8247332572937012, -0.8249284029006958, -0.8440676927566528, -0.8310796618461609, -0.8436577320098877, -0.8143593668937683, -0.8466697335243225, -0.8376452922821045, -0.8353015184402466, -0.8444487452507019, -0.8281062245368958, -0.8405201435089111, -0.8233742713928223, -0.8512098789215088, -0.8431878685951233, -0.8304280042648315, -0.8300535678863525, -0.8633097410202026, -0.8255873918533325, -0.8458381295204163, -0.8454909920692444, -0.8378393650054932, -0.8260605931282043, -0.829828143119812, -0.843353271484375, -0.8323122262954712, -0.8688274621963501, -0.8537079095840454, -0.8261880874633789];[];708.3940629959106
950;[0.7704263925552368, 0.7697239518165588, 0.7755986452102661, 0.7699462175369263, 0.7802693843841553, 0.7810025215148926, 0.7763935327529907, 0.7768264412879944, 0.7757980823516846, 0.7823548316955566, 0.7750102281570435, 0.7824723124504089, 0.7751093506813049, 0.7845869064331055, 0.7734319567680359, 0.7769837975502014, 0.7717614769935608, 0.777216911315918, 0.7797068357467651, 0.7808271646499634, 0.7728631496429443, 0.773635983467102, 0.7739099860191345, 0.7775638699531555, 0.774529218673706, 0.7696490287780762, 0.7752012610435486, 0.7764710783958435, 0.7758270502090454, 0.7747787237167358, 0.7721289992332458];[0.03167470917105675, 0.03324125334620476, 0.03978600725531578, 0.034832634031772614, 0.040137216448783875, 0.04295332357287407, 0.03742074593901634, 0.0383785180747509, 0.035816580057144165, 0.04130972921848297, 0.03590035066008568, 0.04342672601342201, 0.036856237798929214, 0.04428689554333687, 0.036998849362134933, 0.041753433644771576, 0.036481522023677826, 0.04081392660737038, 0.03848957642912865, 0.04103090614080429, 0.033618975430727005, 0.035453494638204575, 0.03637899085879326, 0.03650999441742897, 0.03485933318734169, 0.031772129237651825, 0.03637680783867836, 0.03601100295782089, 0.03476113826036453, 0.03616124391555786, 0.033213429152965546];[-0.8184921145439148, -0.8250653743743896, -0.8386898040771484, -0.823053777217865, -0.8414901494979858, -0.8582024574279785, -0.8343508839607239, -0.8347077369689941, -0.8304327130317688, -0.8483765721321106, -0.8265002965927124, -0.8552560806274414, -0.8329348564147949, -0.8592918515205383, -0.8309928178787231, -0.8439815640449524, -0.8303844332695007, -0.8434891104698181, -0.8387130498886108, -0.8496686220169067, -0.8232805728912354, -0.8303568363189697, -0.8361228108406067, -0.8334803581237793, -0.8266183137893677, -0.8141725659370422, -0.8308101892471313, -0.8279637694358826, -0.8272318840026855, -0.8308613300323486, -0.8202826976776123];[];712.4183721542358
1000;[0.7706597447395325, 0.7785752415657043, 0.7632442712783813, 0.7688601016998291, 0.7652954459190369, 0.7659561038017273, 0.7674686908721924, 0.7747222781181335, 0.766968846321106, 0.7687234878540039, 0.776915431022644, 0.775132417678833, 0.7682304978370667, 0.7722054719924927, 0.7719162106513977, 0.7699073553085327, 0.7754865288734436, 0.7766671180725098, 0.7837722301483154, 0.7730552554130554, 0.7825397253036499, 0.7778674960136414, 0.7664524912834167, 0.7651206851005554, 0.7745770215988159, 0.77728670835495, 0.7722273468971252, 0.7754375338554382, 0.7787438035011292, 0.775101900100708, 0.7764471769332886];[0.034670133143663406, 0.03810363635420799, 0.02688319981098175, 0.03302688151597977, 0.03023418039083481, 0.029167892411351204, 0.03127649053931236, 0.036297813057899475, 0.031193669885396957, 0.03172728419303894, 0.03556504845619202, 0.03286310285329819, 0.032775573432445526, 0.036714326590299606, 0.03343639150261879, 0.03645579516887665, 0.034559234976768494, 0.037996429949998856, 0.04359402135014534, 0.03582814708352089, 0.041002653539180756, 0.03956644982099533, 0.029736625030636787, 0.03022840991616249, 0.036213185638189316, 0.03891896456480026, 0.03513067960739136, 0.03812987729907036, 0.03878450393676758, 0.038676515221595764, 0.03566090390086174];[-0.8294352293014526, -0.8426843285560608, -0.8029815554618835, -0.8212547898292542, -0.8130577206611633, -0.8052689433097839, -0.814972460269928, -0.8322636485099792, -0.8110535740852356, -0.815836489200592, -0.8253423571586609, -0.8176982402801514, -0.8186639547348022, -0.8282676935195923, -0.82047438621521, -0.8274667859077454, -0.8252680897712708, -0.8345145583152771, -0.8555275201797485, -0.8270331025123596, -0.842349112033844, -0.8383840322494507, -0.8113542199134827, -0.8136734366416931, -0.8281216621398926, -0.8361966609954834, -0.8363471627235413, -0.8311727046966553, -0.8358097076416016, -0.8395746946334839, -0.8380703330039978];[];715.5626790523529
1050;[0.7767015695571899, 0.7764469981193542, 0.7691019177436829, 0.7705654501914978, 0.7839788794517517, 0.7658969759941101, 0.7689782381057739, 0.7793657183647156, 0.77156001329422, 0.7719472646713257, 0.7789310216903687, 0.775868833065033, 0.7711395621299744, 0.7800650000572205, 0.7695466876029968, 0.768756091594696, 0.7769871354103088, 0.7776765823364258, 0.7785599231719971, 0.7750750184059143, 0.7798669338226318, 0.7749024033546448, 0.7809935212135315, 0.7827008962631226, 0.7718003988265991, 0.786514937877655, 0.7787376046180725, 0.7732918858528137, 0.7812300324440002, 0.7831755876541138, 0.7772377133369446];[0.03815692290663719, 0.03810527175664902, 0.03220708668231964, 0.034421972930431366, 0.042238399386405945, 0.03153263032436371, 0.03542877361178398, 0.04185134544968605, 0.036230478435754776, 0.036518510431051254, 0.041190408170223236, 0.04083939641714096, 0.03430290147662163, 0.041917331516742706, 0.03350985795259476, 0.03432892635464668, 0.040606241673231125, 0.039538104087114334, 0.0394216813147068, 0.03639652952551842, 0.043247610330581665, 0.03603394702076912, 0.042158812284469604, 0.04268313944339752, 0.036533042788505554, 0.04518844559788704, 0.041885003447532654, 0.036104463040828705, 0.04439040645956993, 0.045612625777721405, 0.0394529327750206];[-0.8371472954750061, -0.8335314989089966, -0.818861186504364, -0.827218770980835, -0.85184645652771, -0.8168236017227173, -0.8268516659736633, -0.8438894152641296, -0.8325775861740112, -0.8383969664573669, -0.8414461612701416, -0.8417915105819702, -0.8227196335792542, -0.8529815077781677, -0.8198657631874084, -0.8231746554374695, -0.8442097306251526, -0.8419528007507324, -0.8470075726509094, -0.8356494903564453, -0.8611330986022949, -0.830477774143219, -0.8450583815574646, -0.8525998592376709, -0.8270372152328491, -0.8573847413063049, -0.8434140682220459, -0.8316404223442078, -0.8530231714248657, -0.8691321015357971, -0.838826596736908];[];714.0535786151886
1100;[0.767893373966217, 0.7688004970550537, 0.7754054665565491, 0.7732096314430237, 0.7791655659675598, 0.7694833874702454, 0.7734357714653015, 0.777495265007019, 0.7655147314071655, 0.7722136378288269, 0.7737318277359009, 0.7701435089111328, 0.7778005003929138, 0.7895767688751221, 0.7736831307411194, 0.7735337018966675, 0.7870474457740784, 0.7752636671066284, 0.7779032588005066, 0.7842402458190918, 0.7737430930137634, 0.7796468138694763, 0.7767279148101807, 0.7782340049743652, 0.7677376866340637, 0.7715672254562378, 0.7754583954811096, 0.7778759598731995, 0.7708990573883057, 0.7744725346565247, 0.7745750546455383];[0.035056453198194504, 0.03361722454428673, 0.035952068865299225, 0.037168361246585846, 0.04084468260407448, 0.03161150962114334, 0.03330015391111374, 0.03754527121782303, 0.02989017218351364, 0.03488360717892647, 0.036287207156419754, 0.032185811549425125, 0.03415028005838394, 0.04348618909716606, 0.03381764888763428, 0.036958225071430206, 0.043540094047784805, 0.03375982493162155, 0.038285836577415466, 0.04060215502977371, 0.0322900116443634, 0.03836848586797714, 0.036231718957424164, 0.038033340126276016, 0.030375592410564423, 0.0337526910007, 0.03693198412656784, 0.03957991302013397, 0.03268025442957878, 0.0368637777864933, 0.034839097410440445];[-0.8261896967887878, -0.8216671943664551, -0.8301041722297668, -0.8313363194465637, -0.8460822701454163, -0.8196702599525452, -0.8182767629623413, -0.8381345868110657, -0.8129781484603882, -0.8240448236465454, -0.8242868185043335, -0.8257296085357666, -0.8216226696968079, -0.8536518216133118, -0.8220477104187012, -0.8340879678726196, -0.8913893699645996, -0.8236498832702637, -0.8391470909118652, -0.8525127172470093, -0.8198515772819519, -0.8348661065101624, -0.8288050889968872, -0.8373395800590515, -0.8171232342720032, -0.8356587886810303, -0.8338343501091003, -0.8502436280250549, -0.8265542984008789, -0.8309946060180664, -0.823765218257904];[];715.0347111225128
1150;[0.7852113246917725, 0.7689446806907654, 0.7726821303367615, 0.7752009630203247, 0.7753962278366089, 0.7752742767333984, 0.7741342782974243, 0.7751954197883606, 0.7672539949417114, 0.7731268405914307, 0.7761301398277283, 0.7745561599731445, 0.7707620859146118, 0.7611956596374512, 0.772054135799408, 0.7702558040618896, 0.7695395946502686, 0.7748419046401978, 0.7701451778411865, 0.7735775113105774, 0.7745742201805115, 0.7728807330131531, 0.7746621370315552, 0.7833682298660278, 0.769312858581543, 0.7713672518730164, 0.7767979502677917, 0.772463321685791, 0.7718414068222046, 0.7705440521240234, 0.7674129009246826];[0.04333550110459328, 0.03149394690990448, 0.03548729047179222, 0.03596115484833717, 0.04062086343765259, 0.03543465584516525, 0.03523391857743263, 0.03559834882616997, 0.03064689412713051, 0.03524855524301529, 0.037469856441020966, 0.03496202826499939, 0.033582963049411774, 0.026173951104283333, 0.03521646186709404, 0.03228539600968361, 0.032954003661870956, 0.03491342440247536, 0.03498396649956703, 0.03646814823150635, 0.038514528423547745, 0.03554264083504677, 0.03740161284804344, 0.044605158269405365, 0.03134683892130852, 0.03536133095622063, 0.039817288517951965, 0.0353870764374733, 0.03734700009226799, 0.035330384969711304, 0.03439059481024742];[-0.8496584892272949, -0.8146618604660034, -0.8262227177619934, -0.8305268287658691, -0.840132474899292, -0.8278442621231079, -0.8289775252342224, -0.8284343481063843, -0.8150201439857483, -0.829424262046814, -0.8332206606864929, -0.827467143535614, -0.8229004144668579, -0.8020913004875183, -0.8294489979743958, -0.8297873139381409, -0.8198474645614624, -0.8231857419013977, -0.8238441348075867, -0.8317061066627502, -0.8426212072372437, -0.83137047290802, -0.8353208303451538, -0.8527148365974426, -0.8159714341163635, -0.8307386636734009, -0.8408420085906982, -0.825688898563385, -0.8338936567306519, -0.8265993595123291, -0.8306782245635986];[];714.3062543869019
1200;[0.7727193832397461, 0.7675973773002625, 0.7792628407478333, 0.7704885601997375, 0.7712286114692688, 0.7796443104743958, 0.7757336497306824, 0.7742376327514648, 0.7812445163726807, 0.7751036882400513, 0.7678112983703613, 0.7715292572975159, 0.7753164172172546, 0.7696656584739685, 0.779448390007019, 0.772262692451477, 0.7841939330101013, 0.7714588642120361, 0.7653483748435974, 0.7734134197235107, 0.7764360308647156, 0.7654359936714172, 0.770990252494812, 0.7675393223762512, 0.7704188227653503, 0.7663719058036804, 0.7695411443710327, 0.7769245505332947, 0.7691035270690918, 0.7704911828041077, 0.7723541259765625];[0.03595331311225891, 0.03252395987510681, 0.04010170325636864, 0.032082825899124146, 0.03258339315652847, 0.04132796823978424, 0.037487443536520004, 0.03621303662657738, 0.04049162194132805, 0.03508486598730087, 0.030307039618492126, 0.033957239240407944, 0.03628898039460182, 0.030634431168437004, 0.040905795991420746, 0.03209971264004707, 0.04199445620179176, 0.03218681737780571, 0.028193393722176552, 0.03459003567695618, 0.03876768797636032, 0.027947168797254562, 0.03310294449329376, 0.03205396980047226, 0.03357818350195885, 0.03014299087226391, 0.03326287120580673, 0.03780228644609451, 0.03464432805776596, 0.0352761372923851, 0.03669942170381546];[-0.827035129070282, -0.8208491206169128, -0.8401875495910645, -0.8163171410560608, -0.8243299126625061, -0.842410147190094, -0.8373452425003052, -0.8284866213798523, -0.8691277503967285, -0.8288406133651733, -0.8160684108734131, -0.8251430988311768, -0.8319369554519653, -0.8127833008766174, -0.849168062210083, -0.8177031874656677, -0.8488765358924866, -0.8149828910827637, -0.8089612722396851, -0.8266395330429077, -0.8370770215988159, -0.8075860142707825, -0.8259372711181641, -0.8155582547187805, -0.8203547596931458, -0.8117291927337646, -0.8220938444137573, -0.8361154794692993, -0.8265567421913147, -0.8282322287559509, -0.8316727876663208];[];692.9451627731323
1250;[0.770042359828949, 0.7919203639030457, 0.7652116417884827, 0.7749225497245789, 0.7791682481765747, 0.7742233872413635, 0.7773439288139343, 0.7734740972518921, 0.7757542133331299, 0.7716158628463745, 0.7821980714797974, 0.7815863490104675, 0.7669326066970825, 0.7660043835639954, 0.7786045074462891, 0.7777811288833618, 0.7768353223800659, 0.7703673243522644, 0.7771046757698059, 0.7725492119789124, 0.7757527828216553, 0.7888355851173401, 0.7724093198776245, 0.7757827043533325, 0.7751391530036926, 0.7789232134819031, 0.7735990285873413, 0.7760000228881836, 0.781359076499939, 0.7838820815086365, 0.7842957973480225];[0.03240371495485306, 0.04787437990307808, 0.031226355582475662, 0.03835708275437355, 0.042616065591573715, 0.03773719072341919, 0.0424887090921402, 0.042462803423404694, 0.04122726991772652, 0.03632703423500061, 0.047688499093055725, 0.044995471835136414, 0.03512672334909439, 0.03683292120695114, 0.04470424726605415, 0.042936790734529495, 0.04372217878699303, 0.03981568291783333, 0.0429404117166996, 0.039904575794935226, 0.0455034002661705, 0.05214462801814079, 0.04001588746905327, 0.04310083016753197, 0.04019244760274887, 0.04383717477321625, 0.040545880794525146, 0.0409652478992939, 0.04664153233170509, 0.0486287958920002, 0.0476868711411953];[-0.8209971189498901, -0.868685781955719, -0.8133008480072021, -0.8380364775657654, -0.8542870283126831, -0.8309320211410522, -0.8495557904243469, -0.8517060875892639, -0.8452431559562683, -0.8331390619277954, -0.8663162589073181, -0.854838490486145, -0.8252785801887512, -0.8323826789855957, -0.8601081967353821, -0.8508166074752808, -0.8542070388793945, -0.8435890078544617, -0.848039448261261, -0.8447589874267578, -0.8586387038230896, -0.8795235753059387, -0.8416294455528259, -0.8478244543075562, -0.8404438495635986, -0.8543537855148315, -0.849076509475708, -0.8463387489318848, -0.8585481643676758, -0.8712302446365356, -0.8763568997383118];[];884.137012720108
1300;[0.7769807577133179, 0.7700378894805908, 0.7674805521965027, 0.7766417860984802, 0.7778252363204956, 0.7789491415023804, 0.7829607129096985, 0.7763831615447998, 0.7735632061958313, 0.7737242579460144, 0.7826101779937744, 0.7812025547027588, 0.7782561182975769, 0.7692181468009949, 0.7783493399620056, 0.772786557674408, 0.782573938369751, 0.7791871428489685, 0.7691798210144043, 0.7819793224334717, 0.7825124859809875, 0.7778991460800171, 0.7863394618034363, 0.7879990339279175, 0.7784720063209534, 0.7793746590614319, 0.7948810458183289, 0.783760666847229, 0.7731955647468567, 0.7798904180526733, 0.7922574281692505];[0.03946933150291443, 0.033783528953790665, 0.03274361044168472, 0.041066695004701614, 0.037335727363824844, 0.039513830095529556, 0.04221102595329285, 0.04097701609134674, 0.03708488866686821, 0.03375678136944771, 0.04171108081936836, 0.043013688176870346, 0.03782093524932861, 0.03203697130084038, 0.037027232348918915, 0.03331807255744934, 0.03873101621866226, 0.03934472054243088, 0.03247634321451187, 0.04222133010625839, 0.042749252170324326, 0.03747129812836647, 0.04712565615773201, 0.045380666851997375, 0.039793532341718674, 0.04110250994563103, 0.054905105382204056, 0.044856537133455276, 0.034296922385692596, 0.03853088989853859, 0.04689030349254608];[-0.8411913514137268, -0.824618399143219, -0.820240318775177, -0.8417632579803467, -0.8329464197158813, -0.8397369980812073, -0.8535517454147339, -0.8399391770362854, -0.8343079090118408, -0.8339146375656128, -0.8469600677490234, -0.8483695387840271, -0.8338029980659485, -0.8195902705192566, -0.8315560221672058, -0.8292965888977051, -0.839303195476532, -0.8391774296760559, -0.8202895522117615, -0.8493660092353821, -0.8511549234390259, -0.8348103165626526, -0.8612641096115112, -0.8677414655685425, -0.8429701924324036, -0.8434682488441467, -0.892326295375824, -0.8663153648376465, -0.8294746279716492, -0.8442409038543701, -0.8944132924079895];[];878.7843449115753
1350;[0.7678991556167603, 0.7806620001792908, 0.7743886709213257, 0.7714547514915466, 0.7701647877693176, 0.7832976579666138, 0.7748106122016907, 0.775961697101593, 0.7774471044540405, 0.7744753360748291, 0.7728715538978577, 0.7723478078842163, 0.7695738077163696, 0.7665734887123108, 0.7810729146003723, 0.7785294055938721, 0.7727681994438171, 0.7690175175666809, 0.7780171632766724, 0.7811769247055054, 0.7818964719772339, 0.773612380027771, 0.768653929233551, 0.7715480923652649, 0.777452290058136, 0.7734273076057434, 0.7729178667068481, 0.7665975689888, 0.7680382132530212, 0.7725974321365356, 0.7826699614524841];[0.03227810189127922, 0.04103551432490349, 0.03867059946060181, 0.03634554147720337, 0.03575960174202919, 0.044894322752952576, 0.03873857483267784, 0.03865957632660866, 0.03901752084493637, 0.03692886605858803, 0.03574208915233612, 0.035197723656892776, 0.03429035842418671, 0.033974360674619675, 0.04255375638604164, 0.04197432100772858, 0.03688465803861618, 0.033452216535806656, 0.04041214659810066, 0.041038185358047485, 0.04440252482891083, 0.03552250564098358, 0.03325755521655083, 0.03906664624810219, 0.03502335026860237, 0.03837326914072037, 0.035345837473869324, 0.031894251704216, 0.03246214985847473, 0.03480864688754082, 0.04246774688363075];[-0.8188521265983582, -0.8444996476173401, -0.8378150463104248, -0.8305997252464294, -0.8283740282058716, -0.8562067747116089, -0.8378226161003113, -0.8380237221717834, -0.8504186868667603, -0.8403588533401489, -0.8288267850875854, -0.8413742184638977, -0.8231789469718933, -0.8227161765098572, -0.8507012724876404, -0.8452017903327942, -0.8419527411460876, -0.8263260722160339, -0.8456856608390808, -0.8501052856445312, -0.855108380317688, -0.8284846544265747, -0.8201467394828796, -0.8392786979675293, -0.8259987235069275, -0.8377317786216736, -0.826858639717102, -0.8164794445037842, -0.8141781687736511, -0.8258211016654968, -0.8493961691856384];[];894.3930344581604
1400;[0.7739479541778564, 0.7720209956169128, 0.7854106426239014, 0.7763556838035583, 0.7779911756515503, 0.7771393656730652, 0.7710468173027039, 0.7812370657920837, 0.782731294631958, 0.7788965106010437, 0.7856307625770569, 0.7789269685745239, 0.7754579186439514, 0.7791187763214111, 0.7887464165687561, 0.7806563973426819, 0.7831143736839294, 0.7753073573112488, 0.7796376943588257, 0.7780773043632507, 0.7837629318237305, 0.7718856334686279, 0.7770471572875977, 0.7713659405708313, 0.7835778594017029, 0.7762055993080139, 0.7682557106018066, 0.7806662917137146, 0.7824864387512207, 0.7763512134552002, 0.7765729427337646];[0.03584079444408417, 0.032251499593257904, 0.044151246547698975, 0.034687403589487076, 0.03784401714801788, 0.03632025793194771, 0.03408248722553253, 0.0370151586830616, 0.0415211096405983, 0.037490639835596085, 0.042174093425273895, 0.03879541531205177, 0.03552895411849022, 0.03796054795384407, 0.04679108038544655, 0.042257193475961685, 0.043834805488586426, 0.03878355398774147, 0.04101307690143585, 0.043091271072626114, 0.04586532711982727, 0.0348602719604969, 0.03803763538599014, 0.03345755860209465, 0.04274782910943031, 0.03650698810815811, 0.030600642785429955, 0.041506048291921616, 0.04142996668815613, 0.038104332983493805, 0.038834281265735626];[-0.834911048412323, -0.8196006417274475, -0.8625494241714478, -0.82587730884552, -0.8330014944076538, -0.829634964466095, -0.8216987252235413, -0.8308239579200745, -0.8459544777870178, -0.8355413675308228, -0.845310628414154, -0.8398759365081787, -0.8298680186271667, -0.8359804749488831, -0.8766824007034302, -0.8463641405105591, -0.8545023798942566, -0.8374661207199097, -0.8441430926322937, -0.8570716381072998, -0.8575701713562012, -0.827072024345398, -0.8374812006950378, -0.81916743516922, -0.8505024313926697, -0.8308314681053162, -0.8135051131248474, -0.8517458438873291, -0.8475517630577087, -0.8368916511535645, -0.8398173451423645];[];905.1240270137787
1450;[0.7742912769317627, 0.7670938968658447, 0.7742080092430115, 0.7769555449485779, 0.773104727268219, 0.7735695838928223, 0.776813805103302, 0.770254909992218, 0.7680414915084839, 0.7632068395614624, 0.7688702344894409, 0.7754213809967041, 0.7726982235908508, 0.7726083993911743, 0.7729420065879822, 0.766964852809906, 0.7646885514259338, 0.7701232433319092, 0.7648457884788513, 0.7720827460289001, 0.7630645632743835, 0.7668449878692627, 0.7689245343208313, 0.7706142663955688, 0.7754356861114502, 0.769151508808136, 0.7724504470825195, 0.7718310952186584, 0.7644181251525879, 0.7702427506446838, 0.7685520052909851];[0.037088099867105484, 0.03250296413898468, 0.037822481244802475, 0.03551076352596283, 0.03665847331285477, 0.03625495731830597, 0.03810932859778404, 0.032398514449596405, 0.03134363889694214, 0.02969379350543022, 0.032933227717876434, 0.0390428826212883, 0.03746717423200607, 0.03337423503398895, 0.03668535500764847, 0.030388489365577698, 0.03139253705739975, 0.03474321588873863, 0.029254114255309105, 0.03522929549217224, 0.031646404415369034, 0.03226076811552048, 0.03318912535905838, 0.03458869084715843, 0.04074336215853691, 0.03405560925602913, 0.0337848886847496, 0.03300725296139717, 0.029382172971963882, 0.030759098008275032, 0.02838953770697117];[-0.8339441418647766, -0.8158978223800659, -0.8298388123512268, -0.8377074003219604, -0.8319980502128601, -0.8310387134552002, -0.8314641714096069, -0.8227729201316833, -0.8148853182792664, -0.8096778392791748, -0.8226281404495239, -0.8362787961959839, -0.8323635458946228, -0.8191460967063904, -0.8409126400947571, -0.8192981481552124, -0.8208249807357788, -0.828216016292572, -0.8080246448516846, -0.8285677433013916, -0.8128772377967834, -0.8177939653396606, -0.8224551677703857, -0.8256711959838867, -0.8418616652488708, -0.8238492608070374, -0.8275723457336426, -0.8203076124191284, -0.8136578798294067, -0.8130078315734863, -0.8114132881164551];[];899.1657617092133
1500;[0.7787718772888184, 0.7746866941452026, 0.7632089853286743, 0.7712802886962891, 0.773823618888855, 0.7742919921875, 0.772987425327301, 0.7806355357170105, 0.772375226020813, 0.7782797813415527, 0.7691081166267395, 0.7693827748298645, 0.7761399149894714, 0.776297390460968, 0.7769939303398132, 0.7739604711532593, 0.7646614909172058, 0.7798770070075989, 0.7783353328704834, 0.7710132002830505, 0.7724654078483582, 0.7671783566474915, 0.7709850668907166, 0.7739874124526978, 0.7672708034515381, 0.7675201296806335, 0.7732592225074768, 0.7697713375091553, 0.7837952375411987, 0.7748714089393616, 0.7750534415245056];[0.03847665712237358, 0.038211364299058914, 0.029712004587054253, 0.035632938146591187, 0.03695172816514969, 0.03861716389656067, 0.03574680536985397, 0.040370408445596695, 0.03610957786440849, 0.041401952505111694, 0.03188265115022659, 0.03441248834133148, 0.0380730964243412, 0.040393199771642685, 0.038302354514598846, 0.03803669288754463, 0.03293414041399956, 0.041597630828619, 0.04229079186916351, 0.033668436110019684, 0.03651883080601692, 0.03306004777550697, 0.03396940976381302, 0.03699870407581329, 0.03212838992476463, 0.03248780965805054, 0.03806057572364807, 0.034690238535404205, 0.04311032220721245, 0.03931114450097084, 0.04026978835463524];[-0.8343251347541809, -0.8349449038505554, -0.8098577857017517, -0.8279552459716797, -0.8329178094863892, -0.8361947536468506, -0.8327157497406006, -0.8448845744132996, -0.8287186026573181, -0.8473255634307861, -0.8184090852737427, -0.8228767514228821, -0.8373673558235168, -0.8452492952346802, -0.8366861939430237, -0.8363070487976074, -0.820773184299469, -0.8447714447975159, -0.8463802933692932, -0.819981038570404, -0.8316369652748108, -0.8222366571426392, -0.8244200348854065, -0.832345724105835, -0.8189848065376282, -0.8161013126373291, -0.8359338641166687, -0.8263913989067078, -0.850038468837738, -0.8410635590553284, -0.8436532616615295];[];914.0110905170441
1550;[0.7677679657936096, 0.777363657951355, 0.7776001691818237, 0.7690754532814026, 0.7874698638916016, 0.7701895236968994, 0.7696012258529663, 0.7796631455421448, 0.7723742127418518, 0.7836557030677795, 0.7746530175209045, 0.7705090045928955, 0.7802174687385559, 0.771764874458313, 0.7862778306007385, 0.7655693292617798, 0.7798343896865845, 0.7786887884140015, 0.7868301868438721, 0.7772096991539001, 0.7936466336250305, 0.7870010733604431, 0.7853358387947083, 0.7828751802444458, 0.7850818037986755, 0.7763692736625671, 0.7843412756919861, 0.7791749835014343, 0.778033435344696, 0.773878276348114, 0.78034907579422];[0.030608566477894783, 0.0407387912273407, 0.03953522443771362, 0.03368383273482323, 0.044189125299453735, 0.03570621833205223, 0.03668937087059021, 0.04203213378787041, 0.03761826083064079, 0.04554091766476631, 0.03883243724703789, 0.03480909764766693, 0.04299851506948471, 0.03719959408044815, 0.048094719648361206, 0.03142125532031059, 0.04380691424012184, 0.040710702538490295, 0.047169238328933716, 0.039080243557691574, 0.05436129868030548, 0.0510668009519577, 0.04935741797089577, 0.04411154240369797, 0.05016139894723892, 0.04291985183954239, 0.04739046096801758, 0.04385603219270706, 0.04193073883652687, 0.041326262056827545, 0.04514553025364876];[-0.8175908327102661, -0.849090039730072, -0.8479520082473755, -0.8260120749473572, -0.8700110912322998, -0.8327205181121826, -0.8304188847541809, -0.8470830321311951, -0.8333764672279358, -0.8581259846687317, -0.8442733287811279, -0.8267186284065247, -0.8609318137168884, -0.8385918736457825, -0.8629947304725647, -0.8185338973999023, -0.8507378697395325, -0.8463627099990845, -0.862334668636322, -0.8403310775756836, -0.893300473690033, -0.8823874592781067, -0.8652324676513672, -0.8517438769340515, -0.8728437423706055, -0.849639356136322, -0.8636898994445801, -0.8581956028938293, -0.848360002040863, -0.8426607847213745, -0.854127049446106];[];836.8496613502502
1600;[0.7711772918701172, 0.7776231169700623, 0.7741823792457581, 0.7751509547233582, 0.7696347832679749, 0.7761498689651489, 0.77461177110672, 0.7722867727279663, 0.770992636680603, 0.7737681269645691, 0.7603870034217834, 0.7773822546005249, 0.767660915851593, 0.7720571756362915, 0.7714781761169434, 0.7724090218544006, 0.7666674256324768, 0.7709223031997681, 0.7681894302368164, 0.7634384036064148, 0.773733377456665, 0.7756163477897644, 0.7658981084823608, 0.7652978301048279, 0.767606794834137, 0.7691024541854858, 0.771739661693573, 0.7632675766944885, 0.7597889304161072, 0.7753468751907349, 0.7613517642021179];[0.03391256928443909, 0.03694932162761688, 0.03696272149682045, 0.03748277574777603, 0.03202163800597191, 0.039315640926361084, 0.0377853624522686, 0.035513971000909805, 0.03250376135110855, 0.03808126971125603, 0.027879349887371063, 0.039758361876010895, 0.03269205614924431, 0.033959660679101944, 0.036349039524793625, 0.03497505933046341, 0.03127150237560272, 0.035295914858579636, 0.03127294406294823, 0.02776302956044674, 0.034497398883104324, 0.03472290560603142, 0.03251085802912712, 0.029077351093292236, 0.031032029539346695, 0.03193896636366844, 0.032260410487651825, 0.029477115720510483, 0.02450087107717991, 0.03685509413480759, 0.026213981211185455];[-0.8252195715904236, -0.8504652380943298, -0.8382450342178345, -0.8322738409042358, -0.8216840028762817, -0.8391675353050232, -0.8353115916252136, -0.8298608064651489, -0.8192208409309387, -0.8360919952392578, -0.8034608960151672, -0.8419370055198669, -0.8146113753318787, -0.8242584466934204, -0.8308031558990479, -0.8284969329833984, -0.8142340183258057, -0.8270357847213745, -0.8166706562042236, -0.8054884672164917, -0.8251810669898987, -0.8237672448158264, -0.8177751898765564, -0.8116928935050964, -0.8189176321029663, -0.8167713284492493, -0.8166448473930359, -0.8084257245063782, -0.7961682677268982, -0.8320139050483704, -0.8014475107192993];[];777.8674414157867
1650;[0.7757501602172852, 0.767549991607666, 0.7680511474609375, 0.7718933820724487, 0.7701790928840637, 0.7693156599998474, 0.7687183618545532, 0.7791497707366943, 0.780773937702179, 0.7768959999084473, 0.7690158486366272, 0.7789177298545837, 0.7759108543395996, 0.7754846215248108, 0.7806220054626465, 0.781337559223175, 0.7645038366317749, 0.7730535864830017, 0.7790785431861877, 0.7712951302528381, 0.770673394203186, 0.7741725444793701, 0.7760157585144043, 0.7728530168533325, 0.7799592018127441, 0.7720013856887817, 0.7813628911972046, 0.7764518857002258, 0.7857032418251038, 0.7702698111534119, 0.7769606709480286];[0.03510047122836113, 0.031689923256635666, 0.03275267779827118, 0.034075185656547546, 0.03463521972298622, 0.03256997466087341, 0.03522871807217598, 0.04117811098694801, 0.04144097492098808, 0.03915503993630409, 0.03296973183751106, 0.036765988916158676, 0.03628873452544212, 0.03553657606244087, 0.04193029925227165, 0.04237065464258194, 0.030974512919783592, 0.03605075925588608, 0.04101991280913353, 0.03837637975811958, 0.03837310150265694, 0.03759399428963661, 0.03824833035469055, 0.03538991138339043, 0.04479079693555832, 0.03636663407087326, 0.03951336070895195, 0.03773312643170357, 0.04630710184574127, 0.03573938086628914, 0.03822563588619232];[-0.8312815427780151, -0.818328857421875, -0.8205664157867432, -0.8231603503227234, -0.8244191408157349, -0.8255944848060608, -0.8253188729286194, -0.8429538607597351, -0.8430362343788147, -0.8379337787628174, -0.8242819905281067, -0.8293864727020264, -0.8324048519134521, -0.8270308971405029, -0.842532753944397, -0.8470715880393982, -0.8152545690536499, -0.8291320204734802, -0.8423522114753723, -0.8340868353843689, -0.8347910642623901, -0.8343702554702759, -0.8393054008483887, -0.8254747986793518, -0.852209210395813, -0.8293861746788025, -0.848919689655304, -0.8369275331497192, -0.8549231886863708, -0.8317540884017944, -0.8385562300682068];[];778.3223011493683
1700;[0.779885470867157, 0.7729347944259644, 0.7755594253540039, 0.767028272151947, 0.7718863487243652, 0.7828080654144287, 0.7759275436401367, 0.7715246081352234, 0.7779292464256287, 0.7848629951477051, 0.7803323268890381, 0.7755994200706482, 0.7669216990470886, 0.7712023854255676, 0.7740381360054016, 0.7827666997909546, 0.7797541618347168, 0.7817716598510742, 0.7753729224205017, 0.7708157896995544, 0.765915036201477, 0.768573522567749, 0.7736946940422058, 0.7693688273429871, 0.7636515498161316, 0.7802661061286926, 0.7694531083106995, 0.7697570323944092, 0.768962025642395, 0.7609980702400208, 0.778096616268158];[0.04248794913291931, 0.037161678075790405, 0.03802214190363884, 0.03241529315710068, 0.03602435067296028, 0.04194116219878197, 0.03933132812380791, 0.03138208016753197, 0.03903727978467941, 0.0447535403072834, 0.04078526422381401, 0.036489978432655334, 0.031373925507068634, 0.03603449836373329, 0.034998565912246704, 0.04253578931093216, 0.0398562029004097, 0.043757688254117966, 0.040540605783462524, 0.03403807431459427, 0.03302915021777153, 0.03382985293865204, 0.03889314830303192, 0.03537445142865181, 0.031486574560403824, 0.04131725803017616, 0.032821886241436005, 0.036822184920310974, 0.03476450592279434, 0.029677923768758774, 0.042485252022743225];[-0.8475978374481201, -0.828515887260437, -0.8367951512336731, -0.8190096020698547, -0.8292756080627441, -0.8564063906669617, -0.8370460271835327, -0.8216137290000916, -0.8350334763526917, -0.864989697933197, -0.846480667591095, -0.8294811248779297, -0.8166587948799133, -0.8289283514022827, -0.8285300135612488, -0.8512284755706787, -0.8462141156196594, -0.8553687334060669, -0.8466525673866272, -0.8247123956680298, -0.81814044713974, -0.8230800628662109, -0.8346709609031677, -0.8361607193946838, -0.8144991397857666, -0.8478797674179077, -0.8194742798805237, -0.8370035290718079, -0.8264207243919373, -0.809604287147522, -0.8501143455505371];[];890.6514339447021
1750;[0.7730234861373901, 0.7698283195495605, 0.7828243374824524, 0.7772250175476074, 0.7804456949234009, 0.7692956924438477, 0.7815361618995667, 0.7774931788444519, 0.7867569923400879, 0.7745389342308044, 0.7811664938926697, 0.7763371467590332, 0.7860819101333618, 0.7733561992645264, 0.7747489213943481, 0.783157229423523, 0.7865849733352661, 0.7727608680725098, 0.7717104554176331, 0.7812259793281555, 0.7746919989585876, 0.7852521538734436, 0.7801558375358582, 0.7730762362480164, 0.7807968854904175, 0.7682327628135681, 0.771301805973053, 0.7729009985923767, 0.7770771384239197, 0.7719387412071228, 0.7732109427452087];[0.03697793930768967, 0.03172701224684715, 0.042879145592451096, 0.037918221205472946, 0.04185936599969864, 0.032446254044771194, 0.03966928645968437, 0.03774043545126915, 0.04580990597605705, 0.038691483438014984, 0.04061341658234596, 0.036209359765052795, 0.04484573379158974, 0.03558703884482384, 0.03914391249418259, 0.045970696955919266, 0.04328380152583122, 0.03811155632138252, 0.03271334990859032, 0.04200972244143486, 0.0358690544962883, 0.043643489480018616, 0.04110977426171303, 0.03444598615169525, 0.04021283611655235, 0.03304062411189079, 0.03256910294294357, 0.03503543138504028, 0.03840749338269234, 0.03518560156226158, 0.03696395084261894];[-0.8309073448181152, -0.8180534243583679, -0.8467474579811096, -0.8331809043884277, -0.8484531044960022, -0.8182907700538635, -0.8400142192840576, -0.8324728012084961, -0.8715341687202454, -0.8390694856643677, -0.839296817779541, -0.8307452201843262, -0.8688090443611145, -0.8251134157180786, -0.8367867469787598, -0.8614357709884644, -0.8600137233734131, -0.8376823663711548, -0.8206321597099304, -0.8483750224113464, -0.8317580223083496, -0.8668842911720276, -0.8458064198493958, -0.8260722756385803, -0.8408426642417908, -0.8255840539932251, -0.8192943930625916, -0.8280647993087769, -0.8489999175071716, -0.8322819471359253, -0.8326561450958252];[];1007.6356165409088
1800;[0.7821429967880249, 0.769273579120636, 0.7694205641746521, 0.7714525461196899, 0.7716169953346252, 0.7716285586357117, 0.768939197063446, 0.7787468433380127, 0.7740720510482788, 0.7768453359603882, 0.7708336114883423, 0.7743058204650879, 0.7684946060180664, 0.7764261960983276, 0.7761673927307129, 0.7774103879928589, 0.7701057195663452, 0.7841413617134094, 0.7816402912139893, 0.7894827723503113, 0.77641361951828, 0.7738670706748962, 0.7880867123603821, 0.7774702906608582, 0.7908545136451721, 0.7765188813209534, 0.7747354507446289, 0.7763561010360718, 0.7783812284469604, 0.786318838596344, 0.771778404712677];[0.04342906177043915, 0.03229166194796562, 0.03286939486861229, 0.03244617208838463, 0.03536481782793999, 0.033449143171310425, 0.03443465754389763, 0.04043891653418541, 0.03682740777730942, 0.04010408744215965, 0.03315378725528717, 0.0381142795085907, 0.0334312804043293, 0.038974959403276443, 0.0394175685942173, 0.0392385870218277, 0.03426126018166542, 0.04426896572113037, 0.04122452065348625, 0.046959176659584045, 0.0394209660589695, 0.03865259140729904, 0.04489603638648987, 0.03674272820353508, 0.04731479659676552, 0.03998569771647453, 0.03751780465245247, 0.03853783756494522, 0.038144584745168686, 0.04718824848532677, 0.03440343588590622];[-0.8736435174942017, -0.8202409744262695, -0.8196585774421692, -0.8184040784835815, -0.8299465775489807, -0.8250143527984619, -0.8239758014678955, -0.8418646454811096, -0.8387224078178406, -0.8395381569862366, -0.8204261064529419, -0.8346232175827026, -0.8243008852005005, -0.8403799533843994, -0.84247225522995, -0.845490038394928, -0.825222373008728, -0.8546818494796753, -0.8477255702018738, -0.8644437789916992, -0.8443005084991455, -0.8366208076477051, -0.8904769420623779, -0.8292887210845947, -0.8822869658470154, -0.8460891246795654, -0.8371464014053345, -0.837919294834137, -0.8367698192596436, -0.8683698773384094, -0.8224179148674011];[];782.5527050495148
1850;[0.7757498025894165, 0.776626706123352, 0.7706776261329651, 0.7707543969154358, 0.7786781787872314, 0.7688096761703491, 0.7707656621932983, 0.7763344645500183, 0.7694255113601685, 0.7714462280273438, 0.7725651264190674, 0.7697487473487854, 0.772857129573822, 0.7708512544631958, 0.775930643081665, 0.7718558311462402, 0.7837657928466797, 0.7738392353057861, 0.7677816152572632, 0.7679903507232666, 0.7669572830200195, 0.7639626860618591, 0.7761546969413757, 0.7762008309364319, 0.7767766118049622, 0.7651416063308716, 0.7672516107559204, 0.7660524249076843, 0.7667931318283081, 0.7783872485160828, 0.77359539270401];[0.03700700029730797, 0.0398155078291893, 0.03306068852543831, 0.0374891571700573, 0.03988027200102806, 0.030613822862505913, 0.034837834537029266, 0.03971196711063385, 0.03225179389119148, 0.033985525369644165, 0.03395211696624756, 0.03382493183016777, 0.033004824072122574, 0.031370386481285095, 0.036286722868680954, 0.033279478549957275, 0.042181894183158875, 0.03570130467414856, 0.02957398071885109, 0.03178377076983452, 0.02759368158876896, 0.028240982443094254, 0.03566678613424301, 0.03505270555615425, 0.03457018733024597, 0.028959305956959724, 0.030421355739235878, 0.029158610850572586, 0.030996982008218765, 0.03894879296422005, 0.03348465636372566];[-0.8342115879058838, -0.8370677828788757, -0.8211680054664612, -0.8385981321334839, -0.8464466333389282, -0.8140753507614136, -0.825463056564331, -0.8413306474685669, -0.8172797560691833, -0.8201518654823303, -0.8250054121017456, -0.8252124190330505, -0.8202532529830933, -0.8159976601600647, -0.8342232704162598, -0.8175908327102661, -0.873302161693573, -0.8257190585136414, -0.8097200393676758, -0.8163300156593323, -0.80733323097229, -0.8075215816497803, -0.827802300453186, -0.8270825147628784, -0.8311118483543396, -0.8092220425605774, -0.8164306282997131, -0.8101859092712402, -0.8118075132369995, -0.8412485718727112, -0.8324671387672424];[];751.1643092632294
1900;[0.7713056802749634, 0.7751094102859497, 0.7789307832717896, 0.7765794992446899, 0.7711724042892456, 0.7698232531547546, 0.7752596139907837, 0.7762265801429749, 0.782223641872406, 0.7724752426147461, 0.7703996300697327, 0.7835080027580261, 0.7854182720184326, 0.7843757271766663, 0.7781882286071777, 0.777216911315918, 0.7850819826126099, 0.7773550152778625, 0.778937578201294, 0.7778175473213196, 0.7774680852890015, 0.7938114404678345, 0.7794996500015259, 0.782333254814148, 0.7833744287490845, 0.7867671251296997, 0.7839702367782593, 0.7727935910224915, 0.7718876004219055, 0.7804855704307556, 0.7931600213050842];[0.03523588180541992, 0.040657807141542435, 0.041042670607566833, 0.03813892602920532, 0.03553193807601929, 0.03394954279065132, 0.035938560962677, 0.039018549025058746, 0.041995059698820114, 0.0352119579911232, 0.032813750207424164, 0.04365414381027222, 0.04005739837884903, 0.04365122690796852, 0.03816282004117966, 0.038238391280174255, 0.04462594538927078, 0.037482090294361115, 0.03985526040196419, 0.03810225427150726, 0.037599511444568634, 0.050188638269901276, 0.040572937577962875, 0.04237857833504677, 0.04159843549132347, 0.04433070495724678, 0.04408707469701767, 0.035023000091314316, 0.03279547393321991, 0.03946970775723457, 0.04879860579967499];[-0.8318257927894592, -0.8421517610549927, -0.8426989912986755, -0.833533763885498, -0.8245365619659424, -0.8213666677474976, -0.8293197154998779, -0.8372766971588135, -0.8486182689666748, -0.8280621767044067, -0.821227490901947, -0.8521881103515625, -0.8513267040252686, -0.8526262640953064, -0.8325635194778442, -0.8343892693519592, -0.8547887802124023, -0.8357715010643005, -0.83884596824646, -0.8335592150688171, -0.8340556025505066, -0.8781625032424927, -0.8423761129379272, -0.8487146496772766, -0.8461569547653198, -0.8592447638511658, -0.8571320176124573, -0.831608235836029, -0.8208178877830505, -0.8433364033699036, -0.8659974336624146];[];748.9785943031311
1950;[0.7726964950561523, 0.7697566151618958, 0.7814368009567261, 0.7731670141220093, 0.7733978629112244, 0.7846808433532715, 0.7758848071098328, 0.7758013010025024, 0.776191234588623, 0.7702113389968872, 0.7748039960861206, 0.7696011066436768, 0.7752709984779358, 0.7740927338600159, 0.7721932530403137, 0.7744006514549255, 0.7726714611053467, 0.7815144658088684, 0.773775041103363, 0.7811071872711182, 0.7777804732322693, 0.7817902565002441, 0.7733322381973267, 0.7727123498916626, 0.764460027217865, 0.7679290175437927, 0.772945761680603, 0.7745926380157471, 0.765992283821106, 0.7717609405517578, 0.7777200937271118];[0.03449713811278343, 0.034368034452199936, 0.04331366717815399, 0.03716031461954117, 0.03770918399095535, 0.04541877657175064, 0.040248166769742966, 0.03812471404671669, 0.03792700543999672, 0.03548214212059975, 0.03831043094396591, 0.0344400554895401, 0.03765655308961868, 0.03829896077513695, 0.0369139090180397, 0.03403282165527344, 0.03328897804021835, 0.040346719324588776, 0.03769736364483833, 0.04181287810206413, 0.036976128816604614, 0.03986719250679016, 0.035504378378391266, 0.032845500856637955, 0.03325039520859718, 0.03283417969942093, 0.033507782965898514, 0.03610677272081375, 0.03230328485369682, 0.03185015916824341, 0.037601206451654434];[-0.8272060751914978, -0.8223085403442383, -0.8526685833930969, -0.8382565379142761, -0.8331882953643799, -0.8641799092292786, -0.8404083847999573, -0.8405764698982239, -0.8353763818740845, -0.8282994627952576, -0.8342951536178589, -0.8244501948356628, -0.8326553106307983, -0.8344322443008423, -0.8354776501655579, -0.866802990436554, -0.8250190019607544, -0.8430835604667664, -0.8347266912460327, -0.8468377590179443, -0.8498445153236389, -0.8445453643798828, -0.8266147971153259, -0.8222130537033081, -0.8175345659255981, -0.8217230439186096, -0.8229696750640869, -0.8391728401184082, -0.8158203363418579, -0.8166655898094177, -0.8364546298980713];[];755.7352035045624
2000;[0.769666314125061, 0.77698814868927, 0.7928285002708435, 0.7800969481468201, 0.7652367949485779, 0.7634795904159546, 0.7732977271080017, 0.7682462930679321, 0.7746344208717346, 0.7638932466506958, 0.7726739048957825, 0.7691687345504761, 0.774156928062439, 0.7758672833442688, 0.7672390341758728, 0.7837533950805664, 0.7845380902290344, 0.7674717307090759, 0.7757521271705627, 0.7649698257446289, 0.768401563167572, 0.7729928493499756, 0.7706470489501953, 0.7713276147842407, 0.7851585745811462, 0.7689653635025024, 0.7689237594604492, 0.7618927955627441, 0.769767165184021, 0.7686431407928467, 0.7672345042228699];[0.03254355862736702, 0.03894076123833656, 0.052183039486408234, 0.03750786930322647, 0.03081321157515049, 0.029540058225393295, 0.034184884279966354, 0.03339175879955292, 0.03881046921014786, 0.030126649886369705, 0.03726885840296745, 0.035633400082588196, 0.040029894560575485, 0.04051916301250458, 0.032954152673482895, 0.047981422394514084, 0.04480244591832161, 0.03345317766070366, 0.03597740828990936, 0.030848456546664238, 0.03247634321451187, 0.03542620688676834, 0.03450657054781914, 0.03641534969210625, 0.04610574617981911, 0.03122701682150364, 0.03256094828248024, 0.027813788503408432, 0.03365282341837883, 0.0351787768304348, 0.029757395386695862];[-0.8230075836181641, -0.835279107093811, -0.8783215880393982, -0.8397226333618164, -0.8142608404159546, -0.8132002949714661, -0.8269002437591553, -0.8189892768859863, -0.8373210430145264, -0.8113641738891602, -0.8379437923431396, -0.830179750919342, -0.8432438373565674, -0.8543092608451843, -0.8185329437255859, -0.8649460673332214, -0.8568321466445923, -0.8198405504226685, -0.8276810646057129, -0.8164517283439636, -0.819507896900177, -0.8366169333457947, -0.8306270241737366, -0.8313261866569519, -0.8705276846885681, -0.8180840611457825, -0.8198553323745728, -0.8077062368392944, -0.8229811787605286, -0.8343672156333923, -0.8106419444084167];[];736.5008316040039
2050;[0.7718462944030762, 0.7632446885108948, 0.7735649943351746, 0.7760162949562073, 0.7634835243225098, 0.7717782258987427, 0.7709652185440063, 0.7799248099327087, 0.7701157927513123, 0.7781240940093994, 0.7768798470497131, 0.7845905423164368, 0.7803400158882141, 0.7767624855041504, 0.7737922072410583, 0.771531879901886, 0.7838548421859741, 0.7788035273551941, 0.7757543325424194, 0.7731766700744629, 0.7836390733718872, 0.7768032550811768, 0.7715163826942444, 0.7832338213920593, 0.7816967964172363, 0.7805736064910889, 0.7806831002235413, 0.7852166891098022, 0.7831615209579468, 0.787506103515625, 0.7790539264678955];[0.03210893273353577, 0.031019339337944984, 0.03634404018521309, 0.03645048290491104, 0.02751333825290203, 0.03438433259725571, 0.037282224744558334, 0.04221151024103165, 0.03506142273545265, 0.040917832404375076, 0.04018670693039894, 0.046814754605293274, 0.041490957140922546, 0.04103213921189308, 0.03696160018444061, 0.03743128105998039, 0.045649804174900055, 0.03986244648694992, 0.04027525708079338, 0.037617843598127365, 0.045637015253305435, 0.04015941545367241, 0.03793744742870331, 0.04415825754404068, 0.042473066598176956, 0.04187316820025444, 0.04094817861914635, 0.04590104520320892, 0.04545440524816513, 0.0500398725271225, 0.04129433259367943];[-0.8186960816383362, -0.8116174936294556, -0.8293947577476501, -0.828260600566864, -0.8073341846466064, -0.8255115747451782, -0.8338204622268677, -0.8537909984588623, -0.8251314163208008, -0.8440752625465393, -0.8428609371185303, -0.8660110235214233, -0.857662558555603, -0.847919762134552, -0.8329479098320007, -0.8328508734703064, -0.8704510927200317, -0.8401546478271484, -0.847984254360199, -0.8328924775123596, -0.861699640750885, -0.8428540229797363, -0.8365300297737122, -0.8549342751502991, -0.8724456429481506, -0.8506168127059937, -0.8444226980209351, -0.8638641834259033, -0.852770984172821, -0.8731451034545898, -0.8486130237579346];[];737.97225522995
2100;[0.776093065738678, 0.7729607820510864, 0.7696281671524048, 0.7707353830337524, 0.7771543860435486, 0.7734827995300293, 0.7717616558074951, 0.7781480550765991, 0.7740575671195984, 0.7674611210823059, 0.7761534452438354, 0.7793494462966919, 0.7646957039833069, 0.7687337398529053, 0.7793592214584351, 0.7752577066421509, 0.7669430375099182, 0.7795459032058716, 0.7744957804679871, 0.768084704875946, 0.7793079018592834, 0.7793694734573364, 0.7778118252754211, 0.771475076675415, 0.7740982174873352, 0.7767713665962219, 0.7664536237716675, 0.7776132822036743, 0.7784990668296814, 0.7695044279098511, 0.7848175168037415];[0.0371716171503067, 0.03351757302880287, 0.031684938818216324, 0.03397510573267937, 0.03454681485891342, 0.03397223725914955, 0.033344168215990067, 0.038154639303684235, 0.03593076393008232, 0.02778131514787674, 0.035139050334692, 0.037306345999240875, 0.02745245397090912, 0.02921571023762226, 0.03679802641272545, 0.03475380688905716, 0.02912779338657856, 0.0385664664208889, 0.033743515610694885, 0.030735336244106293, 0.04010242223739624, 0.038468729704618454, 0.03837760537862778, 0.032985176891088486, 0.03248690813779831, 0.03803369402885437, 0.031319282948970795, 0.03529505059123039, 0.03767972066998482, 0.032112181186676025, 0.042048659175634384];[-0.8355830907821655, -0.824530839920044, -0.8180756568908691, -0.8225330114364624, -0.8414645791053772, -0.8225960731506348, -0.8217062950134277, -0.83338463306427, -0.8335926532745361, -0.803149938583374, -0.831995964050293, -0.8327288031578064, -0.8051112294197083, -0.8098536729812622, -0.8359689116477966, -0.8362677097320557, -0.8094156384468079, -0.8402296304702759, -0.8213130235671997, -0.8119755983352661, -0.8431248664855957, -0.836502194404602, -0.8422027826309204, -0.8198685050010681, -0.8201004862785339, -0.8355584144592285, -0.8194931149482727, -0.82831871509552, -0.8344720602035522, -0.8155019283294678, -0.8450722694396973];[];750.2700736522675
2150;[0.7846554517745972, 0.7761431932449341, 0.7673855423927307, 0.7713419795036316, 0.7830924391746521, 0.7682557106018066, 0.7692115902900696, 0.7847146391868591, 0.7719952464103699, 0.7611041069030762, 0.7708735466003418, 0.7676947712898254, 0.7664432525634766, 0.7694516777992249, 0.7747836112976074, 0.778565526008606, 0.7782724499702454, 0.767831563949585, 0.7695462703704834, 0.7638341784477234, 0.7744243741035461, 0.7711648941040039, 0.759554386138916, 0.7673370242118835, 0.7745060920715332, 0.7743678689002991, 0.7756490707397461, 0.7634572982788086, 0.7716090679168701, 0.7696307301521301, 0.7736082077026367];[0.045015111565589905, 0.03621857240796089, 0.029222335666418076, 0.03306744992733002, 0.0416007861495018, 0.031059224158525467, 0.03264327347278595, 0.04064604267477989, 0.034163229167461395, 0.0272928848862648, 0.033330146223306656, 0.030047573149204254, 0.029846100136637688, 0.030667932704091072, 0.04054441675543785, 0.03718432039022446, 0.03941763564944267, 0.03077731281518936, 0.032683730125427246, 0.02704019658267498, 0.03736450895667076, 0.033768389374017715, 0.026082022115588188, 0.03056778386235237, 0.03766261041164398, 0.03649904206395149, 0.03712448477745056, 0.030130606144666672, 0.03447679802775383, 0.031171370297670364, 0.031914979219436646];[-0.8600744605064392, -0.8273325562477112, -0.8116117119789124, -0.8204135298728943, -0.842029333114624, -0.8137333989143372, -0.8217632174491882, -0.8601513504981995, -0.8246133923530579, -0.8045108318328857, -0.8234713673591614, -0.8107488751411438, -0.8127381205558777, -0.8142390251159668, -0.844385027885437, -0.8301195502281189, -0.8385650515556335, -0.8132595419883728, -0.821341872215271, -0.8024981021881104, -0.8369365930557251, -0.8208688497543335, -0.800198495388031, -0.8178787231445312, -0.8392614722251892, -0.8372713327407837, -0.8393006324768066, -0.8133818507194519, -0.8273995518684387, -0.8137760758399963, -0.8188580274581909];[];739.2763967514038
2200;[0.7703465223312378, 0.7716537714004517, 0.7758467793464661, 0.7984561920166016, 0.7715178728103638, 0.7794166207313538, 0.7726572155952454, 0.7669371366500854, 0.7790048718452454, 0.7697356343269348, 0.7722647786140442, 0.7783578634262085, 0.7720081210136414, 0.7776213884353638, 0.764595627784729, 0.7687101364135742, 0.7723262310028076, 0.7811151146888733, 0.7760568261146545, 0.7683927416801453, 0.7741886973381042, 0.7748867869377136, 0.7703236937522888, 0.7770357131958008, 0.768872082233429, 0.7674590945243835, 0.7704035639762878, 0.76694256067276, 0.779456615447998, 0.7713404893875122, 0.777687668800354];[0.033480461686849594, 0.036977726966142654, 0.039102498441934586, 0.054056961089372635, 0.037977516651153564, 0.04028031602501869, 0.037070952355861664, 0.03163779526948929, 0.04149061068892479, 0.03604915365576744, 0.03664739429950714, 0.042468853294849396, 0.0375201478600502, 0.041381195187568665, 0.03201312944293022, 0.03734292834997177, 0.03603150323033333, 0.042767055332660675, 0.04081946983933449, 0.03454183042049408, 0.03782898560166359, 0.03997018560767174, 0.03674779832363129, 0.0403604656457901, 0.03460985794663429, 0.03277552127838135, 0.03541494160890579, 0.03290621563792229, 0.04117538407444954, 0.03575156256556511, 0.038570865988731384];[-0.8213127851486206, -0.8371590971946716, -0.8402882814407349, -0.9300661087036133, -0.8360245227813721, -0.8434376120567322, -0.8353216648101807, -0.8191815614700317, -0.8466370701789856, -0.8355782628059387, -0.8310003876686096, -0.848587691783905, -0.8285882472991943, -0.8454309105873108, -0.8176825046539307, -0.8357619643211365, -0.8276427984237671, -0.8488826155662537, -0.8461567163467407, -0.8245676159858704, -0.8301862478256226, -0.841733992099762, -0.8319824934005737, -0.8402542471885681, -0.8288539052009583, -0.8191089630126953, -0.8306496143341064, -0.8207679390907288, -0.8516919612884521, -0.8301962018013, -0.8797741532325745];[];767.4949991703033
2250;[0.7763099074363708, 0.7718989253044128, 0.7748943567276001, 0.7715822458267212, 0.7738283276557922, 0.776004433631897, 0.7746841311454773, 0.7728924751281738, 0.7705798149108887, 0.788798451423645, 0.7722463607788086, 0.7812226414680481, 0.7865899205207825, 0.7803931832313538, 0.782282292842865, 0.7749379277229309, 0.7753614187240601, 0.781103253364563, 0.7808772325515747, 0.7805761694908142, 0.7794223427772522, 0.7740178108215332, 0.785072922706604, 0.777952253818512, 0.7797202467918396, 0.7811204791069031, 0.7858601212501526, 0.7824442982673645, 0.7757486701011658, 0.7738388776779175, 0.7877220511436462];[0.0398031547665596, 0.036199770867824554, 0.03772320970892906, 0.033194009214639664, 0.035261448472738266, 0.039899446070194244, 0.037756700068712234, 0.036085352301597595, 0.034490834921598434, 0.04822734743356705, 0.03571666032075882, 0.04344262182712555, 0.045223962515592575, 0.04329729080200195, 0.04585009440779686, 0.03813638910651207, 0.036040086299180984, 0.04213041439652443, 0.0423387810587883, 0.04144487902522087, 0.039394449442625046, 0.03609352931380272, 0.04579140990972519, 0.039677102118730545, 0.04261193796992302, 0.04319765046238899, 0.041633255779743195, 0.04240773990750313, 0.03641093894839287, 0.0352899543941021, 0.04621913284063339];[-0.848635196685791, -0.8291279673576355, -0.8329566717147827, -0.8209033012390137, -0.8280717134475708, -0.8431042432785034, -0.8352664709091187, -0.8316224217414856, -0.8317599892616272, -0.8678972125053406, -0.8284851908683777, -0.8483596444129944, -0.8660114407539368, -0.8579058051109314, -0.8583746552467346, -0.8366146683692932, -0.829755425453186, -0.8499060869216919, -0.8501061797142029, -0.8499887585639954, -0.8397037386894226, -0.8278076648712158, -0.8579020500183105, -0.8468486070632935, -0.8494691252708435, -0.860069215297699, -0.8492712378501892, -0.855161726474762, -0.8303547501564026, -0.8228363990783691, -0.8591395616531372];[];745.3195326328278
2300;[0.7647644877433777, 0.7764938473701477, 0.7742672562599182, 0.7745751738548279, 0.7685976028442383, 0.7676377892494202, 0.772649884223938, 0.7805002331733704, 0.7778055667877197, 0.7752031087875366, 0.7711039781570435, 0.7686110734939575, 0.770499050617218, 0.7741180062294006, 0.7816871404647827, 0.7715343236923218, 0.7759492993354797, 0.7694510221481323, 0.7732657790184021, 0.7776186466217041, 0.7768064141273499, 0.7683238387107849, 0.7737314701080322, 0.7782689929008484, 0.7823938727378845, 0.7707737684249878, 0.7772651314735413, 0.7782610058784485, 0.7711912393569946, 0.7801860570907593, 0.7685945630073547];[0.02967829816043377, 0.0388324111700058, 0.036660317331552505, 0.037213973701000214, 0.03286594897508621, 0.031063657253980637, 0.03851741924881935, 0.043571438640356064, 0.0423392653465271, 0.03765979781746864, 0.03486431762576103, 0.033170055598020554, 0.03403692692518234, 0.036669086664915085, 0.04303615912795067, 0.0370759516954422, 0.03848898783326149, 0.034666649997234344, 0.03961499035358429, 0.04347027838230133, 0.04143979027867317, 0.03581326827406883, 0.036916498094797134, 0.041784193366765976, 0.046003639698028564, 0.03787658363580704, 0.03934458643198013, 0.04118763655424118, 0.03677292913198471, 0.04154936596751213, 0.032582223415374756];[-0.810307502746582, -0.8419936895370483, -0.8338897824287415, -0.8341675400733948, -0.8173803091049194, -0.8147990703582764, -0.8402056097984314, -0.8548207879066467, -0.8522990942001343, -0.8335514068603516, -0.8251627683639526, -0.8190329074859619, -0.8257772326469421, -0.8314759731292725, -0.8541081547737122, -0.8317291140556335, -0.8422574400901794, -0.8266236782073975, -0.8401418924331665, -0.8513522744178772, -0.8502557277679443, -0.830870509147644, -0.8297891616821289, -0.845716118812561, -0.8695979118347168, -0.8333470225334167, -0.8390532732009888, -0.8484110236167908, -0.8295845985412598, -0.8508028388023376, -0.8160113096237183];[];721.6732454299927
2350;[0.7772398591041565, 0.7711002230644226, 0.7702353596687317, 0.7631552815437317, 0.7742782235145569, 0.7697042226791382, 0.7730536460876465, 0.7768744826316833, 0.7709388136863708, 0.7750895023345947, 0.7753508687019348, 0.7781656384468079, 0.763596773147583, 0.7679576277732849, 0.7747665047645569, 0.764274001121521, 0.7740450501441956, 0.7702106833457947, 0.7679956555366516, 0.7790485620498657, 0.7708686590194702, 0.775300920009613, 0.7715803980827332, 0.7705220580101013, 0.7718982100486755, 0.7713523507118225, 0.7751069068908691, 0.766605794429779, 0.7673659920692444, 0.767168402671814, 0.774093508720398];[0.03944852203130722, 0.033803485333919525, 0.03703756257891655, 0.029298488050699234, 0.039071209728717804, 0.03456141799688339, 0.038235846906900406, 0.03744440898299217, 0.034350961446762085, 0.038255009800195694, 0.039885323494672775, 0.040917228907346725, 0.03206116706132889, 0.032834529876708984, 0.037528328597545624, 0.029519233852624893, 0.03525536507368088, 0.03515058383345604, 0.031919851899147034, 0.04264804348349571, 0.03336639702320099, 0.03491072729229927, 0.033998534083366394, 0.032380860298871994, 0.036169569939374924, 0.03599032014608383, 0.036904748529195786, 0.030424538999795914, 0.02995406463742256, 0.03146366775035858, 0.037897784262895584];[-0.8408023118972778, -0.8211220502853394, -0.8291465044021606, -0.8081055879592896, -0.8376219868659973, -0.8255258798599243, -0.8363286852836609, -0.8362559080123901, -0.8305516242980957, -0.8376415371894836, -0.8461251258850098, -0.8598660230636597, -0.8155633211135864, -0.8215025067329407, -0.8366807699203491, -0.809921383857727, -0.8277082443237305, -0.8280841112136841, -0.8173084855079651, -0.8563959002494812, -0.8207566738128662, -0.8260974287986755, -0.8206877708435059, -0.8194772005081177, -0.8348570466041565, -0.827383816242218, -0.8373931646347046, -0.8177269697189331, -0.8105242252349854, -0.8139196038246155, -0.8353163599967957];[];733.5794713497162
2400;[0.7749884724617004, 0.7723473906517029, 0.7796604037284851, 0.7709996104240417, 0.7786176204681396, 0.774406909942627, 0.7769518494606018, 0.7816339731216431, 0.7729790806770325, 0.7704080939292908, 0.7792697548866272, 0.7739602327346802, 0.7767727375030518, 0.7705873250961304, 0.7774588465690613, 0.7801622152328491, 0.7835308909416199, 0.7787804007530212, 0.7745401263237, 0.769835889339447, 0.7759175896644592, 0.7751829028129578, 0.775521993637085, 0.782066822052002, 0.7808578610420227, 0.7755485773086548, 0.7708507180213928, 0.7784942984580994, 0.775947630405426, 0.7800013422966003, 0.7819141149520874];[0.03647138923406601, 0.03459044545888901, 0.04180792346596718, 0.035629093647003174, 0.041363585740327835, 0.0373351089656353, 0.03678053244948387, 0.04265148565173149, 0.03523706644773483, 0.034374840557575226, 0.038713980466127396, 0.03626912087202072, 0.03757942467927933, 0.0346863828599453, 0.03836875781416893, 0.03971334919333458, 0.04073072969913483, 0.038168128579854965, 0.03584925830364227, 0.03314957767724991, 0.035459212958812714, 0.03893670067191124, 0.037278275936841965, 0.04236816242337227, 0.03994479402899742, 0.03595271334052086, 0.033825356513261795, 0.038692571222782135, 0.034909505397081375, 0.039630405604839325, 0.04127209633588791];[-0.8433907628059387, -0.8232093453407288, -0.8503440618515015, -0.8254460096359253, -0.8584087491035461, -0.8382725119590759, -0.842236340045929, -0.8528846502304077, -0.8285114765167236, -0.826816201210022, -0.8364678025245667, -0.8291470408439636, -0.8552400469779968, -0.8292646408081055, -0.8341670036315918, -0.8431627154350281, -0.8432124853134155, -0.8374794125556946, -0.8364094495773315, -0.8222291469573975, -0.8276809453964233, -0.8366572856903076, -0.8378596305847168, -0.8517606258392334, -0.8403074741363525, -0.8291873335838318, -0.822367250919342, -0.8347762227058411, -0.8284182548522949, -0.8431219458580017, -0.8465466499328613];[];737.2544791698456
2450;[0.7677467465400696, 0.7753152847290039, 0.7744066119194031, 0.7751148343086243, 0.7711213231086731, 0.7641385793685913, 0.7733731865882874, 0.7753981947898865, 0.7688067555427551, 0.7724433541297913, 0.7745063900947571, 0.7731393575668335, 0.7780976295471191, 0.772333562374115, 0.7660601139068604, 0.770078718662262, 0.7756989002227783, 0.7641034126281738, 0.7733297348022461, 0.7653552293777466, 0.7648701667785645, 0.7750095725059509, 0.7798686027526855, 0.7803890705108643, 0.7727435231208801, 0.7714293003082275, 0.7683736681938171, 0.7681677937507629, 0.7624096870422363, 0.768985390663147, 0.7736775875091553];[0.03293411433696747, 0.03610546141862869, 0.03869474306702614, 0.03778879716992378, 0.039352934807538986, 0.03120744414627552, 0.03694727271795273, 0.03989383578300476, 0.0343017615377903, 0.03812963515520096, 0.037375934422016144, 0.039933960884809494, 0.041569922119379044, 0.036589402705430984, 0.033157456666231155, 0.03673398494720459, 0.03934304788708687, 0.03085111826658249, 0.037824757397174835, 0.03128686174750328, 0.03098093718290329, 0.03734235838055611, 0.042730141431093216, 0.04129777476191521, 0.03949098289012909, 0.03689194098114967, 0.03650663420557976, 0.037882741540670395, 0.0318126417696476, 0.03566503897309303, 0.03841708227992058];[-0.8149830102920532, -0.8340938091278076, -0.8459142446517944, -0.8337162733078003, -0.8348920941352844, -0.8141677379608154, -0.8340826630592346, -0.8604065179824829, -0.8227697610855103, -0.8361511826515198, -0.8380515575408936, -0.8463606238365173, -0.853117823600769, -0.8307340741157532, -0.8261158466339111, -0.832354724407196, -0.8404627442359924, -0.8124021291732788, -0.8363704681396484, -0.8147194385528564, -0.8129789233207703, -0.832101047039032, -0.856956422328949, -0.8539657592773438, -0.8381605744361877, -0.8349928259849548, -0.8316537141799927, -0.8380171656608582, -0.8206436634063721, -0.8274173736572266, -0.8358609080314636];[];736.9493181705475
2500;[0.7785080671310425, 0.7683966159820557, 0.7679036855697632, 0.772457480430603, 0.775005042552948, 0.7776110768318176, 0.776122510433197, 0.7766161561012268, 0.7701740264892578, 0.7681673169136047, 0.7716915011405945, 0.7804877161979675, 0.7696149349212646, 0.7738028764724731, 0.7836542129516602, 0.7752923369407654, 0.7782604694366455, 0.7787591218948364, 0.7726539373397827, 0.7748673558235168, 0.7755972146987915, 0.7681936025619507, 0.7698481678962708, 0.7686322927474976, 0.7682040929794312, 0.7733705639839172, 0.7722278237342834, 0.7619428634643555, 0.7713543772697449, 0.7740787267684937, 0.7711730003356934];[0.04087982326745987, 0.03104056604206562, 0.03191942721605301, 0.03364455699920654, 0.03847586736083031, 0.04221998527646065, 0.039867885410785675, 0.03752930089831352, 0.03708062693476677, 0.03455401584506035, 0.0335548035800457, 0.04346027225255966, 0.038604047149419785, 0.038323771208524704, 0.04568610340356827, 0.04036043956875801, 0.04267340525984764, 0.043096307665109634, 0.035397473722696304, 0.04021155834197998, 0.04108493775129318, 0.03145059943199158, 0.033178385347127914, 0.03593140468001366, 0.034389082342386246, 0.035845279693603516, 0.03812089562416077, 0.027906835079193115, 0.03713475540280342, 0.038409121334552765, 0.035296399146318436];[-0.8479679822921753, -0.8158643841743469, -0.8193861246109009, -0.8194817304611206, -0.8330215215682983, -0.8492422103881836, -0.8432661890983582, -0.8469178676605225, -0.8332526087760925, -0.8253556489944458, -0.8208208680152893, -0.8551896810531616, -0.834509015083313, -0.8412865400314331, -0.8648703694343567, -0.8433339595794678, -0.8512598872184753, -0.8595592379570007, -0.8274394273757935, -0.8530262112617493, -0.8464398384094238, -0.8127142190933228, -0.8206456303596497, -0.827882707118988, -0.826594352722168, -0.8280664682388306, -0.8357452154159546, -0.8061442971229553, -0.8325340747833252, -0.8386373519897461, -0.825968325138092];[];751.5223269462585
2550;[0.77707839012146, 0.7734239101409912, 0.7679188251495361, 0.7690725326538086, 0.7657771110534668, 0.7752270698547363, 0.7729122042655945, 0.7678670883178711, 0.767299234867096, 0.7822520732879639, 0.7691998481750488, 0.7716549634933472, 0.7736490368843079, 0.7763221859931946, 0.7741391062736511, 0.7752286195755005, 0.7644743919372559, 0.7705507874488831, 0.7756861448287964, 0.7716627717018127, 0.7739748358726501, 0.7765928506851196, 0.7725979685783386, 0.7761167287826538, 0.7691618800163269, 0.7709288001060486, 0.7738593816757202, 0.7667546272277832, 0.7665762901306152, 0.7670714855194092, 0.7675236463546753];[0.03674916550517082, 0.03775089234113693, 0.029849892482161522, 0.03365457057952881, 0.030170345678925514, 0.03811076283454895, 0.03776140511035919, 0.031438469886779785, 0.030616119503974915, 0.039052143692970276, 0.032497238367795944, 0.03380226716399193, 0.03525006026029587, 0.03974661976099014, 0.03998657315969467, 0.03720255196094513, 0.02933451719582081, 0.03283080831170082, 0.038924526423215866, 0.036394499242305756, 0.03825031965970993, 0.04109283536672592, 0.03365322947502136, 0.03746568784117699, 0.0339975580573082, 0.03382240980863571, 0.036246560513973236, 0.029909899458289146, 0.028581107035279274, 0.029927123337984085, 0.029602913185954094];[-0.8327585458755493, -0.8358302116394043, -0.8092007637023926, -0.8237596154212952, -0.811749279499054, -0.8492003083229065, -0.8346516489982605, -0.818109393119812, -0.8201103806495667, -0.8903072476387024, -0.8171349167823792, -0.8223770260810852, -0.8277997374534607, -0.8438429236412048, -0.8412999510765076, -0.8302118182182312, -0.8095192909240723, -0.8193684220314026, -0.838578999042511, -0.8304312825202942, -0.8389874696731567, -0.848413348197937, -0.8438558578491211, -0.8326289653778076, -0.8257163166999817, -0.8214446902275085, -0.8318035006523132, -0.8138139843940735, -0.8073617219924927, -0.8115788698196411, -0.8102537393569946];[];734.3526759147644
2600;[0.7680361866950989, 0.7725479602813721, 0.7769028544425964, 0.7746798992156982, 0.774268627166748, 0.7736507058143616, 0.7756247520446777, 0.7762730717658997, 0.7703544497489929, 0.7787574529647827, 0.7767841815948486, 0.7760153412818909, 0.7817864418029785, 0.7765928506851196, 0.7707397937774658, 0.777197003364563, 0.7825590372085571, 0.7776339650154114, 0.7773352265357971, 0.771519660949707, 0.773212730884552, 0.7768829464912415, 0.7727062106132507, 0.7660643458366394, 0.7708655595779419, 0.7697493433952332, 0.7645288705825806, 0.7734789848327637, 0.7718160152435303, 0.7758912444114685, 0.7645230889320374];[0.033960726112127304, 0.03585296869277954, 0.03778766468167305, 0.034690845757722855, 0.036758095026016235, 0.03280012682080269, 0.03506699949502945, 0.03641457110643387, 0.031300053000450134, 0.03714342787861824, 0.038706742227077484, 0.03318781778216362, 0.038419898599386215, 0.03573862835764885, 0.029408151283860207, 0.03722132742404938, 0.04262564331293106, 0.03760990872979164, 0.038540638983249664, 0.033451903611421585, 0.033859506249427795, 0.03645995631814003, 0.03484397754073143, 0.028346939012408257, 0.029501641169190407, 0.029847320169210434, 0.026024427264928818, 0.0332307294011116, 0.031202051788568497, 0.03391409292817116, 0.02669278346002102];[-0.8221240639686584, -0.8298650979995728, -0.836152195930481, -0.8248209953308105, -0.8308969140052795, -0.8175758719444275, -0.8260496258735657, -0.8293243646621704, -0.8152754306793213, -0.8373438715934753, -0.8374959826469421, -0.8209745287895203, -0.8378708958625793, -0.8338217735290527, -0.8103849291801453, -0.835676908493042, -0.8436868190765381, -0.8382642269134521, -0.8430163860321045, -0.8250871300697327, -0.8198130130767822, -0.8296300172805786, -0.8298043012619019, -0.8049597144126892, -0.811667263507843, -0.8102741241455078, -0.8020382523536682, -0.819025993347168, -0.8227512240409851, -0.8243427276611328, -0.8027308583259583];[];730.6817066669464
2650;[0.7740353941917419, 0.7706413865089417, 0.7733713388442993, 0.7721898555755615, 0.7696832418441772, 0.7736625075340271, 0.7736523151397705, 0.76973557472229, 0.7694292664527893, 0.7718868851661682, 0.7854204773902893, 0.7714670300483704, 0.7708100080490112, 0.7714065313339233, 0.7777894139289856, 0.7706171274185181, 0.7667731642723083, 0.7639667987823486, 0.774512767791748, 0.7747741937637329, 0.7737980484962463, 0.7804931402206421, 0.7711702585220337, 0.76719731092453, 0.7675320506095886, 0.7699498534202576, 0.7798306941986084, 0.768383264541626, 0.7628569006919861, 0.7653470635414124, 0.773878812789917];[0.03320349007844925, 0.034082915633916855, 0.034816987812519073, 0.03546800836920738, 0.032446008175611496, 0.03607906773686409, 0.03300042450428009, 0.03147376328706741, 0.03229735419154167, 0.03659549728035927, 0.04527120292186737, 0.03233743831515312, 0.030771933495998383, 0.03495493903756142, 0.038919489830732346, 0.03400617837905884, 0.028910979628562927, 0.02887713722884655, 0.03634697571396828, 0.037371180951595306, 0.0332779735326767, 0.04148993641138077, 0.03533538058400154, 0.029390929266810417, 0.029703959822654724, 0.0309173371642828, 0.03968752175569534, 0.033030103892087936, 0.0271366685628891, 0.028556151315569878, 0.03192002326250076];[-0.8250634670257568, -0.8215574622154236, -0.8319069743156433, -0.8334441184997559, -0.81827712059021, -0.8300825357437134, -0.822196364402771, -0.8202498555183411, -0.818175733089447, -0.8322440385818481, -0.8589361906051636, -0.818523645401001, -0.815699577331543, -0.8281649351119995, -0.8391668796539307, -0.8219501972198486, -0.8152248859405518, -0.8136763572692871, -0.8321374654769897, -0.8317195177078247, -0.8242337703704834, -0.8594970107078552, -0.8304210305213928, -0.8103551268577576, -0.8112359046936035, -0.8168333768844604, -0.8565648794174194, -0.8201173543930054, -0.8047784566879272, -0.8101963996887207, -0.8205084800720215];[];737.1524057388306
2700;[0.7685233950614929, 0.7682841420173645, 0.7784350514411926, 0.7753435373306274, 0.7828444242477417, 0.7704962491989136, 0.7777159810066223, 0.7709283232688904, 0.7861852049827576, 0.7756117582321167, 0.7766652703285217, 0.7804924249649048, 0.7704713344573975, 0.7844097018241882, 0.7781010270118713, 0.7822825312614441, 0.7809643745422363, 0.7750902771949768, 0.7740758657455444, 0.7753150463104248, 0.7718402147293091, 0.7769771814346313, 0.7720794081687927, 0.7766285538673401, 0.7735165357589722, 0.777725100517273, 0.7733298540115356, 0.7837596535682678, 0.7802150845527649, 0.7775642275810242, 0.7764959931373596];[0.03286826238036156, 0.03255721181631088, 0.03768455609679222, 0.038229431957006454, 0.040187012404203415, 0.035185571759939194, 0.039994366466999054, 0.034682322293519974, 0.0412362664937973, 0.03676260635256767, 0.03802057355642319, 0.03993760049343109, 0.03271907940506935, 0.04071713611483574, 0.03486457094550133, 0.03634200990200043, 0.0385950468480587, 0.03446609526872635, 0.037744805216789246, 0.03618961200118065, 0.03191996365785599, 0.039383817464113235, 0.03357318416237831, 0.037613607943058014, 0.03502292186021805, 0.03787889704108238, 0.03448459133505821, 0.03917602077126503, 0.039254140108823776, 0.037173788994550705, 0.037931155413389206];[-0.8173689842224121, -0.8224614858627319, -0.8386737108230591, -0.838988721370697, -0.8391480445861816, -0.8244974613189697, -0.8397994041442871, -0.8261235356330872, -0.8606588840484619, -0.8359347581863403, -0.8370770215988159, -0.8437899947166443, -0.8198810815811157, -0.8451200723648071, -0.8258699774742126, -0.8421148061752319, -0.8352770209312439, -0.8358888030052185, -0.8328737020492554, -0.8262944221496582, -0.8190237879753113, -0.8402631878852844, -0.8229410648345947, -0.8316757678985596, -0.8263988494873047, -0.8364842534065247, -0.8274348974227905, -0.8392512202262878, -0.8439258337020874, -0.8326653838157654, -0.8395160436630249];[];745.7307641506195
2750;[0.7686010599136353, 0.7687587738037109, 0.7743430137634277, 0.7696841359138489, 0.7690898180007935, 0.764899730682373, 0.7751868963241577, 0.7678402662277222, 0.7753519415855408, 0.7683789134025574, 0.7755933403968811, 0.7691787481307983, 0.7718883156776428, 0.7831535935401917, 0.775446355342865, 0.7696395516395569, 0.7682483196258545, 0.7783312201499939, 0.7626892328262329, 0.7743349671363831, 0.7669337391853333, 0.7710469961166382, 0.7747847437858582, 0.7694244384765625, 0.7724742293357849, 0.766494631767273, 0.7688084840774536, 0.7707144618034363, 0.7743062973022461, 0.7685987949371338, 0.7723626494407654];[0.033337730914354324, 0.03053450584411621, 0.03430052101612091, 0.03113996796309948, 0.029190143570303917, 0.029455484822392464, 0.03501925617456436, 0.029398249462246895, 0.03389594331383705, 0.03053436428308487, 0.03607776761054993, 0.030363021418452263, 0.031420767307281494, 0.04241212084889412, 0.03295213729143143, 0.03142624348402023, 0.03163057565689087, 0.0377720408141613, 0.024573493748903275, 0.03174470737576485, 0.0300125814974308, 0.03095441311597824, 0.03570296987891197, 0.030526231974363327, 0.03235148265957832, 0.03237685561180115, 0.026743797585368156, 0.03204813972115517, 0.03297273814678192, 0.029043301939964294, 0.031840890645980835];[-0.8176805973052979, -0.8129255771636963, -0.8248986601829529, -0.812650740146637, -0.8100566864013672, -0.8098365068435669, -0.8286668658256531, -0.8128786683082581, -0.8274709582328796, -0.8141384124755859, -0.8356927633285522, -0.8137183785438538, -0.8120100498199463, -0.8600956201553345, -0.8261544108390808, -0.8223946690559387, -0.8130564093589783, -0.8319852352142334, -0.7972040772438049, -0.8222793936729431, -0.8108730316162109, -0.8194898962974548, -0.8308597207069397, -0.8128044009208679, -0.8180679678916931, -0.8175368309020996, -0.8049907684326172, -0.8239575624465942, -0.820686399936676, -0.8081877827644348, -0.8206213116645813];[];728.5634665489197
2800;[0.7688477039337158, 0.7762249112129211, 0.7793978452682495, 0.7777771949768066, 0.7741019129753113, 0.7731813192367554, 0.7727033495903015, 0.7665202617645264, 0.7739129662513733, 0.767254650592804, 0.7697387933731079, 0.7682519555091858, 0.7731063365936279, 0.7703270316123962, 0.7743936777114868, 0.7723279595375061, 0.772866427898407, 0.7721944451332092, 0.7691670656204224, 0.7741754055023193, 0.7733504772186279, 0.7738287448883057, 0.7745330333709717, 0.7687207460403442, 0.772846519947052, 0.771199643611908, 0.7669762372970581, 0.7642834186553955, 0.7685020565986633, 0.7644709944725037, 0.768065869808197];[0.030676502734422684, 0.03495747968554497, 0.03897576406598091, 0.03979232907295227, 0.03564143925905228, 0.03498436510562897, 0.037537939846515656, 0.03044130839407444, 0.036499980837106705, 0.031150231137871742, 0.030971478670835495, 0.03627528250217438, 0.03699661046266556, 0.03618630766868591, 0.03693882003426552, 0.03721638396382332, 0.036833252757787704, 0.03680143132805824, 0.03308133780956268, 0.03797450289130211, 0.03721657395362854, 0.039129067212343216, 0.03786332160234451, 0.035418711602687836, 0.033710166811943054, 0.037541963160037994, 0.0337800607085228, 0.031123612076044083, 0.03564552962779999, 0.03216617554426193, 0.03249170631170273];[-0.8194093108177185, -0.829849123954773, -0.8350938558578491, -0.8446993827819824, -0.8295140266418457, -0.8270423412322998, -0.835755467414856, -0.8123874664306641, -0.8376505374908447, -0.8215776085853577, -0.8142058849334717, -0.8262600898742676, -0.832907497882843, -0.8324346542358398, -0.831063449382782, -0.8379804491996765, -0.8329238295555115, -0.8317286372184753, -0.8211114406585693, -0.8407785296440125, -0.8382599353790283, -0.8381333947181702, -0.8373121023178101, -0.8266193866729736, -0.8280909657478333, -0.8327676653862, -0.823197066783905, -0.8161525130271912, -0.8299486041069031, -0.8175954818725586, -0.8164598345756531];[];719.30286860466
2850;[0.7697654366493225, 0.764614462852478, 0.7650649547576904, 0.7743756771087646, 0.7831800580024719, 0.7722338438034058, 0.7766371369361877, 0.7628737092018127, 0.774527907371521, 0.7677305340766907, 0.7771928310394287, 0.7745208144187927, 0.7745787501335144, 0.7707061171531677, 0.7803629040718079, 0.772834300994873, 0.7761818170547485, 0.7678688168525696, 0.7791156768798828, 0.7759777307510376, 0.7826526761054993, 0.7770249247550964, 0.7689613103866577, 0.7770545482635498, 0.7809627056121826, 0.7709422707557678, 0.7711421847343445, 0.7709684371948242, 0.768446147441864, 0.7760131359100342, 0.7723939418792725];[0.0327116996049881, 0.030755043029785156, 0.030013134703040123, 0.036972906440496445, 0.041937123984098434, 0.03644312918186188, 0.03856280446052551, 0.02910458855330944, 0.03555981442332268, 0.033122770488262177, 0.03954151272773743, 0.03675900399684906, 0.03859294205904007, 0.0319228395819664, 0.04064454138278961, 0.035255614668130875, 0.03938675671815872, 0.03464701026678085, 0.04135396331548691, 0.03955666348338127, 0.04311368614435196, 0.041061583906412125, 0.034218184649944305, 0.04213288426399231, 0.03983943909406662, 0.034134697169065475, 0.03693392872810364, 0.03351977840065956, 0.032016903162002563, 0.0383237823843956, 0.03464291989803314];[-0.8201571106910706, -0.8131579160690308, -0.8117676377296448, -0.8313454389572144, -0.8477518558502197, -0.8357740044593811, -0.8431769609451294, -0.8101209998130798, -0.8281964063644409, -0.8203936815261841, -0.8414608240127563, -0.8327878713607788, -0.8364339470863342, -0.8165616393089294, -0.8412193655967712, -0.8268684148788452, -0.8429058790206909, -0.8255358934402466, -0.8455235362052917, -0.8369444012641907, -0.8658290505409241, -0.8464781641960144, -0.8298852443695068, -0.8451530933380127, -0.8392826914787292, -0.822888970375061, -0.8301984667778015, -0.8207108974456787, -0.8218615055084229, -0.8385130763053894, -0.8249533772468567];[];754.2134342193604
2900;[0.7813458442687988, 0.7782162427902222, 0.7754921913146973, 0.7809552550315857, 0.7590826153755188, 0.7738518714904785, 0.7732425332069397, 0.7795093655586243, 0.7721805572509766, 0.7652052640914917, 0.7748957872390747, 0.7792264223098755, 0.7736843228340149, 0.7759432196617126, 0.7671915888786316, 0.7735453844070435, 0.772402822971344, 0.7680659294128418, 0.7763270735740662, 0.7684421539306641, 0.7718525528907776, 0.7765631675720215, 0.7766947746276855, 0.7773678302764893, 0.7716876268386841, 0.7773698568344116, 0.7744963765144348, 0.774444043636322, 0.779623806476593, 0.775788426399231, 0.7699583768844604];[0.040740303695201874, 0.03991854190826416, 0.037771470844745636, 0.04047491401433945, 0.026618821546435356, 0.03756685182452202, 0.03738850727677345, 0.04171852022409439, 0.03492196649312973, 0.03317859396338463, 0.03754758462309837, 0.03895155340433121, 0.03592023625969887, 0.037391576915979385, 0.030326886102557182, 0.03393901512026787, 0.03398485854268074, 0.031872645020484924, 0.038900744169950485, 0.03225596621632576, 0.03461487591266632, 0.03824417665600777, 0.03624936565756798, 0.03803817927837372, 0.032348331063985825, 0.037779275327920914, 0.033403877168893814, 0.03211203217506409, 0.037076160311698914, 0.03471942991018295, 0.03334904462099075];[-0.8474368453025818, -0.839622437953949, -0.830692708492279, -0.8451831340789795, -0.8011274337768555, -0.8381779789924622, -0.8315556049346924, -0.861098051071167, -0.8263445496559143, -0.818547248840332, -0.8398638367652893, -0.8443847894668579, -0.8279691934585571, -0.8326500654220581, -0.8145006895065308, -0.8222618699073792, -0.8245038390159607, -0.8190579414367676, -0.8410022854804993, -0.8254024982452393, -0.8274720907211304, -0.835454523563385, -0.8342629671096802, -0.8362143635749817, -0.8201344609260559, -0.8310771584510803, -0.823225200176239, -0.8173579573631287, -0.8387627005577087, -0.8280138373374939, -0.8225292563438416];[];760.6193923950195
2950;[0.7813006639480591, 0.7792800664901733, 0.7713453769683838, 0.7687358260154724, 0.7801471948623657, 0.7709247469902039, 0.7751933932304382, 0.7688910961151123, 0.7729320526123047, 0.7721659541130066, 0.7706446647644043, 0.7707250118255615, 0.7757134437561035, 0.7736612558364868, 0.7766188979148865, 0.7726621031761169, 0.7676718235015869, 0.779282808303833, 0.7775007486343384, 0.7768577933311462, 0.7826921939849854, 0.7777365446090698, 0.7830422520637512, 0.7838976383209229, 0.7667801380157471, 0.7706491947174072, 0.776046872138977, 0.7724577188491821, 0.7806345224380493, 0.7774292230606079, 0.7826823592185974];[0.04249199479818344, 0.04325561597943306, 0.034367963671684265, 0.03216855227947235, 0.04106369987130165, 0.03589324280619621, 0.036869343370199203, 0.03330380469560623, 0.03445034474134445, 0.03607393056154251, 0.03337389975786209, 0.036706965416669846, 0.03840207681059837, 0.03850308060646057, 0.03988988697528839, 0.037043631076812744, 0.031998805701732635, 0.0422673225402832, 0.04131516441702843, 0.04070185124874115, 0.04305707663297653, 0.04184553027153015, 0.04131343960762024, 0.04536028951406479, 0.031090008094906807, 0.0361395962536335, 0.040749307721853256, 0.03685548156499863, 0.0428353026509285, 0.0414392314851284, 0.0433197021484375];[-0.8564563393592834, -0.8520317673683167, -0.8240043520927429, -0.8170883059501648, -0.8432753682136536, -0.8301855325698853, -0.8331912755966187, -0.8182629942893982, -0.8273141384124756, -0.8304721713066101, -0.8219218850135803, -0.828690230846405, -0.8445854783058167, -0.832972526550293, -0.841070294380188, -0.8483757376670837, -0.818269670009613, -0.8496097326278687, -0.8454974293708801, -0.8430667519569397, -0.8575737476348877, -0.8624729514122009, -0.8739311695098877, -0.8588237166404724, -0.8149799108505249, -0.8296476006507874, -0.8467170000076294, -0.8322775959968567, -0.8480457663536072, -0.8441016674041748, -0.8530257940292358];[];753.79891705513
3000;[0.7795382142066956, 0.7751493453979492, 0.7643131017684937, 0.7697539329528809, 0.7756426334381104, 0.7754736542701721, 0.7860912680625916, 0.7712104320526123, 0.768474817276001, 0.7723420262336731, 0.7695788145065308, 0.7754766941070557, 0.7726230025291443, 0.7834798693656921, 0.7694780826568604, 0.7691231966018677, 0.7645794153213501, 0.7768899202346802, 0.7733932137489319, 0.7706289291381836, 0.7735321521759033, 0.7690478563308716, 0.7702352404594421, 0.7649433612823486, 0.7698180079460144, 0.7717191576957703, 0.7710245847702026, 0.7818841338157654, 0.7737735509872437, 0.7735214829444885, 0.7661219239234924];[0.038465727120637894, 0.0344032421708107, 0.029763465747237206, 0.034493736922740936, 0.036020565778017044, 0.039166465401649475, 0.04808232933282852, 0.036307744681835175, 0.03243658319115639, 0.03677096962928772, 0.037035826593637466, 0.036971382796764374, 0.03541875258088112, 0.042547572404146194, 0.03429821506142616, 0.03202463313937187, 0.031912896782159805, 0.039082158356904984, 0.0388827919960022, 0.03837886080145836, 0.04050109535455704, 0.03571498021483421, 0.036916304379701614, 0.03250817209482193, 0.035005681216716766, 0.03776651248335838, 0.03961081802845001, 0.047640327364206314, 0.03754088655114174, 0.03880709037184715, 0.03334905207157135];[-0.8446155786514282, -0.8264904618263245, -0.8112392425537109, -0.828866720199585, -0.8298928141593933, -0.8399232625961304, -0.8703105449676514, -0.8320216536521912, -0.8201931715011597, -0.8287621736526489, -0.832857608795166, -0.833739697933197, -0.828323483467102, -0.8537590503692627, -0.8227433562278748, -0.8193817138671875, -0.814730703830719, -0.8447605967521667, -0.8402146697044373, -0.8356432914733887, -0.8417186737060547, -0.8290916085243225, -0.8301153779029846, -0.818000853061676, -0.8467965126037598, -0.8298874497413635, -0.8455716371536255, -0.8645616173744202, -0.8333212733268738, -0.8363120555877686, -0.8198649883270264];[];755.7957751750946
3050;[0.771178126335144, 0.774278461933136, 0.7759206891059875, 0.7704123258590698, 0.7682368159294128, 0.7759848237037659, 0.7705931067466736, 0.7796298265457153, 0.7794536352157593, 0.7775260806083679, 0.7699648141860962, 0.7776994109153748, 0.76810622215271, 0.7713744044303894, 0.7720448970794678, 0.7683639526367188, 0.786178708076477, 0.772270917892456, 0.7802064418792725, 0.7716369032859802, 0.7679846286773682, 0.7770535945892334, 0.766197681427002, 0.769607424736023, 0.7744666337966919, 0.7751671075820923, 0.769314169883728, 0.762645423412323, 0.7706089019775391, 0.7668537497520447, 0.772628903388977];[0.0329926535487175, 0.03916921839118004, 0.03776136040687561, 0.034707993268966675, 0.03457854315638542, 0.039756614714860916, 0.035851992666721344, 0.043452296406030655, 0.04324270039796829, 0.03914448618888855, 0.03347941115498543, 0.04035114124417305, 0.031682610511779785, 0.03761613741517067, 0.033498916774988174, 0.0314369723200798, 0.04791143164038658, 0.03502653166651726, 0.041956886649131775, 0.03640909492969513, 0.03387002646923065, 0.03809690102934837, 0.03144356235861778, 0.0349254235625267, 0.03610491007566452, 0.03598875179886818, 0.03584384173154831, 0.027547305449843407, 0.034724753350019455, 0.031078411266207695, 0.0340958870947361];[-0.82136070728302, -0.8388281464576721, -0.8331734538078308, -0.8263702392578125, -0.8286057114601135, -0.8372257947921753, -0.8274962902069092, -0.8611212372779846, -0.8572069406509399, -0.840931236743927, -0.8209306597709656, -0.8456885814666748, -0.8178597092628479, -0.8397397994995117, -0.8252987861633301, -0.8145869970321655, -0.885111927986145, -0.8241173624992371, -0.8474035859107971, -0.832450270652771, -0.8216975331306458, -0.8373542428016663, -0.8179973363876343, -0.8281236290931702, -0.8393062353134155, -0.8322125673294067, -0.8301588892936707, -0.8062500357627869, -0.8316840529441833, -0.8154054880142212, -0.8212876915931702];[];789.0461022853851
3100;[0.7692521810531616, 0.7769290804862976, 0.7795180082321167, 0.7824076414108276, 0.7736407518386841, 0.7747516632080078, 0.7774328589439392, 0.7689089775085449, 0.7697618007659912, 0.7798656225204468, 0.7795132994651794, 0.7751721143722534, 0.7767218947410583, 0.775360643863678, 0.7818440794944763, 0.7771430611610413, 0.7735912799835205, 0.774164080619812, 0.7718928456306458, 0.773672878742218, 0.7733860611915588, 0.7717163562774658, 0.7698290944099426, 0.7775130867958069, 0.7635722756385803, 0.7714963555335999, 0.7687172889709473, 0.7654861211776733, 0.7696083784103394, 0.7786484956741333, 0.7782114744186401];[0.0324285514652729, 0.03918429836630821, 0.04224248230457306, 0.045349571853876114, 0.03595345467329025, 0.03786968067288399, 0.03826231509447098, 0.03369135782122612, 0.03498644009232521, 0.0422857366502285, 0.03983941301703453, 0.03901450335979462, 0.037795111536979675, 0.03946918621659279, 0.04087863117456436, 0.03808865323662758, 0.034343767911195755, 0.03754411265254021, 0.033688805997371674, 0.03772991523146629, 0.037693146616220474, 0.034514300525188446, 0.03331435099244118, 0.03817380592226982, 0.02978823520243168, 0.0354359894990921, 0.03138253092765808, 0.030342627316713333, 0.03257836028933525, 0.04118701070547104, 0.03982497379183769];[-0.8188472390174866, -0.8397367000579834, -0.8543347716331482, -0.8567200303077698, -0.8258259296417236, -0.836688220500946, -0.8396416902542114, -0.8207040429115295, -0.8335757851600647, -0.8478408455848694, -0.8523701429367065, -0.8346628546714783, -0.8403490781784058, -0.8408002257347107, -0.8451474905014038, -0.8329343795776367, -0.8217290043830872, -0.8348186016082764, -0.8256405591964722, -0.8332956433296204, -0.8361427187919617, -0.8275085687637329, -0.8400317430496216, -0.8326742649078369, -0.8095475435256958, -0.8318331241607666, -0.8153164386749268, -0.8135206699371338, -0.8194466233253479, -0.8477341532707214, -0.8424027562141418];[];774.2805247306824
3150;[0.7777324914932251, 0.7762776017189026, 0.7697446942329407, 0.7691759467124939, 0.7785571217536926, 0.7763445973396301, 0.7757492065429688, 0.773505449295044, 0.771419107913971, 0.76773601770401, 0.7742955088615417, 0.7784336805343628, 0.7810455560684204, 0.7786205410957336, 0.7727171778678894, 0.7683458924293518, 0.7768924236297607, 0.7677894830703735, 0.777206301689148, 0.7687071561813354, 0.7713798880577087, 0.7688381671905518, 0.7749065160751343, 0.770846962928772, 0.7703561186790466, 0.7681954503059387, 0.7697286605834961, 0.7696420550346375, 0.7647478580474854, 0.7699898481369019, 0.7784612774848938];[0.03830850496888161, 0.038985200226306915, 0.033786188811063766, 0.03263099119067192, 0.036188434809446335, 0.03562983125448227, 0.036244649440050125, 0.03363407403230667, 0.03331869840621948, 0.030662380158901215, 0.03104773722589016, 0.039386481046676636, 0.041931577026844025, 0.03876364231109619, 0.03493528813123703, 0.030723856762051582, 0.03584719076752663, 0.03009038232266903, 0.0350625179708004, 0.03171958401799202, 0.0327889546751976, 0.03029678948223591, 0.03501247987151146, 0.031251393258571625, 0.031959790736436844, 0.032939329743385315, 0.03271472454071045, 0.032375797629356384, 0.028384534642100334, 0.030230248346924782, 0.039286915212869644];[-0.836405873298645, -0.8388018608093262, -0.8204517960548401, -0.8201472759246826, -0.8306852579116821, -0.8273975253105164, -0.8335027694702148, -0.8259686827659607, -0.8208064436912537, -0.8143370151519775, -0.8536563515663147, -0.8403288722038269, -0.853734016418457, -0.8495164513587952, -0.8324483633041382, -0.8136532306671143, -0.8313466906547546, -0.811370849609375, -0.8264475464820862, -0.8176510334014893, -0.8163371682167053, -0.8140362501144409, -0.8259787559509277, -0.8188847899436951, -0.8246884942054749, -0.8236743807792664, -0.8225719332695007, -0.8166819214820862, -0.8070315718650818, -0.8142919540405273, -0.8407491445541382];[];762.3337223529816
3200;[0.7738699316978455, 0.7724618315696716, 0.773990273475647, 0.7776998281478882, 0.7816300988197327, 0.7750632762908936, 0.7876133918762207, 0.7750285863876343, 0.7799949049949646, 0.7702385187149048, 0.7727117538452148, 0.7790047526359558, 0.7768481373786926, 0.7752500772476196, 0.7802708148956299, 0.7656285166740417, 0.7812175750732422, 0.7726321220397949, 0.7793201208114624, 0.7787468433380127, 0.7769428491592407, 0.7786433696746826, 0.785463273525238, 0.7849496603012085, 0.7763447165489197, 0.7828860878944397, 0.7732844948768616, 0.787412703037262, 0.7877593040466309, 0.7797674536705017, 0.7900885939598083];[0.03582867607474327, 0.037003155797719955, 0.03546317666769028, 0.03855019435286522, 0.04173872619867325, 0.038964807987213135, 0.04785981401801109, 0.037123993039131165, 0.04154663905501366, 0.03644808381795883, 0.03717511147260666, 0.04122171923518181, 0.04246312379837036, 0.03722839429974556, 0.041544798761606216, 0.030219459906220436, 0.041502565145492554, 0.035215094685554504, 0.03987252339720726, 0.043253351002931595, 0.03928361088037491, 0.04286334663629532, 0.04526083543896675, 0.045340269804000854, 0.038383156061172485, 0.04354090616106987, 0.03653832525014877, 0.04836028814315796, 0.04916931316256523, 0.043616827577352524, 0.050915587693452835];[-0.8303912878036499, -0.8324214220046997, -0.8303448557853699, -0.8380616903305054, -0.8556990623474121, -0.835430920124054, -0.8633955717086792, -0.8326524496078491, -0.8518415093421936, -0.8314087986946106, -0.8323073983192444, -0.8489395380020142, -0.8488801717758179, -0.8302885293960571, -0.8493707180023193, -0.8133794069290161, -0.8567438721656799, -0.8272711038589478, -0.8418278694152832, -0.8490361571311951, -0.8393892645835876, -0.8538710474967957, -0.8632931113243103, -0.8541356921195984, -0.8346644043922424, -0.8519378900527954, -0.8306053280830383, -0.8683264255523682, -0.873924195766449, -0.8533276915550232, -0.8835923075675964];[];768.683087348938
3250;[0.7686925530433655, 0.7732072472572327, 0.7763388752937317, 0.773762047290802, 0.7722015380859375, 0.7683033347129822, 0.7811832427978516, 0.7747211456298828, 0.7769036293029785, 0.7776397466659546, 0.7784887552261353, 0.7716948986053467, 0.7793894410133362, 0.7804208993911743, 0.7681244611740112, 0.7782619595527649, 0.7724355459213257, 0.7821971774101257, 0.7814287543296814, 0.7744676470756531, 0.7735111713409424, 0.7865438461303711, 0.7843116521835327, 0.7906142473220825, 0.7834998369216919, 0.7800219058990479, 0.7820653915405273, 0.7804737687110901, 0.7791366577148438, 0.7862361669540405, 0.7830974459648132];[0.032502178102731705, 0.036424439400434494, 0.040346577763557434, 0.03972456231713295, 0.03522961586713791, 0.032645151019096375, 0.04360833019018173, 0.03626459836959839, 0.03556498512625694, 0.04085186868906021, 0.03985420987010002, 0.033905066549777985, 0.04076896607875824, 0.042469147592782974, 0.033042315393686295, 0.04119272530078888, 0.035027243196964264, 0.043265342712402344, 0.041321367025375366, 0.03556600585579872, 0.03571241721510887, 0.04685012251138687, 0.041415736079216, 0.046130549162626266, 0.03986378386616707, 0.04058140516281128, 0.04215552285313606, 0.04052002727985382, 0.03895987942814827, 0.04569227620959282, 0.04034030809998512];[-0.8183684349060059, -0.8267275094985962, -0.8436431288719177, -0.8411242961883545, -0.8295010924339294, -0.8196074962615967, -0.8519545793533325, -0.8314996957778931, -0.8298699259757996, -0.841225802898407, -0.8410016894340515, -0.8224422335624695, -0.8450233340263367, -0.8540234565734863, -0.817116379737854, -0.8418592810630798, -0.8255013227462769, -0.8535935878753662, -0.8429554104804993, -0.8353107571601868, -0.8266363739967346, -0.8655939102172852, -0.854849100112915, -0.8634530305862427, -0.8549118041992188, -0.8438625931739807, -0.850988507270813, -0.8382994532585144, -0.8348830938339233, -0.8583831787109375, -0.8492303490638733];[];769.3469834327698
3300;[0.7795279026031494, 0.7703395485877991, 0.7637121677398682, 0.7714898586273193, 0.7743183374404907, 0.7772186398506165, 0.7746042609214783, 0.7772704362869263, 0.7648418545722961, 0.7733801007270813, 0.7751160860061646, 0.7701482772827148, 0.7749508023262024, 0.775729238986969, 0.7757228016853333, 0.7761262655258179, 0.7829689383506775, 0.7730329036712646, 0.7737650275230408, 0.7714715600013733, 0.7753255367279053, 0.772158682346344, 0.7788074016571045, 0.7667717933654785, 0.7765606045722961, 0.7677104473114014, 0.772877037525177, 0.7775932550430298, 0.7682672142982483, 0.7768996953964233, 0.7858983874320984];[0.04072694480419159, 0.0342075414955616, 0.027430957183241844, 0.0355880968272686, 0.0358918122947216, 0.03798059746623039, 0.03782327100634575, 0.03737068548798561, 0.028282543644309044, 0.035823702812194824, 0.03815623000264168, 0.033327776938676834, 0.038649413734674454, 0.039286211133003235, 0.03644482046365738, 0.036242976784706116, 0.04245986044406891, 0.036634258925914764, 0.03764909505844116, 0.03519425541162491, 0.036916278302669525, 0.03520018234848976, 0.037529680877923965, 0.032052427530288696, 0.04090417921543121, 0.03135005012154579, 0.03837795555591583, 0.0394752137362957, 0.03379723057150841, 0.03986449912190437, 0.0433318167924881];[-0.8439280986785889, -0.8254678845405579, -0.8054935932159424, -0.8279372453689575, -0.8291805386543274, -0.833727240562439, -0.8359938263893127, -0.8389096260070801, -0.8054770231246948, -0.8390457034111023, -0.8343185186386108, -0.8230823278427124, -0.8324579000473022, -0.8368362784385681, -0.8311575055122375, -0.8280174136161804, -0.8638889789581299, -0.8333052396774292, -0.8343831896781921, -0.8290588855743408, -0.8307092189788818, -0.8284335136413574, -0.8424630761146545, -0.8201048374176025, -0.8456856608390808, -0.8167423009872437, -0.8354476094245911, -0.8420650362968445, -0.8203328847885132, -0.8395792245864868, -0.8578946590423584];[];767.0774657726288
3350;[0.7736531496047974, 0.7733079195022583, 0.7782034277915955, 0.7680328488349915, 0.7786600589752197, 0.7705074548721313, 0.7754533290863037, 0.772101640701294, 0.7725940942764282, 0.7713441848754883, 0.7704948782920837, 0.7741843461990356, 0.7702152132987976, 0.7762603163719177, 0.771038293838501, 0.7748103141784668, 0.7650530934333801, 0.7860696315765381, 0.769554078578949, 0.7815263271331787, 0.7740051746368408, 0.7752978801727295, 0.7702493667602539, 0.7750479578971863, 0.7889403104782104, 0.7689553499221802, 0.7738804817199707, 0.7859639525413513, 0.7709800601005554, 0.7770427465438843, 0.770006000995636];[0.037911467254161835, 0.03558943793177605, 0.03756134957075119, 0.03303719311952591, 0.040322575718164444, 0.03366020321846008, 0.03965257108211517, 0.032633326947689056, 0.03609633818268776, 0.03574717044830322, 0.033610861748456955, 0.03485024347901344, 0.033295150846242905, 0.0390896312892437, 0.033014148473739624, 0.04204060137271881, 0.030337577685713768, 0.044764645397663116, 0.0350961871445179, 0.04453200101852417, 0.036071691662073135, 0.039795201271772385, 0.036143235862255096, 0.03724997118115425, 0.04746861010789871, 0.034971222281455994, 0.0361141636967659, 0.04561643302440643, 0.0346924364566803, 0.04194239154458046, 0.03531796112656593];[-0.8339468240737915, -0.8293639421463013, -0.8504876494407654, -0.8203942179679871, -0.8385686278343201, -0.8236222267150879, -0.8378108143806458, -0.820027232170105, -0.8366145491600037, -0.8306933641433716, -0.823463499546051, -0.8310540914535522, -0.8196765780448914, -0.8360575437545776, -0.8215975165367126, -0.8496350049972534, -0.8144035935401917, -0.8573311567306519, -0.8283753991127014, -0.859773576259613, -0.8290645480155945, -0.8389332294464111, -0.8286411166191101, -0.8350047469139099, -0.8747141361236572, -0.8281656503677368, -0.8319287300109863, -0.8566006422042847, -0.8283401131629944, -0.8455969095230103, -0.8256603479385376];[];764.0729341506958
3400;[0.7642442584037781, 0.7745999097824097, 0.7744625210762024, 0.7659708261489868, 0.7751696705818176, 0.770010232925415, 0.7652385830879211, 0.7666366696357727, 0.7664330005645752, 0.7728601694107056, 0.7771479487419128, 0.773405909538269, 0.7851663827896118, 0.778820812702179, 0.7830000519752502, 0.7766957879066467, 0.7761961221694946, 0.772426426410675, 0.776373028755188, 0.7672999501228333, 0.7737104296684265, 0.7742636799812317, 0.776109516620636, 0.7656639218330383, 0.7620837688446045, 0.7720495462417603, 0.7696536779403687, 0.7725558280944824, 0.7800577878952026, 0.7658555507659912, 0.7706195116043091];[0.028251400217413902, 0.038536619395017624, 0.03543256223201752, 0.031914543360471725, 0.040122758597135544, 0.03259578347206116, 0.029971929267048836, 0.03240571916103363, 0.03355777636170387, 0.03410428389906883, 0.03734708949923515, 0.03763309493660927, 0.044354092329740524, 0.043434396386146545, 0.047830160707235336, 0.039047494530677795, 0.03925992175936699, 0.035231009125709534, 0.041170455515384674, 0.034988343715667725, 0.039451729506254196, 0.038964804261922836, 0.03988215699791908, 0.03289736062288284, 0.028911415487527847, 0.03823193907737732, 0.037411272525787354, 0.036912109702825546, 0.04239865764975548, 0.03197600692510605, 0.03592215105891228];[-0.8074080348014832, -0.839516818523407, -0.8287482857704163, -0.8179494142532349, -0.8447087407112122, -0.8201833367347717, -0.810819685459137, -0.8178803324699402, -0.8192377686500549, -0.826617956161499, -0.832910418510437, -0.8341464400291443, -0.8578497767448425, -0.8541378378868103, -0.8618210554122925, -0.8409357070922852, -0.8405798077583313, -0.8260011672973633, -0.8461493849754333, -0.8253384828567505, -0.8435626029968262, -0.8419358134269714, -0.840900719165802, -0.8219049572944641, -0.806137204170227, -0.8378974199295044, -0.8349411487579346, -0.8327673673629761, -0.8496506214141846, -0.821826696395874, -0.8288822770118713];[];773.6720888614655
3450;[0.7701950073242188, 0.7727200388908386, 0.7820398807525635, 0.7796133756637573, 0.7720209956169128, 0.7751033902168274, 0.7807406187057495, 0.7723457217216492, 0.7731395363807678, 0.7834716439247131, 0.780063271522522, 0.7759406566619873, 0.7772783041000366, 0.7799943685531616, 0.7675157189369202, 0.7743117213249207, 0.7644879221916199, 0.7722512483596802, 0.7835149168968201, 0.7734835147857666, 0.7739130854606628, 0.7707613706588745, 0.7675647139549255, 0.7729287147521973, 0.7716856002807617, 0.773006021976471, 0.7698770761489868, 0.7762304544448853, 0.7718558311462402, 0.762895941734314, 0.7729178071022034];[0.03263486549258232, 0.03562057763338089, 0.04016542434692383, 0.03981557488441467, 0.035804472863674164, 0.03785600885748863, 0.04109663888812065, 0.03396691009402275, 0.03666997700929642, 0.04132910072803497, 0.03670182451605797, 0.037420693784952164, 0.0376705676317215, 0.040477313101291656, 0.032137781381607056, 0.0370672345161438, 0.029916560277342796, 0.03489590436220169, 0.04073058068752289, 0.03662300482392311, 0.03649358078837395, 0.0353415310382843, 0.031951699405908585, 0.034891556948423386, 0.03392443060874939, 0.038108356297016144, 0.034176744520664215, 0.039859749376773834, 0.0374271497130394, 0.029923023656010628, 0.03658080846071243];[-0.8212994337081909, -0.8284462690353394, -0.8436610102653503, -0.8418864607810974, -0.8301171660423279, -0.8412972688674927, -0.8481887578964233, -0.8238278031349182, -0.8378673195838928, -0.8466358184814453, -0.8339080214500427, -0.8317803740501404, -0.8316853046417236, -0.8465893268585205, -0.8172301650047302, -0.8371992707252502, -0.8101468086242676, -0.8246991038322449, -0.8533831834793091, -0.8308694958686829, -0.8292291164398193, -0.825680136680603, -0.8142480850219727, -0.8304103016853333, -0.8236669301986694, -0.8323307633399963, -0.824834406375885, -0.8385560512542725, -0.8308479189872742, -0.8080949783325195, -0.8305046558380127];[];778.4877059459686
3500;[0.7799900770187378, 0.767550528049469, 0.7716434001922607, 0.7703338265419006, 0.7779518961906433, 0.7796192169189453, 0.7739920616149902, 0.7713772058486938, 0.7676114439964294, 0.7762994766235352, 0.7809516191482544, 0.7677037715911865, 0.7678431272506714, 0.7687205076217651, 0.7634955644607544, 0.7617393732070923, 0.7667969465255737, 0.7671005129814148, 0.766661524772644, 0.7709264755249023, 0.7748295664787292, 0.7753961086273193, 0.7648348808288574, 0.7668139934539795, 0.7653741240501404, 0.7674538493156433, 0.7706805467605591, 0.7708619236946106, 0.7714352011680603, 0.7571934461593628, 0.7701594233512878];[0.03934689611196518, 0.02984364703297615, 0.035020384937524796, 0.033783018589019775, 0.042560745030641556, 0.04260212928056717, 0.036599624902009964, 0.0332353375852108, 0.031188685446977615, 0.03650055453181267, 0.04234698414802551, 0.03401530161499977, 0.033374011516571045, 0.03530902415513992, 0.02978486940264702, 0.028930751606822014, 0.0338318757712841, 0.034134604036808014, 0.03355894610285759, 0.03605714440345764, 0.03994276374578476, 0.037893425673246384, 0.03119233250617981, 0.030490422621369362, 0.03269548714160919, 0.033869534730911255, 0.03852727264165878, 0.037544623017311096, 0.037238460034132004, 0.02858087792992592, 0.036644455045461655];[-0.8416905403137207, -0.8112965822219849, -0.8246331810951233, -0.8241807222366333, -0.8679043054580688, -0.8476057648658752, -0.8362045884132385, -0.8213260769844055, -0.8155017495155334, -0.8408901691436768, -0.8538212180137634, -0.8248167634010315, -0.8199173808097839, -0.8238649368286133, -0.812763512134552, -0.8076431751251221, -0.8244385123252869, -0.8225958347320557, -0.8208754062652588, -0.8321507573127747, -0.8475609421730042, -0.836502730846405, -0.8193697929382324, -0.8151496052742004, -0.819865882396698, -0.8226285576820374, -0.8388105034828186, -0.8333656191825867, -0.8470163345336914, -0.8096749782562256, -0.8300489783287048];[];763.6796414852142
3550;[0.7742922902107239, 0.7716870307922363, 0.7766779065132141, 0.7735309600830078, 0.7787012457847595, 0.7695745229721069, 0.7703726291656494, 0.7757670879364014, 0.767987072467804, 0.7730464339256287, 0.7703293561935425, 0.7784037590026855, 0.7750629782676697, 0.7841445803642273, 0.7656931281089783, 0.7737958431243896, 0.7758548259735107, 0.7785242795944214, 0.7691579461097717, 0.7772091031074524, 0.7681909203529358, 0.764446496963501, 0.7755167484283447, 0.7669133543968201, 0.7716549634933472, 0.7757571935653687, 0.779076099395752, 0.7721189260482788, 0.7708479166030884, 0.7819011211395264, 0.7827163338661194];[0.037251152098178864, 0.031192539259791374, 0.04000682756304741, 0.03829485923051834, 0.0438266322016716, 0.03469444066286087, 0.036843858659267426, 0.03904828801751137, 0.03567088767886162, 0.03518861159682274, 0.035191524773836136, 0.04031438007950783, 0.040310852229595184, 0.04535700008273125, 0.03132666274905205, 0.03998974338173866, 0.03930890932679176, 0.041727110743522644, 0.03350555896759033, 0.03820810839533806, 0.03452000394463539, 0.031333666294813156, 0.038494888693094254, 0.03270313888788223, 0.03671819716691971, 0.040224988013505936, 0.04193664714694023, 0.03377630561590195, 0.03402673825621605, 0.041181616485118866, 0.04236219823360443];[-0.8325448036193848, -0.8139972686767578, -0.8412383198738098, -0.8481224775314331, -0.8512459397315979, -0.8278321027755737, -0.8300852179527283, -0.8409022688865662, -0.8270851969718933, -0.8269575238227844, -0.8306869864463806, -0.8447482585906982, -0.843303918838501, -0.8600056171417236, -0.8161794543266296, -0.8388063311576843, -0.8367812037467957, -0.8435829281806946, -0.822239875793457, -0.8338350653648376, -0.8264281749725342, -0.81489098072052, -0.8381667137145996, -0.8191714882850647, -0.831104576587677, -0.8434035778045654, -0.8522470593452454, -0.8242348432540894, -0.824882447719574, -0.8526901602745056, -0.849366307258606];[];771.0455615520477
3600;[0.7710103392601013, 0.777896523475647, 0.7773569226264954, 0.7748573422431946, 0.7713977098464966, 0.7740530371665955, 0.7756070494651794, 0.7702733278274536, 0.7669321894645691, 0.76971435546875, 0.7742767930030823, 0.7730080485343933, 0.7694352269172668, 0.7696034908294678, 0.7735656499862671, 0.7717301845550537, 0.7720236778259277, 0.7768327593803406, 0.7808570265769958, 0.773300290107727, 0.7806364893913269, 0.76674884557724, 0.7703951001167297, 0.7648231387138367, 0.7734718918800354, 0.7673219442367554, 0.7665533423423767, 0.7681196928024292, 0.7731154561042786, 0.7690129280090332, 0.7720484733581543];[0.036884766072034836, 0.0406905934214592, 0.04006233066320419, 0.03693978860974312, 0.03447914496064186, 0.037429388612508774, 0.037588272243738174, 0.032731276005506516, 0.030849013477563858, 0.034274451434612274, 0.03632722422480583, 0.03546211123466492, 0.03327562287449837, 0.03348429873585701, 0.03756194934248924, 0.03477009758353233, 0.037005048245191574, 0.037167079746723175, 0.04456767439842224, 0.03599974140524864, 0.04309132695198059, 0.03436248376965523, 0.03675174340605736, 0.03446612507104874, 0.03834789991378784, 0.03487479314208031, 0.03645285591483116, 0.034019697457551956, 0.03789588063955307, 0.035401035100221634, 0.03552328795194626];[-0.8321592211723328, -0.8494365811347961, -0.8395665287971497, -0.8306745886802673, -0.8237705230712891, -0.8334707021713257, -0.8371529579162598, -0.8173155188560486, -0.8128828406333923, -0.8224031329154968, -0.8323424458503723, -0.8243483901023865, -0.8213071227073669, -0.8210710883140564, -0.8328040242195129, -0.8263769149780273, -0.8353350162506104, -0.8339440822601318, -0.8573452830314636, -0.8300431370735168, -0.8540164828300476, -0.8280231952667236, -0.8314299583435059, -0.822838544845581, -0.832319438457489, -0.8241357207298279, -0.8308258652687073, -0.8245126605033875, -0.8312676548957825, -0.8256967663764954, -0.8272261023521423];[];770.595312833786
3650;[0.7695708274841309, 0.7876181602478027, 0.7816822528839111, 0.7686659097671509, 0.7672770619392395, 0.7724422812461853, 0.7614195942878723, 0.7748922109603882, 0.7703574299812317, 0.7799211144447327, 0.7695159316062927, 0.7613217234611511, 0.7664538025856018, 0.7685167789459229, 0.7738478779792786, 0.7735530138015747, 0.7697930932044983, 0.7650594115257263, 0.772979199886322, 0.7680268287658691, 0.7694226503372192, 0.7809954285621643, 0.772581934928894, 0.7710403800010681, 0.7661545276641846, 0.7734211683273315, 0.7698330879211426, 0.7641491293907166, 0.7748622894287109, 0.7717811465263367, 0.7682437896728516];[0.033356767147779465, 0.04677368327975273, 0.04306187480688095, 0.03176898881793022, 0.030860064551234245, 0.03420763462781906, 0.027490412816405296, 0.037973009049892426, 0.0332506038248539, 0.04067337140440941, 0.03278856351971626, 0.026112491264939308, 0.02861771173775196, 0.032859351485967636, 0.035643070936203, 0.039011213928461075, 0.031957078725099564, 0.03176334127783775, 0.036577265709638596, 0.0321437232196331, 0.03446986898779869, 0.03989723324775696, 0.034352146089076996, 0.029560266062617302, 0.029053794220089912, 0.036767177283763885, 0.032821137458086014, 0.03100460022687912, 0.03657812625169754, 0.03795080631971359, 0.030990174040198326];[-0.8181540369987488, -0.8660671710968018, -0.8579916954040527, -0.8180717825889587, -0.8150807619094849, -0.8250812292098999, -0.8053179383277893, -0.835029661655426, -0.8194642066955566, -0.8460649251937866, -0.8227781653404236, -0.8001928329467773, -0.8071814179420471, -0.8225975632667542, -0.8447619676589966, -0.8407195806503296, -0.8194992542266846, -0.8167277574539185, -0.8311936259269714, -0.8161365985870361, -0.8219545483589172, -0.8740032315254211, -0.829276442527771, -0.811264157295227, -0.8090388774871826, -0.8298192024230957, -0.8189516663551331, -0.8146587610244751, -0.83025062084198, -0.8379693031311035, -0.8157898187637329];[];770.8290841579437
3700;[0.7767847180366516, 0.7861283421516418, 0.7722882032394409, 0.7768780589103699, 0.7721370458602905, 0.7785269618034363, 0.7773372530937195, 0.7740457653999329, 0.7693294882774353, 0.770796000957489, 0.7704144716262817, 0.7778750658035278, 0.7782908082008362, 0.7773199677467346, 0.7762186527252197, 0.7759732604026794, 0.7874935865402222, 0.7650008797645569, 0.7723771333694458, 0.7711712121963501, 0.7787683606147766, 0.7711198329925537, 0.77366042137146, 0.7741244435310364, 0.7796024680137634, 0.7682289481163025, 0.7727597951889038, 0.7749833464622498, 0.7727316617965698, 0.7650549411773682, 0.7787632942199707];[0.038039159029722214, 0.04692663252353668, 0.031937044113874435, 0.03929679095745087, 0.03185630217194557, 0.037586312741041183, 0.04058239981532097, 0.03554890304803848, 0.03360290080308914, 0.03226492926478386, 0.03076612576842308, 0.03819769248366356, 0.03818441927433014, 0.03691273182630539, 0.03824443370103836, 0.039990413933992386, 0.051892053335905075, 0.028127234429121017, 0.03617303818464279, 0.03183470293879509, 0.040715642273426056, 0.034259695559740067, 0.037694551050662994, 0.03463546931743622, 0.03918469697237015, 0.033556196838617325, 0.036601241677999496, 0.035518161952495575, 0.034574925899505615, 0.029730182141065598, 0.04236485809087753];[-0.8338400721549988, -0.8632592558860779, -0.8191514015197754, -0.8427265882492065, -0.8170590996742249, -0.843609631061554, -0.8406910300254822, -0.8271757364273071, -0.8241209983825684, -0.8156530261039734, -0.8171448707580566, -0.8332223296165466, -0.8403133749961853, -0.8311358094215393, -0.8399320840835571, -0.8533209562301636, -0.8711212277412415, -0.8069669008255005, -0.8326206207275391, -0.8170586824417114, -0.8439005017280579, -0.8251580595970154, -0.8328205347061157, -0.823322594165802, -0.8484833240509033, -0.8204183578491211, -0.8260316252708435, -0.8272389769554138, -0.8242648243904114, -0.8096854090690613, -0.843122661113739];[];774.964230298996
3750;[0.7779315114021301, 0.7707696557044983, 0.7707304954528809, 0.7776517271995544, 0.7720277905464172, 0.778825581073761, 0.778441846370697, 0.769503116607666, 0.7640622854232788, 0.7765579223632812, 0.7765548229217529, 0.7752248048782349, 0.776228666305542, 0.7814342975616455, 0.777410626411438, 0.7619847059249878, 0.7764168977737427, 0.7677502632141113, 0.7730781435966492, 0.7731879353523254, 0.7783856391906738, 0.7715216279029846, 0.7710360288619995, 0.7746146321296692, 0.7675140500068665, 0.7721652984619141, 0.77472323179245, 0.7769933938980103, 0.7673394680023193, 0.7772294282913208, 0.7745824456214905];[0.04010831564664841, 0.03536933287978172, 0.03533606603741646, 0.03887027129530907, 0.03602605313062668, 0.04043284431099892, 0.039220914244651794, 0.031123001128435135, 0.02901783026754856, 0.04119075834751129, 0.03865669295191765, 0.03703400492668152, 0.03884902969002724, 0.04015619680285454, 0.038131821900606155, 0.027804164215922356, 0.040130823850631714, 0.03131333738565445, 0.0382547602057457, 0.03681438788771629, 0.04150092229247093, 0.03760581836104393, 0.03764941543340683, 0.03811836987733841, 0.03349187597632408, 0.03800816833972931, 0.040672846138477325, 0.04052569344639778, 0.034080713987350464, 0.04001583531498909, 0.03563186153769493];[-0.8408828377723694, -0.829497754573822, -0.8264763355255127, -0.8380274772644043, -0.8288812041282654, -0.8541390299797058, -0.835785984992981, -0.8154852986335754, -0.8140747547149658, -0.8448323607444763, -0.8393800854682922, -0.8323347568511963, -0.8371816873550415, -0.8418484330177307, -0.8408997654914856, -0.8069033026695251, -0.8396429419517517, -0.8176217675209045, -0.8371861577033997, -0.8336101770401001, -0.8445085287094116, -0.8532983660697937, -0.8313453197479248, -0.8361946940422058, -0.8190186023712158, -0.8348075151443481, -0.8489317893981934, -0.8389590382575989, -0.82467120885849, -0.8592506051063538, -0.8286378383636475];[];772.608071565628
3800;[0.7720962762832642, 0.7749247550964355, 0.7661937475204468, 0.7834152579307556, 0.7690384387969971, 0.7745448350906372, 0.7765985131263733, 0.7731953263282776, 0.7784074544906616, 0.7792868614196777, 0.7760186195373535, 0.7709672451019287, 0.7746856212615967, 0.7737886309623718, 0.7724886536598206, 0.7774829864501953, 0.7703992128372192, 0.7665458917617798, 0.7721221446990967, 0.7662700414657593, 0.7715467214584351, 0.7719011902809143, 0.7672304511070251, 0.7707251310348511, 0.7700022459030151, 0.7681789994239807, 0.7691014409065247, 0.7682356238365173, 0.7668410539627075, 0.7677522301673889, 0.7659344673156738];[0.03428170457482338, 0.037993114441633224, 0.0306559931486845, 0.043441519141197205, 0.030597830191254616, 0.037199173122644424, 0.037865281105041504, 0.03580065444111824, 0.036624159663915634, 0.0412212535738945, 0.037645209580659866, 0.03299395367503166, 0.035435210913419724, 0.036496758460998535, 0.03358439728617668, 0.03649723157286644, 0.03490476310253143, 0.03077380359172821, 0.03504202142357826, 0.03040040284395218, 0.034896232187747955, 0.03391827642917633, 0.03222702071070671, 0.035061269998550415, 0.030597776174545288, 0.032509103417396545, 0.03537639603018761, 0.032862547785043716, 0.03358345106244087, 0.03212111443281174, 0.0304972305893898];[-0.8256890177726746, -0.8334830403327942, -0.8140381574630737, -0.8605042099952698, -0.8127413988113403, -0.8312798142433167, -0.8306995630264282, -0.8285244107246399, -0.8332950472831726, -0.8481640815734863, -0.8326590657234192, -0.8199344873428345, -0.8273082971572876, -0.8356320858001709, -0.8236802816390991, -0.8430837988853455, -0.8260977268218994, -0.8140345811843872, -0.826015055179596, -0.811708927154541, -0.8330140113830566, -0.8226704597473145, -0.8133237957954407, -0.8256925344467163, -0.8136206269264221, -0.8170484900474548, -0.8257903456687927, -0.8257406949996948, -0.8209587931632996, -0.8184537291526794, -0.8186970353126526];[];775.2403469085693
3850;[0.7717000842094421, 0.7731682062149048, 0.7744249105453491, 0.770475447177887, 0.7678980827331543, 0.7786458730697632, 0.7691770792007446, 0.7672375440597534, 0.7721309065818787, 0.7723283171653748, 0.7702368497848511, 0.7756452560424805, 0.7699593305587769, 0.7778159976005554, 0.7689974904060364, 0.780958890914917, 0.7669683694839478, 0.7777675986289978, 0.7713509202003479, 0.7713797092437744, 0.7681886553764343, 0.7772824764251709, 0.7704524397850037, 0.7765187621116638, 0.7772620320320129, 0.778971791267395, 0.775631844997406, 0.782759964466095, 0.780747652053833, 0.7694643139839172, 0.7738352417945862];[0.035215020179748535, 0.03814692422747612, 0.03801087662577629, 0.03492932394146919, 0.03089686669409275, 0.04207270219922066, 0.03271910548210144, 0.030922500416636467, 0.03463741019368172, 0.03315376117825508, 0.03330191224813461, 0.03694677725434303, 0.030318884178996086, 0.038376037031412125, 0.03301369026303291, 0.04098555073142052, 0.030070645734667778, 0.040820565074682236, 0.03515293076634407, 0.0344109833240509, 0.030039504170417786, 0.03766319155693054, 0.032773032784461975, 0.04077901691198349, 0.03989877551794052, 0.04327288642525673, 0.03874477744102478, 0.042954374104738235, 0.04429830238223076, 0.03643125668168068, 0.036054257303476334];[-0.827389121055603, -0.8378296494483948, -0.8356230854988098, -0.8223776817321777, -0.8122299909591675, -0.8545000553131104, -0.8256882429122925, -0.8152838349342346, -0.8282182812690735, -0.8215445280075073, -0.8211203813552856, -0.8313682079315186, -0.8100508451461792, -0.8314797282218933, -0.8213584423065186, -0.8455398678779602, -0.8148448467254639, -0.852225661277771, -0.8269293904304504, -0.8259057402610779, -0.813335120677948, -0.8319786190986633, -0.8218982219696045, -0.8419386148452759, -0.8403013348579407, -0.8673673272132874, -0.8426581025123596, -0.8518975973129272, -0.8637574315071106, -0.8323870897293091, -0.8295691609382629];[];794.4408605098724
3900;[0.7764260172843933, 0.7688843011856079, 0.7729961276054382, 0.761815071105957, 0.7784596681594849, 0.7663082480430603, 0.7740237712860107, 0.7720137238502502, 0.7646922469139099, 0.7737962007522583, 0.7719634771347046, 0.7732773423194885, 0.765576958656311, 0.7652448415756226, 0.7689565420150757, 0.7690193057060242, 0.7809246182441711, 0.7719370722770691, 0.7704524993896484, 0.7704704403877258, 0.7724794745445251, 0.7700703144073486, 0.7682558298110962, 0.7686468362808228, 0.773343563079834, 0.7801891565322876, 0.7742206454277039, 0.7763181924819946, 0.775705099105835, 0.7724331021308899, 0.7739744782447815];[0.0392027273774147, 0.03237912058830261, 0.03561120852828026, 0.0277229193598032, 0.03685758635401726, 0.030868323519825935, 0.038051534444093704, 0.03606194257736206, 0.028603971004486084, 0.037213556468486786, 0.03730194643139839, 0.03577348589897156, 0.029590601101517677, 0.03325151279568672, 0.03341905027627945, 0.03262001648545265, 0.04342266544699669, 0.03486087918281555, 0.03508772701025009, 0.03471031412482262, 0.036050934344530106, 0.035548433661460876, 0.033731259405612946, 0.03433944284915924, 0.03787653520703316, 0.044249311089515686, 0.03665701299905777, 0.04099858179688454, 0.03928185626864433, 0.03719815984368324, 0.036080412566661835];[-0.8461412191390991, -0.8219749927520752, -0.8263481259346008, -0.8072173595428467, -0.8341231346130371, -0.8138707280158997, -0.8366263508796692, -0.8280564546585083, -0.808668851852417, -0.8406301736831665, -0.8368973731994629, -0.8255784511566162, -0.8107776045799255, -0.8242680430412292, -0.8226475715637207, -0.8229344487190247, -0.8580604195594788, -0.8330883383750916, -0.8260326981544495, -0.8241372108459473, -0.8265884518623352, -0.832231342792511, -0.8217935562133789, -0.82268887758255, -0.8357587456703186, -0.8557047843933105, -0.8284931778907776, -0.8465138673782349, -0.8381150960922241, -0.8352870941162109, -0.8278307318687439];[];781.9989404678345
3950;[0.7668476700782776, 0.7726155519485474, 0.7713058590888977, 0.776092529296875, 0.7752621173858643, 0.7743331789970398, 0.7772512435913086, 0.7763574719429016, 0.7735008597373962, 0.7715880274772644, 0.7793039679527283, 0.77227783203125, 0.7746241092681885, 0.7828649878501892, 0.7703275680541992, 0.7823420166969299, 0.7831966876983643, 0.7691416144371033, 0.7694932818412781, 0.777676522731781, 0.7736982107162476, 0.7701640129089355, 0.7795246243476868, 0.7670468091964722, 0.7797291874885559, 0.7760279774665833, 0.7738133668899536, 0.7742045521736145, 0.77341228723526, 0.7728855609893799, 0.7769715189933777];[0.03283039852976799, 0.037868086248636246, 0.03310517966747284, 0.03567841276526451, 0.03694475069642067, 0.03870343044400215, 0.039510052651166916, 0.03808237612247467, 0.03467386215925217, 0.0335189588367939, 0.04085639864206314, 0.03502092510461807, 0.0355558879673481, 0.04312238469719887, 0.034163061529397964, 0.040286943316459656, 0.042848601937294006, 0.033526770770549774, 0.03432872146368027, 0.03847026079893112, 0.03562624379992485, 0.033702511340379715, 0.041044387966394424, 0.03030700795352459, 0.041648946702480316, 0.03843555226922035, 0.03831476718187332, 0.03790532425045967, 0.037307918071746826, 0.03460321202874184, 0.03896595165133476];[-0.8205925226211548, -0.8334749341011047, -0.8193976879119873, -0.8273133635520935, -0.8349001407623291, -0.8378885984420776, -0.8432758450508118, -0.8370868563652039, -0.8244525790214539, -0.8229318857192993, -0.8459895253181458, -0.8286434412002563, -0.8275941014289856, -0.853213369846344, -0.8275710344314575, -0.8429391980171204, -0.8565685749053955, -0.8226476907730103, -0.8237335681915283, -0.8360641002655029, -0.8300860524177551, -0.8203420042991638, -0.8458611965179443, -0.8116394877433777, -0.8477182984352112, -0.8409222364425659, -0.8440566062927246, -0.8359970450401306, -0.8359863758087158, -0.8250775337219238, -0.839335024356842];[];789.7233567237854
4000;[0.7758664488792419, 0.7777546048164368, 0.7785218954086304, 0.7721105813980103, 0.7698114514350891, 0.7728516459465027, 0.7703050971031189, 0.7695587277412415, 0.7744342088699341, 0.7724639773368835, 0.7702121138572693, 0.766755998134613, 0.7725289463996887, 0.7734386920928955, 0.7835463285446167, 0.7714208960533142, 0.779720664024353, 0.7666237354278564, 0.7854916453361511, 0.7685401439666748, 0.7745817303657532, 0.7706131339073181, 0.78081876039505, 0.7752920985221863, 0.767404317855835, 0.7773852348327637, 0.7683389186859131, 0.7822500467300415, 0.7760078310966492, 0.7826375365257263, 0.7823059558868408];[0.0369487926363945, 0.038288142532110214, 0.039308205246925354, 0.04005371406674385, 0.035329170525074005, 0.03973911702632904, 0.03417235240340233, 0.032763149589300156, 0.03659702092409134, 0.03510747477412224, 0.0332462377846241, 0.029959309846162796, 0.03732411190867424, 0.0377853699028492, 0.04368024691939354, 0.03338499739766121, 0.04033880680799484, 0.034038007259368896, 0.04527493193745613, 0.03390312194824219, 0.03766937926411629, 0.032739244401454926, 0.041061028838157654, 0.036478571593761444, 0.0304252989590168, 0.03805192932486534, 0.03191506117582321, 0.042370956391096115, 0.03822106122970581, 0.043581414967775345, 0.042868781834840775];[-0.832825243473053, -0.8345052003860474, -0.8512029647827148, -0.8455914855003357, -0.8286343216896057, -0.8470539450645447, -0.8235988020896912, -0.8194438815116882, -0.8296051621437073, -0.8265395164489746, -0.8200393319129944, -0.8085281252861023, -0.8327706456184387, -0.8419880867004395, -0.864945650100708, -0.821438193321228, -0.8414140343666077, -0.825171709060669, -0.8811213374137878, -0.8251508474349976, -0.8317906260490417, -0.8185546398162842, -0.8474902510643005, -0.8329184651374817, -0.8129173517227173, -0.835095226764679, -0.8169978260993958, -0.8540794849395752, -0.838700532913208, -0.8580722212791443, -0.8503300547599792];[];779.2024698257446
4050;[0.7695102095603943, 0.7741162776947021, 0.7852414846420288, 0.7730735540390015, 0.7760635614395142, 0.7747228145599365, 0.7810479402542114, 0.7790326476097107, 0.7790611386299133, 0.7783077359199524, 0.7793481945991516, 0.7715375423431396, 0.7754846215248108, 0.781773567199707, 0.7781932353973389, 0.7841600179672241, 0.7776592373847961, 0.781764030456543, 0.7772265672683716, 0.777125358581543, 0.7781075835227966, 0.7780628800392151, 0.7800931334495544, 0.7802819013595581, 0.7774534821510315, 0.7793149352073669, 0.7880235910415649, 0.7818393707275391, 0.7898743152618408, 0.7786593437194824, 0.7819333672523499];[0.03308466449379921, 0.03585872799158096, 0.04300077259540558, 0.03364768251776695, 0.03848668560385704, 0.03607629984617233, 0.04308159276843071, 0.04212798923254013, 0.04117034003138542, 0.03748888149857521, 0.038963742554187775, 0.03480313718318939, 0.04002859443426132, 0.04406148940324783, 0.04269811883568764, 0.0463663749396801, 0.04105236753821373, 0.043001145124435425, 0.039578698575496674, 0.03888677805662155, 0.03986949846148491, 0.03936593607068062, 0.04230921342968941, 0.04141603037714958, 0.04035374894738197, 0.039410531520843506, 0.047220274806022644, 0.042791496962308884, 0.05243011191487312, 0.04120517522096634, 0.04204908013343811];[-0.8229476809501648, -0.8291616439819336, -0.8676283955574036, -0.8215879797935486, -0.8366865515708923, -0.8308051824569702, -0.8625051379203796, -0.8457580804824829, -0.8459280133247375, -0.8384632468223572, -0.8363935947418213, -0.8261785507202148, -0.8390733003616333, -0.8511966466903687, -0.8470520377159119, -0.8592123985290527, -0.8422018885612488, -0.8506490588188171, -0.8350081443786621, -0.8351548314094543, -0.8422342538833618, -0.8356127738952637, -0.8471125960350037, -0.8474908471107483, -0.8414714932441711, -0.8411523699760437, -0.8671964406967163, -0.8524472117424011, -0.8895623683929443, -0.8483702540397644, -0.8498503565788269];[];756.2685744762421
4100;[0.7719650864601135, 0.7711188197135925, 0.7724526524543762, 0.7770994901657104, 0.7731528282165527, 0.7751491069793701, 0.7704805135726929, 0.7716767191886902, 0.770689845085144, 0.7699878811836243, 0.7674977779388428, 0.7742193937301636, 0.7755650281906128, 0.7733420133590698, 0.7728410363197327, 0.7690624594688416, 0.7682070136070251, 0.7667881846427917, 0.7782239317893982, 0.7723327875137329, 0.7680683732032776, 0.7786003351211548, 0.775740385055542, 0.770400881767273, 0.7787653803825378, 0.7707796096801758, 0.7683698534965515, 0.7806838154792786, 0.7767486572265625, 0.7702696919441223, 0.7784285545349121];[0.03487067297101021, 0.03423551470041275, 0.037430960685014725, 0.03947342559695244, 0.03532708063721657, 0.03732415288686752, 0.03492094948887825, 0.03295641392469406, 0.03569498658180237, 0.032107703387737274, 0.03223097324371338, 0.03624361753463745, 0.03694530576467514, 0.036690160632133484, 0.034512825310230255, 0.03446115180850029, 0.03059704229235649, 0.031213361769914627, 0.036810725927352905, 0.03398972377181053, 0.030292905867099762, 0.03872876241803169, 0.0360540971159935, 0.031933508813381195, 0.0393008328974247, 0.032797012478113174, 0.030998094007372856, 0.0391838513314724, 0.038141533732414246, 0.031096994876861572, 0.03736955299973488];[-0.8271980881690979, -0.8233836889266968, -0.8347099423408508, -0.8399737477302551, -0.8364622592926025, -0.8319306969642639, -0.8292081356048584, -0.8234262466430664, -0.8234211206436157, -0.8172770142555237, -0.8181774616241455, -0.8358491063117981, -0.8363680243492126, -0.8360366225242615, -0.8268448114395142, -0.8250697255134583, -0.8158215284347534, -0.8120107650756836, -0.8315861225128174, -0.8225522041320801, -0.8161114454269409, -0.836735725402832, -0.8276817202568054, -0.83590167760849, -0.8446138501167297, -0.8205831050872803, -0.8180766701698303, -0.8368273377418518, -0.8463407754898071, -0.8147781491279602, -0.8328976035118103];[];751.0792057514191
4150;[0.7738735675811768, 0.7751362919807434, 0.7703722715377808, 0.7793039679527283, 0.7706258893013, 0.7710920572280884, 0.7696112990379333, 0.7615355253219604, 0.7683388590812683, 0.7696157693862915, 0.7792961001396179, 0.7687399387359619, 0.7647509574890137, 0.7648028135299683, 0.7749981880187988, 0.7722753882408142, 0.7644375562667847, 0.769936740398407, 0.7701439261436462, 0.7687933444976807, 0.7723629474639893, 0.77352374792099, 0.7677846550941467, 0.7700356245040894, 0.7732271552085876, 0.7671329975128174, 0.7709894180297852, 0.7694523334503174, 0.7676733136177063, 0.7710601091384888, 0.77028489112854];[0.037310000509023666, 0.03775204345583916, 0.03543493524193764, 0.04252614825963974, 0.034864842891693115, 0.03583867847919464, 0.03396262973546982, 0.030867313966155052, 0.033747054636478424, 0.03608696907758713, 0.04095867648720741, 0.0353720523416996, 0.028695926070213318, 0.03049262799322605, 0.03808246925473213, 0.035815004259347916, 0.03259593993425369, 0.034637294709682465, 0.03479347005486488, 0.03216523677110672, 0.037508524954319, 0.03873447701334953, 0.03374430909752846, 0.03540918976068497, 0.03383677080273628, 0.0335552804172039, 0.03534216806292534, 0.03355330601334572, 0.03354775160551071, 0.03435356169939041, 0.0355650931596756];[-0.8332653641700745, -0.833989679813385, -0.8324414491653442, -0.8481767773628235, -0.8280885219573975, -0.8267107009887695, -0.8227080702781677, -0.8120985627174377, -0.8227473497390747, -0.8316717743873596, -0.8732175827026367, -0.8362179398536682, -0.8087953329086304, -0.8111985921859741, -0.8364971876144409, -0.8312233686447144, -0.8206144571304321, -0.8244320154190063, -0.8273372054100037, -0.8185226321220398, -0.8392584919929504, -0.8374342322349548, -0.8196906447410583, -0.8290660977363586, -0.848607063293457, -0.8211714029312134, -0.826689600944519, -0.8208604454994202, -0.8218384385108948, -0.8243334889411926, -0.829942524433136];[];733.0953977108002
4200;[0.774819552898407, 0.7697533965110779, 0.7796527147293091, 0.771199107170105, 0.7736467123031616, 0.7752293944358826, 0.7708426117897034, 0.7701999545097351, 0.7689983248710632, 0.7700804471969604, 0.7666699290275574, 0.77164626121521, 0.7720320820808411, 0.7684381008148193, 0.7705440521240234, 0.7723352313041687, 0.7614595293998718, 0.7665700912475586, 0.764445424079895, 0.7722669839859009, 0.7671307325363159, 0.775259792804718, 0.7721908688545227, 0.7726874351501465, 0.7683946490287781, 0.7650266289710999, 0.7633000612258911, 0.7584041357040405, 0.7645036578178406, 0.7646005749702454, 0.7622199058532715];[0.03890760987997055, 0.03224260360002518, 0.03839796409010887, 0.03465094417333603, 0.037091419100761414, 0.039578527212142944, 0.031737394630908966, 0.03277492895722389, 0.036333806812763214, 0.03414790704846382, 0.0310312919318676, 0.03470496088266373, 0.03550637513399124, 0.0334380678832531, 0.033988721668720245, 0.03544905036687851, 0.02777544967830181, 0.031567856669425964, 0.030194563791155815, 0.03485937416553497, 0.031807832419872284, 0.03605184331536293, 0.035899363458156586, 0.031659748405218124, 0.03379502892494202, 0.030779588967561722, 0.027039404958486557, 0.02578120119869709, 0.028288735076785088, 0.027623172849416733, 0.02868327498435974];[-0.8345641493797302, -0.8183010220527649, -0.8416706323623657, -0.826744556427002, -0.8332808613777161, -0.836752712726593, -0.8174759745597839, -0.8174431324005127, -0.8302196860313416, -0.8210564851760864, -0.8112823367118835, -0.8316594362258911, -0.8281499147415161, -0.8218643665313721, -0.8258320689201355, -0.8282173275947571, -0.8062183856964111, -0.8174740076065063, -0.8151713609695435, -0.8212820291519165, -0.8170080780982971, -0.8532629013061523, -0.8274502158164978, -0.8362388014793396, -0.8206213116645813, -0.8135657906532288, -0.8008565902709961, -0.7955213785171509, -0.807819664478302, -0.8059329390525818, -0.8069912791252136];[];747.4135670661926
4250;[0.7660307884216309, 0.773564338684082, 0.7780032157897949, 0.7741694450378418, 0.7780457735061646, 0.7752791047096252, 0.7815485596656799, 0.7776778340339661, 0.7700961828231812, 0.7687082290649414, 0.771675705909729, 0.7711851000785828, 0.7637996673583984, 0.7753534913063049, 0.7842455506324768, 0.7674302458763123, 0.774501621723175, 0.7663861513137817, 0.7741190791130066, 0.7653589844703674, 0.7781007289886475, 0.7719655632972717, 0.7638492584228516, 0.7714642882347107, 0.7612602710723877, 0.7600517868995667, 0.7660993933677673, 0.7626921534538269, 0.7736356854438782, 0.765330970287323, 0.76430743932724];[0.030949516221880913, 0.03725374490022659, 0.04134188964962959, 0.037489984184503555, 0.04179626330733299, 0.03781866654753685, 0.040991950780153275, 0.040361952036619186, 0.03472987189888954, 0.03756603226065636, 0.038120776414871216, 0.037575531750917435, 0.032261211425065994, 0.04184689745306969, 0.04710988327860832, 0.034753553569316864, 0.040024083107709885, 0.03236677497625351, 0.03787548840045929, 0.03367503732442856, 0.03965859115123749, 0.03807520493865013, 0.03163813054561615, 0.03788825869560242, 0.030406029894948006, 0.03002590872347355, 0.03303297981619835, 0.03203989565372467, 0.03952837735414505, 0.03266356512904167, 0.033210478723049164];[-0.8158609867095947, -0.8378797769546509, -0.8504309058189392, -0.8362169861793518, -0.8458995223045349, -0.8474796414375305, -0.8499683737754822, -0.8409472703933716, -0.8247218728065491, -0.8334409594535828, -0.8350529670715332, -0.8304322957992554, -0.8188393115997314, -0.8475309014320374, -0.8748687505722046, -0.8256154656410217, -0.8462901711463928, -0.8197041749954224, -0.8752423524856567, -0.826035737991333, -0.8829711675643921, -0.8371642231941223, -0.8188114762306213, -0.8356437087059021, -0.8194456696510315, -0.8124258518218994, -0.8224301934242249, -0.8225947022438049, -0.8390748500823975, -0.8203365206718445, -0.8236860632896423];[];738.4202649593353
4300;[0.7731620073318481, 0.7732227444648743, 0.7680013179779053, 0.7802866697311401, 0.7666691541671753, 0.77125084400177, 0.775291383266449, 0.7791732549667358, 0.7738286852836609, 0.7820215821266174, 0.7863515615463257, 0.7705058455467224, 0.7713577747344971, 0.7746486663818359, 0.7830654382705688, 0.768020749092102, 0.7704087495803833, 0.7756539583206177, 0.7779391407966614, 0.7629210352897644, 0.7769791483879089, 0.7714208960533142, 0.7710604071617126, 0.7646542191505432, 0.7735326886177063, 0.7718335390090942, 0.7763649225234985, 0.7764694094657898, 0.7642723917961121, 0.7874931693077087, 0.7638609409332275];[0.0369359627366066, 0.036088939756155014, 0.03147413209080696, 0.03950215131044388, 0.030494634062051773, 0.03423332795500755, 0.037828169763088226, 0.04268231987953186, 0.03776250779628754, 0.04216200113296509, 0.043260056525468826, 0.03393150493502617, 0.03295588865876198, 0.03812668099999428, 0.04578466713428497, 0.033386778086423874, 0.03555890545248985, 0.03985980153083801, 0.03927794471383095, 0.0292839203029871, 0.03865605220198631, 0.03696092218160629, 0.03780534118413925, 0.03163451328873634, 0.036269403994083405, 0.03719567507505417, 0.040691353380680084, 0.036909352988004684, 0.030972454696893692, 0.04814080148935318, 0.03151387348771095];[-0.8307245969772339, -0.8323283195495605, -0.8187465071678162, -0.8648465871810913, -0.8134471774101257, -0.8261300325393677, -0.8374540209770203, -0.8514664173126221, -0.8362868428230286, -0.8466896414756775, -0.884051501750946, -0.8239617943763733, -0.8185584545135498, -0.8427747488021851, -0.8563852906227112, -0.8189032077789307, -0.8252416253089905, -0.8477506041526794, -0.8402959108352661, -0.8108653426170349, -0.8403443694114685, -0.831537663936615, -0.8351648449897766, -0.817131519317627, -0.8481160402297974, -0.8313596844673157, -0.8426082134246826, -0.8514144420623779, -0.8149371147155762, -0.8754344582557678, -0.8166450262069702];[];734.5943129062653
4350;[0.7711126208305359, 0.7783337235450745, 0.7744300961494446, 0.7799933552742004, 0.776850700378418, 0.7806366086006165, 0.7785597443580627, 0.7705399990081787, 0.7744841575622559, 0.782940149307251, 0.7860240340232849, 0.7715282440185547, 0.7811105847358704, 0.7727325558662415, 0.7698937058448792, 0.7751479744911194, 0.7798006534576416, 0.7780811786651611, 0.7856410145759583, 0.7856155633926392, 0.7850108742713928, 0.7812502384185791, 0.7845029234886169, 0.7791149020195007, 0.7805259227752686, 0.7836670875549316, 0.7852659225463867, 0.775421142578125, 0.7805925011634827, 0.7881903052330017, 0.7843382954597473];[0.03230096027255058, 0.039702266454696655, 0.03662926331162453, 0.04229050129652023, 0.038813795894384384, 0.04080360755324364, 0.039226241409778595, 0.036910634487867355, 0.03942335397005081, 0.04371106997132301, 0.04436454921960831, 0.033610571175813675, 0.041387930512428284, 0.03261690214276314, 0.036169108003377914, 0.038127198815345764, 0.04048214107751846, 0.038356561213731766, 0.04781797155737877, 0.04598590359091759, 0.043618980795145035, 0.04339659959077835, 0.043594520539045334, 0.04123339802026749, 0.041343092918395996, 0.04383372515439987, 0.04449347034096718, 0.03723880276083946, 0.039497554302215576, 0.04706390202045441, 0.04345608502626419];[-0.818899393081665, -0.8413631319999695, -0.8295459151268005, -0.8462080955505371, -0.8374659419059753, -0.8463680744171143, -0.8396648168563843, -0.8320785164833069, -0.8389872312545776, -0.8626360297203064, -0.8509408831596375, -0.8238373398780823, -0.8471575379371643, -0.8211050033569336, -0.831212043762207, -0.8360689878463745, -0.8414126634597778, -0.8364154696464539, -0.862356960773468, -0.8629474639892578, -0.8495181798934937, -0.8459579944610596, -0.85010826587677, -0.8421913981437683, -0.8450814485549927, -0.853800356388092, -0.8531463742256165, -0.8313418626785278, -0.8443024754524231, -0.8583195805549622, -0.8488345742225647];[];753.5640025138855
4400;[0.7702599763870239, 0.7788171768188477, 0.7778024673461914, 0.7775956988334656, 0.7834680080413818, 0.7792470455169678, 0.7693986892700195, 0.7664658427238464, 0.7694512605667114, 0.7758022546768188, 0.7761988639831543, 0.7787439823150635, 0.7708348631858826, 0.7736971378326416, 0.7743942737579346, 0.7708116173744202, 0.7728552222251892, 0.772085964679718, 0.7807732224464417, 0.7792733907699585, 0.7718631625175476, 0.7710979580879211, 0.7727506160736084, 0.7704470157623291, 0.76924067735672, 0.7703970670700073, 0.770832896232605, 0.7682210803031921, 0.7799412608146667, 0.7733677625656128, 0.7658603191375732];[0.03421413153409958, 0.040446821600198746, 0.039962008595466614, 0.039027608931064606, 0.04799102619290352, 0.04136788845062256, 0.03427493944764137, 0.03237461298704147, 0.03335895389318466, 0.04001699388027191, 0.039442744106054306, 0.042690884321928024, 0.03573286905884743, 0.03835560381412506, 0.03836255893111229, 0.03604545816779137, 0.037301186472177505, 0.038244590163230896, 0.041876938194036484, 0.042424049228429794, 0.0334261953830719, 0.036109596490859985, 0.037661489099264145, 0.03416319936513901, 0.03414510190486908, 0.0339675210416317, 0.03626497834920883, 0.0317111499607563, 0.04406194016337395, 0.03759482130408287, 0.030977660790085793];[-0.8220859169960022, -0.840308427810669, -0.8455197215080261, -0.8379018306732178, -0.8668941855430603, -0.8491164445877075, -0.8229389786720276, -0.8194712400436401, -0.8203569054603577, -0.8434980511665344, -0.8406513929367065, -0.8487580418586731, -0.8310909271240234, -0.8381676077842712, -0.8384709358215332, -0.8302211761474609, -0.8302735090255737, -0.8387819528579712, -0.8490431904792786, -0.8530578017234802, -0.8248355388641357, -0.8299604058265686, -0.8357574939727783, -0.8241260051727295, -0.8237186670303345, -0.8264174461364746, -0.8322557210922241, -0.8185533285140991, -0.8636848330497742, -0.8388214111328125, -0.8136518001556396];[];733.102213382721
4450;[0.773384153842926, 0.7707056999206543, 0.7781773805618286, 0.7815577983856201, 0.7775141596794128, 0.7788785696029663, 0.7724201083183289, 0.7756152749061584, 0.7972519993782043, 0.7862324714660645, 0.7788180112838745, 0.7825068235397339, 0.7732579112052917, 0.7794575691223145, 0.7754604816436768, 0.7750831842422485, 0.7803842425346375, 0.7748923301696777, 0.7850803732872009, 0.7711983919143677, 0.7768733501434326, 0.7778794169425964, 0.7796486020088196, 0.7795630097389221, 0.7801511287689209, 0.7739057540893555, 0.7795078158378601, 0.7709921002388, 0.7784215211868286, 0.7832415699958801, 0.7806842923164368];[0.03670812398195267, 0.03369580954313278, 0.04060684144496918, 0.04349632188677788, 0.03772472217679024, 0.04236508533358574, 0.03446999564766884, 0.037571635097265244, 0.05563407018780708, 0.04720310494303703, 0.042647428810596466, 0.044546693563461304, 0.035822827368974686, 0.04307151958346367, 0.03926771506667137, 0.037710413336753845, 0.04281118884682655, 0.04302746802568436, 0.04618169367313385, 0.037851013243198395, 0.03866434469819069, 0.04147398844361305, 0.04225839674472809, 0.042726803570985794, 0.04390699788928032, 0.038105618208646774, 0.04194888472557068, 0.036843132227659225, 0.04103667289018631, 0.04373801127076149, 0.044395025819540024];[-0.8316198587417603, -0.8201980590820312, -0.843754231929779, -0.8570048809051514, -0.8365294337272644, -0.847761869430542, -0.8263335824012756, -0.8326040506362915, -0.9079332947731018, -0.8672922253608704, -0.8514537215232849, -0.8651809692382812, -0.8264459371566772, -0.8489317297935486, -0.8386634588241577, -0.8340485095977783, -0.8492668271064758, -0.8510668873786926, -0.8633176684379578, -0.8395164608955383, -0.8389533162117004, -0.8508134484291077, -0.8505724668502808, -0.8493993878364563, -0.862089991569519, -0.832993745803833, -0.8453312516212463, -0.8295000195503235, -0.8477232456207275, -0.8537929654121399, -0.8564003109931946];[];742.2752487659454
4500;[0.7799035906791687, 0.7651435732841492, 0.7701125741004944, 0.7769879698753357, 0.7704818844795227, 0.7678637504577637, 0.7824642658233643, 0.7749608159065247, 0.7835250496864319, 0.7721682190895081, 0.7744337320327759, 0.7741188406944275, 0.7711936235427856, 0.7745091319084167, 0.7786065936088562, 0.7741364240646362, 0.7805651426315308, 0.7827363014221191, 0.7796037793159485, 0.7748711109161377, 0.7711706161499023, 0.7830726504325867, 0.7721092700958252, 0.7747182250022888, 0.7811136841773987, 0.7684839963912964, 0.7787412405014038, 0.7852396368980408, 0.7777460217475891, 0.7791298031806946, 0.7726598978042603];[0.04227187857031822, 0.0314377024769783, 0.03579641506075859, 0.038428790867328644, 0.03397936746478081, 0.03396107628941536, 0.04132973030209541, 0.03881926089525223, 0.04330843314528465, 0.03295119106769562, 0.03728362172842026, 0.03652430698275566, 0.03624076023697853, 0.03501532971858978, 0.04229990020394325, 0.03719961643218994, 0.0412123017013073, 0.04354797676205635, 0.04105459153652191, 0.03509978577494621, 0.03351689130067825, 0.04156757891178131, 0.03421833738684654, 0.037426821887493134, 0.03852862864732742, 0.032509639859199524, 0.03926151618361473, 0.04581982642412186, 0.03973226621747017, 0.03907721862196922, 0.03636964410543442];[-0.8445484042167664, -0.8185999393463135, -0.8263304829597473, -0.8348850607872009, -0.8241292238235474, -0.8216485381126404, -0.8449920415878296, -0.8355585932731628, -0.8482412099838257, -0.8236786723136902, -0.8355703353881836, -0.8301403522491455, -0.8309805989265442, -0.8315619230270386, -0.846118688583374, -0.832911491394043, -0.8507499098777771, -0.8563537001609802, -0.8413887619972229, -0.8403336405754089, -0.8228418231010437, -0.8446796536445618, -0.8271188735961914, -0.832018256187439, -0.838473379611969, -0.8206959366798401, -0.8385722637176514, -0.8604066371917725, -0.8373450040817261, -0.8391974568367004, -0.8311600685119629];[];742.3120713233948
4550;[0.77451491355896, 0.7717593312263489, 0.7752266526222229, 0.767762303352356, 0.7653276920318604, 0.77493816614151, 0.7713711261749268, 0.7752243876457214, 0.775235116481781, 0.7697073817253113, 0.7656019330024719, 0.7721409797668457, 0.7746017575263977, 0.7695872783660889, 0.7747416496276855, 0.7790813446044922, 0.7706975936889648, 0.769561767578125, 0.7652528882026672, 0.7754111289978027, 0.7731748223304749, 0.7699167132377625, 0.770395040512085, 0.7719627618789673, 0.7696413993835449, 0.7685482501983643, 0.779926061630249, 0.775229275226593, 0.7823260426521301, 0.7776495814323425, 0.7762852311134338];[0.03537604957818985, 0.032631829380989075, 0.037136197090148926, 0.033846449106931686, 0.029285473749041557, 0.03537981957197189, 0.033344101160764694, 0.034839436411857605, 0.036218803375959396, 0.033895619213581085, 0.030758922919631004, 0.03356562927365303, 0.034775760024785995, 0.034296754747629166, 0.03763427585363388, 0.03894369676709175, 0.033978331834077835, 0.03316336125135422, 0.028746718540787697, 0.037202514708042145, 0.0320424921810627, 0.03259069845080376, 0.0338878408074379, 0.03437124937772751, 0.032468006014823914, 0.03285598382353783, 0.04212763532996178, 0.03778984770178795, 0.04103197529911995, 0.041377052664756775, 0.041249312460422516];[-0.8261992931365967, -0.8180513978004456, -0.8388945460319519, -0.8261377811431885, -0.8090876340866089, -0.8274134993553162, -0.8244537711143494, -0.8257682919502258, -0.8247251510620117, -0.8289933800697327, -0.8123773336410522, -0.8236991167068481, -0.8255431652069092, -0.8236872553825378, -0.8417825102806091, -0.8384128212928772, -0.8247547745704651, -0.8208510279655457, -0.809347927570343, -0.8346456289291382, -0.8163695931434631, -0.8169111013412476, -0.8221049308776855, -0.8291025161743164, -0.8167234063148499, -0.8185822367668152, -0.8571402430534363, -0.8360299468040466, -0.8466624617576599, -0.8493443727493286, -0.8488206267356873];[];730.3840503692627
4600;[0.7703679800033569, 0.7730128765106201, 0.7715592980384827, 0.7802784442901611, 0.7769968509674072, 0.7804932594299316, 0.7777953147888184, 0.7789859771728516, 0.7721806764602661, 0.7743762135505676, 0.7754693627357483, 0.7835953235626221, 0.7763069272041321, 0.7811200618743896, 0.7805131077766418, 0.7727431058883667, 0.7717283368110657, 0.7755815982818604, 0.781484067440033, 0.7804991602897644, 0.7804623246192932, 0.7812619805335999, 0.7739187479019165, 0.770422101020813, 0.7872645854949951, 0.7799820303916931, 0.7772065997123718, 0.7781152129173279, 0.7723200917243958, 0.7763563990592957, 0.7775983810424805];[0.032315317541360855, 0.0332610197365284, 0.03590211272239685, 0.0408652201294899, 0.03960508108139038, 0.04019024595618248, 0.04044204205274582, 0.04460373893380165, 0.037590980529785156, 0.0380442813038826, 0.03674587607383728, 0.042020928114652634, 0.039181556552648544, 0.04197444021701813, 0.040142010897397995, 0.03689570724964142, 0.03261616826057434, 0.03703457862138748, 0.0450272299349308, 0.03668292984366417, 0.03995957970619202, 0.04331749305129051, 0.035930123180150986, 0.03135516867041588, 0.04647776484489441, 0.03835821524262428, 0.03542674332857132, 0.03948849439620972, 0.034369759261608124, 0.03780340030789375, 0.03776291757822037];[-0.8186097741127014, -0.840003490447998, -0.8286230564117432, -0.8527313470840454, -0.8433353304862976, -0.8458229899406433, -0.8455300331115723, -0.8568642139434814, -0.8335984349250793, -0.8336812257766724, -0.8356128931045532, -0.8455305099487305, -0.8358920812606812, -0.8601420521736145, -0.8412972688674927, -0.8327392935752869, -0.8204900622367859, -0.8338452577590942, -0.860295832157135, -0.8300621509552002, -0.8377673625946045, -0.8511204719543457, -0.8275728821754456, -0.8135883808135986, -0.8608771562576294, -0.8427190780639648, -0.8295691609382629, -0.8388313055038452, -0.8324660658836365, -0.8416792750358582, -0.8354427814483643];[];723.5122544765472
4650;[0.7690682411193848, 0.770583987236023, 0.7789443731307983, 0.76662278175354, 0.7819288372993469, 0.7770978212356567, 0.7703563570976257, 0.7789473533630371, 0.7743383646011353, 0.7740993499755859, 0.7760012745857239, 0.782175600528717, 0.7775416970252991, 0.7721787095069885, 0.7659292817115784, 0.7732223868370056, 0.7683629989624023, 0.7673649787902832, 0.7736351490020752, 0.7653375864028931, 0.7666816115379333, 0.776900589466095, 0.7717616558074951, 0.7748856544494629, 0.7830042839050293, 0.774290919303894, 0.7710761427879333, 0.7686535120010376, 0.7642164826393127, 0.7635425925254822, 0.7651525735855103];[0.03358170762658119, 0.03363915905356407, 0.038244932889938354, 0.030148295685648918, 0.04265829920768738, 0.03848465532064438, 0.03439315780997276, 0.04012641683220863, 0.03517073020339012, 0.03860429301857948, 0.04195701330900192, 0.041896410286426544, 0.0402800589799881, 0.036721907556056976, 0.03250293433666229, 0.03859217092394829, 0.03391043841838837, 0.03311976417899132, 0.03853822872042656, 0.03280802071094513, 0.03171355277299881, 0.04066719487309456, 0.035135701298713684, 0.03617318347096443, 0.04634276032447815, 0.038056954741477966, 0.03556761145591736, 0.03515009954571724, 0.03218885511159897, 0.03120613470673561, 0.03353484347462654];[-0.8208686709403992, -0.824628472328186, -0.8452987670898438, -0.812206506729126, -0.8541941046714783, -0.8476259708404541, -0.8227334022521973, -0.8421257138252258, -0.8273491263389587, -0.8361579775810242, -0.8465080857276917, -0.8620772957801819, -0.8391575813293457, -0.8346177935600281, -0.8192800283432007, -0.8352809548377991, -0.8293951749801636, -0.8199508786201477, -0.8387191295623779, -0.8181020617485046, -0.8162821531295776, -0.8490787148475647, -0.8317756056785583, -0.8299610614776611, -0.8692171573638916, -0.8594282865524292, -0.8304054737091064, -0.825665295124054, -0.8211786150932312, -0.8164001107215881, -0.8258095979690552];[];725.2968306541443
4700;[0.7789782881736755, 0.7732511162757874, 0.7757095098495483, 0.7690995335578918, 0.7678585052490234, 0.7750876545906067, 0.7728153467178345, 0.7763323783874512, 0.7740786075592041, 0.783003032207489, 0.7729330062866211, 0.7721916437149048, 0.7732338309288025, 0.7737863063812256, 0.7752392292022705, 0.77443927526474, 0.7751049995422363, 0.7787274718284607, 0.7693296074867249, 0.7755259871482849, 0.7758462429046631, 0.7797033786773682, 0.7682126760482788, 0.7763068675994873, 0.7826374173164368, 0.7707814574241638, 0.7767279148101807, 0.7773728370666504, 0.7887064218521118, 0.7752599120140076, 0.7727488875389099];[0.039683349430561066, 0.036429692059755325, 0.03456712141633034, 0.032037198543548584, 0.03148655965924263, 0.03740574046969414, 0.03422854095697403, 0.03785399720072746, 0.03583011403679848, 0.0433848612010479, 0.03604510426521301, 0.035874415189027786, 0.037805184721946716, 0.03622429817914963, 0.03780215606093407, 0.03805718198418617, 0.03657195344567299, 0.043017931282520294, 0.0331844799220562, 0.038263022899627686, 0.040269069373607635, 0.043495189398527145, 0.03246007487177849, 0.03939646854996681, 0.046099282801151276, 0.033517587929964066, 0.04039660468697548, 0.04027751088142395, 0.04790718853473663, 0.038516562432050705, 0.03433011472225189];[-0.8379944562911987, -0.8344947695732117, -0.835657000541687, -0.8169311285018921, -0.8136102557182312, -0.8343877196311951, -0.8310144543647766, -0.8488236665725708, -0.8254239559173584, -0.8565521240234375, -0.8267475962638855, -0.8294665813446045, -0.8332883715629578, -0.8310138583183289, -0.835419237613678, -0.8430005311965942, -0.833752453327179, -0.8561895489692688, -0.8224946856498718, -0.8347983956336975, -0.8392940163612366, -0.8498014211654663, -0.819153368473053, -0.8392127752304077, -0.8610398173332214, -0.8208897113800049, -0.8620852828025818, -0.8455579876899719, -0.8774427771568298, -0.8369970917701721, -0.8249749541282654];[];722.0176997184753
4750;[0.7794287800788879, 0.7755817770957947, 0.781264066696167, 0.7765751481056213, 0.7750078439712524, 0.768298327922821, 0.7670196294784546, 0.7754600644111633, 0.7702848315238953, 0.7670287489891052, 0.7793012857437134, 0.77488112449646, 0.7763601541519165, 0.7814148664474487, 0.7795475125312805, 0.7742007970809937, 0.775126576423645, 0.774361789226532, 0.770829439163208, 0.7818775773048401, 0.7819282412528992, 0.7857314944267273, 0.771374523639679, 0.7749017477035522, 0.7660085558891296, 0.7753089666366577, 0.7733094692230225, 0.7828042507171631, 0.7730444669723511, 0.7772480845451355, 0.7735874652862549];[0.041733283549547195, 0.03451795130968094, 0.04200898855924606, 0.035554397851228714, 0.03870641067624092, 0.03004799783229828, 0.03280080854892731, 0.039108313620090485, 0.03223278746008873, 0.03203435614705086, 0.0387626551091671, 0.035877689719200134, 0.03669213131070137, 0.039581652730703354, 0.04110713303089142, 0.034767996519804, 0.03798965364694595, 0.035347454249858856, 0.033530209213495255, 0.044421836733818054, 0.04562520980834961, 0.041587311774492264, 0.03482989966869354, 0.03493252024054527, 0.03095860965549946, 0.03676090016961098, 0.037016719579696655, 0.04482573643326759, 0.0349535197019577, 0.03763946145772934, 0.03403736278414726];[-0.8518840670585632, -0.8290449380874634, -0.8562794327735901, -0.839550256729126, -0.8342838883399963, -0.8100473880767822, -0.8214854598045349, -0.839385449886322, -0.8165393471717834, -0.8158897757530212, -0.8361894488334656, -0.8283320665359497, -0.8328414559364319, -0.8376532196998596, -0.8406232595443726, -0.8204988837242126, -0.8418443202972412, -0.8271951079368591, -0.8233107924461365, -0.8559538722038269, -0.8579568266868591, -0.8545730710029602, -0.8251804709434509, -0.8259172439575195, -0.8130376935005188, -0.833957850933075, -0.8305822610855103, -0.8513177633285522, -0.8223716020584106, -0.8332891464233398, -0.8208690285682678];[];718.5492956638336
4800;[0.7742926478385925, 0.7716159820556641, 0.7658224701881409, 0.7840390801429749, 0.7728103995323181, 0.7826464176177979, 0.7774103283882141, 0.7798725962638855, 0.7801745533943176, 0.7689228653907776, 0.7675576210021973, 0.7709638476371765, 0.7720856070518494, 0.7742416262626648, 0.7777979969978333, 0.7748975157737732, 0.7792596220970154, 0.7756958603858948, 0.7835265398025513, 0.767559826374054, 0.7752951383590698, 0.7705093622207642, 0.7688360810279846, 0.7669134736061096, 0.7805905938148499, 0.7655752301216125, 0.7686076164245605, 0.7707919478416443, 0.7718949317932129, 0.7686977386474609, 0.77451491355896];[0.03619750961661339, 0.03504640981554985, 0.028990836814045906, 0.04212661460042, 0.0352831594645977, 0.04136630892753601, 0.037570443004369736, 0.037283092737197876, 0.03677345812320709, 0.02834559977054596, 0.029398726299405098, 0.029559342190623283, 0.028453737497329712, 0.033145971596241, 0.03447860851883888, 0.03104287199676037, 0.03550034388899803, 0.034269802272319794, 0.040056370198726654, 0.02614368125796318, 0.029876232147216797, 0.028435099869966507, 0.026273619383573532, 0.025722790509462357, 0.03440207242965698, 0.023866141214966774, 0.023163868114352226, 0.02839556895196438, 0.025595558807253838, 0.02632434107363224, 0.029428334906697273];[-0.8328568935394287, -0.8246030807495117, -0.8090450167655945, -0.857873797416687, -0.8256384134292603, -0.8656105995178223, -0.8411820530891418, -0.8353130221366882, -0.8287298083305359, -0.8067991137504578, -0.8101001381874084, -0.8134879469871521, -0.8105471730232239, -0.8194285035133362, -0.8291597366333008, -0.8177030682563782, -0.8318169713020325, -0.8274086117744446, -0.8560280203819275, -0.8026087880134583, -0.8102253675460815, -0.8066741228103638, -0.8062043190002441, -0.7997264266014099, -0.8223316669464111, -0.7946272492408752, -0.7931167483329773, -0.8095110058784485, -0.8076387047767639, -0.8011325597763062, -0.8162019848823547];[];717.4539251327515
4850;[0.7771209478378296, 0.777001142501831, 0.7756063342094421, 0.7754716277122498, 0.7803231477737427, 0.7759572267532349, 0.7797228097915649, 0.7757464647293091, 0.7749505639076233, 0.7729049921035767, 0.7758020162582397, 0.7792006731033325, 0.7772291302680969, 0.7661305665969849, 0.7761547565460205, 0.7711649537086487, 0.7701300382614136, 0.7767828702926636, 0.7744590044021606, 0.7705262899398804, 0.7723281383514404, 0.7707345485687256, 0.7647622227668762, 0.7691311240196228, 0.7723276615142822, 0.7695557475090027, 0.776980459690094, 0.7699271440505981, 0.772011935710907, 0.7676355242729187, 0.7698529958724976];[0.03999890014529228, 0.03951026126742363, 0.037260282784700394, 0.03707398474216461, 0.0420239232480526, 0.0354178361594677, 0.04082350432872772, 0.038117580115795135, 0.03920281305909157, 0.03467048332095146, 0.03734492138028145, 0.040659938007593155, 0.038991354405879974, 0.03125345706939697, 0.035887837409973145, 0.03596370294690132, 0.034332286566495895, 0.03887049853801727, 0.03616184741258621, 0.03072931244969368, 0.03349481150507927, 0.03460199013352394, 0.02756928652524948, 0.03247331455349922, 0.03472217544913292, 0.032080329954624176, 0.03910690173506737, 0.03431398794054985, 0.03241680562496185, 0.034500494599342346, 0.030813761055469513];[-0.8417781591415405, -0.8405784964561462, -0.8405627608299255, -0.8341085910797119, -0.8455560803413391, -0.8285799026489258, -0.8618307709693909, -0.8331733345985413, -0.850446879863739, -0.8247153759002686, -0.8335886001586914, -0.8464917540550232, -0.8411554098129272, -0.8111754059791565, -0.8275165557861328, -0.8326491117477417, -0.8235089182853699, -0.841137707233429, -0.8429858684539795, -0.813113808631897, -0.8217604160308838, -0.8256007432937622, -0.8054290413856506, -0.8197831511497498, -0.8271468877792358, -0.8180474042892456, -0.8368831872940063, -0.8299432396888733, -0.8211669325828552, -0.8279238939285278, -0.8157623410224915];[];715.0811769962311
4900;[0.7751725316047668, 0.7745330333709717, 0.7698208093643188, 0.7765669226646423, 0.7765154242515564, 0.7708829641342163, 0.7697671055793762, 0.7747602462768555, 0.7766293883323669, 0.779007077217102, 0.7759605050086975, 0.7837523221969604, 0.7764700651168823, 0.7858522534370422, 0.7843530178070068, 0.7770606279373169, 0.7803736329078674, 0.7760758399963379, 0.7775315046310425, 0.7784445881843567, 0.7708703875541687, 0.7690284252166748, 0.7730094194412231, 0.7721444964408875, 0.7781959176063538, 0.7678349018096924, 0.780003547668457, 0.7786792516708374, 0.7719237208366394, 0.7801259160041809, 0.7727624773979187];[0.03560052067041397, 0.03663467988371849, 0.035694900900125504, 0.03880099207162857, 0.03804461658000946, 0.03492855653166771, 0.03547443822026253, 0.03889661282300949, 0.039581336081027985, 0.041240230202674866, 0.039134182035923004, 0.04292147606611252, 0.039430342614650726, 0.04449044167995453, 0.04882727563381195, 0.038951098918914795, 0.04179348051548004, 0.038652922958135605, 0.03867930918931961, 0.041856225579977036, 0.03590218722820282, 0.035526975989341736, 0.03471430763602257, 0.03724261000752449, 0.039099566638469696, 0.03326202556490898, 0.04197457432746887, 0.04269668832421303, 0.033470407128334045, 0.04284830391407013, 0.03791896998882294];[-0.8262383341789246, -0.8415929079055786, -0.826214611530304, -0.8413553833961487, -0.8346914052963257, -0.8284788727760315, -0.82744300365448, -0.8373203873634338, -0.8380418419837952, -0.8402290940284729, -0.8367353677749634, -0.849012017250061, -0.840215802192688, -0.8562535047531128, -0.871204674243927, -0.8346714973449707, -0.845921516418457, -0.8382349610328674, -0.8356548547744751, -0.8483561873435974, -0.8296631574630737, -0.8258603811264038, -0.8261023163795471, -0.8333190679550171, -0.836645245552063, -0.8234573006629944, -0.8492600917816162, -0.85746169090271, -0.8186710476875305, -0.8479664921760559, -0.8287511467933655];[];725.2402265071869
4950;[0.7709441184997559, 0.7790254950523376, 0.7674285173416138, 0.775221049785614, 0.7797585725784302, 0.777073085308075, 0.7785099744796753, 0.7758352160453796, 0.7789273262023926, 0.7712090015411377, 0.7787158489227295, 0.7812516093254089, 0.7864038944244385, 0.7741634845733643, 0.7748415470123291, 0.7683191299438477, 0.7731611728668213, 0.7857669591903687, 0.7762543559074402, 0.773878276348114, 0.7704034447669983, 0.7679172158241272, 0.772803544998169, 0.7842558026313782, 0.7819734811782837, 0.7749812602996826, 0.7708356976509094, 0.7721526622772217, 0.7824854850769043, 0.7806963324546814, 0.7755457758903503];[0.03529605641961098, 0.0386214517056942, 0.029338326305150986, 0.03742130845785141, 0.03906559571623802, 0.03756159543991089, 0.03905514255166054, 0.034985899925231934, 0.04077333211898804, 0.03387146815657616, 0.0379946194589138, 0.04122538864612579, 0.04242437705397606, 0.03421250730752945, 0.0360821969807148, 0.030050653964281082, 0.03436965122818947, 0.04547542706131935, 0.036802664399147034, 0.03656715154647827, 0.033140506595373154, 0.030754704028367996, 0.035833995789289474, 0.0442696288228035, 0.04190656542778015, 0.03485696017742157, 0.03105761483311653, 0.03463813662528992, 0.03764723241329193, 0.03988761827349663, 0.03493006154894829];[-0.829927384853363, -0.8369023203849792, -0.8095104694366455, -0.8357821702957153, -0.8408756256103516, -0.8313069939613342, -0.839365541934967, -0.8265926241874695, -0.8479601144790649, -0.8208866119384766, -0.8332278728485107, -0.8619635105133057, -0.8585245609283447, -0.8249664306640625, -0.8368439078330994, -0.8128656148910522, -0.8246331214904785, -0.8553006052970886, -0.8300215005874634, -0.8304190635681152, -0.8230186104774475, -0.8218175768852234, -0.8265424966812134, -0.8698160648345947, -0.8478703498840332, -0.8267508745193481, -0.814028263092041, -0.8243096470832825, -0.8365329504013062, -0.8397496342658997, -0.8411755561828613];[];714.169191122055
5000;[0.773542046546936, 0.7697327733039856, 0.778947114944458, 0.7762049436569214, 0.7749629616737366, 0.7713892459869385, 0.7771082520484924, 0.7737829685211182, 0.7776206135749817, 0.7768556475639343, 0.7803171873092651, 0.7660012245178223, 0.7776462435722351, 0.7756776213645935, 0.7669325470924377, 0.7831226587295532, 0.7715867757797241, 0.7781935930252075, 0.7706118822097778, 0.7821398973464966, 0.7648814916610718, 0.7802494168281555, 0.7818481922149658, 0.786056637763977, 0.7908072471618652, 0.7747229933738708, 0.7789203524589539, 0.7815908789634705, 0.7775766849517822, 0.7746291756629944, 0.7835302948951721];[0.03643457964062691, 0.03277301788330078, 0.03870774805545807, 0.039811331778764725, 0.03768950328230858, 0.033526867628097534, 0.037448566406965256, 0.034850653260946274, 0.03826393559575081, 0.03499811142683029, 0.04055348038673401, 0.030962469056248665, 0.040898051112890244, 0.03878036141395569, 0.03206498920917511, 0.042103737592697144, 0.03407414257526398, 0.04183033108711243, 0.03277388960123062, 0.042585939168930054, 0.02996312826871872, 0.037502966821193695, 0.04246189817786217, 0.04669848456978798, 0.050469186156988144, 0.03687252849340439, 0.03855149820446968, 0.04240317642688751, 0.040025729686021805, 0.037126265466213226, 0.045033689588308334];[-0.8297635316848755, -0.8214859366416931, -0.8436207175254822, -0.8390126824378967, -0.8365561366081238, -0.8226721286773682, -0.8334246873855591, -0.8282465934753418, -0.8336665034294128, -0.8315016031265259, -0.8434902429580688, -0.8211804628372192, -0.8448960781097412, -0.8370453119277954, -0.8168085217475891, -0.850843608379364, -0.8225893378257751, -0.8470537662506104, -0.8260770440101624, -0.8478533029556274, -0.8098845481872559, -0.8324924111366272, -0.8598409295082092, -0.8715893030166626, -0.8782105445861816, -0.8295367360115051, -0.8405966758728027, -0.8490599989891052, -0.8472548127174377, -0.8391186594963074, -0.863289475440979];[];721.7465543746948
