Seed;RMSE History;MMD History;Log-Likelihood History;Max EIG History;Deployment Time
50;[1.1691153049468994, 1.1709810495376587, 1.172828197479248, 1.168425440788269, 1.1629997491836548, 1.1684346199035645, 1.1643269062042236, 1.1641322374343872, 1.1726040840148926, 1.1656204462051392, 1.163354754447937, 1.1689622402191162, 1.16666579246521, 1.1605960130691528, 1.1593620777130127, 1.163873553276062, 1.1621559858322144, 1.1614450216293335, 1.1694287061691284, 1.1591850519180298, 1.1692028045654297, 1.1663740873336792, 1.1654558181762695, 1.1594362258911133, 1.1608960628509521, 1.1672353744506836, 1.1583030223846436, 1.1614035367965698, 1.16402268409729, 1.1585386991500854, 1.1621960401535034];[0.09585244953632355, 0.0968702957034111, 0.09999258816242218, 0.09485845267772675, 0.09125428646802902, 0.09409476816654205, 0.09339180588722229, 0.09471071511507034, 0.0962565466761589, 0.0928676649928093, 0.09333294630050659, 0.09293761104345322, 0.09407659620046616, 0.09258369356393814, 0.09117000550031662, 0.09135577082633972, 0.0924515500664711, 0.09200912714004517, 0.0975046306848526, 0.09222353994846344, 0.09372099488973618, 0.09554492682218552, 0.09630049020051956, 0.09292863309383392, 0.09286633878946304, 0.09471350163221359, 0.09106461703777313, 0.09222298860549927, 0.0955738052725792, 0.09432864934206009, 0.09466428309679031];[-2.1586570739746094, -2.1483724117279053, -2.160146474838257, -2.131176710128784, -2.128018617630005, -2.154364824295044, -2.1398589611053467, -2.1427783966064453, -2.1544864177703857, -2.136402130126953, -2.1406021118164062, -2.1297831535339355, -2.1618261337280273, -2.134409189224243, -2.116697311401367, -2.1153244972229004, -2.137979030609131, -2.12060809135437, -2.1684165000915527, -2.132835865020752, -2.139059543609619, -2.1615424156188965, -2.16104793548584, -2.1447629928588867, -2.1378378868103027, -2.1505002975463867, -2.127765655517578, -2.137315273284912, -2.15743350982666, -2.1373631954193115, -2.159575939178467];[];902.0021274089813
50;[1.6182197332382202, 1.6206445693969727, 1.622812032699585, 1.6168736219406128, 1.6140650510787964, 1.6195026636123657, 1.6149660348892212, 1.6159557104110718, 1.621873140335083, 1.6151518821716309, 1.613457202911377, 1.6187294721603394, 1.6176921129226685, 1.6105492115020752, 1.6115444898605347, 1.6140793561935425, 1.614374041557312, 1.6122183799743652, 1.6199283599853516, 1.610926866531372, 1.6189628839492798, 1.6161465644836426, 1.6150586605072021, 1.611992597579956, 1.6124567985534668, 1.6170589923858643, 1.6105526685714722, 1.612546443939209, 1.6136629581451416, 1.6094807386398315, 1.6156013011932373];[0.1960361897945404, 0.19722852110862732, 0.2002541571855545, 0.19545435905456543, 0.19382259249687195, 0.1953868865966797, 0.19508980214595795, 0.19713068008422852, 0.1962084323167801, 0.1945543885231018, 0.19488872587680817, 0.19411776959896088, 0.19586612284183502, 0.19454741477966309, 0.19464784860610962, 0.19364558160305023, 0.19539426267147064, 0.1946978121995926, 0.1987234503030777, 0.19572988152503967, 0.1948249489068985, 0.19662979245185852, 0.1977144032716751, 0.19680088758468628, 0.19576537609100342, 0.19590798020362854, 0.19484618306159973, 0.1951364427804947, 0.19705744087696075, 0.1973796933889389, 0.19824109971523285];[-4.32171106338501, -4.297066688537598, -4.318748474121094, -4.253014087677002, -4.283144474029541, -4.311337947845459, -4.291253566741943, -4.310005187988281, -4.300492763519287, -4.287256240844727, -4.302794933319092, -4.270978927612305, -4.339653968811035, -4.295289039611816, -4.268832206726074, -4.25000524520874, -4.314586162567139, -4.272100448608398, -4.345871448516846, -4.30789041519165, -4.295260429382324, -4.335813045501709, -4.326390743255615, -4.342634677886963, -4.313648700714111, -4.3046956062316895, -4.3028035163879395, -4.314016342163086, -4.326108932495117, -4.3045148849487305, -4.3650360107421875];[];881.1527018547058
100;[1.1636465787887573, 1.1704261302947998, 1.1644203662872314, 1.165834665298462, 1.1593811511993408, 1.1603689193725586, 1.1583642959594727, 1.1676599979400635, 1.165591835975647, 1.16753351688385, 1.1627994775772095, 1.163143277168274, 1.1623433828353882, 1.1601271629333496, 1.1578145027160645, 1.1599220037460327, 1.1587188243865967, 1.1616754531860352, 1.1634633541107178, 1.1564322710037231, 1.162269949913025, 1.1624001264572144, 1.1659892797470093, 1.1648435592651367, 1.1644339561462402, 1.1706395149230957, 1.1612051725387573, 1.1590522527694702, 1.1650201082229614, 1.165130376815796, 1.1633013486862183];[0.09291034936904907, 0.0957292765378952, 0.09412068128585815, 0.09293287247419357, 0.09110412746667862, 0.09459641575813293, 0.09167957305908203, 0.09622599929571152, 0.0914033055305481, 0.09393402189016342, 0.09200281649827957, 0.09486138820648193, 0.09458532929420471, 0.09411407262086868, 0.09190651774406433, 0.09202295541763306, 0.09145786613225937, 0.09341062605381012, 0.09149006009101868, 0.09271879494190216, 0.09131541848182678, 0.09324315935373306, 0.09379145503044128, 0.09574539959430695, 0.0951695516705513, 0.09678392857313156, 0.09372645616531372, 0.09228647500276566, 0.09216291457414627, 0.09522359073162079, 0.09397558867931366];[-2.136005401611328, -2.1461005210876465, -2.138436794281006, -2.1331050395965576, -2.1248674392700195, -2.144538164138794, -2.131232261657715, -2.1557018756866455, -2.1274704933166504, -2.1378579139709473, -2.140836238861084, -2.1426663398742676, -2.149040699005127, -2.146632432937622, -2.1279540061950684, -2.1341359615325928, -2.1248178482055664, -2.1418263912200928, -2.1324009895324707, -2.1373534202575684, -2.138265609741211, -2.1366448402404785, -2.1384365558624268, -2.149477005004883, -2.157417058944702, -2.1555521488189697, -2.133373498916626, -2.125621795654297, -2.129075527191162, -2.149458408355713, -2.145756483078003];[];862.3825280666351
100;[1.6148221492767334, 1.6193208694458008, 1.6146149635314941, 1.6161205768585205, 1.6108568906784058, 1.6122376918792725, 1.610403060913086, 1.6177380084991455, 1.6156584024429321, 1.617157220840454, 1.6142082214355469, 1.6137540340423584, 1.612593173980713, 1.6105703115463257, 1.6091066598892212, 1.6120351552963257, 1.6102938652038574, 1.612105369567871, 1.613858938217163, 1.60831880569458, 1.6137721538543701, 1.612912654876709, 1.6155705451965332, 1.6148015260696411, 1.6160516738891602, 1.6198201179504395, 1.612237572669983, 1.6084755659103394, 1.6152105331420898, 1.6151574850082397, 1.613637924194336];[0.19523769617080688, 0.19582706689834595, 0.1959669440984726, 0.19476059079170227, 0.1945289522409439, 0.19785477221012115, 0.19576388597488403, 0.19760730862617493, 0.1935092955827713, 0.1949928253889084, 0.19461031258106232, 0.19659732282161713, 0.1966077834367752, 0.19643300771713257, 0.1951296627521515, 0.19539570808410645, 0.19516727328300476, 0.19569562375545502, 0.19371850788593292, 0.19673006236553192, 0.19429518282413483, 0.19551250338554382, 0.19548416137695312, 0.1973928064107895, 0.19755709171295166, 0.19702032208442688, 0.19626739621162415, 0.19455486536026, 0.19413761794567108, 0.19678039848804474, 0.19640110433101654];[-4.304330825805664, -4.286991119384766, -4.298332691192627, -4.285259246826172, -4.290339946746826, -4.32737398147583, -4.311956882476807, -4.320789813995361, -4.272955894470215, -4.2855753898620605, -4.3160552978515625, -4.3069329261779785, -4.322138786315918, -4.322988510131836, -4.2943878173828125, -4.3102312088012695, -4.288507461547852, -4.311210632324219, -4.292562007904053, -4.324104309082031, -4.3137736320495605, -4.29568338394165, -4.288913726806641, -4.308904647827148, -4.329354286193848, -4.303864479064941, -4.293214797973633, -4.27821683883667, -4.274162769317627, -4.313981533050537, -4.309403896331787];[];890.8430745601654
150;[1.1630229949951172, 1.1625568866729736, 1.167913556098938, 1.1623471975326538, 1.1664083003997803, 1.1583014726638794, 1.1678845882415771, 1.1658991575241089, 1.1643092632293701, 1.1630260944366455, 1.1662346124649048, 1.164322018623352, 1.1668174266815186, 1.1674892902374268, 1.162187933921814, 1.1644757986068726, 1.1684919595718384, 1.1632051467895508, 1.1667553186416626, 1.1698997020721436, 1.1704187393188477, 1.1665699481964111, 1.1657530069351196, 1.1703064441680908, 1.1706061363220215, 1.1678907871246338, 1.171875, 1.167634129524231, 1.168786883354187, 1.1691069602966309, 1.1685597896575928];[0.09222948551177979, 0.09594292938709259, 0.09628253430128098, 0.09403038024902344, 0.094268798828125, 0.09263931214809418, 0.09458684176206589, 0.09209473431110382, 0.09191632270812988, 0.08938833326101303, 0.09397012740373611, 0.09079943597316742, 0.09280752390623093, 0.0943235531449318, 0.0891675353050232, 0.08952612429857254, 0.09026607871055603, 0.08972395956516266, 0.09055063873529434, 0.09260179102420807, 0.09298146516084671, 0.09251932054758072, 0.09254059195518494, 0.09051772207021713, 0.09159775078296661, 0.09043245762586594, 0.09287305921316147, 0.09161851555109024, 0.09008266031742096, 0.08869335800409317, 0.09130339324474335];[-2.1348283290863037, -2.155547618865967, -2.158236503601074, -2.1463704109191895, -2.1420233249664307, -2.1532304286956787, -2.1515142917633057, -2.122775077819824, -2.131711721420288, -2.101247549057007, -2.1334359645843506, -2.1190686225891113, -2.127906322479248, -2.1344351768493652, -2.097824811935425, -2.1134495735168457, -2.099696159362793, -2.103145122528076, -2.1071858406066895, -2.1126797199249268, -2.107248067855835, -2.124302864074707, -2.111492395401001, -2.0959205627441406, -2.1071712970733643, -2.1036934852600098, -2.1163880825042725, -2.098365545272827, -2.090254306793213, -2.080200433731079, -2.1016242504119873];[];882.4126341342926
150;[1.6139203310012817, 1.614641547203064, 1.6180579662322998, 1.6141796112060547, 1.6164816617965698, 1.610480546951294, 1.6183993816375732, 1.6153470277786255, 1.6143606901168823, 1.612720251083374, 1.6158459186553955, 1.6158908605575562, 1.6168901920318604, 1.616379737854004, 1.6115375757217407, 1.612999439239502, 1.6169087886810303, 1.6134041547775269, 1.6144648790359497, 1.61795973777771, 1.6182782649993896, 1.615587592124939, 1.614983320236206, 1.618740200996399, 1.6186078786849976, 1.614854097366333, 1.6190576553344727, 1.6154927015304565, 1.6169631481170654, 1.6165456771850586, 1.6159166097640991];[0.1945616751909256, 0.1988111287355423, 0.1974593698978424, 0.19691036641597748, 0.19565147161483765, 0.19633059203624725, 0.1958361715078354, 0.19317345321178436, 0.19356666505336761, 0.191714346408844, 0.19568182528018951, 0.1936684250831604, 0.19444721937179565, 0.19591124355793, 0.19168852269649506, 0.19109272956848145, 0.1916264295578003, 0.19230516254901886, 0.19170968234539032, 0.19314412772655487, 0.19355924427509308, 0.19384287297725677, 0.1948280930519104, 0.19190086424350739, 0.19242992997169495, 0.19153787195682526, 0.19366800785064697, 0.1934836506843567, 0.19191832840442657, 0.18974114954471588, 0.19292612373828888];[-4.298182010650635, -4.344803333282471, -4.314218521118164, -4.323268890380859, -4.296792030334473, -4.356621742248535, -4.317299842834473, -4.252413749694824, -4.281520843505859, -4.229851245880127, -4.2831902503967285, -4.2680206298828125, -4.26475191116333, -4.273967742919922, -4.223769664764404, -4.2411932945251465, -4.2031378746032715, -4.2378458976745605, -4.221190929412842, -4.222649097442627, -4.214914321899414, -4.267897605895996, -4.235312461853027, -4.194692611694336, -4.215485572814941, -4.2120771408081055, -4.231558799743652, -4.209357261657715, -4.1939520835876465, -4.164290904998779, -4.21744441986084];[];890.6626529693604
200;[1.1612826585769653, 1.1632280349731445, 1.1668518781661987, 1.1632179021835327, 1.1635076999664307, 1.1638458967208862, 1.1639223098754883, 1.1643853187561035, 1.1607160568237305, 1.163409948348999, 1.1620084047317505, 1.1625488996505737, 1.1611320972442627, 1.1638847589492798, 1.1572719812393188, 1.162757396697998, 1.1652491092681885, 1.15676748752594, 1.1663044691085815, 1.1566227674484253, 1.156197190284729, 1.157699465751648, 1.1636779308319092, 1.1618385314941406, 1.1576389074325562, 1.157400131225586, 1.1560086011886597, 1.160311222076416, 1.1562131643295288, 1.1557456254959106, 1.161733865737915];[0.0945221334695816, 0.09578423947095871, 0.09817995131015778, 0.09559515118598938, 0.09382764250040054, 0.09538991004228592, 0.0966905951499939, 0.09525353461503983, 0.09297782927751541, 0.09492510557174683, 0.09489823877811432, 0.09500554949045181, 0.09317193925380707, 0.0945494994521141, 0.09367924183607101, 0.09622545540332794, 0.0956164225935936, 0.09252817183732986, 0.09353213757276535, 0.09369819611310959, 0.09288809448480606, 0.09458976984024048, 0.09699845314025879, 0.09443038702011108, 0.09380195289850235, 0.09340785443782806, 0.0949954092502594, 0.09508287161588669, 0.09289389103651047, 0.09401396661996841, 0.0966138243675232];[-2.1454927921295166, -2.1604225635528564, -2.187264919281006, -2.1627049446105957, -2.144294023513794, -2.1675214767456055, -2.1765997409820557, -2.151294469833374, -2.1489946842193604, -2.157672643661499, -2.1542835235595703, -2.161865234375, -2.1540145874023438, -2.1475186347961426, -2.156881809234619, -2.1681814193725586, -2.1683318614959717, -2.1346514225006104, -2.1418347358703613, -2.156339168548584, -2.147207021713257, -2.16270112991333, -2.163299322128296, -2.1437549591064453, -2.152862548828125, -2.1591384410858154, -2.1632683277130127, -2.158703327178955, -2.143815517425537, -2.162928819656372, -2.1647403240203857];[];867.134352684021
200;[1.6124927997589111, 1.6144423484802246, 1.6174112558364868, 1.6138821840286255, 1.6149660348892212, 1.6158159971237183, 1.616491675376892, 1.6141875982284546, 1.6128625869750977, 1.6141862869262695, 1.6114851236343384, 1.6147021055221558, 1.613923192024231, 1.6148872375488281, 1.6088179349899292, 1.614795207977295, 1.615474820137024, 1.6075340509414673, 1.617013931274414, 1.609142780303955, 1.6091258525848389, 1.6101452112197876, 1.614709496498108, 1.6125503778457642, 1.6091723442077637, 1.6097477674484253, 1.6077661514282227, 1.6108916997909546, 1.609134316444397, 1.60792076587677, 1.6136488914489746];[0.19693005084991455, 0.19827596843242645, 0.1993691325187683, 0.19804736971855164, 0.19655276834964752, 0.19793131947517395, 0.1991708129644394, 0.1968095749616623, 0.19604510068893433, 0.19686679542064667, 0.1967577040195465, 0.19800309836864471, 0.1965588480234146, 0.19701234996318817, 0.19744952023029327, 0.19918683171272278, 0.19717085361480713, 0.19623497128486633, 0.19547641277313232, 0.1974208652973175, 0.1976485252380371, 0.19803118705749512, 0.19916033744812012, 0.19716106355190277, 0.1973717212677002, 0.1969190388917923, 0.19889779388904572, 0.19804227352142334, 0.19699987769126892, 0.1981392502784729, 0.1995709091424942];[-4.322001934051514, -4.353079319000244, -4.3928046226501465, -4.361026287078857, -4.320112705230713, -4.373669624328613, -4.394212245941162, -4.327787399291992, -4.344155311584473, -4.349488258361816, -4.337918281555176, -4.368180274963379, -4.359493732452393, -4.321731090545654, -4.364659309387207, -4.384235382080078, -4.35465145111084, -4.317387580871582, -4.310281276702881, -4.370960712432861, -4.361048698425293, -4.381020545959473, -4.3600754737854, -4.3202409744262695, -4.3555731773376465, -4.3719611167907715, -4.387442588806152, -4.360722541809082, -4.341938495635986, -4.3918070793151855, -4.353854656219482];[];883.4263038635254
250;[1.167892575263977, 1.1608169078826904, 1.1583458185195923, 1.1597508192062378, 1.1676056385040283, 1.158050298690796, 1.1607400178909302, 1.1610596179962158, 1.169615387916565, 1.1658459901809692, 1.159974455833435, 1.174760341644287, 1.1561204195022583, 1.1616096496582031, 1.1633732318878174, 1.1588674783706665, 1.162341833114624, 1.1534905433654785, 1.1571085453033447, 1.1638811826705933, 1.1602420806884766, 1.165279746055603, 1.1579689979553223, 1.1584776639938354, 1.1606037616729736, 1.1672356128692627, 1.1626899242401123, 1.1585958003997803, 1.159669280052185, 1.154703140258789, 1.1564133167266846];[0.09595180302858353, 0.0929255336523056, 0.09264051914215088, 0.09241066128015518, 0.09698931872844696, 0.09249810874462128, 0.09108423441648483, 0.09200303256511688, 0.09487660974264145, 0.09192169457674026, 0.08860183507204056, 0.09845168143510818, 0.0898941308259964, 0.0913098156452179, 0.09245540201663971, 0.09137874841690063, 0.09016840159893036, 0.08839330822229385, 0.09058862924575806, 0.09345536679029465, 0.0915226861834526, 0.09179490804672241, 0.09273219853639603, 0.09086926281452179, 0.08956689387559891, 0.09579163044691086, 0.09313566237688065, 0.09147040545940399, 0.09060494601726532, 0.08740177750587463, 0.08945057541131973];[-2.164726972579956, -2.1440987586975098, -2.149512529373169, -2.126234292984009, -2.1544299125671387, -2.121000289916992, -2.1087772846221924, -2.1220505237579346, -2.1397440433502197, -2.1130614280700684, -2.0995140075683594, -2.152334690093994, -2.117488384246826, -2.120837926864624, -2.1264536380767822, -2.116302013397217, -2.1154963970184326, -2.1044983863830566, -2.123250961303711, -2.1421878337860107, -2.125448703765869, -2.1269497871398926, -2.138725519180298, -2.1291158199310303, -2.107948064804077, -2.144779920578003, -2.132680654525757, -2.1208016872406006, -2.118222713470459, -2.106248378753662, -2.1224076747894287];[];908.7107951641083
250;[1.6186182498931885, 1.6110035181045532, 1.6104178428649902, 1.6117390394210815, 1.6174705028533936, 1.609136939048767, 1.6107168197631836, 1.6111093759536743, 1.6192622184753418, 1.6151022911071777, 1.6094497442245483, 1.6223862171173096, 1.6086609363555908, 1.6123363971710205, 1.6130893230438232, 1.6099086999893188, 1.6133792400360107, 1.6056855916976929, 1.6080399751663208, 1.6146998405456543, 1.612239956855774, 1.6151541471481323, 1.6096149682998657, 1.611566424369812, 1.611405611038208, 1.6167654991149902, 1.6141959428787231, 1.609407901763916, 1.6112483739852905, 1.6079919338226318, 1.6080654859542847];[0.19714635610580444, 0.19533149898052216, 0.19642722606658936, 0.19608724117279053, 0.19842873513698578, 0.19541597366333008, 0.19373951852321625, 0.1947314441204071, 0.19580170512199402, 0.1931508183479309, 0.19029414653778076, 0.19703911244869232, 0.19417007267475128, 0.19384567439556122, 0.19461826980113983, 0.19443601369857788, 0.19337792694568634, 0.19333477318286896, 0.19361165165901184, 0.19539514183998108, 0.19517242908477783, 0.1935175657272339, 0.19642597436904907, 0.19537261128425598, 0.19269445538520813, 0.197228342294693, 0.1960216462612152, 0.19488956034183502, 0.19406618177890778, 0.19241531193256378, 0.1937464326620102];[-4.344611167907715, -4.3204450607299805, -4.347493648529053, -4.2943525314331055, -4.316133975982666, -4.275899410247803, -4.238011837005615, -4.27086067199707, -4.283076286315918, -4.240870475769043, -4.2224884033203125, -4.285080432891846, -4.282958030700684, -4.271821975708008, -4.271029949188232, -4.264720916748047, -4.26008939743042, -4.267767906188965, -4.288805961608887, -4.307030200958252, -4.295312881469727, -4.269423961639404, -4.314876079559326, -4.313250541687012, -4.248380184173584, -4.301211357116699, -4.302470684051514, -4.276834964752197, -4.2691497802734375, -4.2742509841918945, -4.299045562744141];[];885.2699437141418
300;[1.1581109762191772, 1.1664483547210693, 1.1597462892532349, 1.16059410572052, 1.1640185117721558, 1.167532205581665, 1.1646288633346558, 1.1658244132995605, 1.1606507301330566, 1.1617854833602905, 1.1599195003509521, 1.1649264097213745, 1.1663564443588257, 1.162015438079834, 1.1596403121948242, 1.1638532876968384, 1.1608912944793701, 1.1687589883804321, 1.1723217964172363, 1.1605960130691528, 1.1646621227264404, 1.1682462692260742, 1.1658376455307007, 1.166091799736023, 1.1595810651779175, 1.1640139818191528, 1.1674593687057495, 1.158488392829895, 1.1610064506530762, 1.1631289720535278, 1.1621071100234985];[0.09268640726804733, 0.09578213095664978, 0.09497959166765213, 0.0937737450003624, 0.09322310239076614, 0.09359110891819, 0.0964016243815422, 0.09411007910966873, 0.09199751168489456, 0.0927966833114624, 0.09475799649953842, 0.0950852558016777, 0.09764261543750763, 0.09351470321416855, 0.09382609277963638, 0.09511938691139221, 0.09397658705711365, 0.0936950072646141, 0.09836836904287338, 0.09530288726091385, 0.09511303156614304, 0.09481696039438248, 0.094500333070755, 0.09336508810520172, 0.09287020564079285, 0.09479545801877975, 0.09476794302463531, 0.09223132580518723, 0.09378243237733841, 0.09213002026081085, 0.09175211191177368];[-2.136270523071289, -2.1507368087768555, -2.14705491065979, -2.1414151191711426, -2.138173818588257, -2.1396749019622803, -2.161306858062744, -2.141308307647705, -2.129831075668335, -2.1448111534118652, -2.1513047218322754, -2.1587045192718506, -2.17331600189209, -2.1515657901763916, -2.147052049636841, -2.149972677230835, -2.157863140106201, -2.141996145248413, -2.1900196075439453, -2.1599278450012207, -2.1570417881011963, -2.1487743854522705, -2.147979974746704, -2.137375593185425, -2.1384201049804688, -2.1500844955444336, -2.1560912132263184, -2.137857437133789, -2.145808219909668, -2.138136625289917, -2.1341090202331543];[];868.5270268917084
300;[1.6095521450042725, 1.616746187210083, 1.6105972528457642, 1.6114189624786377, 1.615071177482605, 1.616836428642273, 1.6154366731643677, 1.6161600351333618, 1.612005591392517, 1.61256742477417, 1.6113361120224, 1.6149810552597046, 1.6172904968261719, 1.613107681274414, 1.610658884048462, 1.6144081354141235, 1.6138476133346558, 1.6186909675598145, 1.6210510730743408, 1.6120606660842896, 1.616136074066162, 1.616930365562439, 1.6155579090118408, 1.6156787872314453, 1.6102409362792969, 1.614587426185608, 1.618390679359436, 1.61139714717865, 1.6120554208755493, 1.6131560802459717, 1.6124930381774902];[0.19589625298976898, 0.19730734825134277, 0.19768115878105164, 0.19638821482658386, 0.1951110064983368, 0.1945703774690628, 0.197983518242836, 0.19544945657253265, 0.19509051740169525, 0.19525673985481262, 0.1978861391544342, 0.1963295191526413, 0.19917641580104828, 0.19590722024440765, 0.19651074707508087, 0.1967107504606247, 0.19761759042739868, 0.194745734333992, 0.19837318360805511, 0.19838860630989075, 0.19685524702072144, 0.19530731439590454, 0.1953599750995636, 0.19433479011058807, 0.1960316151380539, 0.19712777435779572, 0.19673632085323334, 0.19639164209365845, 0.19674037396907806, 0.1936310976743698, 0.19419150054454803];[-4.3096232414245605, -4.320525646209717, -4.322803974151611, -4.312283039093018, -4.295117378234863, -4.293986797332764, -4.351443767547607, -4.296168804168701, -4.294408321380615, -4.318973064422607, -4.343781471252441, -4.337062358856201, -4.368762493133545, -4.338686466217041, -4.330132961273193, -4.324385643005371, -4.364702224731445, -4.295932769775391, -4.359348773956299, -4.350856304168701, -4.341578006744385, -4.3003740310668945, -4.300914764404297, -4.285913467407227, -4.308177471160889, -4.326354503631592, -4.338327407836914, -4.326517581939697, -4.331247329711914, -4.300973415374756, -4.29912805557251];[];909.0821771621704
350;[1.1601711511611938, 1.1675492525100708, 1.1604253053665161, 1.1686030626296997, 1.1597204208374023, 1.1623399257659912, 1.1576848030090332, 1.1603057384490967, 1.166260838508606, 1.1558430194854736, 1.1622493267059326, 1.1609135866165161, 1.1752699613571167, 1.1630905866622925, 1.1637016534805298, 1.1669710874557495, 1.163758635520935, 1.1551995277404785, 1.1681509017944336, 1.166028618812561, 1.165631890296936, 1.1627224683761597, 1.1706883907318115, 1.1619601249694824, 1.162003993988037, 1.1641416549682617, 1.1665599346160889, 1.1684272289276123, 1.1656131744384766, 1.1613507270812988, 1.1678646802902222];[0.09182320535182953, 0.0975598469376564, 0.0944681242108345, 0.09549282491207123, 0.09258859604597092, 0.0950823649764061, 0.09138580411672592, 0.09411163628101349, 0.09727054834365845, 0.09337368607521057, 0.09428364783525467, 0.0944131389260292, 0.09851740300655365, 0.09315676987171173, 0.09385143220424652, 0.0931229367852211, 0.092730313539505, 0.0920737013220787, 0.09569326788187027, 0.09869154542684555, 0.09534471482038498, 0.09243783354759216, 0.09769413620233536, 0.09285477548837662, 0.09509329497814178, 0.0942193940281868, 0.09508007764816284, 0.09690353274345398, 0.09488985687494278, 0.08969098329544067, 0.09317371994256973];[-2.1300342082977295, -2.1596500873565674, -2.1453940868377686, -2.1725573539733887, -2.144221544265747, -2.162776470184326, -2.1401190757751465, -2.150009870529175, -2.1637122631073, -2.141873359680176, -2.1439836025238037, -2.147304058074951, -2.1690175533294678, -2.1385180950164795, -2.143362522125244, -2.1373560428619385, -2.1379776000976562, -2.1365609169006348, -2.1543266773223877, -2.1631829738616943, -2.1532740592956543, -2.140726089477539, -2.1644601821899414, -2.1339614391326904, -2.1538589000701904, -2.1523568630218506, -2.1465885639190674, -2.1616690158843994, -2.1397504806518555, -2.1131880283355713, -2.1461777687072754];[];881.5210258960724
350;[1.61143958568573, 1.6183829307556152, 1.611031413078308, 1.6191102266311646, 1.6116266250610352, 1.613491415977478, 1.610324501991272, 1.6117831468582153, 1.6156272888183594, 1.6070040464401245, 1.6127018928527832, 1.6105889081954956, 1.623148798942566, 1.6134355068206787, 1.6140047311782837, 1.6159892082214355, 1.6133768558502197, 1.606050729751587, 1.6177693605422974, 1.615256667137146, 1.615480899810791, 1.6143499612808228, 1.6201225519180298, 1.6126623153686523, 1.612871527671814, 1.6147964000701904, 1.6153937578201294, 1.6177293062210083, 1.6158643960952759, 1.6126563549041748, 1.6173564195632935];[0.1944902092218399, 0.1993699073791504, 0.19651168584823608, 0.19654542207717896, 0.1955215185880661, 0.19750188291072845, 0.19538936018943787, 0.19703470170497894, 0.19829007983207703, 0.19679588079452515, 0.19685159623622894, 0.19649580121040344, 0.19719912111759186, 0.19540202617645264, 0.19575892388820648, 0.19363775849342346, 0.1941121369600296, 0.19549089670181274, 0.19622041285037994, 0.19933000206947327, 0.1966489553451538, 0.1945286989212036, 0.19823335111141205, 0.19524240493774414, 0.19747965037822723, 0.19582049548625946, 0.1957915723323822, 0.19734667241573334, 0.1961153894662857, 0.1921692192554474, 0.19406269490718842];[-4.28690242767334, -4.340938091278076, -4.323864936828613, -4.352032661437988, -4.329685688018799, -4.363483428955078, -4.341423511505127, -4.333705425262451, -4.334347724914551, -4.331540584564209, -4.308717250823975, -4.322851657867432, -4.316542148590088, -4.297163009643555, -4.298703193664551, -4.284369468688965, -4.292728424072266, -4.315130710601807, -4.307613849639893, -4.333956718444824, -4.3238983154296875, -4.314213752746582, -4.323117733001709, -4.289819240570068, -4.335340976715088, -4.321566581726074, -4.287142753601074, -4.322884559631348, -4.284569263458252, -4.251468658447266, -4.276676177978516];[];876.0901374816895
400;[1.1619477272033691, 1.1641840934753418, 1.1591321229934692, 1.1581770181655884, 1.1631840467453003, 1.1608000993728638, 1.1604700088500977, 1.1593316793441772, 1.1605240106582642, 1.171123743057251, 1.162300944328308, 1.162629246711731, 1.1657510995864868, 1.1620842218399048, 1.1645513772964478, 1.167526125907898, 1.1606162786483765, 1.1644638776779175, 1.1650992631912231, 1.1665102243423462, 1.1575212478637695, 1.1587108373641968, 1.1668622493743896, 1.1643136739730835, 1.1594444513320923, 1.1609355211257935, 1.1625224351882935, 1.1644682884216309, 1.1636996269226074, 1.1599055528640747, 1.15897536277771];[0.09584244340658188, 0.09367974102497101, 0.09174009412527084, 0.09325459599494934, 0.09301138669252396, 0.0936221182346344, 0.09530811756849289, 0.09401506930589676, 0.09221722185611725, 0.10046360641717911, 0.09615578502416611, 0.09374948590993881, 0.09502165764570236, 0.0927409827709198, 0.09468252956867218, 0.09603267908096313, 0.09501154720783234, 0.09458394348621368, 0.09202367067337036, 0.09516724199056625, 0.09301982074975967, 0.09324157983064651, 0.09545401483774185, 0.09546530246734619, 0.09241243451833725, 0.0944381132721901, 0.09569133073091507, 0.0974375456571579, 0.09540131688117981, 0.09372484683990479, 0.09275031834840775];[-2.163532018661499, -2.137784242630005, -2.131692886352539, -2.1399478912353516, -2.1444151401519775, -2.14573335647583, -2.1559486389160156, -2.1460375785827637, -2.138225555419922, -2.181720733642578, -2.162564516067505, -2.145983934402466, -2.1439104080200195, -2.1322786808013916, -2.146026611328125, -2.1681981086730957, -2.154184579849243, -2.1518168449401855, -2.133782148361206, -2.1501529216766357, -2.1504697799682617, -2.1462013721466064, -2.152874708175659, -2.1579957008361816, -2.1484487056732178, -2.1407859325408936, -2.1575851440429688, -2.1768200397491455, -2.159966468811035, -2.1434621810913086, -2.142803430557251];[];879.1827635765076
400;[1.6134637594223022, 1.6146936416625977, 1.6100331544876099, 1.608752965927124, 1.6148602962493896, 1.612053394317627, 1.6112468242645264, 1.6118112802505493, 1.6131467819213867, 1.6211538314819336, 1.6136784553527832, 1.6131750345230103, 1.6148258447647095, 1.6120136976242065, 1.6147310733795166, 1.6181535720825195, 1.611954689025879, 1.615790605545044, 1.615586519241333, 1.6169830560684204, 1.6090288162231445, 1.610538363456726, 1.6171337366104126, 1.6157482862472534, 1.6111773252487183, 1.6112405061721802, 1.6142022609710693, 1.6159917116165161, 1.614010214805603, 1.610865592956543, 1.6107211112976074];[0.19821743667125702, 0.1958480179309845, 0.19477730989456177, 0.19617098569869995, 0.19545912742614746, 0.19655922055244446, 0.19784972071647644, 0.19797064363956451, 0.19579246640205383, 0.2015191614627838, 0.19878093898296356, 0.19585657119750977, 0.1959211528301239, 0.194849893450737, 0.19692468643188477, 0.19745716452598572, 0.19770096242427826, 0.19694110751152039, 0.19434639811515808, 0.19681082665920258, 0.1965635120868683, 0.19692112505435944, 0.19699865579605103, 0.19767819344997406, 0.195285364985466, 0.1967310756444931, 0.1983063668012619, 0.1997482180595398, 0.19718316197395325, 0.19636808335781097, 0.19614413380622864];[-4.358528137207031, -4.294832229614258, -4.3057475090026855, -4.322661876678467, -4.318754196166992, -4.333394527435303, -4.344555377960205, -4.339155673980713, -4.319811820983887, -4.354191303253174, -4.354813575744629, -4.322030067443848, -4.303181171417236, -4.288483619689941, -4.31539249420166, -4.355427265167236, -4.342794895172119, -4.337571620941162, -4.299145221710205, -4.332632064819336, -4.3473968505859375, -4.33914852142334, -4.317615509033203, -4.34476375579834, -4.345259666442871, -4.3049726486206055, -4.348466873168945, -4.377042293548584, -4.344766616821289, -4.322303295135498, -4.3376545906066895];[];864.5044927597046
450;[1.1593552827835083, 1.1623882055282593, 1.1575840711593628, 1.1691083908081055, 1.1593339443206787, 1.1598762273788452, 1.1641074419021606, 1.1573288440704346, 1.1665313243865967, 1.1641286611557007, 1.162341594696045, 1.1560956239700317, 1.159722924232483, 1.1677935123443604, 1.169538140296936, 1.1646881103515625, 1.1651396751403809, 1.169893741607666, 1.1686959266662598, 1.1622360944747925, 1.1643520593643188, 1.1625529527664185, 1.1663720607757568, 1.1665440797805786, 1.1624647378921509, 1.1683517694473267, 1.1688982248306274, 1.162316083908081, 1.1657649278640747, 1.1670794486999512, 1.1642104387283325];[0.0938735380768776, 0.09420302510261536, 0.09177285432815552, 0.09681112319231033, 0.09558803588151932, 0.09452620893716812, 0.09342505037784576, 0.09228161722421646, 0.09437607228755951, 0.0939217060804367, 0.09289003908634186, 0.09110190719366074, 0.09190082550048828, 0.09688195586204529, 0.0962941125035286, 0.0946970209479332, 0.0917937159538269, 0.09886869043111801, 0.09606048464775085, 0.0946718156337738, 0.09294316172599792, 0.09239289909601212, 0.09316311776638031, 0.09448534995317459, 0.09310858696699142, 0.09483660012483597, 0.09411153942346573, 0.09294480830430984, 0.09445898979902267, 0.09443745762109756, 0.09413021802902222];[-2.140838861465454, -2.1472702026367188, -2.1372950077056885, -2.1606576442718506, -2.167755365371704, -2.1452877521514893, -2.137420415878296, -2.1377816200256348, -2.147702217102051, -2.1403086185455322, -2.1307213306427, -2.12433123588562, -2.1267998218536377, -2.1583969593048096, -2.1581428050994873, -2.1484479904174805, -2.127520799636841, -2.1834425926208496, -2.1474769115448, -2.146413564682007, -2.137592315673828, -2.1431777477264404, -2.1406373977661133, -2.1442317962646484, -2.1388468742370605, -2.150360345840454, -2.1376736164093018, -2.1389946937561035, -2.141364336013794, -2.1462910175323486, -2.1336498260498047];[];902.0549895763397
450;[1.6097835302352905, 1.6126794815063477, 1.6100733280181885, 1.6184271574020386, 1.6106637716293335, 1.6108566522598267, 1.6149617433547974, 1.6094328165054321, 1.6152782440185547, 1.6148645877838135, 1.6129677295684814, 1.6076833009719849, 1.6113861799240112, 1.6177189350128174, 1.6182302236557007, 1.6142085790634155, 1.6141266822814941, 1.6201658248901367, 1.6170430183410645, 1.6120978593826294, 1.61515474319458, 1.6143734455108643, 1.6164748668670654, 1.616170883178711, 1.613165259361267, 1.6183865070343018, 1.6184587478637695, 1.6138384342193604, 1.615606665611267, 1.6163530349731445, 1.6138168573379517];[0.19667811691761017, 0.19610896706581116, 0.195503368973732, 0.19751214981079102, 0.19894550740718842, 0.19743895530700684, 0.19579271972179413, 0.19622106850147247, 0.1950853019952774, 0.19601231813430786, 0.19541850686073303, 0.19507662951946259, 0.1952987015247345, 0.19821777939796448, 0.1962113380432129, 0.19612185657024384, 0.19315576553344727, 0.19929079711437225, 0.1961829662322998, 0.1965588927268982, 0.194719135761261, 0.1951490193605423, 0.19446364045143127, 0.19506165385246277, 0.1957889199256897, 0.19566889107227325, 0.19445358216762543, 0.19572293758392334, 0.19564130902290344, 0.19505128264427185, 0.1953153759241104];[-4.321227550506592, -4.322915077209473, -4.318485736846924, -4.326279640197754, -4.368815898895264, -4.326230525970459, -4.305256366729736, -4.322634220123291, -4.3085150718688965, -4.299829006195068, -4.287906646728516, -4.29490327835083, -4.29179573059082, -4.3166399002075195, -4.30132532119751, -4.303226947784424, -4.266856670379639, -4.3720197677612305, -4.281490802764893, -4.319063186645508, -4.292715072631836, -4.324968338012695, -4.294124603271484, -4.297461986541748, -4.309000492095947, -4.307281017303467, -4.279237747192383, -4.301944255828857, -4.290070056915283, -4.295254707336426, -4.285506725311279];[];898.7030112743378
500;[1.1632883548736572, 1.163481593132019, 1.1608415842056274, 1.1604468822479248, 1.1679539680480957, 1.1646651029586792, 1.1600419282913208, 1.1667485237121582, 1.1616979837417603, 1.167256474494934, 1.1700783967971802, 1.1616556644439697, 1.1649885177612305, 1.1565368175506592, 1.1577178239822388, 1.162548542022705, 1.1616675853729248, 1.1602896451950073, 1.1671538352966309, 1.1718895435333252, 1.1605080366134644, 1.17069411277771, 1.160699486732483, 1.1731956005096436, 1.1639820337295532, 1.1643296480178833, 1.1623823642730713, 1.1639994382858276, 1.1679291725158691, 1.159180760383606, 1.1601760387420654];[0.09256785362958908, 0.09373319894075394, 0.09407702088356018, 0.09391546994447708, 0.09469835460186005, 0.09347511827945709, 0.09620007872581482, 0.09689603745937347, 0.09435583651065826, 0.09930584579706192, 0.0986601933836937, 0.09612168371677399, 0.09522940963506699, 0.09414954483509064, 0.0949493870139122, 0.0965486690402031, 0.09685606509447098, 0.0961470678448677, 0.0978732481598854, 0.09942220151424408, 0.0943962037563324, 0.10181695222854614, 0.09394437074661255, 0.10220590978860855, 0.09719666093587875, 0.09869271516799927, 0.0945959985256195, 0.09613462537527084, 0.09846633672714233, 0.09286567568778992, 0.09558617323637009];[-2.1410880088806152, -2.1442909240722656, -2.1386897563934326, -2.154123544692993, -2.1526191234588623, -2.147988796234131, -2.163306713104248, -2.1723272800445557, -2.1498029232025146, -2.1806881427764893, -2.175615072250366, -2.172287940979004, -2.1605424880981445, -2.15922212600708, -2.1671719551086426, -2.165818452835083, -2.1663143634796143, -2.1724483966827393, -2.1790568828582764, -2.2006924152374268, -2.161252021789551, -2.207601547241211, -2.154970407485962, -2.2240843772888184, -2.1783268451690674, -2.1765966415405273, -2.1675682067871094, -2.176564931869507, -2.1862900257110596, -2.1429786682128906, -2.1548352241516113];[];887.8230381011963
500;[1.6137923002243042, 1.6148853302001953, 1.610700249671936, 1.6121013164520264, 1.6188969612121582, 1.6158658266067505, 1.612057089805603, 1.6164494752883911, 1.6115764379501343, 1.6165714263916016, 1.6187691688537598, 1.612503170967102, 1.6155158281326294, 1.607959508895874, 1.6094857454299927, 1.6128242015838623, 1.6119678020477295, 1.611746072769165, 1.6169531345367432, 1.622403621673584, 1.6130582094192505, 1.6206457614898682, 1.6114016771316528, 1.6224204301834106, 1.6138697862625122, 1.6143070459365845, 1.6135987043380737, 1.615307331085205, 1.6183984279632568, 1.6106709241867065, 1.6110023260116577];[0.19445909559726715, 0.19656671583652496, 0.1962035596370697, 0.197391077876091, 0.19612360000610352, 0.1960071176290512, 0.19958330690860748, 0.19804884493350983, 0.1963845193386078, 0.19959963858127594, 0.19883722066879272, 0.19867101311683655, 0.19722874462604523, 0.19750919938087463, 0.19887606799602509, 0.1987173706293106, 0.19921299815177917, 0.19896824657917023, 0.19898882508277893, 0.19982019066810608, 0.1979244500398636, 0.20206435024738312, 0.19659914076328278, 0.2022538036108017, 0.1987956464290619, 0.2001534402370453, 0.19710437953472137, 0.19833904504776, 0.19968003034591675, 0.19603900611400604, 0.19837532937526703];[-4.307437896728516, -4.3239288330078125, -4.295782089233398, -4.342964172363281, -4.327215671539307, -4.3277106285095215, -4.372025012969971, -4.357868671417236, -4.3270583152771, -4.366765022277832, -4.346789360046387, -4.3869099617004395, -4.346525192260742, -4.3677592277526855, -4.39072322845459, -4.361671447753906, -4.371476650238037, -4.393814563751221, -4.377408504486084, -4.402822494506836, -4.374899864196777, -4.4269700050354, -4.352419853210449, -4.443887710571289, -4.383875846862793, -4.373549938201904, -4.378514766693115, -4.395202159881592, -4.402174949645996, -4.331874847412109, -4.3513898849487305];[];864.9714078903198
550;[1.168386459350586, 1.1705127954483032, 1.1652820110321045, 1.1681568622589111, 1.1619701385498047, 1.168581485748291, 1.1655429601669312, 1.1707191467285156, 1.1677420139312744, 1.1649538278579712, 1.160771369934082, 1.1615434885025024, 1.1644951105117798, 1.1656934022903442, 1.1640324592590332, 1.1658169031143188, 1.1638048887252808, 1.1657977104187012, 1.1643913984298706, 1.160372257232666, 1.1675291061401367, 1.165417194366455, 1.1681946516036987, 1.167922854423523, 1.167946457862854, 1.1680598258972168, 1.1655528545379639, 1.1678589582443237, 1.1611926555633545, 1.1704721450805664, 1.1687262058258057];[0.09588392823934555, 0.09749507158994675, 0.09260744601488113, 0.09489668905735016, 0.09250900894403458, 0.09266619384288788, 0.09633563458919525, 0.096228688955307, 0.09626844525337219, 0.09440222382545471, 0.0926719680428505, 0.09251292049884796, 0.09144797921180725, 0.09514384716749191, 0.0919175073504448, 0.09622126817703247, 0.09345599263906479, 0.09605839848518372, 0.09423328191041946, 0.09364449977874756, 0.09542112052440643, 0.09386400133371353, 0.0968405231833458, 0.0960615873336792, 0.09547043591737747, 0.09806595742702484, 0.0992918610572815, 0.09568945318460464, 0.09205693751573563, 0.0975140705704689, 0.0963452011346817];[-2.1493685245513916, -2.1545114517211914, -2.1402957439422607, -2.139741897583008, -2.135500907897949, -2.1339073181152344, -2.1576900482177734, -2.1478071212768555, -2.167020320892334, -2.141213893890381, -2.13897705078125, -2.1371443271636963, -2.134124755859375, -2.1440670490264893, -2.1288936138153076, -2.154691696166992, -2.1294705867767334, -2.154116630554199, -2.147503614425659, -2.1499853134155273, -2.159229040145874, -2.139416217803955, -2.1793971061706543, -2.1524062156677246, -2.14680814743042, -2.172088623046875, -2.1842761039733887, -2.1414573192596436, -2.135413885116577, -2.182893991470337, -2.173727512359619];[];861.42009806633
550;[1.6184897422790527, 1.618983268737793, 1.6156260967254639, 1.617008090019226, 1.613919973373413, 1.6182169914245605, 1.6160550117492676, 1.6201220750808716, 1.618123173713684, 1.6153656244277954, 1.6128575801849365, 1.6112555265426636, 1.6157252788543701, 1.6151294708251953, 1.6144059896469116, 1.616256594657898, 1.613370418548584, 1.6166597604751587, 1.6150821447372437, 1.6129822731018066, 1.6186784505844116, 1.6152541637420654, 1.6192961931228638, 1.6182996034622192, 1.6182419061660767, 1.6183192729949951, 1.6150397062301636, 1.6175440549850464, 1.6100492477416992, 1.6204464435577393, 1.6193528175354004];[0.19684773683547974, 0.1976970136165619, 0.194632425904274, 0.1953514814376831, 0.19580982625484467, 0.19363482296466827, 0.19792456924915314, 0.1964176744222641, 0.1975802779197693, 0.19618335366249084, 0.1958620399236679, 0.1945601999759674, 0.19358819723129272, 0.19644321501255035, 0.19404014945030212, 0.19756458699703217, 0.19489964842796326, 0.19797390699386597, 0.19631126523017883, 0.19715410470962524, 0.1972295492887497, 0.1955929547548294, 0.19826161861419678, 0.19725197553634644, 0.1973717361688614, 0.19846725463867188, 0.20017291605472565, 0.1965060979127884, 0.19372253119945526, 0.19779059290885925, 0.19747722148895264];[-4.308713912963867, -4.307945728302002, -4.308595657348633, -4.289066314697266, -4.3138580322265625, -4.2686967849731445, -4.325536251068115, -4.287005424499512, -4.334465980529785, -4.303056716918945, -4.320539951324463, -4.29447603225708, -4.300920486450195, -4.302016735076904, -4.283334255218506, -4.3221821784973145, -4.277400016784668, -4.320531368255615, -4.31184720993042, -4.347424030303955, -4.34177303314209, -4.300082206726074, -4.380308151245117, -4.316252708435059, -4.315023899078369, -4.353515625, -4.375158786773682, -4.286276817321777, -4.301089763641357, -4.34989595413208, -4.363057613372803];[];873.2045662403107
600;[1.171407699584961, 1.1683595180511475, 1.1657272577285767, 1.160475492477417, 1.1591159105300903, 1.156790018081665, 1.1584168672561646, 1.1583561897277832, 1.166435718536377, 1.1555566787719727, 1.1639662981033325, 1.158225417137146, 1.156165361404419, 1.1560717821121216, 1.1621429920196533, 1.16114342212677, 1.161168098449707, 1.1534277200698853, 1.159195065498352, 1.1607593297958374, 1.156243920326233, 1.1534755229949951, 1.1616919040679932, 1.1597187519073486, 1.1635644435882568, 1.1604723930358887, 1.1587210893630981, 1.1566219329833984, 1.155928373336792, 1.1645848751068115, 1.1659001111984253];[0.09664159268140793, 0.09474152326583862, 0.09251519292593002, 0.08993029594421387, 0.09158392995595932, 0.08974456042051315, 0.0904054120182991, 0.09262003749608994, 0.09260964393615723, 0.08957235515117645, 0.09373218566179276, 0.09112941473722458, 0.09004633128643036, 0.08985286206007004, 0.09305384755134583, 0.09149626642465591, 0.09215331822633743, 0.08975869417190552, 0.09144309163093567, 0.09189093112945557, 0.0891338437795639, 0.09073971211910248, 0.09161800146102905, 0.09445428103208542, 0.09214393049478531, 0.09052933752536774, 0.09231002628803253, 0.09294233471155167, 0.09191380441188812, 0.09777955710887909, 0.09665429592132568];[-2.1600303649902344, -2.1381475925445557, -2.1234352588653564, -2.1124777793884277, -2.1335580348968506, -2.1237313747406006, -2.1262755393981934, -2.1251108646392822, -2.1209874153137207, -2.114900827407837, -2.1376655101776123, -2.1153042316436768, -2.119353771209717, -2.1220526695251465, -2.1289639472961426, -2.128685474395752, -2.1408510208129883, -2.1147971153259277, -2.133147716522217, -2.139788866043091, -2.111053943634033, -2.129023551940918, -2.135242462158203, -2.162371873855591, -2.133636951446533, -2.1195805072784424, -2.140928268432617, -2.1323490142822266, -2.1305720806121826, -2.188612699508667, -2.1562917232513428];[];867.9883246421814
600;[1.6207085847854614, 1.6185266971588135, 1.615219235420227, 1.6106489896774292, 1.6109036207199097, 1.6091456413269043, 1.609621524810791, 1.6085883378982544, 1.6175696849822998, 1.6069146394729614, 1.6143120527267456, 1.6089377403259277, 1.6081883907318115, 1.6078908443450928, 1.6129720211029053, 1.6130212545394897, 1.61378812789917, 1.604709506034851, 1.6113609075546265, 1.6131137609481812, 1.606748342514038, 1.6051933765411377, 1.6136600971221924, 1.6117440462112427, 1.6150319576263428, 1.6125288009643555, 1.6103036403656006, 1.6080331802368164, 1.6083263158798218, 1.6158171892166138, 1.6163352727890015];[0.19719000160694122, 0.19600214064121246, 0.1935558319091797, 0.19254174828529358, 0.1945355385541916, 0.1938517987728119, 0.19389542937278748, 0.19534993171691895, 0.19449684023857117, 0.1934916228055954, 0.19554077088832855, 0.19431231915950775, 0.19424766302108765, 0.19406139850616455, 0.1960655152797699, 0.19439533352851868, 0.19592012465000153, 0.19409474730491638, 0.19489139318466187, 0.1951855570077896, 0.19233323633670807, 0.19518537819385529, 0.1941189020872116, 0.19769784808158875, 0.19467027485370636, 0.19437052309513092, 0.19567881524562836, 0.19649562239646912, 0.19591622054576874, 0.20016422867774963, 0.1983797401189804];[-4.313953399658203, -4.280758857727051, -4.255578994750977, -4.257415294647217, -4.305235385894775, -4.303546905517578, -4.293488502502441, -4.279968738555908, -4.258924961090088, -4.275242328643799, -4.300523281097412, -4.266218185424805, -4.296394348144531, -4.296212673187256, -4.290751934051514, -4.297632217407227, -4.327087879180908, -4.281466007232666, -4.310185432434082, -4.321529865264893, -4.266414642333984, -4.32155179977417, -4.306317329406738, -4.360917568206787, -4.308242321014404, -4.28177547454834, -4.323948383331299, -4.307828426361084, -4.31569242477417, -4.39608907699585, -4.34158992767334];[];863.0790777206421
650;[1.162111759185791, 1.163358449935913, 1.1588213443756104, 1.1690711975097656, 1.1623115539550781, 1.157573938369751, 1.1628597974777222, 1.1606113910675049, 1.1603682041168213, 1.1639609336853027, 1.1568434238433838, 1.1596522331237793, 1.1695547103881836, 1.1640206575393677, 1.163652777671814, 1.1584302186965942, 1.1599149703979492, 1.1616226434707642, 1.1536303758621216, 1.1633288860321045, 1.1650612354278564, 1.1573305130004883, 1.1681658029556274, 1.1554454565048218, 1.1621448993682861, 1.1595524549484253, 1.168274998664856, 1.1621711254119873, 1.1613701581954956, 1.1587536334991455, 1.1567740440368652];[0.09368813037872314, 0.09411437064409256, 0.09019973129034042, 0.09575245529413223, 0.09208125621080399, 0.09024158120155334, 0.09486660361289978, 0.09434289485216141, 0.09383828938007355, 0.09196553379297256, 0.08990104496479034, 0.09044806659221649, 0.09616576880216599, 0.09303276240825653, 0.09200391918420792, 0.08993542194366455, 0.09219136089086533, 0.09293060749769211, 0.09186125546693802, 0.09157564491033554, 0.09171288460493088, 0.0903378501534462, 0.09381122887134552, 0.09031172096729279, 0.09211932867765427, 0.09115961194038391, 0.09425105154514313, 0.09360316395759583, 0.09294282644987106, 0.09282933920621872, 0.09167059510946274];[-2.140728712081909, -2.1393096446990967, -2.1208643913269043, -2.1566505432128906, -2.1276345252990723, -2.12518572807312, -2.1417548656463623, -2.1419692039489746, -2.1374008655548096, -2.13267183303833, -2.1220505237579346, -2.116760730743408, -2.1463828086853027, -2.1347556114196777, -2.1340341567993164, -2.113375663757324, -2.1320502758026123, -2.1428892612457275, -2.1298534870147705, -2.121518135070801, -2.130073308944702, -2.1240596771240234, -2.1439383029937744, -2.125464916229248, -2.1268749237060547, -2.1230571269989014, -2.1353838443756104, -2.1505367755889893, -2.1401591300964355, -2.1406748294830322, -2.1348631381988525];[];867.5195348262787
650;[1.6122995615005493, 1.613236904144287, 1.6099176406860352, 1.618520975112915, 1.61295485496521, 1.609738826751709, 1.613407015800476, 1.6112643480300903, 1.6127488613128662, 1.6161704063415527, 1.609489917755127, 1.611006736755371, 1.6191595792770386, 1.6155797243118286, 1.6142016649246216, 1.6096923351287842, 1.6108930110931396, 1.6135085821151733, 1.606023907661438, 1.6155009269714355, 1.6148109436035156, 1.6094788312911987, 1.6190530061721802, 1.6076908111572266, 1.6126927137374878, 1.610619068145752, 1.6181285381317139, 1.6128833293914795, 1.6111562252044678, 1.6112011671066284, 1.6089059114456177];[0.1959082931280136, 0.19592878222465515, 0.1935657560825348, 0.19628091156482697, 0.19455602765083313, 0.19418829679489136, 0.19709688425064087, 0.19704166054725647, 0.1973952203989029, 0.1949794739484787, 0.1937774270772934, 0.19396314024925232, 0.19638656079769135, 0.19563820958137512, 0.19361484050750732, 0.19343674182891846, 0.19515497982501984, 0.195757195353508, 0.1970156729221344, 0.19471178948879242, 0.19292792677879333, 0.19421690702438354, 0.19514545798301697, 0.19483259320259094, 0.19414477050304413, 0.19391535222530365, 0.1954602748155594, 0.1962425261735916, 0.19518934190273285, 0.19677211344242096, 0.19583052396774292];[-4.3158488273620605, -4.29409122467041, -4.289328575134277, -4.322556495666504, -4.2784342765808105, -4.2947893142700195, -4.31156063079834, -4.316356658935547, -4.303394317626953, -4.288063049316406, -4.2957000732421875, -4.263221740722656, -4.290656089782715, -4.297306537628174, -4.289306640625, -4.261377334594727, -4.292848110198975, -4.316241264343262, -4.316019535064697, -4.261883735656738, -4.272446155548096, -4.288167476654053, -4.301599502563477, -4.303692817687988, -4.2767462730407715, -4.276339054107666, -4.271391868591309, -4.319230079650879, -4.3045549392700195, -4.331974029541016, -4.322852611541748];[];888.175229549408
700;[1.159374475479126, 1.1643269062042236, 1.1633082628250122, 1.162442922592163, 1.1617497205734253, 1.166021704673767, 1.1639410257339478, 1.1613080501556396, 1.1568995714187622, 1.170467495918274, 1.161739706993103, 1.166715383529663, 1.1654224395751953, 1.16676926612854, 1.1762559413909912, 1.1739249229431152, 1.1671148538589478, 1.1683038473129272, 1.1769498586654663, 1.1675776243209839, 1.1683356761932373, 1.1700258255004883, 1.1685521602630615, 1.173316478729248, 1.1685658693313599, 1.1785016059875488, 1.1652194261550903, 1.170116901397705, 1.1725910902023315, 1.1651780605316162, 1.162675380706787];[0.09163589030504227, 0.09548529982566833, 0.09360802918672562, 0.09615860134363174, 0.09305691719055176, 0.09390289336442947, 0.09476061165332794, 0.09486812353134155, 0.09143998473882675, 0.09913424402475357, 0.09519082307815552, 0.09538561850786209, 0.09424035251140594, 0.09715777635574341, 0.10029083490371704, 0.09941279143095016, 0.09836272895336151, 0.09831514954566956, 0.10089301317930222, 0.09883353859186172, 0.09837460517883301, 0.0998682901263237, 0.09884542226791382, 0.09835996478796005, 0.09786926954984665, 0.10215330868959427, 0.0981818214058876, 0.10036978125572205, 0.09838876873254776, 0.09668561071157455, 0.09710441529750824];[-2.1340997219085693, -2.1534087657928467, -2.1414477825164795, -2.1608214378356934, -2.1372430324554443, -2.1401712894439697, -2.1554911136627197, -2.1529433727264404, -2.1319985389709473, -2.176466464996338, -2.151827096939087, -2.157503843307495, -2.1545913219451904, -2.170860528945923, -2.187298059463501, -2.1834843158721924, -2.179485321044922, -2.1804463863372803, -2.2109858989715576, -2.2065844535827637, -2.190181255340576, -2.195970296859741, -2.1806976795196533, -2.1855645179748535, -2.1766693592071533, -2.1911659240722656, -2.1788530349731445, -2.1934492588043213, -2.183060646057129, -2.1725010871887207, -2.183711528778076];[];852.0538041591644
700;[1.6106271743774414, 1.6149667501449585, 1.6142646074295044, 1.6138452291488647, 1.6136034727096558, 1.6150479316711426, 1.6149311065673828, 1.6115795373916626, 1.6081631183624268, 1.6187320947647095, 1.612427830696106, 1.6165447235107422, 1.6160656213760376, 1.6175886392593384, 1.6248695850372314, 1.6230474710464478, 1.6176340579986572, 1.6168458461761475, 1.6261199712753296, 1.6180896759033203, 1.6168303489685059, 1.619436264038086, 1.6180791854858398, 1.6219755411148071, 1.6177024841308594, 1.626267433166504, 1.6143780946731567, 1.6196974515914917, 1.622818112373352, 1.614866018295288, 1.6134681701660156];[0.19465148448944092, 0.19737717509269714, 0.19607886672019958, 0.19900524616241455, 0.1960146427154541, 0.19520726799964905, 0.19739609956741333, 0.19753825664520264, 0.19494281709194183, 0.19842419028282166, 0.19738613069057465, 0.1967616081237793, 0.19631387293338776, 0.19864243268966675, 0.1992788463830948, 0.1987062245607376, 0.19965115189552307, 0.19866201281547546, 0.20042864978313446, 0.20030786097049713, 0.1984740048646927, 0.20052209496498108, 0.19964814186096191, 0.1979038268327713, 0.1985420435667038, 0.20005303621292114, 0.1992230862379074, 0.20052407681941986, 0.19810150563716888, 0.19820305705070496, 0.19920383393764496];[-4.306184768676758, -4.328972339630127, -4.311975479125977, -4.352811813354492, -4.302779674530029, -4.286482334136963, -4.335051536560059, -4.3390045166015625, -4.307557106018066, -4.348234176635742, -4.330031394958496, -4.333547592163086, -4.340970516204834, -4.352087497711182, -4.365078926086426, -4.360522270202637, -4.3790435791015625, -4.372318267822266, -4.396411418914795, -4.4166059494018555, -4.384410381317139, -4.397096633911133, -4.364429473876953, -4.364816188812256, -4.365789890289307, -4.354121208190918, -4.372957229614258, -4.392155170440674, -4.36508321762085, -4.361598491668701, -4.401977062225342];[];917.7088618278503
750;[1.1596049070358276, 1.1558713912963867, 1.163723349571228, 1.1618587970733643, 1.1604734659194946, 1.1701093912124634, 1.1643601655960083, 1.1693956851959229, 1.1625365018844604, 1.1635994911193848, 1.1639931201934814, 1.162471055984497, 1.163262128829956, 1.1638871431350708, 1.1595768928527832, 1.1579339504241943, 1.1685783863067627, 1.1669167280197144, 1.1659010648727417, 1.1575967073440552, 1.1652451753616333, 1.1630209684371948, 1.1591169834136963, 1.1589961051940918, 1.1690424680709839, 1.1598420143127441, 1.1578606367111206, 1.1624844074249268, 1.1528410911560059, 1.1596194505691528, 1.1686125993728638];[0.09312707930803299, 0.0928591638803482, 0.09522107988595963, 0.09337074309587479, 0.09674465656280518, 0.10052856802940369, 0.0993029773235321, 0.09964825212955475, 0.09487248957157135, 0.09488257765769958, 0.09736482053995132, 0.09502479434013367, 0.09444686025381088, 0.09522400051355362, 0.09546444565057755, 0.09286196529865265, 0.09808908402919769, 0.09541569650173187, 0.09554402530193329, 0.09333156049251556, 0.09611110389232635, 0.09633170813322067, 0.09269200265407562, 0.09602067619562149, 0.09880070388317108, 0.09485138207674026, 0.0950409322977066, 0.09843017160892487, 0.09407784044742584, 0.09702635556459427, 0.10217686742544174];[-2.1452887058258057, -2.1402816772460938, -2.1566548347473145, -2.143493175506592, -2.170135974884033, -2.2204933166503906, -2.186114549636841, -2.209493637084961, -2.1602227687835693, -2.1592209339141846, -2.172348976135254, -2.159785747528076, -2.15028977394104, -2.1563892364501953, -2.158540964126587, -2.1382644176483154, -2.1682517528533936, -2.159877061843872, -2.1540000438690186, -2.153181791305542, -2.1544151306152344, -2.1700072288513184, -2.1429145336151123, -2.17158579826355, -2.198075532913208, -2.1663758754730225, -2.170128583908081, -2.1898396015167236, -2.162674903869629, -2.1803691387176514, -2.2157294750213623];[];889.2745442390442
750;[1.6103107929229736, 1.607458472251892, 1.6142160892486572, 1.6130008697509766, 1.6116447448730469, 1.6200683116912842, 1.6153603792190552, 1.6196576356887817, 1.6132315397262573, 1.6138864755630493, 1.613694190979004, 1.6138713359832764, 1.6141836643218994, 1.6128785610198975, 1.610303521156311, 1.6075665950775146, 1.6170698404312134, 1.6172305345535278, 1.6160423755645752, 1.6104235649108887, 1.614925503730774, 1.6138962507247925, 1.6104328632354736, 1.6101919412612915, 1.618510127067566, 1.6125727891921997, 1.6111047267913818, 1.6128569841384888, 1.6058675050735474, 1.6115909814834595, 1.6201229095458984];[0.19536666572093964, 0.19679483771324158, 0.1970776468515396, 0.19609209895133972, 0.1992926299571991, 0.2012491524219513, 0.20145989954471588, 0.20089857280254364, 0.19750511646270752, 0.1967630237340927, 0.1988030970096588, 0.19755122065544128, 0.19689056277275085, 0.19624410569667816, 0.1980205923318863, 0.1952362358570099, 0.1986570656299591, 0.19730104506015778, 0.1971791386604309, 0.19768136739730835, 0.19778922200202942, 0.19839325547218323, 0.19637328386306763, 0.19906777143478394, 0.19946196675300598, 0.19806794822216034, 0.19905820488929749, 0.20004487037658691, 0.19866570830345154, 0.20052190124988556, 0.203335702419281];[-4.32952880859375, -4.328914165496826, -4.340279579162598, -4.317775249481201, -4.380344867706299, -4.437247276306152, -4.39851188659668, -4.4229888916015625, -4.348053455352783, -4.341135025024414, -4.364737033843994, -4.360819339752197, -4.332056522369385, -4.331517696380615, -4.354525089263916, -4.307992458343506, -4.323784351348877, -4.341737747192383, -4.33207893371582, -4.359865665435791, -4.322246551513672, -4.367908000946045, -4.335909366607666, -4.387252330780029, -4.410557270050049, -4.3821797370910645, -4.402440547943115, -4.4085540771484375, -4.395651817321777, -4.418643474578857, -4.4529314041137695];[];819.6344802379608
800;[1.1682668924331665, 1.153456211090088, 1.1567180156707764, 1.1665633916854858, 1.1690082550048828, 1.1693816184997559, 1.1640498638153076, 1.1654713153839111, 1.1608010530471802, 1.1561362743377686, 1.159377098083496, 1.1613885164260864, 1.1579945087432861, 1.156316876411438, 1.1656246185302734, 1.163346290588379, 1.16236412525177, 1.1646020412445068, 1.1663092374801636, 1.1575655937194824, 1.164947748184204, 1.1626291275024414, 1.1580004692077637, 1.162418246269226, 1.1704192161560059, 1.1591025590896606, 1.1646267175674438, 1.1567367315292358, 1.1595654487609863, 1.1600300073623657, 1.1591339111328125];[0.09422265738248825, 0.09057225286960602, 0.0915318951010704, 0.09198523312807083, 0.09595084935426712, 0.09725355356931686, 0.0926096960902214, 0.09410931915044785, 0.09196753054857254, 0.08937934041023254, 0.09139697253704071, 0.0927756056189537, 0.0920833945274353, 0.09069675207138062, 0.09452345222234726, 0.09303896874189377, 0.09165056049823761, 0.09215638786554337, 0.0952444076538086, 0.090856172144413, 0.09372564405202866, 0.09512464702129364, 0.09152999520301819, 0.09432869404554367, 0.09607623517513275, 0.09041457623243332, 0.09468618780374527, 0.08995897322893143, 0.0929534062743187, 0.0908786952495575, 0.09123680740594864];[-2.1480984687805176, -2.125087022781372, -2.134117841720581, -2.1344428062438965, -2.1387503147125244, -2.1592655181884766, -2.1326608657836914, -2.138597011566162, -2.1342813968658447, -2.1141533851623535, -2.1271066665649414, -2.135895013809204, -2.137246608734131, -2.1240289211273193, -2.154103994369507, -2.139816999435425, -2.120814323425293, -2.122602939605713, -2.1592588424682617, -2.1256775856018066, -2.1325559616088867, -2.1512222290039062, -2.13161563873291, -2.141758918762207, -2.1644856929779053, -2.120976209640503, -2.145538806915283, -2.1153526306152344, -2.1344432830810547, -2.125556707382202, -2.1322736740112305];[];843.5245060920715
800;[1.6170990467071533, 1.6062357425689697, 1.6097309589385986, 1.6171947717666626, 1.6177409887313843, 1.6185593605041504, 1.6146337985992432, 1.6176947355270386, 1.613135814666748, 1.6090551614761353, 1.6109509468078613, 1.6129264831542969, 1.6108415126800537, 1.6078906059265137, 1.6177006959915161, 1.6142234802246094, 1.6126466989517212, 1.6156439781188965, 1.6169626712799072, 1.60921311378479, 1.6149221658706665, 1.6130387783050537, 1.6094818115234375, 1.6116811037063599, 1.6204073429107666, 1.609908938407898, 1.6153565645217896, 1.6088786125183105, 1.6112980842590332, 1.6139023303985596, 1.6107940673828125];[0.19475021958351135, 0.1953698694705963, 0.19577756524085999, 0.19375653564929962, 0.196180522441864, 0.19816337525844574, 0.1947888433933258, 0.1966475397348404, 0.19538983702659607, 0.19375208020210266, 0.1942080408334732, 0.19522906839847565, 0.19640620052814484, 0.19461089372634888, 0.19643457233905792, 0.19512246549129486, 0.1939283013343811, 0.19441545009613037, 0.19675904512405396, 0.1943810135126114, 0.1953185498714447, 0.19708700478076935, 0.19499096274375916, 0.19573001563549042, 0.19720768928527832, 0.19297362864017487, 0.19639600813388824, 0.19393983483314514, 0.19630403816699982, 0.1949022114276886, 0.19414685666561127];[-4.297055244445801, -4.311366081237793, -4.321958065032959, -4.282272815704346, -4.271378517150879, -4.311667442321777, -4.281929969787598, -4.304330348968506, -4.311455249786377, -4.2823686599731445, -4.288796901702881, -4.302850723266602, -4.3213019371032715, -4.297529220581055, -4.337355136871338, -4.301376819610596, -4.258540153503418, -4.263636589050293, -4.325315475463867, -4.295716762542725, -4.28123664855957, -4.3212175369262695, -4.301162242889404, -4.296106338500977, -4.325915336608887, -4.271096706390381, -4.304027557373047, -4.271586894989014, -4.306881904602051, -4.296137809753418, -4.304211139678955];[];865.4925577640533
850;[1.1644517183303833, 1.161720633506775, 1.1581400632858276, 1.1602293252944946, 1.1614028215408325, 1.1610162258148193, 1.166153907775879, 1.1607497930526733, 1.1684025526046753, 1.1617302894592285, 1.1646407842636108, 1.1657747030258179, 1.1638656854629517, 1.156652569770813, 1.167314052581787, 1.163867473602295, 1.1596540212631226, 1.1630780696868896, 1.1607298851013184, 1.1668452024459839, 1.1635926961898804, 1.161076307296753, 1.1571537256240845, 1.168257236480713, 1.1623961925506592, 1.1645514965057373, 1.1571487188339233, 1.1559607982635498, 1.1664848327636719, 1.15751314163208, 1.1626392602920532];[0.09424109756946564, 0.09241874516010284, 0.0884631797671318, 0.09013235569000244, 0.09239496290683746, 0.08987388014793396, 0.09445957094430923, 0.09342078119516373, 0.0963345468044281, 0.09278133511543274, 0.09331968426704407, 0.0947117954492569, 0.09444303810596466, 0.09016773849725723, 0.09410148113965988, 0.0940837487578392, 0.09343886375427246, 0.09291290491819382, 0.09208503365516663, 0.09774967283010483, 0.09154360741376877, 0.09324946254491806, 0.09029009938240051, 0.09659265726804733, 0.09216219931840897, 0.09480592608451843, 0.09174954891204834, 0.09093807637691498, 0.09113844484090805, 0.09014692902565002, 0.09297829866409302];[-2.1420042514801025, -2.1323676109313965, -2.1006875038146973, -2.113983631134033, -2.1482338905334473, -2.1120798587799072, -2.141258955001831, -2.140737295150757, -2.1593947410583496, -2.12961483001709, -2.1338050365448, -2.1377689838409424, -2.146054744720459, -2.120500326156616, -2.141447067260742, -2.140692710876465, -2.1494061946868896, -2.1204490661621094, -2.121415376663208, -2.175295829772949, -2.1299219131469727, -2.1445565223693848, -2.1172428131103516, -2.1565189361572266, -2.130845069885254, -2.1540348529815674, -2.1316864490509033, -2.1240837574005127, -2.1071794033050537, -2.1136956214904785, -2.1284825801849365];[];867.417233467102
850;[1.6162211894989014, 1.6115154027938843, 1.6094977855682373, 1.6109747886657715, 1.613457441329956, 1.6114789247512817, 1.6153583526611328, 1.6128857135772705, 1.6184240579605103, 1.611711859703064, 1.6150411367416382, 1.6151008605957031, 1.614151120185852, 1.6082432270050049, 1.6174055337905884, 1.6144707202911377, 1.6109564304351807, 1.6126588582992554, 1.6115128993988037, 1.6173793077468872, 1.6149038076400757, 1.612804651260376, 1.6087865829467773, 1.6181025505065918, 1.6129225492477417, 1.6153452396392822, 1.608734130859375, 1.6078065633773804, 1.615768551826477, 1.608376145362854, 1.6138710975646973];[0.19707980751991272, 0.19454719126224518, 0.19180406630039215, 0.19325686991214752, 0.1954319328069687, 0.19230514764785767, 0.1958007514476776, 0.1965549886226654, 0.19694292545318604, 0.19509278237819672, 0.1949092000722885, 0.1958332657814026, 0.1963718682527542, 0.19387592375278473, 0.19499215483665466, 0.19625258445739746, 0.19613249599933624, 0.19421979784965515, 0.1953178495168686, 0.19899088144302368, 0.19382032752037048, 0.19603335857391357, 0.19394519925117493, 0.19766765832901, 0.19459094107151031, 0.1967373639345169, 0.1953863501548767, 0.19483932852745056, 0.1924849897623062, 0.19315463304519653, 0.19528616964817047];[-4.311631679534912, -4.284691333770752, -4.2364325523376465, -4.258563995361328, -4.330211162567139, -4.250522613525391, -4.28658390045166, -4.319991588592529, -4.321046829223633, -4.285061836242676, -4.281833171844482, -4.280571937561035, -4.31384801864624, -4.280895709991455, -4.292760372161865, -4.306340217590332, -4.331024646759033, -4.2470526695251465, -4.276163578033447, -4.35730504989624, -4.289519309997559, -4.3188652992248535, -4.280471324920654, -4.310185432434082, -4.288875102996826, -4.321558475494385, -4.3107428550720215, -4.297898769378662, -4.225642681121826, -4.262144088745117, -4.278820991516113];[];778.34090924263
900;[1.1650480031967163, 1.1640211343765259, 1.1630144119262695, 1.160153865814209, 1.1674772500991821, 1.1618824005126953, 1.1696645021438599, 1.1588289737701416, 1.1664481163024902, 1.1642327308654785, 1.1630648374557495, 1.167232632637024, 1.1623188257217407, 1.164912223815918, 1.160080909729004, 1.1722646951675415, 1.1662719249725342, 1.162660837173462, 1.1625005006790161, 1.172863483428955, 1.1605658531188965, 1.1663991212844849, 1.1642976999282837, 1.1668686866760254, 1.1610065698623657, 1.1604441404342651, 1.163068413734436, 1.160743236541748, 1.1677128076553345, 1.1667340993881226, 1.161550521850586];[0.09241397678852081, 0.09422744065523148, 0.09246186912059784, 0.0920720025897026, 0.09491892158985138, 0.09393873810768127, 0.0953364223241806, 0.09013675153255463, 0.09508766978979111, 0.09501761198043823, 0.09428936243057251, 0.09530947357416153, 0.09130744636058807, 0.09359139949083328, 0.09359969943761826, 0.09565429389476776, 0.09516449272632599, 0.09468105435371399, 0.0930771753191948, 0.09824678301811218, 0.092722088098526, 0.09745944291353226, 0.09681522101163864, 0.09403820335865021, 0.09272463619709015, 0.09350787103176117, 0.0955250933766365, 0.09471714496612549, 0.09778502583503723, 0.09648669511079788, 0.09182161837816238];[-2.1372082233428955, -2.137219190597534, -2.136068105697632, -2.1293561458587646, -2.1484103202819824, -2.150858163833618, -2.149820566177368, -2.1229805946350098, -2.1379361152648926, -2.144190788269043, -2.1486055850982666, -2.1499171257019043, -2.1287245750427246, -2.145679235458374, -2.1434614658355713, -2.148275136947632, -2.148530960083008, -2.15151047706604, -2.124354839324951, -2.1756606101989746, -2.1380221843719482, -2.164797782897949, -2.1604952812194824, -2.137238025665283, -2.125138759613037, -2.1535263061523438, -2.1632206439971924, -2.149294376373291, -2.1847591400146484, -2.164733409881592, -2.128607749938965];[];803.2523934841156
900;[1.6162954568862915, 1.6146283149719238, 1.6152509450912476, 1.610742449760437, 1.6172890663146973, 1.6133986711502075, 1.6203900575637817, 1.6101210117340088, 1.616222620010376, 1.6142698526382446, 1.6141595840454102, 1.6172434091567993, 1.613576054573059, 1.615456223487854, 1.6120747327804565, 1.6216621398925781, 1.616735577583313, 1.6148940324783325, 1.6121498346328735, 1.623159646987915, 1.6114531755447388, 1.6172531843185425, 1.6145548820495605, 1.6169931888580322, 1.6111671924591064, 1.6117539405822754, 1.6137423515319824, 1.6109927892684937, 1.6175893545150757, 1.6166768074035645, 1.6120672225952148];[0.1951165646314621, 0.19669902324676514, 0.1950317770242691, 0.19471298158168793, 0.1961059272289276, 0.1966174840927124, 0.1965281218290329, 0.19295541942119598, 0.19638440012931824, 0.19706112146377563, 0.19632594287395477, 0.196945458650589, 0.1938800811767578, 0.19527152180671692, 0.19702166318893433, 0.195909783244133, 0.19673770666122437, 0.19784387946128845, 0.19506974518299103, 0.1980670541524887, 0.1955113559961319, 0.19886475801467896, 0.19865337014198303, 0.19562214612960815, 0.19505193829536438, 0.19650939106941223, 0.1975458413362503, 0.19717851281166077, 0.19925765693187714, 0.19746212661266327, 0.19379378855228424];[-4.307248115539551, -4.291592121124268, -4.30701208114624, -4.284966468811035, -4.307900428771973, -4.333414554595947, -4.315427780151367, -4.287431240081787, -4.276900291442871, -4.3042216300964355, -4.3251142501831055, -4.3099894523620605, -4.277406215667725, -4.3058037757873535, -4.328135967254639, -4.2919697761535645, -4.303378582000732, -4.339127540588379, -4.268937110900879, -4.346211910247803, -4.313249111175537, -4.349762439727783, -4.334726333618164, -4.2904791831970215, -4.274237155914307, -4.340652942657471, -4.345808982849121, -4.329644680023193, -4.358234882354736, -4.332402229309082, -4.2814812660217285];[];779.825190782547
950;[1.161017894744873, 1.1606829166412354, 1.162878155708313, 1.15885329246521, 1.168391466140747, 1.1685912609100342, 1.165136694908142, 1.1641408205032349, 1.164699912071228, 1.1689863204956055, 1.1621618270874023, 1.1693888902664185, 1.163788080215454, 1.171790599822998, 1.1616870164871216, 1.1655184030532837, 1.1611584424972534, 1.1660656929016113, 1.1681843996047974, 1.1691303253173828, 1.1637210845947266, 1.1624189615249634, 1.163934350013733, 1.1661319732666016, 1.1638456583023071, 1.1582353115081787, 1.1640410423278809, 1.1645759344100952, 1.1643390655517578, 1.1636995077133179, 1.1604303121566772];[0.09037106484174728, 0.09228488057851791, 0.09480772912502289, 0.09294039011001587, 0.09462173283100128, 0.09648139029741287, 0.09352473169565201, 0.09380199015140533, 0.09249269962310791, 0.0942007452249527, 0.09052553027868271, 0.09589383006095886, 0.09342712163925171, 0.09803718328475952, 0.09315629303455353, 0.09634935855865479, 0.09340135753154755, 0.09580371528863907, 0.09330596774816513, 0.09627066552639008, 0.09183836728334427, 0.09221349656581879, 0.09416698664426804, 0.09287173300981522, 0.09118004143238068, 0.08942824602127075, 0.09242524951696396, 0.09081890434026718, 0.09165714681148529, 0.09263081848621368, 0.08967848867177963];[-2.1327083110809326, -2.1422910690307617, -2.1406378746032715, -2.1277925968170166, -2.141061782836914, -2.166881561279297, -2.13615083694458, -2.1375439167022705, -2.127945899963379, -2.1325795650482178, -2.110948324203491, -2.1546740531921387, -2.137942314147949, -2.1554453372955322, -2.1379880905151367, -2.1511783599853516, -2.139333486557007, -2.152298927307129, -2.12768292427063, -2.1557860374450684, -2.135179281234741, -2.132451057434082, -2.147108793258667, -2.132441997528076, -2.1277379989624023, -2.1104958057403564, -2.1273410320281982, -2.104193687438965, -2.11508846282959, -2.1244874000549316, -2.117187261581421];[];744.9472184181213
950;[1.6131248474121094, 1.6125775575637817, 1.6118144989013672, 1.6092983484268188, 1.6183449029922485, 1.6181684732437134, 1.6156268119812012, 1.6133050918579102, 1.615571141242981, 1.6178005933761597, 1.6114671230316162, 1.6188454627990723, 1.6142624616622925, 1.6208370923995972, 1.6118359565734863, 1.6157848834991455, 1.6121037006378174, 1.6166110038757324, 1.6185765266418457, 1.6190165281295776, 1.6156635284423828, 1.6129202842712402, 1.6154764890670776, 1.616500973701477, 1.614853024482727, 1.6084442138671875, 1.6149179935455322, 1.6149201393127441, 1.6142966747283936, 1.6143157482147217, 1.6106070280075073];[0.19331327080726624, 0.19519951939582825, 0.19612716138362885, 0.19607330858707428, 0.19553127884864807, 0.19670569896697998, 0.1953275054693222, 0.195306196808815, 0.19470520317554474, 0.19481143355369568, 0.19211064279079437, 0.19651764631271362, 0.19528688490390778, 0.19815054535865784, 0.19530384242534637, 0.19767704606056213, 0.19548937678337097, 0.19701755046844482, 0.19439615309238434, 0.19702576100826263, 0.1948155164718628, 0.19440126419067383, 0.19644436240196228, 0.1948533058166504, 0.19323107600212097, 0.19216986000537872, 0.19449493288993835, 0.1925085037946701, 0.19380685687065125, 0.19480390846729279, 0.1922013759613037];[-4.304348468780518, -4.3180742263793945, -4.297252178192139, -4.286479473114014, -4.289351940155029, -4.341244220733643, -4.292459487915039, -4.2936930656433105, -4.2712249755859375, -4.262141227722168, -4.238316059112549, -4.307798385620117, -4.30334997177124, -4.302863121032715, -4.304393291473389, -4.320246696472168, -4.305335998535156, -4.322996139526367, -4.2648539543151855, -4.317549705505371, -4.305845260620117, -4.285256862640381, -4.317789554595947, -4.280462741851807, -4.278738975524902, -4.255998611450195, -4.271787166595459, -4.219850063323975, -4.244270324707031, -4.261448383331299, -4.262152671813965];[];693.9749534130096
1000;[1.1615561246871948, 1.1661728620529175, 1.1549391746520996, 1.1598546504974365, 1.1566572189331055, 1.1570203304290771, 1.156792163848877, 1.163864254951477, 1.1561365127563477, 1.1599191427230835, 1.1653164625167847, 1.163633108139038, 1.159066915512085, 1.160851001739502, 1.1625007390975952, 1.159820556640625, 1.1649413108825684, 1.1654813289642334, 1.1711441278457642, 1.1624726057052612, 1.1707613468170166, 1.16585111618042, 1.1579231023788452, 1.157965064048767, 1.1632617712020874, 1.1665109395980835, 1.1627260446548462, 1.1637896299362183, 1.165634274482727, 1.1653550863265991, 1.1666443347930908];[0.0941038653254509, 0.09288826584815979, 0.08973651379346848, 0.0919388085603714, 0.09189186990261078, 0.08980793505907059, 0.09028267115354538, 0.09294455498456955, 0.0898665115237236, 0.09116650372743607, 0.09117678552865982, 0.08942258358001709, 0.09189870208501816, 0.09348993748426437, 0.0921570435166359, 0.0939985141158104, 0.09171463549137115, 0.09473364055156708, 0.0962345227599144, 0.093520887196064, 0.09528135508298874, 0.09562764316797256, 0.09068965911865234, 0.0924416035413742, 0.09210305660963058, 0.09493373334407806, 0.09373487532138824, 0.09383859485387802, 0.09251119196414948, 0.09606830030679703, 0.09369266778230667];[-2.141822099685669, -2.1333653926849365, -2.1193323135375977, -2.1338844299316406, -2.131239652633667, -2.115525245666504, -2.1161627769470215, -2.14064359664917, -2.122370719909668, -2.129155158996582, -2.1161556243896484, -2.107522964477539, -2.126283884048462, -2.128929853439331, -2.125819444656372, -2.1392621994018555, -2.128932237625122, -2.138779640197754, -2.1500322818756104, -2.13145112991333, -2.143261671066284, -2.1344993114471436, -2.121382236480713, -2.1347687244415283, -2.1284470558166504, -2.1344614028930664, -2.1512157917022705, -2.1320929527282715, -2.1297881603240967, -2.159248113632202, -2.1568849086761475];[];697.7014696598053
1000;[1.6132582426071167, 1.6156747341156006, 1.6072955131530762, 1.6118800640106201, 1.6085258722305298, 1.608654499053955, 1.6072118282318115, 1.614597201347351, 1.606581687927246, 1.6119829416275024, 1.6158268451690674, 1.613701343536377, 1.6107358932495117, 1.6107158660888672, 1.61416757106781, 1.6106646060943604, 1.6156543493270874, 1.6158969402313232, 1.6202850341796875, 1.6131491661071777, 1.6207159757614136, 1.615339994430542, 1.6100460290908813, 1.6110403537750244, 1.6133865118026733, 1.6170690059661865, 1.614037036895752, 1.613457441329956, 1.614203691482544, 1.6164757013320923, 1.6176984310150146];[0.19722311198711395, 0.19399943947792053, 0.19437476992607117, 0.19515731930732727, 0.19595468044281006, 0.19328777492046356, 0.1933843493461609, 0.19523616135120392, 0.19299468398094177, 0.19432388246059418, 0.19278869032859802, 0.19167494773864746, 0.1949688196182251, 0.19550247490406036, 0.19513781368732452, 0.1964738965034485, 0.19391055405139923, 0.19662605226039886, 0.196264386177063, 0.1958702653646469, 0.19621723890304565, 0.19742542505264282, 0.19458965957164764, 0.19646717607975006, 0.1940029263496399, 0.1965002566576004, 0.1962304711341858, 0.19539330899715424, 0.19366784393787384, 0.1980346143245697, 0.1956244260072708];[-4.313696384429932, -4.2682695388793945, -4.297357559204102, -4.309559345245361, -4.311190128326416, -4.284574508666992, -4.2716064453125, -4.303155899047852, -4.289965629577637, -4.301784515380859, -4.254179000854492, -4.238467693328857, -4.28772497177124, -4.28441047668457, -4.284669876098633, -4.312828540802002, -4.287653923034668, -4.296985626220703, -4.288834571838379, -4.29176664352417, -4.297405242919922, -4.27907657623291, -4.290807723999023, -4.31929349899292, -4.27960729598999, -4.2826457023620605, -4.325158596038818, -4.286460876464844, -4.269590854644775, -4.341088771820068, -4.334681510925293];[];696.052996635437
1050;[1.1647053956985474, 1.1631038188934326, 1.1589949131011963, 1.1614234447479248, 1.170655608177185, 1.157098650932312, 1.1586295366287231, 1.166141390800476, 1.1612743139266968, 1.1616348028182983, 1.1658421754837036, 1.1640002727508545, 1.1612372398376465, 1.16825270652771, 1.15984046459198, 1.1591674089431763, 1.166122317314148, 1.1666840314865112, 1.165985345840454, 1.1644296646118164, 1.168203353881836, 1.1636208295822144, 1.1675878763198853, 1.1704564094543457, 1.1606494188308716, 1.1723341941833496, 1.1656676530838013, 1.162883996963501, 1.1678341627120972, 1.1694308519363403, 1.1661252975463867];[0.09442006051540375, 0.0928604006767273, 0.09127727150917053, 0.09319468587636948, 0.09466992318630219, 0.09298781305551529, 0.09345533698797226, 0.0955580323934555, 0.09466669708490372, 0.09514012187719345, 0.09552957117557526, 0.09531772136688232, 0.09218490123748779, 0.09601299464702606, 0.09244315326213837, 0.09370258450508118, 0.09597352892160416, 0.09477797150611877, 0.09476400911808014, 0.09343855828046799, 0.09873135387897491, 0.09228280931711197, 0.09552782028913498, 0.09591224044561386, 0.09350073337554932, 0.09559144824743271, 0.09507106244564056, 0.09431719034910202, 0.0969030112028122, 0.09946385025978088, 0.09540025889873505];[-2.1373770236968994, -2.1297523975372314, -2.1240859031677246, -2.1482534408569336, -2.153888702392578, -2.137763500213623, -2.1421420574188232, -2.143494129180908, -2.149346113204956, -2.1520822048187256, -2.151211738586426, -2.150883436203003, -2.131013870239258, -2.1707470417022705, -2.1333749294281006, -2.140054702758789, -2.1562788486480713, -2.1538944244384766, -2.147226095199585, -2.139814853668213, -2.181781053543091, -2.131132125854492, -2.1520161628723145, -2.160860538482666, -2.1403257846832275, -2.148937463760376, -2.1492207050323486, -2.153611660003662, -2.157066583633423, -2.1708896160125732, -2.1452996730804443];[];690.9765243530273
1050;[1.6144083738327026, 1.6118501424789429, 1.61008620262146, 1.6133966445922852, 1.6196911334991455, 1.609104871749878, 1.609354019165039, 1.614960789680481, 1.6123286485671997, 1.6124318838119507, 1.614987850189209, 1.6139458417892456, 1.6126093864440918, 1.6184388399124146, 1.61112642288208, 1.6106022596359253, 1.6169077157974243, 1.6175885200500488, 1.6153440475463867, 1.6155083179473877, 1.6186221837997437, 1.6142241954803467, 1.6165844202041626, 1.6204688549041748, 1.6112253665924072, 1.6209747791290283, 1.614747166633606, 1.6138551235198975, 1.6169140338897705, 1.6174367666244507, 1.6170146465301514];[0.1964011937379837, 0.19427581131458282, 0.19440105557441711, 0.19606530666351318, 0.1946856677532196, 0.19701699912548065, 0.196487158536911, 0.19637595117092133, 0.19728021323680878, 0.19780197739601135, 0.19682304561138153, 0.19643865525722504, 0.1950322687625885, 0.19700048863887787, 0.19549906253814697, 0.1967693716287613, 0.19747531414031982, 0.19617369771003723, 0.19608363509178162, 0.19570790231227875, 0.19979475438594818, 0.19432871043682098, 0.19645260274410248, 0.19636619091033936, 0.1957000494003296, 0.19500049948692322, 0.19584335386753082, 0.19650045037269592, 0.19720225036144257, 0.19947582483291626, 0.19753631949424744];[-4.290523529052734, -4.2740631103515625, -4.282232284545898, -4.33304500579834, -4.3084306716918945, -4.322870254516602, -4.322890758514404, -4.29813814163208, -4.3339362144470215, -4.327938079833984, -4.320147514343262, -4.317857265472412, -4.294172286987305, -4.351528644561768, -4.304467678070068, -4.321997165679932, -4.334616184234619, -4.323311805725098, -4.29990291595459, -4.298771858215332, -4.3613152503967285, -4.285547256469727, -4.317147731781006, -4.32398796081543, -4.313344955444336, -4.285482406616211, -4.311298847198486, -4.341645240783691, -4.315840721130371, -4.324679851531982, -4.303876876831055];[];720.0755324363708
1100;[1.157936930656433, 1.1595885753631592, 1.163752555847168, 1.1616538763046265, 1.166719913482666, 1.1598248481750488, 1.162108302116394, 1.1658551692962646, 1.15666925907135, 1.1610952615737915, 1.1619282960891724, 1.1595760583877563, 1.165539026260376, 1.175121545791626, 1.163035273551941, 1.1626907587051392, 1.1741441488265991, 1.16469407081604, 1.1671435832977295, 1.171822190284729, 1.1619670391082764, 1.1668601036071777, 1.1640558242797852, 1.1658636331558228, 1.1586352586746216, 1.161378026008606, 1.164300560951233, 1.1659822463989258, 1.1613107919692993, 1.1625317335128784, 1.1631332635879517];[0.09388509392738342, 0.09260238707065582, 0.09268315136432648, 0.09387138485908508, 0.0949038714170456, 0.09129097312688828, 0.09070367366075516, 0.09342910349369049, 0.0902361050248146, 0.09237881004810333, 0.09150440245866776, 0.09095059335231781, 0.08911557495594025, 0.09333797544240952, 0.09094072878360748, 0.09355386346578598, 0.09685105085372925, 0.09046615660190582, 0.09382721036672592, 0.09428848326206207, 0.0886034145951271, 0.09206318855285645, 0.09149863570928574, 0.09265898913145065, 0.090530164539814, 0.09281963855028152, 0.09295207262039185, 0.0953318327665329, 0.09189407527446747, 0.0925903469324112, 0.09157286584377289];[-2.146003007888794, -2.1334989070892334, -2.124664306640625, -2.140798330307007, -2.1370723247528076, -2.1208159923553467, -2.11301851272583, -2.131284236907959, -2.116978645324707, -2.127455234527588, -2.1126959323883057, -2.1289474964141846, -2.096499443054199, -2.1232216358184814, -2.112786293029785, -2.1360554695129395, -2.186950206756592, -2.1102914810180664, -2.138288974761963, -2.1436593532562256, -2.101130723953247, -2.121436357498169, -2.113149404525757, -2.1303980350494385, -2.1189558506011963, -2.138090133666992, -2.122455358505249, -2.144834041595459, -2.126331329345703, -2.125908613204956, -2.124577045440674];[];690.9971499443054
1100;[1.6089624166488647, 1.6116700172424316, 1.6136291027069092, 1.6117494106292725, 1.6159310340881348, 1.6114493608474731, 1.6123446226119995, 1.615692138671875, 1.6087576150894165, 1.6115455627441406, 1.6120086908340454, 1.6104307174682617, 1.6153076887130737, 1.62385094165802, 1.6139262914657593, 1.6134480237960815, 1.6235531568527222, 1.6157382726669312, 1.6181927919387817, 1.621437668800354, 1.6122963428497314, 1.6163513660430908, 1.6134285926818848, 1.6160482168197632, 1.6108227968215942, 1.6122441291809082, 1.6148898601531982, 1.6156171560287476, 1.6133044958114624, 1.6126041412353516, 1.613861083984375];[0.19673621654510498, 0.19602377712726593, 0.1948443502187729, 0.19627419114112854, 0.19541001319885254, 0.19486115872859955, 0.19328619539737701, 0.1950049251317978, 0.19393445551395416, 0.1950959414243698, 0.1931077092885971, 0.19385696947574615, 0.19066265225410461, 0.19255298376083374, 0.1933947503566742, 0.19545452296733856, 0.1973274201154709, 0.1930082142353058, 0.19537203013896942, 0.194682314991951, 0.19102726876735687, 0.19303229451179504, 0.19295328855514526, 0.19384348392486572, 0.19392165541648865, 0.19577902555465698, 0.1949867308139801, 0.19680002331733704, 0.19491441547870636, 0.19438301026821136, 0.19397340714931488];[-4.335400581359863, -4.305912494659424, -4.265961647033691, -4.308459758758545, -4.276239395141602, -4.27237606048584, -4.25465726852417, -4.267992973327637, -4.272464275360107, -4.280143737792969, -4.244960784912109, -4.2811150550842285, -4.200855731964111, -4.224096775054932, -4.2472310066223145, -4.287255764007568, -4.328800678253174, -4.238727569580078, -4.288065433502197, -4.27665376663208, -4.215411186218262, -4.251104831695557, -4.233781337738037, -4.269578456878662, -4.271543979644775, -4.290087699890137, -4.256963729858398, -4.284915447235107, -4.270664691925049, -4.270628929138184, -4.274250030517578];[];698.0212740898132
1150;[1.1722456216812134, 1.1574803590774536, 1.1613503694534302, 1.1648497581481934, 1.16339111328125, 1.1626793146133423, 1.1643656492233276, 1.163922905921936, 1.1590789556503296, 1.1626696586608887, 1.1644585132598877, 1.1645421981811523, 1.1609562635421753, 1.1535797119140625, 1.1617504358291626, 1.161431908607483, 1.1594736576080322, 1.163811206817627, 1.1595613956451416, 1.1625428199768066, 1.1631346940994263, 1.1625677347183228, 1.1642789840698242, 1.1702661514282227, 1.1596477031707764, 1.1618947982788086, 1.1655482053756714, 1.1610188484191895, 1.161361575126648, 1.1615192890167236, 1.1602790355682373];[0.09564739465713501, 0.08980865031480789, 0.09265001118183136, 0.09304811805486679, 0.09610658884048462, 0.09147476404905319, 0.09232507646083832, 0.0922292023897171, 0.09177329391241074, 0.09236450493335724, 0.09393074363470078, 0.09276225417852402, 0.09194373339414597, 0.08934127539396286, 0.0931849405169487, 0.0913611575961113, 0.09218639135360718, 0.09160429984331131, 0.09284637123346329, 0.09344924986362457, 0.09567099064588547, 0.09365861862897873, 0.09499098360538483, 0.09701614081859589, 0.091419517993927, 0.09463302791118622, 0.09530431777238846, 0.0927477478981018, 0.094760961830616, 0.0940072238445282, 0.09651223570108414];[-2.1440677642822266, -2.1135103702545166, -2.1317038536071777, -2.1409430503845215, -2.1469106674194336, -2.121919631958008, -2.1311538219451904, -2.1241698265075684, -2.129554033279419, -2.128848075866699, -2.1375467777252197, -2.131652355194092, -2.126589298248291, -2.116339921951294, -2.1320323944091797, -2.1343822479248047, -2.1205217838287354, -2.11274790763855, -2.129955530166626, -2.141380786895752, -2.1517553329467773, -2.1434507369995117, -2.1349730491638184, -2.153613567352295, -2.1293632984161377, -2.15287709236145, -2.1567442417144775, -2.1445040702819824, -2.152066707611084, -2.1527106761932373, -2.1704771518707275];[];696.6080033779144
1150;[1.6212307214736938, 1.607681393623352, 1.611349105834961, 1.6163074970245361, 1.6130048036575317, 1.6122123003005981, 1.6159721612930298, 1.6142936944961548, 1.6113752126693726, 1.6136138439178467, 1.614190936088562, 1.6156772375106812, 1.6124464273452759, 1.6063382625579834, 1.6124427318572998, 1.6134053468704224, 1.6104915142059326, 1.614322304725647, 1.6101293563842773, 1.6129677295684814, 1.6130119562149048, 1.6135756969451904, 1.614760398864746, 1.6190829277038574, 1.6113003492355347, 1.6133263111114502, 1.6159080266952515, 1.610700249671936, 1.6118556261062622, 1.6133359670639038, 1.6133970022201538];[0.1956503838300705, 0.19305358827114105, 0.19508683681488037, 0.19534625113010406, 0.1977158486843109, 0.1934298872947693, 0.19470694661140442, 0.1944712996482849, 0.19553521275520325, 0.19495443999767303, 0.19546249508857727, 0.1954769492149353, 0.19453488290309906, 0.19405771791934967, 0.19572000205516815, 0.1942138969898224, 0.1954393833875656, 0.19382211565971375, 0.1956743597984314, 0.19545471668243408, 0.19740182161331177, 0.19616913795471191, 0.19688507914543152, 0.19725055992603302, 0.19518102705478668, 0.1977503001689911, 0.19685958325862885, 0.19493265450000763, 0.1970982849597931, 0.19678130745887756, 0.20017841458320618];[-4.288403511047363, -4.259979724884033, -4.291806221008301, -4.312160015106201, -4.3115105628967285, -4.2635040283203125, -4.286149501800537, -4.26902961730957, -4.304376125335693, -4.277063369750977, -4.294538974761963, -4.2920122146606445, -4.281991004943848, -4.285208225250244, -4.289608955383301, -4.287797927856445, -4.273491382598877, -4.2423553466796875, -4.287687301635742, -4.304257869720459, -4.317502021789551, -4.3119611740112305, -4.281389236450195, -4.3073320388793945, -4.304360866546631, -4.34013557434082, -4.337657928466797, -4.323556423187256, -4.336284637451172, -4.348196983337402, -4.389785289764404];[];698.1722767353058
1200;[1.1618475914001465, 1.1591016054153442, 1.1678706407546997, 1.1603195667266846, 1.1618481874465942, 1.167263150215149, 1.165266990661621, 1.1627079248428345, 1.1688685417175293, 1.1639187335968018, 1.1591719388961792, 1.1615374088287354, 1.1648074388504028, 1.1595044136047363, 1.166305661201477, 1.161468744277954, 1.1714482307434082, 1.16082763671875, 1.1570875644683838, 1.1635464429855347, 1.1634474992752075, 1.1572239398956299, 1.1610873937606812, 1.1583737134933472, 1.1607062816619873, 1.1582590341567993, 1.1602144241333008, 1.1648846864700317, 1.1598690748214722, 1.1601951122283936, 1.161148190498352];[0.0929112583398819, 0.09245104342699051, 0.09500828385353088, 0.09071649610996246, 0.09169166535139084, 0.09511873126029968, 0.09457256644964218, 0.092522993683815, 0.09451600164175034, 0.09259507805109024, 0.0910266861319542, 0.09320297092199326, 0.09296530485153198, 0.089582659304142, 0.09462004154920578, 0.08935528993606567, 0.0947713777422905, 0.08989183604717255, 0.08928201347589493, 0.09232324361801147, 0.09337535500526428, 0.08925465494394302, 0.09128924459218979, 0.09252768009901047, 0.09275572746992111, 0.09123525768518448, 0.09269072115421295, 0.09427674859762192, 0.09418578445911407, 0.09346871823072433, 0.09382398426532745];[-2.1336324214935303, -2.139760971069336, -2.141893148422241, -2.119164228439331, -2.139488697052002, -2.147144317626953, -2.150369167327881, -2.124877691268921, -2.168473720550537, -2.12172794342041, -2.132650375366211, -2.134028434753418, -2.120603561401367, -2.110183000564575, -2.1356515884399414, -2.1132302284240723, -2.143495559692383, -2.110692024230957, -2.117893695831299, -2.129915714263916, -2.124467134475708, -2.1180789470672607, -2.1385388374328613, -2.1307857036590576, -2.1335349082946777, -2.1292130947113037, -2.134922504425049, -2.1364240646362305, -2.148355007171631, -2.1447067260742188, -2.1372878551483154];[];703.6005554199219
1200;[1.6125034093856812, 1.6113609075546265, 1.6185286045074463, 1.6114405393600464, 1.6136376857757568, 1.6164079904556274, 1.6161260604858398, 1.6128143072128296, 1.618330717086792, 1.6147959232330322, 1.6117302179336548, 1.6125496625900269, 1.61585533618927, 1.6108989715576172, 1.6153191328048706, 1.6123167276382446, 1.6209884881973267, 1.6115920543670654, 1.6096552610397339, 1.6150637865066528, 1.6124919652938843, 1.610015869140625, 1.6125649213790894, 1.6098588705062866, 1.6119464635849, 1.6107391119003296, 1.6117706298828125, 1.613935112953186, 1.6113801002502441, 1.611128330230713, 1.6113693714141846];[0.19521841406822205, 0.19609183073043823, 0.19636207818984985, 0.193989098072052, 0.19488836824893951, 0.19561877846717834, 0.19657784700393677, 0.1945577710866928, 0.1953880488872528, 0.19499577581882477, 0.1949457973241806, 0.19634664058685303, 0.19512984156608582, 0.19321300089359283, 0.19508014619350433, 0.19181321561336517, 0.19478459656238556, 0.19279880821704865, 0.19348129630088806, 0.1945382058620453, 0.1946531981229782, 0.19382523000240326, 0.1938210129737854, 0.19630539417266846, 0.19581840932369232, 0.19512338936328888, 0.19592753052711487, 0.19587497413158417, 0.1971571296453476, 0.19639258086681366, 0.19597184658050537];[-4.296892166137695, -4.325302600860596, -4.301441669464111, -4.272761344909668, -4.314007759094238, -4.3123087882995605, -4.324157238006592, -4.26793098449707, -4.320873737335205, -4.260334014892578, -4.3127570152282715, -4.297996997833252, -4.254436492919922, -4.2584547996521, -4.2635884284973145, -4.2527923583984375, -4.288273811340332, -4.255471229553223, -4.28122091293335, -4.289944171905518, -4.2553887367248535, -4.279383659362793, -4.30948543548584, -4.307527542114258, -4.30704402923584, -4.310081958770752, -4.305196762084961, -4.286867141723633, -4.34019660949707, -4.325547695159912, -4.2986273765563965];[];698.4034199714661
1250;[1.1603846549987793, 1.1777931451797485, 1.1561130285263062, 1.1639738082885742, 1.167054533958435, 1.163008213043213, 1.1653021574020386, 1.1623467206954956, 1.1648125648498535, 1.1618447303771973, 1.1696449518203735, 1.1690939664840698, 1.15752375125885, 1.1577728986740112, 1.16650390625, 1.1671103239059448, 1.1659818887710571, 1.1610935926437378, 1.164984941482544, 1.1634293794631958, 1.1647076606750488, 1.1747679710388184, 1.1621276140213013, 1.1645612716674805, 1.1653122901916504, 1.1666884422302246, 1.1630761623382568, 1.1654294729232788, 1.1678470373153687, 1.1705219745635986, 1.1717009544372559];[0.09141819924116135, 0.09797129780054092, 0.09201212972402573, 0.09517592936754227, 0.09660771489143372, 0.09466299414634705, 0.09738031029701233, 0.09849897772073746, 0.09703923016786575, 0.0946287214756012, 0.10071203857660294, 0.0984734445810318, 0.09519339352846146, 0.09644371271133423, 0.09988928586244583, 0.0985734760761261, 0.0996229350566864, 0.09866872429847717, 0.09741434454917908, 0.098456010222435, 0.10119608789682388, 0.10203905403614044, 0.0974671021103859, 0.09945123642683029, 0.09695124626159668, 0.09851251542568207, 0.09771426022052765, 0.09716363251209259, 0.0987568274140358, 0.09988056868314743, 0.10033220797777176];[-2.128469705581665, -2.1704938411712646, -2.1381404399871826, -2.1578969955444336, -2.174100399017334, -2.150153160095215, -2.1726064682006836, -2.18912672996521, -2.182037591934204, -2.1659319400787354, -2.1993155479431152, -2.1851344108581543, -2.164429187774658, -2.1850457191467285, -2.194777488708496, -2.185253381729126, -2.198385000228882, -2.196437358856201, -2.176886796951294, -2.192253351211548, -2.2038419246673584, -2.203911781311035, -2.186760663986206, -2.184844732284546, -2.1708149909973145, -2.1858320236206055, -2.1812665462493896, -2.1750407218933105, -2.182771921157837, -2.198179006576538, -2.2055370807647705];[];701.6553981304169
1250;[1.6120461225509644, 1.6262190341949463, 1.6077934503555298, 1.6142114400863647, 1.6164003610610962, 1.6130598783493042, 1.6146489381790161, 1.6124708652496338, 1.6154781579971313, 1.6128915548324585, 1.6186473369598389, 1.618261694908142, 1.6090489625930786, 1.609944462776184, 1.61591637134552, 1.6177889108657837, 1.6163673400878906, 1.6125459671020508, 1.6144133806228638, 1.615342378616333, 1.6147478818893433, 1.623008370399475, 1.6132205724716187, 1.6147404909133911, 1.6164706945419312, 1.6165595054626465, 1.6137065887451172, 1.6162612438201904, 1.6167327165603638, 1.6194055080413818, 1.621225118637085];[0.19451381266117096, 0.19684386253356934, 0.19603881239891052, 0.19722673296928406, 0.1969837099313736, 0.1965966820716858, 0.19837789237499237, 0.20019686222076416, 0.19897185266017914, 0.1971459984779358, 0.20074963569641113, 0.1990775316953659, 0.1987806260585785, 0.1994924694299698, 0.20099785923957825, 0.20000113546848297, 0.20086275041103363, 0.20133133232593536, 0.19857758283615112, 0.20108740031719208, 0.20230092108249664, 0.2008233219385147, 0.19993476569652557, 0.20142784714698792, 0.19896499812602997, 0.1999017596244812, 0.19947849214076996, 0.19883008301258087, 0.199126735329628, 0.19935695827007294, 0.2001240998506546];[-4.291416168212891, -4.3271918296813965, -4.332472801208496, -4.342936992645264, -4.357883453369141, -4.338940143585205, -4.364773750305176, -4.406211853027344, -4.396146297454834, -4.374973773956299, -4.405717849731445, -4.390655040740967, -4.38511323928833, -4.427863121032715, -4.404862880706787, -4.397109508514404, -4.428550720214844, -4.441348552703857, -4.379003047943115, -4.424352169036865, -4.435330867767334, -4.4025726318359375, -4.415778636932373, -4.395524978637695, -4.3785505294799805, -4.390420436859131, -4.384870529174805, -4.378445148468018, -4.3765997886657715, -4.3943328857421875, -4.407482624053955];[];693.3485527038574
1300;[1.1659784317016602, 1.1593635082244873, 1.1581900119781494, 1.1637189388275146, 1.1671818494796753, 1.1669296026229858, 1.1710875034332275, 1.164961576461792, 1.1627455949783325, 1.1637922525405884, 1.169973373413086, 1.1680744886398315, 1.1656244993209839, 1.16032874584198, 1.1652674674987793, 1.1613081693649292, 1.1701288223266602, 1.16558039188385, 1.1587387323379517, 1.1686069965362549, 1.1696125268936157, 1.1642742156982422, 1.1704390048980713, 1.172118902206421, 1.1662219762802124, 1.1661430597305298, 1.1775716543197632, 1.1705553531646729, 1.1627880334854126, 1.167921781539917, 1.176450490951538];[0.09495539218187332, 0.09176183491945267, 0.09214765578508377, 0.09496845304965973, 0.09344298392534256, 0.09364864230155945, 0.09638359397649765, 0.0971064493060112, 0.09447286278009415, 0.09319690614938736, 0.09574110060930252, 0.09654415398836136, 0.09261385351419449, 0.09153760969638824, 0.09141777455806732, 0.0909288302063942, 0.09383003413677216, 0.09270673990249634, 0.09246386587619781, 0.09485689550638199, 0.09564998000860214, 0.09213370829820633, 0.09682029485702515, 0.09557526558637619, 0.09406235069036484, 0.09483038634061813, 0.10178565233945847, 0.09722113609313965, 0.09195113182067871, 0.09413190186023712, 0.09772615134716034];[-2.1470539569854736, -2.13271427154541, -2.1392316818237305, -2.1451518535614014, -2.1317946910858154, -2.134340763092041, -2.1539697647094727, -2.1474409103393555, -2.1409363746643066, -2.14635968208313, -2.144096612930298, -2.1456046104431152, -2.1281821727752686, -2.131147861480713, -2.1244442462921143, -2.1228227615356445, -2.130406379699707, -2.12437105178833, -2.1302287578582764, -2.1539947986602783, -2.151151418685913, -2.1219682693481445, -2.149348497390747, -2.1507837772369385, -2.146949291229248, -2.1406350135803223, -2.180819272994995, -2.169971466064453, -2.1428005695343018, -2.1468496322631836, -2.1852943897247314];[];697.2168533802032
1300;[1.616513729095459, 1.6100811958312988, 1.6100519895553589, 1.6127005815505981, 1.6184206008911133, 1.6170967817306519, 1.6214971542358398, 1.6147968769073486, 1.6133487224578857, 1.6150285005569458, 1.6189696788787842, 1.6167856454849243, 1.6149965524673462, 1.6122407913208008, 1.6144393682479858, 1.6111382246017456, 1.619384527206421, 1.6140258312225342, 1.6094118356704712, 1.6178005933761597, 1.6185988187789917, 1.6125050783157349, 1.6171091794967651, 1.61905038356781, 1.6156188249588013, 1.6149013042449951, 1.6231791973114014, 1.61918044090271, 1.613683819770813, 1.6175743341445923, 1.6231549978256226];[0.19622594118118286, 0.19467949867248535, 0.1957598179578781, 0.19632042944431305, 0.19540661573410034, 0.1946762502193451, 0.1974697709083557, 0.19917626678943634, 0.1967145949602127, 0.19646713137626648, 0.19645211100578308, 0.19723312556743622, 0.1944328397512436, 0.1954173892736435, 0.19339801371097565, 0.19369058310985565, 0.19556576013565063, 0.19424983859062195, 0.1963471621274948, 0.196408212184906, 0.19662916660308838, 0.1941453069448471, 0.19670216739177704, 0.1956646889448166, 0.19595111906528473, 0.19642400741577148, 0.1999226212501526, 0.1979324072599411, 0.195237398147583, 0.19618801772594452, 0.19777753949165344];[-4.311828136444092, -4.299766540527344, -4.324096202850342, -4.309872150421143, -4.284798622131348, -4.2857489585876465, -4.3124189376831055, -4.320239067077637, -4.314319610595703, -4.327725887298584, -4.30008602142334, -4.303801536560059, -4.2799835205078125, -4.314985752105713, -4.2742228507995605, -4.277581214904785, -4.276968479156494, -4.265133857727051, -4.30863094329834, -4.329220294952393, -4.319643974304199, -4.262201309204102, -4.297982215881348, -4.288163185119629, -4.321112155914307, -4.297806739807129, -4.331075668334961, -4.337791442871094, -4.331209659576416, -4.315772533416748, -4.336431503295898];[];725.3650665283203
1350;[1.1582492589950562, 1.168458342552185, 1.163522720336914, 1.160907506942749, 1.1610122919082642, 1.1714845895767212, 1.1634424924850464, 1.1632307767868042, 1.1666347980499268, 1.1643900871276855, 1.1617904901504517, 1.1619572639465332, 1.159304141998291, 1.1569262742996216, 1.1680703163146973, 1.1653066873550415, 1.1619418859481812, 1.1601637601852417, 1.165864109992981, 1.1696702241897583, 1.1681383848190308, 1.1625982522964478, 1.1585614681243896, 1.1590993404388428, 1.1654024124145508, 1.16267728805542, 1.1612505912780762, 1.157257080078125, 1.1568835973739624, 1.1618914604187012, 1.1691232919692993];[0.09176962822675705, 0.0955515056848526, 0.09529934823513031, 0.09460657089948654, 0.09444092959165573, 0.09789539128541946, 0.09475881606340408, 0.09379997849464417, 0.09490841627120972, 0.09488923847675323, 0.09305302798748016, 0.09427081793546677, 0.09262248128652573, 0.09358985722064972, 0.09616979956626892, 0.095464326441288, 0.09466877579689026, 0.0935119241476059, 0.09505925327539444, 0.09598539024591446, 0.09669219702482224, 0.09260641783475876, 0.09170099347829819, 0.09490980952978134, 0.09068150073289871, 0.09520629793405533, 0.0920797660946846, 0.09179092943668365, 0.09195258468389511, 0.09207756817340851, 0.09652361273765564];[-2.1378378868103027, -2.150909900665283, -2.157674789428711, -2.1591250896453857, -2.1538002490997314, -2.1636948585510254, -2.147714614868164, -2.1481499671936035, -2.166407585144043, -2.1580867767333984, -2.1444952487945557, -2.162670373916626, -2.1372084617614746, -2.147341728210449, -2.165494203567505, -2.1499292850494385, -2.1584925651550293, -2.1507728099823, -2.1521382331848145, -2.162121057510376, -2.150644063949585, -2.1394200325012207, -2.1330416202545166, -2.14333438873291, -2.12381649017334, -2.150709867477417, -2.131019353866577, -2.137155294418335, -2.118901014328003, -2.142547369003296, -2.143646478652954];[];709.6752831935883
1350;[1.609508752822876, 1.6181384325027466, 1.614326000213623, 1.6118375062942505, 1.6128307580947876, 1.6215345859527588, 1.613494873046875, 1.6124001741409302, 1.6171096563339233, 1.6155873537063599, 1.612362265586853, 1.6127129793167114, 1.6103812456130981, 1.6084064245224, 1.6175365447998047, 1.614240288734436, 1.6123690605163574, 1.6122413873672485, 1.6159722805023193, 1.6198054552078247, 1.6168633699417114, 1.6131887435913086, 1.609945297241211, 1.6085424423217773, 1.615492820739746, 1.6137831211090088, 1.6117253303527832, 1.6091996431350708, 1.6068679094314575, 1.6130361557006836, 1.6176767349243164];[0.19505362212657928, 0.1965993195772171, 0.1975497603416443, 0.19763389229774475, 0.1969730705022812, 0.19790750741958618, 0.1962919533252716, 0.19522298872470856, 0.19628918170928955, 0.1969682276248932, 0.19573380053043365, 0.19722166657447815, 0.19570830464363098, 0.19729231297969818, 0.19710876047611237, 0.19628681242465973, 0.19688718020915985, 0.1970776915550232, 0.19639728963375092, 0.19718235731124878, 0.19669592380523682, 0.19484135508537292, 0.19486699998378754, 0.1969366818666458, 0.19236373901367188, 0.19751183688640594, 0.19451865553855896, 0.19584423303604126, 0.19524064660072327, 0.19477055966854095, 0.197462260723114];[-4.322299003601074, -4.318533420562744, -4.344810962677002, -4.3586249351501465, -4.348288536071777, -4.328983783721924, -4.313694953918457, -4.315210819244385, -4.345949649810791, -4.3401031494140625, -4.324477672576904, -4.3492536544799805, -4.30917501449585, -4.344973564147949, -4.342997074127197, -4.306907653808594, -4.341626167297363, -4.344242095947266, -4.315910816192627, -4.334856986999512, -4.298679351806641, -4.315948009490967, -4.3093461990356445, -4.301156044006348, -4.27531623840332, -4.327218055725098, -4.288845539093018, -4.322428226470947, -4.2791242599487305, -4.322419166564941, -4.289965629577637];[];701.9806127548218
1400;[1.164467453956604, 1.16215181350708, 1.173355221748352, 1.1646181344985962, 1.1664326190948486, 1.1650744676589966, 1.1607954502105713, 1.1676777601242065, 1.1699657440185547, 1.1674911975860596, 1.171139121055603, 1.166532278060913, 1.1652662754058838, 1.166688323020935, 1.1747210025787354, 1.1674271821975708, 1.170165777206421, 1.1644947528839111, 1.1672215461730957, 1.167176365852356, 1.1697980165481567, 1.1607662439346313, 1.1644186973571777, 1.1597555875778198, 1.1711978912353516, 1.1636462211608887, 1.1578375101089478, 1.168086290359497, 1.1700862646102905, 1.1646292209625244, 1.1658841371536255];[0.09369491785764694, 0.0908922478556633, 0.09707970917224884, 0.0898490846157074, 0.09283456206321716, 0.09146855771541595, 0.09210017323493958, 0.08995852619409561, 0.09452918916940689, 0.0925048291683197, 0.0935477539896965, 0.09281635284423828, 0.09194810688495636, 0.09340418875217438, 0.0977267324924469, 0.09481239318847656, 0.0958794578909874, 0.09420544654130936, 0.09561686962842941, 0.09807556867599487, 0.0967186912894249, 0.09213897585868835, 0.09369257837533951, 0.08998046070337296, 0.09647109359502792, 0.09194055944681168, 0.08957809954881668, 0.09395266324281693, 0.09522657841444016, 0.09330982714891434, 0.09426236152648926];[-2.1511895656585693, -2.127241611480713, -2.152129888534546, -2.1091768741607666, -2.1197025775909424, -2.114259719848633, -2.118708610534668, -2.104609489440918, -2.126112937927246, -2.128373622894287, -2.129610061645508, -2.1327877044677734, -2.126699686050415, -2.1298153400421143, -2.1730716228485107, -2.1457018852233887, -2.152182102203369, -2.1356070041656494, -2.1464266777038574, -2.1709752082824707, -2.148221969604492, -2.132235288619995, -2.1366195678710938, -2.1111459732055664, -2.1499252319335938, -2.1184098720550537, -2.1144015789031982, -2.137897253036499, -2.1381208896636963, -2.1322977542877197, -2.1421658992767334];[];695.4043118953705
1400;[1.6167819499969482, 1.613662838935852, 1.6234381198883057, 1.6148290634155273, 1.616858959197998, 1.6151349544525146, 1.6122033596038818, 1.616925835609436, 1.6190741062164307, 1.6182326078414917, 1.6197214126586914, 1.616428017616272, 1.6167497634887695, 1.6165812015533447, 1.623119592666626, 1.6166645288467407, 1.6194472312927246, 1.6150593757629395, 1.6163311004638672, 1.6175589561462402, 1.6183987855911255, 1.6110130548477173, 1.6140410900115967, 1.60977303981781, 1.6207886934280396, 1.6131072044372559, 1.6086000204086304, 1.6180992126464844, 1.619962215423584, 1.6147956848144531, 1.616702914237976];[0.19621329009532928, 0.193919375538826, 0.19690778851509094, 0.19181011617183685, 0.19459353387355804, 0.193283349275589, 0.19511660933494568, 0.19111105799674988, 0.1951388716697693, 0.19429321587085724, 0.1936264932155609, 0.1941489577293396, 0.1939714550971985, 0.19503478705883026, 0.19701063632965088, 0.19525983929634094, 0.19611547887325287, 0.19566243886947632, 0.1965855211019516, 0.19925172626972198, 0.19630709290504456, 0.19460755586624146, 0.19537177681922913, 0.1921396404504776, 0.19682255387306213, 0.19352799654006958, 0.19272632896900177, 0.19421875476837158, 0.19633138179779053, 0.19485770165920258, 0.19568392634391785];[-4.33158016204834, -4.288488864898682, -4.290168285369873, -4.233345031738281, -4.24644136428833, -4.235497951507568, -4.264969825744629, -4.2127509117126465, -4.245533466339111, -4.267107963562012, -4.25552225112915, -4.271636486053467, -4.269298553466797, -4.26663064956665, -4.316179275512695, -4.29340124130249, -4.297205448150635, -4.280589580535889, -4.297828674316406, -4.343714237213135, -4.281027317047119, -4.289557456970215, -4.279755115509033, -4.241968631744385, -4.299682140350342, -4.243893623352051, -4.26092004776001, -4.2582550048828125, -4.267453193664551, -4.2733845710754395, -4.293081760406494];[];699.9954092502594
1450;[1.1635409593582153, 1.157185673713684, 1.1617146730422974, 1.1647406816482544, 1.1618515253067017, 1.1638551950454712, 1.1643446683883667, 1.1608506441116333, 1.1580148935317993, 1.1551400423049927, 1.1594469547271729, 1.1631947755813599, 1.1616616249084473, 1.1620001792907715, 1.163211703300476, 1.158812403678894, 1.1582869291305542, 1.1606632471084595, 1.1554670333862305, 1.1625869274139404, 1.1535111665725708, 1.1589301824569702, 1.1600171327590942, 1.1606897115707397, 1.1642824411392212, 1.1605850458145142, 1.1625077724456787, 1.161428689956665, 1.1571049690246582, 1.1608723402023315, 1.1600346565246582];[0.0940161719918251, 0.09155209362506866, 0.09354151785373688, 0.09218664467334747, 0.09406200051307678, 0.09409080445766449, 0.09336185455322266, 0.09130741655826569, 0.09127936512231827, 0.09188606590032578, 0.09240982681512833, 0.09454870969057083, 0.09381815046072006, 0.09142833203077316, 0.09455680847167969, 0.09209723025560379, 0.09374780207872391, 0.09352806955575943, 0.08955476433038712, 0.09349486976861954, 0.091706283390522, 0.09285134822130203, 0.093302421271801, 0.09352967888116837, 0.09679248183965683, 0.09356187283992767, 0.09231171756982803, 0.09095906466245651, 0.09240974485874176, 0.08995578438043594, 0.0894245132803917];[-2.1458942890167236, -2.1325526237487793, -2.1256513595581055, -2.139941453933716, -2.1437997817993164, -2.1441924571990967, -2.138176441192627, -2.131472587585449, -2.1290624141693115, -2.1323564052581787, -2.1404874324798584, -2.1518657207489014, -2.1404805183410645, -2.1198012828826904, -2.1566569805145264, -2.1352314949035645, -2.1643500328063965, -2.1471447944641113, -2.1232728958129883, -2.1439836025238037, -2.1297614574432373, -2.1446900367736816, -2.1477534770965576, -2.1446571350097656, -2.152147054672241, -2.141026020050049, -2.129617691040039, -2.1226565837860107, -2.1284971237182617, -2.1125686168670654, -2.1225292682647705];[];695.3518152236938
1450;[1.614525556564331, 1.6085700988769531, 1.6110799312591553, 1.614139199256897, 1.6124224662780762, 1.61551034450531, 1.6143075227737427, 1.6128805875778198, 1.6096038818359375, 1.6078979969024658, 1.611509084701538, 1.6128078699111938, 1.6122312545776367, 1.6129378080368042, 1.6146776676177979, 1.6113317012786865, 1.6127822399139404, 1.6124950647354126, 1.6070630550384521, 1.6144260168075562, 1.6043322086334229, 1.611815094947815, 1.6118501424789429, 1.6123149394989014, 1.6143698692321777, 1.6126272678375244, 1.6138384342193604, 1.6126203536987305, 1.6098426580429077, 1.6128016710281372, 1.612682819366455];[0.19652405381202698, 0.19505512714385986, 0.1956986039876938, 0.19427751004695892, 0.1964174211025238, 0.1966882348060608, 0.19549137353897095, 0.19474193453788757, 0.19495625793933868, 0.1965123862028122, 0.19578216969966888, 0.1963699460029602, 0.19588197767734528, 0.1942634880542755, 0.1969342827796936, 0.19631311297416687, 0.19815164804458618, 0.19637176394462585, 0.19352157413959503, 0.19604866206645966, 0.1951650232076645, 0.19670285284519196, 0.19681116938591003, 0.19655680656433105, 0.1981019526720047, 0.19666750729084015, 0.19489595293998718, 0.19390064477920532, 0.19683486223220825, 0.19334489107131958, 0.1933409422636032];[-4.317948341369629, -4.314408302307129, -4.27274751663208, -4.298336982727051, -4.318660736083984, -4.317545413970947, -4.300211429595947, -4.298769950866699, -4.306576251983643, -4.326290130615234, -4.322314739227295, -4.336169719696045, -4.3096137046813965, -4.278778553009033, -4.339673042297363, -4.312548637390137, -4.389289855957031, -4.335186958312988, -4.303255081176758, -4.325263977050781, -4.314335823059082, -4.344945430755615, -4.3442206382751465, -4.331648826599121, -4.322227478027344, -4.329343795776367, -4.287281513214111, -4.282156467437744, -4.309860706329346, -4.266839027404785, -4.296627521514893];[];694.9015941619873
1500;[1.1665245294570923, 1.1633498668670654, 1.1546558141708374, 1.1614699363708496, 1.1639912128448486, 1.1631325483322144, 1.1633745431900024, 1.1693310737609863, 1.1619031429290771, 1.1654161214828491, 1.1595544815063477, 1.1581634283065796, 1.1636520624160767, 1.1638317108154297, 1.164734959602356, 1.1627577543258667, 1.155037522315979, 1.1669209003448486, 1.1655703783035278, 1.1604413986206055, 1.161597728729248, 1.1576193571090698, 1.1602413654327393, 1.1616376638412476, 1.1581604480743408, 1.1558514833450317, 1.1618679761886597, 1.1591219902038574, 1.1699453592300415, 1.163839340209961, 1.1627105474472046];[0.09365392476320267, 0.0937608927488327, 0.09147761017084122, 0.0940246433019638, 0.09517581760883331, 0.09551647305488586, 0.0935135930776596, 0.09591826051473618, 0.09374318271875381, 0.09570376574993134, 0.09241993725299835, 0.09252335131168365, 0.09292390197515488, 0.09650712460279465, 0.0931503027677536, 0.09422115981578827, 0.09371940791606903, 0.09509386867284775, 0.09619546681642532, 0.09218348562717438, 0.09332830458879471, 0.09256269782781601, 0.09126558154821396, 0.09309282898902893, 0.09198588132858276, 0.09069757908582687, 0.09488002955913544, 0.09267967939376831, 0.09509939700365067, 0.09572982788085938, 0.09564505517482758];[-2.1319963932037354, -2.1486868858337402, -2.1375205516815186, -2.1513702869415283, -2.1567625999450684, -2.15163254737854, -2.146172285079956, -2.1515865325927734, -2.1376171112060547, -2.1536381244659424, -2.1367404460906982, -2.1302356719970703, -2.1414694786071777, -2.1538872718811035, -2.146907091140747, -2.1492886543273926, -2.151787281036377, -2.146524429321289, -2.1598751544952393, -2.1285126209259033, -2.144946336746216, -2.1442389488220215, -2.1371684074401855, -2.134260654449463, -2.139486789703369, -2.1189582347869873, -2.1558926105499268, -2.1491143703460693, -2.146899938583374, -2.1580636501312256, -2.1536943912506104];[];707.5952579975128
1500;[1.6163192987442017, 1.6139203310012817, 1.6067854166030884, 1.612853765487671, 1.6151827573776245, 1.6137254238128662, 1.6154073476791382, 1.6201202869415283, 1.6132218837738037, 1.615196943283081, 1.6112792491912842, 1.6089837551116943, 1.6141459941864014, 1.6136329174041748, 1.61525559425354, 1.6137142181396484, 1.6068980693817139, 1.6167608499526978, 1.6154118776321411, 1.6118268966674805, 1.6131577491760254, 1.609815239906311, 1.6118565797805786, 1.611796259880066, 1.610731601715088, 1.6066839694976807, 1.6129640340805054, 1.610451102256775, 1.6194435358047485, 1.6151784658432007, 1.6129000186920166];[0.19545011222362518, 0.19566330313682556, 0.19579528272151947, 0.19683314859867096, 0.19742316007614136, 0.19762369990348816, 0.19617266952991486, 0.19774603843688965, 0.19629395008087158, 0.19680416584014893, 0.1962670534849167, 0.19566002488136292, 0.19473016262054443, 0.19809909164905548, 0.1947886347770691, 0.19627457857131958, 0.19774875044822693, 0.19639061391353607, 0.19740943610668182, 0.19562175869941711, 0.19592851400375366, 0.1961580514907837, 0.19434280693531036, 0.19506779313087463, 0.19588911533355713, 0.19416065514087677, 0.19741736352443695, 0.1957104504108429, 0.19541622698307037, 0.19786880910396576, 0.19728021323680878];[-4.282301902770996, -4.328385829925537, -4.335042476654053, -4.344869136810303, -4.350256443023682, -4.331916809082031, -4.323764801025391, -4.319063663482666, -4.310746669769287, -4.318554401397705, -4.3196024894714355, -4.294682502746582, -4.300230026245117, -4.327866554260254, -4.321066379547119, -4.322996616363525, -4.36060094833374, -4.3109025955200195, -4.337362289428711, -4.29586124420166, -4.323580265045166, -4.336244583129883, -4.316564559936523, -4.29344367980957, -4.326089382171631, -4.277658462524414, -4.346240043640137, -4.345444679260254, -4.293737888336182, -4.341891765594482, -4.325657367706299];[];698.3076298236847
1550;[1.158615231513977, 1.1659162044525146, 1.1670022010803223, 1.1600600481033325, 1.1748664379119873, 1.1590534448623657, 1.1597177982330322, 1.1677048206329346, 1.1615238189697266, 1.1702756881713867, 1.1629661321640015, 1.160263180732727, 1.1674526929855347, 1.161340594291687, 1.1709859371185303, 1.1571035385131836, 1.166031002998352, 1.1667349338531494, 1.17316472530365, 1.1644763946533203, 1.1787843704223633, 1.1725350618362427, 1.1699587106704712, 1.1688989400863647, 1.1701955795288086, 1.16314697265625, 1.1707442998886108, 1.1674646139144897, 1.166163682937622, 1.1614999771118164, 1.1682884693145752];[0.09041145443916321, 0.09676649421453476, 0.09644240140914917, 0.09302134066820145, 0.097519151866436, 0.09314756095409393, 0.09541928768157959, 0.09673230350017548, 0.09409523755311966, 0.0974077433347702, 0.09508169442415237, 0.0924760028719902, 0.09673071652650833, 0.09465595334768295, 0.09822504967451096, 0.09242969006299973, 0.09624640643596649, 0.09561646729707718, 0.0983620211482048, 0.09459351748228073, 0.10349330306053162, 0.10228216648101807, 0.09803612530231476, 0.0966784805059433, 0.1004614382982254, 0.09761565923690796, 0.09867216646671295, 0.09793723374605179, 0.09722846001386642, 0.09704223275184631, 0.09808927029371262];[-2.1329185962677, -2.1658010482788086, -2.15869140625, -2.142225980758667, -2.168276309967041, -2.139202833175659, -2.1526334285736084, -2.1617045402526855, -2.1501986980438232, -2.157695770263672, -2.1566414833068848, -2.1489570140838623, -2.175180196762085, -2.1575307846069336, -2.167144298553467, -2.1490235328674316, -2.1617050170898438, -2.1586599349975586, -2.167524576187134, -2.15395450592041, -2.210265874862671, -2.2067437171936035, -2.1645214557647705, -2.1614441871643066, -2.1925177574157715, -2.1700100898742676, -2.175734043121338, -2.181927442550659, -2.1688179969787598, -2.167867660522461, -2.173039436340332];[];706.4841957092285
1550;[1.6102544069290161, 1.6158864498138428, 1.6176207065582275, 1.6118755340576172, 1.6240662336349487, 1.6093742847442627, 1.6111053228378296, 1.617274284362793, 1.6124430894851685, 1.6193009614944458, 1.6132208108901978, 1.6119924783706665, 1.6172418594360352, 1.6121635437011719, 1.6189523935317993, 1.6098822355270386, 1.6143921613693237, 1.6165356636047363, 1.6222535371780396, 1.6138079166412354, 1.626390814781189, 1.6206485033035278, 1.6172661781311035, 1.6175055503845215, 1.6179364919662476, 1.6121699810028076, 1.6196352243423462, 1.617761254310608, 1.615872859954834, 1.6108713150024414, 1.6183817386627197];[0.19354327023029327, 0.19802428781986237, 0.19816771149635315, 0.1964276283979416, 0.1974615752696991, 0.1956067681312561, 0.1986740380525589, 0.19760215282440186, 0.19620275497436523, 0.19754858314990997, 0.19705817103385925, 0.1953527182340622, 0.19765131175518036, 0.19703276455402374, 0.1981688141822815, 0.19660861790180206, 0.19655171036720276, 0.19673271477222443, 0.19804202020168304, 0.19641681015491486, 0.20153413712978363, 0.20190292596817017, 0.19713245332241058, 0.1967613250017166, 0.19984972476959229, 0.19921697676181793, 0.19865554571151733, 0.19888970255851746, 0.19845090806484222, 0.19874007999897003, 0.19907614588737488];[-4.312475681304932, -4.34765100479126, -4.32988166809082, -4.321191310882568, -4.31825065612793, -4.301863193511963, -4.341333866119385, -4.340469837188721, -4.332161903381348, -4.3091044425964355, -4.329199314117432, -4.335759162902832, -4.346795082092285, -4.343268394470215, -4.326071262359619, -4.351240158081055, -4.336613655090332, -4.333141803741455, -4.328277111053467, -4.329788684844971, -4.394951343536377, -4.3995866775512695, -4.316687107086182, -4.330593109130859, -4.378365993499756, -4.355628490447998, -4.345036029815674, -4.374288082122803, -4.351163864135742, -4.365038871765137, -4.358372211456299];[];705.5592722892761
1600;[1.159806489944458, 1.1690993309020996, 1.1656322479248047, 1.1635934114456177, 1.1609059572219849, 1.1659409999847412, 1.1645814180374146, 1.1639163494110107, 1.161049246788025, 1.1636877059936523, 1.1529359817504883, 1.1659483909606934, 1.1575415134429932, 1.1632717847824097, 1.1620467901229858, 1.1631581783294678, 1.1581175327301025, 1.1607215404510498, 1.159859538078308, 1.156083345413208, 1.164089560508728, 1.1640714406967163, 1.1569328308105469, 1.157516598701477, 1.158782958984375, 1.1600022315979004, 1.162097454071045, 1.1559394598007202, 1.1534614562988281, 1.1658095121383667, 1.1547267436981201];[0.09130459278821945, 0.09571518003940582, 0.09520788490772247, 0.09320542961359024, 0.09203456342220306, 0.09597662091255188, 0.09481801092624664, 0.09412866830825806, 0.09114529192447662, 0.09565583616495132, 0.09125930815935135, 0.09455400705337524, 0.09186289459466934, 0.09322953969240189, 0.0943838357925415, 0.09325628727674484, 0.09220420569181442, 0.09376832842826843, 0.09186243265867233, 0.09048338234424591, 0.09263792634010315, 0.0913875475525856, 0.0929078459739685, 0.09015221893787384, 0.09100516140460968, 0.09142564237117767, 0.09077790379524231, 0.09181570261716843, 0.08913839608430862, 0.09402008354663849, 0.0893566906452179];[-2.131796360015869, -2.1751489639282227, -2.164461612701416, -2.1429100036621094, -2.131472110748291, -2.1504392623901367, -2.1519341468811035, -2.1475155353546143, -2.1335575580596924, -2.154114007949829, -2.129697799682617, -2.1455342769622803, -2.114922046661377, -2.1428534984588623, -2.1500937938690186, -2.139857769012451, -2.128068208694458, -2.143855094909668, -2.1349589824676514, -2.1238982677459717, -2.1342356204986572, -2.1218245029449463, -2.129018545150757, -2.123044729232788, -2.1348936557769775, -2.125128746032715, -2.1142053604125977, -2.1250946521759033, -2.1084768772125244, -2.134657621383667, -2.12174654006958];[];713.9224305152893
1600;[1.6101186275482178, 1.6214690208435059, 1.6181696653366089, 1.6138460636138916, 1.6129977703094482, 1.6170917749404907, 1.6158369779586792, 1.6167125701904297, 1.612379550933838, 1.6146655082702637, 1.605484127998352, 1.6160634756088257, 1.6081790924072266, 1.6151084899902344, 1.6131783723831177, 1.6146401166915894, 1.609863519668579, 1.6112126111984253, 1.6118206977844238, 1.6087208986282349, 1.615106225013733, 1.6139042377471924, 1.6079598665237427, 1.609866976737976, 1.6103413105010986, 1.6113266944885254, 1.6133493185043335, 1.6081801652908325, 1.6064385175704956, 1.6170275211334229, 1.6077722311019897];[0.19378677010536194, 0.19818249344825745, 0.1976371854543686, 0.1951979398727417, 0.19539058208465576, 0.19808730483055115, 0.19694171845912933, 0.19700981676578522, 0.19387602806091309, 0.19772006571292877, 0.19602155685424805, 0.19551758468151093, 0.19516927003860474, 0.19620239734649658, 0.19648554921150208, 0.1956808716058731, 0.19581399857997894, 0.19633063673973083, 0.19544225931167603, 0.19484251737594604, 0.1948951631784439, 0.19316615164279938, 0.19585749506950378, 0.19370822608470917, 0.19448234140872955, 0.19441571831703186, 0.19362658262252808, 0.1959252953529358, 0.19423431158065796, 0.19551068544387817, 0.19402334094047546];[-4.294802665710449, -4.366421699523926, -4.355954170227051, -4.314310073852539, -4.300915241241455, -4.322239875793457, -4.335028648376465, -4.328271389007568, -4.304698467254639, -4.339399814605713, -4.321503639221191, -4.30221700668335, -4.269017696380615, -4.325436115264893, -4.332696437835693, -4.301525115966797, -4.295753479003906, -4.32551908493042, -4.317604064941406, -4.30314826965332, -4.2983317375183105, -4.263136863708496, -4.296420097351074, -4.287332057952881, -4.309455394744873, -4.288248538970947, -4.2593536376953125, -4.301348686218262, -4.271240711212158, -4.2905964851379395, -4.305018424987793];[];717.9671568870544
1650;[1.1642259359359741, 1.1587811708450317, 1.1595938205718994, 1.1623587608337402, 1.160129427909851, 1.1606048345565796, 1.1580756902694702, 1.1665146350860596, 1.1683480739593506, 1.1652666330337524, 1.1606050729751587, 1.1654740571975708, 1.1659467220306396, 1.1648296117782593, 1.1681419610977173, 1.1693034172058105, 1.1558481454849243, 1.1621425151824951, 1.1676758527755737, 1.1601881980895996, 1.1610937118530273, 1.1640177965164185, 1.166100025177002, 1.162131428718567, 1.168367862701416, 1.1609734296798706, 1.1692264080047607, 1.1644266843795776, 1.1711043119430542, 1.161908745765686, 1.165688395500183];[0.09198852628469467, 0.09172207862138748, 0.09315303713083267, 0.09192001074552536, 0.09278150647878647, 0.09314370155334473, 0.09333406388759613, 0.09480707347393036, 0.09470603615045547, 0.09458319842815399, 0.09271951764822006, 0.09074339270591736, 0.09284911304712296, 0.09244217723608017, 0.09577938169240952, 0.09667659550905228, 0.09171637147665024, 0.09325819462537766, 0.09504226595163345, 0.0944957509636879, 0.09616059809923172, 0.09493344277143478, 0.09504781663417816, 0.09241703152656555, 0.09871899336576462, 0.0932292714715004, 0.09462827444076538, 0.09321632981300354, 0.09663558751344681, 0.09475608915090561, 0.09423676878213882];[-2.130429744720459, -2.139986991882324, -2.1469805240631104, -2.135535717010498, -2.130159378051758, -2.1365787982940674, -2.138096332550049, -2.1477222442626953, -2.1442410945892334, -2.1463661193847656, -2.144437074661255, -2.1197755336761475, -2.13577938079834, -2.1284067630767822, -2.146385431289673, -2.1540045738220215, -2.134300708770752, -2.1300997734069824, -2.145742654800415, -2.143359422683716, -2.1579055786132812, -2.1528966426849365, -2.16079044342041, -2.1409246921539307, -2.167167901992798, -2.143948793411255, -2.1427271366119385, -2.1338279247283936, -2.1532862186431885, -2.1611948013305664, -2.139552354812622];[];725.5572440624237
1650;[1.614269733428955, 1.6109377145767212, 1.6121892929077148, 1.6141375303268433, 1.61143958568573, 1.612680196762085, 1.608553409576416, 1.6159921884536743, 1.6179145574569702, 1.6155027151107788, 1.613097906112671, 1.6144171953201294, 1.617360234260559, 1.615409255027771, 1.6176435947418213, 1.6190180778503418, 1.6078709363937378, 1.6124060153961182, 1.618192195892334, 1.6104992628097534, 1.6123266220092773, 1.614653468132019, 1.6177257299423218, 1.612795352935791, 1.6183757781982422, 1.6114083528518677, 1.6188331842422485, 1.6140267848968506, 1.6193373203277588, 1.6146472692489624, 1.616055965423584];[0.1941642165184021, 0.1951177418231964, 0.19687721133232117, 0.19467206299304962, 0.19568227231502533, 0.1968781054019928, 0.1958598494529724, 0.19579735398292542, 0.19524680078029633, 0.19642511010169983, 0.1963549554347992, 0.19210810959339142, 0.19513294100761414, 0.19459742307662964, 0.19668741524219513, 0.19742782413959503, 0.19548746943473816, 0.19536510109901428, 0.19589559733867645, 0.19642557203769684, 0.1982852667570114, 0.1969425529241562, 0.19712220132350922, 0.19455641508102417, 0.19962367415428162, 0.19539082050323486, 0.19547055661678314, 0.19498834013938904, 0.19613304734230042, 0.19780027866363525, 0.19588075578212738];[-4.280521392822266, -4.330105781555176, -4.343990325927734, -4.306149482727051, -4.292874336242676, -4.303971290588379, -4.310138702392578, -4.306625843048096, -4.294551849365234, -4.309653282165527, -4.332513332366943, -4.251526355743408, -4.2918381690979, -4.279313564300537, -4.309185981750488, -4.319057941436768, -4.316511154174805, -4.280110836029053, -4.305289268493652, -4.310768127441406, -4.348925590515137, -4.335281848907471, -4.346897602081299, -4.315135955810547, -4.349461078643799, -4.316349506378174, -4.281601428985596, -4.275775909423828, -4.304080009460449, -4.360948085784912, -4.291354179382324];[];730.8694016933441
1700;[1.1681956052780151, 1.1616803407669067, 1.1649712324142456, 1.1589618921279907, 1.1605671644210815, 1.1705294847488403, 1.164577841758728, 1.160884976387024, 1.1644690036773682, 1.1715049743652344, 1.168633222579956, 1.1635557413101196, 1.1564288139343262, 1.1612765789031982, 1.1622041463851929, 1.169363260269165, 1.1680058240890503, 1.1684093475341797, 1.164780616760254, 1.1593536138534546, 1.1555979251861572, 1.1581599712371826, 1.1622686386108398, 1.1602675914764404, 1.1548449993133545, 1.167800784111023, 1.1600143909454346, 1.1613357067108154, 1.1581941843032837, 1.1526869535446167, 1.166082501411438];[0.0963936597108841, 0.09383054822683334, 0.09480322152376175, 0.09338094294071198, 0.09303441643714905, 0.09694917500019073, 0.09468313306570053, 0.09082681685686111, 0.09298454225063324, 0.09750489145517349, 0.09522025287151337, 0.09109268337488174, 0.09079603850841522, 0.09404690563678741, 0.09122034907341003, 0.09496477246284485, 0.09501637518405914, 0.09674032777547836, 0.09652358293533325, 0.0924006775021553, 0.09251163899898529, 0.0928427055478096, 0.09488940984010696, 0.09450269490480423, 0.09318862855434418, 0.09552764147520065, 0.09216815233230591, 0.09640740603208542, 0.09317198395729065, 0.09262695908546448, 0.09788955748081207];[-2.157174825668335, -2.1372687816619873, -2.146190881729126, -2.148010492324829, -2.134096145629883, -2.1549618244171143, -2.1440916061401367, -2.123380661010742, -2.121297836303711, -2.170945882797241, -2.1479814052581787, -2.1215884685516357, -2.1253886222839355, -2.134917974472046, -2.1262929439544678, -2.150360584259033, -2.1494154930114746, -2.1660726070404053, -2.1717469692230225, -2.1306307315826416, -2.139333724975586, -2.1442291736602783, -2.1491377353668213, -2.1607213020324707, -2.1510298252105713, -2.1548757553100586, -2.140115976333618, -2.170771598815918, -2.154644727706909, -2.1443755626678467, -2.169654130935669];[];742.1739814281464
1700;[1.6186606884002686, 1.6119999885559082, 1.6158844232559204, 1.6117138862609863, 1.611140251159668, 1.6199756860733032, 1.6152851581573486, 1.6113120317459106, 1.6135092973709106, 1.620521903038025, 1.6193828582763672, 1.6139596700668335, 1.6072126626968384, 1.612805962562561, 1.6128531694412231, 1.6182458400726318, 1.6180951595306396, 1.617462396621704, 1.6158305406570435, 1.6096611022949219, 1.6065442562103271, 1.609508991241455, 1.6122205257415771, 1.612364649772644, 1.6066852807998657, 1.6176350116729736, 1.6119343042373657, 1.6137909889221191, 1.6089049577713013, 1.604902982711792, 1.6160728931427002];[0.19752854108810425, 0.19605383276939392, 0.19650542736053467, 0.19750164449214935, 0.19566333293914795, 0.1979837715625763, 0.19636505842208862, 0.19373974204063416, 0.19430045783519745, 0.19749094545841217, 0.19667105376720428, 0.1925942450761795, 0.19426417350769043, 0.19684277474880219, 0.19335395097732544, 0.19509436190128326, 0.1963794082403183, 0.19695425033569336, 0.19828487932682037, 0.19531014561653137, 0.1961684226989746, 0.19612665474414825, 0.1965799480676651, 0.19769978523254395, 0.1973678320646286, 0.19655947387218475, 0.19533458352088928, 0.19936832785606384, 0.19604502618312836, 0.19731897115707397, 0.19930565357208252];[-4.327211380004883, -4.306890964508057, -4.313086986541748, -4.350961685180664, -4.296929836273193, -4.306159973144531, -4.311788558959961, -4.277299880981445, -4.249373912811279, -4.338274955749512, -4.3062920570373535, -4.259266376495361, -4.294198513031006, -4.301847457885742, -4.276579856872559, -4.302469253540039, -4.309030055999756, -4.3424859046936035, -4.369128704071045, -4.289609432220459, -4.3302202224731445, -4.331326961517334, -4.330251693725586, -4.356800556182861, -4.370133399963379, -4.319297790527344, -4.3317036628723145, -4.386364459991455, -4.3569841384887695, -4.3572998046875, -4.35837984085083];[];735.3285157680511
1750;[1.1624755859375, 1.1602462530136108, 1.1687302589416504, 1.16585373878479, 1.168799877166748, 1.1588666439056396, 1.1691642999649048, 1.1648190021514893, 1.1731197834014893, 1.1627494096755981, 1.1676698923110962, 1.1646558046340942, 1.1718151569366455, 1.1630841493606567, 1.1610512733459473, 1.1714423894882202, 1.1738650798797607, 1.162158489227295, 1.1612403392791748, 1.168290376663208, 1.1642916202545166, 1.1713910102844238, 1.1679199934005737, 1.161536455154419, 1.1667201519012451, 1.1594196557998657, 1.161091685295105, 1.162389874458313, 1.1661922931671143, 1.161661148071289, 1.1616342067718506];[0.09426560997962952, 0.09142746031284332, 0.0954546108841896, 0.09425114095211029, 0.09608929604291916, 0.09088894724845886, 0.09403907507658005, 0.09229724854230881, 0.09743618220090866, 0.09397201240062714, 0.09356457740068436, 0.09215948730707169, 0.09619040042161942, 0.09284354001283646, 0.09396340698003769, 0.09920351207256317, 0.09629330784082413, 0.09512634575366974, 0.09042517840862274, 0.0960645005106926, 0.09299471229314804, 0.09537409245967865, 0.09489593654870987, 0.09098781645298004, 0.09298660606145859, 0.09302261471748352, 0.09011855721473694, 0.0918884426355362, 0.09441331773996353, 0.09293795377016068, 0.09345269948244095];[-2.1458067893981934, -2.1362407207489014, -2.1349141597747803, -2.1406471729278564, -2.161130428314209, -2.1287503242492676, -2.1369996070861816, -2.136732339859009, -2.164313316345215, -2.140794038772583, -2.129750967025757, -2.1265766620635986, -2.157846212387085, -2.1342668533325195, -2.132274866104126, -2.1774611473083496, -2.150378704071045, -2.1490440368652344, -2.1203980445861816, -2.148681640625, -2.1337435245513916, -2.15556263923645, -2.1399240493774414, -2.1210219860076904, -2.123852014541626, -2.1402244567871094, -2.1170291900634766, -2.129499673843384, -2.1543352603912354, -2.131337881088257, -2.13779616355896];[];720.6721701622009
1750;[1.6131582260131836, 1.611862063407898, 1.6175533533096313, 1.616235613822937, 1.6195623874664307, 1.6098623275756836, 1.6190632581710815, 1.6146082878112793, 1.6220163106918335, 1.6125812530517578, 1.6167713403701782, 1.6157070398330688, 1.6201422214508057, 1.6143141984939575, 1.6101577281951904, 1.6217108964920044, 1.6237801313400269, 1.6131484508514404, 1.6126309633255005, 1.6175981760025024, 1.6158688068389893, 1.6202969551086426, 1.6183542013168335, 1.6121693849563599, 1.6156545877456665, 1.6118156909942627, 1.6127846240997314, 1.6141024827957153, 1.6171811819076538, 1.6131293773651123, 1.612363576889038];[0.1967126578092575, 0.19503158330917358, 0.19639402627944946, 0.1960892677307129, 0.1972063034772873, 0.19381967186927795, 0.19517366588115692, 0.19377346336841583, 0.1972380429506302, 0.19533783197402954, 0.19418086111545563, 0.19438199698925018, 0.19564154744148254, 0.19507120549678802, 0.1958106905221939, 0.19952304661273956, 0.19643419981002808, 0.19746893644332886, 0.19329093396663666, 0.19689641892910004, 0.19514979422092438, 0.19525146484375, 0.19628970324993134, 0.19312599301338196, 0.19384104013442993, 0.19660471379756927, 0.19299831986427307, 0.19449536502361298, 0.19627945125102997, 0.1956813633441925, 0.19571487605571747];[-4.3242878913879395, -4.320796966552734, -4.2664103507995605, -4.304297924041748, -4.329922676086426, -4.295643329620361, -4.27924108505249, -4.29203987121582, -4.304725646972656, -4.293643474578857, -4.263176918029785, -4.266653060913086, -4.289283275604248, -4.29946756362915, -4.27256965637207, -4.355773448944092, -4.285877227783203, -4.320856094360352, -4.2651448249816895, -4.301623821258545, -4.287801742553711, -4.28567361831665, -4.282123565673828, -4.265120506286621, -4.248656272888184, -4.319664001464844, -4.264571189880371, -4.285133361816406, -4.315729141235352, -4.281388759613037, -4.299768924713135];[];712.8577864170074
1800;[1.1714726686477661, 1.1597046852111816, 1.1600110530853271, 1.1609083414077759, 1.1624702215194702, 1.1620259284973145, 1.1585280895233154, 1.166128396987915, 1.1626482009887695, 1.1660596132278442, 1.1600239276885986, 1.163676142692566, 1.1587131023406982, 1.1661208868026733, 1.16470468044281, 1.16726553440094, 1.1596013307571411, 1.1696847677230835, 1.1692335605621338, 1.1754910945892334, 1.1648443937301636, 1.1629360914230347, 1.1762478351593018, 1.1647557020187378, 1.1753064393997192, 1.1651490926742554, 1.1655770540237427, 1.165021538734436, 1.165827989578247, 1.1734387874603271, 1.16068696975708];[0.0997229814529419, 0.0911371260881424, 0.09218155592679977, 0.08983255177736282, 0.09326241165399551, 0.09233035147190094, 0.09234587848186493, 0.09406577795743942, 0.09373413026332855, 0.095220185816288, 0.0905337929725647, 0.09480676054954529, 0.0924660786986351, 0.09548580646514893, 0.09503654390573502, 0.09460394829511642, 0.09207571297883987, 0.09581322222948074, 0.0952601358294487, 0.09699195623397827, 0.09445957094430923, 0.09492071717977524, 0.09789790958166122, 0.09136420488357544, 0.09703806787729263, 0.09606283903121948, 0.0950900986790657, 0.09355935454368591, 0.0929899737238884, 0.09975191950798035, 0.09204234182834625];[-2.1849939823150635, -2.1284477710723877, -2.134244680404663, -2.115919589996338, -2.1350677013397217, -2.135505437850952, -2.1342673301696777, -2.137648582458496, -2.1425886154174805, -2.145686388015747, -2.1148386001586914, -2.146569013595581, -2.1399037837982178, -2.143331527709961, -2.1502909660339355, -2.1490814685821533, -2.132362127304077, -2.147812843322754, -2.148852825164795, -2.1549768447875977, -2.1500492095947266, -2.1487491130828857, -2.2057621479034424, -2.125126838684082, -2.175668239593506, -2.1625680923461914, -2.1524064540863037, -2.146585702896118, -2.136233329772949, -2.174264907836914, -2.1279208660125732];[];720.7703635692596
1800;[1.6219420433044434, 1.6114373207092285, 1.6113433837890625, 1.6118805408477783, 1.6142823696136475, 1.6135503053665161, 1.6093902587890625, 1.6154321432113647, 1.6125679016113281, 1.6167351007461548, 1.6104686260223389, 1.6146286725997925, 1.610004186630249, 1.617498517036438, 1.6149016618728638, 1.6186027526855469, 1.610424280166626, 1.6177995204925537, 1.618733286857605, 1.6242058277130127, 1.614943027496338, 1.613405466079712, 1.6269439458847046, 1.6142150163650513, 1.622324824333191, 1.6153024435043335, 1.6176382303237915, 1.615647315979004, 1.6153336763381958, 1.6227717399597168, 1.611026406288147];[0.20051497220993042, 0.19448891282081604, 0.195456400513649, 0.1925952434539795, 0.1957157552242279, 0.19518564641475677, 0.195398211479187, 0.19490520656108856, 0.19530566036701202, 0.1968262791633606, 0.19293029606342316, 0.19682782888412476, 0.19543740153312683, 0.19744718074798584, 0.1966402679681778, 0.19614720344543457, 0.19495292007923126, 0.19563627243041992, 0.19625961780548096, 0.19627626240253448, 0.19567309319972992, 0.19674113392829895, 0.19803287088871002, 0.19277846813201904, 0.19589562714099884, 0.1975427120923996, 0.19746838510036469, 0.1953926682472229, 0.1944698691368103, 0.19940266013145447, 0.19469931721687317];[-4.355259895324707, -4.295304775238037, -4.310595512390137, -4.259449005126953, -4.296648025512695, -4.300177574157715, -4.304499626159668, -4.285411357879639, -4.302950859069824, -4.308372974395752, -4.24901008605957, -4.318874835968018, -4.320517063140869, -4.298529624938965, -4.314172744750977, -4.309673309326172, -4.299438953399658, -4.285478591918945, -4.29938268661499, -4.292989253997803, -4.310547828674316, -4.320814609527588, -4.380623817443848, -4.265711784362793, -4.315727710723877, -4.3417158126831055, -4.329814434051514, -4.309265613555908, -4.285191059112549, -4.330012798309326, -4.280152320861816];[];814.0174543857574
1850;[1.1653484106063843, 1.1643043756484985, 1.1597734689712524, 1.1595685482025146, 1.1672186851501465, 1.1592023372650146, 1.1610065698623657, 1.165048599243164, 1.1587413549423218, 1.1601823568344116, 1.1627840995788574, 1.1595675945281982, 1.1611994504928589, 1.1594599485397339, 1.1653239727020264, 1.1603071689605713, 1.171155571937561, 1.1624807119369507, 1.1586177349090576, 1.158216118812561, 1.1586520671844482, 1.1554057598114014, 1.1644173860549927, 1.164731502532959, 1.1651899814605713, 1.1567541360855103, 1.1585090160369873, 1.1573935747146606, 1.1574997901916504, 1.1678935289382935, 1.1646500825881958];[0.09370536357164383, 0.09429582208395004, 0.09117475152015686, 0.09483109414577484, 0.09501563757658005, 0.08962155133485794, 0.0927729532122612, 0.09480424970388412, 0.0906989574432373, 0.09136643260717392, 0.09230075031518936, 0.09326634556055069, 0.08982817828655243, 0.08881288021802902, 0.09267550706863403, 0.09018170833587646, 0.09648321568965912, 0.09293807297945023, 0.08911285549402237, 0.09051436185836792, 0.08884461224079132, 0.08927485346794128, 0.09180830419063568, 0.09137938916683197, 0.09148342162370682, 0.09033848345279694, 0.09024316072463989, 0.09016235917806625, 0.09052646905183792, 0.09435848891735077, 0.09369208663702011];[-2.14918851852417, -2.1363017559051514, -2.126217842102051, -2.147524833679199, -2.152461528778076, -2.1161630153656006, -2.139183282852173, -2.1484105587005615, -2.1238040924072266, -2.131059408187866, -2.1345088481903076, -2.1366827487945557, -2.110074520111084, -2.1094112396240234, -2.130438804626465, -2.1088132858276367, -2.1693670749664307, -2.124863386154175, -2.1153476238250732, -2.113006591796875, -2.1166937351226807, -2.1126480102539062, -2.1178810596466064, -2.1208462715148926, -2.119579792022705, -2.114201307296753, -2.1168832778930664, -2.121774911880493, -2.114448308944702, -2.144876718521118, -2.140943765640259];[];774.2048523426056
1850;[1.6164441108703613, 1.6137285232543945, 1.6105164289474487, 1.609593391418457, 1.617448329925537, 1.6109931468963623, 1.6127783060073853, 1.6151108741760254, 1.609627366065979, 1.6101651191711426, 1.6146618127822876, 1.6105595827102661, 1.6112236976623535, 1.6095340251922607, 1.6162229776382446, 1.610437273979187, 1.620237112045288, 1.6126331090927124, 1.6106066703796387, 1.6096282005310059, 1.6115251779556274, 1.607688069343567, 1.6146689653396606, 1.614813208580017, 1.6149929761886597, 1.6089650392532349, 1.6107205152511597, 1.6096203327178955, 1.6091883182525635, 1.6192165613174438, 1.6165443658828735];[0.19582338631153107, 0.1953917145729065, 0.19395479559898376, 0.19705238938331604, 0.19615814089775085, 0.19294396042823792, 0.19558677077293396, 0.19613464176654816, 0.19395330548286438, 0.19385720789432526, 0.19541555643081665, 0.19665741920471191, 0.19202850759029388, 0.19137948751449585, 0.19438551366329193, 0.19299566745758057, 0.19689694046974182, 0.19517077505588531, 0.19275134801864624, 0.1936998963356018, 0.19279080629348755, 0.19329243898391724, 0.19385863840579987, 0.1929924339056015, 0.19336704909801483, 0.19433273375034332, 0.19341234862804413, 0.1941567063331604, 0.19437380135059357, 0.1959058791399002, 0.19640494883060455];[-4.326255798339844, -4.289672374725342, -4.282748699188232, -4.318719863891602, -4.314466953277588, -4.269900798797607, -4.311599254608154, -4.315162181854248, -4.2878007888793945, -4.298033714294434, -4.298654079437256, -4.30759859085083, -4.245782375335693, -4.244829177856445, -4.280989170074463, -4.245512962341309, -4.320137023925781, -4.274509906768799, -4.278050899505615, -4.2626800537109375, -4.283262729644775, -4.275366306304932, -4.252081394195557, -4.260631084442139, -4.2524027824401855, -4.269559383392334, -4.2667412757873535, -4.292228698730469, -4.269543170928955, -4.306290149688721, -4.305412292480469];[];812.0949783325195
1900;[1.162866234779358, 1.1617351770401, 1.1664286851882935, 1.164834976196289, 1.1596760749816895, 1.1586447954177856, 1.1649855375289917, 1.1638044118881226, 1.1694049835205078, 1.16168212890625, 1.16010582447052, 1.1687591075897217, 1.1728419065475464, 1.1700714826583862, 1.1668230295181274, 1.1649750471115112, 1.1702897548675537, 1.1650753021240234, 1.1665245294570923, 1.1653414964675903, 1.1660076379776, 1.1778168678283691, 1.1658679246902466, 1.1700762510299683, 1.169141411781311, 1.172876000404358, 1.1704891920089722, 1.1623154878616333, 1.1624668836593628, 1.168414831161499, 1.1777667999267578];[0.09479523450136185, 0.0957377701997757, 0.09483583271503448, 0.09366381913423538, 0.09293773025274277, 0.09102030098438263, 0.09311195462942123, 0.09346476197242737, 0.09532703459262848, 0.09140206128358841, 0.09099683910608292, 0.09520488977432251, 0.09378907829523087, 0.09533553570508957, 0.09329522401094437, 0.09285926818847656, 0.09522239863872528, 0.09289436787366867, 0.09370987862348557, 0.09189433604478836, 0.09302196651697159, 0.09848271310329437, 0.09370715916156769, 0.09500839561223984, 0.09359835833311081, 0.09506837278604507, 0.09650682657957077, 0.09226367622613907, 0.09134474396705627, 0.09416742622852325, 0.09667486697435379];[-2.15339994430542, -2.147294044494629, -2.139554262161255, -2.136453628540039, -2.131124496459961, -2.115438461303711, -2.1297316551208496, -2.136518955230713, -2.1503634452819824, -2.132342576980591, -2.1259305477142334, -2.132499933242798, -2.1283907890319824, -2.1373291015625, -2.129755973815918, -2.1245577335357666, -2.127652883529663, -2.127514600753784, -2.130446195602417, -2.1200661659240723, -2.129333019256592, -2.164668560028076, -2.1370668411254883, -2.1427505016326904, -2.1243717670440674, -2.146156072616577, -2.144670009613037, -2.131883382797241, -2.1212515830993652, -2.1382827758789062, -2.1456458568573];[];778.7907657623291
1900;[1.6152089834213257, 1.6101384162902832, 1.616042137145996, 1.6150503158569336, 1.60970139503479, 1.6090463399887085, 1.6163344383239746, 1.6134684085845947, 1.6187834739685059, 1.6124320030212402, 1.6113576889038086, 1.616845965385437, 1.622443437576294, 1.6184214353561401, 1.6171308755874634, 1.6149743795394897, 1.6181436777114868, 1.6146159172058105, 1.616058111190796, 1.6151968240737915, 1.6162724494934082, 1.6250622272491455, 1.6145832538604736, 1.619700312614441, 1.6175017356872559, 1.621860384941101, 1.6193193197250366, 1.6132783889770508, 1.6143509149551392, 1.6184223890304565, 1.6257171630859375];[0.19777290523052216, 0.19709262251853943, 0.195964053273201, 0.1955539435148239, 0.1953040361404419, 0.19366778433322906, 0.19577986001968384, 0.19481724500656128, 0.19540701806545258, 0.19370022416114807, 0.19424068927764893, 0.19504129886627197, 0.194270059466362, 0.1952591985464096, 0.19497482478618622, 0.19458730518817902, 0.19472867250442505, 0.19467803835868835, 0.1947403848171234, 0.19300022721290588, 0.1945933848619461, 0.19659805297851562, 0.19442187249660492, 0.1954115778207779, 0.19373996555805206, 0.19455134868621826, 0.19639907777309418, 0.19464795291423798, 0.19406245648860931, 0.1954832375049591, 0.19477806985378265];[-4.3414459228515625, -4.312456130981445, -4.2889838218688965, -4.293228626251221, -4.295163631439209, -4.255588054656982, -4.281070232391357, -4.285901069641113, -4.304096698760986, -4.290830135345459, -4.281986713409424, -4.2497029304504395, -4.236070156097412, -4.26238489151001, -4.275825023651123, -4.254856586456299, -4.23246431350708, -4.255853176116943, -4.265456199645996, -4.245673179626465, -4.273286819458008, -4.292757034301758, -4.277953147888184, -4.28602409362793, -4.230846881866455, -4.272219657897949, -4.275020599365234, -4.277492046356201, -4.268306255340576, -4.277553081512451, -4.26445198059082];[];774.0342571735382
1950;[1.1628684997558594, 1.1587669849395752, 1.1678802967071533, 1.163387656211853, 1.1619402170181274, 1.1724634170532227, 1.163946509361267, 1.1649963855743408, 1.1642848253250122, 1.160142183303833, 1.1650993824005127, 1.1619447469711304, 1.163786768913269, 1.1628776788711548, 1.1623154878616333, 1.1658320426940918, 1.163816213607788, 1.1708505153656006, 1.1638973951339722, 1.1695842742919922, 1.1669095754623413, 1.1717197895050049, 1.1642203330993652, 1.1640686988830566, 1.1551461219787598, 1.1596993207931519, 1.1623179912567139, 1.165482759475708, 1.1575871706008911, 1.1623811721801758, 1.1667371988296509];[0.09297559410333633, 0.09243369847536087, 0.09650544077157974, 0.09522396326065063, 0.09479454904794693, 0.09881214797496796, 0.09501335769891739, 0.094217948615551, 0.09343515336513519, 0.09326974302530289, 0.09518969058990479, 0.09480760246515274, 0.09426210075616837, 0.09435456246137619, 0.09526151418685913, 0.09492185711860657, 0.09261578321456909, 0.09511954337358475, 0.09492789953947067, 0.09667997807264328, 0.09431815892457962, 0.09624601900577545, 0.09326152503490448, 0.092068150639534, 0.09445254504680634, 0.09334461390972137, 0.09121585637331009, 0.09529362618923187, 0.09300645440816879, 0.09057515114545822, 0.09354490041732788];[-2.133481025695801, -2.1203010082244873, -2.1623103618621826, -2.163722276687622, -2.145683526992798, -2.172548770904541, -2.140587568283081, -2.1519217491149902, -2.1383495330810547, -2.1423940658569336, -2.150540828704834, -2.1488375663757324, -2.1356561183929443, -2.1350302696228027, -2.155790090560913, -2.186758041381836, -2.14218807220459, -2.146141767501831, -2.150461435317993, -2.150844097137451, -2.1589455604553223, -2.156452178955078, -2.137474775314331, -2.1330344676971436, -2.147874355316162, -2.1394872665405273, -2.124204158782959, -2.1539809703826904, -2.1344387531280518, -2.123710870742798, -2.129129409790039];[];798.4013900756836
1950;[1.614404320716858, 1.609401822090149, 1.616859793663025, 1.614661693572998, 1.612180233001709, 1.6216880083084106, 1.6136162281036377, 1.6157444715499878, 1.6137142181396484, 1.6109026670455933, 1.615783929824829, 1.6142317056655884, 1.6131181716918945, 1.612463355064392, 1.6128102540969849, 1.6173648834228516, 1.6152070760726929, 1.6204825639724731, 1.6141692399978638, 1.618947982788086, 1.6162890195846558, 1.621924877166748, 1.6152724027633667, 1.6155551671981812, 1.6052274703979492, 1.6109315156936646, 1.6121445894241333, 1.6165823936462402, 1.6089186668395996, 1.6132481098175049, 1.6161677837371826];[0.19580933451652527, 0.19558925926685333, 0.19707907736301422, 0.19782765209674835, 0.19746531546115875, 0.19888409972190857, 0.19654934108257294, 0.19595949351787567, 0.1950298696756363, 0.19577841460704803, 0.1965855211019516, 0.19805893301963806, 0.19589121639728546, 0.19592879712581635, 0.19739270210266113, 0.197727233171463, 0.19516755640506744, 0.19530367851257324, 0.19667121767997742, 0.1971968561410904, 0.195515975356102, 0.19654695689678192, 0.19545021653175354, 0.19480514526367188, 0.1981540322303772, 0.19594895839691162, 0.19302721321582794, 0.1975182741880417, 0.19633741676807404, 0.1929984986782074, 0.19465094804763794];[-4.295145034790039, -4.267193794250488, -4.325755596160889, -4.358081340789795, -4.316774368286133, -4.336798667907715, -4.295100688934326, -4.324499607086182, -4.292994022369385, -4.313714504241943, -4.325008869171143, -4.336885929107666, -4.284984111785889, -4.280183792114258, -4.334790229797363, -4.36038064956665, -4.3113017082214355, -4.293387413024902, -4.318408489227295, -4.298994064331055, -4.310868263244629, -4.318188190460205, -4.299355506896973, -4.293017387390137, -4.342207908630371, -4.312990665435791, -4.262938976287842, -4.321532726287842, -4.310519218444824, -4.276294231414795, -4.260214805603027];[];801.296008348465
2000;[1.159637451171875, 1.1646610498428345, 1.1772915124893188, 1.1700341701507568, 1.1568421125411987, 1.1568771600723267, 1.1632472276687622, 1.157371163368225, 1.1642518043518066, 1.1564668416976929, 1.1620961427688599, 1.160042643547058, 1.1642006635665894, 1.165624976158142, 1.158463954925537, 1.171400547027588, 1.1718883514404297, 1.1589744091033936, 1.1658369302749634, 1.1575173139572144, 1.1606290340423584, 1.1643565893173218, 1.161414384841919, 1.161421298980713, 1.1743203401565552, 1.1600347757339478, 1.1600505113601685, 1.1537673473358154, 1.1611372232437134, 1.1597716808319092, 1.160768747329712];[0.09167534112930298, 0.09426306188106537, 0.10104895383119583, 0.0946728065609932, 0.09287939220666885, 0.09224168211221695, 0.09272000193595886, 0.09193907678127289, 0.09606099128723145, 0.09306870400905609, 0.09526126086711884, 0.09479069709777832, 0.09711939841508865, 0.09816499799489975, 0.09291571378707886, 0.10110078006982803, 0.09863900393247604, 0.09503476321697235, 0.09451433271169662, 0.09323880821466446, 0.09369347989559174, 0.0961381047964096, 0.09388820081949234, 0.09421419352293015, 0.10019145160913467, 0.09289710223674774, 0.0927468091249466, 0.09107289463281631, 0.09278262406587601, 0.09525831788778305, 0.09123742580413818];[-2.137613534927368, -2.1367835998535156, -2.1663553714752197, -2.154735803604126, -2.1401546001434326, -2.1459498405456543, -2.1442158222198486, -2.1285719871520996, -2.1577186584472656, -2.147249698638916, -2.167402982711792, -2.1668365001678467, -2.175356864929199, -2.1831960678100586, -2.14270281791687, -2.1819188594818115, -2.1706957817077637, -2.15267014503479, -2.1534974575042725, -2.146153450012207, -2.14953875541687, -2.1608192920684814, -2.155879020690918, -2.161763906478882, -2.1938130855560303, -2.1417627334594727, -2.137938976287842, -2.1316356658935547, -2.146289348602295, -2.1650874614715576, -2.1329479217529297];[];783.9655194282532
2000;[1.610993504524231, 1.614330768585205, 1.6239402294158936, 1.6210798025131226, 1.6089822053909302, 1.6099433898925781, 1.6145237684249878, 1.607422947883606, 1.6142760515213013, 1.6088391542434692, 1.6125584840774536, 1.611288070678711, 1.6149216890335083, 1.6161296367645264, 1.6101698875427246, 1.6202900409698486, 1.6202118396759033, 1.6106573343276978, 1.6167181730270386, 1.6101164817810059, 1.613298773765564, 1.6160882711410522, 1.6131879091262817, 1.6124458312988281, 1.6239070892333984, 1.61149263381958, 1.6116878986358643, 1.6061396598815918, 1.613068699836731, 1.6116302013397217, 1.6143290996551514];[0.19496014714241028, 0.19584116339683533, 0.19900250434875488, 0.19623664021492004, 0.1971127986907959, 0.19631797075271606, 0.19518734514713287, 0.19495248794555664, 0.19797784090042114, 0.19732947647571564, 0.197297602891922, 0.19766132533550262, 0.1987169235944748, 0.2001914083957672, 0.19620230793952942, 0.20053766667842865, 0.19849197566509247, 0.19863921403884888, 0.19691264629364014, 0.1977156698703766, 0.19756436347961426, 0.19909600913524628, 0.1969641000032425, 0.19685149192810059, 0.19995100796222687, 0.19704757630825043, 0.19602732360363007, 0.19594652950763702, 0.19533231854438782, 0.19841314852237701, 0.19514231383800507];[-4.311058521270752, -4.2914910316467285, -4.300972938537598, -4.330266952514648, -4.333798408508301, -4.349651336669922, -4.322898864746094, -4.293227195739746, -4.343875885009766, -4.35708475112915, -4.363885402679443, -4.378767490386963, -4.376266002655029, -4.371433258056641, -4.3346099853515625, -4.363919734954834, -4.343393325805664, -4.357752323150635, -4.341581344604492, -4.343555450439453, -4.356931209564209, -4.35080623626709, -4.361522197723389, -4.370237350463867, -4.3866705894470215, -4.3374104499816895, -4.32545280456543, -4.3301873207092285, -4.339242935180664, -4.379975318908691, -4.326340675354004];[];760.8203117847443
2050;[1.160905361175537, 1.1548348665237427, 1.1630293130874634, 1.164389967918396, 1.155603051185608, 1.1613149642944336, 1.16117262840271, 1.168557047843933, 1.160306453704834, 1.1667734384536743, 1.1664925813674927, 1.1712629795074463, 1.169042706489563, 1.1662437915802002, 1.1635448932647705, 1.161942481994629, 1.171440601348877, 1.1656228303909302, 1.163942813873291, 1.1614865064620972, 1.1706910133361816, 1.16525399684906, 1.1599340438842773, 1.1690949201583862, 1.1692593097686768, 1.16877019405365, 1.1684949398040771, 1.172273874282837, 1.168305516242981, 1.1727246046066284, 1.1666150093078613];[0.089922696352005, 0.09274157881736755, 0.09323251992464066, 0.09184808284044266, 0.0899815708398819, 0.09233744442462921, 0.09546329081058502, 0.09733760356903076, 0.09402821958065033, 0.09645704925060272, 0.09651827812194824, 0.09969297051429749, 0.0969211608171463, 0.09694871306419373, 0.09443897753953934, 0.09603188186883926, 0.09861551970243454, 0.0936955139040947, 0.09601827710866928, 0.0939975157380104, 0.09814859181642532, 0.09630761295557022, 0.09501484036445618, 0.09616334736347198, 0.09648608416318893, 0.09630924463272095, 0.09454345703125, 0.0976603776216507, 0.09615635871887207, 0.09989774972200394, 0.09529858082532883];[-2.1246562004089355, -2.136484384536743, -2.13860821723938, -2.1275277137756348, -2.1248865127563477, -2.141918897628784, -2.1610805988311768, -2.1740615367889404, -2.155061960220337, -2.157778024673462, -2.166576862335205, -2.186124324798584, -2.183248996734619, -2.1672139167785645, -2.150649309158325, -2.1588656902313232, -2.181471347808838, -2.146613121032715, -2.1692540645599365, -2.1470041275024414, -2.1785712242126465, -2.1544229984283447, -2.152495861053467, -2.155829906463623, -2.1806602478027344, -2.1634464263916016, -2.154869318008423, -2.1700844764709473, -2.1449971199035645, -2.173306941986084, -2.1544413566589355];[];765.35711145401
2050;[1.6118731498718262, 1.6067978143692017, 1.6139417886734009, 1.614596962928772, 1.607932686805725, 1.6120185852050781, 1.6124147176742554, 1.6190601587295532, 1.6116652488708496, 1.617340087890625, 1.6177741289138794, 1.6199711561203003, 1.619354486465454, 1.6171103715896606, 1.6146719455718994, 1.6134915351867676, 1.6213490962982178, 1.6149767637252808, 1.613903284072876, 1.6116549968719482, 1.6199235916137695, 1.6152890920639038, 1.609899878501892, 1.617463231086731, 1.618790864944458, 1.61910879611969, 1.6184709072113037, 1.6219655275344849, 1.6161991357803345, 1.620324969291687, 1.6160372495651245];[0.19280458986759186, 0.19712460041046143, 0.19557425379753113, 0.1937750279903412, 0.19469937682151794, 0.1950524002313614, 0.19798031449317932, 0.19882449507713318, 0.1973688006401062, 0.1982332020998001, 0.19840024411678314, 0.1996566504240036, 0.19808535277843475, 0.19843190908432007, 0.1967228353023529, 0.19890794157981873, 0.19906535744667053, 0.19463586807250977, 0.19742551445960999, 0.19638869166374207, 0.19831767678260803, 0.19794461131095886, 0.19755426049232483, 0.19611915946006775, 0.19730231165885925, 0.1973901093006134, 0.1956196278333664, 0.19789423048496246, 0.19584256410598755, 0.19865939021110535, 0.19615015387535095];[-4.279323101043701, -4.329578399658203, -4.308920860290527, -4.281806468963623, -4.302798271179199, -4.320785999298096, -4.358819484710693, -4.361684799194336, -4.355654239654541, -4.33445405960083, -4.354762077331543, -4.3724260330200195, -4.380367755889893, -4.353527069091797, -4.330896377563477, -4.355314254760742, -4.3500823974609375, -4.306033611297607, -4.35969877243042, -4.319291591644287, -4.359836101531982, -4.326551914215088, -4.327400207519531, -4.3046112060546875, -4.341648578643799, -4.330174922943115, -4.320748805999756, -4.326929569244385, -4.284229755401611, -4.3249101638793945, -4.310011386871338];[];770.3985018730164
2100;[1.1651062965393066, 1.1623839139938354, 1.1610743999481201, 1.1611236333847046, 1.1676219701766968, 1.1622328758239746, 1.1620514392852783, 1.1655336618423462, 1.1630226373672485, 1.157180905342102, 1.1664029359817505, 1.1667488813400269, 1.155612826347351, 1.1584759950637817, 1.1670498847961426, 1.1647367477416992, 1.157708764076233, 1.1672283411026, 1.1635522842407227, 1.1562658548355103, 1.166414499282837, 1.1663095951080322, 1.1651086807250977, 1.1603373289108276, 1.161659836769104, 1.1639909744262695, 1.1572514772415161, 1.1652287244796753, 1.164878487586975, 1.1582226753234863, 1.1704922914505005];[0.09392423182725906, 0.0913197323679924, 0.09094693511724472, 0.09230012446641922, 0.09312620759010315, 0.09045059978961945, 0.09152715653181076, 0.09307745099067688, 0.09266258776187897, 0.08758758753538132, 0.0927971601486206, 0.09139400720596313, 0.08860145509243011, 0.08825032413005829, 0.09177599847316742, 0.09220179170370102, 0.08937277644872665, 0.09242185950279236, 0.090365931391716, 0.08947242051362991, 0.09417019039392471, 0.09232276678085327, 0.09303589165210724, 0.09028469771146774, 0.08904928714036942, 0.0926961824297905, 0.09097611159086227, 0.09077128022909164, 0.09175791591405869, 0.08997245132923126, 0.09246661514043808];[-2.148033380508423, -2.132340908050537, -2.126321315765381, -2.1234917640686035, -2.14923095703125, -2.116668701171875, -2.1192212104797363, -2.12099289894104, -2.1318788528442383, -2.102494239807129, -2.133697271347046, -2.113253355026245, -2.1109156608581543, -2.0994489192962646, -2.112921953201294, -2.1249125003814697, -2.11041259765625, -2.130873441696167, -2.1058349609375, -2.0981764793395996, -2.121833562850952, -2.127013683319092, -2.1287224292755127, -2.1122305393218994, -2.101010799407959, -2.121796131134033, -2.1211109161376953, -2.1112751960754395, -2.119732141494751, -2.107443332672119, -2.122209310531616];[];741.7572338581085
2100;[1.6160051822662354, 1.6133654117584229, 1.6136438846588135, 1.612792730331421, 1.6193432807922363, 1.612998604774475, 1.6137311458587646, 1.6152591705322266, 1.6139264106750488, 1.6083992719650269, 1.6183998584747314, 1.6169039011001587, 1.6080323457717896, 1.6099799871444702, 1.6170095205307007, 1.6160526275634766, 1.610024333000183, 1.6172969341278076, 1.6150050163269043, 1.606477975845337, 1.6161112785339355, 1.6165715456008911, 1.6152819395065308, 1.61190664768219, 1.6119688749313354, 1.6141284704208374, 1.6099079847335815, 1.6159695386886597, 1.6145840883255005, 1.6095257997512817, 1.62018883228302];[0.19611789286136627, 0.19398193061351776, 0.19420450925827026, 0.19500158727169037, 0.19536837935447693, 0.19259332120418549, 0.19419124722480774, 0.1946144700050354, 0.19493085145950317, 0.19160893559455872, 0.19507046043872833, 0.1929667890071869, 0.19282755255699158, 0.19169659912586212, 0.1933436095714569, 0.1945236176252365, 0.19337451457977295, 0.19356605410575867, 0.19329893589019775, 0.1928996741771698, 0.19547094404697418, 0.19381320476531982, 0.1944046914577484, 0.19326651096343994, 0.1915590912103653, 0.1944739818572998, 0.19485686719417572, 0.19276662170886993, 0.1935056746006012, 0.19318656623363495, 0.19255170226097107];[-4.32134485244751, -4.291990280151367, -4.294607639312744, -4.277994632720947, -4.312564849853516, -4.259252548217773, -4.2702765464782715, -4.2593817710876465, -4.280602931976318, -4.248196601867676, -4.285567283630371, -4.23393440246582, -4.273723602294922, -4.230146408081055, -4.226862907409668, -4.260112285614014, -4.264968395233154, -4.27057409286499, -4.236156940460205, -4.228660583496094, -4.2406840324401855, -4.2642035484313965, -4.26143741607666, -4.252237796783447, -4.219610691070557, -4.2513604164123535, -4.27969217300415, -4.2342424392700195, -4.248456954956055, -4.241044044494629, -4.237997055053711];[];733.9424088001251
2150;[1.1716128587722778, 1.1639063358306885, 1.1581788063049316, 1.1624127626419067, 1.1695386171340942, 1.1577229499816895, 1.1616443395614624, 1.1717233657836914, 1.1636171340942383, 1.154200553894043, 1.1620110273361206, 1.158681869506836, 1.158187747001648, 1.1610027551651, 1.164390206336975, 1.1669633388519287, 1.165055274963379, 1.1588565111160278, 1.1599903106689453, 1.155521035194397, 1.1631287336349487, 1.162027359008789, 1.1521762609481812, 1.1595821380615234, 1.1645711660385132, 1.1657670736312866, 1.1658298969268799, 1.155592918395996, 1.16159987449646, 1.1596516370773315, 1.162891149520874];[0.09708990156650543, 0.09089680016040802, 0.08964065462350845, 0.09200733155012131, 0.09482631832361221, 0.09002617001533508, 0.09377282857894897, 0.09466394782066345, 0.09252975881099701, 0.0907999575138092, 0.09222564846277237, 0.09050332754850388, 0.09126976877450943, 0.09103401005268097, 0.09723279625177383, 0.09302078932523727, 0.09421718865633011, 0.09126859158277512, 0.09225061535835266, 0.08909930288791656, 0.09470289200544357, 0.09310824424028397, 0.08970107138156891, 0.09176650643348694, 0.09594304114580154, 0.09463834017515182, 0.09458986669778824, 0.09154540300369263, 0.09265803545713425, 0.08997707813978195, 0.09029694646596909];[-2.159209966659546, -2.1242589950561523, -2.1205854415893555, -2.132350444793701, -2.1405467987060547, -2.1176576614379883, -2.146759033203125, -2.15181827545166, -2.139648914337158, -2.127185106277466, -2.1363134384155273, -2.1243021488189697, -2.126249074935913, -2.12272310256958, -2.152839183807373, -2.1302716732025146, -2.1324284076690674, -2.1226694583892822, -2.131728172302246, -2.1108996868133545, -2.1343562602996826, -2.125684976577759, -2.1206953525543213, -2.1323559284210205, -2.1424307823181152, -2.147029161453247, -2.142714738845825, -2.1266841888427734, -2.1296300888061523, -2.110884428024292, -2.108142852783203];[];718.0802655220032
2150;[1.6206806898117065, 1.6137999296188354, 1.6103037595748901, 1.6145998239517212, 1.6183325052261353, 1.608384370803833, 1.6147911548614502, 1.6206773519515991, 1.6159394979476929, 1.6072742938995361, 1.6139237880706787, 1.6104484796524048, 1.6105291843414307, 1.6132123470306396, 1.6149005889892578, 1.6169908046722412, 1.6138110160827637, 1.6106029748916626, 1.611387014389038, 1.6077467203140259, 1.6132303476333618, 1.6134997606277466, 1.6050034761428833, 1.6123285293579102, 1.6153534650802612, 1.6181751489639282, 1.6169407367706299, 1.6079213619232178, 1.6124590635299683, 1.610724687576294, 1.6133713722229004];[0.19710811972618103, 0.1923639476299286, 0.1934014856815338, 0.1946662813425064, 0.19507284462451935, 0.19330425560474396, 0.1976299285888672, 0.19515912234783173, 0.19549423456192017, 0.19568194448947906, 0.19519247114658356, 0.1943202018737793, 0.19517672061920166, 0.19443179666996002, 0.1989271342754364, 0.1949111372232437, 0.19525985419750214, 0.19505250453948975, 0.19534698128700256, 0.1934295892715454, 0.19725340604782104, 0.19586852192878723, 0.1949109584093094, 0.19541792571544647, 0.19762326776981354, 0.197071373462677, 0.1965450644493103, 0.1956995576620102, 0.1949315220117569, 0.19285736978054047, 0.19297854602336884];[-4.311519145965576, -4.270022392272949, -4.284377098083496, -4.307080268859863, -4.289546966552734, -4.273414134979248, -4.337885856628418, -4.289912223815918, -4.314676284790039, -4.312487602233887, -4.310665130615234, -4.303895950317383, -4.300708770751953, -4.2875165939331055, -4.323456764221191, -4.281045436859131, -4.273481369018555, -4.2862725257873535, -4.300392150878906, -4.272124290466309, -4.286013126373291, -4.287798881530762, -4.306680202484131, -4.308701038360596, -4.304052352905273, -4.316561698913574, -4.3062968254089355, -4.302589416503906, -4.287302017211914, -4.2595696449279785, -4.238128185272217];[];726.3465795516968
2200;[1.1596378087997437, 1.161381721496582, 1.1640950441360474, 1.1840929985046387, 1.1604723930358887, 1.1683130264282227, 1.1626317501068115, 1.1582846641540527, 1.1667191982269287, 1.1608158349990845, 1.161302089691162, 1.1658128499984741, 1.1607369184494019, 1.1663175821304321, 1.1564598083496094, 1.1584177017211914, 1.163233757019043, 1.168961524963379, 1.1650794744491577, 1.1579275131225586, 1.163362979888916, 1.1641018390655518, 1.16066312789917, 1.1651084423065186, 1.160402774810791, 1.1573609113693237, 1.160812497138977, 1.15744149684906, 1.1691092252731323, 1.1624548435211182, 1.1665433645248413];[0.09183342009782791, 0.09453211724758148, 0.09504837542772293, 0.10456804931163788, 0.0950368270277977, 0.09491758793592453, 0.09506555646657944, 0.09291436523199081, 0.09608040750026703, 0.09504375606775284, 0.09406866133213043, 0.09590911120176315, 0.0947534441947937, 0.09707518666982651, 0.09310641139745712, 0.0951729267835617, 0.09447022527456284, 0.09658270329236984, 0.09670491516590118, 0.09336967766284943, 0.09469941258430481, 0.09600527584552765, 0.09457476437091827, 0.09517517685890198, 0.0939704179763794, 0.09243785589933395, 0.09431850910186768, 0.09212302416563034, 0.09712597727775574, 0.09446742385625839, 0.09600061178207397];[-2.1269755363464355, -2.1570146083831787, -2.160335063934326, -2.2434630393981934, -2.157392740249634, -2.1597111225128174, -2.157031297683716, -2.144012212753296, -2.1501262187957764, -2.1543290615081787, -2.147757053375244, -2.1619691848754883, -2.1481151580810547, -2.1667349338531494, -2.152585506439209, -2.1558566093444824, -2.15626859664917, -2.164232015609741, -2.167461395263672, -2.144021987915039, -2.142390251159668, -2.163259267807007, -2.1578009128570557, -2.1530826091766357, -2.1625962257385254, -2.1369338035583496, -2.1586132049560547, -2.139893054962158, -2.1682825088500977, -2.1551120281219482, -2.198370933532715];[];729.2581465244293
2200;[1.6102783679962158, 1.6126432418823242, 1.6140246391296387, 1.6321861743927002, 1.6109458208084106, 1.6191900968551636, 1.6138914823532104, 1.6101540327072144, 1.616310954093933, 1.6129857301712036, 1.6119379997253418, 1.615283489227295, 1.6108986139297485, 1.61664617061615, 1.6087651252746582, 1.6093426942825317, 1.614846110343933, 1.6186676025390625, 1.615728735923767, 1.6086078882217407, 1.61395263671875, 1.6147297620773315, 1.6122090816497803, 1.6150368452072144, 1.6127618551254272, 1.6085107326507568, 1.6124107837677002, 1.608848214149475, 1.6202709674835205, 1.614698886871338, 1.6163573265075684];[0.19495739042758942, 0.19687910377979279, 0.19692349433898926, 0.2025855928659439, 0.19767044484615326, 0.19610971212387085, 0.1973908543586731, 0.19680659472942352, 0.1969129592180252, 0.19806168973445892, 0.1963585913181305, 0.19672709703445435, 0.19722072780132294, 0.1986861228942871, 0.1969393640756607, 0.1978873610496521, 0.19712920486927032, 0.19744259119033813, 0.1984727680683136, 0.19639210402965546, 0.19687627255916595, 0.19786597788333893, 0.19712938368320465, 0.19660814106464386, 0.1973145455121994, 0.19587305188179016, 0.19743382930755615, 0.19520676136016846, 0.1985817402601242, 0.19767120480537415, 0.19776228070259094];[-4.286954879760742, -4.340860843658447, -4.348376750946045, -4.420979022979736, -4.345231056213379, -4.341704845428467, -4.340541839599609, -4.337049961090088, -4.309691429138184, -4.33786678314209, -4.325345039367676, -4.342310905456543, -4.3365373611450195, -4.354523181915283, -4.362283229827881, -4.341658115386963, -4.35692834854126, -4.343689918518066, -4.353403091430664, -4.324509143829346, -4.316806316375732, -4.348086357116699, -4.35280179977417, -4.322805881500244, -4.368834018707275, -4.316330909729004, -4.3588104248046875, -4.320909023284912, -4.348467826843262, -4.342591285705566, -4.381033420562744];[];721.740556716919
2250;[1.1652204990386963, 1.159960150718689, 1.1631710529327393, 1.1606799364089966, 1.1635676622390747, 1.16452956199646, 1.16401207447052, 1.1633102893829346, 1.1607526540756226, 1.176769495010376, 1.162654995918274, 1.1681667566299438, 1.1732226610183716, 1.1688311100006104, 1.169443964958191, 1.1651781797409058, 1.1645591259002686, 1.1699308156967163, 1.1699563264846802, 1.1709926128387451, 1.1687912940979004, 1.1630276441574097, 1.172173023223877, 1.1659083366394043, 1.1680525541305542, 1.1696717739105225, 1.1735635995864868, 1.170750379562378, 1.1647411584854126, 1.162207007408142, 1.1754854917526245];[0.09662307798862457, 0.09288252145051956, 0.09298939257860184, 0.09115691483020782, 0.0930771678686142, 0.09586338698863983, 0.09434886276721954, 0.09416554123163223, 0.09333250671625137, 0.0990980938076973, 0.0940583348274231, 0.09617775678634644, 0.09696941822767258, 0.0975346714258194, 0.09849029034376144, 0.09470756351947784, 0.09191182255744934, 0.09639934450387955, 0.09686899930238724, 0.09723334014415741, 0.0941997766494751, 0.09299171715974808, 0.09788507968187332, 0.09451302140951157, 0.09592289477586746, 0.09838365763425827, 0.09521308541297913, 0.09647895395755768, 0.09277847409248352, 0.09195715934038162, 0.09804600477218628];[-2.160407304763794, -2.127328634262085, -2.131918430328369, -2.135375738143921, -2.130204200744629, -2.1480181217193604, -2.155100107192993, -2.144925355911255, -2.146629810333252, -2.1676247119903564, -2.1481664180755615, -2.1445775032043457, -2.16420316696167, -2.171066999435425, -2.171356201171875, -2.1493418216705322, -2.1315219402313232, -2.156132221221924, -2.157987356185913, -2.1613447666168213, -2.1470749378204346, -2.1313564777374268, -2.1559245586395264, -2.148660182952881, -2.1544506549835205, -2.1748132705688477, -2.137600898742676, -2.156095027923584, -2.1374974250793457, -2.1232426166534424, -2.157820224761963];[];721.8751184940338
2250;[1.6151421070098877, 1.6095178127288818, 1.613405704498291, 1.61107337474823, 1.6143866777420044, 1.6140474081039429, 1.6147348880767822, 1.6147416830062866, 1.6116445064544678, 1.6263186931610107, 1.6140050888061523, 1.616795539855957, 1.6217572689056396, 1.6180646419525146, 1.6178256273269653, 1.6159924268722534, 1.6147270202636719, 1.6195111274719238, 1.6197305917739868, 1.6216665506362915, 1.6188220977783203, 1.6128637790679932, 1.6205905675888062, 1.614587664604187, 1.6171886920928955, 1.618410348892212, 1.6221565008163452, 1.6197067499160767, 1.613837480545044, 1.6113097667694092, 1.6243739128112793];[0.19821478426456451, 0.19518283009529114, 0.19480179250240326, 0.19399744272232056, 0.19542337954044342, 0.19708915054798126, 0.19655650854110718, 0.19662608206272125, 0.19577538967132568, 0.19804975390434265, 0.1967073529958725, 0.1962731033563614, 0.19649572670459747, 0.19793875515460968, 0.1982690542936325, 0.19663991034030914, 0.1933334767818451, 0.19632340967655182, 0.19749830663204193, 0.1979130655527115, 0.19485296308994293, 0.1946353167295456, 0.19718381762504578, 0.19510969519615173, 0.19585424661636353, 0.19864338636398315, 0.1951606422662735, 0.19659432768821716, 0.19399163126945496, 0.1936827003955841, 0.19723086059093475];[-4.330251693725586, -4.276440620422363, -4.280908107757568, -4.309067249298096, -4.283666610717773, -4.304539680480957, -4.33396053314209, -4.314762592315674, -4.319840908050537, -4.319550514221191, -4.329929828643799, -4.290497779846191, -4.306160926818848, -4.33994197845459, -4.339232444763184, -4.317660331726074, -4.278578758239746, -4.312535285949707, -4.312566757202148, -4.325710296630859, -4.300940990447998, -4.27943754196167, -4.2975945472717285, -4.296804904937744, -4.301483631134033, -4.336870193481445, -4.260849475860596, -4.296517848968506, -4.290238857269287, -4.266796112060547, -4.301231861114502];[];726.869781255722
2300;[1.1568489074707031, 1.1656028032302856, 1.1639010906219482, 1.1637555360794067, 1.158968448638916, 1.1581969261169434, 1.163354516029358, 1.1695290803909302, 1.166725516319275, 1.1640695333480835, 1.161843180656433, 1.1581348180770874, 1.161842703819275, 1.163324236869812, 1.169567346572876, 1.161385416984558, 1.1650114059448242, 1.1607074737548828, 1.1628353595733643, 1.1661889553070068, 1.1666914224624634, 1.1598097085952759, 1.1629937887191772, 1.1665635108947754, 1.1711399555206299, 1.1610698699951172, 1.1661192178726196, 1.1675089597702026, 1.1606342792510986, 1.1681660413742065, 1.1584759950637817];[0.09082446992397308, 0.09578133374452591, 0.0942479595541954, 0.09372192621231079, 0.09271345287561417, 0.09075217694044113, 0.09646698832511902, 0.09791726619005203, 0.0978945642709732, 0.09452635049819946, 0.09404030442237854, 0.09146487712860107, 0.09348957240581512, 0.09363619238138199, 0.09649363905191422, 0.09545429795980453, 0.0954904854297638, 0.0942545160651207, 0.09726225584745407, 0.09923448413610458, 0.0975150465965271, 0.09544015675783157, 0.09338205307722092, 0.09703805297613144, 0.10036163777112961, 0.09588517993688583, 0.09541252255439758, 0.09687751531600952, 0.09510395675897598, 0.09606567025184631, 0.09262935817241669];[-2.1375463008880615, -2.155548095703125, -2.151902914047241, -2.148737907409668, -2.1331496238708496, -2.1341679096221924, -2.1720664501190186, -2.1707615852355957, -2.1700150966644287, -2.1583192348480225, -2.146615743637085, -2.1312427520751953, -2.1516830921173096, -2.150437831878662, -2.171171188354492, -2.1654651165008545, -2.1596317291259766, -2.166285514831543, -2.1745731830596924, -2.174323797225952, -2.176502227783203, -2.159611463546753, -2.140594244003296, -2.1639506816864014, -2.1894824504852295, -2.1618783473968506, -2.160266637802124, -2.1710028648376465, -2.1471505165100098, -2.1526780128479004, -2.1329379081726074];[];741.115846157074
2300;[1.6093753576278687, 1.6162407398223877, 1.614752173423767, 1.6143920421600342, 1.6101020574569702, 1.609826683998108, 1.6147851943969727, 1.6201282739639282, 1.6168349981307983, 1.6141905784606934, 1.6133854389190674, 1.6087157726287842, 1.613855004310608, 1.6136225461959839, 1.6189056634902954, 1.612396001815796, 1.6153600215911865, 1.6125003099441528, 1.6133849620819092, 1.6158841848373413, 1.6173969507217407, 1.6117925643920898, 1.6130082607269287, 1.6157928705215454, 1.6210883855819702, 1.6118730306625366, 1.6160324811935425, 1.6178303956985474, 1.6105653047561646, 1.6176527738571167, 1.6088382005691528];[0.1946004182100296, 0.19770675897598267, 0.19632157683372498, 0.19572021067142487, 0.1962139755487442, 0.1942821741104126, 0.19903430342674255, 0.19860395789146423, 0.19881726801395416, 0.19656918942928314, 0.19702115654945374, 0.19430483877658844, 0.19654010236263275, 0.19569478929042816, 0.1968211978673935, 0.19823172688484192, 0.19743917882442474, 0.19722075760364532, 0.1997067779302597, 0.2007969319820404, 0.19890928268432617, 0.1984887272119522, 0.1952131688594818, 0.1979248970746994, 0.2006446272134781, 0.1981111317873001, 0.19715191423892975, 0.19820211827754974, 0.19745711982250214, 0.19689252972602844, 0.19602544605731964];[-4.335846424102783, -4.331472873687744, -4.3315606117248535, -4.323527812957764, -4.310710430145264, -4.315174102783203, -4.377500534057617, -4.350595474243164, -4.346290588378906, -4.350602149963379, -4.329896450042725, -4.300580978393555, -4.3466410636901855, -4.330265522003174, -4.348674297332764, -4.370543956756592, -4.3350138664245605, -4.380458831787109, -4.38234806060791, -4.365137100219727, -4.37000846862793, -4.357515335083008, -4.30902624130249, -4.34935998916626, -4.371316909790039, -4.356114864349365, -4.345945358276367, -4.355890274047852, -4.327138900756836, -4.304703712463379, -4.30622673034668];[];746.0167000293732
2350;[1.1666685342788696, 1.160842776298523, 1.1599384546279907, 1.1548657417297363, 1.1639388799667358, 1.159834623336792, 1.1622236967086792, 1.1661067008972168, 1.1604238748550415, 1.1646990776062012, 1.1651562452316284, 1.1667839288711548, 1.154884696006775, 1.1584131717681885, 1.1639564037322998, 1.1552687883377075, 1.1635193824768066, 1.1606557369232178, 1.1585699319839478, 1.1669745445251465, 1.160940170288086, 1.163112759590149, 1.1601874828338623, 1.1609413623809814, 1.1630547046661377, 1.1609541177749634, 1.1644002199172974, 1.1581474542617798, 1.1582165956497192, 1.1576288938522339, 1.1632803678512573];[0.09524848312139511, 0.09148459136486053, 0.0945637971162796, 0.09093701839447021, 0.09518442302942276, 0.0931592658162117, 0.09531574696302414, 0.0930890142917633, 0.09287630021572113, 0.09494565427303314, 0.0962650328874588, 0.097025066614151, 0.09261547029018402, 0.09185707569122314, 0.09485725313425064, 0.09023948013782501, 0.09271576255559921, 0.09302863478660583, 0.09193979948759079, 0.0963631421327591, 0.09202542901039124, 0.09085483849048615, 0.0918492004275322, 0.09060218930244446, 0.09467953443527222, 0.09380713105201721, 0.09446099400520325, 0.09139382094144821, 0.08924078196287155, 0.09095160663127899, 0.09432896971702576];[-2.151374578475952, -2.124121904373169, -2.146928548812866, -2.1345667839050293, -2.1576104164123535, -2.1366214752197266, -2.148301601409912, -2.142667055130005, -2.1389710903167725, -2.1541478633880615, -2.1609182357788086, -2.1770546436309814, -2.1417884826660156, -2.1365346908569336, -2.1534583568573, -2.1191000938415527, -2.13179612159729, -2.137650966644287, -2.127990484237671, -2.1627421379089355, -2.139932632446289, -2.1217522621154785, -2.1283929347991943, -2.1297714710235596, -2.1561880111694336, -2.1447696685791016, -2.1531171798706055, -2.1258201599121094, -2.1166892051696777, -2.126854181289673, -2.1445181369781494];[];735.2140316963196
2350;[1.6175931692123413, 1.6117043495178223, 1.6108578443527222, 1.6069133281707764, 1.6149276494979858, 1.6110676527023315, 1.6126374006271362, 1.6173232793807983, 1.610988736152649, 1.6157149076461792, 1.6164960861206055, 1.6166318655014038, 1.6070466041564941, 1.609704613685608, 1.6144622564315796, 1.6072942018508911, 1.6145131587982178, 1.6125214099884033, 1.6099287271499634, 1.6165765523910522, 1.6122899055480957, 1.6127901077270508, 1.6101385354995728, 1.6123851537704468, 1.6153534650802612, 1.611816644668579, 1.6151617765426636, 1.6102186441421509, 1.6098735332489014, 1.609237790107727, 1.6138203144073486];[0.1965591013431549, 0.19418317079544067, 0.19720464944839478, 0.19514469802379608, 0.19694173336029053, 0.19601306319236755, 0.1977161020040512, 0.19472923874855042, 0.19569027423858643, 0.19682542979717255, 0.19812530279159546, 0.1981884241104126, 0.19662223756313324, 0.1950671672821045, 0.19679386913776398, 0.19406498968601227, 0.19527094066143036, 0.19567978382110596, 0.19556090235710144, 0.19718758761882782, 0.1947775036096573, 0.1926429271697998, 0.19460156559944153, 0.19346174597740173, 0.19738827645778656, 0.19656971096992493, 0.19652333855628967, 0.19527237117290497, 0.1926981508731842, 0.1945463865995407, 0.19595526158809662];[-4.320498466491699, -4.2818756103515625, -4.328760147094727, -4.32998514175415, -4.344036102294922, -4.310306072235107, -4.3224334716796875, -4.301871299743652, -4.301872730255127, -4.331165790557861, -4.336593151092529, -4.357293128967285, -4.333874702453613, -4.31838321685791, -4.330972194671631, -4.290170192718506, -4.291504859924316, -4.311755180358887, -4.29889440536499, -4.325476169586182, -4.322822570800781, -4.264811992645264, -4.293281555175781, -4.298801898956299, -4.345524311065674, -4.324761867523193, -4.327922344207764, -4.2886433601379395, -4.279688358306885, -4.3024444580078125, -4.315926551818848];[];747.2576460838318
2400;[1.1644259691238403, 1.162044644355774, 1.167646884918213, 1.1605390310287476, 1.1676255464553833, 1.1643391847610474, 1.1660757064819336, 1.1688181161880493, 1.1619579792022705, 1.1602089405059814, 1.1673245429992676, 1.1629189252853394, 1.1662724018096924, 1.1610230207443237, 1.1646363735198975, 1.1681740283966064, 1.1703828573226929, 1.1673682928085327, 1.1630568504333496, 1.1596678495407104, 1.164966106414795, 1.163511037826538, 1.1634777784347534, 1.1698012351989746, 1.1668586730957031, 1.1632744073867798, 1.1590819358825684, 1.1654692888259888, 1.1643327474594116, 1.1673386096954346, 1.169173240661621];[0.09364286810159683, 0.0918169692158699, 0.09640641510486603, 0.09329895675182343, 0.0979176014661789, 0.09527502954006195, 0.09360644221305847, 0.09638113528490067, 0.09236503392457962, 0.09233541786670685, 0.09405133128166199, 0.09325098246335983, 0.09507191181182861, 0.0941130518913269, 0.09261894226074219, 0.09364356845617294, 0.09293454885482788, 0.09368617832660675, 0.09316091239452362, 0.09194817394018173, 0.09161776304244995, 0.09346988052129745, 0.09292031079530716, 0.09608510881662369, 0.09280255436897278, 0.09121274203062057, 0.09172918647527695, 0.09214916825294495, 0.09083148837089539, 0.09343946725130081, 0.09447579830884933];[-2.158336639404297, -2.1280155181884766, -2.154475212097168, -2.12886381149292, -2.1699559688568115, -2.153885841369629, -2.1482763290405273, -2.149209976196289, -2.130502939224243, -2.139559745788574, -2.1354777812957764, -2.129829168319702, -2.165282964706421, -2.138390302658081, -2.13100266456604, -2.1403205394744873, -2.128072738647461, -2.1298916339874268, -2.1402194499969482, -2.135288715362549, -2.1229965686798096, -2.141786575317383, -2.134432315826416, -2.1482441425323486, -2.1295228004455566, -2.1205763816833496, -2.120116949081421, -2.1124134063720703, -2.1118879318237305, -2.130866289138794, -2.1307051181793213];[];731.4700565338135
2400;[1.6150466203689575, 1.6129348278045654, 1.6175041198730469, 1.6112966537475586, 1.618015170097351, 1.6153794527053833, 1.6166108846664429, 1.6181482076644897, 1.6125563383102417, 1.6113885641098022, 1.6174503564834595, 1.6134940385818481, 1.6167069673538208, 1.6126350164413452, 1.6140830516815186, 1.6184347867965698, 1.6200542449951172, 1.6179206371307373, 1.6133686304092407, 1.6110962629318237, 1.615800380706787, 1.6136330366134644, 1.6132923364639282, 1.619808316230774, 1.6153591871261597, 1.6133286952972412, 1.6091059446334839, 1.6146957874298096, 1.6146531105041504, 1.6166183948516846, 1.6187324523925781];[0.19569550454616547, 0.19417403638362885, 0.1973198801279068, 0.19578799605369568, 0.19920524954795837, 0.19752119481563568, 0.19535225629806519, 0.19700618088245392, 0.19486457109451294, 0.19505666196346283, 0.1955605000257492, 0.1954835057258606, 0.19677020609378815, 0.1969793289899826, 0.19398076832294464, 0.1947859674692154, 0.19317451119422913, 0.19526895880699158, 0.19545647501945496, 0.19502747058868408, 0.19390980899333954, 0.1950000375509262, 0.19463498890399933, 0.19667252898216248, 0.19358563423156738, 0.19331051409244537, 0.1946059614419937, 0.19325442612171173, 0.19274786114692688, 0.19402466714382172, 0.1951700747013092];[-4.333802223205566, -4.291290760040283, -4.31342887878418, -4.287652492523193, -4.340959072113037, -4.330110549926758, -4.311136245727539, -4.298642635345459, -4.284074783325195, -4.311821460723877, -4.286993026733398, -4.283200740814209, -4.329493522644043, -4.299996852874756, -4.278115272521973, -4.286651134490967, -4.250576972961426, -4.268593788146973, -4.2972283363342285, -4.310469627380371, -4.268651485443115, -4.30552864074707, -4.276809215545654, -4.290487289428711, -4.2617669105529785, -4.256210803985596, -4.262508869171143, -4.223832607269287, -4.232218265533447, -4.260209083557129, -4.25795316696167];[];753.9128284454346
2450;[1.1571780443191528, 1.1661490201950073, 1.1646593809127808, 1.16402268409729, 1.159956932067871, 1.1561105251312256, 1.1634531021118164, 1.166696310043335, 1.1592313051223755, 1.1612921953201294, 1.1637976169586182, 1.1628941297531128, 1.1675664186477661, 1.1624096632003784, 1.1573277711868286, 1.1607582569122314, 1.165338397026062, 1.1563189029693604, 1.1627941131591797, 1.1568808555603027, 1.1565649509429932, 1.163702130317688, 1.16861093044281, 1.1694754362106323, 1.1627745628356934, 1.1629055738449097, 1.15986967086792, 1.1592373847961426, 1.154121994972229, 1.159696102142334, 1.1627763509750366];[0.09185286611318588, 0.09451171010732651, 0.09746742248535156, 0.09424421936273575, 0.09679612517356873, 0.09240975230932236, 0.09458691626787186, 0.09786872565746307, 0.09344018995761871, 0.09511211514472961, 0.09413864463567734, 0.09670595824718475, 0.09871367365121841, 0.09470242261886597, 0.0941552221775055, 0.0948009341955185, 0.0951826348900795, 0.09269462525844574, 0.09473512321710587, 0.09151023626327515, 0.0921146422624588, 0.09328624606132507, 0.09804049879312515, 0.09700371325016022, 0.0966111272573471, 0.09540148824453354, 0.09609387069940567, 0.0970231220126152, 0.0948006734251976, 0.09451475739479065, 0.09472405910491943];[-2.127209186553955, -2.158626079559326, -2.1737828254699707, -2.1425716876983643, -2.154167890548706, -2.1463823318481445, -2.153942823410034, -2.1913986206054688, -2.147331953048706, -2.1571905612945557, -2.1528613567352295, -2.1788017749786377, -2.178422689437866, -2.1468822956085205, -2.1552717685699463, -2.1630194187164307, -2.1740329265594482, -2.1415750980377197, -2.1538445949554443, -2.1420459747314453, -2.1407904624938965, -2.1451520919799805, -2.16879940032959, -2.1802778244018555, -2.1665821075439453, -2.1750247478485107, -2.1719889640808105, -2.1769697666168213, -2.165328025817871, -2.15490460395813, -2.156647205352783];[];760.3723895549774
2450;[1.607771635055542, 1.617876410484314, 1.615997552871704, 1.6143385171890259, 1.6101032495498657, 1.608590841293335, 1.6149076223373413, 1.6190433502197266, 1.6108282804489136, 1.6115857362747192, 1.61465322971344, 1.6138226985931396, 1.6181687116622925, 1.6135382652282715, 1.6088355779647827, 1.6125297546386719, 1.6165554523468018, 1.6086220741271973, 1.613344430923462, 1.608988642692566, 1.6088265180587769, 1.6137901544570923, 1.6182935237884521, 1.6196925640106201, 1.6134381294250488, 1.615298867225647, 1.6116827726364136, 1.6106984615325928, 1.6056313514709473, 1.6110893487930298, 1.6133217811584473];[0.1950467824935913, 0.19711561501026154, 0.19975446164608002, 0.19612489640712738, 0.1992836743593216, 0.19611114263534546, 0.19710785150527954, 0.19953520596027374, 0.19672228395938873, 0.1971302181482315, 0.19620512425899506, 0.19857385754585266, 0.20031742751598358, 0.19735023379325867, 0.19758564233779907, 0.19745568931102753, 0.19691193103790283, 0.1968812197446823, 0.1968628168106079, 0.19493918120861053, 0.19611681997776031, 0.19521862268447876, 0.1989206224679947, 0.19813936948776245, 0.19869078695774078, 0.19822591543197632, 0.19925570487976074, 0.199506014585495, 0.19898368418216705, 0.19736804068088531, 0.19657596945762634];[-4.302424430847168, -4.351454257965088, -4.373019695281982, -4.3078718185424805, -4.339407920837402, -4.353352069854736, -4.339685440063477, -4.395943641662598, -4.334933280944824, -4.344324111938477, -4.329689025878906, -4.387914180755615, -4.3718156814575195, -4.325419902801514, -4.3559746742248535, -4.3691020011901855, -4.386220932006836, -4.340402603149414, -4.3353753089904785, -4.335799217224121, -4.338873863220215, -4.317737579345703, -4.343656539916992, -4.373264789581299, -4.367583751678467, -4.395615100860596, -4.389481544494629, -4.396348476409912, -4.390247344970703, -4.351223945617676, -4.347844123840332];[];780.9533054828644
2500;[1.167468786239624, 1.1601258516311646, 1.1583925485610962, 1.1623408794403076, 1.1634037494659424, 1.1665724515914917, 1.1653285026550293, 1.1663072109222412, 1.160602331161499, 1.1581881046295166, 1.1605825424194336, 1.1682074069976807, 1.1588612794876099, 1.1627392768859863, 1.1710166931152344, 1.1647101640701294, 1.1664668321609497, 1.16661536693573, 1.1624600887298584, 1.1653343439102173, 1.1642723083496094, 1.1582962274551392, 1.160507321357727, 1.1579777002334595, 1.1590867042541504, 1.1628526449203491, 1.1612575054168701, 1.1549046039581299, 1.160650372505188, 1.164236068725586, 1.1609021425247192];[0.09592220187187195, 0.09117840230464935, 0.09195796400308609, 0.09179357439279556, 0.09471690654754639, 0.09725381433963776, 0.09597615152597427, 0.09565489739179611, 0.09558524936437607, 0.09323082119226456, 0.09128811210393906, 0.09747587889432907, 0.09580668061971664, 0.09546466171741486, 0.09845899045467377, 0.09633763879537582, 0.09825346618890762, 0.09787914156913757, 0.09335092455148697, 0.09880448877811432, 0.09759774059057236, 0.09047336131334305, 0.09287232905626297, 0.09433262050151825, 0.0937952846288681, 0.09258962422609329, 0.09536033123731613, 0.09111570566892624, 0.09513340890407562, 0.09594737738370895, 0.09321369230747223];[-2.1485342979431152, -2.132596969604492, -2.1297781467437744, -2.1334290504455566, -2.1472678184509277, -2.1731812953948975, -2.162795305252075, -2.1617791652679443, -2.1531875133514404, -2.1477725505828857, -2.1310672760009766, -2.1731045246124268, -2.1590096950531006, -2.1627449989318848, -2.1746020317077637, -2.1657862663269043, -2.167450189590454, -2.1755335330963135, -2.140556573867798, -2.1831438541412354, -2.1677825450897217, -2.1258842945098877, -2.1362271308898926, -2.1519432067871094, -2.1521971225738525, -2.1417689323425293, -2.1503639221191406, -2.1375508308410645, -2.1593759059906006, -2.164111852645874, -2.145221710205078];[];764.0778253078461
2500;[1.6181252002716064, 1.612554669380188, 1.609697699546814, 1.6133841276168823, 1.613284945487976, 1.6171674728393555, 1.6160131692886353, 1.616970419883728, 1.6121488809585571, 1.609336495399475, 1.6110682487487793, 1.61818528175354, 1.609549641609192, 1.6130452156066895, 1.6203380823135376, 1.6159206628799438, 1.6161096096038818, 1.6159471273422241, 1.6136858463287354, 1.616802453994751, 1.614398717880249, 1.6094471216201782, 1.612166166305542, 1.6084121465682983, 1.6110942363739014, 1.6139914989471436, 1.61140775680542, 1.608168363571167, 1.6112086772918701, 1.61544930934906, 1.6120271682739258];[0.19702951610088348, 0.19441156089305878, 0.19563916325569153, 0.19460690021514893, 0.19650748372077942, 0.19850321114063263, 0.19772441685199738, 0.1979895532131195, 0.19814038276672363, 0.19625025987625122, 0.1937682181596756, 0.19833488762378693, 0.1984049528837204, 0.19752202928066254, 0.19843998551368713, 0.19791966676712036, 0.1996748298406601, 0.19879014790058136, 0.19617371261119843, 0.20092448592185974, 0.1994190514087677, 0.19385266304016113, 0.19606398046016693, 0.19697877764701843, 0.19699566066265106, 0.19508898258209229, 0.19733960926532745, 0.19621334969997406, 0.19753673672676086, 0.19771817326545715, 0.19586181640625];[-4.306109428405762, -4.3117876052856445, -4.295516490936279, -4.3083086013793945, -4.322429656982422, -4.369229316711426, -4.34737491607666, -4.341540813446045, -4.341567039489746, -4.336102485656738, -4.297907829284668, -4.353486061096191, -4.35225248336792, -4.34920597076416, -4.344419956207275, -4.354778289794922, -4.345057487487793, -4.355079174041748, -4.313926696777344, -4.382143497467041, -4.35680627822876, -4.30156946182251, -4.3131279945373535, -4.347750663757324, -4.345496654510498, -4.3158721923828125, -4.326132297515869, -4.340755939483643, -4.36300802230835, -4.361753463745117, -4.329349040985107];[];764.820050239563
