Seed;RMSE History;MMD History;Log-Likelihood History;Max EIG History;Deployment Time
50;[0.7821969985961914, 0.7744492292404175, 0.782048225402832, 0.7739897966384888, 0.7696326375007629, 0.7767897844314575, 0.7752290964126587, 0.7734375, 0.7822602391242981, 0.7748045921325684, 0.77460116147995, 0.7713755965232849, 0.77375328540802, 0.7710164785385132, 0.7670267224311829, 0.7763462662696838, 0.771764874458313, 0.7754544615745544, 0.7789981961250305, 0.7733109593391418, 0.7787299752235413, 0.7764052748680115, 0.7739990949630737, 0.7612388134002686, 0.7680765390396118, 0.7735698223114014, 0.7641290426254272, 0.7750328183174133, 0.775158703327179, 0.7665776610374451, 0.7659218907356262];[0.04275934398174286, 0.035510264337062836, 0.04352101683616638, 0.03607291355729103, 0.032031621783971786, 0.0386619009077549, 0.03678322210907936, 0.03457458317279816, 0.04226985201239586, 0.03651396930217743, 0.03818334639072418, 0.032542869448661804, 0.036822572350502014, 0.03472049534320831, 0.030216792598366737, 0.036175139248371124, 0.034286417067050934, 0.03864936903119087, 0.04037272557616234, 0.0344664640724659, 0.035838812589645386, 0.03744334354996681, 0.03652438148856163, 0.025088569149374962, 0.03049222193658352, 0.03415914997458458, 0.02706115134060383, 0.03718709573149681, 0.036042675375938416, 0.029606549069285393, 0.02914898283779621];[-0.8513761162757874, -0.8275979161262512, -0.856465220451355, -0.8281150460243225, -0.8166565895080566, -0.8361314535140991, -0.8326293230056763, -0.8303546905517578, -0.8503349423408508, -0.8291482329368591, -0.8370735049247742, -0.8192248940467834, -0.8451564908027649, -0.8257572054862976, -0.8120682239532471, -0.831866979598999, -0.8235065937042236, -0.8383885025978088, -0.8540980219841003, -0.8236100673675537, -0.8329615592956543, -0.834379255771637, -0.8337350487709045, -0.7985527515411377, -0.8131544589996338, -0.8248572945594788, -0.8025088906288147, -0.8293828964233398, -0.8309603333473206, -0.8106111288070679, -0.8122859597206116];[];831.9549241065979
100;[0.7740078568458557, 0.7828853130340576, 0.7762529253959656, 0.7751418948173523, 0.7724589109420776, 0.7751961350440979, 0.7716956734657288, 0.7848221659660339, 0.780341625213623, 0.7806982398033142, 0.7757481932640076, 0.779060423374176, 0.7787240147590637, 0.7761463522911072, 0.7745723724365234, 0.7816600203514099, 0.773152232170105, 0.7838084101676941, 0.7802242040634155, 0.7708973288536072, 0.7770958542823792, 0.7856677770614624, 0.7795919179916382, 0.7802884578704834, 0.7807583212852478, 0.7822806239128113, 0.7771526575088501, 0.7816810011863708, 0.7828792333602905, 0.7847207188606262, 0.7831494212150574];[0.03575695678591728, 0.04342540353536606, 0.03950341045856476, 0.03555281087756157, 0.03382174298167229, 0.03703473508358002, 0.035350169986486435, 0.04464225098490715, 0.03722815588116646, 0.040328849107027054, 0.03585854917764664, 0.039353109896183014, 0.039270855486392975, 0.0409824475646019, 0.03629707172513008, 0.042567603290081024, 0.03480115905404091, 0.042531173676252365, 0.03836792707443237, 0.033954158425331116, 0.03758879750967026, 0.04445116966962814, 0.03764844313263893, 0.040501873940229416, 0.039498940110206604, 0.039658378809690475, 0.03784295916557312, 0.03946494311094284, 0.03967168927192688, 0.04101131111383438, 0.04177616909146309];[-0.8250949382781982, -0.8488302826881409, -0.8393433690071106, -0.8293517827987671, -0.8265718817710876, -0.8325451016426086, -0.8253081440925598, -0.8583332300186157, -0.8388038277626038, -0.8401671648025513, -0.8324664831161499, -0.8395650386810303, -0.8441298007965088, -0.8461297750473022, -0.8387754559516907, -0.8475582003593445, -0.8269012570381165, -0.848135769367218, -0.8378182649612427, -0.8235130906105042, -0.8324450850486755, -0.8568196296691895, -0.8347748517990112, -0.8374999165534973, -0.8526114821434021, -0.8397700190544128, -0.8360797166824341, -0.839814305305481, -0.8368574976921082, -0.8470627069473267, -0.8453139066696167];[];888.6328287124634
150;[0.7738230228424072, 0.7761908173561096, 0.7821232676506042, 0.7812615633010864, 0.7788589000701904, 0.7663608193397522, 0.7834299206733704, 0.7882084250450134, 0.7811577916145325, 0.7811623811721802, 0.7818918824195862, 0.7739729881286621, 0.7834471464157104, 0.777454137802124, 0.7782494425773621, 0.7889919877052307, 0.787352979183197, 0.7781919240951538, 0.78800368309021, 0.785382866859436, 0.788821816444397, 0.7829743027687073, 0.7849379181861877, 0.7841996550559998, 0.7923219203948975, 0.7951055765151978, 0.7918316721916199, 0.790431022644043, 0.790240466594696, 0.7969669103622437, 0.7894426584243774];[0.0353887565433979, 0.041239481419324875, 0.04263739660382271, 0.04236910119652748, 0.04042700305581093, 0.031577229499816895, 0.04428255558013916, 0.044258181005716324, 0.04045293480157852, 0.03999892249703407, 0.04209768772125244, 0.03651865944266319, 0.04221304506063461, 0.03884776309132576, 0.0359685979783535, 0.04548095539212227, 0.042746055871248245, 0.037351951003074646, 0.04434843361377716, 0.042123641818761826, 0.04612401872873306, 0.041844647377729416, 0.044333480298519135, 0.03918948024511337, 0.04737323150038719, 0.04841826111078262, 0.0476282462477684, 0.046090997755527496, 0.04569694399833679, 0.0490913912653923, 0.04550734907388687];[-0.8276398181915283, -0.8527566194534302, -0.8523996472358704, -0.849287211894989, -0.8442994952201843, -0.8166788220405579, -0.8566799163818359, -0.8533161282539368, -0.8464377522468567, -0.8418736457824707, -0.849014401435852, -0.8273873329162598, -0.8507329225540161, -0.8357357382774353, -0.8314598202705383, -0.8600473999977112, -0.8450685143470764, -0.8373409509658813, -0.8518754839897156, -0.8524476289749146, -0.8637765049934387, -0.8465239405632019, -0.8569595813751221, -0.8394895792007446, -0.8611347675323486, -0.8740838766098022, -0.8707135915756226, -0.8599064946174622, -0.8554711937904358, -0.8686912059783936, -0.859607994556427];[];839.9968144893646
200;[0.7712486386299133, 0.7720938920974731, 0.7779460549354553, 0.7678623199462891, 0.7744221091270447, 0.7694663405418396, 0.7722922563552856, 0.7687341570854187, 0.7713345289230347, 0.7684603333473206, 0.7774707078933716, 0.7799854874610901, 0.7690814733505249, 0.781984806060791, 0.7689424753189087, 0.7659972310066223, 0.7780636548995972, 0.7721744775772095, 0.7765723466873169, 0.7627447843551636, 0.7641067504882812, 0.7629963755607605, 0.7794008851051331, 0.7817540168762207, 0.7702456116676331, 0.7747138142585754, 0.7701639533042908, 0.7723453640937805, 0.7685322165489197, 0.7706196308135986, 0.7782228589057922];[0.03644751384854317, 0.03521020710468292, 0.04040946438908577, 0.032526757568120956, 0.03427080810070038, 0.03238698095083237, 0.036091797053813934, 0.03143854811787605, 0.032473716884851456, 0.03155745565891266, 0.03726867958903313, 0.04084072262048721, 0.03205062448978424, 0.03912496939301491, 0.0333576500415802, 0.03019159473478794, 0.03815661743283272, 0.033999133855104446, 0.03505537658929825, 0.027758833020925522, 0.028580443933606148, 0.029204485937952995, 0.04068624600768089, 0.04073413461446762, 0.03381184861063957, 0.038935523480176926, 0.03438788652420044, 0.03235292062163353, 0.03231179714202881, 0.03484867140650749, 0.040254462510347366];[-0.8304311633110046, -0.8257812261581421, -0.8445475101470947, -0.8195067048072815, -0.8244325518608093, -0.8228577971458435, -0.8305623531341553, -0.8125522136688232, -0.822222888469696, -0.816064715385437, -0.8322672247886658, -0.8439933657646179, -0.8151900768280029, -0.8436248898506165, -0.8200975060462952, -0.8172540068626404, -0.8423195481300354, -0.8227632641792297, -0.824308454990387, -0.8066449165344238, -0.8064897656440735, -0.8099173903465271, -0.8433380722999573, -0.8461300730705261, -0.8231021165847778, -0.8428855538368225, -0.825019896030426, -0.8241193294525146, -0.8144964575767517, -0.8290720582008362, -0.8465405106544495];[];836.442459821701
250;[0.7790236473083496, 0.7671434283256531, 0.7655153870582581, 0.775965690612793, 0.7761222124099731, 0.7663241028785706, 0.7722426652908325, 0.7734973430633545, 0.7823103666305542, 0.7728643417358398, 0.7739890813827515, 0.7741073369979858, 0.7677662372589111, 0.7779846787452698, 0.7773994207382202, 0.7713344693183899, 0.7755539417266846, 0.7734215259552002, 0.7692251205444336, 0.7763095498085022, 0.770124077796936, 0.7751181721687317, 0.7684342265129089, 0.76575767993927, 0.7738561630249023, 0.7730279564857483, 0.7739199995994568, 0.7790602445602417, 0.7703889608383179, 0.7673642635345459, 0.7667408585548401];[0.04095490276813507, 0.0319799929857254, 0.030995216220617294, 0.04136138781905174, 0.04067026451230049, 0.032324790954589844, 0.034100838005542755, 0.035396941006183624, 0.041245270520448685, 0.03466244414448738, 0.034370481967926025, 0.03625974431633949, 0.02913886122405529, 0.03652271628379822, 0.03926395624876022, 0.03260238096117973, 0.033478930592536926, 0.034226108342409134, 0.03279774636030197, 0.03857388719916344, 0.03254329785704613, 0.03388354554772377, 0.03272172808647156, 0.029237860813736916, 0.03218482434749603, 0.034585174173116684, 0.03477061167359352, 0.040665581822395325, 0.03248191997408867, 0.029963403940200806, 0.028139900416135788];[-0.8494722843170166, -0.8176061511039734, -0.8144208192825317, -0.8460516929626465, -0.8435057401657104, -0.816922128200531, -0.8190355896949768, -0.8338746428489685, -0.8438922762870789, -0.8251631855964661, -0.822847306728363, -0.8329446315765381, -0.8079631328582764, -0.8337308764457703, -0.8366090059280396, -0.8187060356140137, -0.823805570602417, -0.824028730392456, -0.8154870867729187, -0.8333538770675659, -0.8204875588417053, -0.8209148645401001, -0.8237780928611755, -0.8103489875793457, -0.8194011449813843, -0.827143669128418, -0.8247656226158142, -0.8411588072776794, -0.8171626329421997, -0.8137648105621338, -0.8062236309051514];[];841.8418366909027
300;[0.7677474617958069, 0.7699675559997559, 0.7697373032569885, 0.7763179540634155, 0.7748833298683167, 0.7824606895446777, 0.7730868458747864, 0.7750315070152283, 0.7720792889595032, 0.7779598236083984, 0.7741701006889343, 0.7703619003295898, 0.7788269519805908, 0.7714620232582092, 0.7708695530891418, 0.7778615355491638, 0.7729085683822632, 0.7855648994445801, 0.78897625207901, 0.7758163809776306, 0.7810424566268921, 0.7821140885353088, 0.7876380085945129, 0.7815681099891663, 0.7771851420402527, 0.78342604637146, 0.7860255837440491, 0.7813361287117004, 0.7797085046768188, 0.7923097014427185, 0.778247058391571];[0.03291848674416542, 0.033890463411808014, 0.03343851864337921, 0.03704138845205307, 0.03551168739795685, 0.04148384928703308, 0.03775438293814659, 0.03481833636760712, 0.03281138092279434, 0.03994458168745041, 0.03660087659955025, 0.032142337411642075, 0.04127559810876846, 0.033755213022232056, 0.03336377814412117, 0.0393359549343586, 0.034622106701135635, 0.0421571284532547, 0.04595794156193733, 0.03801551088690758, 0.04163104295730591, 0.04187387973070145, 0.04544023796916008, 0.039683111011981964, 0.039204902946949005, 0.04321380704641342, 0.04312298446893692, 0.04295600578188896, 0.04132125899195671, 0.050345562398433685, 0.03861284255981445];[-0.821944534778595, -0.819388747215271, -0.8248472809791565, -0.8427767753601074, -0.8242262601852417, -0.8448652625083923, -0.8351145386695862, -0.8260390162467957, -0.8196340203285217, -0.8441488742828369, -0.8327938914299011, -0.817408561706543, -0.8518215417861938, -0.8232231736183167, -0.8242442011833191, -0.8379474878311157, -0.8275482654571533, -0.8527700901031494, -0.8861655592918396, -0.8396788239479065, -0.8447149395942688, -0.8487865924835205, -0.8565449118614197, -0.8501657843589783, -0.8392578363418579, -0.8710622191429138, -0.8528245687484741, -0.8557389378547668, -0.8442073464393616, -0.8744834661483765, -0.8361095190048218];[];881.6533455848694
350;[0.7704355716705322, 0.771936297416687, 0.7700678110122681, 0.7728368043899536, 0.7678327560424805, 0.7776079177856445, 0.7654290199279785, 0.7649367451667786, 0.7781369090080261, 0.7654390335083008, 0.7737104892730713, 0.7707418203353882, 0.7893226742744446, 0.7744553089141846, 0.7739492654800415, 0.777961254119873, 0.7748599052429199, 0.7682906985282898, 0.7773924469947815, 0.7647157907485962, 0.7735968232154846, 0.7723711133003235, 0.7787107229232788, 0.7733575105667114, 0.7705179452896118, 0.7728739976882935, 0.7751355171203613, 0.7676222920417786, 0.773918092250824, 0.7725781798362732, 0.778498113155365];[0.03398638591170311, 0.03240830451250076, 0.03299121931195259, 0.03218330815434456, 0.029886536300182343, 0.038911089301109314, 0.026233699172735214, 0.028527386486530304, 0.03944995626807213, 0.030707979574799538, 0.034544892609119415, 0.034481484442949295, 0.0453794039785862, 0.03315253555774689, 0.03357090428471565, 0.03545230254530907, 0.03378819301724434, 0.03274641931056976, 0.037540607154369354, 0.029599525034427643, 0.032825104892253876, 0.03177963197231293, 0.037510838359594345, 0.032252758741378784, 0.03247688710689545, 0.032886482775211334, 0.036508090794086456, 0.030407551676034927, 0.03521043434739113, 0.032594945281744, 0.03467053920030594];[-0.8258494138717651, -0.8224102854728699, -0.8212119340896606, -0.8231018781661987, -0.813542366027832, -0.8474124670028687, -0.8020062446594238, -0.8102966547012329, -0.843783974647522, -0.8143278360366821, -0.8234241008758545, -0.8254590630531311, -0.8590803742408752, -0.8252480626106262, -0.824185311794281, -0.8274046778678894, -0.8235172033309937, -0.8194279670715332, -0.8338826298713684, -0.8107215166091919, -0.816739022731781, -0.8197182416915894, -0.8349380493164062, -0.8197266459465027, -0.8222522139549255, -0.8208757638931274, -0.8265410661697388, -0.8161105513572693, -0.8305453658103943, -0.8210384249687195, -0.843445897102356];[];847.1097934246063
400;[0.7718713283538818, 0.7760276198387146, 0.7690520286560059, 0.771445095539093, 0.7725488543510437, 0.775972306728363, 0.7697901725769043, 0.7700838446617126, 0.7672542929649353, 0.7647411227226257, 0.7703227400779724, 0.7784730195999146, 0.7772771120071411, 0.7671229839324951, 0.7745647430419922, 0.7747710943222046, 0.7686396837234497, 0.7767326831817627, 0.7727856040000916, 0.7739413380622864, 0.76871657371521, 0.7694821357727051, 0.7789589166641235, 0.7760869264602661, 0.7689154148101807, 0.7688685059547424, 0.7717671990394592, 0.7689439058303833, 0.7727413773536682, 0.7672941088676453, 0.768164873123169];[0.038732193410396576, 0.03795613348484039, 0.033291589468717575, 0.04010434448719025, 0.034180495887994766, 0.039213310927152634, 0.034652773290872574, 0.033272236585617065, 0.02909812331199646, 0.029652338474988937, 0.03384151682257652, 0.03802432492375374, 0.035933274775743484, 0.02791648916900158, 0.035203367471694946, 0.03550517186522484, 0.032634299248456955, 0.035091836005449295, 0.030976463109254837, 0.03358739614486694, 0.03190699964761734, 0.031704824417829514, 0.036801695823669434, 0.03566735237836838, 0.030462615191936493, 0.03049379773437977, 0.03392453119158745, 0.03149774298071861, 0.03367355838418007, 0.028649475425481796, 0.02970823645591736];[-0.8386055827140808, -0.8332539796829224, -0.8199846744537354, -0.8374287486076355, -0.8235289454460144, -0.8400474786758423, -0.8268647193908691, -0.8181232810020447, -0.8130815625190735, -0.8092844486236572, -0.8272967338562012, -0.8351878523826599, -0.8302618861198425, -0.8067846894264221, -0.826812207698822, -0.8263601064682007, -0.8171664476394653, -0.8344883918762207, -0.8138781189918518, -0.8233810067176819, -0.8208723068237305, -0.8196920156478882, -0.8316422700881958, -0.8307912349700928, -0.8141156435012817, -0.8126897215843201, -0.8228581547737122, -0.8200260400772095, -0.8239457607269287, -0.8090291619300842, -0.8138712048530579];[];849.7682504653931
450;[0.7701276540756226, 0.7702904939651489, 0.7676678895950317, 0.7729808688163757, 0.765546977519989, 0.7780566215515137, 0.7719164490699768, 0.7655678987503052, 0.7784519195556641, 0.7749570608139038, 0.7751766443252563, 0.7683481574058533, 0.76891028881073, 0.7701749801635742, 0.7849777340888977, 0.770250678062439, 0.7774114012718201, 0.7714601755142212, 0.7842515110969543, 0.782336413860321, 0.7791356444358826, 0.7750229239463806, 0.7804350256919861, 0.7702528238296509, 0.7752424478530884, 0.7764189839363098, 0.7805417776107788, 0.7741426825523376, 0.7801844477653503, 0.7709404826164246, 0.7758533954620361];[0.03517783433198929, 0.03573984652757645, 0.029574811458587646, 0.03335285559296608, 0.03131075203418732, 0.040145181119441986, 0.033325646072626114, 0.028640808537602425, 0.039833564311265945, 0.0346856527030468, 0.033220041543245316, 0.03224140405654907, 0.03133269399404526, 0.03184814378619194, 0.04398909956216812, 0.03442792966961861, 0.0377810075879097, 0.03371304273605347, 0.04384365305304527, 0.045251067727804184, 0.03737253323197365, 0.03669215738773346, 0.03864626586437225, 0.03165406733751297, 0.0370546393096447, 0.03435596451163292, 0.03946791961789131, 0.035420142114162445, 0.04067094251513481, 0.031279418617486954, 0.038327790796756744];[-0.8249574303627014, -0.8268069624900818, -0.8129898905754089, -0.8222120404243469, -0.8223937749862671, -0.8438276052474976, -0.8212257027626038, -0.8074629902839661, -0.8350192904472351, -0.8360358476638794, -0.823549747467041, -0.8177352547645569, -0.8184550404548645, -0.8145759701728821, -0.8576051592826843, -0.8237839937210083, -0.8309841156005859, -0.8261308073997498, -0.857162594795227, -0.860568642616272, -0.8362529277801514, -0.8351339101791382, -0.8406689167022705, -0.8155090808868408, -0.8293371796607971, -0.832144558429718, -0.8462851047515869, -0.8282775282859802, -0.8451856970787048, -0.8125854134559631, -0.8357757329940796];[];835.8170454502106
500;[0.7742420434951782, 0.7747895121574402, 0.7757744193077087, 0.7757608294487, 0.7795305848121643, 0.7795522212982178, 0.7699851393699646, 0.7855871915817261, 0.7745319604873657, 0.773849368095398, 0.7848535776138306, 0.7715693712234497, 0.7779614329338074, 0.7785739302635193, 0.768052339553833, 0.7775750756263733, 0.7800508737564087, 0.7708709836006165, 0.7834011912345886, 0.7894766926765442, 0.7725409269332886, 0.7738214135169983, 0.7738558053970337, 0.7831352949142456, 0.7766587734222412, 0.7845017313957214, 0.7754522562026978, 0.7695926427841187, 0.777975857257843, 0.7783163785934448, 0.7749104499816895];[0.036258865147829056, 0.036109793931245804, 0.03848123550415039, 0.0388387106359005, 0.03954577073454857, 0.03913214057683945, 0.035838548094034195, 0.04564087837934494, 0.03820446878671646, 0.03770057111978531, 0.04680986329913139, 0.038885004818439484, 0.04093346744775772, 0.042238831520080566, 0.0349399596452713, 0.040924813598394394, 0.042468369007110596, 0.03873983398079872, 0.04608701169490814, 0.04970254749059677, 0.0365007258951664, 0.03808373957872391, 0.037385426461696625, 0.04724723845720291, 0.04092666879296303, 0.04679463803768158, 0.03900797665119171, 0.03701503574848175, 0.04252766817808151, 0.04230203852057457, 0.037993159145116806];[-0.8328738808631897, -0.8277683258056641, -0.8350586891174316, -0.8387240767478943, -0.8394401669502258, -0.8405975103378296, -0.830642819404602, -0.8543424010276794, -0.8312523365020752, -0.8305103778839111, -0.8658075928688049, -0.8403255939483643, -0.8433738946914673, -0.8441082835197449, -0.8256958723068237, -0.8422844409942627, -0.8493525385856628, -0.8368052840232849, -0.8610737919807434, -0.8729303479194641, -0.8291003704071045, -0.8357238173484802, -0.8312987685203552, -0.8728755116462708, -0.8451709747314453, -0.8615103960037231, -0.8378084897994995, -0.8321021199226379, -0.8450793027877808, -0.8447734713554382, -0.8373436331748962];[];878.8012402057648
550;[0.7799436450004578, 0.7749637365341187, 0.7734671235084534, 0.7769553065299988, 0.7672983407974243, 0.7810408473014832, 0.7720704674720764, 0.7750266194343567, 0.777711033821106, 0.7756503224372864, 0.7694721221923828, 0.7728999853134155, 0.7714622616767883, 0.7770183086395264, 0.7735394239425659, 0.7762478590011597, 0.776684045791626, 0.7721173167228699, 0.7729051113128662, 0.7669888138771057, 0.7771846652030945, 0.7778110504150391, 0.7811988592147827, 0.7795162200927734, 0.7777304649353027, 0.7708622813224792, 0.7773436307907104, 0.7706301212310791, 0.7744287252426147, 0.7748671770095825, 0.7767823934555054];[0.04087536036968231, 0.035131119191646576, 0.03493620082736015, 0.03792201727628708, 0.031819574534893036, 0.039862584322690964, 0.03747032582759857, 0.037609297782182693, 0.040108926594257355, 0.03855457156896591, 0.03355725482106209, 0.03804911673069, 0.03453419730067253, 0.040343038737773895, 0.03599274158477783, 0.039720963686704636, 0.0381086990237236, 0.03769010305404663, 0.03629223257303238, 0.03596135601401329, 0.03899434208869934, 0.03802333027124405, 0.04291972145438194, 0.04160036891698837, 0.03797280043363571, 0.03788755461573601, 0.04357102885842323, 0.03526531159877777, 0.03571126610040665, 0.036721304059028625, 0.0402267687022686];[-0.8462213277816772, -0.8246861100196838, -0.8245409727096558, -0.8314273953437805, -0.8177558183670044, -0.8376125693321228, -0.834931492805481, -0.8338565826416016, -0.8480702042579651, -0.8362584114074707, -0.821313738822937, -0.8336082100868225, -0.8238142132759094, -0.8467928171157837, -0.8291530609130859, -0.8448643088340759, -0.8361985087394714, -0.8341234922409058, -0.8326202034950256, -0.8357135057449341, -0.8424627780914307, -0.8326220512390137, -0.8541668653488159, -0.8498989939689636, -0.8466823697090149, -0.8322060704231262, -0.8561683297157288, -0.8249443173408508, -0.8256041407585144, -0.8313747644424438, -0.8448571562767029];[];852.7521748542786
600;[0.7843565344810486, 0.7868632674217224, 0.7782045602798462, 0.7739012837409973, 0.7740917801856995, 0.7761550545692444, 0.7698974609375, 0.7800255417823792, 0.7787862420082092, 0.773674726486206, 0.7785650491714478, 0.7819067239761353, 0.7685468792915344, 0.7749247550964355, 0.776442289352417, 0.7757430076599121, 0.7743375301361084, 0.7701786160469055, 0.7744774222373962, 0.7696946859359741, 0.7708389759063721, 0.7696148753166199, 0.7762807607650757, 0.7715827226638794, 0.7778732180595398, 0.7764154076576233, 0.7688667178153992, 0.771530032157898, 0.7712574601173401, 0.7698485851287842, 0.7792356014251709];[0.0427822507917881, 0.04739195108413696, 0.040307752788066864, 0.03749788552522659, 0.0359274223446846, 0.03496541455388069, 0.033983949571847916, 0.04205850511789322, 0.03806249052286148, 0.038465872406959534, 0.04133974015712738, 0.044969286769628525, 0.03227662295103073, 0.03765207529067993, 0.03808518499135971, 0.04006333276629448, 0.03516588360071182, 0.03467100113630295, 0.03657250851392746, 0.0334981307387352, 0.03452550247311592, 0.03390788659453392, 0.037381723523139954, 0.03614644333720207, 0.03803093358874321, 0.03615984320640564, 0.03374287113547325, 0.035694703459739685, 0.036999110132455826, 0.036613550037145615, 0.04180058464407921];[-0.8588883280754089, -0.8739282488822937, -0.8424344658851624, -0.8316928744316101, -0.8338573575019836, -0.8695198893547058, -0.8217966556549072, -0.8459392786026001, -0.8365880846977234, -0.8374428153038025, -0.8479129076004028, -0.8573361039161682, -0.8175244927406311, -0.830788791179657, -0.8373224139213562, -0.8458073735237122, -0.8393048048019409, -0.8230123519897461, -0.8316649794578552, -0.8192006945610046, -0.8248977065086365, -0.8221254944801331, -0.8354986310005188, -0.8310408592224121, -0.8330503106117249, -0.8317690491676331, -0.8260777592658997, -0.8273445963859558, -0.8295087218284607, -0.8316302299499512, -0.8542032837867737];[];847.9238495826721
650;[0.7730379700660706, 0.7748556733131409, 0.7671029567718506, 0.7647739052772522, 0.7740650177001953, 0.7705547213554382, 0.7745031714439392, 0.7756619453430176, 0.7698914408683777, 0.778046727180481, 0.7632936835289001, 0.7748092412948608, 0.7812545299530029, 0.7800954580307007, 0.7769853472709656, 0.7776862978935242, 0.7702261805534363, 0.7759012579917908, 0.7617617249488831, 0.7794763445854187, 0.7788507342338562, 0.7737195491790771, 0.7797523140907288, 0.7789676785469055, 0.7781246900558472, 0.7723976969718933, 0.783431887626648, 0.7756872773170471, 0.7789801359176636, 0.76707923412323, 0.7709770798683167];[0.03675731644034386, 0.03592425584793091, 0.0316600427031517, 0.02828773856163025, 0.03460235893726349, 0.03579414263367653, 0.038650207221508026, 0.038845717906951904, 0.034828949719667435, 0.037399377673864365, 0.028290998190641403, 0.037604715675115585, 0.04236184060573578, 0.039198871701955795, 0.03776462376117706, 0.0383886955678463, 0.033231787383556366, 0.036987509578466415, 0.027995029464364052, 0.0388668067753315, 0.036112114787101746, 0.037482768297195435, 0.038505516946315765, 0.04076002165675163, 0.03794527053833008, 0.03480428829789162, 0.04172695800662041, 0.035624053329229355, 0.03804334998130798, 0.029158394783735275, 0.03305528312921524];[-0.8281813859939575, -0.8349044322967529, -0.8145411014556885, -0.8076397776603699, -0.8297279477119446, -0.8317757844924927, -0.8356502056121826, -0.8383492827415466, -0.8296741247177124, -0.8355795741081238, -0.8098754286766052, -0.8312795758247375, -0.8509782552719116, -0.8380632400512695, -0.8362407684326172, -0.8342085480690002, -0.8221256732940674, -0.8338951468467712, -0.8062340021133423, -0.8419399261474609, -0.8334833979606628, -0.8392685055732727, -0.8377474546432495, -0.8573241829872131, -0.8321807980537415, -0.8233887553215027, -0.8462089896202087, -0.828178346157074, -0.836861252784729, -0.8139728307723999, -0.824228048324585];[];844.4978823661804
700;[0.7688427567481995, 0.7698685526847839, 0.7723877429962158, 0.7719610929489136, 0.7719951272010803, 0.7771105766296387, 0.772354781627655, 0.7711713910102844, 0.7658589482307434, 0.7847232222557068, 0.7711302042007446, 0.7750955820083618, 0.7739800810813904, 0.7795910239219666, 0.7860713005065918, 0.7779195308685303, 0.7792630791664124, 0.7853010892868042, 0.7895842790603638, 0.7758532762527466, 0.7791864275932312, 0.7778100371360779, 0.7763991951942444, 0.7816287875175476, 0.7772566080093384, 0.7868209481239319, 0.7742730975151062, 0.7883156538009644, 0.7834749817848206, 0.7838194370269775, 0.7710467576980591];[0.0325908288359642, 0.03076530061662197, 0.034416910260915756, 0.033777594566345215, 0.03229412063956261, 0.03307844698429108, 0.033784426748752594, 0.033522918820381165, 0.02825082838535309, 0.04492728412151337, 0.03496871143579483, 0.03611421212553978, 0.0344979390501976, 0.04000047221779823, 0.043936941772699356, 0.03733406215906143, 0.039685532450675964, 0.04559525474905968, 0.045752860605716705, 0.04209756851196289, 0.040289439260959625, 0.04171710088849068, 0.03834334760904312, 0.04086504504084587, 0.03817315027117729, 0.04502240568399429, 0.0383734330534935, 0.048214394599199295, 0.04172849282622337, 0.04453756660223007, 0.03709736838936806];[-0.8223816156387329, -0.8215591311454773, -0.8242385387420654, -0.8296197056770325, -0.8199736475944519, -0.8592078685760498, -0.8241915106773376, -0.8202636241912842, -0.8047347664833069, -0.8586684465408325, -0.8255952000617981, -0.8283855319023132, -0.8225665092468262, -0.8419232964515686, -0.8556574583053589, -0.8388715982437134, -0.8391298055648804, -0.8584129810333252, -0.8622997403144836, -0.8462046384811401, -0.8455067873001099, -0.8493945598602295, -0.8369042873382568, -0.8485202193260193, -0.8362919092178345, -0.8591788411140442, -0.837174117565155, -0.868582010269165, -0.8515709042549133, -0.8581380844116211, -0.83406001329422];[];849.7371451854706
750;[0.7702447175979614, 0.7736986875534058, 0.7744057178497314, 0.7776812314987183, 0.7720237970352173, 0.7745479345321655, 0.7764907479286194, 0.7756428718566895, 0.7736388444900513, 0.7763907313346863, 0.7796417474746704, 0.7748361825942993, 0.7765878438949585, 0.7821438312530518, 0.7736863493919373, 0.7771660089492798, 0.787892758846283, 0.7785835862159729, 0.7823110818862915, 0.7809350490570068, 0.782745897769928, 0.7807131409645081, 0.7725040316581726, 0.779116690158844, 0.7875523567199707, 0.7796064019203186, 0.7716456651687622, 0.784341037273407, 0.7703837156295776, 0.773646891117096, 0.7876207232475281];[0.03627016022801399, 0.03854084387421608, 0.036590635776519775, 0.038656119257211685, 0.03715013712644577, 0.03872772306203842, 0.04060707241296768, 0.03798288106918335, 0.034871987998485565, 0.03810196369886398, 0.04119182750582695, 0.03605176508426666, 0.03807312622666359, 0.04338982701301575, 0.03778296709060669, 0.04060584306716919, 0.04689592868089676, 0.039886150509119034, 0.04224719479680061, 0.04416361078619957, 0.04399341717362404, 0.04263172298669815, 0.03431219607591629, 0.043590348213911057, 0.04691914841532707, 0.041933197528123856, 0.03474567085504532, 0.04820740222930908, 0.03715048357844353, 0.038377631455659866, 0.0524224154651165];[-0.8291909098625183, -0.8366382718086243, -0.8394551277160645, -0.8483396172523499, -0.8278748393058777, -0.8353255987167358, -0.845747172832489, -0.8389549851417542, -0.8272863030433655, -0.8375512361526489, -0.8505716323852539, -0.8368446230888367, -0.8332356810569763, -0.8536345362663269, -0.835725724697113, -0.8441876173019409, -0.8672082424163818, -0.8415661454200745, -0.8556842803955078, -0.8560919761657715, -0.8542284369468689, -0.850298285484314, -0.8249803185462952, -0.8521879315376282, -0.8623003959655762, -0.8457028865814209, -0.8263381719589233, -0.8654273748397827, -0.8326817154884338, -0.8373303413391113, -0.8877500891685486];[];835.3068792819977
800;[0.7814730405807495, 0.7649745941162109, 0.7663636803627014, 0.7750218510627747, 0.7856516242027283, 0.7813665866851807, 0.7773416042327881, 0.7743504643440247, 0.772594153881073, 0.769314706325531, 0.7724912166595459, 0.7835776805877686, 0.7680050134658813, 0.7824217677116394, 0.7756310701370239, 0.7732169032096863, 0.7759691476821899, 0.7763737440109253, 0.781688392162323, 0.7721638679504395, 0.7763151526451111, 0.7728525996208191, 0.7691476941108704, 0.7672808766365051, 0.7846872806549072, 0.775031328201294, 0.7738336324691772, 0.7810792922973633, 0.7680962681770325, 0.7749018669128418, 0.7703229188919067];[0.04097798466682434, 0.0313284806907177, 0.03031841665506363, 0.03510501980781555, 0.04621916636824608, 0.04162977635860443, 0.03736250475049019, 0.033942870795726776, 0.033717673271894455, 0.030086888000369072, 0.033875152468681335, 0.043786510825157166, 0.031203798949718475, 0.042116034775972366, 0.03690798208117485, 0.032736167311668396, 0.03501679375767708, 0.03497271239757538, 0.03961193189024925, 0.030730489641427994, 0.036770280450582504, 0.03368597477674484, 0.03297198936343193, 0.030743254348635674, 0.041132401674985886, 0.036649953573942184, 0.03722710534930229, 0.04037671163678169, 0.030271058902144432, 0.03572297841310501, 0.03239036351442337];[-0.8487133383750916, -0.8174036145210266, -0.812033474445343, -0.8308619856834412, -0.8618298172950745, -0.850972056388855, -0.8307924866676331, -0.8253415822982788, -0.8227357268333435, -0.8139193058013916, -0.8234292268753052, -0.8522090911865234, -0.816065788269043, -0.8567017912864685, -0.832703173160553, -0.8202165365219116, -0.8254529237747192, -0.8283186554908752, -0.8552857041358948, -0.8419106602668762, -0.832167387008667, -0.8333783745765686, -0.8169612884521484, -0.8140824437141418, -0.8612496256828308, -0.8324499130249023, -0.8314294815063477, -0.841538667678833, -0.8153966069221497, -0.829635739326477, -0.8177226781845093];[];837.6813321113586
850;[0.7738751173019409, 0.7697882056236267, 0.7704614400863647, 0.7765187621116638, 0.7718398571014404, 0.779135525226593, 0.7796593904495239, 0.769704282283783, 0.7814115881919861, 0.764121413230896, 0.774061381816864, 0.7815327644348145, 0.7753963470458984, 0.7738759517669678, 0.7781573534011841, 0.7728270888328552, 0.7682710886001587, 0.7783069014549255, 0.7684392333030701, 0.7705041766166687, 0.773766279220581, 0.7717312574386597, 0.7661148905754089, 0.7759270668029785, 0.7732259631156921, 0.7717454433441162, 0.7656198143959045, 0.771659791469574, 0.7801144123077393, 0.7712204456329346, 0.7712358832359314];[0.03582756966352463, 0.03512489050626755, 0.03232812508940697, 0.039560940116643906, 0.037975650280714035, 0.04102923721075058, 0.04219185560941696, 0.035565655678510666, 0.04680868238210678, 0.03002263978123665, 0.04033350199460983, 0.04549090564250946, 0.040157247334718704, 0.0385059155523777, 0.04152899980545044, 0.03835321217775345, 0.03663147985935211, 0.040672384202480316, 0.03561985120177269, 0.03686702996492386, 0.037411801517009735, 0.037452369928359985, 0.03226657211780548, 0.03877226635813713, 0.0372115820646286, 0.03972369804978371, 0.033869002014398575, 0.03822734206914902, 0.04002450406551361, 0.034928496927022934, 0.03834245353937149];[-0.8319753408432007, -0.8273388743400574, -0.8203983902931213, -0.8388265371322632, -0.8376635909080505, -0.8428435921669006, -0.8652485609054565, -0.8306543231010437, -0.858612060546875, -0.8139569163322449, -0.8417056202888489, -0.8599215149879456, -0.8487114310264587, -0.8381825089454651, -0.8512621521949768, -0.8342747688293457, -0.8399761915206909, -0.8422447443008423, -0.8282926678657532, -0.841012716293335, -0.8344468474388123, -0.8360896110534668, -0.8157300353050232, -0.837431013584137, -0.8338865637779236, -0.8488006591796875, -0.819992184638977, -0.833727240562439, -0.8406975865364075, -0.8235804438591003, -0.8365683555603027];[];830.8117778301239
900;[0.7756485342979431, 0.7733755111694336, 0.7706449627876282, 0.7747845649719238, 0.7814728021621704, 0.7692714929580688, 0.7839420437812805, 0.7775203585624695, 0.781916618347168, 0.7724841833114624, 0.7755605578422546, 0.7781743407249451, 0.7748843431472778, 0.7845985293388367, 0.7735593318939209, 0.7967523336410522, 0.7815816402435303, 0.7744956016540527, 0.7781249284744263, 0.777546763420105, 0.774155855178833, 0.7717529535293579, 0.7783730626106262, 0.7803520560264587, 0.7714520692825317, 0.7766355872154236, 0.778332531452179, 0.7819057703018188, 0.781414270401001, 0.7796876430511475, 0.7751538753509521];[0.03539879247546196, 0.03664616867899895, 0.034341007471084595, 0.03939390555024147, 0.04223493114113808, 0.03726738691329956, 0.04445887729525566, 0.04046102240681648, 0.04394318535923958, 0.03673849254846573, 0.04049073904752731, 0.04033861309289932, 0.037871263921260834, 0.04667926952242851, 0.03912178426980972, 0.05474521964788437, 0.042727645486593246, 0.0381002351641655, 0.040663138031959534, 0.03948310762643814, 0.03844423592090607, 0.03686905652284622, 0.04304490610957146, 0.041554443538188934, 0.036894187331199646, 0.04156113415956497, 0.04240283742547035, 0.045647528022527695, 0.04345974698662758, 0.04275452345609665, 0.03728822246193886];[-0.8271000981330872, -0.8379554152488708, -0.823381245136261, -0.8398040533065796, -0.8502944111824036, -0.8373112678527832, -0.8571658134460449, -0.8433676362037659, -0.8692227602005005, -0.8292968273162842, -0.843594491481781, -0.840602695941925, -0.8379000425338745, -0.8582038283348083, -0.8351043462753296, -0.8865570425987244, -0.8598650097846985, -0.8356304168701172, -0.8454253077507019, -0.8395575881004333, -0.8382514119148254, -0.832606315612793, -0.8585384488105774, -0.8504905104637146, -0.8294922113418579, -0.8443543910980225, -0.8467642068862915, -0.8668696284294128, -0.8643566370010376, -0.8531004786491394, -0.8310912251472473];[];856.0675728321075
950;[0.7704263925552368, 0.7634122967720032, 0.7741060256958008, 0.779356837272644, 0.7746978402137756, 0.7663082480430603, 0.7741636037826538, 0.7819638848304749, 0.7732783555984497, 0.7855072617530823, 0.7725578546524048, 0.7707632184028625, 0.7734882235527039, 0.7709981799125671, 0.7699194550514221, 0.7747373580932617, 0.770445704460144, 0.7674583792686462, 0.7785869836807251, 0.766282856464386, 0.7686058878898621, 0.7721075415611267, 0.7715821266174316, 0.781802773475647, 0.7703766226768494, 0.7776166796684265, 0.773094117641449, 0.77620929479599, 0.7704875469207764, 0.7723394632339478, 0.7698835730552673];[0.03167470917105675, 0.027452370151877403, 0.03857821971178055, 0.03880408778786659, 0.03602171689271927, 0.029953425750136375, 0.03458203002810478, 0.04134226217865944, 0.032838959246873856, 0.04226287081837654, 0.03180309757590294, 0.03124750591814518, 0.033533863723278046, 0.0346902534365654, 0.03310244157910347, 0.03771346062421799, 0.03274048492312431, 0.03142303600907326, 0.034621309489011765, 0.02670145221054554, 0.029045039787888527, 0.03364613652229309, 0.03071223571896553, 0.038070883601903915, 0.02834625169634819, 0.035091713070869446, 0.03165513277053833, 0.03060605190694332, 0.027580954134464264, 0.03049481473863125, 0.028175169602036476];[-0.8184921145439148, -0.8070439696311951, -0.8345890045166016, -0.8479270339012146, -0.8336273431777954, -0.8126813769340515, -0.828024685382843, -0.8514468669891357, -0.8204017281532288, -0.8611619472503662, -0.8143231272697449, -0.8138703107833862, -0.8231326937675476, -0.8248844742774963, -0.819749116897583, -0.8377745747566223, -0.8202033042907715, -0.8176582455635071, -0.8292782306671143, -0.802305281162262, -0.8093165159225464, -0.822299599647522, -0.8218697309494019, -0.838857889175415, -0.8094127178192139, -0.8362342715263367, -0.821503221988678, -0.8180314302444458, -0.805764377117157, -0.8142485022544861, -0.8082754611968994];[];832.6410946846008
1000;[0.7706597447395325, 0.781686007976532, 0.7655829191207886, 0.7728350758552551, 0.7660925984382629, 0.7692031264305115, 0.7682332992553711, 0.7746071219444275, 0.7661105990409851, 0.7609492540359497, 0.7735158801078796, 0.7746589779853821, 0.7680712938308716, 0.7730219960212708, 0.7681995630264282, 0.7665693759918213, 0.771921694278717, 0.7726550698280334, 0.779288113117218, 0.7732626795768738, 0.7753053307533264, 0.777491569519043, 0.764159619808197, 0.7693723440170288, 0.7723573446273804, 0.7746123671531677, 0.768067479133606, 0.7678856253623962, 0.7758697271347046, 0.7705759406089783, 0.76957106590271];[0.034670133143663406, 0.04205426946282387, 0.028520328924059868, 0.0368928536772728, 0.031806886196136475, 0.033191077411174774, 0.031997714191675186, 0.03700972720980644, 0.030521241948008537, 0.026780255138874054, 0.03521781042218208, 0.03542525693774223, 0.032114531844854355, 0.03611718863248825, 0.03097526729106903, 0.031766630709171295, 0.0323907695710659, 0.035710662603378296, 0.03990302234888077, 0.03785288333892822, 0.036411870270967484, 0.03601701185107231, 0.0266952533274889, 0.030673174187541008, 0.03280794620513916, 0.0345025397837162, 0.0313875749707222, 0.031049305573105812, 0.03532610833644867, 0.03303193300962448, 0.029653996229171753];[-0.8294352293014526, -0.8461888432502747, -0.8062159419059753, -0.8345279693603516, -0.8186228275299072, -0.8208256959915161, -0.8148931860923767, -0.8310104608535767, -0.8110042214393616, -0.8040443658828735, -0.8245540857315063, -0.8343124985694885, -0.8203322291374207, -0.8310522437095642, -0.8164048790931702, -0.8136529326438904, -0.8201836943626404, -0.827964723110199, -0.8412173986434937, -0.8347718715667725, -0.8321824669837952, -0.8382339477539062, -0.8014935851097107, -0.8151816725730896, -0.818962037563324, -0.8286129236221313, -0.8216227889060974, -0.8167328834533691, -0.8258079290390015, -0.8219026327133179, -0.8184157609939575];[];841.6030061244965
1050;[0.7767015695571899, 0.7739777565002441, 0.768234133720398, 0.770791232585907, 0.7840909361839294, 0.7718061804771423, 0.7706632614135742, 0.7840827703475952, 0.7734736800193787, 0.7644200921058655, 0.7788599729537964, 0.771020770072937, 0.770499050617218, 0.7740679979324341, 0.770584762096405, 0.7682629227638245, 0.7765327095985413, 0.7727926969528198, 0.7788338661193848, 0.7817345261573792, 0.7767864465713501, 0.7791498303413391, 0.778886079788208, 0.7716531753540039, 0.772329568862915, 0.7781922817230225, 0.7756631374359131, 0.7716444134712219, 0.7805708050727844, 0.7731565833091736, 0.7734109163284302];[0.03815692290663719, 0.03484862670302391, 0.03088243491947651, 0.034890446811914444, 0.04148631542921066, 0.03755006939172745, 0.03581491857767105, 0.043510809540748596, 0.03683560714125633, 0.02897089533507824, 0.03933490440249443, 0.03387085720896721, 0.03168003633618355, 0.03293915092945099, 0.031943876296281815, 0.030637351796030998, 0.038695208728313446, 0.03466321900486946, 0.03712384030222893, 0.04152689501643181, 0.039028141647577286, 0.038094911724328995, 0.0385500006377697, 0.02857006900012493, 0.03369838744401932, 0.035325948148965836, 0.03730154410004616, 0.03462666645646095, 0.040351059287786484, 0.03312458470463753, 0.03361421078443527];[-0.8371472954750061, -0.8233585953712463, -0.8154562711715698, -0.8273648619651794, -0.8530007600784302, -0.8365859389305115, -0.8305431604385376, -0.8489277362823486, -0.8350511193275452, -0.8083233833312988, -0.8389413952827454, -0.8228452205657959, -0.8178969025611877, -0.818488597869873, -0.8186898231506348, -0.8133213520050049, -0.8388746976852417, -0.8223108053207397, -0.8437926173210144, -0.8522009253501892, -0.8467689156532288, -0.83859783411026, -0.8346617817878723, -0.8103747963905334, -0.8220449686050415, -0.8253912329673767, -0.8318623304367065, -0.8231581449508667, -0.8400651216506958, -0.8204653263092041, -0.8224626779556274];[];855.0791163444519
1100;[0.767893373966217, 0.7734418511390686, 0.7779814600944519, 0.7710573673248291, 0.7816662788391113, 0.7800098657608032, 0.7764971256256104, 0.780051052570343, 0.7688856720924377, 0.77418053150177, 0.7745642066001892, 0.7788968682289124, 0.7820029258728027, 0.7938671708106995, 0.778413712978363, 0.7764267921447754, 0.7928120493888855, 0.7870956659317017, 0.78434157371521, 0.7855618000030518, 0.7814487218856812, 0.7802093625068665, 0.7828665375709534, 0.7847414612770081, 0.7757086157798767, 0.7766758799552917, 0.7813971042633057, 0.7826645374298096, 0.7795703411102295, 0.7867034673690796, 0.7831007242202759];[0.035056453198194504, 0.037353284657001495, 0.03742332383990288, 0.03440340608358383, 0.04282151907682419, 0.044348228722810745, 0.03631565719842911, 0.04095873236656189, 0.03348950296640396, 0.03613341227173805, 0.038207922130823135, 0.04027494043111801, 0.037834007292985916, 0.0519571453332901, 0.03811502456665039, 0.03827464208006859, 0.048551104962825775, 0.04343491047620773, 0.045161180198192596, 0.04335620254278183, 0.038863394409418106, 0.03825710341334343, 0.041984621435403824, 0.043531786650419235, 0.03714168444275856, 0.03732302784919739, 0.043048661202192307, 0.042845748364925385, 0.040122970938682556, 0.04537949338555336, 0.03954797983169556];[-0.8261896967887878, -0.8336324691772461, -0.8349679112434387, -0.8229203224182129, -0.8517742156982422, -0.8555005788803101, -0.8280683755874634, -0.851752519607544, -0.8196712136268616, -0.8349288702011108, -0.8330341577529907, -0.8462585210800171, -0.8336300849914551, -0.876663088798523, -0.8373466730117798, -0.8384883999824524, -0.9031489491462708, -0.860858142375946, -0.8575233221054077, -0.8583969473838806, -0.8378564119338989, -0.8378351926803589, -0.8501191735267639, -0.8536777496337891, -0.8353226184844971, -0.8340158462524414, -0.8530968427658081, -0.8551020622253418, -0.8460484743118286, -0.856695294380188, -0.8416390419006348];[];850.0405476093292
1150;[0.7852113246917725, 0.7755756974220276, 0.7696962952613831, 0.7682852745056152, 0.7744598984718323, 0.7774646282196045, 0.7725765109062195, 0.7816675901412964, 0.7673561573028564, 0.7745963931083679, 0.7748493552207947, 0.7748392224311829, 0.7716233134269714, 0.7717280983924866, 0.772453248500824, 0.7640905976295471, 0.7703863382339478, 0.7765794992446899, 0.7709907293319702, 0.773682177066803, 0.7743473649024963, 0.7723826169967651, 0.7758556008338928, 0.769963264465332, 0.7666813135147095, 0.7722616791725159, 0.7765675187110901, 0.7756155133247375, 0.7698922157287598, 0.7670975923538208, 0.7677927613258362];[0.04333550110459328, 0.034990083426237106, 0.03372504562139511, 0.03266491740942001, 0.038221023976802826, 0.038924574851989746, 0.03507950156927109, 0.040584784001111984, 0.03164069727063179, 0.03482062742114067, 0.03738338500261307, 0.037713948637247086, 0.0345894880592823, 0.035358328372240067, 0.035577867180109024, 0.027389468625187874, 0.032292481511831284, 0.037070803344249725, 0.033776506781578064, 0.035790011286735535, 0.03620533645153046, 0.037052933126688004, 0.03693102300167084, 0.03156323730945587, 0.028764305636286736, 0.0353437177836895, 0.037716884166002274, 0.03798728808760643, 0.0349440835416317, 0.03262260928750038, 0.03391626104712486];[-0.8496584892272949, -0.8429133296012878, -0.8190250992774963, -0.8184833526611328, -0.8364988565444946, -0.8384594321250916, -0.8263565301895142, -0.8468677997589111, -0.8193585276603699, -0.8263875842094421, -0.8422807455062866, -0.830815315246582, -0.8247556686401367, -0.8256702423095703, -0.8286397457122803, -0.8046903610229492, -0.8212482929229736, -0.8328054547309875, -0.8211338520050049, -0.831572949886322, -0.8381275534629822, -0.8323248624801636, -0.8309110999107361, -0.8163811564445496, -0.8085587024688721, -0.8290811777114868, -0.8363862633705139, -0.8383489847183228, -0.8255936503410339, -0.8182004690170288, -0.832091212272644];[];886.9349594116211
1200;[0.7727193832397461, 0.7742056846618652, 0.7806428670883179, 0.7700427770614624, 0.7727906107902527, 0.7743546366691589, 0.7753589749336243, 0.7755078077316284, 0.7802465558052063, 0.7805123329162598, 0.7662400007247925, 0.7698569297790527, 0.7759146690368652, 0.7756158709526062, 0.7803806662559509, 0.7731652855873108, 0.783608615398407, 0.7714947462081909, 0.7680180668830872, 0.7745288014411926, 0.7806685566902161, 0.77626633644104, 0.7734907865524292, 0.7745710611343384, 0.7735204100608826, 0.768753170967102, 0.7715368270874023, 0.7828207015991211, 0.7749481201171875, 0.7729150056838989, 0.7777543067932129];[0.03595331311225891, 0.036755580455064774, 0.04219014570116997, 0.03313237056136131, 0.03355447202920914, 0.0362824983894825, 0.03667382523417473, 0.036423131823539734, 0.03917331621050835, 0.038312360644340515, 0.029565464705228806, 0.032604917883872986, 0.03559906780719757, 0.03661828860640526, 0.04158654063940048, 0.03243612125515938, 0.042835164815187454, 0.032479073852300644, 0.03060799092054367, 0.03594787418842316, 0.04033435136079788, 0.03711896389722824, 0.03520406037569046, 0.03833257779479027, 0.03684040158987045, 0.03017764538526535, 0.03379339724779129, 0.044687505811452866, 0.03949202597141266, 0.03620054945349693, 0.039022114127874374];[-0.827035129070282, -0.8356098532676697, -0.8457478880882263, -0.8232722282409668, -0.8227813839912415, -0.8323374390602112, -0.8360006809234619, -0.8362694382667542, -0.8602922558784485, -0.8369504809379578, -0.8142044544219971, -0.8275470733642578, -0.8298570513725281, -0.8381304740905762, -0.8508432507514954, -0.8179556727409363, -0.8497328162193298, -0.8181651830673218, -0.8148767948150635, -0.829582154750824, -0.8433027267456055, -0.8337528109550476, -0.8301554918289185, -0.8380414843559265, -0.8313748836517334, -0.8133882284164429, -0.8218181133270264, -0.8519911170005798, -0.8402618169784546, -0.8308168053627014, -0.8433321118354797];[];874.8908951282501
1250;[0.770042359828949, 0.7806289196014404, 0.766666054725647, 0.771723210811615, 0.7793699502944946, 0.775891125202179, 0.7796887159347534, 0.7718219757080078, 0.7771112322807312, 0.781404435634613, 0.7817674279212952, 0.7785125374794006, 0.769977331161499, 0.7673864364624023, 0.7800224423408508, 0.7729724645614624, 0.7765130996704102, 0.7732245326042175, 0.7752198576927185, 0.7769051194190979, 0.7735580801963806, 0.7764993906021118, 0.7720741033554077, 0.7717183828353882, 0.7743884921073914, 0.7791866660118103, 0.7728544473648071, 0.771777331829071, 0.776547372341156, 0.7743537425994873, 0.7781133055686951];[0.03240371495485306, 0.03980090469121933, 0.0313410684466362, 0.03553066402673721, 0.04091909900307655, 0.035856910049915314, 0.041660916060209274, 0.037087682634592056, 0.04018332064151764, 0.04286940023303032, 0.044254668056964874, 0.03955138102173805, 0.03393888100981712, 0.03406050428748131, 0.04208429902791977, 0.035774312913417816, 0.04066152125597, 0.04003779590129852, 0.03869134560227394, 0.04077819734811783, 0.03977222368121147, 0.037657566368579865, 0.03504573181271553, 0.03627978265285492, 0.03581402823328972, 0.041761383414268494, 0.0376313254237175, 0.0369490347802639, 0.03894472122192383, 0.03610222041606903, 0.03932398930191994];[-0.8209971189498901, -0.8376174569129944, -0.8127590417861938, -0.8294277191162109, -0.8500044941902161, -0.8299588561058044, -0.8462318181991577, -0.8365992903709412, -0.8421623110771179, -0.8496133685112, -0.8592566251754761, -0.8369892835617065, -0.8231127262115479, -0.8246474266052246, -0.8546963334083557, -0.8333476185798645, -0.8444374203681946, -0.8401811122894287, -0.8355959057807922, -0.852697491645813, -0.8423100709915161, -0.8363044261932373, -0.8243529796600342, -0.8309227824211121, -0.8293737173080444, -0.8503496050834656, -0.8368998765945435, -0.8348666429519653, -0.8375163674354553, -0.8309568166732788, -0.8492229580879211];[];862.7430675029755
1300;[0.7769807577133179, 0.7718937993049622, 0.765845775604248, 0.7658182382583618, 0.7772698998451233, 0.7803676128387451, 0.7818604111671448, 0.7803912162780762, 0.7722971439361572, 0.7771966457366943, 0.784605085849762, 0.7817495465278625, 0.77669757604599, 0.7738123536109924, 0.7745453119277954, 0.7711513042449951, 0.7787739038467407, 0.7767511606216431, 0.7684416770935059, 0.7700732946395874, 0.7784314155578613, 0.7784647345542908, 0.7798600196838379, 0.7802963852882385, 0.7727081179618835, 0.7774869203567505, 0.7917476296424866, 0.7732824087142944, 0.7683879137039185, 0.7747012972831726, 0.7862419486045837];[0.03946933150291443, 0.03704521805047989, 0.03231540322303772, 0.033459823578596115, 0.039167456328868866, 0.04006243497133255, 0.04320809245109558, 0.043732620775699615, 0.037478007376194, 0.03989630192518234, 0.04484807327389717, 0.04251538962125778, 0.03758206591010094, 0.036831922829151154, 0.03492400795221329, 0.03410935774445534, 0.037215594202280045, 0.03826853260397911, 0.03258579224348068, 0.03415340930223465, 0.04113267734646797, 0.04164278134703636, 0.04372356832027435, 0.04107315093278885, 0.03689518943428993, 0.043502479791641235, 0.05420223996043205, 0.040174007415771484, 0.03510010987520218, 0.039549194276332855, 0.044701721519231796];[-0.8411913514137268, -0.8302406072616577, -0.8172811269760132, -0.820672869682312, -0.8405721783638, -0.8424580693244934, -0.8549585938453674, -0.8522042036056519, -0.8359830379486084, -0.8415859937667847, -0.8590638637542725, -0.8525004386901855, -0.8337443470954895, -0.8375910520553589, -0.8254736661911011, -0.8243073225021362, -0.8388065695762634, -0.8384015560150146, -0.8205754160881042, -0.8246553540229797, -0.847527265548706, -0.8464727997779846, -0.8521685004234314, -0.847383439540863, -0.834308922290802, -0.8530246615409851, -0.8858247995376587, -0.8438349962234497, -0.827940046787262, -0.8446698188781738, -0.8876283168792725];[];864.9874742031097
1350;[0.7678991556167603, 0.7746187448501587, 0.7717458009719849, 0.7680683732032776, 0.7695801258087158, 0.7762477397918701, 0.7721000909805298, 0.7741866111755371, 0.7759849429130554, 0.7760496735572815, 0.7717735171318054, 0.7727369666099548, 0.7692336440086365, 0.7770013809204102, 0.7804428935050964, 0.77564537525177, 0.7731884121894836, 0.7746691107749939, 0.7769650220870972, 0.7826443910598755, 0.7827286720275879, 0.7735583782196045, 0.7719507813453674, 0.769029974937439, 0.7782972455024719, 0.7850856184959412, 0.7737165689468384, 0.7784233689308167, 0.7720823884010315, 0.784863293170929, 0.7828770875930786];[0.03227810189127922, 0.035596709698438644, 0.036679647862911224, 0.03221507743000984, 0.03427611663937569, 0.03906239941716194, 0.03732939064502716, 0.039740338921546936, 0.03928259387612343, 0.04102907329797745, 0.03538912162184715, 0.03561045601963997, 0.03417055308818817, 0.04183855652809143, 0.04199158027768135, 0.03847291320562363, 0.03800543397665024, 0.037335287779569626, 0.04054475948214531, 0.04513987526297569, 0.045227326452732086, 0.03678332641720772, 0.03640053793787956, 0.03503691777586937, 0.036478616297245026, 0.04807429388165474, 0.03543805330991745, 0.04102532938122749, 0.033637117594480515, 0.04322810471057892, 0.044483453035354614];[-0.8188521265983582, -0.8298593163490295, -0.831419050693512, -0.8188360929489136, -0.8285484910011292, -0.8402069807052612, -0.8352207541465759, -0.8463506102561951, -0.8507454991340637, -0.8459957242012024, -0.8255000114440918, -0.8284991979598999, -0.8265810012817383, -0.8525707721710205, -0.8549344539642334, -0.8361231684684753, -0.83790123462677, -0.8322577476501465, -0.8425536751747131, -0.8599424958229065, -0.8650104999542236, -0.8340942859649658, -0.8289202451705933, -0.8222563862800598, -0.8326784372329712, -0.8745219111442566, -0.8303002715110779, -0.8623682856559753, -0.8239940404891968, -0.8623369932174683, -0.8570634126663208];[];873.7255289554596
1400;[0.7739479541778564, 0.7737184762954712, 0.7868144512176514, 0.7750864028930664, 0.7741307020187378, 0.7829504013061523, 0.7718992829322815, 0.7804264426231384, 0.7815008759498596, 0.7740750908851624, 0.7840981483459473, 0.7775789499282837, 0.7737066745758057, 0.7783735990524292, 0.7855662107467651, 0.7818017601966858, 0.7781397700309753, 0.7750258445739746, 0.776206374168396, 0.764354944229126, 0.783143162727356, 0.7715362906455994, 0.7771852016448975, 0.7799405455589294, 0.780783474445343, 0.7759025692939758, 0.7686213850975037, 0.7824195623397827, 0.7818695306777954, 0.7760772109031677, 0.7774884104728699];[0.03584079444408417, 0.035914450883865356, 0.04723057523369789, 0.03604155406355858, 0.037994951009750366, 0.04352685436606407, 0.03686099126935005, 0.0417858250439167, 0.04341547563672066, 0.034859854727983475, 0.04278891161084175, 0.038890428841114044, 0.0353507474064827, 0.040385160595178604, 0.046810925006866455, 0.041972171515226364, 0.0409601591527462, 0.037906233221292496, 0.03960896283388138, 0.030652225017547607, 0.04275042936205864, 0.036711033433675766, 0.03830917924642563, 0.042536258697509766, 0.04131694138050079, 0.03687281161546707, 0.03117242455482483, 0.040987804532051086, 0.04151847958564758, 0.03988552466034889, 0.04011186957359314];[-0.834911048412323, -0.830055832862854, -0.8714624047279358, -0.8285399079322815, -0.8337260484695435, -0.8523892164230347, -0.8316100835800171, -0.8547125458717346, -0.8548760414123535, -0.8273714184761047, -0.8525372743606567, -0.8459410667419434, -0.8285242319107056, -0.8432164788246155, -0.8651249408721924, -0.852483868598938, -0.8459967374801636, -0.834111213684082, -0.8473458290100098, -0.8132823705673218, -0.858771562576294, -0.8288498520851135, -0.8350426554679871, -0.8491246700286865, -0.8535206317901611, -0.8298470377922058, -0.8127031326293945, -0.8484362959861755, -0.8438416719436646, -0.839619517326355, -0.8418907523155212];[];870.1280651092529
1450;[0.7742912769317627, 0.771335244178772, 0.7737560868263245, 0.7814451456069946, 0.7738782167434692, 0.7674357295036316, 0.7760563492774963, 0.779343843460083, 0.7679551839828491, 0.7639169096946716, 0.7691938281059265, 0.772802472114563, 0.7755560874938965, 0.7714308500289917, 0.7729777097702026, 0.7704061269760132, 0.7637757658958435, 0.7713442444801331, 0.7639051079750061, 0.7724086046218872, 0.7638780474662781, 0.7627513408660889, 0.7670955061912537, 0.7654012441635132, 0.7757041454315186, 0.7641980051994324, 0.7726441025733948, 0.7674052119255066, 0.7624388933181763, 0.7702729105949402, 0.7670441269874573];[0.037088099867105484, 0.03655965253710747, 0.03721839562058449, 0.041860125958919525, 0.03653009235858917, 0.030765939503908157, 0.03661840781569481, 0.039367180317640305, 0.03228315711021423, 0.029176192358136177, 0.0328560508787632, 0.03522128984332085, 0.03779386729001999, 0.03306107223033905, 0.03574923053383827, 0.034097205847501755, 0.030441725626587868, 0.034878235310316086, 0.028114767745137215, 0.03251487389206886, 0.030087023973464966, 0.026575513184070587, 0.03286154940724373, 0.029663393273949623, 0.04031449928879738, 0.02884904108941555, 0.03558209165930748, 0.0314815416932106, 0.030107751488685608, 0.033238377422094345, 0.02833988331258297];[-0.8339441418647766, -0.8311277627944946, -0.8292416930198669, -0.8430312275886536, -0.8297994136810303, -0.8149241805076599, -0.8311286568641663, -0.8402855396270752, -0.8162227869033813, -0.8103739619255066, -0.824548602104187, -0.8317558765411377, -0.8372485637664795, -0.8263997435569763, -0.8431026339530945, -0.821815550327301, -0.8167601823806763, -0.8252098560333252, -0.8053758144378662, -0.8229728937149048, -0.8096180558204651, -0.8024522066116333, -0.8266671299934387, -0.812796413898468, -0.8468117713928223, -0.8114683628082275, -0.8336126208305359, -0.815690815448761, -0.8175261616706848, -0.8197832107543945, -0.8094794154167175];[];880.6825726032257
1500;[0.7787718772888184, 0.7709059119224548, 0.7655737400054932, 0.7744721174240112, 0.7766740918159485, 0.7717357873916626, 0.7750285863876343, 0.7806843519210815, 0.7766708135604858, 0.779278039932251, 0.7736309766769409, 0.7780230045318604, 0.7805653214454651, 0.7760031223297119, 0.7774428725242615, 0.767036497592926, 0.7665502429008484, 0.7809299826622009, 0.7794730067253113, 0.7765478491783142, 0.7750127911567688, 0.7657932639122009, 0.7705861926078796, 0.7834095358848572, 0.7716464400291443, 0.7773944139480591, 0.7749308347702026, 0.7809665203094482, 0.7815435528755188, 0.7672812342643738, 0.773711085319519];[0.03847665712237358, 0.035487182438373566, 0.03121456876397133, 0.039093017578125, 0.03940252587199211, 0.03501076623797417, 0.03845420852303505, 0.0411699078977108, 0.03975370153784752, 0.04255267232656479, 0.0347326435148716, 0.04154879227280617, 0.04048710688948631, 0.03876655921339989, 0.03928840160369873, 0.032588113099336624, 0.03450452908873558, 0.043158158659935, 0.04420112818479538, 0.04013693705201149, 0.04002939909696579, 0.03375358507037163, 0.03593514487147331, 0.04693055897951126, 0.03646561875939369, 0.039533987641334534, 0.04024523124098778, 0.04416080564260483, 0.0424436517059803, 0.03231876343488693, 0.04007692635059357];[-0.8343251347541809, -0.8249218463897705, -0.8125359416007996, -0.8382256031036377, -0.8462710976600647, -0.8275234699249268, -0.839799165725708, -0.8447781801223755, -0.8413099050521851, -0.8520781993865967, -0.828292191028595, -0.842158854007721, -0.8419504761695862, -0.8463172316551208, -0.8370528221130371, -0.8198455572128296, -0.8228906989097595, -0.8580681681632996, -0.8516771197319031, -0.8434110283851624, -0.8386269211769104, -0.8220281600952148, -0.8272430300712585, -0.8646241426467896, -0.8292730450630188, -0.8449665307998657, -0.8404358625411987, -0.8641893267631531, -0.8495817184448242, -0.8189853429794312, -0.8459688425064087];[];883.2175917625427
1550;[0.7677679657936096, 0.7720709443092346, 0.7771820425987244, 0.7761355638504028, 0.7842896580696106, 0.7749664783477783, 0.769951581954956, 0.7692359089851379, 0.7696916460990906, 0.7787079215049744, 0.7711939215660095, 0.7792060375213623, 0.7762689590454102, 0.7695111632347107, 0.7793354988098145, 0.7715893983840942, 0.774261474609375, 0.7719213962554932, 0.7805589437484741, 0.7758276462554932, 0.787651777267456, 0.772272527217865, 0.7791808247566223, 0.7760077714920044, 0.7804855704307556, 0.7627520561218262, 0.7810609936714172, 0.7797564268112183, 0.7732211947441101, 0.7740912437438965, 0.7765929698944092];[0.030608566477894783, 0.0375455804169178, 0.039722196757793427, 0.04155354201793671, 0.040482643991708755, 0.03678201884031296, 0.03409535810351372, 0.03322741389274597, 0.03392169252038002, 0.03964794799685478, 0.03414570167660713, 0.041905201971530914, 0.03646271675825119, 0.03139862045645714, 0.038714803755283356, 0.03307348117232323, 0.0354481041431427, 0.03343813493847847, 0.0383855402469635, 0.03585725277662277, 0.04612153396010399, 0.03550996631383896, 0.04037395864725113, 0.03653806447982788, 0.04266190901398659, 0.0291603971272707, 0.04076892510056496, 0.04040124639868736, 0.035532668232917786, 0.03624383360147476, 0.03915899246931076];[-0.8175908327102661, -0.837444543838501, -0.8521287441253662, -0.8478912115097046, -0.8649911880493164, -0.8445605635643005, -0.8242809772491455, -0.8182010650634766, -0.823399543762207, -0.8504675030708313, -0.8312937021255493, -0.8505121469497681, -0.8298625349998474, -0.8176589012145996, -0.8365069031715393, -0.8211939930915833, -0.82817542552948, -0.8239500522613525, -0.8398522138595581, -0.82417893409729, -0.8758636116981506, -0.8284578919410706, -0.8395628929138184, -0.8304476141929626, -0.8497281074523926, -0.8090246319770813, -0.8409557342529297, -0.8467221260070801, -0.8362574577331543, -0.8329401612281799, -0.8403229117393494];[];921.8530058860779
1600;[0.7711772918701172, 0.7720907926559448, 0.7728123664855957, 0.7717553377151489, 0.7696187496185303, 0.7729822397232056, 0.7733038663864136, 0.7695292830467224, 0.7706453800201416, 0.7741259932518005, 0.759733259677887, 0.7779774069786072, 0.7671896815299988, 0.7709808349609375, 0.7687761783599854, 0.7691608667373657, 0.7642549276351929, 0.7633920907974243, 0.7647548317909241, 0.7687411904335022, 0.769438624382019, 0.7643724679946899, 0.7651108503341675, 0.7714782953262329, 0.768551766872406, 0.7588782906532288, 0.7700523734092712, 0.756660521030426, 0.7589371204376221, 0.7719899415969849, 0.7608906626701355];[0.03391256928443909, 0.03326226770877838, 0.038009047508239746, 0.03522830083966255, 0.032205477356910706, 0.03396258130669594, 0.03699002042412758, 0.03279043361544609, 0.033439673483371735, 0.03825755417346954, 0.028171245008707047, 0.03847264125943184, 0.030924726277589798, 0.034027475863695145, 0.03632735088467598, 0.03293068706989288, 0.030201615765690804, 0.028117146342992783, 0.03095133975148201, 0.03239021822810173, 0.033758290112018585, 0.026407515630126, 0.031506773084402084, 0.03403100371360779, 0.031176278367638588, 0.024542536586523056, 0.031201479956507683, 0.02314230054616928, 0.0246370080858469, 0.03279760852456093, 0.025950837880373];[-0.8252195715904236, -0.82207190990448, -0.8382963538169861, -0.8276265859603882, -0.8195835947990417, -0.8268133401870728, -0.8298627734184265, -0.8222301006317139, -0.8237800002098083, -0.8375188708305359, -0.8066637516021729, -0.851097583770752, -0.8180786371231079, -0.822565495967865, -0.8284752368927002, -0.8193002343177795, -0.8106018900871277, -0.8063462376594543, -0.8131236433982849, -0.8181551694869995, -0.8275251388549805, -0.8014152646064758, -0.8207173943519592, -0.8262818455696106, -0.8151745796203613, -0.7950637340545654, -0.8167309165000916, -0.7917989492416382, -0.7969765663146973, -0.8292707800865173, -0.801591157913208];[];1274.0993905067444
1650;[0.7757501602172852, 0.7731674909591675, 0.7664194107055664, 0.7732363343238831, 0.7746814489364624, 0.7798048257827759, 0.7701665163040161, 0.7923706769943237, 0.7834412455558777, 0.7872664928436279, 0.7708128094673157, 0.7922366857528687, 0.7746326923370361, 0.7787142395973206, 0.7787621021270752, 0.7766975164413452, 0.7657005190849304, 0.7734339237213135, 0.7795665860176086, 0.7766132354736328, 0.7737999558448792, 0.7775933146476746, 0.7761130332946777, 0.7837151885032654, 0.7778990268707275, 0.7743385434150696, 0.7807096242904663, 0.7783123850822449, 0.789592444896698, 0.7714343667030334, 0.7755335569381714];[0.03510047122836113, 0.035782378166913986, 0.030475493520498276, 0.033660855144262314, 0.03678090125322342, 0.042644135653972626, 0.035697415471076965, 0.05170793458819389, 0.043174151331186295, 0.04261251538991928, 0.03452759236097336, 0.04676748067140579, 0.03724934160709381, 0.04060102254152298, 0.04108782112598419, 0.03952464461326599, 0.03138061240315437, 0.03715980425477028, 0.041414327919483185, 0.03990861028432846, 0.03959783911705017, 0.040889110416173935, 0.03862263262271881, 0.04315708205103874, 0.042428404092788696, 0.038903187960386276, 0.03983438387513161, 0.03757445141673088, 0.04841985926032066, 0.03619448468089104, 0.03831395506858826];[-0.8312815427780151, -0.8265120983123779, -0.8137043714523315, -0.8232560157775879, -0.8275657296180725, -0.8556033968925476, -0.8208975195884705, -0.8778384327888489, -0.8489528298377991, -0.8746062517166138, -0.8227667212486267, -0.875587522983551, -0.8307987451553345, -0.8534469604492188, -0.8421712517738342, -0.8388224840164185, -0.8158538937568665, -0.8320604562759399, -0.8469420671463013, -0.8405402302742004, -0.8381872177124023, -0.8390292525291443, -0.8376919031143188, -0.8628159165382385, -0.8537212014198303, -0.8388460874557495, -0.859581470489502, -0.8431223034858704, -0.8632501363754272, -0.8263233304023743, -0.8380858302116394];[];1642.9742481708527
1700;[0.779885470867157, 0.77442467212677, 0.77867591381073, 0.775580883026123, 0.7754989862442017, 0.7756304740905762, 0.7811667323112488, 0.7796770334243774, 0.7833164930343628, 0.7808347344398499, 0.7858226895332336, 0.7826501727104187, 0.7744841575622559, 0.7828677892684937, 0.7814939022064209, 0.7871679663658142, 0.7864214181900024, 0.781220018863678, 0.784397304058075, 0.7836393713951111, 0.774165689945221, 0.7758062481880188, 0.7813044786453247, 0.7861577868461609, 0.7724809050559998, 0.7863118648529053, 0.7783015370368958, 0.7720891237258911, 0.7790110111236572, 0.7683333158493042, 0.78703773021698];[0.04248794913291931, 0.03825315088033676, 0.0403144434094429, 0.03858259320259094, 0.03867843374609947, 0.03578045591711998, 0.04268857464194298, 0.041161276400089264, 0.04342186450958252, 0.039967820048332214, 0.04537633806467056, 0.04363825172185898, 0.03788790479302406, 0.04280909523367882, 0.0408727303147316, 0.04592631757259369, 0.04435119777917862, 0.04283876717090607, 0.047252967953681946, 0.04510516673326492, 0.03823591768741608, 0.03839486837387085, 0.04503999650478363, 0.04967136308550835, 0.03830059617757797, 0.04451702907681465, 0.04057403653860092, 0.03620654344558716, 0.042160943150520325, 0.03304572403430939, 0.048658572137355804];[-0.8475978374481201, -0.8380263447761536, -0.8458693623542786, -0.8425880074501038, -0.8333081603050232, -0.8314937949180603, -0.8457587957382202, -0.8439713716506958, -0.8516961932182312, -0.8485671877861023, -0.8537164926528931, -0.8508402109146118, -0.8348212838172913, -0.8528745770454407, -0.8429392576217651, -0.8614826202392578, -0.8626571297645569, -0.8478909730911255, -0.8652992844581604, -0.8525850176811218, -0.8348096609115601, -0.8340148329734802, -0.8564130067825317, -0.8677046895027161, -0.8342430591583252, -0.8593027591705322, -0.8434786796569824, -0.8312195539474487, -0.8444114923477173, -0.8224140405654907, -0.8695954084396362];[];950.4983086585999
1750;[0.7730234861373901, 0.7729832530021667, 0.7815075516700745, 0.773196280002594, 0.7782684564590454, 0.7673511505126953, 0.775500476360321, 0.780659556388855, 0.7835415005683899, 0.7737401127815247, 0.7781163454055786, 0.773817241191864, 0.7813653349876404, 0.772520124912262, 0.7726489901542664, 0.7673043608665466, 0.7803136110305786, 0.7659552693367004, 0.7682773470878601, 0.7666689157485962, 0.7666954398155212, 0.777349054813385, 0.780021607875824, 0.7740911245346069, 0.7800286412239075, 0.7762792706489563, 0.7729774117469788, 0.7745285034179688, 0.7758047580718994, 0.7755374908447266, 0.7725757360458374];[0.03697793930768967, 0.034579019993543625, 0.04330827668309212, 0.035857781767845154, 0.04019317030906677, 0.032544732093811035, 0.03684742748737335, 0.040039125829935074, 0.043230462819337845, 0.03739403560757637, 0.03777287155389786, 0.034163523465394974, 0.04085080325603485, 0.03605656325817108, 0.03552885726094246, 0.03030484914779663, 0.03990454971790314, 0.03145892918109894, 0.031615547835826874, 0.030286284163594246, 0.030814487487077713, 0.0381588451564312, 0.04201028496026993, 0.03706891089677811, 0.03859445080161095, 0.03872669115662575, 0.034782592207193375, 0.037852514535188675, 0.0377371609210968, 0.03775152936577797, 0.03577091544866562];[-0.8309073448181152, -0.8259281516075134, -0.850039005279541, -0.8287431597709656, -0.8430132865905762, -0.8188519477844238, -0.8386061787605286, -0.8481981158256531, -0.8662193417549133, -0.833004355430603, -0.836505651473999, -0.8219320774078369, -0.8612596988677979, -0.8293123245239258, -0.8279041647911072, -0.8119106292724609, -0.8441711664199829, -0.8160791397094727, -0.8171514272689819, -0.8089540600776672, -0.814719557762146, -0.8422929048538208, -0.8462360501289368, -0.8284152746200562, -0.8370358347892761, -0.8396221995353699, -0.8190837502479553, -0.8369451761245728, -0.8428766131401062, -0.83003830909729, -0.830869734287262];[];889.9291825294495
1800;[0.7821429967880249, 0.7700255513191223, 0.7699291706085205, 0.7751351594924927, 0.7695848345756531, 0.7758722305297852, 0.7700958251953125, 0.7804020047187805, 0.7746039628982544, 0.7714905142784119, 0.7740445137023926, 0.7772760391235352, 0.7698512077331543, 0.7797130942344666, 0.7762941122055054, 0.7736657857894897, 0.7709851264953613, 0.7832562327384949, 0.7795541882514954, 0.7859138250350952, 0.7772048711776733, 0.7728754878044128, 0.7875019907951355, 0.7818962335586548, 0.7907153367996216, 0.7756341099739075, 0.776738166809082, 0.7684170603752136, 0.7798079252243042, 0.7767802476882935, 0.7724400758743286];[0.04342906177043915, 0.03520241379737854, 0.03529728576540947, 0.03758135437965393, 0.036555614322423935, 0.03882279619574547, 0.03619107976555824, 0.041271377354860306, 0.03835379704833031, 0.03568847477436066, 0.036449842154979706, 0.03910091891884804, 0.035736821591854095, 0.04121595621109009, 0.04231368750333786, 0.035914450883865356, 0.037261441349983215, 0.04369835555553436, 0.04305240139365196, 0.046079643070697784, 0.04177369922399521, 0.03865861892700195, 0.04801478609442711, 0.04251774400472641, 0.049712859094142914, 0.04080276936292648, 0.04033088684082031, 0.03432544320821762, 0.041595153510570526, 0.042060736566782, 0.036298394203186035];[-0.8736435174942017, -0.8255115151405334, -0.8257579207420349, -0.8369138240814209, -0.8297035694122314, -0.8356928825378418, -0.8309189677238464, -0.8424530625343323, -0.8354723453521729, -0.83057701587677, -0.8267965912818909, -0.8346930146217346, -0.8289681077003479, -0.8465755581855774, -0.8499631285667419, -0.8312098383903503, -0.8323090076446533, -0.8524801135063171, -0.8497548699378967, -0.8587453365325928, -0.8488665223121643, -0.8389937281608582, -0.9074922204017639, -0.847654402256012, -0.8835169672966003, -0.8408445119857788, -0.8431364893913269, -0.8320993185043335, -0.8465465307235718, -0.8463151454925537, -0.8297125101089478];[];883.3419468402863
1850;[0.7757498025894165, 0.776500403881073, 0.771865963935852, 0.7743640542030334, 0.7759851217269897, 0.7726390361785889, 0.7679186463356018, 0.7689964175224304, 0.7671040296554565, 0.7728918194770813, 0.7696217894554138, 0.7717128992080688, 0.7728393077850342, 0.7730954885482788, 0.7737842798233032, 0.7720372080802917, 0.7824233770370483, 0.7707904577255249, 0.7657050490379333, 0.7697320580482483, 0.7679239511489868, 0.7732773423194885, 0.7765872478485107, 0.772476851940155, 0.7771632075309753, 0.7697743773460388, 0.7695227861404419, 0.772843062877655, 0.7675653696060181, 0.7754843235015869, 0.7748388648033142];[0.03700700029730797, 0.03928067907691002, 0.03465522080659866, 0.03973427414894104, 0.039938777685165405, 0.0346476249396801, 0.033418018370866776, 0.031881120055913925, 0.031515054404735565, 0.03717297315597534, 0.03393644094467163, 0.036771517246961594, 0.033856600522994995, 0.03585641831159592, 0.03697307035326958, 0.036760419607162476, 0.0427154004573822, 0.037447936832904816, 0.030031902715563774, 0.03408639878034592, 0.03025742620229721, 0.03844834864139557, 0.038517389446496964, 0.03544607758522034, 0.038126133382320404, 0.03422190621495247, 0.0337497815489769, 0.03829902037978172, 0.03366618975996971, 0.037687476724386215, 0.037291910499334335];[-0.8342115879058838, -0.8365188241004944, -0.8254275321960449, -0.839980959892273, -0.8444458246231079, -0.8263015747070312, -0.8248524069786072, -0.8153423070907593, -0.8137305974960327, -0.8335386514663696, -0.8249902129173279, -0.8367570638656616, -0.8235116600990295, -0.8279644250869751, -0.8361784219741821, -0.8317575454711914, -0.8812808990478516, -0.831250011920929, -0.8119004368782043, -0.8252496719360352, -0.8158165216445923, -0.8461015224456787, -0.83475661277771, -0.8273754715919495, -0.8479375243186951, -0.8209541440010071, -0.8275756239891052, -0.8447788953781128, -0.8238301277160645, -0.8365719318389893, -0.8390027284622192];[];880.1830840110779
1900;[0.7713056802749634, 0.7725907564163208, 0.775394856929779, 0.7747898697853088, 0.7722244262695312, 0.772911548614502, 0.7716225385665894, 0.7651168704032898, 0.7793799638748169, 0.7741541862487793, 0.7664389610290527, 0.7753028273582458, 0.777843713760376, 0.7787653803825378, 0.773560106754303, 0.762374758720398, 0.7813700437545776, 0.7734453678131104, 0.7723540663719177, 0.7789623141288757, 0.7710797190666199, 0.7761203646659851, 0.77371746301651, 0.7686076164245605, 0.7776442170143127, 0.7777847647666931, 0.7775759100914001, 0.7668807506561279, 0.7653849720954895, 0.7709025740623474, 0.7822527885437012];[0.03523588180541992, 0.037206538021564484, 0.040021952241659164, 0.03637054190039635, 0.03558233007788658, 0.03553062304854393, 0.03327464684844017, 0.030549701303243637, 0.03939443454146385, 0.03784073889255524, 0.031089970842003822, 0.03408174216747284, 0.036520518362522125, 0.04045131430029869, 0.035415396094322205, 0.026864606887102127, 0.04191047325730324, 0.03514152765274048, 0.03472635895013809, 0.039190515875816345, 0.03312363475561142, 0.03625989332795143, 0.03665996715426445, 0.03166639059782028, 0.03827197849750519, 0.037743400782346725, 0.03980172052979469, 0.032020580023527145, 0.02990756183862686, 0.03119882196187973, 0.0419582724571228];[-0.8318257927894592, -0.828437089920044, -0.8362917900085449, -0.8305231332778931, -0.8297027945518494, -0.8288865089416504, -0.8230627775192261, -0.8129891753196716, -0.8390493392944336, -0.8304651975631714, -0.8122637867927551, -0.8250511288642883, -0.8444935083389282, -0.8422083258628845, -0.8285537362098694, -0.8042981028556824, -0.8480262160301208, -0.8269417881965637, -0.8266996741294861, -0.8399254083633423, -0.8253507018089294, -0.8320598602294922, -0.8301693201065063, -0.8168792724609375, -0.8405443429946899, -0.834191083908081, -0.842999279499054, -0.8192101120948792, -0.8113784790039062, -0.8200106620788574, -0.8491799235343933];[];884.5794849395752
1950;[0.7726964950561523, 0.7771064043045044, 0.7818092107772827, 0.7674072980880737, 0.7759965062141418, 0.7759102582931519, 0.7774975299835205, 0.7745815515518188, 0.776372492313385, 0.7673653960227966, 0.7728805541992188, 0.7753546833992004, 0.7745111584663391, 0.7795901894569397, 0.7707821130752563, 0.7648615837097168, 0.7707907557487488, 0.7702838778495789, 0.7701125741004944, 0.7717462778091431, 0.7734836339950562, 0.78067946434021, 0.7706848978996277, 0.7783476710319519, 0.7629693746566772, 0.7720387578010559, 0.7749944925308228, 0.768959641456604, 0.7680560946464539, 0.7716147899627686, 0.7813816666603088];[0.03449713811278343, 0.04050296172499657, 0.04265290126204491, 0.030482256785035133, 0.03547396510839462, 0.034461501985788345, 0.03822707384824753, 0.031808435916900635, 0.034980520606040955, 0.028676563873887062, 0.03429059311747551, 0.03671789541840553, 0.03416510298848152, 0.03852573409676552, 0.033752311021089554, 0.029491402208805084, 0.02932368591427803, 0.027586545795202255, 0.031898003071546555, 0.031239498406648636, 0.03049469366669655, 0.03802578151226044, 0.031406138092279434, 0.03467801585793495, 0.03088228590786457, 0.03155458718538284, 0.03164204582571983, 0.03141483664512634, 0.03015887923538685, 0.030620185658335686, 0.03798479959368706];[-0.8272060751914978, -0.841264545917511, -0.8494132161140442, -0.8167440295219421, -0.8283171653747559, -0.8276441097259521, -0.8341988325119019, -0.8177356719970703, -0.8271693587303162, -0.8064684271812439, -0.8232623338699341, -0.8314639925956726, -0.8245580792427063, -0.8563913702964783, -0.8262003064155579, -0.8091903924942017, -0.8103677034378052, -0.8052608370780945, -0.8159841299057007, -0.8171681761741638, -0.8202175498008728, -0.8453314304351807, -0.8145109415054321, -0.8263852000236511, -0.8102635741233826, -0.8146344423294067, -0.8150696754455566, -0.8146912455558777, -0.8135238289833069, -0.8146578073501587, -0.8360439538955688];[];1322.9282114505768
2000;[0.769666314125061, 0.7736179828643799, 0.7902193069458008, 0.7744992971420288, 0.7678553462028503, 0.7630903124809265, 0.7726403474807739, 0.782659113407135, 0.7739330530166626, 0.7725305557250977, 0.7739737629890442, 0.7638512253761292, 0.7698184251785278, 0.7755565047264099, 0.7650349140167236, 0.7665196657180786, 0.7797742486000061, 0.7702358365058899, 0.7708825469017029, 0.7685424089431763, 0.7622315883636475, 0.7769714593887329, 0.7666601538658142, 0.7607524991035461, 0.7801705002784729, 0.7649214863777161, 0.7676840424537659, 0.7625772953033447, 0.7663670778274536, 0.7606745958328247, 0.7651190161705017];[0.03254355862736702, 0.0349346399307251, 0.049405235797166824, 0.03406517952680588, 0.031191611662507057, 0.02758500538766384, 0.033839453011751175, 0.04330043867230415, 0.038256753236055374, 0.037679802626371384, 0.03623524680733681, 0.028969889506697655, 0.034963127225637436, 0.036840055137872696, 0.02857409603893757, 0.030227556824684143, 0.04053208976984024, 0.03310089930891991, 0.03171318396925926, 0.031130563467741013, 0.028766607865691185, 0.04059479758143425, 0.030829232186079025, 0.025279831141233444, 0.04136143624782562, 0.028582800179719925, 0.031104719266295433, 0.0283226165920496, 0.03034588322043419, 0.027203664183616638, 0.028423313051462173];[-0.8230075836181641, -0.826399564743042, -0.8711158633232117, -0.8211526870727539, -0.8159078359603882, -0.8064938187599182, -0.825310230255127, -0.8659659624099731, -0.8342524766921997, -0.8323308825492859, -0.8294823169708252, -0.8135601878166199, -0.8249053359031677, -0.8437998294830322, -0.8057723641395569, -0.8116953372955322, -0.8414736986160278, -0.8237282633781433, -0.8145173192024231, -0.8219826221466064, -0.8084710836410522, -0.8535009026527405, -0.8127656579017639, -0.7984762191772461, -0.8501613140106201, -0.8077021241188049, -0.8134234547615051, -0.8072900176048279, -0.8123993873596191, -0.8031219244003296, -0.8077859878540039];[];901.9856650829315
2050;[0.7718462944030762, 0.7723760604858398, 0.7750653028488159, 0.7897182703018188, 0.7659024000167847, 0.7713127732276917, 0.7712397575378418, 0.7719866037368774, 0.7717767953872681, 0.7808665037155151, 0.7806272506713867, 0.7728945016860962, 0.7803669571876526, 0.782072126865387, 0.7747218012809753, 0.7610211372375488, 0.7836191058158875, 0.7796571850776672, 0.7757545113563538, 0.7782077789306641, 0.7800827622413635, 0.7773401141166687, 0.7690231800079346, 0.7792475819587708, 0.7786222696304321, 0.7750255465507507, 0.776277482509613, 0.7737112641334534, 0.7814039587974548, 0.7775703072547913, 0.7733546495437622];[0.03210893273353577, 0.037706200033426285, 0.03747079148888588, 0.04779442399740219, 0.029648657888174057, 0.03557436168193817, 0.038630686700344086, 0.03810436278581619, 0.037180010229349136, 0.044437095522880554, 0.043469201773405075, 0.0394204780459404, 0.04346952214837074, 0.0470811165869236, 0.03893036022782326, 0.027886932715773582, 0.04647762328386307, 0.0429832898080349, 0.04159724339842796, 0.04102129489183426, 0.04393783584237099, 0.040893860161304474, 0.03760160133242607, 0.043506920337677, 0.041375719010829926, 0.03896012902259827, 0.03988904878497124, 0.03768850117921829, 0.04604624956846237, 0.04218219593167305, 0.038459647446870804];[-0.8186960816383362, -0.8341494798660278, -0.8337303996086121, -0.8862763047218323, -0.8104737401008606, -0.8278704881668091, -0.8335716724395752, -0.8379761576652527, -0.8301792144775391, -0.8619239926338196, -0.8511025309562683, -0.8388814330101013, -0.8587033748626709, -0.8627489805221558, -0.8361059427261353, -0.8061584234237671, -0.8734844923019409, -0.8487823605537415, -0.8486884832382202, -0.8447163105010986, -0.8548805713653564, -0.844570517539978, -0.8342688083648682, -0.8526485562324524, -0.8677084445953369, -0.8413187265396118, -0.8390021920204163, -0.8355386853218079, -0.8556723594665527, -0.8531138896942139, -0.8326224684715271];[];853.4599223136902
2100;[0.776093065738678, 0.7710156440734863, 0.7679757475852966, 0.7791236042976379, 0.773557722568512, 0.7689114809036255, 0.7664690613746643, 0.7661245465278625, 0.7692821025848389, 0.7722849249839783, 0.7706276774406433, 0.7729699611663818, 0.7599465250968933, 0.7658103704452515, 0.7734598517417908, 0.7742039561271667, 0.7617449164390564, 0.7717931270599365, 0.7680612802505493, 0.7646292448043823, 0.7732530832290649, 0.76669842004776, 0.7710458040237427, 0.7619311809539795, 0.7650067806243896, 0.7676657438278198, 0.7582110166549683, 0.7665414810180664, 0.7659863829612732, 0.76369708776474, 0.7733940482139587];[0.0371716171503067, 0.0355646088719368, 0.03258267790079117, 0.043162353336811066, 0.03594676032662392, 0.03231651335954666, 0.032553285360336304, 0.03169411048293114, 0.035576097667217255, 0.03771138936281204, 0.03527737781405449, 0.03570953384041786, 0.026792433112859726, 0.030631253495812416, 0.03483884036540985, 0.03752781078219414, 0.027444113045930862, 0.034415390342473984, 0.03144228458404541, 0.031237585470080376, 0.03973431512713432, 0.03035677783191204, 0.03696000576019287, 0.02979450486600399, 0.028851637616753578, 0.031741946935653687, 0.02823423407971859, 0.03204550966620445, 0.0324750654399395, 0.03199740871787071, 0.03726264461874962];[-0.8355830907821655, -0.8281393647193909, -0.8175675272941589, -0.8571768999099731, -0.8500036597251892, -0.8196888566017151, -0.8202508687973022, -0.8151150941848755, -0.8322343826293945, -0.8363465666770935, -0.8274409174919128, -0.8312438726425171, -0.803213894367218, -0.8126804828643799, -0.8285107016563416, -0.8366309404373169, -0.805017352104187, -0.827277660369873, -0.8136565685272217, -0.817396879196167, -0.843827486038208, -0.8153766989707947, -0.8382917642593384, -0.8120111227035522, -0.8090965747833252, -0.8170840740203857, -0.8098595142364502, -0.8181182146072388, -0.8196685910224915, -0.8168591260910034, -0.8330949544906616];[];854.2259297370911
2150;[0.7846554517745972, 0.7765964269638062, 0.7681006193161011, 0.7789297103881836, 0.7871991991996765, 0.7798531651496887, 0.7718735337257385, 0.7830541133880615, 0.7754799127578735, 0.7686467170715332, 0.7735435962677002, 0.7773783206939697, 0.767852246761322, 0.774165153503418, 0.7759948968887329, 0.7735500335693359, 0.7794198989868164, 0.7743245363235474, 0.7720742225646973, 0.7721483707427979, 0.7765762209892273, 0.776974618434906, 0.7629494071006775, 0.7706526517868042, 0.7758780717849731, 0.7678000330924988, 0.7781267762184143, 0.767871618270874, 0.7725710272789001, 0.7750924825668335, 0.7744206786155701];[0.045015111565589905, 0.036314163357019424, 0.03322628140449524, 0.043437276035547256, 0.04567132890224457, 0.042443446815013885, 0.03572848066687584, 0.04163288697600365, 0.03725379705429077, 0.03300464153289795, 0.03650720417499542, 0.03891970217227936, 0.033182885497808456, 0.034691352397203445, 0.04276593029499054, 0.03432125225663185, 0.040575068444013596, 0.03535738214850426, 0.03435779735445976, 0.0354318730533123, 0.0392509363591671, 0.03706486150622368, 0.028404995799064636, 0.03440333530306816, 0.03837382420897484, 0.029355794191360474, 0.041179265826940536, 0.03336614370346069, 0.03650685027241707, 0.03626322001218796, 0.03422415256500244];[-0.8600744605064392, -0.8316776156425476, -0.819013774394989, -0.8570775985717773, -0.8609155416488647, -0.85041344165802, -0.8291794657707214, -0.8468602895736694, -0.8311600089073181, -0.8201612830162048, -0.832141637802124, -0.835304319858551, -0.8223642706871033, -0.8316389322280884, -0.8490163087844849, -0.8254797458648682, -0.8400641679763794, -0.82804936170578, -0.824267566204071, -0.8268892168998718, -0.8382619023323059, -0.8375306725502014, -0.8055828213691711, -0.8267602324485779, -0.8447070717811584, -0.8086329102516174, -0.8453665971755981, -0.8229914307594299, -0.8341963887214661, -0.8340519070625305, -0.8235884308815002];[];844.438628911972
2200;[0.7703465223312378, 0.7703177332878113, 0.7740290760993958, 0.7799193859100342, 0.7704107761383057, 0.7814339399337769, 0.7685946822166443, 0.764620304107666, 0.7750301361083984, 0.767561674118042, 0.7671094536781311, 0.7783827185630798, 0.7647569179534912, 0.7645425796508789, 0.7584611773490906, 0.770164430141449, 0.7677590847015381, 0.7673843502998352, 0.7700836062431335, 0.7591773867607117, 0.7668213844299316, 0.7661277651786804, 0.763774037361145, 0.7709782719612122, 0.7622437477111816, 0.7640658617019653, 0.7650811076164246, 0.7668480277061462, 0.7744792699813843, 0.7635548114776611, 0.7716981768608093];[0.033480461686849594, 0.035684775561094284, 0.03508632257580757, 0.04100837931036949, 0.03615953028202057, 0.04255937039852142, 0.03295590355992317, 0.030567694455385208, 0.03741920739412308, 0.03415702283382416, 0.03231761232018471, 0.0418243445456028, 0.03185167908668518, 0.029866322875022888, 0.02569497935473919, 0.03638562560081482, 0.03121969848871231, 0.02779383771121502, 0.03489210829138756, 0.025667384266853333, 0.03039727546274662, 0.031148042529821396, 0.030181145295500755, 0.03396182507276535, 0.028375249356031418, 0.029629318043589592, 0.031080041080713272, 0.03279576078057289, 0.03637394681572914, 0.03125501424074173, 0.032189805060625076];[-0.8213127851486206, -0.8298478126525879, -0.8293973803520203, -0.8498415946960449, -0.8300355672836304, -0.852623701095581, -0.823086142539978, -0.8128361701965332, -0.8332378268241882, -0.8253421187400818, -0.8181347846984863, -0.8548044562339783, -0.8153571486473083, -0.8106955885887146, -0.8010328412055969, -0.8289842009544373, -0.8165112137794495, -0.8254868984222412, -0.8301308751106262, -0.799084484577179, -0.8133225440979004, -0.8153850436210632, -0.8151074051856995, -0.8279357552528381, -0.8107686638832092, -0.8129756450653076, -0.8131257891654968, -0.8181962370872498, -0.8329716324806213, -0.8155431151390076, -0.8543270230293274];[];837.7194409370422
2250;[0.7763099074363708, 0.7748461961746216, 0.7740554213523865, 0.7712386846542358, 0.7689514756202698, 0.7711288332939148, 0.7710934281349182, 0.7728769779205322, 0.7675821185112, 0.78314608335495, 0.7692242860794067, 0.7777736783027649, 0.7808631658554077, 0.7692984342575073, 0.7788769602775574, 0.7686558961868286, 0.7750200033187866, 0.7721871137619019, 0.7770291566848755, 0.7699770331382751, 0.7740275263786316, 0.7753319144248962, 0.7787300944328308, 0.7730848789215088, 0.7724760174751282, 0.7693299651145935, 0.7783468961715698, 0.7722141146659851, 0.7656994462013245, 0.7726330161094666, 0.7787017822265625];[0.0398031547665596, 0.03762461245059967, 0.03626677393913269, 0.03399767354130745, 0.03220108151435852, 0.0333903469145298, 0.03416987881064415, 0.03503923863172531, 0.032298408448696136, 0.04356556385755539, 0.03496832400560379, 0.03936905786395073, 0.04211418703198433, 0.03590189293026924, 0.04287833347916603, 0.03325450047850609, 0.03786657005548477, 0.036583591252565384, 0.04023240506649017, 0.034524548798799515, 0.03854753077030182, 0.03832407295703888, 0.041708819568157196, 0.037460315972566605, 0.03657791018486023, 0.03281189501285553, 0.036863911896944046, 0.03481452912092209, 0.029704248532652855, 0.03291713073849678, 0.039982255548238754];[-0.848635196685791, -0.8344131708145142, -0.8297723531723022, -0.8222048878669739, -0.8270843625068665, -0.8219742178916931, -0.8253836631774902, -0.8396643400192261, -0.8203346133232117, -0.8540818691253662, -0.8266891837120056, -0.8390691876411438, -0.8489488363265991, -0.8331094980239868, -0.8536797165870667, -0.824016809463501, -0.8348470330238342, -0.8287380933761597, -0.8440723419189453, -0.8214207887649536, -0.8383063673973083, -0.8361382484436035, -0.8451371192932129, -0.8386322855949402, -0.8301954865455627, -0.8187528848648071, -0.8386536240577698, -0.8249898552894592, -0.8122713565826416, -0.8185789585113525, -0.8453620076179504];[];830.5102422237396
2300;[0.7647644877433777, 0.7737216353416443, 0.774768590927124, 0.7698734402656555, 0.7681968808174133, 0.7786825895309448, 0.7713245749473572, 0.7741098999977112, 0.7756852507591248, 0.7722471952438354, 0.7704625725746155, 0.7780957221984863, 0.7681924104690552, 0.7722550630569458, 0.7811325192451477, 0.7727836966514587, 0.7751286029815674, 0.7628546357154846, 0.7742617130279541, 0.7689371705055237, 0.7760767340660095, 0.7724065184593201, 0.7698283195495605, 0.7721583843231201, 0.7771866917610168, 0.7750913500785828, 0.773584246635437, 0.769433856010437, 0.7672253847122192, 0.7716736793518066, 0.7643823623657227];[0.02967829816043377, 0.03810158744454384, 0.036737240850925446, 0.03301798179745674, 0.030452316626906395, 0.04305629804730415, 0.037386782467365265, 0.0368155911564827, 0.03988879919052124, 0.03610431030392647, 0.03365866467356682, 0.043055202811956406, 0.03492489084601402, 0.03489474207162857, 0.04328012838959694, 0.0385238453745842, 0.037964850664138794, 0.03139980137348175, 0.03931982442736626, 0.03236906975507736, 0.0404377318918705, 0.03848142549395561, 0.03546619787812233, 0.03589373081922531, 0.042132798582315445, 0.03990882635116577, 0.037400368601083755, 0.03564164415001869, 0.03399776667356491, 0.03505512699484825, 0.031126130372285843];[-0.810307502746582, -0.8420063257217407, -0.834462583065033, -0.8190869092941284, -0.8143728971481323, -0.8528003096580505, -0.8373282551765442, -0.8316802382469177, -0.8532363176345825, -0.8330753445625305, -0.8248387575149536, -0.8501484394073486, -0.8250493407249451, -0.8245312571525574, -0.8518878817558289, -0.8339436650276184, -0.8401483297348022, -0.8165217638015747, -0.8417862057685852, -0.8255338072776794, -0.8445039391517639, -0.8384862542152405, -0.8268418312072754, -0.8275426030158997, -0.8514693975448608, -0.8462238311767578, -0.8340393900871277, -0.8298982381820679, -0.8289225101470947, -0.8249860405921936, -0.8124107718467712];[];838.6301143169403
2350;[0.7772398591041565, 0.7775821089744568, 0.7694616913795471, 0.7657247185707092, 0.7754458785057068, 0.7688707113265991, 0.7756665945053101, 0.7823808789253235, 0.7725468277931213, 0.7733606100082397, 0.7775960564613342, 0.7685464024543762, 0.7671958208084106, 0.7700935006141663, 0.7779068946838379, 0.7792052030563354, 0.7780584096908569, 0.7741494178771973, 0.7688784003257751, 0.7818309664726257, 0.7741044759750366, 0.7712360620498657, 0.7739055156707764, 0.7701075077056885, 0.7730069756507874, 0.7694880366325378, 0.7716720104217529, 0.7734395265579224, 0.7674909234046936, 0.7746103405952454, 0.776310384273529];[0.03944852203130722, 0.04047747701406479, 0.03608022630214691, 0.031221963465213776, 0.04051253944635391, 0.034379102289676666, 0.040202829986810684, 0.043025363236665726, 0.034840136766433716, 0.03642730787396431, 0.041818179190158844, 0.03332992270588875, 0.033880554139614105, 0.03615422546863556, 0.03971659764647484, 0.040909554809331894, 0.03832678869366646, 0.0385868176817894, 0.03351142257452011, 0.04044361785054207, 0.03714108094573021, 0.03280012682080269, 0.03636346384882927, 0.03257666528224945, 0.03760965168476105, 0.03279810771346092, 0.03311445936560631, 0.035091109573841095, 0.02996007725596428, 0.03999309614300728, 0.039047759026288986];[-0.8408023118972778, -0.846671462059021, -0.8281228542327881, -0.8142850399017334, -0.8442170023918152, -0.8263029456138611, -0.8415995836257935, -0.8552398681640625, -0.8318542838096619, -0.8293707966804504, -0.8490272164344788, -0.8242817521095276, -0.8225231170654297, -0.8278855085372925, -0.8459076285362244, -0.8486749529838562, -0.8345212936401367, -0.8388641476631165, -0.8232581615447998, -0.8463039398193359, -0.830464780330658, -0.8199493288993835, -0.8299379944801331, -0.823086678981781, -0.8387348055839539, -0.8193513751029968, -0.8236318826675415, -0.8307220935821533, -0.8139435052871704, -0.8406074643135071, -0.8387171626091003];[];846.0545518398285
2400;[0.7749884724617004, 0.7764519453048706, 0.7818267345428467, 0.7696804404258728, 0.7803974747657776, 0.7764102816581726, 0.7767202258110046, 0.7846379280090332, 0.7729407548904419, 0.7672033309936523, 0.7767795324325562, 0.768528163433075, 0.772550106048584, 0.7773738503456116, 0.777252197265625, 0.7785083055496216, 0.781304121017456, 0.7774367332458496, 0.7712041139602661, 0.7676025032997131, 0.7702509164810181, 0.7656639814376831, 0.7667175531387329, 0.766829788684845, 0.7751679420471191, 0.768667995929718, 0.7666694521903992, 0.7697024941444397, 0.768252968788147, 0.7721726894378662, 0.7757757306098938];[0.03647138923406601, 0.03871796280145645, 0.04420800879597664, 0.03305690363049507, 0.04321250692009926, 0.04149651899933815, 0.038557786494493484, 0.04403369128704071, 0.03770524263381958, 0.03517211973667145, 0.039990879595279694, 0.03323408588767052, 0.03557702153921127, 0.042010921984910965, 0.04016412794589996, 0.0409582294523716, 0.04174177348613739, 0.03708554059267044, 0.03614044934511185, 0.033228036016225815, 0.034551557153463364, 0.03502430021762848, 0.034016430377960205, 0.031391970813274384, 0.0379154272377491, 0.034423552453517914, 0.032975371927022934, 0.03420376032590866, 0.034155648201704025, 0.038728877902030945, 0.040462661534547806];[-0.8433907628059387, -0.8412322402000427, -0.8566346168518066, -0.821473240852356, -0.8604422807693481, -0.8518747687339783, -0.8453282713890076, -0.8549908995628357, -0.8340352177619934, -0.8253204226493835, -0.8424089550971985, -0.826636552810669, -0.8479800224304199, -0.8485956192016602, -0.8425916433334351, -0.8512751460075378, -0.8461130857467651, -0.8486043810844421, -0.8323646187782288, -0.8247244358062744, -0.827897846698761, -0.8246864080429077, -0.8232725858688354, -0.8214726448059082, -0.8337380886077881, -0.8270472884178162, -0.8204932808876038, -0.8245927691459656, -0.825279951095581, -0.8395412564277649, -0.8431842923164368];[];822.5880436897278
2450;[0.7677467465400696, 0.7691237330436707, 0.7749410271644592, 0.7751619815826416, 0.7736351490020752, 0.7701596021652222, 0.7713081240653992, 0.774216890335083, 0.7670792937278748, 0.7719851136207581, 0.7753228545188904, 0.7654797434806824, 0.7781270146369934, 0.7730170488357544, 0.7676173448562622, 0.7718356251716614, 0.7777890563011169, 0.7685741186141968, 0.7745263576507568, 0.7728725671768188, 0.7667527794837952, 0.7797713279724121, 0.7805495262145996, 0.7788549661636353, 0.7742659449577332, 0.7703109383583069, 0.7697438597679138, 0.7682980895042419, 0.7653601169586182, 0.7714234590530396, 0.7731710076332092];[0.03293411433696747, 0.033695925027132034, 0.03927576541900635, 0.03733495995402336, 0.039764951914548874, 0.03695038706064224, 0.035606421530246735, 0.037697069346904755, 0.03165184333920479, 0.03751392289996147, 0.03623205050826073, 0.030213920399546623, 0.04024019464850426, 0.036786433309316635, 0.032693907618522644, 0.035555753856897354, 0.03909815847873688, 0.033862486481666565, 0.03730056434869766, 0.03766147047281265, 0.030230455100536346, 0.03971041738986969, 0.04143302142620087, 0.03939201310276985, 0.03843418136239052, 0.0334414467215538, 0.03490442410111427, 0.03421518951654434, 0.030271556228399277, 0.0355350524187088, 0.035322412848472595];[-0.8149830102920532, -0.8239245414733887, -0.8452948331832886, -0.8377507925033569, -0.8380181789398193, -0.8334512710571289, -0.8327686786651611, -0.8370826840400696, -0.8166310787200928, -0.8339605927467346, -0.8327745795249939, -0.8100563883781433, -0.8464098572731018, -0.8303627371788025, -0.8209171295166016, -0.8270122408866882, -0.8402790427207947, -0.8219101428985596, -0.831138551235199, -0.835996687412262, -0.8105224967002869, -0.8368008136749268, -0.8545613288879395, -0.8360817432403564, -0.8398247361183167, -0.821143388748169, -0.8255378007888794, -0.8244047164916992, -0.820452094078064, -0.8261472582817078, -0.8276939988136292];[];864.4316112995148
2500;[0.7785080671310425, 0.7696775197982788, 0.7689404487609863, 0.7750507593154907, 0.7778931856155396, 0.7753287553787231, 0.7797186374664307, 0.7796372175216675, 0.7728113532066345, 0.7710356712341309, 0.7719517946243286, 0.7741087079048157, 0.7739803194999695, 0.7722466588020325, 0.7871924042701721, 0.7793988585472107, 0.7820550203323364, 0.7746198177337646, 0.7739878296852112, 0.7796482443809509, 0.7801033854484558, 0.780388355255127, 0.774441659450531, 0.7714895606040955, 0.7729227542877197, 0.7769027352333069, 0.7768444418907166, 0.7747896909713745, 0.7782447934150696, 0.7734545469284058, 0.7751142382621765];[0.04087982326745987, 0.03346122428774834, 0.03289752081036568, 0.03545311093330383, 0.038538381457328796, 0.03731100633740425, 0.04072102531790733, 0.0404340885579586, 0.037900660187006, 0.03617146983742714, 0.032465290278196335, 0.037166204303503036, 0.03849837929010391, 0.034852035343647, 0.04733902961015701, 0.04057256877422333, 0.044198550283908844, 0.038642045110464096, 0.03528591990470886, 0.04165579006075859, 0.042765919119119644, 0.04137033596634865, 0.03525542840361595, 0.034238383173942566, 0.03708600252866745, 0.03787681460380554, 0.039640191942453384, 0.03751445561647415, 0.04039962217211723, 0.03573216125369072, 0.037995751947164536];[-0.8479679822921753, -0.820913553237915, -0.8250756859779358, -0.827023446559906, -0.8361494541168213, -0.8301330804824829, -0.8430097103118896, -0.8440428972244263, -0.8343460559844971, -0.8272781372070312, -0.8178274035453796, -0.8315363526344299, -0.8369324207305908, -0.8276498913764954, -0.8641657829284668, -0.8404072523117065, -0.8569499254226685, -0.8351486921310425, -0.8259696364402771, -0.857591986656189, -0.850813090801239, -0.851667582988739, -0.8323723673820496, -0.8249940872192383, -0.8320244550704956, -0.8322502374649048, -0.8455829620361328, -0.8314031362533569, -0.8415107131004333, -0.8308846354484558, -0.8313139081001282];[];872.592541217804
2550;[0.77707839012146, 0.7658446431159973, 0.7659708261489868, 0.775565505027771, 0.7680882811546326, 0.7843237519264221, 0.7762996554374695, 0.7739182114601135, 0.7698330283164978, 0.7765122652053833, 0.7700808644294739, 0.7700558304786682, 0.7724628448486328, 0.7777479290962219, 0.7772669792175293, 0.7824809551239014, 0.7665601968765259, 0.7783412337303162, 0.7797645330429077, 0.7659276127815247, 0.7783452272415161, 0.7752881050109863, 0.7749674916267395, 0.78150874376297, 0.7727953195571899, 0.7780643701553345, 0.7746864557266235, 0.7756726145744324, 0.7725681066513062, 0.7653557658195496, 0.7701901793479919];[0.03674916550517082, 0.031627967953681946, 0.029292330145835876, 0.038558632135391235, 0.03183460980653763, 0.04581613838672638, 0.04100731015205383, 0.0379018560051918, 0.03468472138047218, 0.038849033415317535, 0.03456426411867142, 0.035385940223932266, 0.03914501518011093, 0.04462968558073044, 0.043773651123046875, 0.04458132013678551, 0.034107886254787445, 0.04084278270602226, 0.043549880385398865, 0.03318282216787338, 0.04420282319188118, 0.03980155289173126, 0.03914504498243332, 0.04427499696612358, 0.040168263018131256, 0.04289577156305313, 0.04011357203125954, 0.04120266065001488, 0.03635784983634949, 0.03284725546836853, 0.036438148468732834];[-0.8327585458755493, -0.814595639705658, -0.8102105259895325, -0.8480588793754578, -0.817323625087738, -0.8697150945663452, -0.8425441384315491, -0.8311734795570374, -0.8347883224487305, -0.8376336693763733, -0.8271172046661377, -0.8256770968437195, -0.8349432349205017, -0.8562476634979248, -0.8551415801048279, -0.8624180555343628, -0.8215669989585876, -0.8436303734779358, -0.8531638979911804, -0.8213125467300415, -0.8583144545555115, -0.842261791229248, -0.8613101840019226, -0.8514097332954407, -0.846644937992096, -0.8474481105804443, -0.8422644734382629, -0.843167781829834, -0.8275792002677917, -0.8207923173904419, -0.8284294605255127];[];863.8938779830933
2600;[0.7680361866950989, 0.7734320163726807, 0.7732722163200378, 0.7719864249229431, 0.7724769115447998, 0.7764278054237366, 0.7711969017982483, 0.7721061110496521, 0.7671991586685181, 0.7752595543861389, 0.7719513177871704, 0.7693889737129211, 0.7774919271469116, 0.7720045447349548, 0.7668153047561646, 0.7684407234191895, 0.7772689461708069, 0.7712101936340332, 0.7741011381149292, 0.7721171975135803, 0.7713387608528137, 0.7730030417442322, 0.7709904313087463, 0.7636928558349609, 0.767784059047699, 0.7715846300125122, 0.7639999389648438, 0.7749533653259277, 0.7697952389717102, 0.7655773758888245, 0.7626203298568726];[0.033960726112127304, 0.03707605227828026, 0.03598735108971596, 0.03443557396531105, 0.03700736165046692, 0.04132414981722832, 0.033918753266334534, 0.03488975018262863, 0.03080134280025959, 0.03700464591383934, 0.03662716969847679, 0.03215816617012024, 0.03667201101779938, 0.03273404762148857, 0.027888836339116096, 0.030870985239744186, 0.03863469511270523, 0.032651010900735855, 0.035104069858789444, 0.033404067158699036, 0.03189476579427719, 0.03345005214214325, 0.03232001140713692, 0.026986679062247276, 0.027396541088819504, 0.03074442222714424, 0.025805192068219185, 0.034030720591545105, 0.03004690632224083, 0.025641197338700294, 0.026560259982943535];[-0.8221240639686584, -0.8338695764541626, -0.8304576277732849, -0.8236281871795654, -0.8358685374259949, -0.8405866026878357, -0.8216824531555176, -0.8278035521507263, -0.8151665925979614, -0.8339914083480835, -0.8332498669624329, -0.8145484328269958, -0.830983579158783, -0.8234503269195557, -0.8053327202796936, -0.8155372142791748, -0.8347858190536499, -0.8216655254364014, -0.8281908631324768, -0.8224560618400574, -0.8149293661117554, -0.8236833810806274, -0.8224242925643921, -0.8061613440513611, -0.8058181405067444, -0.8122031688690186, -0.8013197779655457, -0.8244838118553162, -0.8117195963859558, -0.7965073585510254, -0.8020713925361633];[];850.657101392746
2650;[0.7740353941917419, 0.7695406079292297, 0.7733619213104248, 0.7688462734222412, 0.7672505974769592, 0.7734463214874268, 0.7717944383621216, 0.7617040872573853, 0.7685227990150452, 0.7648093104362488, 0.7821876406669617, 0.7693381309509277, 0.7673116326332092, 0.771525502204895, 0.7760863304138184, 0.7617305517196655, 0.7658802270889282, 0.769325315952301, 0.7742842435836792, 0.7752165794372559, 0.7716816663742065, 0.7732292413711548, 0.769564151763916, 0.7763791680335999, 0.7670550346374512, 0.7718889117240906, 0.7807743549346924, 0.7710168361663818, 0.7629631757736206, 0.7724783420562744, 0.7746206521987915];[0.03320349007844925, 0.03305147588253021, 0.03485982120037079, 0.03313830867409706, 0.03259757161140442, 0.036048874258995056, 0.03393959254026413, 0.02901351824402809, 0.032942794263362885, 0.029722820967435837, 0.04492955654859543, 0.032640185207128525, 0.031521692872047424, 0.03500799089670181, 0.041044969111680984, 0.025549687445163727, 0.02965676225721836, 0.03529652580618858, 0.03664708510041237, 0.03569692373275757, 0.03418280929327011, 0.03623500466346741, 0.03314700722694397, 0.03828544542193413, 0.029443128034472466, 0.03329167142510414, 0.04032695293426514, 0.03379436209797859, 0.028645629063248634, 0.03687736764550209, 0.03452477604150772];[-0.8250634670257568, -0.8213170766830444, -0.831770658493042, -0.8219830393791199, -0.8185674548149109, -0.8293610215187073, -0.8223916292190552, -0.8079392313957214, -0.8177481889724731, -0.8135437369346619, -0.8560354113578796, -0.8205137252807617, -0.8212841749191284, -0.8237044215202332, -0.843771755695343, -0.799268364906311, -0.8169634342193604, -0.8309234976768494, -0.8310062289237976, -0.8355197906494141, -0.8214829564094543, -0.8358597159385681, -0.8201534152030945, -0.8393005132675171, -0.810247004032135, -0.8285824656486511, -0.8684036731719971, -0.8247565627098083, -0.8098312020301819, -0.8325738906860352, -0.8276390433311462];[];807.3984451293945
2700;[0.7685233950614929, 0.7736966609954834, 0.7763954997062683, 0.7717313170433044, 0.7805380821228027, 0.7731146216392517, 0.7739379405975342, 0.7711147665977478, 0.7859981656074524, 0.772818922996521, 0.7761446237564087, 0.7740404009819031, 0.7673916220664978, 0.7805126905441284, 0.7771947383880615, 0.7821000814437866, 0.7791776657104492, 0.7755230665206909, 0.7731146216392517, 0.7736501693725586, 0.7690058350563049, 0.7743873000144958, 0.7728268504142761, 0.7695928812026978, 0.7731855511665344, 0.7734355330467224, 0.7726606726646423, 0.7826305031776428, 0.7771013379096985, 0.7736242413520813, 0.7741238474845886];[0.03286826238036156, 0.03931688517332077, 0.036159537732601166, 0.03562680631875992, 0.03948838263750076, 0.03672156110405922, 0.037572287023067474, 0.03535657003521919, 0.042119380086660385, 0.03351789340376854, 0.03876717388629913, 0.03488656505942345, 0.0328984297811985, 0.04121578112244606, 0.03627131134271622, 0.04368070885539055, 0.03919583186507225, 0.037145812064409256, 0.03781793266534805, 0.033598121255636215, 0.03326365724205971, 0.03764475882053375, 0.035939738154411316, 0.036593109369277954, 0.03656528517603874, 0.036145079880952835, 0.03462357446551323, 0.04103027284145355, 0.040072981268167496, 0.03454885259270668, 0.038370873779058456];[-0.8173689842224121, -0.8397613763809204, -0.8312958478927612, -0.8275319337844849, -0.8392627239227295, -0.836469292640686, -0.8363187909126282, -0.8310829401016235, -0.8552306294441223, -0.8236488103866577, -0.8392680883407593, -0.8322247266769409, -0.8202851414680481, -0.8440262079238892, -0.8303691148757935, -0.8506581783294678, -0.8401622772216797, -0.8442963361740112, -0.8325780034065247, -0.8367711305618286, -0.819733738899231, -0.8325851559638977, -0.8278376460075378, -0.8301675915718079, -0.8308246731758118, -0.8358226418495178, -0.8274700045585632, -0.8452735543251038, -0.8480939865112305, -0.8246784806251526, -0.8449140191078186];[];806.5581531524658
2750;[0.7686010599136353, 0.7714735269546509, 0.774976909160614, 0.779524028301239, 0.7711664438247681, 0.7660483717918396, 0.7798588275909424, 0.7808338403701782, 0.7811399102210999, 0.7719899415969849, 0.7795673608779907, 0.7770769000053406, 0.7772932052612305, 0.7770438194274902, 0.7803221344947815, 0.7745354771614075, 0.7711014151573181, 0.781631350517273, 0.7648752331733704, 0.7779006361961365, 0.7701852321624756, 0.776866614818573, 0.7796076536178589, 0.7780985236167908, 0.774721086025238, 0.7672944068908691, 0.7710990309715271, 0.7751369476318359, 0.7759624123573303, 0.7769065499305725, 0.7726731896400452];[0.033337730914354324, 0.03492473438382149, 0.03701358288526535, 0.04388175532221794, 0.033360354602336884, 0.031077992171049118, 0.04235410690307617, 0.04234791547060013, 0.040291011333465576, 0.036113496869802475, 0.04158246889710426, 0.03926436975598335, 0.03857683390378952, 0.03856438770890236, 0.03913690894842148, 0.03647866100072861, 0.03575202450156212, 0.04186069592833519, 0.029139850288629532, 0.03664504364132881, 0.03213842958211899, 0.03745243325829506, 0.03933582827448845, 0.03965435177087784, 0.03372691199183464, 0.030829401686787605, 0.028814049437642097, 0.03415876626968384, 0.035955823957920074, 0.03484492748975754, 0.03184868022799492];[-0.8176805973052979, -0.8244302868843079, -0.8335758447647095, -0.8494488000869751, -0.8212886452674866, -0.8179300427436829, -0.8457000255584717, -0.8602177500724792, -0.8507883548736572, -0.828105628490448, -0.8511267304420471, -0.8345977663993835, -0.8360788226127625, -0.8384346961975098, -0.8388260006904602, -0.8329561352729797, -0.8259142637252808, -0.8497309684753418, -0.8127906322479248, -0.8317733407020569, -0.818756103515625, -0.8368082046508789, -0.8363257646560669, -0.8427993059158325, -0.8227872252464294, -0.8119556903839111, -0.8096655607223511, -0.8236699104309082, -0.826802670955658, -0.8259361386299133, -0.8176873326301575];[];817.0378313064575
2800;[0.7688477039337158, 0.774857759475708, 0.7807937264442444, 0.7766783833503723, 0.7752450108528137, 0.771573543548584, 0.7737125158309937, 0.7745396494865417, 0.7769452333450317, 0.7774286270141602, 0.7730728387832642, 0.7757809162139893, 0.7758588790893555, 0.7691056132316589, 0.7785951495170593, 0.7774140238761902, 0.7768827080726624, 0.7746244072914124, 0.7732476592063904, 0.7760204672813416, 0.7771996855735779, 0.7747460603713989, 0.7774362564086914, 0.777084231376648, 0.7743900418281555, 0.7800087332725525, 0.7703899145126343, 0.7725529670715332, 0.7686200141906738, 0.7723832726478577, 0.7645061016082764];[0.030676502734422684, 0.03614182397723198, 0.04011151194572449, 0.0378783643245697, 0.03572941571474075, 0.03631390631198883, 0.038357269018888474, 0.03821077570319176, 0.0391417071223259, 0.04107893258333206, 0.03227987512946129, 0.03639071434736252, 0.03864132985472679, 0.03488077223300934, 0.038801565766334534, 0.040304023772478104, 0.03872453793883324, 0.0361538827419281, 0.036285143345594406, 0.036241911351680756, 0.03899695724248886, 0.03497092425823212, 0.038994546979665756, 0.038335587829351425, 0.03482335805892944, 0.041112836450338364, 0.03514070063829422, 0.03744776174426079, 0.034292206168174744, 0.03746304661035538, 0.028574448078870773];[-0.8194093108177185, -0.8314047455787659, -0.8415209054946899, -0.837885856628418, -0.8323501944541931, -0.8283491134643555, -0.8421024680137634, -0.840693473815918, -0.8492122888565063, -0.8404029607772827, -0.8186283111572266, -0.8353261947631836, -0.8330116868019104, -0.8253741264343262, -0.837921142578125, -0.8406552076339722, -0.838447630405426, -0.8297975063323975, -0.8320284485816956, -0.837943434715271, -0.8377063870429993, -0.8254110217094421, -0.8422912955284119, -0.8462597727775574, -0.8321828246116638, -0.8487765789031982, -0.8297656178474426, -0.8332611322402954, -0.8219062089920044, -0.8309721946716309, -0.8056049942970276];[];808.7948112487793
2850;[0.7697654366493225, 0.7680013179779053, 0.7639971971511841, 0.7815225720405579, 0.7816680669784546, 0.7706338763237, 0.777201235294342, 0.7707507610321045, 0.7762677073478699, 0.7658105492591858, 0.7784083485603333, 0.7742626667022705, 0.7788609266281128, 0.7769924998283386, 0.7822678685188293, 0.7729703783988953, 0.777916431427002, 0.7680542469024658, 0.7791787385940552, 0.7741643786430359, 0.7798618674278259, 0.7715704441070557, 0.7695212364196777, 0.7807000279426575, 0.7789240479469299, 0.7710880041122437, 0.7747747898101807, 0.7771600484848022, 0.7682310938835144, 0.7796905636787415, 0.7733036279678345];[0.0327116996049881, 0.0320286750793457, 0.03068811446428299, 0.0424978993833065, 0.0434267595410347, 0.034149911254644394, 0.039763353765010834, 0.036341987550258636, 0.03708625212311745, 0.031592171639204025, 0.04053306207060814, 0.03715689852833748, 0.040056366473436356, 0.03934543952345848, 0.04363103583455086, 0.0353524349629879, 0.04044569283723831, 0.03389039635658264, 0.04200945794582367, 0.03869413584470749, 0.043166838586330414, 0.0364128053188324, 0.035987693816423416, 0.04445618391036987, 0.0385785773396492, 0.03726952150464058, 0.04060358554124832, 0.039419665932655334, 0.034894153475761414, 0.042032260447740555, 0.037117041647434235];[-0.8201571106910706, -0.8158918619155884, -0.8139443397521973, -0.8619616627693176, -0.8472183346748352, -0.822285532951355, -0.8429310917854309, -0.8299017548561096, -0.8338537812232971, -0.8178173899650574, -0.8453357815742493, -0.8278370499610901, -0.8470543622970581, -0.8392679691314697, -0.8482562303543091, -0.8298671841621399, -0.8412060737609863, -0.8217005729675293, -0.8514611721038818, -0.8393055200576782, -0.8607549667358398, -0.8334552049636841, -0.830045759677887, -0.8533519506454468, -0.8350619673728943, -0.830214262008667, -0.8406062722206116, -0.8391085267066956, -0.8241193294525146, -0.846113383769989, -0.8326734900474548];[];796.3895239830017
2900;[0.7813458442687988, 0.7717096209526062, 0.7752892374992371, 0.7740541100502014, 0.7606274485588074, 0.7715275287628174, 0.7740386724472046, 0.7761693000793457, 0.7722070217132568, 0.7670695781707764, 0.7753822207450867, 0.7960227131843567, 0.7759559750556946, 0.7744919657707214, 0.7683594226837158, 0.773310124874115, 0.7736657857894897, 0.7790512442588806, 0.77617347240448, 0.7698312401771545, 0.7729408740997314, 0.7760524153709412, 0.7810896039009094, 0.7740731239318848, 0.774610698223114, 0.7808765172958374, 0.7782202959060669, 0.7887507081031799, 0.7826191186904907, 0.7733820676803589, 0.7735621333122253];[0.040740303695201874, 0.03236229717731476, 0.03758135065436363, 0.03441722318530083, 0.026562238112092018, 0.0349389910697937, 0.037741273641586304, 0.03823377192020416, 0.035228610038757324, 0.031052878126502037, 0.03842592239379883, 0.04990839213132858, 0.03816235810518265, 0.03659407049417496, 0.03276919201016426, 0.03385356068611145, 0.036019179970026016, 0.04305825009942055, 0.04093388840556145, 0.036216240376234055, 0.0375719889998436, 0.03820830211043358, 0.04136166349053383, 0.03626469522714615, 0.03646712377667427, 0.04114525765180588, 0.03841496258974075, 0.044468868523836136, 0.043997880071401596, 0.035708557814359665, 0.03821701183915138];[-0.8474368453025818, -0.8196125626564026, -0.8319107890129089, -0.8272325396537781, -0.8014674186706543, -0.8256110548973083, -0.8322117924690247, -0.833171010017395, -0.8265543580055237, -0.8169502019882202, -0.8420524001121521, -0.9442691802978516, -0.8328512907028198, -0.8276063799858093, -0.8215702176094055, -0.8229817152023315, -0.8390628099441528, -0.849720299243927, -0.8466541767120361, -0.8282777070999146, -0.8341333866119385, -0.8353039026260376, -0.8495426774024963, -0.8322709798812866, -0.830058217048645, -0.8425027132034302, -0.8369098901748657, -0.8673329949378967, -0.8520931005477905, -0.8323846459388733, -0.8372334837913513];[];812.9278383255005
2950;[0.7813006639480591, 0.7876504063606262, 0.7703216671943665, 0.7683590054512024, 0.7787951827049255, 0.7731069922447205, 0.7721163034439087, 0.7719418406486511, 0.7729654312133789, 0.7734442949295044, 0.7674798965454102, 0.7760034799575806, 0.7745375037193298, 0.7717633247375488, 0.7757558226585388, 0.7756622433662415, 0.7652343511581421, 0.7745771408081055, 0.774688184261322, 0.7669920921325684, 0.7812319397926331, 0.7656877636909485, 0.7793349623680115, 0.781863808631897, 0.7654027342796326, 0.7654949426651001, 0.7735152244567871, 0.7706567645072937, 0.7801246047019958, 0.7711529731750488, 0.778191328048706];[0.04249199479818344, 0.04500705003738403, 0.03175263851881027, 0.030198287218809128, 0.038930878043174744, 0.03552061319351196, 0.034182269126176834, 0.0348350889980793, 0.03377244248986244, 0.03835086151957512, 0.03132352977991104, 0.03983793035149574, 0.038108039647340775, 0.03626473248004913, 0.03861686959862709, 0.04108254238963127, 0.031308043748140335, 0.040903136134147644, 0.040865108370780945, 0.033476267009973526, 0.042538121342659, 0.03637190908193588, 0.03919527307152748, 0.044165197759866714, 0.029596535488963127, 0.03176545724272728, 0.038720473647117615, 0.03677664324641228, 0.0410192608833313, 0.037320155650377274, 0.04061422124505043];[-0.8564563393592834, -0.8788267374038696, -0.8153185844421387, -0.8126485347747803, -0.8359033465385437, -0.8294514417648315, -0.8235059976577759, -0.8257859945297241, -0.8213842511177063, -0.8354854583740234, -0.8160414099693298, -0.8394293189048767, -0.833748996257782, -0.8390930891036987, -0.8436949849128723, -0.843248188495636, -0.8129889369010925, -0.8446222543716431, -0.8432945013046265, -0.8241382241249084, -0.8606916666030884, -0.8285872936248779, -0.8564738035202026, -0.8535570502281189, -0.8111429214477539, -0.8164373636245728, -0.8420282602310181, -0.8331025242805481, -0.8462352752685547, -0.836177408695221, -0.8514317274093628];[];826.2661018371582
3000;[0.7795382142066956, 0.783374011516571, 0.7640649676322937, 0.7779554724693298, 0.7773171067237854, 0.7740960717201233, 0.7859682440757751, 0.7774578928947449, 0.7678048014640808, 0.7646428346633911, 0.7700768113136292, 0.7704162001609802, 0.7736467719078064, 0.7825286984443665, 0.7711288928985596, 0.7886671423912048, 0.7662512063980103, 0.7800922393798828, 0.7780264019966125, 0.7734702229499817, 0.7743529081344604, 0.7705483436584473, 0.7737107872962952, 0.7702922821044922, 0.7753919959068298, 0.7809193134307861, 0.7798038721084595, 0.7786930203437805, 0.7751602530479431, 0.7768283486366272, 0.7675868272781372];[0.038465727120637894, 0.04208303987979889, 0.029553284868597984, 0.03923876956105232, 0.037683386355638504, 0.037115875631570816, 0.04797770455479622, 0.040214717388153076, 0.031786397099494934, 0.028474636375904083, 0.036456286907196045, 0.03367895632982254, 0.03632955253124237, 0.04228661209344864, 0.035287048667669296, 0.046076782047748566, 0.03178125247359276, 0.04314058646559715, 0.0417175367474556, 0.039638176560401917, 0.03942720592021942, 0.03478536754846573, 0.03660455718636513, 0.03542294725775719, 0.037995532155036926, 0.042433783411979675, 0.04270779341459274, 0.04163612425327301, 0.037460967898368835, 0.04249313473701477, 0.03412879630923271];[-0.8446155786514282, -0.8553035855293274, -0.8103376626968384, -0.8531436324119568, -0.8348512649536133, -0.8368374705314636, -0.8682900071144104, -0.8469018936157227, -0.817473292350769, -0.808606743812561, -0.829397439956665, -0.8229005932807922, -0.8310587406158447, -0.8444660902023315, -0.8259774446487427, -0.869755208492279, -0.8150436282157898, -0.8535802960395813, -0.848284125328064, -0.8368476629257202, -0.8404142260551453, -0.8279311060905457, -0.8296480178833008, -0.8256208896636963, -0.8644683957099915, -0.8536270260810852, -0.8615620732307434, -0.8462880253791809, -0.8343665599822998, -0.847898542881012, -0.8221334218978882];[];824.8858489990234
3050;[0.771178126335144, 0.7762236595153809, 0.7769073247909546, 0.7768744826316833, 0.7689065933227539, 0.7809865474700928, 0.7705641984939575, 0.7835212349891663, 0.7782601118087769, 0.773984968662262, 0.7691887021064758, 0.7742398977279663, 0.7676694393157959, 0.7780288457870483, 0.7722960710525513, 0.7707454562187195, 0.7866626977920532, 0.7745401859283447, 0.7802135944366455, 0.7653942704200745, 0.7669123411178589, 0.7670071125030518, 0.7638919353485107, 0.7721191048622131, 0.7732611298561096, 0.774441123008728, 0.7662707567214966, 0.7673826813697815, 0.7701100707054138, 0.7600432634353638, 0.7709614038467407];[0.0329926535487175, 0.04057476669549942, 0.03946271166205406, 0.0353291891515255, 0.033831819891929626, 0.042458049952983856, 0.035056181252002716, 0.04755215346813202, 0.04320748150348663, 0.03832196071743965, 0.03383631631731987, 0.0377931073307991, 0.03339296206831932, 0.04206640273332596, 0.03517039492726326, 0.03627264127135277, 0.049608636647462845, 0.038524042814970016, 0.04297598451375961, 0.030390702188014984, 0.033141445368528366, 0.030713040381669998, 0.030182011425495148, 0.03616483509540558, 0.036164216697216034, 0.03698960319161415, 0.03448406979441643, 0.03395727276802063, 0.033877525478601456, 0.025768935680389404, 0.03389997407793999];[-0.82136070728302, -0.844342052936554, -0.8394742012023926, -0.8323057293891907, -0.8270226716995239, -0.8649690747261047, -0.8264060020446777, -0.8691054582595825, -0.8539880514144897, -0.8362990617752075, -0.8215484619140625, -0.8304697871208191, -0.8208258152008057, -0.8477240204811096, -0.8269185423851013, -0.830044686794281, -0.8845732808113098, -0.8316152095794678, -0.8527768850326538, -0.8123965859413147, -0.8230665922164917, -0.8126423358917236, -0.8171613216400146, -0.8320689797401428, -0.8372700810432434, -0.8375767469406128, -0.8266035318374634, -0.8204925060272217, -0.8245825171470642, -0.7985332608222961, -0.8201636672019958];[];854.1769607067108
3100;[0.7692521810531616, 0.7698105573654175, 0.7777777910232544, 0.7733100652694702, 0.7710246443748474, 0.7705917358398438, 0.7778702974319458, 0.7758515477180481, 0.770539402961731, 0.7724460959434509, 0.7788970470428467, 0.7764177322387695, 0.7753604650497437, 0.7729713320732117, 0.7884464859962463, 0.773736834526062, 0.7764005661010742, 0.7758351564407349, 0.7773562073707581, 0.7805472612380981, 0.7795406579971313, 0.776799738407135, 0.769258439540863, 0.7799736261367798, 0.7665444612503052, 0.7781469821929932, 0.7708609104156494, 0.7759702801704407, 0.7716440558433533, 0.7786323428153992, 0.7840636968612671];[0.0324285514652729, 0.03418174013495445, 0.041284289211034775, 0.03394794464111328, 0.0343194380402565, 0.03479032590985298, 0.038733649998903275, 0.04008696973323822, 0.034082185477018356, 0.03273199498653412, 0.03880726173520088, 0.0391518771648407, 0.037381019443273544, 0.03592454642057419, 0.04475796967744827, 0.03609120100736618, 0.03454228490591049, 0.03689302131533623, 0.03678926080465317, 0.042555443942546844, 0.04074973613023758, 0.038830433040857315, 0.032370612025260925, 0.03917085379362106, 0.031132269650697708, 0.03840752691030502, 0.033672068268060684, 0.03772291913628578, 0.036301158368587494, 0.03896738588809967, 0.043889597058296204];[-0.8188472390174866, -0.8242411613464355, -0.8493515253067017, -0.824528694152832, -0.8241211771965027, -0.8286934494972229, -0.8342310786247253, -0.8356001973152161, -0.8312633037567139, -0.8219055533409119, -0.8407970666885376, -0.8365957736968994, -0.8328856229782104, -0.8315555453300476, -0.8576611876487732, -0.828536868095398, -0.824592649936676, -0.836012065410614, -0.8308761119842529, -0.8488916754722595, -0.8437877893447876, -0.8384339213371277, -0.8263598680496216, -0.8388561010360718, -0.8150374293327332, -0.8356769680976868, -0.8207135796546936, -0.8401845693588257, -0.8287466764450073, -0.8398635387420654, -0.8558624386787415];[];844.4624128341675
3150;[0.7777324914932251, 0.7746274471282959, 0.7697024345397949, 0.7798550128936768, 0.7753321528434753, 0.784074604511261, 0.7762066721916199, 0.7725552916526794, 0.7711777687072754, 0.7726646065711975, 0.773908793926239, 0.7797451019287109, 0.7802942991256714, 0.7746714949607849, 0.7742424607276917, 0.7726151347160339, 0.7787058353424072, 0.7667179107666016, 0.7790613770484924, 0.7737432718276978, 0.7742719650268555, 0.7777284383773804, 0.7767484784126282, 0.7716929912567139, 0.7725728154182434, 0.7644911408424377, 0.7737435102462769, 0.7727664113044739, 0.7679711580276489, 0.780150830745697, 0.783309817314148];[0.03830850496888161, 0.03768058121204376, 0.033429104834795, 0.040236253291368484, 0.03535192459821701, 0.04263574257493019, 0.035365741699934006, 0.03285016492009163, 0.03316713869571686, 0.035539980977773666, 0.03127241134643555, 0.04153482988476753, 0.042665861546993256, 0.03660553693771362, 0.03743879869580269, 0.03594480827450752, 0.0396803542971611, 0.029857851564884186, 0.03805486857891083, 0.03748485445976257, 0.03651420772075653, 0.039675019681453705, 0.03827030211687088, 0.03673233836889267, 0.03551124408841133, 0.03101375512778759, 0.035784028470516205, 0.036715056747198105, 0.03277718275785446, 0.04130326583981514, 0.043967682868242264];[-0.836405873298645, -0.8344789147377014, -0.8221193552017212, -0.8705765604972839, -0.8265665769577026, -0.8601986765861511, -0.8328814506530762, -0.8219613432884216, -0.8201339840888977, -0.8305820822715759, -0.843608558177948, -0.8476993441581726, -0.8607282638549805, -0.8306230902671814, -0.8369604349136353, -0.8280901312828064, -0.8420742154121399, -0.8135059475898743, -0.8346967101097107, -0.8376887440681458, -0.831222414970398, -0.8429691195487976, -0.8353620767593384, -0.8340681195259094, -0.8326432108879089, -0.8116627335548401, -0.8367537260055542, -0.8284277319908142, -0.8167697191238403, -0.8448537588119507, -0.8530691266059875];[];852.1175088882446
3200;[0.7738699316978455, 0.7741061449050903, 0.7730574011802673, 0.7845268845558167, 0.778956949710846, 0.7799826264381409, 0.7851518392562866, 0.7782320380210876, 0.777869701385498, 0.7776622176170349, 0.7714070081710815, 0.7780246734619141, 0.7767977714538574, 0.7756710052490234, 0.7822291254997253, 0.7655630111694336, 0.7814299464225769, 0.7779732942581177, 0.7767556309700012, 0.7708778977394104, 0.7743532061576843, 0.7714588642120361, 0.784217894077301, 0.7752532362937927, 0.7743958830833435, 0.7746173739433289, 0.7745211124420166, 0.7758476734161377, 0.7848657369613647, 0.777340829372406, 0.790000855922699];[0.03582867607474327, 0.036289799958467484, 0.03397737815976143, 0.045183777809143066, 0.04024830460548401, 0.040711820125579834, 0.046205680817365646, 0.042075980454683304, 0.03848860412836075, 0.04103519394993782, 0.036966465413570404, 0.04264924302697182, 0.042708151042461395, 0.04013212025165558, 0.043851688504219055, 0.0309807937592268, 0.04235364869236946, 0.04327228665351868, 0.03986487537622452, 0.03512571007013321, 0.03760215640068054, 0.037843968719244, 0.04494740813970566, 0.039994269609451294, 0.03879480063915253, 0.03916534036397934, 0.038389626890420914, 0.04180063679814339, 0.04859861359000206, 0.041358597576618195, 0.05188852921128273];[-0.8303912878036499, -0.8294865489006042, -0.8250734806060791, -0.8546040058135986, -0.8505105972290039, -0.8451851606369019, -0.86091148853302, -0.8477045893669128, -0.8433507084846497, -0.8470024466514587, -0.8336020708084106, -0.8480833768844604, -0.850288987159729, -0.8394487500190735, -0.8513070940971375, -0.8153666257858276, -0.8583224415779114, -0.8461660742759705, -0.8387026786804199, -0.8290473222732544, -0.8330150246620178, -0.843317985534668, -0.8701412081718445, -0.8364261984825134, -0.8331663608551025, -0.838901698589325, -0.8353196382522583, -0.8509646654129028, -0.8755193948745728, -0.8426787257194519, -0.8877330422401428];[];845.4214916229248
3250;[0.7686925530433655, 0.777990460395813, 0.7748718857765198, 0.770878255367279, 0.7709676623344421, 0.77301025390625, 0.7783644795417786, 0.767483651638031, 0.7753510475158691, 0.7826446294784546, 0.7766673564910889, 0.7755981683731079, 0.7770156264305115, 0.776796817779541, 0.7687250971794128, 0.7757598757743835, 0.7705993056297302, 0.7743154764175415, 0.7788220643997192, 0.7771413326263428, 0.7726024389266968, 0.7776513695716858, 0.7829179167747498, 0.7802513241767883, 0.7811120748519897, 0.7703066468238831, 0.7799456715583801, 0.7833988666534424, 0.778626024723053, 0.7758464217185974, 0.7785819172859192];[0.032502178102731705, 0.037967581301927567, 0.04027947410941124, 0.03563188016414642, 0.03486909717321396, 0.03837200626730919, 0.04196498543024063, 0.030863681808114052, 0.03444546461105347, 0.04358271509408951, 0.03920618072152138, 0.03930968791246414, 0.039764612913131714, 0.04028400033712387, 0.03321288898587227, 0.04108124598860741, 0.03380361199378967, 0.03694213181734085, 0.038915228098630905, 0.038278065621852875, 0.035238757729530334, 0.041082825511693954, 0.041412726044654846, 0.04051313176751137, 0.03887300193309784, 0.03412472829222679, 0.040970947593450546, 0.043215081095695496, 0.0400860458612442, 0.0381714403629303, 0.038947444409132004];[-0.8183684349060059, -0.8328454494476318, -0.8444173336029053, -0.830784261226654, -0.8318761587142944, -0.8350797295570374, -0.8475087881088257, -0.8179132342338562, -0.8255767226219177, -0.856458842754364, -0.8399216532707214, -0.836367130279541, -0.8405709266662598, -0.8420430421829224, -0.8203856348991394, -0.8411051630973816, -0.8246846795082092, -0.8328027129173279, -0.8365099430084229, -0.8357937335968018, -0.8306003212928772, -0.8408251404762268, -0.8561137914657593, -0.8415684700012207, -0.8535467982292175, -0.823505699634552, -0.8504470586776733, -0.8517856597900391, -0.8403130769729614, -0.8369334936141968, -0.8413150906562805];[];833.6868267059326
3300;[0.7795279026031494, 0.7809576392173767, 0.7662237286567688, 0.7680656313896179, 0.7760788202285767, 0.776252806186676, 0.7766041159629822, 0.7660324573516846, 0.7681251764297485, 0.780961275100708, 0.7791845202445984, 0.7732395529747009, 0.7774985432624817, 0.7762258052825928, 0.7735304832458496, 0.7789387702941895, 0.7843330502510071, 0.7729044556617737, 0.7764992713928223, 0.7700953483581543, 0.7729286551475525, 0.7749732732772827, 0.7795049548149109, 0.7715884447097778, 0.7756320834159851, 0.7663213014602661, 0.7748891115188599, 0.7796450853347778, 0.7676374316215515, 0.789797306060791, 0.7875562310218811];[0.04072694480419159, 0.04399026185274124, 0.030254444107413292, 0.03189283609390259, 0.03744489327073097, 0.037468984723091125, 0.03904184326529503, 0.02993711456656456, 0.030340109020471573, 0.0422012023627758, 0.04248012602329254, 0.03479349985718727, 0.04016726836562157, 0.03917752951383591, 0.03619302809238434, 0.03711536154150963, 0.04339520260691643, 0.036353547126054764, 0.03850178420543671, 0.03231526538729668, 0.03472062572836876, 0.03353671357035637, 0.036469895392656326, 0.03451472148299217, 0.03819787874817848, 0.029180163517594337, 0.03809207305312157, 0.03981635347008705, 0.030986841768026352, 0.047420140355825424, 0.0416378378868103];[-0.8439280986785889, -0.8533743619918823, -0.8114957213401794, -0.8178122043609619, -0.834474503993988, -0.8302202224731445, -0.8396864533424377, -0.8125958442687988, -0.8123366832733154, -0.8477045297622681, -0.8442684412002563, -0.8259977698326111, -0.8424519896507263, -0.8400282263755798, -0.8310760259628296, -0.8301481008529663, -0.8623872995376587, -0.8286777138710022, -0.8361350297927856, -0.8237905502319336, -0.8268953561782837, -0.8463243246078491, -0.8410555124282837, -0.8276787996292114, -0.8400176763534546, -0.8090642094612122, -0.8312103748321533, -0.8436447381973267, -0.814456582069397, -0.8661844730377197, -0.8553077578544617];[];782.9647121429443
3350;[0.7736531496047974, 0.7702985405921936, 0.7780669927597046, 0.772611141204834, 0.7790585160255432, 0.7691546678543091, 0.777353048324585, 0.7835284471511841, 0.7722625732421875, 0.7716999650001526, 0.7702099084854126, 0.7778556942939758, 0.771110475063324, 0.7754194140434265, 0.7731077671051025, 0.7716845273971558, 0.7665002942085266, 0.7790902853012085, 0.7689407467842102, 0.7757501006126404, 0.7762028574943542, 0.7739753127098083, 0.7719482779502869, 0.7813514471054077, 0.7908193469047546, 0.770965576171875, 0.7759089469909668, 0.7854629755020142, 0.7704530954360962, 0.7705618143081665, 0.7694068551063538];[0.037911467254161835, 0.03184704855084419, 0.037662431597709656, 0.03271520882844925, 0.03988546133041382, 0.032177191227674484, 0.04091519117355347, 0.04410640150308609, 0.036143891513347626, 0.03358394652605057, 0.03389034420251846, 0.037249885499477386, 0.03320828825235367, 0.03711995109915733, 0.03489011898636818, 0.03658086061477661, 0.03112100623548031, 0.03759735822677612, 0.034702885895967484, 0.03866070508956909, 0.03893200680613518, 0.03704244643449783, 0.03718316927552223, 0.04465062916278839, 0.04803304746747017, 0.036590028554201126, 0.03787870705127716, 0.04573648050427437, 0.03351997956633568, 0.033391933888196945, 0.03364504128694534];[-0.8339468240737915, -0.8156948089599609, -0.8564406633377075, -0.821233868598938, -0.8378127813339233, -0.8205751180648804, -0.8409504890441895, -0.870048463344574, -0.8338325023651123, -0.821195125579834, -0.8200105428695679, -0.841261625289917, -0.8226083517074585, -0.8331698179244995, -0.8239040374755859, -0.827423095703125, -0.8140453100204468, -0.8333801031112671, -0.8253626227378845, -0.8428561687469482, -0.8373188972473145, -0.8420171141624451, -0.8286380171775818, -0.8529207706451416, -0.8816840052604675, -0.8318528532981873, -0.8370299935340881, -0.8668402433395386, -0.8243774771690369, -0.8208726644515991, -0.8225263953208923];[];816.3951015472412
3400;[0.7642442584037781, 0.7699458003044128, 0.7763230204582214, 0.77181476354599, 0.7748197317123413, 0.7700761556625366, 0.7679656744003296, 0.7746171355247498, 0.7652289271354675, 0.7763646841049194, 0.7773773074150085, 0.7709641456604004, 0.7822197079658508, 0.7756450176239014, 0.7829233407974243, 0.7763004899024963, 0.7758558392524719, 0.7755463719367981, 0.7752408981323242, 0.7685500979423523, 0.7737283110618591, 0.7801032662391663, 0.7746275663375854, 0.767680823802948, 0.7631356716156006, 0.7704848647117615, 0.7733516097068787, 0.771696150302887, 0.7796681523323059, 0.7686663866043091, 0.7694747447967529];[0.028251400217413902, 0.03400644659996033, 0.036034755408763885, 0.03410543128848076, 0.03790505230426788, 0.032049763947725296, 0.02976459637284279, 0.03694866597652435, 0.031185245141386986, 0.03676579147577286, 0.0359872430562973, 0.035187121480703354, 0.0411972850561142, 0.03863492235541344, 0.0444183386862278, 0.037947673350572586, 0.037642501294612885, 0.037381209433078766, 0.03844573348760605, 0.032031238079071045, 0.037442076951265335, 0.04064583405852318, 0.03817587345838547, 0.03298736363649368, 0.028403514996170998, 0.03520667925477028, 0.03928409889340401, 0.034589409828186035, 0.04048343747854233, 0.033496592193841934, 0.035451579838991165];[-0.8074080348014832, -0.8261996507644653, -0.8280823230743408, -0.8238406181335449, -0.8374732136726379, -0.8184329867362976, -0.8106275200843811, -0.8349995017051697, -0.8141701221466064, -0.8299886584281921, -0.8257120251655579, -0.8319675326347351, -0.8415562510490417, -0.8340835571289062, -0.852599561214447, -0.8373631834983826, -0.8369442224502563, -0.8301615118980408, -0.8353172540664673, -0.8192391991615295, -0.8346056938171387, -0.8537082672119141, -0.8333036303520203, -0.8195931315422058, -0.8044203519821167, -0.8243606090545654, -0.8357419371604919, -0.8264346718788147, -0.8444178700447083, -0.8214947581291199, -0.8259450793266296];[];820.5776615142822
3450;[0.7701950073242188, 0.7814260721206665, 0.7837777733802795, 0.7830996513366699, 0.7747549414634705, 0.7730473875999451, 0.7839128375053406, 0.7800370454788208, 0.7774022221565247, 0.7819458246231079, 0.7797395586967468, 0.7799439430236816, 0.7828620076179504, 0.7782594561576843, 0.7716031670570374, 0.7710062861442566, 0.7672213315963745, 0.7817032337188721, 0.7870831489562988, 0.7756919264793396, 0.7799784541130066, 0.7740424871444702, 0.7728483080863953, 0.7810957431793213, 0.7767141461372375, 0.7718530297279358, 0.7754440307617188, 0.7818723917007446, 0.7739852070808411, 0.7742995023727417, 0.7761330604553223];[0.03263486549258232, 0.04245497286319733, 0.04258667677640915, 0.04431423917412758, 0.037066590040922165, 0.03753547742962837, 0.04330802336335182, 0.043767958879470825, 0.039807163178920746, 0.03867563232779503, 0.037800535559654236, 0.04103280231356621, 0.039843443781137466, 0.03851786255836487, 0.03411579877138138, 0.033835526555776596, 0.03205276280641556, 0.04259362444281578, 0.0455789715051651, 0.036367855966091156, 0.04065834730863571, 0.034757889807224274, 0.03482788801193237, 0.04425591602921486, 0.03739314526319504, 0.03577354922890663, 0.0376117005944252, 0.041605863720178604, 0.037257369607686996, 0.035447653383016586, 0.03840364143252373];[-0.8212994337081909, -0.8525723814964294, -0.8516703844070435, -0.8532387018203735, -0.8340376615524292, -0.8320978283882141, -0.8540830016136169, -0.8555728793144226, -0.8495408892631531, -0.8404399752616882, -0.839794933795929, -0.8536664843559265, -0.840148389339447, -0.836727499961853, -0.8233177065849304, -0.8237278461456299, -0.8192367553710938, -0.8495001196861267, -0.8630797266960144, -0.830289363861084, -0.8444883823394775, -0.8275434374809265, -0.8238716721534729, -0.8504077196121216, -0.8321014046669006, -0.823466420173645, -0.8303145170211792, -0.8438772559165955, -0.8297452926635742, -0.8256136178970337, -0.8320954442024231];[];810.9705202579498
3500;[0.7799900770187378, 0.7758382558822632, 0.7681431770324707, 0.7775686383247375, 0.7787148356437683, 0.7753166556358337, 0.7746564745903015, 0.777339518070221, 0.7689536809921265, 0.7747295498847961, 0.7821686267852783, 0.7681879997253418, 0.7730066180229187, 0.7699100375175476, 0.7653041481971741, 0.7709544897079468, 0.7710630297660828, 0.7688540816307068, 0.7696126103401184, 0.7679445147514343, 0.7790455222129822, 0.7763326168060303, 0.7685388326644897, 0.7712994813919067, 0.7687668204307556, 0.7764667868614197, 0.7726399898529053, 0.7712603211402893, 0.7739710211753845, 0.7685737013816833, 0.7750194072723389];[0.03934689611196518, 0.03845631331205368, 0.03413610905408859, 0.03877880424261093, 0.043680500239133835, 0.0369223989546299, 0.038593072444200516, 0.03710860386490822, 0.032218560576438904, 0.03810117393732071, 0.04487672448158264, 0.03465651348233223, 0.0357932448387146, 0.03463564068078995, 0.03098149038851261, 0.03554078936576843, 0.03556967154145241, 0.03277062997221947, 0.03482713922858238, 0.03376113250851631, 0.04194055125117302, 0.038243506103754044, 0.03350694105029106, 0.03584415093064308, 0.034345198422670364, 0.043007269501686096, 0.040182020515203476, 0.03624691814184189, 0.038332220166921616, 0.035140227526426315, 0.03773575276136398];[-0.8416905403137207, -0.8476929664611816, -0.8230578899383545, -0.8943796753883362, -0.8631743788719177, -0.8335924744606018, -0.8410710692405701, -0.8364685773849487, -0.8193244338035583, -0.8411380648612976, -0.8553714156150818, -0.8238587379455566, -0.8287863731384277, -0.8254784345626831, -0.8153808116912842, -0.8279860019683838, -0.8295751214027405, -0.8264510035514832, -0.827893078327179, -0.8237701058387756, -0.851148784160614, -0.8381744027137756, -0.8222864270210266, -0.8292446136474609, -0.824198305606842, -0.849407970905304, -0.8455433249473572, -0.8306141495704651, -0.8450953960418701, -0.8289210796356201, -0.8345168828964233];[];856.2588133811951
3550;[0.7742922902107239, 0.7744633555412292, 0.7771035432815552, 0.7731192708015442, 0.7801052331924438, 0.7761967778205872, 0.7724964618682861, 0.7757530808448792, 0.7685487270355225, 0.7758108377456665, 0.7687431573867798, 0.7726947069168091, 0.7735331654548645, 0.7762891054153442, 0.766663670539856, 0.7710731625556946, 0.7766947150230408, 0.7728764414787292, 0.7670937180519104, 0.7709547281265259, 0.7659699320793152, 0.7645731568336487, 0.773386538028717, 0.7730622291564941, 0.7685957551002502, 0.7732393145561218, 0.7780060768127441, 0.7742906212806702, 0.7686784863471985, 0.7735297679901123, 0.7805169820785522];[0.037251152098178864, 0.03403835371136665, 0.039503004401922226, 0.03520188108086586, 0.04166034236550331, 0.04069025442004204, 0.03825677931308746, 0.038195110857486725, 0.035583652555942535, 0.040368229150772095, 0.032903075218200684, 0.03477925807237625, 0.037995629012584686, 0.039988577365875244, 0.030239827930927277, 0.032869771122932434, 0.038388047367334366, 0.034807778894901276, 0.03044659085571766, 0.03345867991447449, 0.032485231757164, 0.03083186224102974, 0.03633859008550644, 0.03527989983558655, 0.03317303955554962, 0.03741495683789253, 0.040118735283613205, 0.03690487518906593, 0.0319695919752121, 0.03506629541516304, 0.041003286838531494];[-0.8325448036193848, -0.8219375014305115, -0.843971312046051, -0.8273138403892517, -0.8441115617752075, -0.8435183167457581, -0.8329715728759766, -0.834596574306488, -0.8299075961112976, -0.8411905169487, -0.8207418322563171, -0.8257598280906677, -0.8370363712310791, -0.843162477016449, -0.813441276550293, -0.8186679482460022, -0.8346760869026184, -0.832370400428772, -0.8177198767662048, -0.8221585750579834, -0.8193103671073914, -0.815869152545929, -0.8304767608642578, -0.8301278352737427, -0.8282493948936462, -0.8406127691268921, -0.8448267579078674, -0.8309031128883362, -0.8165861368179321, -0.824448823928833, -0.8471105694770813];[];853.0603911876678
3600;[0.7710103392601013, 0.7745051383972168, 0.7794980406761169, 0.7714764475822449, 0.7733408212661743, 0.7721391916275024, 0.7759509086608887, 0.7729746699333191, 0.7677117586135864, 0.7673492431640625, 0.7737347483634949, 0.7818281650543213, 0.7692520022392273, 0.769023060798645, 0.771120548248291, 0.7664546966552734, 0.7719876170158386, 0.7788991332054138, 0.7800582647323608, 0.7740938663482666, 0.7783781886100769, 0.7673682570457458, 0.7716130614280701, 0.7633708715438843, 0.7723531126976013, 0.7672397494316101, 0.771769642829895, 0.7719044089317322, 0.7755961418151855, 0.762177586555481, 0.7713311910629272];[0.036884766072034836, 0.035645727068185806, 0.04150126501917839, 0.03467608988285065, 0.03439386934041977, 0.0344318188726902, 0.0379076711833477, 0.03644407168030739, 0.03144502267241478, 0.03020043484866619, 0.03538139909505844, 0.044068723917007446, 0.03156690672039986, 0.03179458901286125, 0.03543204069137573, 0.028273936361074448, 0.036023564636707306, 0.04216117784380913, 0.043408166617155075, 0.036141201853752136, 0.04022311791777611, 0.03227457404136658, 0.03688637167215347, 0.0281843189150095, 0.03538515418767929, 0.03254222124814987, 0.03925720974802971, 0.03555382043123245, 0.03750971332192421, 0.029166867956519127, 0.03414108604192734];[-0.8321592211723328, -0.8295929431915283, -0.8439815640449524, -0.8227781057357788, -0.8273568749427795, -0.8262534141540527, -0.8375916481018066, -0.8288999199867249, -0.813376247882843, -0.8094895482063293, -0.830334484577179, -0.8594170212745667, -0.8189937472343445, -0.8158978223800659, -0.8277302384376526, -0.8080481886863708, -0.8294107913970947, -0.8458114266395569, -0.8550111055374146, -0.842964231967926, -0.8499100804328918, -0.817105233669281, -0.8301381468772888, -0.8061598539352417, -0.8257565498352051, -0.8162245750427246, -0.8350903391838074, -0.8267045021057129, -0.8367135524749756, -0.8071699738502502, -0.8300154209136963];[];868.1530516147614
3650;[0.7695708274841309, 0.7833809852600098, 0.7823472619056702, 0.7669070959091187, 0.7651948928833008, 0.7711625695228577, 0.7629824876785278, 0.7691916823387146, 0.7705406546592712, 0.7711862921714783, 0.7717036604881287, 0.7684561610221863, 0.7698574066162109, 0.7771396040916443, 0.7769988775253296, 0.7744168639183044, 0.7709448337554932, 0.7769367694854736, 0.7760841250419617, 0.7698620557785034, 0.7727579474449158, 0.7717030048370361, 0.7740233540534973, 0.7821804285049438, 0.7686384320259094, 0.7728952169418335, 0.773091733455658, 0.7679177522659302, 0.778372585773468, 0.7661423683166504, 0.771084725856781];[0.033356767147779465, 0.04371974989771843, 0.043442461639642715, 0.03309911489486694, 0.03293636441230774, 0.034057047218084335, 0.02982730232179165, 0.033214107155799866, 0.0345824770629406, 0.03298644721508026, 0.03494594991207123, 0.03194302320480347, 0.032083287835121155, 0.03735463693737984, 0.038138534873723984, 0.037953782826662064, 0.03280184045433998, 0.0363728404045105, 0.038545362651348114, 0.03176334500312805, 0.03563680872321129, 0.035438910126686096, 0.03603897988796234, 0.04101075977087021, 0.03100687824189663, 0.03684423118829727, 0.03522787615656853, 0.03190947696566582, 0.03849581629037857, 0.03148190304636955, 0.03330299258232117];[-0.8181540369987488, -0.8567494750022888, -0.8608010411262512, -0.8190354704856873, -0.8189224600791931, -0.8258790969848633, -0.8114804625511169, -0.8204527497291565, -0.8245266079902649, -0.824615478515625, -0.8284057378768921, -0.8144715428352356, -0.8171188831329346, -0.8331027030944824, -0.8465756773948669, -0.8383016586303711, -0.8218487501144409, -0.8840795755386353, -0.83613520860672, -0.8188637495040894, -0.8266209959983826, -0.8291497826576233, -0.8323185443878174, -0.8530229330062866, -0.8172767162322998, -0.8312004208564758, -0.825088381767273, -0.8159576654434204, -0.832551121711731, -0.8143904805183411, -0.8200644850730896];[];864.5708906650543
3700;[0.7767847180366516, 0.7815400958061218, 0.7711332440376282, 0.7631945610046387, 0.7682526707649231, 0.7730966210365295, 0.775335431098938, 0.773475170135498, 0.7704137563705444, 0.7683560252189636, 0.7687492966651917, 0.7696496248245239, 0.7795706987380981, 0.7742783427238464, 0.7757070660591125, 0.7669278979301453, 0.7852113246917725, 0.7695938944816589, 0.7688243985176086, 0.7672366499900818, 0.7768173813819885, 0.7677455544471741, 0.7718929648399353, 0.7769867777824402, 0.7782583832740784, 0.775726318359375, 0.7708247303962708, 0.7687363028526306, 0.7725727558135986, 0.7690806984901428, 0.779937744140625];[0.038039159029722214, 0.04218191280961037, 0.03344966098666191, 0.029025347903370857, 0.03101157769560814, 0.03623094782233238, 0.04097979515790939, 0.03705480694770813, 0.03567489609122276, 0.033566899597644806, 0.030952274799346924, 0.03371257707476616, 0.039396073669195175, 0.03335286304354668, 0.03843063488602638, 0.03275198116898537, 0.049913253635168076, 0.03394981101155281, 0.034947216510772705, 0.03083607368171215, 0.04011888802051544, 0.03259227052330971, 0.03685588017106056, 0.03703419119119644, 0.03775418549776077, 0.036521416157484055, 0.03544177487492561, 0.032574016600847244, 0.03493036702275276, 0.03444583714008331, 0.04197786748409271];[-0.8338400721549988, -0.8446748852729797, -0.8208955526351929, -0.8093631267547607, -0.814186155796051, -0.8286429047584534, -0.8413344025611877, -0.8361016511917114, -0.8315012454986572, -0.8223034143447876, -0.8132999539375305, -0.8248305320739746, -0.8415745496749878, -0.8216261267662048, -0.8385269045829773, -0.8189375400543213, -0.8769180774688721, -0.8220548033714294, -0.8294675350189209, -0.8170708417892456, -0.8482619524002075, -0.8191328048706055, -0.8320098519325256, -0.8329930901527405, -0.8387604355812073, -0.8352248668670654, -0.8261824250221252, -0.8199561238288879, -0.8278374671936035, -0.825792133808136, -0.8453683853149414];[];847.0634531974792
3750;[0.7779315114021301, 0.7706640958786011, 0.770125150680542, 0.7716013193130493, 0.7701519727706909, 0.7743510007858276, 0.7739299535751343, 0.7644813656806946, 0.7584331035614014, 0.7709405422210693, 0.772937536239624, 0.7812194228172302, 0.7711761593818665, 0.7756969332695007, 0.7735896706581116, 0.7646888494491577, 0.7727965712547302, 0.7670823931694031, 0.7705524563789368, 0.7652495503425598, 0.7739423513412476, 0.7707739472389221, 0.7667670845985413, 0.7723281979560852, 0.7610598802566528, 0.7632866501808167, 0.7724772691726685, 0.7731921672821045, 0.7588391900062561, 0.7617927193641663, 0.7676064372062683];[0.04010831564664841, 0.033744875341653824, 0.0350249744951725, 0.035272132605314255, 0.035107750445604324, 0.038169823586940765, 0.038514722138643265, 0.030462197959423065, 0.026883507147431374, 0.03591196611523628, 0.03666285425424576, 0.0432785265147686, 0.03706725314259529, 0.038013022392988205, 0.03560769557952881, 0.03161635994911194, 0.03790679946541786, 0.03240804001688957, 0.03735646232962608, 0.0302989911288023, 0.039874471724033356, 0.03785242885351181, 0.03601031005382538, 0.038973402231931686, 0.030082780867815018, 0.0322711281478405, 0.04076189547777176, 0.0368717722594738, 0.028585992753505707, 0.03230158984661102, 0.03198675066232681];[-0.8408828377723694, -0.8211020231246948, -0.8247816562652588, -0.8306030035018921, -0.8271735310554504, -0.8377605676651001, -0.8330719470977783, -0.8148945569992065, -0.8063434958457947, -0.8319830298423767, -0.8346706032752991, -0.8524459600448608, -0.8323699831962585, -0.8355032801628113, -0.8358049392700195, -0.8150632381439209, -0.8343678712844849, -0.8194262981414795, -0.8332759141921997, -0.8137455582618713, -0.8385721445083618, -0.8423036932945251, -0.8272300362586975, -0.8398363590240479, -0.8109391331672668, -0.8144983053207397, -0.8500551581382751, -0.8367648124694824, -0.8089378476142883, -0.8223991990089417, -0.8209261894226074];[];882.1835923194885
3800;[0.7720962762832642, 0.7732287645339966, 0.7670984864234924, 0.7697984576225281, 0.7691178917884827, 0.7717725038528442, 0.7755821347236633, 0.7711719274520874, 0.777813196182251, 0.7751967906951904, 0.7747337818145752, 0.7730721235275269, 0.7745619416236877, 0.769540011882782, 0.7727078199386597, 0.7737500071525574, 0.771300196647644, 0.77619868516922, 0.7725515365600586, 0.7696120738983154, 0.7722772359848022, 0.774566113948822, 0.7706905007362366, 0.7698743939399719, 0.7698453664779663, 0.7714596390724182, 0.7718853950500488, 0.7717236876487732, 0.7679744958877563, 0.775101900100708, 0.7671219110488892];[0.03428170457482338, 0.037350401282310486, 0.031985342502593994, 0.03222987800836563, 0.031254615634679794, 0.035473406314849854, 0.03841448202729225, 0.03483746573328972, 0.03748861700296402, 0.037539295852184296, 0.03724343329668045, 0.03655482456088066, 0.03676588833332062, 0.03266420215368271, 0.03485853970050812, 0.03627249225974083, 0.036503057926893234, 0.038560573011636734, 0.03741900250315666, 0.035881560295820236, 0.03759181126952171, 0.03894129395484924, 0.03640565648674965, 0.033361613750457764, 0.03255292400717735, 0.03693806007504463, 0.0373593233525753, 0.03659370169043541, 0.03627404943108559, 0.03714679554104805, 0.032286543399095535];[-0.8256890177726746, -0.83242267370224, -0.8223423957824707, -0.819570004940033, -0.8172668814659119, -0.8291780352592468, -0.834529459476471, -0.8261435627937317, -0.8357295393943787, -0.8370200395584106, -0.8380725979804993, -0.8283283710479736, -0.8327108025550842, -0.8202273845672607, -0.8288663625717163, -0.828956127166748, -0.8302160501480103, -0.8466765284538269, -0.8354926705360413, -0.8273481726646423, -0.8338391184806824, -0.84090256690979, -0.8287556171417236, -0.8217682242393494, -0.8194304704666138, -0.8353038430213928, -0.8341788053512573, -0.8348879218101501, -0.8300963640213013, -0.8426037430763245, -0.818170428276062];[];858.212598323822
3850;[0.7717000842094421, 0.769137442111969, 0.773693323135376, 0.7754920125007629, 0.7652502059936523, 0.7703213691711426, 0.7660016417503357, 0.7710753083229065, 0.7668003439903259, 0.7732197046279907, 0.767837405204773, 0.7652334570884705, 0.7664006352424622, 0.7759343385696411, 0.7687003016471863, 0.7748474478721619, 0.7656315565109253, 0.7780270576477051, 0.7679351568222046, 0.7723661065101624, 0.7639196515083313, 0.775729775428772, 0.7698417901992798, 0.77677321434021, 0.7778247594833374, 0.7676485776901245, 0.7726190686225891, 0.7735506296157837, 0.7783822417259216, 0.7826061844825745, 0.7670106887817383];[0.035215020179748535, 0.035005196928977966, 0.03620253875851631, 0.0380222424864769, 0.027246717363595963, 0.03212583437561989, 0.03059072047472, 0.035369426012039185, 0.030801357701420784, 0.03488316014409065, 0.030984947457909584, 0.02946506440639496, 0.027884220704436302, 0.03498699143528938, 0.031328629702329636, 0.03524094447493553, 0.027676401659846306, 0.03953605517745018, 0.03255537897348404, 0.03709016367793083, 0.026994526386260986, 0.03550812974572182, 0.02946064993739128, 0.03660491481423378, 0.03950605168938637, 0.033852819353342056, 0.03589031472802162, 0.03435118868947029, 0.04023057967424393, 0.041972048580646515, 0.029717424884438515];[-0.827389121055603, -0.8252517580986023, -0.8292396664619446, -0.8342306613922119, -0.8015044927597046, -0.8184889554977417, -0.8211191892623901, -0.8298398852348328, -0.8172168731689453, -0.8273388743400574, -0.8134202361106873, -0.8111667633056641, -0.8089280128479004, -0.8274118900299072, -0.8157172799110413, -0.8282853364944458, -0.805994987487793, -0.8434606790542603, -0.8186025619506836, -0.8302406072616577, -0.8010812997817993, -0.8273036479949951, -0.8159438371658325, -0.8430932760238647, -0.8366036415100098, -0.8216022849082947, -0.8369693756103516, -0.8285898566246033, -0.8442136645317078, -0.8746038675308228, -0.8122260570526123];[];840.9503891468048
3900;[0.7764260172843933, 0.7735680341720581, 0.7752358913421631, 0.7674703598022461, 0.7800458669662476, 0.7666257619857788, 0.7750515341758728, 0.7780886888504028, 0.7664107084274292, 0.7732452154159546, 0.7735594511032104, 0.7790245413780212, 0.7687165141105652, 0.7670486569404602, 0.7700720429420471, 0.7727634310722351, 0.7812700271606445, 0.7786115407943726, 0.772294819355011, 0.7700503468513489, 0.7716619372367859, 0.7629134058952332, 0.7681645154953003, 0.7649878859519958, 0.7752585411071777, 0.7695437669754028, 0.7779529690742493, 0.7841684818267822, 0.7766923308372498, 0.7687393426895142, 0.7721266746520996];[0.0392027273774147, 0.03643467277288437, 0.03598213568329811, 0.032827265560626984, 0.039272990077733994, 0.03141462430357933, 0.037983670830726624, 0.04305601119995117, 0.02952849492430687, 0.038299620151519775, 0.038372404873371124, 0.03836018592119217, 0.03248361498117447, 0.033180903643369675, 0.03317037969827652, 0.03539704531431198, 0.04389369115233421, 0.04008305445313454, 0.036244239658117294, 0.03378346934914589, 0.03488429635763168, 0.029630154371261597, 0.0332573764026165, 0.03165405988693237, 0.03982039541006088, 0.03316151350736618, 0.0397990383207798, 0.04374450072646141, 0.039958514273166656, 0.034773316234350204, 0.03386621177196503];[-0.8461412191390991, -0.837660014629364, -0.8303582668304443, -0.8183003664016724, -0.8366618156433105, -0.8157358169555664, -0.8381969928741455, -0.8471896648406982, -0.8096436262130737, -0.835720956325531, -0.8420181274414062, -0.834482729434967, -0.8183383941650391, -0.8248182535171509, -0.8232406973838806, -0.8256230354309082, -0.8558628559112549, -0.8434954881668091, -0.8278263211250305, -0.8222739100456238, -0.8269239664077759, -0.8136664032936096, -0.8214791417121887, -0.8152218461036682, -0.8428758382797241, -0.819805383682251, -0.8401148319244385, -0.8701745271682739, -0.8415646553039551, -0.832115113735199, -0.8193583488464355];[];861.6408343315125
3950;[0.7668476700782776, 0.77220618724823, 0.7733718156814575, 0.7866621613502502, 0.7782132029533386, 0.7712588906288147, 0.7787707448005676, 0.7757989764213562, 0.7745276689529419, 0.781745970249176, 0.7801586985588074, 0.7761129140853882, 0.7757247090339661, 0.789358913898468, 0.7715694308280945, 0.7781010866165161, 0.783927857875824, 0.7742049098014832, 0.7731623649597168, 0.7798093557357788, 0.774237871170044, 0.7790294289588928, 0.7809413075447083, 0.7728983163833618, 0.7808364629745483, 0.7696855664253235, 0.7750394940376282, 0.7674528360366821, 0.7726126909255981, 0.7764399647712708, 0.7745395302772522];[0.03283039852976799, 0.03654921427369118, 0.034636374562978745, 0.04485904797911644, 0.03767700865864754, 0.0340430848300457, 0.040115103125572205, 0.036752741783857346, 0.03438345342874527, 0.04224902763962746, 0.03989487141370773, 0.03553390130400658, 0.03582107275724411, 0.047706376761198044, 0.0326269194483757, 0.0359991192817688, 0.04204270988702774, 0.036722563207149506, 0.03487371280789375, 0.03592387214303017, 0.03465387225151062, 0.03960692137479782, 0.040596187114715576, 0.03418683633208275, 0.04067816212773323, 0.03148408979177475, 0.03587833791971207, 0.03222134709358215, 0.03542422130703926, 0.03623982518911362, 0.03698098286986351];[-0.8205925226211548, -0.8371129631996155, -0.8237601518630981, -0.8643777370452881, -0.8332001566886902, -0.8278568983078003, -0.8449321985244751, -0.8295365571975708, -0.823341965675354, -0.8464016914367676, -0.8441914319992065, -0.8311435580253601, -0.8277620673179626, -0.8651667833328247, -0.8206126093864441, -0.8303463459014893, -0.8621112108230591, -0.833832323551178, -0.8265567421913147, -0.8296212553977966, -0.8244218826293945, -0.8469508290290833, -0.8457846641540527, -0.8272477388381958, -0.8484699130058289, -0.8154769539833069, -0.8401126265525818, -0.8179983496665955, -0.8289874792098999, -0.8305858373641968, -0.831967294216156];[];844.6841435432434
4000;[0.7758664488792419, 0.7810219526290894, 0.7779420614242554, 0.7685713171958923, 0.7694810032844543, 0.7748359441757202, 0.7713144421577454, 0.7696127891540527, 0.7749022841453552, 0.7808008790016174, 0.7712928652763367, 0.7728567719459534, 0.7728990316390991, 0.7648159861564636, 0.780488908290863, 0.7729026079177856, 0.7781363129615784, 0.7677393555641174, 0.7797098159790039, 0.7692731618881226, 0.771115779876709, 0.7671350836753845, 0.7785722613334656, 0.773146390914917, 0.7685976624488831, 0.7731872797012329, 0.7686008810997009, 0.7713813185691833, 0.7758508920669556, 0.7840126156806946, 0.7822955250740051];[0.0369487926363945, 0.041505683213472366, 0.03925186023116112, 0.034971222281455994, 0.0344674177467823, 0.039069294929504395, 0.035207390785217285, 0.03387134522199631, 0.03781529515981674, 0.043212682008743286, 0.034436870366334915, 0.0386589951813221, 0.037683919072151184, 0.030678564682602882, 0.04220341145992279, 0.0353151373565197, 0.03929532691836357, 0.035559479147195816, 0.040736716240644455, 0.03276333585381508, 0.03617658466100693, 0.029365772381424904, 0.04031689465045929, 0.039011456072330475, 0.0318351686000824, 0.03461200371384621, 0.03169162571430206, 0.032817721366882324, 0.03907569870352745, 0.044669557362794876, 0.04340542107820511];[-0.832825243473053, -0.8502472043037415, -0.8458520770072937, -0.8272159099578857, -0.8284153342247009, -0.8387466073036194, -0.8289792537689209, -0.8204404711723328, -0.8320107460021973, -0.8470308780670166, -0.8233320116996765, -0.8413663506507874, -0.8356911540031433, -0.8130142092704773, -0.8593984246253967, -0.8287825584411621, -0.8376365303993225, -0.8256043791770935, -0.8489748239517212, -0.8203220963478088, -0.8292303085327148, -0.811833381652832, -0.8405461311340332, -0.8391008377075195, -0.8160037398338318, -0.8265712857246399, -0.8203155994415283, -0.8223646283149719, -0.8447524309158325, -0.8607968091964722, -0.8527509570121765];[];803.4648878574371
4050;[0.7695102095603943, 0.7744293212890625, 0.7830880880355835, 0.7702905535697937, 0.773908793926239, 0.7657855153083801, 0.7724946737289429, 0.7683289647102356, 0.7728143334388733, 0.7689616084098816, 0.7697346210479736, 0.7695363759994507, 0.7688841223716736, 0.7686406970024109, 0.7728745937347412, 0.7682883739471436, 0.7698920965194702, 0.7678719162940979, 0.7689641714096069, 0.7750810980796814, 0.7715423703193665, 0.7660024762153625, 0.7710270285606384, 0.7742117643356323, 0.7675294280052185, 0.7735639810562134, 0.7764553427696228, 0.7749186158180237, 0.7777572274208069, 0.7778409719467163, 0.7725229859352112];[0.03308466449379921, 0.03877756744623184, 0.04159307852387428, 0.03317856043577194, 0.03585704788565636, 0.03098006173968315, 0.0379197932779789, 0.03483925387263298, 0.03656858205795288, 0.03167065232992172, 0.033264439553022385, 0.03433097153902054, 0.03261017054319382, 0.031810034066438675, 0.03581865876913071, 0.033659450709819794, 0.03340872377157211, 0.031418416649103165, 0.03066844493150711, 0.037923894822597504, 0.034298256039619446, 0.029985828325152397, 0.03303433954715729, 0.03602307289838791, 0.031672898679971695, 0.033449966460466385, 0.037442512810230255, 0.03481878712773323, 0.04168553650379181, 0.03870963305234909, 0.03254614770412445];[-0.8229476809501648, -0.8343474864959717, -0.8636552691459656, -0.8202600479125977, -0.8293445110321045, -0.8161060810089111, -0.8330780863761902, -0.8265054225921631, -0.8308797478675842, -0.8212374448776245, -0.8191983103752136, -0.8269252181053162, -0.8228158950805664, -0.8184803128242493, -0.8312947750091553, -0.8224178552627563, -0.8213138580322266, -0.8155450820922852, -0.8122103214263916, -0.8337085247039795, -0.8232709765434265, -0.8131184577941895, -0.8186450600624084, -0.8305399417877197, -0.8144017457962036, -0.8255366086959839, -0.8381257057189941, -0.8278177976608276, -0.8523733615875244, -0.8388582468032837, -0.8225030899047852];[];813.5780351161957
4100;[0.7719650864601135, 0.7674435377120972, 0.7735331058502197, 0.7835536003112793, 0.7709324955940247, 0.7747033834457397, 0.77129065990448, 0.7770882844924927, 0.7706134915351868, 0.7727700471878052, 0.7687715291976929, 0.7710498571395874, 0.7760866284370422, 0.7685490250587463, 0.7760987877845764, 0.7753214836120605, 0.7713922262191772, 0.7736948132514954, 0.7804480195045471, 0.7752702236175537, 0.7731884717941284, 0.7810803651809692, 0.7809200286865234, 0.7688494324684143, 0.7837588787078857, 0.7790846228599548, 0.7729426622390747, 0.7797103524208069, 0.7819317579269409, 0.7807300686836243, 0.7841160297393799];[0.03487067297101021, 0.029729675501585007, 0.038286369293928146, 0.04347627982497215, 0.034351058304309845, 0.034773245453834534, 0.034371793270111084, 0.036012109369039536, 0.03513753414154053, 0.0356665775179863, 0.03177729249000549, 0.03374466300010681, 0.03596871346235275, 0.032348036766052246, 0.035756416618824005, 0.037963271141052246, 0.030791575089097023, 0.03567232936620712, 0.03731648996472359, 0.035303618758916855, 0.03284631296992302, 0.038175176829099655, 0.0387023389339447, 0.030949261039495468, 0.0426454059779644, 0.03677504509687424, 0.03237451985478401, 0.03826916590332985, 0.04121371731162071, 0.039445046335458755, 0.041592344641685486];[-0.8271980881690979, -0.8087285161018372, -0.8369065523147583, -0.8543745279312134, -0.8287321329116821, -0.822921633720398, -0.8242554068565369, -0.8293994069099426, -0.8259070515632629, -0.8274483680725098, -0.8169098496437073, -0.8246179819107056, -0.843712568283081, -0.8188523650169373, -0.8270260691642761, -0.8466118574142456, -0.8154336214065552, -0.8268051743507385, -0.8361413478851318, -0.8260435461997986, -0.8200138211250305, -0.8533109426498413, -0.8340041637420654, -0.8177425861358643, -0.8498566150665283, -0.8338124752044678, -0.8221654891967773, -0.8370277881622314, -0.8570162057876587, -0.8436658382415771, -0.8444986343383789];[];867.9162826538086
4150;[0.7738735675811768, 0.7694463133811951, 0.7713499069213867, 0.777873694896698, 0.7713412642478943, 0.7688032984733582, 0.7712385058403015, 0.7687235474586487, 0.7692615389823914, 0.772045373916626, 0.7795450687408447, 0.7712936401367188, 0.7667556405067444, 0.7714341878890991, 0.777062177658081, 0.7786548137664795, 0.7692302465438843, 0.7689546346664429, 0.7725045084953308, 0.7760739922523499, 0.7779068350791931, 0.7647771835327148, 0.7718369960784912, 0.7728296518325806, 0.7789618968963623, 0.7735593914985657, 0.775762677192688, 0.7717830538749695, 0.7725202441215515, 0.7868956327438354, 0.7745941281318665];[0.037310000509023666, 0.03271469846367836, 0.035699259489774704, 0.03746624290943146, 0.03409416601061821, 0.03183846175670624, 0.0328601635992527, 0.032075151801109314, 0.03291962295770645, 0.03555452451109886, 0.03932780772447586, 0.03559684753417969, 0.029543377459049225, 0.03426450118422508, 0.03774629905819893, 0.03842742368578911, 0.03454712778329849, 0.031789395958185196, 0.0336969755589962, 0.03537270426750183, 0.03883463144302368, 0.028809083625674248, 0.035208817571401596, 0.034390889108181, 0.036037933081388474, 0.036273643374443054, 0.037458065897226334, 0.03486030176281929, 0.03431888297200203, 0.04848213493824005, 0.03739634156227112];[-0.8332653641700745, -0.8184794783592224, -0.8335172533988953, -0.843437135219574, -0.8238039612770081, -0.8236721754074097, -0.8180046677589417, -0.8183887004852295, -0.8198937773704529, -0.8304407000541687, -0.8494406938552856, -0.8255268931388855, -0.8078184723854065, -0.826280415058136, -0.8395447731018066, -0.8375875949859619, -0.8239138126373291, -0.8167898654937744, -0.8259144425392151, -0.8289745450019836, -0.8416903018951416, -0.811314582824707, -0.8275277614593506, -0.8250874280929565, -0.8529444932937622, -0.8321705460548401, -0.8305641412734985, -0.8255048990249634, -0.8233579993247986, -0.8675703406333923, -0.8347796201705933];[];874.1654968261719
4200;[0.774819552898407, 0.7741299867630005, 0.777254045009613, 0.7773132920265198, 0.7725074291229248, 0.7684085369110107, 0.7692680954933167, 0.7755255103111267, 0.7708613276481628, 0.771751344203949, 0.7666110992431641, 0.7714382410049438, 0.7715114951133728, 0.7672358751296997, 0.7698409557342529, 0.7737568020820618, 0.7627323269844055, 0.7677997946739197, 0.7653439044952393, 0.7694829702377319, 0.7646305561065674, 0.7680819630622864, 0.7701297998428345, 0.773181140422821, 0.7670642733573914, 0.7655973434448242, 0.7623918056488037, 0.7623886466026306, 0.7629010677337646, 0.761088490486145, 0.7636854648590088];[0.03890760987997055, 0.03546593338251114, 0.036702875047922134, 0.039161842316389084, 0.03687816485762596, 0.03162847459316254, 0.029453834518790245, 0.03629332035779953, 0.03738982230424881, 0.03579369932413101, 0.030170295387506485, 0.03383582457900047, 0.033881399780511856, 0.02996719442307949, 0.03287143632769585, 0.03248325362801552, 0.02768237702548504, 0.031471122056245804, 0.030358638614416122, 0.03196784108877182, 0.029304267838597298, 0.030020130798220634, 0.03180209919810295, 0.03273582458496094, 0.03137681633234024, 0.028539665043354034, 0.025515122339129448, 0.026812996715307236, 0.028362736105918884, 0.025735707953572273, 0.028067603707313538];[-0.8345641493797302, -0.8288787603378296, -0.8328884840011597, -0.8411446809768677, -0.829145610332489, -0.8168700337409973, -0.8137184381484985, -0.8326424360275269, -0.8333397507667542, -0.8261351585388184, -0.8120777010917664, -0.8282448649406433, -0.825007438659668, -0.8139395713806152, -0.8256972432136536, -0.8191887736320496, -0.8049131035804749, -0.8195788860321045, -0.815657377243042, -0.8181143999099731, -0.8109884262084961, -0.8275887370109558, -0.8155081868171692, -0.8209681510925293, -0.8152326345443726, -0.8075913190841675, -0.7977043986320496, -0.8039506673812866, -0.8086874485015869, -0.7977679967880249, -0.8086238503456116];[];819.9843413829803
4250;[0.7660307884216309, 0.7708263993263245, 0.77763831615448, 0.7727049589157104, 0.7763119339942932, 0.7699686288833618, 0.77813720703125, 0.769882321357727, 0.7698609232902527, 0.767685055732727, 0.7695683836936951, 0.7739250659942627, 0.7651021480560303, 0.7717028856277466, 0.7847923636436462, 0.7688822150230408, 0.7741581797599792, 0.7724563479423523, 0.7728603482246399, 0.7676538228988647, 0.7696330547332764, 0.7692392468452454, 0.762822151184082, 0.7747016549110413, 0.7639268040657043, 0.7680610418319702, 0.7637130618095398, 0.7582539319992065, 0.7731756567955017, 0.7618670463562012, 0.7638999223709106];[0.030949516221880913, 0.034732572734355927, 0.03989531099796295, 0.03495300933718681, 0.03807142376899719, 0.0347808375954628, 0.03917260095477104, 0.03286617994308472, 0.03268429636955261, 0.03341403976082802, 0.03535190969705582, 0.03740568086504936, 0.0312483049929142, 0.034696463495492935, 0.044643379747867584, 0.03512761369347572, 0.037894707173109055, 0.03542149439454079, 0.03430073335766792, 0.03394343703985214, 0.03465404734015465, 0.03238664194941521, 0.030523570254445076, 0.037088118493556976, 0.030671188607811928, 0.035045452415943146, 0.030834423378109932, 0.02553744800388813, 0.035258758813142776, 0.027606885880231857, 0.030616573989391327];[-0.8158609867095947, -0.8279363512992859, -0.8443863391876221, -0.8259880542755127, -0.8313468098640442, -0.827718198299408, -0.8493890166282654, -0.81865394115448, -0.8208717703819275, -0.8214424848556519, -0.8253095149993896, -0.8348138928413391, -0.8143556118011475, -0.8269800543785095, -0.8726744651794434, -0.8281435370445251, -0.8362330198287964, -0.8263173699378967, -0.8643561601638794, -0.8246197700500488, -0.8210702538490295, -0.820432722568512, -0.8143379092216492, -0.8312683701515198, -0.8168490529060364, -0.8260288238525391, -0.8167343139648438, -0.7993366718292236, -0.8268444538116455, -0.8118005394935608, -0.8152804970741272];[];858.3715121746063
4300;[0.7731620073318481, 0.7676388621330261, 0.7689864635467529, 0.7793015837669373, 0.7658565640449524, 0.7734338641166687, 0.7751224637031555, 0.773735523223877, 0.7756302356719971, 0.7760871648788452, 0.7860168218612671, 0.7723203897476196, 0.7708349227905273, 0.7735009789466858, 0.7797977328300476, 0.7726753950119019, 0.7709614038467407, 0.774681806564331, 0.7825317978858948, 0.7687118649482727, 0.7811744213104248, 0.7729673385620117, 0.7747465372085571, 0.7697539925575256, 0.7767858505249023, 0.7718862295150757, 0.7793938517570496, 0.7766392827033997, 0.7660039067268372, 0.7794339060783386, 0.7644173502922058];[0.0369359627366066, 0.03109351173043251, 0.032272789627313614, 0.040620364248752594, 0.03180539608001709, 0.03566581383347511, 0.037698131054639816, 0.035961493849754333, 0.03860478475689888, 0.037092894315719604, 0.0418718159198761, 0.03476008027791977, 0.032351065427064896, 0.037030287086963654, 0.042184978723526, 0.035152945667505264, 0.03423497825860977, 0.03645249828696251, 0.04183512553572655, 0.033366043120622635, 0.04173139110207558, 0.03702794387936592, 0.03842820227146149, 0.03473745658993721, 0.036580752581357956, 0.033675067126750946, 0.039945367723703384, 0.03785385563969612, 0.030278310179710388, 0.039906296879053116, 0.029848534613847733];[-0.8307245969772339, -0.8167173862457275, -0.8202500343322754, -0.8455264568328857, -0.8166382908821106, -0.8264873623847961, -0.8320533037185669, -0.8292580842971802, -0.8365738391876221, -0.8326829671859741, -0.8906285166740417, -0.829491376876831, -0.8177395462989807, -0.831437349319458, -0.8503881096839905, -0.8257251381874084, -0.8255395293235779, -0.8417230248451233, -0.8669126033782959, -0.8192553520202637, -0.8484594821929932, -0.8324263095855713, -0.8366122245788574, -0.8264122605323792, -0.8522123098373413, -0.8245140314102173, -0.8422996997833252, -0.8453682661056519, -0.8128300905227661, -0.8431335687637329, -0.813627302646637];[];904.0420169830322
4350;[0.7711126208305359, 0.7717272043228149, 0.7732611894607544, 0.7806128263473511, 0.7735419869422913, 0.7742646932601929, 0.776028037071228, 0.7669018507003784, 0.7743062973022461, 0.7680599093437195, 0.7841309309005737, 0.7805789709091187, 0.7774312496185303, 0.7772408127784729, 0.7674527168273926, 0.7803953289985657, 0.7767300009727478, 0.7817407250404358, 0.7816774249076843, 0.7811594009399414, 0.7822837233543396, 0.7839096784591675, 0.7825968861579895, 0.7834161520004272, 0.779157280921936, 0.7788828611373901, 0.7844243049621582, 0.779621422290802, 0.7772042751312256, 0.7839632630348206, 0.7825950980186462];[0.03230096027255058, 0.03425902500748634, 0.03488314896821976, 0.03895648941397667, 0.036229874938726425, 0.03693265840411186, 0.036633554846048355, 0.0332346148788929, 0.03796568140387535, 0.030739016830921173, 0.04260839521884918, 0.041114043444395065, 0.036855749785900116, 0.037123385816812515, 0.03356514871120453, 0.04309004917740822, 0.03791927546262741, 0.04378286004066467, 0.044570811092853546, 0.043134551495313644, 0.04142458364367485, 0.04366770014166832, 0.04158468171954155, 0.044178761541843414, 0.04018121212720871, 0.04066244512796402, 0.0437919907271862, 0.04051414877176285, 0.037956301122903824, 0.04415576905012131, 0.042455997318029404];[-0.818899393081665, -0.8268977999687195, -0.8282387256622314, -0.8392269015312195, -0.8306260108947754, -0.831266462802887, -0.8361375331878662, -0.8185515999794006, -0.8335345387458801, -0.8142985105514526, -0.8529977202415466, -0.8557313084602356, -0.836311399936676, -0.8311040997505188, -0.8246583938598633, -0.8568806648254395, -0.8308221101760864, -0.8560470342636108, -0.8500343561172485, -0.8613892793655396, -0.8517791628837585, -0.8497382998466492, -0.8496290445327759, -0.8517363667488098, -0.8387125134468079, -0.841762125492096, -0.854401171207428, -0.8398203253746033, -0.8379509449005127, -0.8494272232055664, -0.8463234901428223];[];889.4667062759399
4400;[0.7702599763870239, 0.7810921669006348, 0.7796151638031006, 0.7742723822593689, 0.7847132086753845, 0.7701619863510132, 0.7717108130455017, 0.7710428237915039, 0.7695134878158569, 0.7770001292228699, 0.7769073247909546, 0.7706236243247986, 0.7693722248077393, 0.7784194946289062, 0.7757164835929871, 0.7679965496063232, 0.7740634679794312, 0.7698979377746582, 0.7815172672271729, 0.7669162750244141, 0.7696815133094788, 0.7672683596611023, 0.7743322253227234, 0.7746564149856567, 0.7679219245910645, 0.7827078104019165, 0.7709735035896301, 0.7676944732666016, 0.7811979055404663, 0.7714067697525024, 0.7663342952728271];[0.03421413153409958, 0.040770262479782104, 0.03944788873195648, 0.03722568228840828, 0.046980347484350204, 0.03337213397026062, 0.03464614227414131, 0.035675015300512314, 0.03272652253508568, 0.04010530561208725, 0.03932424634695053, 0.0352257639169693, 0.034276582300662994, 0.03908263519406319, 0.03760005161166191, 0.03194113448262215, 0.0373535193502903, 0.03329195827245712, 0.04134247079491615, 0.0314953587949276, 0.0323503278195858, 0.03309375420212746, 0.03806181252002716, 0.037050988525152206, 0.033196642994880676, 0.04354915767908096, 0.0368473157286644, 0.03228547051548958, 0.044872477650642395, 0.03655795007944107, 0.031220706179738045];[-0.8220859169960022, -0.8449465036392212, -0.862327516078949, -0.8378366231918335, -0.8852716088294983, -0.8187134861946106, -0.8268824219703674, -0.828620970249176, -0.8197031021118164, -0.8427804708480835, -0.8403069972991943, -0.8250588774681091, -0.8231761455535889, -0.8450226187705994, -0.8385505080223083, -0.8159688711166382, -0.8319450616836548, -0.8231667280197144, -0.8456259965896606, -0.8180938959121704, -0.8174267411231995, -0.8192336559295654, -0.8372135758399963, -0.8350626230239868, -0.8198708891868591, -0.8511605262756348, -0.8302645683288574, -0.8179116249084473, -0.8561021685600281, -0.8303335905075073, -0.8150450587272644];[];887.6994609832764
4450;[0.773384153842926, 0.7814714312553406, 0.7776488661766052, 0.7668989896774292, 0.773208498954773, 0.7716754674911499, 0.7648794054985046, 0.7747436165809631, 0.7900069952011108, 0.7779970765113831, 0.7759411334991455, 0.7688502073287964, 0.7687274813652039, 0.7726527452468872, 0.7724531292915344, 0.7870573401451111, 0.7745285630226135, 0.7725294232368469, 0.7808462381362915, 0.7688663601875305, 0.7721146941184998, 0.768435537815094, 0.7757879495620728, 0.774202287197113, 0.7762334942817688, 0.7744341492652893, 0.7752797603607178, 0.7715919017791748, 0.7719724774360657, 0.7742695212364197, 0.7785592079162598];[0.03670812398195267, 0.044307734817266464, 0.041212741285562515, 0.032094355672597885, 0.03577840328216553, 0.03570123761892319, 0.03136410191655159, 0.03758455067873001, 0.05169573053717613, 0.04100022092461586, 0.04095584526658058, 0.035618435591459274, 0.03461909666657448, 0.039888009428977966, 0.0379614494740963, 0.050857312977313995, 0.04021557793021202, 0.040159862488508224, 0.04380589351058006, 0.035535313189029694, 0.03630143404006958, 0.03562585264444351, 0.04150305315852165, 0.040468208491802216, 0.04227130860090256, 0.041558220982551575, 0.039678942412137985, 0.03799150884151459, 0.03724474459886551, 0.03868429735302925, 0.04135989397764206];[-0.8316198587417603, -0.8584066033363342, -0.8425663709640503, -0.8193175792694092, -0.8283706903457642, -0.8286075592041016, -0.8159587979316711, -0.8357826471328735, -0.9016894698143005, -0.8457226157188416, -0.8473975658416748, -0.8267338275909424, -0.8244122862815857, -0.8414100408554077, -0.8359001278877258, -0.8794211745262146, -0.8402099013328552, -0.841277003288269, -0.8520109057426453, -0.8304575681686401, -0.8313655853271484, -0.8278806805610657, -0.8454722166061401, -0.8413016200065613, -0.8524975776672363, -0.8461728096008301, -0.8377147316932678, -0.8395814299583435, -0.8371928930282593, -0.8378283977508545, -0.8445718288421631];[];868.2248337268829
4500;[0.7799035906791687, 0.7752804160118103, 0.7729977369308472, 0.7823306322097778, 0.7712421417236328, 0.7837153673171997, 0.7834418416023254, 0.7754865288734436, 0.784929633140564, 0.780058741569519, 0.773493230342865, 0.7718214392662048, 0.7723309993743896, 0.7793707251548767, 0.7775349020957947, 0.7743021845817566, 0.7792357802391052, 0.784592866897583, 0.7786560654640198, 0.7732564806938171, 0.7689130306243896, 0.7777519822120667, 0.7717947363853455, 0.7782738208770752, 0.7787986993789673, 0.7706682085990906, 0.7787420749664307, 0.7738703489303589, 0.7795044183731079, 0.7838013172149658, 0.7743248343467712];[0.04227187857031822, 0.03889928013086319, 0.03624234348535538, 0.041702598333358765, 0.034269001334905624, 0.0438787005841732, 0.041329436004161835, 0.037781380116939545, 0.04397720843553543, 0.04153864085674286, 0.03545708581805229, 0.03351970762014389, 0.03644366189837456, 0.03928741440176964, 0.04157359153032303, 0.035975173115730286, 0.039898332208395004, 0.0424504429101944, 0.03883317857980728, 0.03634372726082802, 0.032904237508773804, 0.035539645701646805, 0.033833231776952744, 0.03827621042728424, 0.03650418296456337, 0.03379090130329132, 0.03841472044587135, 0.036765456199645996, 0.03731251507997513, 0.040231913328170776, 0.03741117939352989];[-0.8445484042167664, -0.8403667211532593, -0.8281087875366211, -0.8529890179634094, -0.8267369270324707, -0.8485293388366699, -0.8414137959480286, -0.8344687819480896, -0.8505405187606812, -0.8444103598594666, -0.8277592658996582, -0.8264674544334412, -0.829768180847168, -0.8378161191940308, -0.8477820158004761, -0.8302489519119263, -0.8448917865753174, -0.8528626561164856, -0.8363530039787292, -0.8300080299377441, -0.8187789916992188, -0.8264836072921753, -0.8257343769073486, -0.8377136588096619, -0.8320885300636292, -0.8308192491531372, -0.8359434008598328, -0.8350189328193665, -0.8371175527572632, -0.8443878293037415, -0.8334799408912659];[];862.2656917572021
4550;[0.77451491355896, 0.7695684432983398, 0.7742285132408142, 0.7634395360946655, 0.7689379453659058, 0.782892107963562, 0.7709264755249023, 0.7766660451889038, 0.774858832359314, 0.7684462666511536, 0.7670183777809143, 0.7728925347328186, 0.7745922207832336, 0.7684402465820312, 0.771961510181427, 0.7740877866744995, 0.7683286070823669, 0.7703440189361572, 0.7646974325180054, 0.7832013368606567, 0.7717707753181458, 0.7650031447410583, 0.762307345867157, 0.7668421864509583, 0.7662137746810913, 0.7692920565605164, 0.7759935259819031, 0.7692638039588928, 0.7764487862586975, 0.7749727368354797, 0.7715667486190796];[0.03537604957818985, 0.03288761526346207, 0.03751135990023613, 0.028100216761231422, 0.03174290806055069, 0.041970618069171906, 0.03439367190003395, 0.037827957421541214, 0.03637466952204704, 0.03365279361605644, 0.03293339163064957, 0.038163185119628906, 0.03684080392122269, 0.0334131084382534, 0.03725609555840492, 0.03865763545036316, 0.03466739505529404, 0.03409930691123009, 0.030440790578722954, 0.04470279812812805, 0.0341082438826561, 0.03021678328514099, 0.030604787170886993, 0.031623926013708115, 0.03240988031029701, 0.03595620021224022, 0.040605753660202026, 0.033998049795627594, 0.038965605199337006, 0.04080765321850777, 0.03772876039147377];[-0.8261992931365967, -0.8204718232154846, -0.8372083902359009, -0.8075783848762512, -0.8162165284156799, -0.8512387275695801, -0.8249021768569946, -0.8358758091926575, -0.8275748491287231, -0.8234379887580872, -0.8205766677856445, -0.8416619300842285, -0.8338309526443481, -0.8212966322898865, -0.8386134505271912, -0.8432266712188721, -0.8245846629142761, -0.8262734413146973, -0.8113439679145813, -0.8801593780517578, -0.8216173052787781, -0.8100348114967346, -0.8132838606834412, -0.8172569870948792, -0.8191425800323486, -0.8328396081924438, -0.8474864959716797, -0.81965172290802, -0.8428003191947937, -0.8435732126235962, -0.8366543054580688];[];850.9094965457916
4600;[0.7703679800033569, 0.7750526070594788, 0.7726542949676514, 0.7699506282806396, 0.77400803565979, 0.7726001143455505, 0.7770475149154663, 0.7736657857894897, 0.7704765796661377, 0.7729083299636841, 0.7704594731330872, 0.7662829756736755, 0.773983895778656, 0.7728275656700134, 0.7757757902145386, 0.7683154940605164, 0.767416775226593, 0.7705691456794739, 0.7749797105789185, 0.7706390619277954, 0.7767860293388367, 0.7674879431724548, 0.7685463428497314, 0.7666321396827698, 0.7806265354156494, 0.7774694561958313, 0.7690916061401367, 0.7697716355323792, 0.7685597538948059, 0.7688534259796143, 0.7698614597320557];[0.032315317541360855, 0.03730197995901108, 0.036311812698841095, 0.03433900699019432, 0.0377604141831398, 0.03607359528541565, 0.03997453302145004, 0.03941570967435837, 0.03610747680068016, 0.03821473568677902, 0.03504384681582451, 0.03004939667880535, 0.03792620450258255, 0.036151397973299026, 0.03756125643849373, 0.034670379012823105, 0.031136484816670418, 0.03182937949895859, 0.04157916083931923, 0.03403996303677559, 0.03853357583284378, 0.03366725519299507, 0.03333253413438797, 0.03218923136591911, 0.04441402107477188, 0.0430406853556633, 0.03325965255498886, 0.0345652811229229, 0.033567167818546295, 0.0353207066655159, 0.034023307263851166];[-0.8186097741127014, -0.8334571719169617, -0.8317315578460693, -0.8214585781097412, -0.838655948638916, -0.8279122710227966, -0.8537582159042358, -0.8399984240531921, -0.8316929936408997, -0.8360881209373474, -0.8332555294036865, -0.8123327493667603, -0.8315739631652832, -0.8343971967697144, -0.8327634334564209, -0.8218007683753967, -0.815055787563324, -0.854188084602356, -0.8543115854263306, -0.8195609450340271, -0.8407742381095886, -0.8248659372329712, -0.8211711645126343, -0.8181983232498169, -0.8564597368240356, -0.8547684550285339, -0.8240346312522888, -0.8264753222465515, -0.8225427865982056, -0.8284804821014404, -0.8250291347503662];[];901.2021288871765
4650;[0.7690682411193848, 0.7770664095878601, 0.7816076278686523, 0.7733249664306641, 0.7798575758934021, 0.7716732025146484, 0.7712640762329102, 0.7764451503753662, 0.7780843377113342, 0.7783461809158325, 0.7803863286972046, 0.7798486948013306, 0.7768713235855103, 0.7748797535896301, 0.7686216235160828, 0.7740164399147034, 0.769159734249115, 0.7695539593696594, 0.7749883532524109, 0.7657812237739563, 0.7688645720481873, 0.7781152725219727, 0.7740073204040527, 0.7878997921943665, 0.7833067774772644, 0.7695618867874146, 0.7743311524391174, 0.76800137758255, 0.7689037919044495, 0.767856240272522, 0.7694517374038696];[0.03358170762658119, 0.04011445865035057, 0.04100196808576584, 0.038632843643426895, 0.0417344905436039, 0.03419094532728195, 0.03463931381702423, 0.03703143447637558, 0.03855687007308006, 0.039184894412755966, 0.04472334310412407, 0.04205618426203728, 0.041494738310575485, 0.0382399819791317, 0.03353855386376381, 0.039614781737327576, 0.033322207629680634, 0.033724572509527206, 0.03916459530591965, 0.03130139037966728, 0.033641476184129715, 0.03903057053685188, 0.03590337187051773, 0.04617477208375931, 0.04426515847444534, 0.03213723003864288, 0.036069851368665695, 0.03278396278619766, 0.03360377624630928, 0.03149045631289482, 0.03376096487045288];[-0.8208686709403992, -0.8415258526802063, -0.8417401313781738, -0.8387063145637512, -0.8505290746688843, -0.8238400220870972, -0.8224835395812988, -0.844645082950592, -0.8396151065826416, -0.8356841802597046, -0.8653770089149475, -0.8599457144737244, -0.8468441963195801, -0.8389084935188293, -0.823180079460144, -0.8391686677932739, -0.8311838507652283, -0.822165846824646, -0.841162919998169, -0.8185124397277832, -0.8194688558578491, -0.8409528136253357, -0.8313573598861694, -0.8725717663764954, -0.8695224523544312, -0.8171488046646118, -0.8311061263084412, -0.8200408816337585, -0.8229876160621643, -0.8162352442741394, -0.8271864652633667];[];895.063024520874
4700;[0.7789782881736755, 0.7721263766288757, 0.7746757864952087, 0.778001070022583, 0.7677556276321411, 0.7687813639640808, 0.7754448056221008, 0.7733526229858398, 0.7763341665267944, 0.7757476568222046, 0.77554851770401, 0.7797408699989319, 0.7746057510375977, 0.7708789706230164, 0.7726815342903137, 0.7734688520431519, 0.776257336139679, 0.772266685962677, 0.7697471976280212, 0.7764125466346741, 0.7766187191009521, 0.772834837436676, 0.7675687074661255, 0.7696230411529541, 0.781562864780426, 0.7773770093917847, 0.7781216502189636, 0.7717611789703369, 0.7868532538414001, 0.77154541015625, 0.7710166573524475];[0.039683349430561066, 0.03541893512010574, 0.03500933200120926, 0.04343244433403015, 0.03207235783338547, 0.03334301710128784, 0.03791758418083191, 0.03558220714330673, 0.0386519730091095, 0.03943382203578949, 0.039572104811668396, 0.04231741279363632, 0.03894868120551109, 0.0333075113594532, 0.03692435100674629, 0.03962205350399017, 0.0376230850815773, 0.039324793964624405, 0.03520524874329567, 0.037644557654857635, 0.041066985577344894, 0.03672540560364723, 0.03360956162214279, 0.03391730785369873, 0.047620635479688644, 0.040353912860155106, 0.04280325025320053, 0.037289466708898544, 0.0487402081489563, 0.035756319761276245, 0.03614317625761032];[-0.8379944562911987, -0.8274100422859192, -0.8390489816665649, -0.8536972999572754, -0.8164986968040466, -0.819807231426239, -0.8353754878044128, -0.8302302360534668, -0.8351530432701111, -0.8417643904685974, -0.8376085758209229, -0.8461587429046631, -0.8381274342536926, -0.823915958404541, -0.8317272067070007, -0.8411527872085571, -0.8368666768074036, -0.8354654312133789, -0.8226566314697266, -0.8354073762893677, -0.8464810252189636, -0.8327711224555969, -0.8239781260490417, -0.8216867446899414, -0.864302933216095, -0.8403216004371643, -0.869569718837738, -0.8366197347640991, -0.8801267147064209, -0.8308210372924805, -0.829401969909668];[];894.5970299243927
4750;[0.7794287800788879, 0.7833966612815857, 0.7805547714233398, 0.7699742317199707, 0.7760803699493408, 0.7738385200500488, 0.7687358856201172, 0.7732337117195129, 0.7743845582008362, 0.7742077708244324, 0.7801675200462341, 0.7734785079956055, 0.7795218229293823, 0.791435182094574, 0.7807576060295105, 0.7798259258270264, 0.7789154052734375, 0.7734177112579346, 0.7733081579208374, 0.7779578566551208, 0.7881610989570618, 0.7854486107826233, 0.7783143520355225, 0.7779003977775574, 0.7682657241821289, 0.7838170528411865, 0.7805101871490479, 0.7856202721595764, 0.7772781252861023, 0.7901821136474609, 0.7778022289276123];[0.041733283549547195, 0.04217223823070526, 0.04170752689242363, 0.03267784044146538, 0.03883980214595795, 0.03652818128466606, 0.03429177775979042, 0.034689534455537796, 0.03634051978588104, 0.039693206548690796, 0.04034338891506195, 0.03711958974599838, 0.040311504155397415, 0.04807750880718231, 0.043477512896060944, 0.04130803048610687, 0.042276106774806976, 0.035988181829452515, 0.037944044917821884, 0.040589842945337296, 0.04900475591421127, 0.044940825551748276, 0.04096228629350662, 0.03861113637685776, 0.03277721256017685, 0.046685025095939636, 0.04287382960319519, 0.045891158282756805, 0.03811998292803764, 0.05122381076216698, 0.03805841505527496];[-0.8518840670585632, -0.8494952917098999, -0.8512657880783081, -0.8193230628967285, -0.8393408060073853, -0.8310535550117493, -0.826030969619751, -0.8237096667289734, -0.8300739526748657, -0.8417210578918457, -0.839061439037323, -0.8327693939208984, -0.8402134776115417, -0.8706666231155396, -0.8475213050842285, -0.842276930809021, -0.8594410419464111, -0.8301703929901123, -0.8350765705108643, -0.8503671884536743, -0.8804293870925903, -0.8632806539535522, -0.8450185060501099, -0.8377298712730408, -0.8209092020988464, -0.8676935434341431, -0.8461331129074097, -0.8738955855369568, -0.8346547484397888, -0.8748642206192017, -0.8336527347564697];[];871.5579237937927
4800;[0.7742926478385925, 0.7757289409637451, 0.766972541809082, 0.778082013130188, 0.7728475332260132, 0.7717384099960327, 0.7774487733840942, 0.7717867493629456, 0.777999997138977, 0.7693181037902832, 0.7661685347557068, 0.7669980525970459, 0.7701513171195984, 0.7703278660774231, 0.7739856243133545, 0.7704705595970154, 0.7772225737571716, 0.7687409520149231, 0.7828282713890076, 0.7715180516242981, 0.773008406162262, 0.7662615180015564, 0.7689549326896667, 0.7674506902694702, 0.7812551259994507, 0.7715511918067932, 0.7667446732521057, 0.7608959078788757, 0.7724051475524902, 0.7700397372245789, 0.7733590006828308];[0.03619750961661339, 0.03809104114770889, 0.02978721633553505, 0.0387934185564518, 0.034286659210920334, 0.0359228141605854, 0.03769035264849663, 0.0321119986474514, 0.03591274470090866, 0.02930576354265213, 0.029693352058529854, 0.026558449491858482, 0.028209825977683067, 0.03304567560553551, 0.03246090188622475, 0.028202537447214127, 0.035592131316661835, 0.02890860289335251, 0.0398900993168354, 0.03208400681614876, 0.029436660930514336, 0.025082694366574287, 0.02744658663868904, 0.028303826227784157, 0.03607015684247017, 0.028943544253706932, 0.023098230361938477, 0.02217918448150158, 0.027275631204247475, 0.02909446321427822, 0.03140703961253166];[-0.8328568935394287, -0.8313069343566895, -0.8102272152900696, -0.8391092419624329, -0.8280635476112366, -0.8311691880226135, -0.8351383209228516, -0.8173145055770874, -0.8298547863960266, -0.8139488697052002, -0.8106831312179565, -0.8049588203430176, -0.8060064315795898, -0.8192477226257324, -0.8200868368148804, -0.8070201873779297, -0.8363437652587891, -0.8077147006988525, -0.8487592935562134, -0.8185378313064575, -0.8104878067970276, -0.7974782586097717, -0.8100521564483643, -0.8052222728729248, -0.8258610367774963, -0.8108860850334167, -0.7921152114868164, -0.7916765213012695, -0.8070353865623474, -0.8187645077705383, -0.8182535767555237];[];867.0032444000244
4850;[0.7771209478378296, 0.7792695760726929, 0.7752453684806824, 0.7832783460617065, 0.7822086811065674, 0.781212329864502, 0.7822614312171936, 0.7813449501991272, 0.777996838092804, 0.7744521498680115, 0.779301643371582, 0.7774012684822083, 0.780548632144928, 0.7739368081092834, 0.7823870182037354, 0.7763844728469849, 0.7743522524833679, 0.7780916690826416, 0.7801481485366821, 0.7822591662406921, 0.780492901802063, 0.772041916847229, 0.769793689250946, 0.7840368747711182, 0.7784294486045837, 0.7775787115097046, 0.781227171421051, 0.7731902599334717, 0.7815386056900024, 0.7745306491851807, 0.7747368216514587];[0.03999890014529228, 0.04235755652189255, 0.03876982256770134, 0.041583701968193054, 0.04574037343263626, 0.043831683695316315, 0.045376282185316086, 0.043925996869802475, 0.04362897574901581, 0.03695298358798027, 0.041411928832530975, 0.04276576265692711, 0.04582513868808746, 0.03968747332692146, 0.042463675141334534, 0.041491806507110596, 0.04129017889499664, 0.042136576026678085, 0.04272710531949997, 0.046410299837589264, 0.04268611595034599, 0.0363338328897953, 0.03450632840394974, 0.0479155033826828, 0.043319810181856155, 0.04245468229055405, 0.04620769992470741, 0.041635118424892426, 0.042938027530908585, 0.040524136275053024, 0.03820055350661278];[-0.8417781591415405, -0.8555887341499329, -0.8425604701042175, -0.8648229837417603, -0.866544246673584, -0.8572831153869629, -0.8782919645309448, -0.8759411573410034, -0.86222243309021, -0.8315397500991821, -0.8478642702102661, -0.8443960547447205, -0.8629805445671082, -0.8480826020240784, -0.8514410257339478, -0.8473312854766846, -0.8459522128105164, -0.8453024625778198, -0.86728835105896, -0.8608431816101074, -0.8601667284965515, -0.8262796998023987, -0.8254703283309937, -0.8789310455322266, -0.8533391952514648, -0.8457850813865662, -0.8588125109672546, -0.8473581075668335, -0.8498637676239014, -0.840594470500946, -0.8345886468887329];[];838.2513725757599
4900;[0.7751725316047668, 0.776955783367157, 0.7665578126907349, 0.7693896293640137, 0.7716977596282959, 0.7676092982292175, 0.7670444846153259, 0.7828524708747864, 0.7740316987037659, 0.7703254818916321, 0.7729474902153015, 0.7724740505218506, 0.7724340558052063, 0.7746149301528931, 0.7780998349189758, 0.7733909487724304, 0.7745627760887146, 0.7788538336753845, 0.7724375128746033, 0.7706794142723083, 0.764268159866333, 0.7641595602035522, 0.7670026421546936, 0.765347421169281, 0.7722504734992981, 0.7659889459609985, 0.7707555294036865, 0.7751514315605164, 0.7643641233444214, 0.7698315978050232, 0.7670105695724487];[0.03560052067041397, 0.03998180851340294, 0.034377407282590866, 0.03746878355741501, 0.037951573729515076, 0.035787433385849, 0.03311389312148094, 0.04600268602371216, 0.0387607216835022, 0.037078287452459335, 0.03763266280293465, 0.035969823598861694, 0.038764838129282, 0.04076886549592018, 0.04533875361084938, 0.038644835352897644, 0.03944450616836548, 0.04430617392063141, 0.03787115588784218, 0.038449812680482864, 0.03278274089097977, 0.03338246792554855, 0.032300736755132675, 0.03436388447880745, 0.03720878064632416, 0.03290192410349846, 0.038036566227674484, 0.04242992028594017, 0.029719989746809006, 0.03556524217128754, 0.03392575681209564];[-0.8262383341789246, -0.8613512516021729, -0.8222297430038452, -0.8337700366973877, -0.832076907157898, -0.8283941745758057, -0.8198961615562439, -0.8658689260482788, -0.8385472893714905, -0.8319129347801208, -0.8337178826332092, -0.8297963738441467, -0.8361813426017761, -0.8377036452293396, -0.8582419157028198, -0.8348379135131836, -0.8397376537322998, -0.8559660315513611, -0.8309140801429749, -0.8377105593681335, -0.8147084712982178, -0.8257318139076233, -0.8166554570198059, -0.8224971890449524, -0.8330534100532532, -0.8208290338516235, -0.8339307308197021, -0.8570619821548462, -0.8110781908035278, -0.8247507214546204, -0.8211364150047302];[];855.6098301410675
4950;[0.7709441184997559, 0.7758367657661438, 0.7683946490287781, 0.7741098999977112, 0.7823159098625183, 0.7795252203941345, 0.7799183130264282, 0.7807188034057617, 0.7750690579414368, 0.7741077542304993, 0.7798747420310974, 0.7744121551513672, 0.7874769568443298, 0.7755476236343384, 0.777316689491272, 0.7770370841026306, 0.7747775912284851, 0.7791078090667725, 0.7779828310012817, 0.7745872139930725, 0.7722198963165283, 0.7753019332885742, 0.7774339318275452, 0.779488205909729, 0.7841209173202515, 0.7787525653839111, 0.7710307836532593, 0.7754671573638916, 0.7877017259597778, 0.780972957611084, 0.7749291658401489];[0.03529605641961098, 0.0368468277156353, 0.031899385154247284, 0.038916125893592834, 0.04209212213754654, 0.03999950364232063, 0.04200872406363487, 0.041478559374809265, 0.03943515941500664, 0.037280723452568054, 0.03919428959488869, 0.03746788203716278, 0.04396115988492966, 0.03922135382890701, 0.036740079522132874, 0.03746902570128441, 0.0365278460085392, 0.0394766740500927, 0.037897732108831406, 0.03561566770076752, 0.03509114310145378, 0.038732849061489105, 0.039495132863521576, 0.04081207886338234, 0.04386880248785019, 0.040502265095710754, 0.031492430716753006, 0.03739708289504051, 0.042038772255182266, 0.042118147015571594, 0.03511236608028412];[-0.829927384853363, -0.8330377340316772, -0.8140687942504883, -0.8423764109611511, -0.8448320031166077, -0.8440942764282227, -0.8457277417182922, -0.8451173305511475, -0.844635009765625, -0.8366714715957642, -0.8370496034622192, -0.8351988792419434, -0.8609870672225952, -0.8365829586982727, -0.835485577583313, -0.840747058391571, -0.8287097811698914, -0.8444085121154785, -0.8364118933677673, -0.8283868432044983, -0.825182318687439, -0.840272068977356, -0.8358101844787598, -0.846149742603302, -0.8507022261619568, -0.8450496792793274, -0.8133952617645264, -0.8317680954933167, -0.8502169251441956, -0.8482338190078735, -0.839352548122406];[];860.9852895736694
5000;[0.773542046546936, 0.7744878530502319, 0.777456521987915, 0.7769317030906677, 0.7760250568389893, 0.7706775069236755, 0.7783619165420532, 0.770745038986206, 0.7773707509040833, 0.7752060294151306, 0.7815313339233398, 0.7610000371932983, 0.7791849970817566, 0.7715904712677002, 0.7670770883560181, 0.7778376340866089, 0.7710060477256775, 0.7673215866088867, 0.7693682312965393, 0.7785048484802246, 0.7630272507667542, 0.7819404006004333, 0.7793182134628296, 0.7702144980430603, 0.7878132462501526, 0.7664470076560974, 0.7722805738449097, 0.7722046971321106, 0.7744991779327393, 0.7700445652008057, 0.7789238691329956];[0.03643457964062691, 0.03716149553656578, 0.03790108487010002, 0.03925970569252968, 0.03892844170331955, 0.0349176749587059, 0.03869611769914627, 0.03311788663268089, 0.039112359285354614, 0.035815924406051636, 0.04206649959087372, 0.02939699776470661, 0.04246063530445099, 0.03486836329102516, 0.03294692933559418, 0.03881034627556801, 0.035477377474308014, 0.03221314027905464, 0.03433630242943764, 0.039264243096113205, 0.029705125838518143, 0.04182995483279228, 0.042443133890628815, 0.03238089010119438, 0.0480058491230011, 0.032208215445280075, 0.03538760170340538, 0.035179562866687775, 0.038229189813137054, 0.03656738996505737, 0.04138989746570587];[-0.8297635316848755, -0.8351967334747314, -0.8390897512435913, -0.8417426943778992, -0.8410203456878662, -0.8263741135597229, -0.8378375768661499, -0.825082540512085, -0.835874080657959, -0.831733226776123, -0.8467720746994019, -0.8074831962585449, -0.8572028279304504, -0.8267629146575928, -0.8190256357192993, -0.8345683217048645, -0.8247054815292358, -0.8149858117103577, -0.8248001933097839, -0.8362345695495605, -0.8134630918502808, -0.867366373538971, -0.8594563007354736, -0.819914698600769, -0.8722061514854431, -0.8161390423774719, -0.8412094116210938, -0.8292127251625061, -0.8363054394721985, -0.8343356251716614, -0.8447994589805603];[];842.7486112117767
