Seed;RMSE History;MMD History;Log-Likelihood History
50;[16.457935333251953, 8.336461067199707, 5.099443435668945, 4.5376200675964355, 3.951486825942993, 3.7518069744110107, 3.3457818031311035, 3.1322736740112305, 2.9922125339508057, 2.9262969493865967, 2.8684799671173096, 2.86033296585083, 2.651296615600586, 2.6771788597106934, 2.6932201385498047, 2.74149227142334, 2.666836738586426, 2.5255136489868164, 2.589650869369507, 2.552664279937744, 2.5388095378875732];[1.3664692640304565, 1.3700252771377563, 0.9674279689788818, 0.8732345700263977, 0.6934123039245605, 0.629771888256073, 0.508876621723175, 0.43285679817199707, 0.3791278600692749, 0.354852557182312, 0.33928316831588745, 0.3315826654434204, 0.24658434092998505, 0.25839051604270935, 0.2680777609348297, 0.2911633253097534, 0.26235339045524597, 0.20618771016597748, 0.2302863448858261, 0.21453748643398285, 0.2064744532108307];[-73.45442199707031, -18.492477416992188, -7.292414665222168, -6.262056350708008, -5.092743396759033, -4.843127250671387, -4.013914585113525, -3.6410653591156006, -3.4241783618927, -3.335196018218994, -3.233081340789795, -3.2803399562835693, -2.8928916454315186, -2.9466094970703125, -2.9943888187408447, -3.0534141063690186, -2.9621741771698, -2.706388473510742, -2.8332479000091553, -2.7480859756469727, -2.7408952713012695]
100;[16.432859420776367, 8.422624588012695, 8.257598876953125, 3.4134202003479004, 2.9970507621765137, 2.951178550720215, 2.7676873207092285, 2.7438583374023438, 2.6625521183013916, 2.4586312770843506, 2.4500069618225098, 2.4513919353485107, 2.427912950515747, 2.321535110473633, 2.4704720973968506, 2.3672549724578857, 2.3111672401428223, 2.3127498626708984, 2.276369571685791, 2.301642417907715, 2.3057456016540527];[1.3662739992141724, 1.4021700620651245, 1.2417304515838623, 0.49640563130378723, 0.35975369811058044, 0.3539098799228668, 0.2749950885772705, 0.2710879147052765, 0.24088220298290253, 0.15173159539699554, 0.15723495185375214, 0.15704862773418427, 0.14511270821094513, 0.09873193502426147, 0.1683073192834854, 0.1220654770731926, 0.10132894665002823, 0.09939465671777725, 0.09232630580663681, 0.10155694931745529, 0.10284987092018127];[-72.65760040283203, -17.642112731933594, -23.135879516601562, -3.785332679748535, -3.205378532409668, -3.229992628097534, -2.94857120513916, -2.9723219871520996, -2.858457088470459, -2.528266191482544, -2.551898717880249, -2.566925287246704, -2.5281031131744385, -2.359607219696045, -2.6143927574157715, -2.456976890563965, -2.376796245574951, -2.370579719543457, -2.328981399536133, -2.375498056411743, -2.376925468444824]
150;[16.43834686279297, 8.329156875610352, 8.251099586486816, 4.626572132110596, 3.7931292057037354, 3.529783010482788, 2.695517063140869, 2.7190091609954834, 2.5008010864257812, 2.624260663986206, 2.508333444595337, 2.449139356613159, 2.3601157665252686, 2.3018500804901123, 2.2633180618286133, 2.2099454402923584, 2.2151899337768555, 2.1703052520751953, 2.1685848236083984, 2.190634250640869, 2.197690486907959];[1.3703761100769043, 1.3573373556137085, 1.3079110383987427, 0.8810497522354126, 0.6558333039283752, 0.5759533047676086, 0.24598030745983124, 0.26119285821914673, 0.17166878283023834, 0.22625629603862762, 0.1800847053527832, 0.15716874599456787, 0.1195526197552681, 0.093119315803051, 0.0764608159661293, 0.05639151483774185, 0.05413132533431053, 0.03840034082531929, 0.040435973554849625, 0.04321304336190224, 0.04453060030937195];[-71.99467468261719, -18.964250564575195, -21.782365798950195, -6.390224456787109, -4.728874683380127, -4.276915550231934, -2.862560510635376, -2.941970109939575, -2.590804100036621, -2.7816543579101562, -2.6226232051849365, -2.5458359718322754, -2.4256486892700195, -2.339951753616333, -2.2902255058288574, -2.225428581237793, -2.2304859161376953, -2.160097599029541, -2.1681041717529297, -2.1914708614349365, -2.204998731613159]
200;[16.43805503845215, 8.287946701049805, 8.23388385772705, 4.094126224517822, 3.678623914718628, 3.659271478652954, 3.518798828125, 3.399953842163086, 3.373518943786621, 2.7830874919891357, 3.080864906311035, 3.0657994747161865, 2.6256656646728516, 2.5970563888549805, 2.4623382091522217, 2.457115411758423, 2.339451789855957, 2.437394142150879, 2.4222748279571533, 2.376929759979248, 2.331268787384033];[1.3676366806030273, 1.319850206375122, 1.2940887212753296, 0.7434915900230408, 0.6073719263076782, 0.6073777079582214, 0.5650508999824524, 0.5153683423995972, 0.5120598077774048, 0.2989317774772644, 0.41491058468818665, 0.41313594579696655, 0.236037939786911, 0.22349528968334198, 0.1652338057756424, 0.16578376293182373, 0.11522123217582703, 0.15693821012973785, 0.1558118760585785, 0.13072629272937775, 0.10989049822092056];[-73.33580780029297, -19.36699676513672, -21.675989151000977, -5.208219051361084, -4.486862659454346, -4.653820037841797, -4.503633975982666, -4.261788845062256, -4.301887035369873, -3.0877180099487305, -3.684634208679199, -3.684267520904541, -2.833695650100708, -2.7850446701049805, -2.597419023513794, -2.5798985958099365, -2.4096994400024414, -2.554410934448242, -2.550189256668091, -2.470221757888794, -2.4162204265594482]
250;[16.437007904052734, 11.857465744018555, 11.654614448547363, 11.620840072631836, 5.0943989753723145, 5.099060535430908, 5.059962272644043, 5.0486741065979, 5.0334086418151855, 3.6575000286102295, 3.632211923599243, 3.3055226802825928, 2.9277870655059814, 2.9152235984802246, 2.702662467956543, 2.6940603256225586, 2.6950976848602295, 2.4589104652404785, 2.4168362617492676, 2.3763363361358643, 2.3217058181762695];[1.3703639507293701, 1.2865972518920898, 1.334995985031128, 1.3503798246383667, 0.8791678547859192, 0.9006977081298828, 0.8906713724136353, 0.9015551209449768, 0.8945704102516174, 0.5972654223442078, 0.588064432144165, 0.4937834143638611, 0.3544454276561737, 0.3601180911064148, 0.2744103968143463, 0.27250558137893677, 0.2665228545665741, 0.16873611509799957, 0.1465221643447876, 0.1341117024421692, 0.10996439307928085];[-73.51893615722656, -52.891204833984375, -53.5949821472168, -53.14033508300781, -9.048066139221191, -9.332465171813965, -9.435083389282227, -9.626384735107422, -9.522502899169922, -5.103265762329102, -5.098159313201904, -4.298279285430908, -3.4440720081329346, -3.4325547218322754, -3.021394968032837, -3.0085506439208984, -3.0342230796813965, -2.6037282943725586, -2.528785467147827, -2.4860048294067383, -2.408036231994629]
300;[16.454437255859375, 11.728179931640625, 4.285861968994141, 3.8970742225646973, 3.9543938636779785, 3.462820053100586, 3.099597692489624, 2.7593674659729004, 2.714839220046997, 2.618021249771118, 2.6346969604492188, 2.639878749847412, 2.599093437194824, 2.539985418319702, 2.5089426040649414, 2.480917453765869, 2.44645094871521, 2.4171762466430664, 2.368255853652954, 2.357228994369507, 2.3147315979003906];[1.3678582906723022, 1.2996101379394531, 0.7469697594642639, 0.6359502077102661, 0.666124701499939, 0.5302119255065918, 0.41205158829689026, 0.28065022826194763, 0.265169233083725, 0.22666923701763153, 0.24088580906391144, 0.24193039536476135, 0.22642508149147034, 0.20512033998966217, 0.192043736577034, 0.18276990950107574, 0.16641587018966675, 0.15000846982002258, 0.12978382408618927, 0.12437009811401367, 0.10569879412651062];[-71.66529083251953, -50.59743118286133, -5.6911845207214355, -5.107254505157471, -5.380486488342285, -4.217663288116455, -3.5491645336151123, -2.960299015045166, -2.9086055755615234, -2.759000778198242, -2.8254153728485107, -2.8402326107025146, -2.778775691986084, -2.7103235721588135, -2.661170244216919, -2.639242172241211, -2.573305368423462, -2.5304548740386963, -2.453658103942871, -2.445071220397949, -2.383790969848633]
350;[16.454273223876953, 8.432483673095703, 5.626932144165039, 5.178357124328613, 4.655195236206055, 4.363243579864502, 4.229189395904541, 3.8064000606536865, 3.109206438064575, 3.1014699935913086, 3.0362300872802734, 2.9344189167022705, 2.8480069637298584, 2.787050724029541, 2.7737789154052734, 2.690330743789673, 2.6032660007476807, 2.5821759700775146, 2.4815611839294434, 2.5422909259796143, 2.554776191711426];[1.3681061267852783, 1.4081408977508545, 1.0872327089309692, 1.0292940139770508, 0.8988083004951477, 0.8174667954444885, 0.7776597738265991, 0.672511875629425, 0.4326254725456238, 0.4287722110748291, 0.4125920236110687, 0.3658018410205841, 0.3325452506542206, 0.30865609645843506, 0.30322158336639404, 0.27290019392967224, 0.23932962119579315, 0.2246229499578476, 0.1797615885734558, 0.20653751492500305, 0.21707767248153687];[-71.6885757446289, -17.921178817749023, -8.851770401000977, -7.888472080230713, -6.895563125610352, -6.468239784240723, -6.181270122528076, -5.124138355255127, -3.614542245864868, -3.6131114959716797, -3.537306308746338, -3.36161470413208, -3.2267649173736572, -3.130668878555298, -3.100270986557007, -2.976717233657837, -2.830981969833374, -2.786761522293091, -2.640578508377075, -2.7309601306915283, -2.783144474029541]
400;[16.441415786743164, 11.574609756469727, 11.521367073059082, 11.445574760437012, 11.445354461669922, 4.683492660522461, 4.506643772125244, 3.1669089794158936, 3.2230727672576904, 3.1746320724487305, 3.1889488697052, 3.020869255065918, 2.6951470375061035, 2.6977529525756836, 2.6652581691741943, 2.3808531761169434, 2.409139394760132, 2.378041982650757, 2.2882156372070312, 2.319385290145874, 2.291743278503418];[1.3683990240097046, 1.3064651489257812, 1.3515723943710327, 1.3718386888504028, 1.390817403793335, 0.8415620923042297, 0.7875167727470398, 0.4369582235813141, 0.4558633863925934, 0.4388907551765442, 0.4507443606853485, 0.3792005479335785, 0.2598968744277954, 0.26154786348342896, 0.251393586397171, 0.1284690648317337, 0.14411477744579315, 0.1360260248184204, 0.08879082649946213, 0.10784762352705002, 0.09840843081474304];[-71.52444458007812, -49.92558670043945, -50.96083068847656, -50.46354675292969, -51.8060417175293, -7.57811164855957, -7.464649677276611, -3.7976388931274414, -4.013673305511475, -3.8884592056274414, -3.951010227203369, -3.688847541809082, -3.0179054737091064, -3.0423498153686523, -2.9802868366241455, -2.4764559268951416, -2.53824520111084, -2.4795730113983154, -2.3456430435180664, -2.413872718811035, -2.3642258644104004]
450;[16.430538177490234, 8.318917274475098, 4.41668701171875, 3.959127187728882, 3.8679800033569336, 3.0832831859588623, 2.687910795211792, 2.695734977722168, 2.5977694988250732, 2.390558958053589, 2.253413677215576, 2.2772834300994873, 2.40439772605896, 2.3597888946533203, 2.345731735229492, 2.430757999420166, 2.3776040077209473, 2.3418619632720947, 2.3378820419311523, 2.299008846282959, 2.2680962085723877];[1.367666482925415, 1.3235777616500854, 0.7970910668373108, 0.6424969434738159, 0.6215665340423584, 0.3981840908527374, 0.2526519000530243, 0.25623637437820435, 0.20921573042869568, 0.12429880350828171, 0.06949420273303986, 0.07963884621858597, 0.1450331062078476, 0.12124907225370407, 0.11863196641206741, 0.15532168745994568, 0.12772302329540253, 0.11463744193315506, 0.11497452110052109, 0.09499519318342209, 0.08581416308879852];[-72.12503051757812, -19.365198135375977, -5.722222805023193, -5.157367706298828, -5.178945541381836, -3.5201287269592285, -2.869980573654175, -2.868774175643921, -2.7515883445739746, -2.424013137817383, -2.2252190113067627, -2.288792610168457, -2.482570171356201, -2.4211835861206055, -2.3989686965942383, -2.5373406410217285, -2.452061176300049, -2.4119629859924316, -2.408808469772339, -2.3401904106140137, -2.3170218467712402]
500;[16.416690826416016, 11.644715309143066, 4.593051433563232, 3.6817188262939453, 3.2641124725341797, 2.6785271167755127, 2.545539617538452, 2.440716505050659, 2.462047576904297, 2.3314008712768555, 2.2609610557556152, 2.187546491622925, 2.194230079650879, 2.144296169281006, 2.1252782344818115, 2.1312787532806396, 2.150334119796753, 2.1527280807495117, 2.160637140274048, 2.1641054153442383, 2.164823532104492];[1.366329550743103, 1.2967100143432617, 0.8289234042167664, 0.6013799905776978, 0.45346519351005554, 0.23418183624744415, 0.18203197419643402, 0.14061319828033447, 0.15357987582683563, 0.0979745015501976, 0.073891282081604, 0.03367093950510025, 0.034329529851675034, 0.01827128604054451, 0.013259755447506905, 0.01389220915734768, 0.022662438452243805, 0.02540222555398941, 0.03096742182970047, 0.030769553035497665, 0.033181868493556976];[-72.73931121826172, -49.96091842651367, -6.106013298034668, -4.318116188049316, -3.7108776569366455, -2.7401633262634277, -2.5904183387756348, -2.4493231773376465, -2.4923110008239746, -2.340242862701416, -2.256521701812744, -2.1568496227264404, -2.1611058712005615, -2.103027105331421, -2.078524589538574, -2.1004045009613037, -2.124614953994751, -2.1399190425872803, -2.1451783180236816, -2.1565752029418945, -2.1707983016967773]
550;[16.461767196655273, 8.312457084655762, 4.863053321838379, 3.983790397644043, 3.3705739974975586, 3.100029945373535, 3.010101318359375, 2.837268590927124, 2.8095810413360596, 2.6280312538146973, 2.583367109298706, 2.554269313812256, 2.541822910308838, 2.491694450378418, 2.3204243183135986, 2.3075640201568604, 2.2919259071350098, 2.2732152938842773, 2.2163350582122803, 2.202895402908325, 2.2107338905334473];[1.370705246925354, 1.3194829225540161, 0.914060652256012, 0.708666980266571, 0.5145537853240967, 0.41563642024993896, 0.3783077299594879, 0.31069159507751465, 0.30497676134109497, 0.2329905480146408, 0.21506130695343018, 0.20571960508823395, 0.19728367030620575, 0.17550811171531677, 0.10336561501026154, 0.09504126757383347, 0.09322291612625122, 0.08496455103158951, 0.0568324439227581, 0.05414961650967598, 0.0540473572909832];[-72.1158676147461, -18.515626907348633, -6.579197883605957, -5.052927017211914, -3.874330997467041, -3.467348098754883, -3.3379056453704834, -3.055793523788452, -3.0766210556030273, -2.7843847274780273, -2.736515998840332, -2.7067482471466064, -2.6848952770233154, -2.630955219268799, -2.3818247318267822, -2.3508739471435547, -2.338700294494629, -2.292379140853882, -2.227538824081421, -2.213646173477173, -2.220590829849243]
600;[16.445796966552734, 11.476799011230469, 5.5435357093811035, 4.902125835418701, 3.3975512981414795, 2.7601242065429688, 2.5743227005004883, 2.3803203105926514, 2.3121120929718018, 2.1236472129821777, 2.1383466720581055, 2.1168248653411865, 2.1219429969787598, 2.1156179904937744, 2.1058313846588135, 2.1255104541778564, 2.1242480278015137, 2.114779233932495, 2.106110095977783, 2.1005730628967285, 2.0988166332244873];[1.366222858428955, 1.3387237787246704, 1.054205298423767, 0.8802459836006165, 0.5090016722679138, 0.26505717635154724, 0.19334553182125092, 0.11425581574440002, 0.08685430884361267, 0.0077988081611692905, 0.011416001245379448, 0.006876449566334486, 0.007812567986547947, 0.014687098562717438, 0.010455608367919922, 0.012072865851223469, 0.011403803713619709, 0.006489661522209644, 0.005235947202891111, 0.0049666911363601685, 0.006583666894584894];[-73.1614761352539, -46.18376922607422, -8.418070793151855, -7.722527980804443, -3.942941904067993, -2.8754847049713135, -2.6413967609405518, -2.360341787338257, -2.2965948581695557, -2.0633420944213867, -2.0742218494415283, -2.0513596534729004, -2.066179037094116, -2.073214530944824, -2.072561740875244, -2.086798667907715, -2.089797258377075, -2.0860788822174072, -2.074298143386841, -2.067544460296631, -2.08018159866333]
650;[16.45193099975586, 11.64921760559082, 11.589585304260254, 11.536904335021973, 11.468523025512695, 11.603492736816406, 4.7183122634887695, 4.6011643409729, 3.2117693424224854, 2.8967223167419434, 2.8762776851654053, 2.627157688140869, 2.5332632064819336, 2.479297399520874, 2.2477598190307617, 2.214993476867676, 2.212162494659424, 2.193711280822754, 2.168121099472046, 2.1864588260650635, 2.181932210922241];[1.3663195371627808, 1.3090205192565918, 1.3315402269363403, 1.3565187454223633, 1.3710336685180664, 1.4103752374649048, 0.8720530867576599, 0.8484916090965271, 0.464589923620224, 0.3433557152748108, 0.3408096432685852, 0.23973429203033447, 0.1947963833808899, 0.17492742836475372, 0.07714948058128357, 0.05421377345919609, 0.050058115273714066, 0.04942268505692482, 0.03916109725832939, 0.041675254702568054, 0.042835477739572525];[-72.22311401367188, -50.315086364746094, -51.775306701660156, -53.17780685424805, -52.84865188598633, -53.8055419921875, -7.906033992767334, -7.656424522399902, -3.894402503967285, -3.275418758392334, -3.250570774078369, -2.835658550262451, -2.6808221340179443, -2.6069796085357666, -2.2753169536590576, -2.2091386318206787, -2.2173023223876953, -2.203721523284912, -2.1629154682159424, -2.1974852085113525, -2.1956238746643066]
700;[16.44110870361328, 8.297286033630371, 8.20520305633545, 3.799575090408325, 4.109729290008545, 3.6638267040252686, 3.502321481704712, 3.1011507511138916, 3.0706982612609863, 2.881169319152832, 2.8173627853393555, 2.7100162506103516, 2.70571231842041, 2.736956834793091, 2.7560317516326904, 2.5654690265655518, 2.5501577854156494, 2.5003726482391357, 2.464409589767456, 2.434460163116455, 2.4093990325927734];[1.368178367614746, 1.3580387830734253, 1.2913751602172852, 0.6432956457138062, 0.7542231678962708, 0.6301077604293823, 0.5649104714393616, 0.4253426790237427, 0.4131334722042084, 0.3450740873813629, 0.3170006573200226, 0.2743118405342102, 0.27153584361076355, 0.2923327386379242, 0.29944905638694763, 0.21537397801876068, 0.2075038105249405, 0.1857769638299942, 0.1756294220685959, 0.16266794502735138, 0.1495283544063568];[-70.58049774169922, -17.912696838378906, -21.213401794433594, -4.573521137237549, -5.358697891235352, -4.559025287628174, -4.338803291320801, -3.572932481765747, -3.5046579837799072, -3.216153621673584, -3.112262010574341, -2.9525482654571533, -2.965104579925537, -3.025178909301758, -3.0768113136291504, -2.764477252960205, -2.742730140686035, -2.6610329151153564, -2.609792470932007, -2.5738537311553955, -2.531684637069702]
750;[16.441638946533203, 8.139725685119629, 4.7080559730529785, 3.8695623874664307, 3.3012824058532715, 2.9309940338134766, 2.850083351135254, 2.855234384536743, 2.5903310775756836, 2.5444958209991455, 2.530715227127075, 2.5043277740478516, 2.481386661529541, 2.5192792415618896, 2.5367202758789062, 2.4657835960388184, 2.395836114883423, 2.3507933616638184, 2.416574716567993, 2.3273727893829346, 2.324340581893921];[1.3659892082214355, 1.2617937326431274, 0.8814308047294617, 0.6631534099578857, 0.47024005651474, 0.34409594535827637, 0.30995476245880127, 0.3220820128917694, 0.20766007900238037, 0.19463855028152466, 0.18850566446781158, 0.17755602300167084, 0.175865039229393, 0.18762317299842834, 0.20034606754779816, 0.17026302218437195, 0.13734091818332672, 0.12559491395950317, 0.14946632087230682, 0.10299550741910934, 0.1062733456492424];[-68.30420684814453, -19.243335723876953, -6.185474872589111, -4.747074127197266, -3.6998541355133057, -3.1865203380584717, -3.0759027004241943, -3.152665376663208, -2.6892731189727783, -2.649874687194824, -2.6300997734069824, -2.6085147857666016, -2.6004443168640137, -2.649209499359131, -2.7025041580200195, -2.5893359184265137, -2.484475612640381, -2.4315237998962402, -2.529026508331299, -2.392476797103882, -2.400256872177124]
800;[16.437623977661133, 11.554564476013184, 5.4638352394104, 4.218318939208984, 3.9157333374023438, 3.913051128387451, 3.004016160964966, 2.9504852294921875, 2.9975500106811523, 2.7865819931030273, 2.5931756496429443, 2.4380452632904053, 2.360325336456299, 2.3127901554107666, 2.281839370727539, 2.2263312339782715, 2.237478733062744, 2.2449495792388916, 2.2581615447998047, 2.2264058589935303, 2.207521438598633];[1.3679994344711304, 1.3380929231643677, 1.044331431388855, 0.768266499042511, 0.6732708811759949, 0.6830592155456543, 0.3786400258541107, 0.36063358187675476, 0.38840508460998535, 0.3047175705432892, 0.21933482587337494, 0.1473897397518158, 0.11534120887517929, 0.10023967921733856, 0.08764739334583282, 0.061815619468688965, 0.06606247276067734, 0.07096191495656967, 0.07435660064220428, 0.06768371909856796, 0.05652356520295143];[-72.12739562988281, -45.586219787597656, -8.289493560791016, -5.479632377624512, -5.147494316101074, -5.246974468231201, -3.3223657608032227, -3.2542755603790283, -3.4179656505584717, -3.052224636077881, -2.735184907913208, -2.5040087699890137, -2.3876001834869385, -2.355619192123413, -2.3238391876220703, -2.222867965698242, -2.25020694732666, -2.271364212036133, -2.2850685119628906, -2.244929075241089, -2.218679666519165]
850;[16.456480026245117, 8.314166069030762, 8.251364707946777, 3.18881893157959, 3.3162035942077637, 3.4658515453338623, 3.1892688274383545, 3.1335582733154297, 2.8119089603424072, 2.7780075073242188, 2.5896878242492676, 2.6039135456085205, 2.4105799198150635, 2.3260738849639893, 2.2943649291992188, 2.325180768966675, 2.274040937423706, 2.2759180068969727, 2.288520574569702, 2.2469449043273926, 2.23563814163208];[1.368493676185608, 1.3215597867965698, 1.3024346828460693, 0.4078408479690552, 0.4749397337436676, 0.5386695265769958, 0.44603267312049866, 0.43220165371894836, 0.30948981642723083, 0.29421141743659973, 0.21747471392154694, 0.2197534143924713, 0.137265145778656, 0.10406496375799179, 0.0886860117316246, 0.09948403388261795, 0.082966148853302, 0.08554673194885254, 0.09106234461069107, 0.0686386227607727, 0.06961925327777863];[-71.09609985351562, -18.248031616210938, -22.230798721313477, -3.50288462638855, -3.7998082637786865, -4.2389397621154785, -3.686990261077881, -3.684891700744629, -3.0993704795837402, -3.037421941757202, -2.7954089641571045, -2.8146984577178955, -2.489516496658325, -2.3644020557403564, -2.3389081954956055, -2.38127064704895, -2.3148703575134277, -2.3298799991607666, -2.3391551971435547, -2.2695229053497314, -2.271655321121216]
900;[16.432239532470703, 8.311732292175293, 4.848270893096924, 4.42591667175293, 4.322747230529785, 4.205215930938721, 4.066266059875488, 4.042396545410156, 2.855639696121216, 2.7996108531951904, 2.6222774982452393, 2.6066434383392334, 2.5054240226745605, 2.4004263877868652, 2.4134604930877686, 2.42910099029541, 2.425717353820801, 2.461472272872925, 2.4198105335235596, 2.3923826217651367, 2.433842897415161];[1.3673170804977417, 1.3447778224945068, 0.9136854410171509, 0.7790035009384155, 0.7772930264472961, 0.7357354164123535, 0.6897586584091187, 0.6833582520484924, 0.3188798725605011, 0.29546260833740234, 0.22448807954788208, 0.22368064522743225, 0.18005986511707306, 0.13511335849761963, 0.14441849291324615, 0.1521783024072647, 0.1492522954940796, 0.16704612970352173, 0.15108941495418549, 0.1454600691795349, 0.16475623846054077];[-71.49020385742188, -19.216176986694336, -6.8273539543151855, -6.139081954956055, -6.301471710205078, -6.153390884399414, -6.0114240646362305, -6.133389949798584, -3.185244560241699, -3.1446938514709473, -2.837712287902832, -2.825066566467285, -2.6507761478424072, -2.4893600940704346, -2.527111291885376, -2.549821376800537, -2.545828342437744, -2.607837200164795, -2.545718193054199, -2.518977403640747, -2.5855846405029297]
950;[16.42078971862793, 8.425081253051758, 5.556906700134277, 5.408258438110352, 4.079679012298584, 3.52630615234375, 3.124497652053833, 2.950113296508789, 2.902134656906128, 2.5486319065093994, 2.478721857070923, 2.429457902908325, 2.4087398052215576, 2.346060037612915, 2.2490341663360596, 2.1951100826263428, 2.223271131515503, 2.195042133331299, 2.1992852687835693, 2.1916067600250244, 2.198138475418091];[1.3639811277389526, 1.4282108545303345, 1.0029593706130981, 0.9885654449462891, 0.7356873154640198, 0.5748307704925537, 0.425560861825943, 0.3624836802482605, 0.3439820110797882, 0.19278651475906372, 0.1692546308040619, 0.14565309882164001, 0.14257681369781494, 0.11641894280910492, 0.06850431114435196, 0.05078662931919098, 0.060357727110385895, 0.04677726328372955, 0.04558698087930679, 0.05023924261331558, 0.04752487316727638];[-69.89213562011719, -17.28229331970215, -8.845723152160645, -9.560904502868652, -5.441043853759766, -4.276852607727051, -3.5277304649353027, -3.287855863571167, -3.2317512035369873, -2.653515100479126, -2.567384958267212, -2.501821994781494, -2.479734182357788, -2.3943428993225098, -2.2614035606384277, -2.2001569271087646, -2.2304413318634033, -2.198782444000244, -2.206225633621216, -2.201758623123169, -2.2041923999786377]
1000;[16.473438262939453, 11.720895767211914, 11.675868034362793, 11.66122817993164, 11.592550277709961, 4.015752792358398, 4.178170680999756, 4.116962432861328, 3.1433658599853516, 2.677885055541992, 2.550933837890625, 2.5195000171661377, 2.5026397705078125, 2.464620590209961, 2.4728150367736816, 2.3034636974334717, 2.3062267303466797, 2.199681282043457, 2.2184484004974365, 2.211362838745117, 2.2506284713745117];[1.3710981607437134, 1.2873858213424683, 1.3095093965530396, 1.3152271509170532, 1.3211230039596558, 0.6434345245361328, 0.7057874202728271, 0.6878706216812134, 0.4159965217113495, 0.2443508505821228, 0.19867265224456787, 0.18159067630767822, 0.17896611988544464, 0.16255630552768707, 0.16790609061717987, 0.10040733218193054, 0.09888961166143417, 0.05000706762075424, 0.05396323278546333, 0.05801089107990265, 0.0716748759150505];[-71.53129577636719, -51.12281799316406, -54.26191329956055, -56.3011474609375, -55.400962829589844, -6.009559154510498, -6.4244489669799805, -6.472904205322266, -3.850297451019287, -2.9300897121429443, -2.71351957321167, -2.6893725395202637, -2.671511173248291, -2.607731580734253, -2.6371877193450928, -2.372633695602417, -2.3634443283081055, -2.2009449005126953, -2.2310707569122314, -2.233327865600586, -2.287020206451416]
1050;[16.460067749023438, 11.630731582641602, 4.071444511413574, 3.555645704269409, 2.992734432220459, 3.0063018798828125, 2.911623001098633, 2.671245813369751, 2.6555941104888916, 2.4508495330810547, 2.3975272178649902, 2.326645851135254, 2.3571617603302, 2.293130397796631, 2.237502336502075, 2.1762659549713135, 2.1542694568634033, 2.2114813327789307, 2.205091953277588, 2.1876142024993896, 2.1868910789489746];[1.3678568601608276, 1.3148471117019653, 0.6969523429870605, 0.555293083190918, 0.3523695468902588, 0.3672521710395813, 0.3372718095779419, 0.23903603851795197, 0.24260824918746948, 0.1506510078907013, 0.13112293183803558, 0.10416565090417862, 0.11753398925065994, 0.08755868673324585, 0.06513654440641403, 0.03749985247850418, 0.02957790531218052, 0.04908749461174011, 0.053684964776039124, 0.04334970936179161, 0.04366857931017876];[-72.63299560546875, -49.82044982910156, -4.807260513305664, -4.067637920379639, -3.2244629859924316, -3.3050286769866943, -3.16904354095459, -2.812993049621582, -2.8029513359069824, -2.4986565113067627, -2.450678825378418, -2.3493752479553223, -2.4018681049346924, -2.3180992603302, -2.24103045463562, -2.1639561653137207, -2.140476703643799, -2.220745325088501, -2.212386131286621, -2.1945533752441406, -2.1904051303863525]
1100;[16.413972854614258, 11.578766822814941, 11.472299575805664, 11.48666763305664, 11.456131935119629, 11.447345733642578, 4.21887731552124, 4.163402557373047, 4.094268321990967, 4.051061630249023, 2.581324815750122, 2.589348793029785, 2.7019965648651123, 2.6682379245758057, 2.8457753658294678, 2.8199830055236816, 2.827331304550171, 2.822094440460205, 2.803446054458618, 2.7528069019317627, 2.6169791221618652];[1.3666386604309082, 1.323422908782959, 1.3508740663528442, 1.380672574043274, 1.3955965042114258, 1.4215131998062134, 0.7602015733718872, 0.7515812516212463, 0.7242482900619507, 0.7185022234916687, 0.21307897567749023, 0.21877484023571014, 0.27354708313941956, 0.2560318112373352, 0.3303944766521454, 0.32792747020721436, 0.32319045066833496, 0.33096951246261597, 0.32165366411209106, 0.30028966069221497, 0.24112941324710846];[-71.88027954101562, -48.283729553222656, -49.6128044128418, -51.08368682861328, -51.60649490356445, -51.558956146240234, -6.229350566864014, -6.257060527801514, -6.124091625213623, -6.064202308654785, -2.7136800289154053, -2.758065700531006, -2.9759128093719482, -2.9243059158325195, -3.2591443061828613, -3.2599875926971436, -3.2453746795654297, -3.2656872272491455, -3.224423408508301, -3.128974676132202, -2.8693768978118896]
1150;[16.45362091064453, 8.293315887451172, 4.975886344909668, 4.382044792175293, 4.517354488372803, 3.298266649246216, 2.9776341915130615, 2.8201143741607666, 2.4809954166412354, 2.5465314388275146, 2.5978336334228516, 2.5847089290618896, 2.410740852355957, 2.3926877975463867, 2.372265100479126, 2.4116129875183105, 2.337953567504883, 2.2410759925842285, 2.209197759628296, 2.1439523696899414, 2.142702341079712];[1.366358757019043, 1.3209375143051147, 0.9528830051422119, 0.7907363176345825, 0.8538705706596375, 0.49083733558654785, 0.3662680685520172, 0.3036811351776123, 0.16665834188461304, 0.1875203549861908, 0.21976572275161743, 0.21791347861289978, 0.1390029788017273, 0.1341843605041504, 0.12396397441625595, 0.1433502584695816, 0.11183005571365356, 0.06874625384807587, 0.05701976269483566, 0.026023270562291145, 0.024862056598067284];[-71.40580749511719, -19.228498458862305, -6.908247470855713, -6.084530830383301, -6.4377121925354, -3.8240551948547363, -3.2864556312561035, -3.0334255695343018, -2.5354251861572266, -2.636061906814575, -2.7421927452087402, -2.7480928897857666, -2.4797444343566895, -2.472655773162842, -2.4535138607025146, -2.5111119747161865, -2.4035487174987793, -2.2684476375579834, -2.2245278358459473, -2.1397571563720703, -2.1309006214141846]
1200;[16.45563507080078, 8.278838157653809, 8.502702713012695, 8.410724639892578, 8.298578262329102, 3.1339666843414307, 3.0500328540802, 2.4124975204467773, 2.3492014408111572, 2.330874443054199, 2.325761079788208, 2.2773561477661133, 2.240386724472046, 2.1861515045166016, 2.2144782543182373, 2.177172899246216, 2.1935946941375732, 2.162863254547119, 2.1534476280212402, 2.179457426071167, 2.159231185913086];[1.367951512336731, 1.2751463651657104, 1.1527115106582642, 1.1677902936935425, 1.1871285438537598, 0.3997553288936615, 0.3660558760166168, 0.12250819802284241, 0.10173898935317993, 0.10114826261997223, 0.09120722115039825, 0.08345518261194229, 0.06540730595588684, 0.04036346450448036, 0.05333902686834335, 0.03961087763309479, 0.04128746688365936, 0.034851137548685074, 0.027420785278081894, 0.03864912688732147, 0.03256169706583023];[-71.06095123291016, -19.586345672607422, -26.66156768798828, -27.10986328125, -26.897611618041992, -3.6823127269744873, -3.577437400817871, -2.4061930179595947, -2.3385589122772217, -2.345094680786133, -2.341322898864746, -2.2969088554382324, -2.235769271850586, -2.166940212249756, -2.209655523300171, -2.1722872257232666, -2.177701473236084, -2.1577539443969727, -2.1313974857330322, -2.1741256713867188, -2.151090621948242]
1250;[16.462003707885742, 8.271199226379395, 8.196120262145996, 8.405780792236328, 8.311123847961426, 8.282814025878906, 8.279528617858887, 8.290818214416504, 8.289210319519043, 2.1502838134765625, 2.1441900730133057, 2.117605447769165, 2.1133525371551514, 2.119065284729004, 2.206799030303955, 2.174621343612671, 2.173989772796631, 2.1633059978485107, 2.1031394004821777, 2.126173496246338, 2.112952470779419];[1.3668652772903442, 1.2782702445983887, 1.2389867305755615, 1.1770713329315186, 1.2004913091659546, 1.2098695039749146, 1.2206224203109741, 1.2255326509475708, 1.2315045595169067, 0.014762251637876034, 0.01444479264318943, 0.008644292131066322, 0.009218502789735794, 0.006515514105558395, 0.04773785173892975, 0.036820996552705765, 0.03446894511580467, 0.031133808195590973, 0.0077697052620351315, 0.012325942516326904, 0.014077847823500633];[-72.24419403076172, -19.787670135498047, -22.17877769470215, -26.962095260620117, -26.820199966430664, -26.835649490356445, -27.082969665527344, -27.626962661743164, -27.795761108398438, -2.089759349822998, -2.080456256866455, -2.0652875900268555, -2.0696706771850586, -2.0632665157318115, -2.1959519386291504, -2.166598320007324, -2.1637609004974365, -2.1523752212524414, -2.0798089504241943, -2.100314140319824, -2.0896308422088623]
1300;[16.44805908203125, 8.362192153930664, 4.633862495422363, 3.876842975616455, 3.114992618560791, 2.935317039489746, 2.645099401473999, 2.6930065155029297, 2.5753207206726074, 2.541782855987549, 2.5308101177215576, 2.4218032360076904, 2.3355300426483154, 2.3660292625427246, 2.308028221130371, 2.310962438583374, 2.2393062114715576, 2.215791702270508, 2.188802480697632, 2.17410945892334, 2.1935079097747803];[1.3689144849777222, 1.2826510667800903, 0.8667783141136169, 0.6615102291107178, 0.4045364260673523, 0.33872753381729126, 0.22994641959667206, 0.2531474530696869, 0.20950467884540558, 0.19283996522426605, 0.18524818122386932, 0.13914093375205994, 0.10690481215715408, 0.12676015496253967, 0.1011173352599144, 0.09863881021738052, 0.06443319469690323, 0.058129243552684784, 0.04055599868297577, 0.0399429015815258, 0.05002457648515701];[-74.16789245605469, -20.031152725219727, -5.978835582733154, -4.843780994415283, -3.399571418762207, -3.16024112701416, -2.7521860599517822, -2.842116594314575, -2.694063663482666, -2.6620876789093018, -2.6357617378234863, -2.4943323135375977, -2.3651809692382812, -2.434495449066162, -2.3513529300689697, -2.3516716957092285, -2.2582597732543945, -2.220343589782715, -2.184237241744995, -2.1833877563476562, -2.2094762325286865]
1350;[16.4641056060791, 8.62533187866211, 3.2299158573150635, 3.0029637813568115, 3.004978656768799, 2.9940030574798584, 2.3157503604888916, 2.1666066646575928, 2.1632468700408936, 2.149104118347168, 2.234743356704712, 2.211311101913452, 2.157994270324707, 2.159219264984131, 2.1499412059783936, 2.1254193782806396, 2.1200926303863525, 2.1164519786834717, 2.114530563354492, 2.100698947906494, 2.1221091747283936];[1.3701057434082031, 1.1385588645935059, 0.4000226557254791, 0.32222190499305725, 0.3384019732475281, 0.34300804138183594, 0.07917394489049911, 0.01778937317430973, 0.018970131874084473, 0.018429890275001526, 0.05220147594809532, 0.04956692084670067, 0.026618463918566704, 0.029382482171058655, 0.023929720744490623, 0.009629563428461552, 0.009231015108525753, 0.0067561776377260685, 0.008400286547839642, 0.007178724277764559, 0.0098410090431571];[-72.6022720336914, -25.551767349243164, -3.375133991241455, -3.250835657119751, -3.3611841201782227, -3.4350028038024902, -2.2714130878448486, -2.0735747814178467, -2.095987319946289, -2.094081163406372, -2.2068662643432617, -2.1934738159179688, -2.123530387878418, -2.1275525093078613, -2.115347146987915, -2.0798332691192627, -2.0789246559143066, -2.090940475463867, -2.0898659229278564, -2.0756232738494873, -2.099569082260132]
1400;[16.449983596801758, 8.370396614074707, 8.252745628356934, 8.269182205200195, 4.604063034057617, 3.34779691696167, 3.3452930450439453, 3.112051486968994, 3.0919904708862305, 3.108492374420166, 3.1363537311553955, 3.143141746520996, 2.673752784729004, 2.6499369144439697, 2.573213577270508, 2.5554463863372803, 2.454511880874634, 2.4651529788970947, 2.500262975692749, 2.4412851333618164, 2.379185676574707];[1.3669514656066895, 1.3481853008270264, 1.2322213649749756, 1.213830828666687, 0.8115048408508301, 0.49510470032691956, 0.49452269077301025, 0.4058952331542969, 0.3997590243816376, 0.41660675406455994, 0.43221837282180786, 0.42559295892715454, 0.24629788100719452, 0.2525178790092468, 0.2116941511631012, 0.2069733589887619, 0.1644388735294342, 0.17023372650146484, 0.18609090149402618, 0.1582251936197281, 0.1315053105354309];[-71.95223999023438, -18.446189880371094, -23.27349853515625, -24.957807540893555, -7.2073774337768555, -4.042328834533691, -4.09272575378418, -3.720102310180664, -3.7664666175842285, -3.819401741027832, -3.907122850418091, -3.912339448928833, -2.9401721954345703, -2.944788932800293, -2.791146755218506, -2.802109718322754, -2.6178138256073, -2.6181957721710205, -2.714158535003662, -2.5920140743255615, -2.5102269649505615]
1450;[16.438304901123047, 8.348394393920898, 4.952322483062744, 4.484544277191162, 4.116724014282227, 3.5913684368133545, 3.6789703369140625, 3.400000810623169, 3.322618007659912, 3.3447065353393555, 3.0892937183380127, 3.0573184490203857, 2.74857234954834, 2.7314202785491943, 2.600865125656128, 2.54520845413208, 2.394855260848999, 2.4207286834716797, 2.3651139736175537, 2.3437116146087646, 2.3244616985321045];[1.3674240112304688, 1.3408035039901733, 0.941680908203125, 0.8196514248847961, 0.7063808441162109, 0.561962902545929, 0.6123142242431641, 0.5199693441390991, 0.49998989701271057, 0.5171247720718384, 0.41696059703826904, 0.4112083315849304, 0.29890352487564087, 0.28535187244415283, 0.22733798623085022, 0.2073642611503601, 0.13872672617435455, 0.14555926620960236, 0.12518642842769623, 0.1153268814086914, 0.10831035673618317];[-72.32177734375, -18.5429744720459, -6.852766513824463, -6.240101337432861, -5.762940883636475, -4.564415454864502, -4.766591548919678, -4.203461170196533, -4.16123104095459, -4.203977584838867, -3.6989245414733887, -3.665837287902832, -3.070054531097412, -3.033498764038086, -2.8038954734802246, -2.7179067134857178, -2.4865007400512695, -2.5289177894592285, -2.4470512866973877, -2.4287662506103516, -2.4011662006378174]
1500;[16.44887924194336, 11.780203819274902, 3.925704002380371, 3.180525302886963, 3.3023412227630615, 2.8827438354492188, 2.7727925777435303, 2.914726495742798, 2.7308876514434814, 2.554197072982788, 2.4983713626861572, 2.5575053691864014, 2.5359127521514893, 2.5021469593048096, 2.461214065551758, 2.3668205738067627, 2.360888719558716, 2.3921539783477783, 2.3770618438720703, 2.350142240524292, 2.3553466796875];[1.3688514232635498, 1.2834692001342773, 0.6207534670829773, 0.4074172079563141, 0.47622740268707275, 0.3237636089324951, 0.2822589576244354, 0.3416801393032074, 0.27224844694137573, 0.19929653406143188, 0.17729900777339935, 0.20769698917865753, 0.19517968595027924, 0.18493224680423737, 0.1661035418510437, 0.12207677215337753, 0.12185938656330109, 0.13566049933433533, 0.13277381658554077, 0.11979221552610397, 0.11915935575962067];[-70.63523864746094, -52.09257507324219, -4.769646644592285, -3.3551180362701416, -3.7173819541931152, -3.1127169132232666, -2.9712586402893066, -3.1879236698150635, -2.9319369792938232, -2.6665406227111816, -2.6040124893188477, -2.7072415351867676, -2.6935086250305176, -2.6505188941955566, -2.577908515930176, -2.4387238025665283, -2.4403574466705322, -2.4853322505950928, -2.4665491580963135, -2.4363536834716797, -2.4566662311553955]
50;[16.609350204467773, 1.8674829006195068, 1.5915210247039795, 1.4689996242523193, 1.4597970247268677, 1.448115587234497, 1.4387810230255127, 1.4492573738098145, 1.4400194883346558, 1.435792088508606, 1.424298882484436, 1.4289467334747314, 1.4190926551818848, 1.4246505498886108, 1.428481936454773, 1.4439903497695923, 1.4251071214675903, 1.4095988273620605, 1.431268572807312, 1.4487872123718262, 1.4406579732894897];[1.5205938816070557, 0.1760755479335785, 0.05502158775925636, 0.0066119902767241, 0.0057359905913472176, 0.006247458979487419, 0.01062993798404932, 0.018212351948022842, 0.01460934616625309, 0.014371311292052269, 0.0137679073959589, 0.016089336946606636, 0.008585845120251179, 0.013516468927264214, 0.017813991755247116, 0.030782928690314293, 0.02089361846446991, 0.01756177842617035, 0.026489268988370895, 0.03846697881817818, 0.029772471636533737];[-134.05316162109375, -2.0060083866119385, -1.7160022258758545, -1.5953670740127563, -1.6080089807510376, -1.6166584491729736, -1.6347413063049316, -1.673271894454956, -1.6762571334838867, -1.6689949035644531, -1.6595476865768433, -1.6836799383163452, -1.6716266870498657, -1.6871981620788574, -1.7074246406555176, -1.7309422492980957, -1.716232180595398, -1.6774015426635742, -1.7258819341659546, -1.7582896947860718, -1.7501459121704102]
100;[16.629878997802734, 1.9104119539260864, 1.825762152671814, 1.805038332939148, 1.7003451585769653, 1.5122357606887817, 1.5080385208129883, 1.474208116531372, 1.4770774841308594, 1.4784855842590332, 1.4519506692886353, 1.4469281435012817, 1.4590249061584473, 1.4574123620986938, 1.4378514289855957, 1.4387246370315552, 1.427653193473816, 1.4309778213500977, 1.4204329252243042, 1.4065285921096802, 1.4067628383636475];[1.5220543146133423, 0.18489839136600494, 0.19762101769447327, 0.20573624968528748, 0.16653726994991302, 0.05591145157814026, 0.050207432359457016, 0.0372798815369606, 0.043882373720407486, 0.04442684352397919, 0.033563464879989624, 0.03132060915231705, 0.034972455352544785, 0.03340022638440132, 0.026587365195155144, 0.026558110490441322, 0.019916219636797905, 0.022348985075950623, 0.023279953747987747, 0.011371550150215626, 0.011272598057985306];[-138.01641845703125, -2.054011344909668, -2.1287953853607178, -2.183945655822754, -2.0862038135528564, -1.7597333192825317, -1.769924521446228, -1.722273588180542, -1.749648094177246, -1.7617363929748535, -1.7352718114852905, -1.7233915328979492, -1.7545040845870972, -1.7551581859588623, -1.7158530950546265, -1.726835012435913, -1.7154263257980347, -1.7147701978683472, -1.7043328285217285, -1.6764013767242432, -1.6802890300750732]
150;[16.614818572998047, 1.7919424772262573, 1.7578833103179932, 1.7825409173965454, 1.4668858051300049, 1.456427812576294, 1.7666209936141968, 1.7266173362731934, 1.7459781169891357, 1.493933916091919, 1.4785751104354858, 1.4750920534133911, 1.472661018371582, 1.4759467840194702, 1.4576096534729004, 1.469093918800354, 1.4825233221054077, 1.4807437658309937, 1.4814225435256958, 1.4734152555465698, 1.4770275354385376];[1.5220842361450195, 0.13239644467830658, 0.15764285624027252, 0.1955832540988922, 0.014327180571854115, 0.013364224694669247, 0.2234615832567215, 0.20025967061519623, 0.21436521410942078, 0.05043457821011543, 0.04777565971016884, 0.049554243683815, 0.0513119138777256, 0.048863016068935394, 0.04140987992286682, 0.05206246301531792, 0.058016203343868256, 0.06280407309532166, 0.0653303787112236, 0.051917027682065964, 0.052864205092191696];[-134.1251983642578, -1.8730251789093018, -2.0019948482513428, -2.1924571990966797, -1.639035940170288, -1.6406593322753906, -2.3643555641174316, -2.3215601444244385, -2.407349109649658, -1.7846063375473022, -1.774470567703247, -1.7770620584487915, -1.7872657775878906, -1.7977572679519653, -1.760899543762207, -1.803826093673706, -1.8321826457977295, -1.8334518671035767, -1.8400030136108398, -1.8133423328399658, -1.823492169380188]
200;[16.62282371520996, 1.9072381258010864, 1.811283826828003, 1.511925220489502, 1.5050959587097168, 1.4565680027008057, 1.4447150230407715, 1.4451730251312256, 1.4355000257492065, 1.427550196647644, 1.534042477607727, 1.5366110801696777, 1.4313932657241821, 1.4323326349258423, 1.431435227394104, 1.4216701984405518, 1.404543161392212, 1.4399527311325073, 1.4263582229614258, 1.4382590055465698, 1.448392391204834];[1.5194071531295776, 0.1944621056318283, 0.19533491134643555, 0.03502126783132553, 0.039508841931819916, 0.012588378973305225, 0.01731235347688198, 0.015924036502838135, 0.015128636732697487, 0.012218479998409748, 0.08156179636716843, 0.08908386528491974, 0.01943521946668625, 0.01880129612982273, 0.018577564507722855, 0.015881169587373734, 0.007006505038589239, 0.028313014656305313, 0.02457364648580551, 0.028726544231176376, 0.03505457937717438];[-124.47254180908203, -2.079737663269043, -2.117072343826294, -1.671030879020691, -1.693092942237854, -1.6522467136383057, -1.6596890687942505, -1.664154052734375, -1.6699949502944946, -1.6624176502227783, -1.8979703187942505, -1.9198813438415527, -1.6984591484069824, -1.694870114326477, -1.7098760604858398, -1.687736988067627, -1.6657072305679321, -1.7303625345230103, -1.7216622829437256, -1.7329641580581665, -1.766212821006775]
250;[16.62435531616211, 5.109675407409668, 4.9819231033325195, 4.940338611602783, 1.5111101865768433, 1.4758920669555664, 1.4688876867294312, 1.4518901109695435, 1.4582204818725586, 1.4425984621047974, 1.4395151138305664, 1.4813354015350342, 1.4546185731887817, 1.4393324851989746, 1.4282039403915405, 1.428361415863037, 1.4340813159942627, 1.4069550037384033, 1.4087978601455688, 1.4008785486221313, 1.4001176357269287];[1.5228418111801147, 1.1522942781448364, 1.1244381666183472, 1.1321338415145874, 0.03327173367142677, 0.026044592261314392, 0.027634605765342712, 0.02666032873094082, 0.02690719999372959, 0.02261248044669628, 0.021933460608124733, 0.053552065044641495, 0.03059498220682144, 0.03144267946481705, 0.021074142307043076, 0.022943753749132156, 0.02322835475206375, 0.0074085271917283535, 0.005327151622623205, 0.007063759490847588, 0.0063063353300094604];[-136.54148864746094, -15.466050148010254, -18.999778747558594, -18.530847549438477, -1.6866101026535034, -1.6822950839996338, -1.6859289407730103, -1.6944024562835693, -1.6974314451217651, -1.686110019683838, -1.6987382173538208, -1.8015164136886597, -1.7392135858535767, -1.723785400390625, -1.704418659210205, -1.7026368379592896, -1.7276430130004883, -1.6733354330062866, -1.6709398031234741, -1.6677333116531372, -1.674318790435791]
300;[16.602642059326172, 5.088729381561279, 1.9340500831604004, 1.8915820121765137, 1.7514175176620483, 1.4596943855285645, 1.4433146715164185, 1.4410200119018555, 1.4246829748153687, 1.4248772859573364, 1.4153803586959839, 1.4216790199279785, 1.4191681146621704, 1.4077801704406738, 1.415075659751892, 1.4097905158996582, 1.4088032245635986, 1.4098774194717407, 1.4097648859024048, 1.408970832824707, 1.4059563875198364];[1.5207595825195312, 1.0978691577911377, 0.2789592444896698, 0.27507147192955017, 0.1975354254245758, 0.014374369755387306, 0.009333258494734764, 0.013710550963878632, 0.007310817018151283, 0.007434365805238485, 0.007554500829428434, 0.009128534235060215, 0.010557446628808975, 0.009074438363313675, 0.01409053523093462, 0.013216600753366947, 0.012949684634804726, 0.010859748348593712, 0.010200755670666695, 0.010225712321698666, 0.008921870961785316];[-131.8495635986328, -16.181119918823242, -2.3770837783813477, -2.44553279876709, -2.2251970767974854, -1.6399844884872437, -1.6374430656433105, -1.657241702079773, -1.6403509378433228, -1.6442205905914307, -1.6521350145339966, -1.6638811826705933, -1.6699234247207642, -1.6624140739440918, -1.6776132583618164, -1.6849251985549927, -1.675992488861084, -1.6766761541366577, -1.6745867729187012, -1.6806972026824951, -1.684871792793274]
350;[16.60399627685547, 1.9073357582092285, 1.5354719161987305, 1.629361867904663, 1.6247879266738892, 1.5812256336212158, 1.5677491426467896, 1.6010255813598633, 1.4608955383300781, 1.4756553173065186, 1.4628697633743286, 1.4751861095428467, 1.4843863248825073, 1.4794833660125732, 1.48970365524292, 1.464894413948059, 1.4540818929672241, 1.4632622003555298, 1.4355363845825195, 1.4647915363311768, 1.4697308540344238];[1.5209743976593018, 0.18735647201538086, 0.02491854503750801, 0.10658430308103561, 0.11388105154037476, 0.10281495749950409, 0.09071440994739532, 0.12141712009906769, 0.029772862792015076, 0.039535216987133026, 0.04064092040061951, 0.04403986781835556, 0.050981611013412476, 0.051644567400217056, 0.059501200914382935, 0.04762520268559456, 0.04428730905056, 0.04616473987698555, 0.02700985223054886, 0.046403512358665466, 0.055112749338150024];[-134.92481994628906, -2.0345513820648193, -1.624477744102478, -1.8795676231384277, -1.9302263259887695, -1.9045754671096802, -1.8852952718734741, -1.9889225959777832, -1.7110962867736816, -1.7469968795776367, -1.7467273473739624, -1.771142601966858, -1.8079326152801514, -1.8084965944290161, -1.8306846618652344, -1.7891006469726562, -1.7723791599273682, -1.7878327369689941, -1.7393014430999756, -1.7918933629989624, -1.8253995180130005]
400;[16.620105743408203, 5.427213191986084, 1.7544435262680054, 1.6750363111495972, 1.6473356485366821, 1.4514856338500977, 1.4590296745300293, 1.4590171575546265, 1.4289054870605469, 1.4325437545776367, 1.4245741367340088, 1.4867826700210571, 1.461490511894226, 1.4512150287628174, 1.455631971359253, 1.4686980247497559, 1.4342117309570312, 1.4271844625473022, 1.449744701385498, 1.414989948272705, 1.4190750122070312];[1.5219348669052124, 1.0968021154403687, 0.1551658809185028, 0.1274808645248413, 0.13056927919387817, 0.006791504565626383, 0.022325195372104645, 0.028073830530047417, 0.013461548835039139, 0.01384209655225277, 0.01008986309170723, 0.05353107303380966, 0.04035453498363495, 0.03258707374334335, 0.0402308888733387, 0.046570438891649246, 0.027047574520111084, 0.025736520066857338, 0.03639081120491028, 0.01633380725979805, 0.021484237164258957];[-130.9845733642578, -20.105348587036133, -1.9982861280441284, -1.9554744958877563, -1.985163688659668, -1.623153805732727, -1.6739509105682373, -1.7012765407562256, -1.6583924293518066, -1.6717349290847778, -1.661961317062378, -1.8010557889938354, -1.7522395849227905, -1.7356886863708496, -1.7588077783584595, -1.7880973815917969, -1.7331247329711914, -1.7123974561691284, -1.7637594938278198, -1.7033183574676514, -1.7097550630569458]
450;[16.62250518798828, 1.8763483762741089, 1.8452484607696533, 1.8457057476043701, 1.800940990447998, 1.5419315099716187, 1.5234915018081665, 1.488224744796753, 1.5062731504440308, 1.5010502338409424, 1.512034296989441, 1.4779385328292847, 1.4200949668884277, 1.4216946363449097, 1.4114500284194946, 1.4091906547546387, 1.4085520505905151, 1.4032763242721558, 1.4029953479766846, 1.405106544494629, 1.3988224267959595];[1.5220826864242554, 0.1699598878622055, 0.217697873711586, 0.2293059378862381, 0.22259315848350525, 0.07736614346504211, 0.07117392867803574, 0.04656824469566345, 0.05890000984072685, 0.05933142080903053, 0.07276931405067444, 0.05374644696712494, 0.01671750098466873, 0.015594388358294964, 0.013194959610700607, 0.0094457333907485, 0.006105800159275532, 0.00515715079382062, 0.00816139206290245, 0.005011276807636023, 0.006579386070370674];[-133.85484313964844, -1.9828120470046997, -2.1713268756866455, -2.2839975357055664, -2.2833375930786133, -1.8185248374938965, -1.8241398334503174, -1.7514337301254272, -1.7999556064605713, -1.804621696472168, -1.838556170463562, -1.7933660745620728, -1.6809898614883423, -1.681885838508606, -1.666919231414795, -1.6700389385223389, -1.6648303270339966, -1.6610724925994873, -1.6687507629394531, -1.6577363014221191, -1.6674405336380005]
500;[16.635107040405273, 1.9687168598175049, 1.7714425325393677, 1.7557060718536377, 1.5486994981765747, 1.5956106185913086, 1.568881630897522, 1.5810588598251343, 1.5285425186157227, 1.51140558719635, 1.4906508922576904, 1.587506890296936, 1.673213243484497, 1.7006385326385498, 1.6454226970672607, 1.6461243629455566, 1.684385061264038, 1.6769806146621704, 1.6768466234207153, 1.6207205057144165, 1.6526585817337036];[1.5210199356079102, 0.2052062451839447, 0.16113582253456116, 0.18243645131587982, 0.062464747577905655, 0.10748570412397385, 0.09140117466449738, 0.10926553606987, 0.07609732449054718, 0.06657203286886215, 0.05937136709690094, 0.12356729805469513, 0.17716655135154724, 0.20326761901378632, 0.17114496231079102, 0.16991585493087769, 0.19704456627368927, 0.1926901936531067, 0.194196879863739, 0.15701721608638763, 0.1800442636013031];[-126.2104721069336, -2.124945878982544, -1.998374581336975, -2.1064393520355225, -1.7743879556655884, -1.9099769592285156, -1.9069311618804932, -1.9419854879379272, -1.843625783920288, -1.8376846313476562, -1.7967612743377686, -2.027689218521118, -2.2186667919158936, -2.291382312774658, -2.1665120124816895, -2.191077947616577, -2.288548231124878, -2.280717372894287, -2.2707924842834473, -2.1528680324554443, -2.2413558959960938]
550;[16.604957580566406, 5.299839496612549, 5.197300910949707, 1.771152138710022, 1.75423002243042, 1.7432281970977783, 1.4785430431365967, 1.4716547727584839, 1.4513657093048096, 1.4477161169052124, 1.4497604370117188, 1.4216902256011963, 1.4215255975723267, 1.4239295721054077, 1.4348747730255127, 1.419333815574646, 1.4043333530426025, 1.401877760887146, 1.411463975906372, 1.4048150777816772, 1.4082614183425903];[1.5224231481552124, 1.0793932676315308, 1.11394464969635, 0.19365638494491577, 0.1999804824590683, 0.20161119103431702, 0.03270915895700455, 0.03160672262310982, 0.020328175276517868, 0.02317378669977188, 0.027088142931461334, 0.011375853791832924, 0.0103071890771389, 0.012810150161385536, 0.025905277580022812, 0.013059692457318306, 0.007086504716426134, 0.0057930792681872845, 0.009789709001779556, 0.009610015898942947, 0.008316326886415482];[-130.3035125732422, -19.241544723510742, -20.6825008392334, -2.194380521774292, -2.2377889156341553, -2.273160457611084, -1.7082937955856323, -1.7039226293563843, -1.6917393207550049, -1.6853419542312622, -1.7123842239379883, -1.6696826219558716, -1.672613501548767, -1.6841920614242554, -1.7234857082366943, -1.685716986656189, -1.6649507284164429, -1.6523964405059814, -1.6813358068466187, -1.673109769821167, -1.6820900440216064]
600;[16.60857582092285, 5.286136627197266, 1.5214256048202515, 1.4816540479660034, 1.5284664630889893, 1.6257622241973877, 1.6414753198623657, 1.618424892425537, 1.637639045715332, 1.770129680633545, 1.6923223733901978, 1.6896252632141113, 1.7344012260437012, 1.70993971824646, 1.6597647666931152, 1.6580286026000977, 1.6332449913024902, 1.5845435857772827, 1.5287072658538818, 1.5058456659317017, 1.4815354347229004];[1.518184781074524, 1.0792208909988403, 0.014073924161493778, 0.013612005859613419, 0.050769295543432236, 0.12118574976921082, 0.14083370566368103, 0.12900406122207642, 0.14804403483867645, 0.24586516618728638, 0.19192323088645935, 0.1938614696264267, 0.22444002330303192, 0.22026348114013672, 0.18487310409545898, 0.17769859731197357, 0.1616649627685547, 0.12799310684204102, 0.09122947603464127, 0.07864293456077576, 0.0645161122083664];[-136.7810516357422, -19.15320587158203, -1.5915194749832153, -1.613759160041809, -1.728659987449646, -1.9730923175811768, -2.0533998012542725, -2.0195276737213135, -2.1007144451141357, -2.431051731109619, -2.258068799972534, -2.250741481781006, -2.3767173290252686, -2.340954065322876, -2.232555866241455, -2.2278709411621094, -2.1647658348083496, -2.056565761566162, -1.9321181774139404, -1.8807742595672607, -1.849360466003418]
650;[16.616058349609375, 5.122694492340088, 5.047159194946289, 5.027989387512207, 1.61675226688385, 1.5103673934936523, 1.4410862922668457, 1.4306814670562744, 1.4277881383895874, 1.425235629081726, 1.4312629699707031, 1.4147887229919434, 1.4177035093307495, 1.4103490114212036, 1.4147263765335083, 1.4613407850265503, 1.473809838294983, 1.4744075536727905, 1.4587692022323608, 1.4710017442703247, 1.439953327178955];[1.5230711698532104, 1.092791199684143, 1.148013949394226, 1.159733533859253, 0.10885648429393768, 0.051031485199928284, 0.012479356490075588, 0.008945589885115623, 0.008509608916938305, 0.007362144999206066, 0.014999279752373695, 0.009096572175621986, 0.00828369241207838, 0.008877083659172058, 0.017992427572607994, 0.0449126660823822, 0.04999537393450737, 0.05783263221383095, 0.04716692492365837, 0.05134778842329979, 0.03254292905330658];[-134.13743591308594, -17.804340362548828, -18.442174911499023, -19.74431037902832, -1.913710594177246, -1.7552192211151123, -1.6403417587280273, -1.6513235569000244, -1.6473792791366577, -1.6568243503570557, -1.6808048486709595, -1.6630702018737793, -1.6685806512832642, -1.6676615476608276, -1.6920809745788574, -1.7614375352859497, -1.8134127855300903, -1.8192180395126343, -1.7784357070922852, -1.817649245262146, -1.7538577318191528]
700;[16.629026412963867, 1.8219259977340698, 1.7932826280593872, 1.6031302213668823, 1.5601845979690552, 1.4996505975723267, 1.4641423225402832, 1.459067940711975, 1.4661688804626465, 1.438033103942871, 1.439069390296936, 1.4236973524093628, 1.4254859685897827, 1.438910722732544, 1.438661813735962, 1.4314684867858887, 1.4344984292984009, 1.439587116241455, 1.4228765964508057, 1.4295074939727783, 1.4210604429244995];[1.5208510160446167, 0.13982388377189636, 0.17323355376720428, 0.08482622355222702, 0.06838343292474747, 0.047436460852622986, 0.02290372923016548, 0.026282500475645065, 0.030991151928901672, 0.02127804048359394, 0.018827443942427635, 0.011856626719236374, 0.013298876583576202, 0.02619781345129013, 0.027575694024562836, 0.022515296936035156, 0.02376536838710308, 0.028570054098963737, 0.021017611026763916, 0.0266755148768425, 0.0203698817640543];[-130.12091064453125, -1.9049054384231567, -2.039917230606079, -1.817732572555542, -1.7810531854629517, -1.7250776290893555, -1.674573540687561, -1.6992332935333252, -1.7137329578399658, -1.6791715621948242, -1.686268925666809, -1.6687941551208496, -1.6814078092575073, -1.711767554283142, -1.7212997674942017, -1.7153619527816772, -1.729313611984253, -1.7427732944488525, -1.7098596096038818, -1.7298153638839722, -1.7083139419555664]
750;[16.616207122802734, 1.930599331855774, 1.8327919244766235, 1.6213510036468506, 1.60284423828125, 1.5630971193313599, 1.5033601522445679, 1.4404594898223877, 1.4497450590133667, 1.428809404373169, 1.4221659898757935, 1.4154810905456543, 1.4067904949188232, 1.4263118505477905, 1.425926685333252, 1.4160939455032349, 1.4122364521026611, 1.4011017084121704, 1.4243899583816528, 1.4135245084762573, 1.4137545824050903];[1.5179802179336548, 0.19954605400562286, 0.19453565776348114, 0.09747841209173203, 0.09234931319952011, 0.08737165480852127, 0.0506293922662735, 0.013962128199636936, 0.018389124423265457, 0.012103348970413208, 0.006316645536571741, 0.0042341770604252815, 0.004750657826662064, 0.012963695451617241, 0.01717633754014969, 0.011197862215340137, 0.008722943253815174, 0.007967262528836727, 0.019574182108044624, 0.007791605778038502, 0.009993914514780045];[-132.68051147460938, -2.1050429344177246, -2.163149118423462, -1.858854055404663, -1.8832799196243286, -1.8693231344223022, -1.7653186321258545, -1.670784592628479, -1.6863491535186768, -1.6570465564727783, -1.6475433111190796, -1.645409345626831, -1.6519362926483154, -1.6814031600952148, -1.7015103101730347, -1.6795926094055176, -1.674340844154358, -1.6652090549468994, -1.702656865119934, -1.6859092712402344, -1.6979591846466064]
800;[16.626497268676758, 5.4462666511535645, 1.5155084133148193, 1.5258232355117798, 1.499956488609314, 1.4550857543945312, 1.467682957649231, 1.454221487045288, 1.4259941577911377, 1.4243686199188232, 1.4223928451538086, 1.423630952835083, 1.4288290739059448, 1.4153343439102173, 1.4140352010726929, 1.4207857847213745, 1.4165250062942505, 1.4095171689987183, 1.410973310470581, 1.4027647972106934, 1.4078750610351562];[1.5228773355484009, 1.0778664350509644, 0.013578809797763824, 0.03283387050032616, 0.03276700899004936, 0.012325749732553959, 0.026331791654229164, 0.02177290990948677, 0.008102841675281525, 0.009919289499521255, 0.00865773856639862, 0.01093681063503027, 0.014069873839616776, 0.012052636593580246, 0.012589006684720516, 0.016162939369678497, 0.012145418673753738, 0.010690446943044662, 0.008429436944425106, 0.009767862968146801, 0.010570765472948551];[-133.70233154296875, -20.856098175048828, -1.5966092348098755, -1.667109727859497, -1.6813768148422241, -1.6414668560028076, -1.674293875694275, -1.682873249053955, -1.6485099792480469, -1.6562122106552124, -1.658044695854187, -1.6668329238891602, -1.6764352321624756, -1.669985055923462, -1.6848089694976807, -1.6804471015930176, -1.6849266290664673, -1.6780275106430054, -1.679369330406189, -1.6681512594223022, -1.6792821884155273]
850;[16.601781845092773, 1.9175431728363037, 1.7949215173721313, 2.0310277938842773, 1.5535309314727783, 1.4942479133605957, 1.486270785331726, 1.4704533815383911, 1.4352487325668335, 1.4495853185653687, 1.4875860214233398, 1.4597171545028687, 1.436691164970398, 1.4402039051055908, 1.4611599445343018, 1.4314789772033691, 1.4246829748153687, 1.428486943244934, 1.4271429777145386, 1.4231590032577515, 1.4205561876296997];[1.5224616527557373, 0.1802867352962494, 0.18923036754131317, 0.34406760334968567, 0.069400854408741, 0.037869591265916824, 0.03621412813663483, 0.03431285545229912, 0.01429997943341732, 0.024620480835437775, 0.055471111088991165, 0.03220927342772484, 0.019797855988144875, 0.026753874495625496, 0.0415043830871582, 0.01470967847853899, 0.0198597963899374, 0.025274358689785004, 0.02117512747645378, 0.01583164371550083, 0.02102496847510338];[-139.79371643066406, -1.978605031967163, -2.091082811355591, -2.7614057064056396, -1.7876830101013184, -1.7061277627944946, -1.7087457180023193, -1.722978115081787, -1.6676385402679443, -1.692374587059021, -1.7965795993804932, -1.7429754734039307, -1.6913421154022217, -1.717232346534729, -1.7702958583831787, -1.713732123374939, -1.704386591911316, -1.7202190160751343, -1.7124818563461304, -1.7035026550292969, -1.7126895189285278]
900;[16.633268356323242, 1.8645473718643188, 1.652890920639038, 1.6361823081970215, 1.593025803565979, 1.6020290851593018, 1.620040774345398, 1.614376425743103, 1.5577430725097656, 1.5775256156921387, 1.4671624898910522, 1.4246296882629395, 1.426582932472229, 1.419653296470642, 1.4207916259765625, 1.4150402545928955, 1.4160587787628174, 1.4214903116226196, 1.4176386594772339, 1.4095498323440552, 1.4141430854797363];[1.5213513374328613, 0.18040378391742706, 0.09908749908208847, 0.10093007236719131, 0.09696551412343979, 0.10717559605836868, 0.12690754234790802, 0.12452305108308792, 0.0978100523352623, 0.10941150039434433, 0.03834400326013565, 0.014577113091945648, 0.011859881691634655, 0.011425432749092579, 0.013473882339894772, 0.009751356206834316, 0.009580866433680058, 0.012971766293048859, 0.014867451973259449, 0.015342936851084232, 0.019051535055041313];[-135.15379333496094, -2.011702060699463, -1.8306949138641357, -1.8633668422698975, -1.8836486339569092, -1.9310771226882935, -1.9974061250686646, -2.0178720951080322, -1.9151840209960938, -1.9694463014602661, -1.7485949993133545, -1.681172490119934, -1.6781872510910034, -1.6850836277008057, -1.691371202468872, -1.6757584810256958, -1.6822394132614136, -1.6961549520492554, -1.691847562789917, -1.6907424926757812, -1.7013564109802246]
950;[16.638181686401367, 2.037414312362671, 1.5539846420288086, 1.4913045167922974, 1.4643058776855469, 1.4439183473587036, 1.4436545372009277, 1.437098741531372, 1.4209222793579102, 1.4380992650985718, 1.4222772121429443, 1.4238134622573853, 1.4087820053100586, 1.4138504266738892, 1.4303207397460938, 1.4276492595672607, 1.4160428047180176, 1.4209562540054321, 1.419349193572998, 1.4010112285614014, 1.4111907482147217];[1.5219247341156006, 0.2485138177871704, 0.03262900188565254, 0.02226250246167183, 0.01493906695395708, 0.007839602418243885, 0.006231110077351332, 0.011588224209845066, 0.004801468458026648, 0.01286725327372551, 0.009896814823150635, 0.009719407185912132, 0.007110961712896824, 0.010781068354845047, 0.018892018124461174, 0.024041319265961647, 0.012813207693397999, 0.017366208136081696, 0.013538005761802197, 0.009007359854876995, 0.00894511491060257];[-133.61383056640625, -2.296355962753296, -1.6272180080413818, -1.642343282699585, -1.6269856691360474, -1.6200165748596191, -1.6333205699920654, -1.6439611911773682, -1.634049415588379, -1.676527738571167, -1.6593959331512451, -1.6778454780578613, -1.652154803276062, -1.6602461338043213, -1.7068431377410889, -1.7177180051803589, -1.690299391746521, -1.7029303312301636, -1.7022596597671509, -1.6660563945770264, -1.6829686164855957]
1000;[16.592567443847656, 5.2024149894714355, 5.053785800933838, 5.069467544555664, 5.0658087730407715, 1.7432671785354614, 1.5917330980300903, 1.6023459434509277, 1.4761099815368652, 1.479071855545044, 1.4518520832061768, 1.4820555448532104, 1.457838773727417, 1.5004796981811523, 1.4747499227523804, 1.4824355840682983, 1.466090202331543, 1.4765881299972534, 1.4708784818649292, 1.455572485923767, 1.4326122999191284];[1.5229628086090088, 1.128263235092163, 1.1875433921813965, 1.237310767173767, 1.2351300716400146, 0.21002934873104095, 0.11139119416475296, 0.12404485791921616, 0.040512699633836746, 0.04369991272687912, 0.030838368460536003, 0.048193689435720444, 0.03490304946899414, 0.06932651996612549, 0.05280084162950516, 0.06080205366015434, 0.04833052679896355, 0.05556492507457733, 0.0492376983165741, 0.044709984213113785, 0.024953197687864304];[-125.31295776367188, -17.043569564819336, -18.053037643432617, -18.411087036132812, -18.807544708251953, -2.2443244457244873, -1.9390428066253662, -1.9855340719223022, -1.7477117776870728, -1.7610070705413818, -1.722354769706726, -1.7919918298721313, -1.752021074295044, -1.8443706035614014, -1.8029121160507202, -1.829098105430603, -1.7887555360794067, -1.8187146186828613, -1.8010867834091187, -1.7911653518676758, -1.7267526388168335]
1050;[16.601688385009766, 5.238987445831299, 2.126286029815674, 1.7227751016616821, 1.7096859216690063, 1.6116870641708374, 1.6069130897521973, 1.5181605815887451, 1.4354503154754639, 1.4614388942718506, 1.457155466079712, 1.4470630884170532, 1.4428480863571167, 1.4477897882461548, 1.471297264099121, 1.4696130752563477, 1.4816720485687256, 1.437150001525879, 1.420215129852295, 1.4318652153015137, 1.4327212572097778];[1.522090196609497, 1.0834908485412598, 0.3561137914657593, 0.1607387661933899, 0.1663445085287094, 0.11256610602140427, 0.11654291301965714, 0.058540262281894684, 0.013613739982247353, 0.03273675590753555, 0.03393034636974335, 0.03278258442878723, 0.027638999745249748, 0.032074134796857834, 0.047288764268159866, 0.04923424869775772, 0.06124907359480858, 0.02328750304877758, 0.018116574734449387, 0.024326033890247345, 0.025863807648420334];[-129.16891479492188, -18.4611873626709, -2.759758234024048, -2.0334632396698, -2.0916810035705566, -1.955412745475769, -1.9775140285491943, -1.8042922019958496, -1.6619335412979126, -1.7202221155166626, -1.7300997972488403, -1.7152836322784424, -1.7208714485168457, -1.7364470958709717, -1.7926738262176514, -1.7888277769088745, -1.8308216333389282, -1.7315700054168701, -1.6996990442276, -1.727699637413025, -1.728611946105957]
1100;[16.64256477355957, 1.8620191812515259, 1.7129967212677002, 1.6988937854766846, 1.6290466785430908, 1.625342845916748, 1.4816961288452148, 1.4662121534347534, 1.4836184978485107, 1.4889401197433472, 1.5792993307113647, 1.5517752170562744, 1.4325931072235107, 1.425428867340088, 1.431887149810791, 1.4209388494491577, 1.4620659351348877, 1.4515414237976074, 1.451676607131958, 1.4723700284957886, 1.4529074430465698];[1.522599220275879, 0.16352204978466034, 0.13531412184238434, 0.1428789645433426, 0.12392830103635788, 0.12261462956666946, 0.03731420636177063, 0.03438562527298927, 0.04084251448512077, 0.05009850114583969, 0.11629094928503036, 0.10010449588298798, 0.020890459418296814, 0.017063824459910393, 0.019049430266022682, 0.020026149228215218, 0.04090133309364319, 0.04025058448314667, 0.04100128635764122, 0.055182185024023056, 0.03987765684723854];[-133.95269775390625, -1.9718519449234009, -1.9615920782089233, -2.010408401489258, -1.9327197074890137, -1.9732662439346313, -1.7132670879364014, -1.706070065498352, -1.746565580368042, -1.780694603919983, -2.0108482837677, -1.94252347946167, -1.7014080286026, -1.6873126029968262, -1.7007708549499512, -1.7027701139450073, -1.773127794265747, -1.7665401697158813, -1.7697083950042725, -1.8136941194534302, -1.7651245594024658]
1150;[16.604598999023438, 1.8715472221374512, 1.7045344114303589, 1.6597601175308228, 1.6438758373260498, 1.610587477684021, 1.649997353553772, 1.6398653984069824, 1.5903605222702026, 1.4890937805175781, 1.4256988763809204, 1.4214015007019043, 1.434247612953186, 1.432865858078003, 1.4319679737091064, 1.4334747791290283, 1.4389649629592896, 1.4150760173797607, 1.416917324066162, 1.4280290603637695, 1.423730492591858];[1.5187335014343262, 0.16961893439292908, 0.12137259542942047, 0.12346618622541428, 0.12436985224485397, 0.11460916697978973, 0.14191703498363495, 0.14249813556671143, 0.1177094578742981, 0.04538775980472565, 0.009856019169092178, 0.010793051682412624, 0.019538505002856255, 0.02018665336072445, 0.020838236436247826, 0.021870935335755348, 0.02655774913728237, 0.015358972363173962, 0.017522448673844337, 0.024013524875044823, 0.02251575142145157];[-135.99569702148438, -1.998398780822754, -1.9084779024124146, -1.936009168624878, -1.9634127616882324, -1.955000400543213, -2.065121650695801, -2.082672357559204, -1.9972949028015137, -1.7684930562973022, -1.6644737720489502, -1.6669230461120605, -1.6948835849761963, -1.7053604125976562, -1.7121140956878662, -1.7128597497940063, -1.7298541069030762, -1.6922820806503296, -1.7021660804748535, -1.7261216640472412, -1.7144850492477417]
1200;[16.613950729370117, 1.9402941465377808, 2.132202386856079, 1.869408130645752, 1.7642742395401, 1.6915233135223389, 2.0402896404266357, 2.131826877593994, 1.9591894149780273, 1.9187525510787964, 1.7779327630996704, 1.7187187671661377, 1.6695435047149658, 1.6547964811325073, 1.6517524719238281, 1.6022266149520874, 1.5983450412750244, 1.5517241954803467, 1.494326114654541, 1.5246795415878296, 1.5050030946731567];[1.5213873386383057, 0.19568438827991486, 0.34715786576271057, 0.2405783236026764, 0.2014644742012024, 0.16841338574886322, 0.37755638360977173, 0.4383704364299774, 0.3533467948436737, 0.3367949426174164, 0.24330276250839233, 0.2174234241247177, 0.18082910776138306, 0.17199361324310303, 0.17325229942798615, 0.142811581492424, 0.1344292312860489, 0.10909607261419296, 0.06755419075489044, 0.0877111405134201, 0.07714154571294785];[-129.72317504882812, -2.084444522857666, -2.880108118057251, -2.3955132961273193, -2.1930768489837646, -2.131614923477173, -3.13736629486084, -3.409752130508423, -2.919558525085449, -2.827873945236206, -2.4625911712646484, -2.3413681983947754, -2.242966413497925, -2.2136480808258057, -2.210263729095459, -2.115626335144043, -2.0841825008392334, -2.0051772594451904, -1.850048542022705, -1.9264510869979858, -1.8894402980804443]
1250;[16.59735107421875, 1.9402390718460083, 1.7692395448684692, 1.777382493019104, 1.6356070041656494, 1.6089789867401123, 1.5812630653381348, 1.5748594999313354, 1.5610132217407227, 2.6016881465911865, 2.595130681991577, 2.604978561401367, 2.5807220935821533, 2.576805353164673, 2.1823363304138184, 1.8795573711395264, 1.8542506694793701, 1.8518271446228027, 1.5509353876113892, 1.4902467727661133, 1.450533390045166];[1.5218197107315063, 0.20876671373844147, 0.1552414894104004, 0.19021789729595184, 0.12438545376062393, 0.11743155121803284, 0.10289245843887329, 0.10430076718330383, 0.09961346536874771, 0.6644312143325806, 0.6618636846542358, 0.6726452708244324, 0.6618033051490784, 0.661933422088623, 0.48610398173332214, 0.32369083166122437, 0.30358055233955383, 0.306439071893692, 0.11165311932563782, 0.06295286118984222, 0.04242340475320816];[-129.0819854736328, -2.132995128631592, -1.983035922050476, -2.1874375343322754, -1.963384985923767, -1.9464011192321777, -1.912967562675476, -1.938542127609253, -1.9013973474502563, -5.335895538330078, -5.404521465301514, -5.458502292633057, -5.407584190368652, -5.335294723510742, -3.8323888778686523, -2.8573601245880127, -2.7980902194976807, -2.781867265701294, -1.9976409673690796, -1.845369577407837, -1.7687242031097412]
1300;[16.615434646606445, 1.9564036130905151, 1.838448166847229, 1.889452338218689, 1.9010030031204224, 1.6206789016723633, 1.6135770082473755, 1.454862117767334, 1.4496818780899048, 1.4402726888656616, 1.4404650926589966, 1.4306130409240723, 1.4424047470092773, 1.412928819656372, 1.4099438190460205, 1.4086706638336182, 1.4181402921676636, 1.408095121383667, 1.4243885278701782, 1.413538932800293, 1.4032882452011108];[1.5241820812225342, 0.20614993572235107, 0.2005179226398468, 0.2665146291255951, 0.2866862416267395, 0.11529829353094101, 0.1246720403432846, 0.02318711206316948, 0.024778122082352638, 0.019978929311037064, 0.017107732594013214, 0.014889334328472614, 0.02678094059228897, 0.013091931119561195, 0.01097371056675911, 0.007214627228677273, 0.012520373798906803, 0.011360014788806438, 0.016832727938890457, 0.01537134125828743, 0.009097798727452755];[-130.82994079589844, -2.127899408340454, -2.1759369373321533, -2.483246088027954, -2.5845110416412354, -1.9809969663619995, -1.9836225509643555, -1.6798043251037598, -1.6913514137268066, -1.6792194843292236, -1.6853127479553223, -1.683565378189087, -1.7113986015319824, -1.6663738489151, -1.6671375036239624, -1.665175437927246, -1.6907298564910889, -1.6683262586593628, -1.7060388326644897, -1.6980061531066895, -1.6829383373260498]
1350;[16.600143432617188, 5.140471935272217, 5.1762919425964355, 3.1433265209198, 2.3859806060791016, 2.3067448139190674, 2.1963531970977783, 2.1944503784179688, 2.0775234699249268, 1.9979615211486816, 2.088714599609375, 1.996048092842102, 1.8571733236312866, 1.835038423538208, 1.7687426805496216, 1.6878776550292969, 1.637677788734436, 1.6305794715881348, 1.6230415105819702, 1.5817815065383911, 1.6031684875488281];[1.5213971138000488, 1.2810343503952026, 1.2799601554870605, 0.8824073672294617, 0.577400803565979, 0.5464257597923279, 0.49158772826194763, 0.49818217754364014, 0.43466565012931824, 0.3929365277290344, 0.44359904527664185, 0.3963669538497925, 0.3083779811859131, 0.2980816960334778, 0.2508631646633148, 0.19702616333961487, 0.16483059525489807, 0.15829801559448242, 0.15623360872268677, 0.1346108466386795, 0.14073707163333893];[-140.59400939941406, -13.241447448730469, -16.942747116088867, -6.142672061920166, -3.778719186782837, -3.6579909324645996, -3.4486119747161865, -3.477638006210327, -3.2046022415161133, -3.026094675064087, -3.300596237182617, -3.046171188354492, -2.6887705326080322, -2.6430628299713135, -2.4683969020843506, -2.2780771255493164, -2.163620948791504, -2.1689062118530273, -2.154834508895874, -2.07197904586792, -2.113847255706787]
1400;[16.614906311035156, 1.8681325912475586, 1.838409423828125, 1.80131196975708, 1.8109016418457031, 1.6183475255966187, 1.5677173137664795, 1.5686525106430054, 1.5807130336761475, 1.5371166467666626, 1.5118376016616821, 1.5219460725784302, 1.4751596450805664, 1.4479424953460693, 1.4718148708343506, 1.4632488489151, 1.4584192037582397, 1.4643092155456543, 1.4867810010910034, 1.483128309249878, 1.5019934177398682];[1.5228484869003296, 0.1610744148492813, 0.19598035514354706, 0.2050146907567978, 0.22714118659496307, 0.12199440598487854, 0.09203147143125534, 0.09745854139328003, 0.109097421169281, 0.09105335921049118, 0.0722675696015358, 0.0758606567978859, 0.04265815392136574, 0.03995354101061821, 0.046331677585840225, 0.04385116696357727, 0.04179864749312401, 0.046640392392873764, 0.06437726318836212, 0.05832267180085182, 0.07295352220535278];[-131.2574462890625, -1.9455358982086182, -2.1190569400787354, -2.185056686401367, -2.3509786128997803, -1.9708561897277832, -1.880380392074585, -1.9120473861694336, -1.9647314548492432, -1.8988473415374756, -1.8519635200500488, -1.8681399822235107, -1.7642942667007446, -1.7466086149215698, -1.7841033935546875, -1.7921642065048218, -1.7818636894226074, -1.7816694974899292, -1.8542941808700562, -1.8324955701828003, -1.890933871269226]
1450;[16.628917694091797, 1.8735941648483276, 1.6453932523727417, 1.6344751119613647, 1.6626582145690918, 1.4641309976577759, 1.4400203227996826, 1.4763729572296143, 1.4625054597854614, 1.4752496480941772, 1.4841549396514893, 1.4765520095825195, 1.4208334684371948, 1.432343602180481, 1.4262536764144897, 1.4171580076217651, 1.4066946506500244, 1.4132449626922607, 1.4064613580703735, 1.4093245267868042, 1.4082876443862915];[1.5216741561889648, 0.17114025354385376, 0.09291867911815643, 0.10426562279462814, 0.14071863889694214, 0.012982647866010666, 0.008885590359568596, 0.03142612800002098, 0.03318755701184273, 0.04672873020172119, 0.044728588312864304, 0.04668029397726059, 0.020218919962644577, 0.021637089550495148, 0.01697566546499729, 0.011700671166181564, 0.005709334742277861, 0.007047032006084919, 0.006690654903650284, 0.008254850283265114, 0.007586359977722168];[-134.41610717773438, -1.9888724088668823, -1.808534860610962, -1.8941221237182617, -2.0025711059570312, -1.646790623664856, -1.6278023719787598, -1.7158757448196411, -1.7255581617355347, -1.7565034627914429, -1.7880767583847046, -1.7873508930206299, -1.6865736246109009, -1.699226975440979, -1.6912280321121216, -1.6780298948287964, -1.6671656370162964, -1.672633409500122, -1.6706597805023193, -1.6826568841934204, -1.6783437728881836]
1500;[16.613460540771484, 2.382474899291992, 1.8658146858215332, 1.8528820276260376, 1.632167100906372, 1.6077053546905518, 1.5663158893585205, 1.6586499214172363, 1.600224256515503, 1.54032564163208, 1.5065008401870728, 1.5461971759796143, 1.5196412801742554, 1.5149216651916504, 1.4977766275405884, 1.4785782098770142, 1.4636250734329224, 1.4629849195480347, 1.44820237159729, 1.4467321634292603, 1.4509423971176147];[1.520970106124878, 0.3915845453739166, 0.22045597434043884, 0.23021702468395233, 0.11197475343942642, 0.11525338888168335, 0.09098782390356064, 0.14973096549510956, 0.12206335365772247, 0.08449235558509827, 0.06812108308076859, 0.09540892392396927, 0.0781179890036583, 0.07801803946495056, 0.06556012481451035, 0.052271824330091476, 0.04283388704061508, 0.043591808527708054, 0.03619575500488281, 0.03544643521308899, 0.03519457206130028];[-133.37060546875, -2.855206251144409, -2.212794542312622, -2.2567312717437744, -1.924382209777832, -1.9590035676956177, -1.8873066902160645, -2.097750663757324, -2.0024547576904297, -1.8741110563278198, -1.8393433094024658, -1.9323080778121948, -1.8815557956695557, -1.8879480361938477, -1.8428672552108765, -1.811972975730896, -1.7838860750198364, -1.7873051166534424, -1.7547142505645752, -1.762949824333191, -1.781302809715271]
50;[19.657913208007812, 10.931723594665527, 3.8629655838012695, 3.768386125564575, 2.9967191219329834, 2.7339093685150146, 2.55551815032959, 2.458961248397827, 2.3099021911621094, 2.231729745864868, 2.179544448852539, 2.160261631011963, 2.05202317237854, 2.069077730178833, 2.076310396194458, 2.1147353649139404, 2.052381992340088, 1.9773422479629517, 2.0239744186401367, 2.0253114700317383, 2.006695508956909];[1.4905939102172852, 1.3898985385894775, 0.8443154096603394, 0.8433091640472412, 0.5803903341293335, 0.4752175509929657, 0.403086394071579, 0.36075320839881897, 0.28858277201652527, 0.251727432012558, 0.23240289092063904, 0.21940645575523376, 0.16255049407482147, 0.17211751639842987, 0.17890189588069916, 0.2010325938463211, 0.17108099162578583, 0.13656938076019287, 0.156922847032547, 0.1581263393163681, 0.14567339420318604];[-152.95281982421875, -61.76848220825195, -5.780608654022217, -6.098669052124023, -4.053086757659912, -3.5614006519317627, -3.2493393421173096, -3.0907342433929443, -2.813754081726074, -2.678546667098999, -2.583451509475708, -2.586710214614868, -2.383787155151367, -2.4226160049438477, -2.454730272293091, -2.510789632797241, -2.4263036251068115, -2.2754006385803223, -2.377669334411621, -2.366837501525879, -2.342148542404175]
100;[19.661670684814453, 10.949268341064453, 10.963322639465332, 2.7997870445251465, 2.226500988006592, 2.3017969131469727, 2.0998449325561523, 2.0425398349761963, 1.9673618078231812, 1.8927476406097412, 1.8773987293243408, 1.8733007907867432, 1.8593132495880127, 1.8230592012405396, 1.9337522983551025, 1.8783694505691528, 1.851495385169983, 1.8493863344192505, 1.8223947286605835, 1.840000033378601, 1.8427252769470215];[1.4938719272613525, 1.4308449029922485, 1.3686459064483643, 0.4497016966342926, 0.22078631818294525, 0.2726787328720093, 0.16690970957279205, 0.14425607025623322, 0.10882733017206192, 0.06781115382909775, 0.06813106685876846, 0.06487569957971573, 0.055002931505441666, 0.03619512915611267, 0.10083627700805664, 0.07050710171461105, 0.0594460628926754, 0.05606226995587349, 0.05043593421578407, 0.05804728344082832, 0.05886092782020569];[-154.89759826660156, -58.529605865478516, -68.2664566040039, -3.5802221298217773, -2.5040154457092285, -2.7122201919555664, -2.351191759109497, -2.2889609336853027, -2.176180124282837, -2.0551631450653076, -2.0633647441864014, -2.0607447624206543, -2.0376830101013184, -1.977162480354309, -2.1800503730773926, -2.0927340984344482, -2.053602933883667, -2.0424227714538574, -2.0088753700256348, -2.0461487770080566, -2.0475149154663086]
150;[19.654085159301758, 11.106886863708496, 10.999443054199219, 10.9462251663208, 3.3109991550445557, 3.292240858078003, 1.967401146888733, 2.015597105026245, 1.9262123107910156, 2.040963888168335, 1.935828447341919, 1.8915088176727295, 1.8568756580352783, 1.8351858854293823, 1.8112692832946777, 1.7863430976867676, 1.79856538772583, 1.7728790044784546, 1.7778756618499756, 1.7910089492797852, 1.7987310886383057];[1.4920892715454102, 1.3640788793563843, 1.4071155786514282, 1.4296549558639526, 0.6892390251159668, 0.6874338388442993, 0.10010865330696106, 0.13039758801460266, 0.08620916306972504, 0.14751571416854858, 0.09614600241184235, 0.07592804729938507, 0.05933620035648346, 0.046087298542261124, 0.03469011187553406, 0.025432072579860687, 0.027624445036053658, 0.018612969666719437, 0.024068083614110947, 0.023715097457170486, 0.026262344792485237];[-152.41929626464844, -65.9801254272461, -67.01541900634766, -66.74324035644531, -5.070207595825195, -5.130764961242676, -2.1365737915039062, -2.253586769104004, -2.111246109008789, -2.3084890842437744, -2.147761583328247, -2.083014726638794, -2.039604425430298, -2.007521152496338, -1.9744452238082886, -1.9463179111480713, -1.9625850915908813, -1.917737603187561, -1.9341295957565308, -1.9480392932891846, -1.9640014171600342]
200;[19.6588191986084, 10.993193626403809, 10.890802383422852, 3.3922955989837646, 3.1891000270843506, 3.23704195022583, 3.1658358573913574, 3.08528208732605, 3.0837090015411377, 2.3790552616119385, 2.589340925216675, 2.5921218395233154, 2.1709468364715576, 2.159820556640625, 2.0349860191345215, 2.0362863540649414, 1.9230890274047852, 2.003678560256958, 1.97902512550354, 1.9607571363449097, 1.9383764266967773];[1.4919252395629883, 1.3549391031265259, 1.4037766456604004, 0.6929261684417725, 0.6155161261558533, 0.6444671154022217, 0.6230780482292175, 0.5890930891036987, 0.5945168137550354, 0.32101744413375854, 0.4145691394805908, 0.4205271899700165, 0.22449521720409393, 0.21869531273841858, 0.15446871519088745, 0.15851078927516937, 0.10005950927734375, 0.14096347987651825, 0.13356268405914307, 0.11911364644765854, 0.10652268677949905];[-147.0408172607422, -64.726806640625, -64.96713256835938, -5.135932445526123, -4.798215389251709, -5.164864540100098, -5.174428939819336, -4.927704811096191, -5.046037197113037, -3.0757598876953125, -3.6127328872680664, -3.6483588218688965, -2.633795738220215, -2.6084699630737305, -2.39172625541687, -2.3836734294891357, -2.1813650131225586, -2.3264760971069336, -2.2969303131103516, -2.2534279823303223, -2.229682207107544]
250;[19.66175079345703, 6.80540657043457, 6.801537990570068, 6.835824012756348, 3.425832509994507, 3.391390085220337, 3.329972743988037, 3.302868604660034, 3.2812201976776123, 2.5475974082946777, 2.5183374881744385, 2.418196439743042, 2.20310115814209, 2.1897132396698, 2.0802645683288574, 2.070054531097412, 2.0677742958068848, 1.9286220073699951, 1.8983958959579468, 1.8833636045455933, 1.8577908277511597];[1.493707299232483, 1.1919605731964111, 1.2486765384674072, 1.2364729642868042, 0.6981971263885498, 0.7048219442367554, 0.6834772229194641, 0.6867800354957581, 0.6756366491317749, 0.4043167233467102, 0.3913869857788086, 0.34984347224235535, 0.2394925355911255, 0.2430569976568222, 0.1842263638973236, 0.18064932525157928, 0.1737189143896103, 0.10228783637285233, 0.08253096789121628, 0.08068802952766418, 0.06678640842437744];[-154.97096252441406, -19.205707550048828, -22.075918197631836, -23.098669052124023, -5.440545558929443, -5.57054328918457, -5.532348155975342, -5.60728645324707, -5.534293174743652, -3.4312167167663574, -3.4018332958221436, -3.1858670711517334, -2.694598436355591, -2.6827220916748047, -2.4637722969055176, -2.442620277404785, -2.458448886871338, -2.1868505477905273, -2.1266982555389404, -2.118251323699951, -2.0821220874786377]
300;[19.642494201660156, 6.8582444190979, 3.074411392211914, 2.497950553894043, 2.4837570190429688, 2.4782662391662598, 2.346423864364624, 2.1612460613250732, 2.1725902557373047, 2.1283504962921143, 2.1223270893096924, 2.1459293365478516, 2.125731945037842, 2.0935893058776855, 2.054983615875244, 2.037142753601074, 2.021548271179199, 2.0031564235687256, 1.9531806707382202, 1.949676513671875, 1.9053555727005005];[1.4914203882217407, 1.2595326900482178, 0.5802304744720459, 0.34786903858184814, 0.35099661350250244, 0.3549415171146393, 0.29942256212234497, 0.2078033834695816, 0.21668359637260437, 0.19628028571605682, 0.20014038681983948, 0.21126660704612732, 0.2033117711544037, 0.1914512664079666, 0.17124128341674805, 0.16543127596378326, 0.1562635600566864, 0.1432686597108841, 0.11805234104394913, 0.11572659760713577, 0.09197144210338593];[-152.64915466308594, -18.424083709716797, -3.9892096519470215, -2.9262876510620117, -2.98722505569458, -3.0051262378692627, -2.8131279945373535, -2.4982707500457764, -2.5484180450439453, -2.4726881980895996, -2.507376194000244, -2.553105354309082, -2.519925117492676, -2.489208221435547, -2.414113998413086, -2.402834892272949, -2.3636465072631836, -2.330991268157959, -2.2361536026000977, -2.237560510635376, -2.1583855152130127]
350;[19.64861488342285, 10.954882621765137, 4.370542526245117, 4.3659539222717285, 3.605769634246826, 3.2519147396087646, 3.0869762897491455, 2.9030344486236572, 2.423466682434082, 2.3945531845092773, 2.3270914554595947, 2.2898714542388916, 2.2600531578063965, 2.2305071353912354, 2.2149813175201416, 2.139211654663086, 2.091525077819824, 2.088899612426758, 2.0025370121002197, 2.0593478679656982, 2.065645217895508];[1.4934611320495605, 1.4318159818649292, 1.0021651983261108, 1.0268000364303589, 0.8225418329238892, 0.7041893601417542, 0.6359145045280457, 0.5721922516822815, 0.3470933437347412, 0.3335508704185486, 0.3100425601005554, 0.28581690788269043, 0.272035151720047, 0.25976940989494324, 0.25171932578086853, 0.2175895720720291, 0.19676153361797333, 0.19003300368785858, 0.1431502103805542, 0.1737789511680603, 0.182109534740448];[-153.00791931152344, -58.940853118896484, -7.413428783416748, -7.852418899536133, -5.710676670074463, -4.928658485412598, -4.543352127075195, -4.126695156097412, -3.0559308528900146, -2.996328830718994, -2.8960955142974854, -2.830456495285034, -2.800337314605713, -2.751033306121826, -2.7140872478485107, -2.579099178314209, -2.494422674179077, -2.482351303100586, -2.334444046020508, -2.429781436920166, -2.473741054534912]
400;[19.655685424804688, 6.5304741859436035, 6.616941928863525, 6.573667049407959, 6.58915901184082, 3.0120046138763428, 2.8309106826782227, 2.186288595199585, 2.2159268856048584, 2.174943685531616, 2.179955244064331, 2.0604755878448486, 1.9557477235794067, 1.956289529800415, 1.9336529970169067, 1.8213789463043213, 1.833866834640503, 1.840474247932434, 1.8096489906311035, 1.8242242336273193, 1.8061519861221313];[1.4938910007476807, 1.2436573505401611, 1.2399382591247559, 1.2347290515899658, 1.2446074485778809, 0.582804262638092, 0.5084527730941772, 0.22458387911319733, 0.24056686460971832, 0.219601109623909, 0.2269916534423828, 0.16341052949428558, 0.11118915677070618, 0.11229657381772995, 0.10337428748607635, 0.03865965083241463, 0.0491100437939167, 0.05808647722005844, 0.035002026706933975, 0.04780682548880577, 0.04068674147129059];[-149.8711700439453, -16.432788848876953, -20.188282012939453, -20.793733596801758, -22.155519485473633, -4.277986526489258, -4.029562473297119, -2.552067756652832, -2.6593353748321533, -2.5696425437927246, -2.6031196117401123, -2.40352201461792, -2.2096691131591797, -2.2200746536254883, -2.1847524642944336, -1.9879258871078491, -2.0247557163238525, -2.0291364192962646, -1.9843552112579346, -2.0260508060455322, -1.9899821281433105]
450;[19.66705894470215, 11.062895774841309, 3.2393381595611572, 2.5730113983154297, 2.4162702560424805, 2.18841290473938, 2.028985023498535, 2.0064239501953125, 1.9281654357910156, 1.8542758226394653, 1.8012526035308838, 1.806341290473938, 1.9000476598739624, 1.8948943614959717, 1.8999840021133423, 1.962335467338562, 1.9152288436889648, 1.8808823823928833, 1.8791831731796265, 1.8466883897781372, 1.8246175050735474];[1.492875576019287, 1.3512991666793823, 0.633048415184021, 0.3706914782524109, 0.30862540006637573, 0.2163785994052887, 0.14141243696212769, 0.1298116147518158, 0.0845567062497139, 0.04901063069701195, 0.02657512202858925, 0.02926071733236313, 0.08711051195859909, 0.08100888878107071, 0.08787516504526138, 0.12022150307893753, 0.090837262570858, 0.07558871060609818, 0.07665526121854782, 0.056308187544345856, 0.04937378317117691];[-152.46664428710938, -65.78286743164062, -4.295628070831299, -3.012820243835449, -2.828234910964966, -2.488180160522461, -2.265958547592163, -2.2108688354492188, -2.1064939498901367, -1.9940677881240845, -1.9146935939788818, -1.9477713108062744, -2.1152901649475098, -2.1123015880584717, -2.1214962005615234, -2.238736391067505, -2.1493422985076904, -2.099229335784912, -2.1016757488250732, -2.0329251289367676, -2.017561912536621]
500;[19.675182342529297, 6.7506537437438965, 3.3812804222106934, 3.011680841445923, 2.403168201446533, 2.140653133392334, 1.977262258529663, 1.8799841403961182, 1.8791913986206055, 1.8540091514587402, 1.832734227180481, 1.7706886529922485, 1.7914657592773438, 1.7948200702667236, 1.777899146080017, 1.788469672203064, 1.8136396408081055, 1.8145248889923096, 1.8231996297836304, 1.8070893287658691, 1.8221685886383057];[1.4941493272781372, 1.2478702068328857, 0.6851068139076233, 0.551328718662262, 0.3050459623336792, 0.18147026002407074, 0.10253455489873886, 0.0571855790913105, 0.06010826677083969, 0.048822060227394104, 0.045024558901786804, 0.005421341862529516, 0.0134535301476717, 0.021945107728242874, 0.01701805554330349, 0.0202610045671463, 0.03473540395498276, 0.036512698978185654, 0.04315550625324249, 0.03342974931001663, 0.043685182929039];[-146.39483642578125, -17.829051971435547, -4.508571147918701, -4.059049606323242, -2.8030190467834473, -2.3977153301239014, -2.1551296710968018, -2.0019164085388184, -2.0082297325134277, -2.0038704872131348, -1.9846770763397217, -1.8875447511672974, -1.9165122509002686, -1.9300758838653564, -1.904184103012085, -1.9372373819351196, -1.978696346282959, -1.9916986227035522, -2.0005745887756348, -1.9810700416564941, -2.0187156200408936]
550;[19.647737503051758, 10.999239921569824, 3.6863698959350586, 3.3375582695007324, 2.5447912216186523, 2.27726674079895, 2.2506701946258545, 2.1688621044158936, 2.16706919670105, 2.0530049800872803, 2.020097017288208, 1.9989869594573975, 1.9893513917922974, 1.9526046514511108, 1.8407284021377563, 1.841456413269043, 1.8415539264678955, 1.8404310941696167, 1.8036826848983765, 1.80072820186615, 1.81244695186615];[1.4969433546066284, 1.3533072471618652, 0.770851731300354, 0.6636956930160522, 0.38098716735839844, 0.2583339512348175, 0.24526478350162506, 0.20795688033103943, 0.2109089344739914, 0.15852531790733337, 0.1431235373020172, 0.13471664488315582, 0.1270952969789505, 0.10784060508012772, 0.0517638698220253, 0.04945845901966095, 0.054987721145153046, 0.0548863522708416, 0.032444022595882416, 0.034296512603759766, 0.03715386986732483];[-149.58082580566406, -62.7597770690918, -5.3722243309021, -5.133325576782227, -3.13724422454834, -2.6558685302734375, -2.6316158771514893, -2.494877338409424, -2.537588119506836, -2.329169988632202, -2.295431137084961, -2.2729787826538086, -2.254758834838867, -2.2074930667877197, -2.033350944519043, -2.0237419605255127, -2.033785104751587, -2.0165040493011475, -1.9695628881454468, -1.9709364175796509, -1.9879662990570068]
600;[19.647647857666016, 6.797648906707764, 4.265927314758301, 3.366518020629883, 2.5200607776641846, 2.2207887172698975, 2.1665198802948, 1.948931097984314, 1.9494361877441406, 1.779104471206665, 1.7987778186798096, 1.7811490297317505, 1.8227816820144653, 1.8201473951339722, 1.798384189605713, 1.8178305625915527, 1.80792236328125, 1.7855284214019775, 1.7678097486495972, 1.755220651626587, 1.746801733970642];[1.4897536039352417, 1.3298884630203247, 0.9698944687843323, 0.7059162855148315, 0.3641672134399414, 0.21882039308547974, 0.19926241040229797, 0.09346185624599457, 0.09722406417131424, 0.011941861361265182, 0.02001054212450981, 0.015320710837841034, 0.037359029054641724, 0.04633951187133789, 0.033601731061935425, 0.03737873211503029, 0.03218204155564308, 0.019314240664243698, 0.011716460809111595, 0.007744432892650366, 0.005312817171216011];[-155.5789031982422, -16.663930892944336, -6.813506603240967, -4.856187343597412, -3.0373358726501465, -2.5694851875305176, -2.516735792160034, -2.1202478408813477, -2.155148983001709, -1.8912169933319092, -1.9193419218063354, -1.8937240839004517, -1.9713793992996216, -1.9834446907043457, -1.9599484205245972, -1.983461618423462, -1.9692355394363403, -1.9392786026000977, -1.9116102457046509, -1.891955852508545, -1.893574833869934]
650;[19.65317153930664, 6.836886405944824, 6.816478729248047, 6.80605936050415, 6.765108108520508, 6.911937236785889, 3.048386335372925, 2.9297945499420166, 2.2333126068115234, 2.146075487136841, 2.1971771717071533, 2.060819625854492, 2.0218918323516846, 1.9988354444503784, 1.8496241569519043, 1.859891414642334, 1.8567031621932983, 1.8449875116348267, 1.8197273015975952, 1.835157871246338, 1.8159306049346924];[1.495829463005066, 1.284475564956665, 1.234067678451538, 1.244093418121338, 1.244004487991333, 1.2912874221801758, 0.616091787815094, 0.5752542614936829, 0.2509932219982147, 0.20521239936351776, 0.2374459058046341, 0.16997884213924408, 0.14523883163928986, 0.13751882314682007, 0.06407663226127625, 0.061924029141664505, 0.05698324739933014, 0.05846721678972244, 0.04574182629585266, 0.048915304243564606, 0.04130207374691963];[-154.31851196289062, -18.440078735351562, -21.650815963745117, -23.517807006835938, -23.868022918701172, -25.025897979736328, -4.5341620445251465, -4.288913726806641, -2.668020009994507, -2.5220065116882324, -2.6355535984039307, -2.402158737182617, -2.3309621810913086, -2.3032989501953125, -2.0539298057556152, -2.048360824584961, -2.0582947731018066, -2.0481297969818115, -1.999662160873413, -2.0361716747283936, -2.0080485343933105]
700;[19.670988082885742, 11.058006286621094, 10.930695533752441, 3.1251087188720703, 3.176530122756958, 2.693502902984619, 2.5000314712524414, 2.352159023284912, 2.3058481216430664, 2.228649377822876, 2.1655521392822266, 2.072270154953003, 2.0616681575775146, 2.0866785049438477, 2.094069004058838, 1.9994664192199707, 1.9902461767196655, 1.9803500175476074, 1.9620742797851562, 1.958035945892334, 1.9328703880310059];[1.4967865943908691, 1.3703892230987549, 1.394078016281128, 0.6055474877357483, 0.6319668292999268, 0.4624263644218445, 0.3743799328804016, 0.3054693639278412, 0.28325775265693665, 0.25384730100631714, 0.21978920698165894, 0.17360380291938782, 0.1669643074274063, 0.18682405352592468, 0.1908036768436432, 0.1394677758216858, 0.1329003870487213, 0.1283467710018158, 0.12412231415510178, 0.12291009724140167, 0.10758344829082489];[-153.64109802246094, -63.385948181152344, -65.23450469970703, -4.317732810974121, -4.601583957672119, -3.5231544971466064, -3.1362926959991455, -2.8996191024780273, -2.787978172302246, -2.680934190750122, -2.561302423477173, -2.3997066020965576, -2.393941640853882, -2.4516217708587646, -2.4762821197509766, -2.315253257751465, -2.303048610687256, -2.2856123447418213, -2.2554454803466797, -2.26045298576355, -2.209625482559204]
750;[19.6597900390625, 11.36276626586914, 3.490675926208496, 3.2192187309265137, 2.4591798782348633, 2.354829788208008, 2.358546733856201, 2.37269926071167, 2.080911159515381, 2.073601007461548, 2.0419869422912598, 2.035736560821533, 2.002150058746338, 2.0305655002593994, 2.051910400390625, 1.982938289642334, 1.9462870359420776, 1.9189155101776123, 1.970406174659729, 1.895552396774292, 1.8999412059783936];[1.4908860921859741, 1.3278002738952637, 0.6937912106513977, 0.6063770055770874, 0.3242051303386688, 0.2899308502674103, 0.2921932339668274, 0.3117298185825348, 0.16452333331108093, 0.16749972105026245, 0.1509937345981598, 0.14863844215869904, 0.13897451758384705, 0.1490698754787445, 0.16580259799957275, 0.1302661895751953, 0.1091654971241951, 0.10277949273586273, 0.12498443573713303, 0.0785830020904541, 0.08513046056032181];[-151.9556121826172, -72.12085723876953, -4.957627773284912, -4.801745414733887, -2.91841197013855, -2.877410650253296, -2.9022223949432373, -2.9950366020202637, -2.3650684356689453, -2.3816747665405273, -2.3235578536987305, -2.3303685188293457, -2.2959818840026855, -2.339083671569824, -2.4017865657806396, -2.2697103023529053, -2.210606575012207, -2.177567720413208, -2.2659778594970703, -2.131880521774292, -2.151285171508789]
800;[19.67308235168457, 6.760105133056641, 4.221038341522217, 3.5491275787353516, 3.442089557647705, 3.5011942386627197, 2.4453372955322266, 2.4482839107513428, 2.4334802627563477, 2.220468521118164, 2.0414011478424072, 1.9521071910858154, 1.9209296703338623, 1.874853491783142, 1.8707690238952637, 1.8212411403656006, 1.8277796506881714, 1.8317532539367676, 1.836103916168213, 1.8134827613830566, 1.7978516817092896];[1.4954484701156616, 1.3384169340133667, 0.9615569114685059, 0.7217453122138977, 0.6847651600837708, 0.7219511270523071, 0.3432960510253906, 0.3480150103569031, 0.3493325710296631, 0.24910080432891846, 0.1539347767829895, 0.10357428342103958, 0.08908786624670029, 0.0708247646689415, 0.06999018788337708, 0.04277811944484711, 0.04480229318141937, 0.04911874234676361, 0.048343829810619354, 0.043854378163814545, 0.03319137543439865];[-154.16746520996094, -15.435242652893066, -6.865201473236084, -5.671435356140137, -5.765571117401123, -6.0363640785217285, -3.038966178894043, -3.073328971862793, -3.1251206398010254, -2.670452833175659, -2.3226256370544434, -2.178222894668579, -2.1252307891845703, -2.0817556381225586, -2.0879721641540527, -1.9814518690109253, -2.0050110816955566, -2.020752429962158, -2.0230777263641357, -1.9910311698913574, -1.9651484489440918]
850;[19.63532829284668, 10.986597061157227, 10.902798652648926, 2.4824841022491455, 2.448869228363037, 2.7121284008026123, 2.5628151893615723, 2.4495606422424316, 2.2400121688842773, 2.2371768951416016, 2.0437886714935303, 2.051276922225952, 1.9318816661834717, 1.873484492301941, 1.842451810836792, 1.8704298734664917, 1.8263921737670898, 1.8232007026672363, 1.831423282623291, 1.815554141998291, 1.8039708137512207];[1.496402621269226, 1.3555519580841064, 1.409382939338684, 0.32994312047958374, 0.32896101474761963, 0.46970629692077637, 0.4041505455970764, 0.35923194885253906, 0.2560091018676758, 0.2543392777442932, 0.15804357826709747, 0.1577419936656952, 0.09468493610620499, 0.06817205250263214, 0.050337642431259155, 0.061355046927928925, 0.044842567294836044, 0.044851675629615784, 0.04873416945338249, 0.03668731451034546, 0.036461539566516876];[-156.89239501953125, -61.95724105834961, -66.0978775024414, -2.861497402191162, -2.8907952308654785, -3.5354301929473877, -3.2399070262908936, -3.0818207263946533, -2.6853792667388916, -2.6762781143188477, -2.3630034923553467, -2.3749308586120605, -2.1574907302856445, -2.0616002082824707, -2.026475667953491, -2.073172092437744, -2.0073869228363037, -2.01090145111084, -2.0166242122650146, -1.9846792221069336, -1.982648491859436]
900;[19.672168731689453, 10.974270820617676, 3.6454460620880127, 2.963956832885742, 2.792661190032959, 2.643522024154663, 2.503054141998291, 2.4688098430633545, 1.9812394380569458, 1.9340132474899292, 1.9274920225143433, 1.9680523872375488, 1.9391937255859375, 1.8943198919296265, 1.9172683954238892, 1.9299780130386353, 1.9245169162750244, 1.9509319067001343, 1.9287681579589844, 1.9047411680221558, 1.9364840984344482];[1.4966233968734741, 1.365269422531128, 0.7781388163566589, 0.5419161319732666, 0.4975763261318207, 0.43055781722068787, 0.3676456809043884, 0.35424506664276123, 0.11412841826677322, 0.09039346873760223, 0.08917730301618576, 0.11629564315080643, 0.09938737004995346, 0.0767880380153656, 0.09256042540073395, 0.10055088996887207, 0.09568378329277039, 0.11157597601413727, 0.10285905748605728, 0.09616060554981232, 0.11400038748979568];[-154.64678955078125, -64.05087280273438, -5.406745433807373, -3.783032178878784, -3.6499500274658203, -3.376331090927124, -3.178025007247925, -3.183290958404541, -2.191999912261963, -2.132518768310547, -2.1365599632263184, -2.225648880004883, -2.1732163429260254, -2.1069817543029785, -2.1604483127593994, -2.1822562217712402, -2.174703359603882, -2.226410150527954, -2.1904802322387695, -2.1626617908477783, -2.2226202487945557]
950;[19.667163848876953, 10.965826034545898, 4.2249555587768555, 3.804232597351074, 3.093524217605591, 2.7854912281036377, 2.5481953620910645, 2.459958553314209, 2.440772533416748, 2.0768721103668213, 2.002166748046875, 1.981684923171997, 1.973373532295227, 1.9394237995147705, 1.8459744453430176, 1.7975184917449951, 1.8219298124313354, 1.80391526222229, 1.8137991428375244, 1.8077826499938965, 1.815406084060669];[1.4918136596679688, 1.4710116386413574, 0.9619806408882141, 0.8605311512947083, 0.6293796300888062, 0.5043068528175354, 0.3888777494430542, 0.35396885871887207, 0.34757301211357117, 0.16619759798049927, 0.13363736867904663, 0.12120775878429413, 0.12340722233057022, 0.10690335929393768, 0.05248882248997688, 0.03250092267990112, 0.04245661199092865, 0.032440945506095886, 0.0346883200109005, 0.040064696222543716, 0.03818600997328758];[-150.7345733642578, -57.104942321777344, -6.597381591796875, -6.246056079864502, -4.294750213623047, -3.6979265213012695, -3.256486177444458, -3.1544628143310547, -3.134373188018799, -2.388808488845825, -2.2689151763916016, -2.245100736618042, -2.2381420135498047, -2.18691349029541, -2.0293281078338623, -1.9633599519729614, -1.9958233833312988, -1.973240852355957, -1.9919488430023193, -1.9876397848129272, -1.9923133850097656]
1000;[19.63071060180664, 6.693338394165039, 6.798460483551025, 6.807754039764404, 6.797517776489258, 2.4450345039367676, 2.566570520401001, 2.502919912338257, 2.1577863693237305, 1.9615261554718018, 1.935592532157898, 1.912485957145691, 1.8966407775878906, 1.8755934238433838, 1.8768706321716309, 1.8064393997192383, 1.8073456287384033, 1.7685942649841309, 1.787402629852295, 1.7792062759399414, 1.8073399066925049];[1.494160771369934, 1.2156599760055542, 1.1904884576797485, 1.1701149940490723, 1.1686421632766724, 0.3282514810562134, 0.39310839772224426, 0.36794883012771606, 0.20469245314598083, 0.10507676750421524, 0.09754496812820435, 0.08140496164560318, 0.07721515744924545, 0.06799015402793884, 0.06948897242546082, 0.036927975714206696, 0.03545042499899864, 0.013384614139795303, 0.019858309999108315, 0.022702056914567947, 0.033524978905916214];[-147.03321838378906, -17.870698928833008, -22.701461791992188, -24.917688369750977, -25.020679473876953, -3.081259250640869, -3.3493566513061523, -3.307727575302124, -2.54339599609375, -2.1886637210845947, -2.152107000350952, -2.1285409927368164, -2.109980821609497, -2.0683624744415283, -2.0847628116607666, -1.9771111011505127, -1.9706315994262695, -1.9088380336761475, -1.940061330795288, -1.9406160116195679, -1.980035662651062]
1050;[19.642393112182617, 11.12510871887207, 11.025348663330078, 10.9352388381958, 2.76442813873291, 2.4089033603668213, 2.173236846923828, 2.1560378074645996, 2.1891961097717285, 2.1121530532836914, 2.003368854522705, 1.8952772617340088, 1.913920283317566, 1.832399606704712, 1.7839303016662598, 1.7710239887237549, 1.761152744293213, 1.789831519126892, 1.781649112701416, 1.7712616920471191, 1.7648859024047852];[1.494938611984253, 1.3422361612319946, 1.3521569967269897, 1.3870759010314941, 0.45150214433670044, 0.3098418712615967, 0.20426028966903687, 0.19844314455986023, 0.226650670170784, 0.18434707820415497, 0.1324492245912552, 0.07980752736330032, 0.0887356773018837, 0.043390654027462006, 0.01931528002023697, 0.013949219137430191, 0.010309887118637562, 0.019841622561216354, 0.02238900400698185, 0.01439013984054327, 0.011401139199733734];[-149.76966857910156, -66.6875991821289, -68.88845825195312, -69.73118591308594, -3.7384896278381348, -2.9634311199188232, -2.5079407691955566, -2.5131490230560303, -2.5866053104400635, -2.46136474609375, -2.2901499271392822, -2.09230375289917, -2.1366539001464844, -1.998777151107788, -1.9218248128890991, -1.906244158744812, -1.899520993232727, -1.946346402168274, -1.9336881637573242, -1.9222732782363892, -1.909295678138733]
1100;[19.682933807373047, 11.117607116699219, 3.497119426727295, 2.9095146656036377, 2.7859320640563965, 2.7527430057525635, 2.3909032344818115, 2.30135440826416, 2.2131199836730957, 2.1655099391937256, 1.8917120695114136, 1.8745336532592773, 1.9765026569366455, 1.9393757581710815, 2.08315372467041, 2.0577051639556885, 2.117044448852539, 2.097694158554077, 2.0853445529937744, 2.0998053550720215, 2.0326459407806396];[1.4954909086227417, 1.3412612676620483, 0.7265197038650513, 0.5283238291740417, 0.4961000680923462, 0.4883911907672882, 0.3186693489551544, 0.28564217686653137, 0.23674730956554413, 0.2167360484600067, 0.07254759967327118, 0.06388905644416809, 0.1244402527809143, 0.10251285880804062, 0.1807805597782135, 0.17570801079273224, 0.2001127451658249, 0.1989361047744751, 0.19155913591384888, 0.19877353310585022, 0.1611037403345108];[-154.83074951171875, -66.70023345947266, -4.886219024658203, -3.7073745727539062, -3.603893518447876, -3.6079294681549072, -2.901430606842041, -2.763345956802368, -2.6042325496673584, -2.5464625358581543, -2.068176031112671, -2.0527329444885254, -2.247784376144409, -2.178100824356079, -2.4461705684661865, -2.434978723526001, -2.528170585632324, -2.5112619400024414, -2.4878463745117188, -2.5166068077087402, -2.378084659576416]
1150;[19.651161193847656, 10.991552352905273, 3.7980029582977295, 2.940230131149292, 2.9842946529388428, 2.4501984119415283, 2.167971134185791, 2.0168204307556152, 1.9251209497451782, 2.005556344985962, 2.0543737411499023, 2.0703601837158203, 1.9736427068710327, 1.9505261182785034, 1.948986530303955, 1.9872304201126099, 1.9403680562973022, 1.8500458002090454, 1.8233017921447754, 1.7678340673446655, 1.772261619567871];[1.4931397438049316, 1.3519225120544434, 0.8018727898597717, 0.5457291603088379, 0.5765770077705383, 0.33508747816085815, 0.2006181925535202, 0.126970574259758, 0.0878688246011734, 0.12347827106714249, 0.15921010076999664, 0.1714814305305481, 0.11926671862602234, 0.10919040441513062, 0.10814546793699265, 0.13031595945358276, 0.10687892138957977, 0.058830294758081436, 0.047035228461027145, 0.015057128854095936, 0.017161477357149124];[-153.42446899414062, -64.48431396484375, -5.841836929321289, -3.7881247997283936, -3.990927219390869, -3.0541632175445557, -2.4992916584014893, -2.222531318664551, -2.107793092727661, -2.2463183403015137, -2.3551995754241943, -2.411888837814331, -2.236706495285034, -2.2156734466552734, -2.2244625091552734, -2.2920682430267334, -2.2095558643341064, -2.0565314292907715, -2.013014554977417, -1.9250069856643677, -1.9255921840667725]
1200;[19.657428741455078, 11.152719497680664, 11.35588264465332, 11.207903861999512, 11.023996353149414, 2.8326311111450195, 2.838027000427246, 2.171914577484131, 2.084113359451294, 2.0580434799194336, 2.0348427295684814, 1.982476830482483, 1.9326415061950684, 1.8733822107315063, 1.9043142795562744, 1.8598922491073608, 1.8707952499389648, 1.8360981941223145, 1.8152155876159668, 1.847124457359314, 1.8245635032653809];[1.4921756982803345, 1.3284010887145996, 1.3406970500946045, 1.3531079292297363, 1.3663461208343506, 0.4678574502468109, 0.4771060049533844, 0.20317786931991577, 0.16735582053661346, 0.16135618090629578, 0.14128069579601288, 0.12838903069496155, 0.10037237405776978, 0.06826191395521164, 0.08525163680315018, 0.06452462077140808, 0.06454898416996002, 0.052974626421928406, 0.03851436451077461, 0.055635180324316025, 0.04655836150050163];[-150.0464324951172, -67.40038299560547, -76.11316680908203, -75.72059631347656, -73.77242279052734, -4.1717529296875, -4.181410312652588, -2.5234851837158203, -2.38291597366333, -2.375735282897949, -2.3379690647125244, -2.2694530487060547, -2.1673617362976074, -2.071495532989502, -2.129399538040161, -2.0679450035095215, -2.0672593116760254, -2.032899856567383, -1.9831979274749756, -2.0439484119415283, -2.0111429691314697]
1250;[19.626976013183594, 11.157441139221191, 11.053261756896973, 11.233997344970703, 11.057146072387695, 10.992609977722168, 11.005854606628418, 10.997259140014648, 11.00156021118164, 1.782558560371399, 1.7756638526916504, 1.766141414642334, 1.7605494260787964, 1.773764967918396, 1.8141121864318848, 1.7969082593917847, 1.7934622764587402, 1.7889125347137451, 1.7513108253479004, 1.771113395690918, 1.757989764213562];[1.4935609102249146, 1.331496000289917, 1.3613076210021973, 1.3561105728149414, 1.3764503002166748, 1.3887660503387451, 1.3999698162078857, 1.4076471328735352, 1.4107736349105835, 0.008977352641522884, 0.00893586315214634, 0.00933310016989708, 0.008774643763899803, 0.010481956414878368, 0.03364427760243416, 0.028199713677167892, 0.024145755916833878, 0.023595424368977547, 0.006725689861923456, 0.011396628804504871, 0.01227869838476181];[-150.3084716796875, -67.89999389648438, -69.13854217529297, -75.94462585449219, -74.07870483398438, -73.11312103271484, -73.6561508178711, -74.20813751220703, -74.50926971435547, -1.8868820667266846, -1.8785287141799927, -1.8827400207519531, -1.8862990140914917, -1.8918293714523315, -1.9673722982406616, -1.957177758216858, -1.9488102197647095, -1.9446941614151, -1.894241213798523, -1.915541410446167, -1.901180386543274]
1300;[19.653032302856445, 11.136866569519043, 3.499516010284424, 2.581270694732666, 2.320838689804077, 2.1556050777435303, 2.014049530029297, 2.0893895626068115, 2.0232245922088623, 2.0098960399627686, 2.005932092666626, 1.9274122714996338, 1.870373249053955, 1.88865327835083, 1.8540502786636353, 1.8639925718307495, 1.8192808628082275, 1.805173397064209, 1.7906092405319214, 1.7791876792907715, 1.7923386096954346];[1.4931464195251465, 1.3351669311523438, 0.6904937028884888, 0.3834303617477417, 0.26664793491363525, 0.1867837905883789, 0.1269453763961792, 0.16959907114505768, 0.14183104038238525, 0.13290996849536896, 0.12881065905094147, 0.08940837532281876, 0.06445784866809845, 0.0809629037976265, 0.062301818281412125, 0.06411609798669815, 0.037843555212020874, 0.03497544676065445, 0.021970324218273163, 0.021736912429332733, 0.029971856623888016];[-149.4381561279297, -66.84752655029297, -5.004839897155762, -3.0951812267303467, -2.6700491905212402, -2.4094629287719727, -2.2173104286193848, -2.361334800720215, -2.2776849269866943, -2.267834186553955, -2.257206678390503, -2.1452906131744385, -2.0461676120758057, -2.0989298820495605, -2.044930934906006, -2.0584237575531006, -1.9931328296661377, -1.9663307666778564, -1.9452072381973267, -1.9445403814315796, -1.9663830995559692]
1350;[19.639785766601562, 11.851066589355469, 2.8084094524383545, 2.8431975841522217, 2.7588820457458496, 2.7565488815307617, 2.0433902740478516, 1.9266119003295898, 1.9292969703674316, 1.9234024286270142, 2.001397132873535, 1.9590719938278198, 1.8702383041381836, 1.8784786462783813, 1.8531794548034668, 1.8033702373504639, 1.7953356504440308, 1.782892107963562, 1.783035159111023, 1.7679803371429443, 1.7873960733413696];[1.492918848991394, 1.3458106517791748, 0.4103333353996277, 0.4504452645778656, 0.4284714460372925, 0.4388156831264496, 0.13693401217460632, 0.08135005086660385, 0.08649290353059769, 0.08950481563806534, 0.1263573318719864, 0.11227927356958389, 0.06543189287185669, 0.07258334010839462, 0.05728906765580177, 0.027282094582915306, 0.02474372647702694, 0.017261939123272896, 0.01957801543176174, 0.016552282497286797, 0.020200515165925026];[-158.63790893554688, -80.2350845336914, -3.461817741394043, -3.8079886436462402, -3.8117783069610596, -3.9343056678771973, -2.2802541255950928, -2.087846279144287, -2.1237008571624756, -2.1367063522338867, -2.282010555267334, -2.218632698059082, -2.0631520748138428, -2.08081316947937, -2.0349233150482178, -1.9499294757843018, -1.9428786039352417, -1.9386622905731201, -1.9416934251785278, -1.9209084510803223, -1.9490156173706055]
1400;[19.651063919067383, 10.997790336608887, 10.957878112792969, 10.951333045959473, 4.093237400054932, 2.753262996673584, 2.8000307083129883, 2.6614763736724854, 2.6739163398742676, 2.6944234371185303, 2.7196154594421387, 2.733851432800293, 2.270397424697876, 2.257124900817871, 2.1643035411834717, 2.1543080806732178, 2.057145595550537, 2.0702974796295166, 2.0892369747161865, 2.036261796951294, 2.002532958984375];[1.4959782361984253, 1.3744187355041504, 1.361302375793457, 1.3752026557922363, 0.8206102848052979, 0.45460405945777893, 0.47740790247917175, 0.4209858775138855, 0.4292536675930023, 0.4478412866592407, 0.4648166000843048, 0.46277397871017456, 0.2632957100868225, 0.273196816444397, 0.21964147686958313, 0.21787840127944946, 0.169670969247818, 0.1773095279932022, 0.18782556056976318, 0.1581098735332489, 0.1413813680410385];[-152.6933135986328, -61.9505729675293, -68.57867431640625, -70.06597900390625, -8.3787260055542, -3.8875808715820312, -4.044818878173828, -3.777358293533325, -3.892272710800171, -3.976346731185913, -4.078292369842529, -4.1051740646362305, -2.8710756301879883, -2.8946075439453125, -2.6661996841430664, -2.6854617595672607, -2.4675328731536865, -2.4761602878570557, -2.552271604537964, -2.4203362464904785, -2.3701562881469727]
1450;[19.666675567626953, 10.998466491699219, 3.749767780303955, 3.0374624729156494, 2.6143460273742676, 2.5844509601593018, 2.6321277618408203, 2.5567269325256348, 2.469683885574341, 2.4803788661956787, 2.353410005569458, 2.3206021785736084, 2.123164653778076, 2.112220525741577, 2.0458314418792725, 1.9936026334762573, 1.9032793045043945, 1.9227662086486816, 1.894116997718811, 1.8915623426437378, 1.876222848892212];[1.4959102869033813, 1.3648470640182495, 0.8008258938789368, 0.5798772573471069, 0.4107109010219574, 0.39962559938430786, 0.4377937316894531, 0.4009537994861603, 0.3699742555618286, 0.38334888219833374, 0.31251803040504456, 0.30275967717170715, 0.21134105324745178, 0.19886159896850586, 0.16155189275741577, 0.13735823333263397, 0.08731701225042343, 0.09347473084926605, 0.08228771388530731, 0.08081074059009552, 0.07397107779979706];[-153.21067810058594, -62.240028381347656, -5.56016731262207, -3.993309736251831, -3.237436294555664, -3.2540199756622314, -3.3920629024505615, -3.280233860015869, -3.185296058654785, -3.2078652381896973, -2.9661569595336914, -2.9235079288482666, -2.5257532596588135, -2.4982945919036865, -2.374610185623169, -2.2828409671783447, -2.1322219371795654, -2.165010452270508, -2.123225212097168, -2.1310369968414307, -2.1055338382720947]
1500;[19.6519775390625, 6.752606391906738, 2.723501682281494, 2.5416297912597656, 2.469545602798462, 2.298460006713867, 2.279783010482788, 2.3423614501953125, 2.1728339195251465, 2.01749849319458, 1.9592550992965698, 2.0010933876037598, 2.019899606704712, 2.0157434940338135, 1.9766229391098022, 1.9062000513076782, 1.9104598760604858, 1.9409441947937012, 1.9226454496383667, 1.912109375, 1.91414213180542];[1.4934780597686768, 1.1915295124053955, 0.41548779606819153, 0.3453614413738251, 0.3347361087799072, 0.26355892419815063, 0.259543776512146, 0.29044386744499207, 0.21413366496562958, 0.1375541239976883, 0.11015713959932327, 0.13463349640369415, 0.14315463602542877, 0.14575736224651337, 0.1240949034690857, 0.0846618115901947, 0.08931231498718262, 0.10596895217895508, 0.09989266097545624, 0.09370295703411102, 0.09176561236381531];[-153.4311065673828, -18.879453659057617, -3.1319167613983154, -2.9494292736053467, -2.9474029541015625, -2.754526138305664, -2.758934736251831, -2.863978862762451, -2.5708346366882324, -2.2820162773132324, -2.2035837173461914, -2.2901487350463867, -2.340738296508789, -2.345156192779541, -2.262652635574341, -2.1415493488311768, -2.1566579341888428, -2.210571050643921, -2.1794731616973877, -2.17179536819458, -2.186206579208374]
