Seed;RMSE History;MMD History;Log-Likelihood History
50;[16.376911163330078, 8.354119300842285, 8.191970825195312, 8.11572265625, 3.5861330032348633, 3.3724071979522705, 2.8577263355255127, 3.0075788497924805, 2.760725975036621, 2.6594748497009277, 3.0428507328033447, 2.9581403732299805, 2.719209671020508, 2.7422521114349365, 2.6413683891296387, 2.5444655418395996, 2.4546384811401367, 2.6125457286834717, 2.5841896533966064, 2.7680983543395996, 2.6913158893585205];[1.397889256477356, 1.529331922531128, 1.4754315614700317, 1.4320515394210815, 0.7364286184310913, 0.6670970320701599, 0.4714696407318115, 0.5404133796691895, 0.4341369569301605, 0.3946405053138733, 0.5684508681297302, 0.5315904021263123, 0.43105068802833557, 0.4416944980621338, 0.40123558044433594, 0.35854271054267883, 0.32063648104667664, 0.39308398962020874, 0.376886785030365, 0.46041762828826904, 0.42818790674209595];[-73.03792572021484, -17.419902801513672, -19.743650436401367, -21.9864559173584, -4.249876022338867, -3.9210364818573, -3.1276440620422363, -3.3951544761657715, -3.0013625621795654, -2.8597898483276367, -3.5146400928497314, -3.3900437355041504, -2.9902374744415283, -3.038966417312622, -2.8747947216033936, -2.711238384246826, -2.593642234802246, -2.8544564247131348, -2.7919342517852783, -3.1322672367095947, -3.006121873855591]
100;[16.369844436645508, 8.69985580444336, 7.6857123374938965, 7.491765022277832, 7.3526105880737305, 7.085887432098389, 7.007182598114014, 4.84140682220459, 4.860507965087891, 4.7781901359558105, 3.815171480178833, 4.066506862640381, 4.177029609680176, 4.43214225769043, 4.425519943237305, 4.405361652374268, 3.8332152366638184, 3.730154514312744, 3.3634276390075684, 3.385742425918579, 3.162829637527466];[1.3970413208007812, 1.523327350616455, 1.3863328695297241, 1.3575211763381958, 1.3188432455062866, 1.2615398168563843, 1.2366242408752441, 0.9939348697662354, 1.002264142036438, 0.9783342480659485, 0.7805973887443542, 0.8761615753173828, 0.9009344577789307, 0.9659615159034729, 0.9613337516784668, 0.959215521812439, 0.8215568661689758, 0.7816466689109802, 0.6776049733161926, 0.6861412525177002, 0.6090588569641113];[-72.28092193603516, -18.81867218017578, -17.587160110473633, -18.77300453186035, -18.902921676635742, -18.518047332763672, -18.8782958984375, -8.741827011108398, -9.031766891479492, -8.990876197814941, -5.659417629241943, -6.230461597442627, -6.724575042724609, -7.564919948577881, -7.540715217590332, -7.44868278503418, -5.712240219116211, -5.534101486206055, -4.547433376312256, -4.616800308227539, -4.0673089027404785]
150;[16.36842918395996, 8.07870101928711, 8.011078834533691, 8.099453926086426, 8.122232437133789, 8.174759864807129, 8.136307716369629, 8.124832153320312, 6.881641864776611, 6.111783504486084, 6.5652689933776855, 5.42464542388916, 5.393211841583252, 4.873102188110352, 5.196022987365723, 5.060894966125488, 4.7216033935546875, 4.381659984588623, 4.1890130043029785, 4.0355000495910645, 3.8694770336151123];[1.3987120389938354, 1.397926926612854, 1.379178762435913, 1.3688446283340454, 1.441773533821106, 1.4370777606964111, 1.41899836063385, 1.4161878824234009, 1.3240324258804321, 1.2499158382415771, 1.368932843208313, 1.2328652143478394, 1.227344036102295, 1.1421459913253784, 1.2258402109146118, 1.2074379920959473, 1.1352230310440063, 1.0507007837295532, 0.9920365810394287, 0.953501284122467, 0.8953530788421631];[-71.65807342529297, -17.632678985595703, -20.578763961791992, -22.9050350189209, -22.789281845092773, -23.306245803833008, -23.881641387939453, -24.199356079101562, -17.440296173095703, -13.6097412109375, -15.117806434631348, -10.215322494506836, -10.279903411865234, -8.367332458496094, -9.344725608825684, -8.934813499450684, -7.858025074005127, -6.897513389587402, -6.351995468139648, -5.968820095062256, -5.528216361999512]
200;[16.373374938964844, 8.230447769165039, 4.635940074920654, 5.032594203948975, 4.669000148773193, 4.5102057456970215, 4.399351119995117, 3.4536194801330566, 3.537332057952881, 2.9739837646484375, 2.6146328449249268, 2.5179789066314697, 2.736114740371704, 3.019036293029785, 3.4192919731140137, 3.3083648681640625, 3.0719308853149414, 3.1204867362976074, 2.9909393787384033, 2.8294239044189453, 2.9906506538391113];[1.395896315574646, 1.4416903257369995, 0.977639377117157, 1.0692960023880005, 0.9691243767738342, 0.9176665544509888, 0.878675103187561, 0.6576420664787292, 0.703875720500946, 0.5165054202079773, 0.37994518876075745, 0.3351574242115021, 0.43553388118743896, 0.5506131649017334, 0.6917145252227783, 0.654700756072998, 0.5720425844192505, 0.588999330997467, 0.5398121476173401, 0.4775938391685486, 0.555939257144928];[-72.9843521118164, -18.13976287841797, -6.0590620040893555, -7.813787460327148, -7.422451019287109, -7.361572742462158, -7.3827223777771, -4.619544506072998, -4.773800849914551, -3.5095059871673584, -2.828207015991211, -2.7162024974823, -3.061260461807251, -3.6678967475891113, -4.647397994995117, -4.392242431640625, -3.8093514442443848, -3.9493601322174072, -3.693027973175049, -3.3636903762817383, -3.6331653594970703]
250;[16.361940383911133, 11.4152250289917, 11.382943153381348, 11.34931755065918, 4.53925895690918, 4.333532810211182, 3.2168240547180176, 2.7317090034484863, 2.702021598815918, 2.5141124725341797, 2.4935388565063477, 2.3842575550079346, 2.8948428630828857, 3.1831512451171875, 3.263852596282959, 3.3071038722991943, 3.422534704208374, 3.5404369831085205, 3.858109712600708, 3.993356227874756, 3.9583044052124023];[1.397222876548767, 1.4090766906738281, 1.411360740661621, 1.437656044960022, 0.9745210409164429, 0.9160265922546387, 0.6078317165374756, 0.41871556639671326, 0.4088403284549713, 0.33166542649269104, 0.3224799335002899, 0.28132879734039307, 0.48454535007476807, 0.5924014449119568, 0.6205211281776428, 0.6516342163085938, 0.6972572207450867, 0.7352369427680969, 0.8625137209892273, 0.9095640778541565, 0.9046518802642822];[-73.10462188720703, -45.18124008178711, -48.297359466552734, -48.46477127075195, -6.800620079040527, -6.4908013343811035, -3.850270986557007, -2.9091994762420654, -2.8917975425720215, -2.6275832653045654, -2.6233444213867188, -2.4878177642822266, -3.4656338691711426, -4.161023139953613, -4.314781665802002, -4.378795146942139, -4.660221576690674, -4.975953578948975, -5.646910190582275, -5.987689971923828, -5.858262538909912]
300;[16.380901336669922, 11.549386024475098, 4.318996429443359, 3.3766965866088867, 3.0422399044036865, 2.553384780883789, 2.7527313232421875, 2.9057657718658447, 2.7423737049102783, 2.701968193054199, 3.2544305324554443, 3.4396426677703857, 3.3316030502319336, 3.3097922801971436, 3.278365135192871, 2.983133316040039, 3.102069139480591, 2.8982839584350586, 2.8859496116638184, 2.75152587890625, 2.649423122406006];[1.3972654342651367, 1.3178657293319702, 0.9004747271537781, 0.6475183963775635, 0.5331929922103882, 0.32977691292762756, 0.4246019721031189, 0.498606413602829, 0.42330247163772583, 0.41466328501701355, 0.6329229474067688, 0.6946108937263489, 0.6584349870681763, 0.6511762142181396, 0.6399258971214294, 0.5382437705993652, 0.5886850953102112, 0.5064660906791687, 0.5000956654548645, 0.4493507444858551, 0.408853679895401];[-71.25759887695312, -49.836307525634766, -5.660716533660889, -3.7359120845794678, -3.3309695720672607, -2.5592517852783203, -2.9021472930908203, -3.206343412399292, -2.964038372039795, -2.9195034503936768, -4.107570171356201, -4.572656154632568, -4.338670253753662, -4.356116771697998, -4.350214958190918, -3.628495454788208, -3.8653182983398438, -3.4380059242248535, -3.4368155002593994, -3.1597039699554443, -2.9623470306396484]
350;[16.37685203552246, 8.206419944763184, 5.543381214141846, 4.628749847412109, 5.007597923278809, 4.6592020988464355, 5.461270332336426, 5.201743125915527, 4.948646068572998, 4.941041946411133, 4.940725326538086, 4.792818069458008, 4.859120845794678, 4.761711120605469, 4.435944080352783, 4.076646327972412, 3.9824047088623047, 3.9387216567993164, 3.6304614543914795, 3.4221885204315186, 3.1734607219696045];[1.3971993923187256, 1.4074331521987915, 1.2189453840255737, 1.0332568883895874, 1.1575140953063965, 1.077274203300476, 1.2288291454315186, 1.1643528938293457, 1.1215976476669312, 1.1284912824630737, 1.1283293962478638, 1.095795750617981, 1.1270867586135864, 1.0897059440612793, 1.0211763381958008, 0.9438937306404114, 0.9146058559417725, 0.8918899297714233, 0.7986587285995483, 0.7161427140235901, 0.6318967938423157];[-71.22865295410156, -18.576189041137695, -8.336037635803223, -6.415678024291992, -7.806457996368408, -6.984157562255859, -9.782437324523926, -9.145933151245117, -8.418418884277344, -8.534518241882324, -8.550552368164062, -8.164970397949219, -8.383318901062012, -8.196288108825684, -7.126053333282471, -6.016468524932861, -5.860589027404785, -5.794039249420166, -4.988792419433594, -4.559514999389648, -3.9868075847625732]
400;[16.363100051879883, 11.404099464416504, 4.778563022613525, 3.839318037033081, 2.9986910820007324, 3.6976091861724854, 4.08790397644043, 3.709555149078369, 4.125370979309082, 3.5893795490264893, 3.338801860809326, 3.147143602371216, 3.504509687423706, 3.304734706878662, 3.208343744277954, 3.1246073246002197, 3.138566017150879, 3.112607479095459, 3.1889801025390625, 3.077587842941284, 2.813147783279419];[1.3982000350952148, 1.3489165306091309, 1.039373755455017, 0.8159721493721008, 0.5045143365859985, 0.737540602684021, 0.9022350907325745, 0.7652920484542847, 0.8678556680679321, 0.7318113446235657, 0.654439389705658, 0.5986820459365845, 0.7179626226425171, 0.6540768146514893, 0.6247382164001465, 0.5929344892501831, 0.6057308316230774, 0.5959680080413818, 0.624586284160614, 0.5842905044555664, 0.4680682122707367];[-71.06763458251953, -46.458290100097656, -6.476016998291016, -4.686611175537109, -3.2799036502838135, -4.9109272956848145, -5.697486400604248, -5.062956809997559, -6.385934829711914, -4.895133972167969, -4.298424243927002, -3.8860833644866943, -4.759063720703125, -4.2567830085754395, -4.090308666229248, -3.925482988357544, -3.9421093463897705, -3.8956573009490967, -4.035382270812988, -3.8085501194000244, -3.342322587966919]
450;[16.369915008544922, 8.210775375366211, 3.6556506156921387, 3.0437395572662354, 2.5214033126831055, 2.3063771724700928, 2.301340103149414, 2.2325475215911865, 2.766145706176758, 3.4736380577087402, 3.380523443222046, 3.6647350788116455, 3.4335334300994873, 3.0943832397460938, 3.479445695877075, 3.6043829917907715, 3.4217865467071533, 3.582310676574707, 3.6854300498962402, 3.8349030017852783, 4.065797805786133];[1.396751880645752, 1.271072506904602, 0.7196807861328125, 0.5081698894500732, 0.30051058530807495, 0.2185813933610916, 0.22590352594852448, 0.19927410781383514, 0.4397461712360382, 0.7346999645233154, 0.7034712433815002, 0.811916708946228, 0.7315331101417542, 0.5971375107765198, 0.748211681842804, 0.7910071611404419, 0.7291211485862732, 0.7899121642112732, 0.8284339904785156, 0.8853233456611633, 0.9645177721977234];[-71.8649673461914, -21.152055740356445, -4.021317005157471, -3.3188693523406982, -2.4604313373565674, -2.2153005599975586, -2.2386717796325684, -2.177375555038452, -3.001049280166626, -4.345565319061279, -4.206571578979492, -4.862967014312744, -4.366919040679932, -3.683298349380493, -4.508150577545166, -4.826317310333252, -4.407955169677734, -4.812524795532227, -5.057920455932617, -5.468758583068848, -6.050631046295166]
500;[16.342056274414062, 11.428986549377441, 11.374725341796875, 6.765385627746582, 5.020857810974121, 4.212469577789307, 4.116871356964111, 3.864455223083496, 3.23527193069458, 3.102062702178955, 3.128175973892212, 3.567594051361084, 3.368255615234375, 3.6852002143859863, 3.399693012237549, 3.3378231525421143, 3.5163915157318115, 3.164508581161499, 3.130997896194458, 3.0580294132232666, 2.9062612056732178];[1.3953099250793457, 1.3962005376815796, 1.428046464920044, 1.2971985340118408, 1.0970932245254517, 0.9381366968154907, 0.9224317669868469, 0.8516659736633301, 0.6384351849555969, 0.5880277752876282, 0.601031482219696, 0.7705127000808716, 0.7015845775604248, 0.8221891522407532, 0.7208094000816345, 0.7021936178207397, 0.7709589600563049, 0.6263589262962341, 0.6157824993133545, 0.5846045613288879, 0.526728093624115];[-72.40740203857422, -46.267364501953125, -47.6234016418457, -15.160423278808594, -8.119754791259766, -5.888011455535889, -5.8046441078186035, -5.1978349685668945, -3.8361806869506836, -3.5993552207946777, -3.683706045150757, -4.625941753387451, -4.252074718475342, -4.934722900390625, -4.326231002807617, -4.220686435699463, -4.644507884979248, -3.90207576751709, -3.8346071243286133, -3.6985671520233154, -3.3925018310546875]
550;[16.384872436523438, 8.252106666564941, 4.5267157554626465, 4.072751522064209, 2.867478370666504, 2.6217355728149414, 2.4146902561187744, 2.605647563934326, 2.5656192302703857, 2.5385396480560303, 2.32411527633667, 2.5077333450317383, 2.3286540508270264, 2.293062210083008, 2.215846538543701, 2.191000461578369, 2.141486883163452, 2.1571640968322754, 2.1284682750701904, 2.0777876377105713, 2.1114723682403564];[1.399965524673462, 1.3947296142578125, 0.9826155304908752, 0.8657628893852234, 0.4566255509853363, 0.35754406452178955, 0.2671089172363281, 0.3660426735877991, 0.3505435585975647, 0.34400010108947754, 0.24834075570106506, 0.33525359630584717, 0.25275084376335144, 0.2422827184200287, 0.20981673896312714, 0.1960083246231079, 0.17855209112167358, 0.18796908855438232, 0.1765597015619278, 0.14823667705059052, 0.16902026534080505];[-71.69013977050781, -18.856061935424805, -5.8580403327941895, -5.356831073760986, -2.993319511413574, -2.647660255432129, -2.378690719604492, -2.7338976860046387, -2.6785364151000977, -2.658780574798584, -2.3287575244903564, -2.6134297847747803, -2.36082124710083, -2.3248841762542725, -2.231835126876831, -2.1997573375701904, -2.128084897994995, -2.1542859077453613, -2.1169846057891846, -2.04844331741333, -2.099703550338745]
600;[16.371875762939453, 11.506134986877441, 11.55078125, 11.547321319580078, 11.49677848815918, 11.462665557861328, 4.946134567260742, 4.93447732925415, 4.642338752746582, 4.4432878494262695, 3.974255323410034, 3.78080677986145, 4.1469550132751465, 4.222731113433838, 3.8961379528045654, 4.161524772644043, 3.9398891925811768, 3.7581136226654053, 3.731123685836792, 3.5720431804656982, 3.4310431480407715];[1.3977935314178467, 1.3249294757843018, 1.3247358798980713, 1.4296460151672363, 1.434973120689392, 1.5566132068634033, 1.1395283937454224, 1.1443012952804565, 1.0873953104019165, 1.0458893775939941, 0.9128652811050415, 0.8570165038108826, 0.9668120741844177, 0.9975836277008057, 0.9002623558044434, 0.9819959402084351, 0.9124417304992676, 0.8536412119865417, 0.836499810218811, 0.7944122552871704, 0.7362686395645142];[-72.76250457763672, -49.031620025634766, -52.787254333496094, -50.92543411254883, -51.086326599121094, -48.039405822753906, -8.104517936706543, -8.151289939880371, -7.322649955749512, -6.8024702072143555, -5.572551727294922, -5.164313793182373, -6.022634983062744, -6.354822158813477, -5.5130767822265625, -6.183375358581543, -5.649196147918701, -5.285212993621826, -5.224102973937988, -4.833267688751221, -4.518411159515381]
650;[16.365907669067383, 11.491698265075684, 4.54738712310791, 4.57363748550415, 3.855191707611084, 4.333368301391602, 3.8230466842651367, 3.5208725929260254, 3.3879363536834717, 3.296281337738037, 3.54403018951416, 3.3755109310150146, 3.1423263549804688, 2.957789659500122, 2.9727346897125244, 2.771507501602173, 2.702524423599243, 2.8670830726623535, 3.1598901748657227, 3.096569299697876, 2.936187744140625];[1.3927809000015259, 1.3361155986785889, 0.9747620224952698, 1.0063611268997192, 0.829653263092041, 0.9781164526939392, 0.8396352529525757, 0.737093985080719, 0.6888368129730225, 0.6467227935791016, 0.7561433911323547, 0.686889111995697, 0.6068522930145264, 0.5343124270439148, 0.5451710224151611, 0.4606422185897827, 0.42746055126190186, 0.5021947622299194, 0.6314338445663452, 0.6037184000015259, 0.5373417139053345];[-71.73751831054688, -47.73359680175781, -6.026523590087891, -6.442590236663818, -4.845139980316162, -6.2523393630981445, -5.03478479385376, -4.5125813484191895, -4.260739803314209, -4.098361968994141, -4.6393513679504395, -4.316337585449219, -3.81986665725708, -3.4544973373413086, -3.4874484539031982, -3.094705581665039, -2.9780635833740234, -3.3045148849487305, -3.882906198501587, -3.7609338760375977, -3.4680182933807373]
700;[16.352001190185547, 8.089138984680176, 4.036112308502197, 3.316605806350708, 2.7689321041107178, 3.32438588142395, 3.0436294078826904, 2.8651065826416016, 3.1915929317474365, 2.901448965072632, 2.734184503555298, 2.714299201965332, 2.786327600479126, 2.7576653957366943, 2.587087631225586, 2.425196886062622, 2.368800163269043, 2.3862099647521973, 2.4726200103759766, 2.4048984050750732, 2.3303589820861816];[1.3948147296905518, 1.281517505645752, 0.8345742225646973, 0.6082737445831299, 0.41159117221832275, 0.6437922120094299, 0.5371723175048828, 0.46711787581443787, 0.5968706011772156, 0.49797481298446655, 0.42307794094085693, 0.4262334406375885, 0.4594518542289734, 0.44698792695999146, 0.375418484210968, 0.3063039183616638, 0.2766357958316803, 0.2867073714733124, 0.3320695757865906, 0.3017996549606323, 0.26598498225212097];[-70.16020202636719, -20.009140014648438, -4.64500093460083, -3.716789484024048, -2.828378915786743, -3.81949520111084, -3.4780280590057373, -3.1539576053619385, -3.8947513103485107, -3.343386650085449, -2.9979567527770996, -3.0140304565429688, -3.133218288421631, -3.096463918685913, -2.8208463191986084, -2.5781917572021484, -2.4766149520874023, -2.4979031085968018, -2.696230888366699, -2.5639808177948, -2.4484899044036865]
750;[16.363067626953125, 8.281705856323242, 5.809506416320801, 6.2270588874816895, 4.379040718078613, 4.026886463165283, 4.299095630645752, 4.142665386199951, 4.394591808319092, 4.376528263092041, 4.5725908279418945, 4.229622840881348, 4.181158542633057, 4.541810512542725, 4.217123508453369, 4.079442977905273, 3.875302791595459, 3.668405055999756, 4.051000118255615, 4.26077938079834, 4.0825910568237305];[1.3971993923187256, 1.5269519090652466, 1.149592399597168, 1.2919315099716187, 0.9888012409210205, 0.8891312479972839, 0.983726441860199, 0.9415485858917236, 1.027948260307312, 1.0254021883010864, 1.0844025611877441, 0.9952231645584106, 0.9835344552993774, 1.0856798887252808, 0.9989627003669739, 0.9596089124679565, 0.8950694799423218, 0.8240059018135071, 0.9492761492729187, 1.0123140811920166, 0.965343177318573];[-67.83625793457031, -15.970732688903809, -10.270634651184082, -11.767475128173828, -5.968307971954346, -5.373281955718994, -6.096923351287842, -5.873859405517578, -6.536428928375244, -6.523021697998047, -7.153392791748047, -6.292844295501709, -6.160851001739502, -7.21943473815918, -6.341156482696533, -5.951376914978027, -5.538736343383789, -5.007583141326904, -5.9580230712890625, -6.5244879722595215, -6.100189208984375]
800;[16.35968780517578, 11.514052391052246, 11.440196990966797, 7.328843593597412, 7.234817981719971, 7.168047904968262, 7.158156871795654, 7.187161445617676, 7.106650352478027, 7.156219005584717, 7.123585224151611, 4.647817611694336, 4.521535873413086, 4.201889514923096, 4.333408355712891, 3.779618263244629, 3.800618886947632, 3.7246575355529785, 3.920098304748535, 3.9893126487731934, 3.427441120147705];[1.3976714611053467, 1.3735909461975098, 1.3696306943893433, 1.2691564559936523, 1.2717434167861938, 1.251962423324585, 1.2597403526306152, 1.2623939514160156, 1.242080807685852, 1.2566680908203125, 1.2512221336364746, 0.9555919170379639, 0.9175025820732117, 0.860331118106842, 0.911185622215271, 0.7910903692245483, 0.7940335273742676, 0.7666348814964294, 0.8406075835227966, 0.8774500489234924, 0.7158358097076416];[-71.7194595336914, -47.348331451416016, -49.08409118652344, -18.66602897644043, -18.85279083251953, -19.594619750976562, -19.78113555908203, -19.94131851196289, -20.11467933654785, -20.507429122924805, -20.475252151489258, -8.485221862792969, -8.166360855102539, -7.191240310668945, -7.43855094909668, -5.6854753494262695, -5.7455830574035645, -5.620790004730225, -6.081040859222412, -6.179528713226318, -4.6121320724487305]
850;[16.377588272094727, 8.261531829833984, 8.105361938476562, 8.104840278625488, 8.077630043029785, 3.4304561614990234, 3.6448285579681396, 2.6745357513427734, 2.5580954551696777, 2.4593987464904785, 2.8054311275482178, 2.6987786293029785, 2.6893129348754883, 2.7614333629608154, 2.6457486152648926, 2.5675084590911865, 2.4707367420196533, 2.498042345046997, 2.6255099773406982, 2.9349634647369385, 2.8375754356384277];[1.3963427543640137, 1.4661872386932373, 1.3566679954528809, 1.3524192571640015, 1.3229469060897827, 0.6654815673828125, 0.7588579058647156, 0.3913922905921936, 0.34655624628067017, 0.30270788073539734, 0.45730268955230713, 0.4183363616466522, 0.4144328236579895, 0.4460485875606537, 0.39372965693473816, 0.36219266057014465, 0.32089856266975403, 0.3356229364871979, 0.39863914251327515, 0.5272085666656494, 0.48829078674316406];[-70.67257690429688, -17.818321228027344, -21.502748489379883, -22.875743865966797, -24.550153732299805, -4.24274206161499, -4.633162975311279, -2.7949140071868896, -2.64616060256958, -2.5222530364990234, -3.172400712966919, -3.012925386428833, -3.0426697731018066, -3.1884407997131348, -2.9876370429992676, -2.8159570693969727, -2.6635427474975586, -2.727449655532837, -2.912459135055542, -3.516143560409546, -3.3254668712615967]
900;[16.363178253173828, 8.73553466796875, 8.362166404724121, 8.378657341003418, 8.39867115020752, 8.214959144592285, 8.191108703613281, 8.175003051757812, 3.52915096282959, 4.695252895355225, 4.2117919921875, 3.8937788009643555, 3.657498359680176, 3.5068161487579346, 3.299337148666382, 3.1275012493133545, 2.927025079727173, 2.874485492706299, 2.7902262210845947, 2.678642988204956, 2.6077070236206055];[1.3949940204620361, 1.5193673372268677, 1.5648940801620483, 1.584250807762146, 1.6007227897644043, 1.572678565979004, 1.5607811212539673, 1.5390945672988892, 0.7131248712539673, 1.1133261919021606, 0.9756228923797607, 0.8724002838134766, 0.7782711982727051, 0.7206776142120361, 0.6576704978942871, 0.600007176399231, 0.526202380657196, 0.4999679625034332, 0.4661225974559784, 0.42415541410446167, 0.39289137721061707];[-71.18006134033203, -19.752389907836914, -19.10272979736328, -19.970914840698242, -20.841064453125, -21.23675537109375, -21.879945755004883, -22.037372589111328, -4.611888408660889, -7.380336761474609, -6.181026458740234, -5.514153480529785, -5.051212787628174, -4.7694172859191895, -4.287079334259033, -3.883552312850952, -3.474074125289917, -3.3986456394195557, -3.2355871200561523, -3.0114049911499023, -2.8791840076446533]
950;[16.34657859802246, 8.190694808959961, 8.306509017944336, 4.988969802856445, 4.361779689788818, 3.7610790729522705, 3.415964365005493, 3.226055383682251, 3.2483632564544678, 3.1272945404052734, 3.049265146255493, 2.8792030811309814, 2.9476611614227295, 3.0009777545928955, 2.8964807987213135, 2.8685965538024902, 3.405759811401367, 3.293912410736084, 3.181978225708008, 2.936830759048462, 2.8110666275024414];[1.3949438333511353, 1.4285197257995605, 1.565325140953064, 1.0004286766052246, 0.9167336821556091, 0.7830790877342224, 0.6837055087089539, 0.6271076202392578, 0.6383932828903198, 0.5992570519447327, 0.5701014995574951, 0.5018530488014221, 0.5279461741447449, 0.5574741959571838, 0.5114190578460693, 0.5039787292480469, 0.72242271900177, 0.68889981508255, 0.639962375164032, 0.538433849811554, 0.48578906059265137];[-69.52418518066406, -18.244539260864258, -18.268482208251953, -8.210186004638672, -6.468903064727783, -4.923766136169434, -4.15683650970459, -3.781212091445923, -3.858834743499756, -3.69490385055542, -3.5513439178466797, -3.2710752487182617, -3.4050345420837402, -3.5204970836639404, -3.334000825881958, -3.3092989921569824, -4.352318286895752, -4.151040554046631, -3.9309418201446533, -3.4524543285369873, -3.222055435180664]
1000;[16.38182258605957, 11.702383041381836, 11.516951560974121, 7.446845531463623, 5.632650852203369, 4.7354841232299805, 4.010564804077148, 3.488867998123169, 3.3000078201293945, 3.1878609657287598, 3.3026795387268066, 3.760906457901001, 4.043819427490234, 4.004367351531982, 3.785405158996582, 3.8172781467437744, 4.310581207275391, 4.171830177307129, 4.062402725219727, 3.8700804710388184, 3.948080539703369];[1.3992834091186523, 1.6814780235290527, 1.6255508661270142, 1.5005115270614624, 1.2660458087921143, 1.0976135730743408, 0.8897444009780884, 0.728881299495697, 0.6604359149932861, 0.6205583810806274, 0.6687675714492798, 0.837949812412262, 0.922563910484314, 0.9148156642913818, 0.8522366881370544, 0.8666234612464905, 1.0271726846694946, 0.9838913679122925, 0.9517562985420227, 0.893523633480072, 0.9226744174957275];[-71.03240966796875, -37.1202507019043, -41.98280334472656, -16.16814422607422, -9.406523704528809, -7.085429668426514, -5.3695807456970215, -4.307863712310791, -3.9703030586242676, -3.779106378555298, -4.039163589477539, -5.149499893188477, -5.939781665802002, -5.838592529296875, -5.285784721374512, -5.372786045074463, -6.634652614593506, -6.257913589477539, -5.989523887634277, -5.525180816650391, -5.747745513916016]
1050;[16.375225067138672, 11.380515098571777, 4.812731742858887, 3.992474317550659, 3.910799026489258, 3.9926908016204834, 3.260741949081421, 3.6748623847961426, 3.2512543201446533, 3.1755781173706055, 2.9674835205078125, 2.9142961502075195, 2.884335994720459, 3.182244062423706, 3.3668386936187744, 3.2422902584075928, 3.5861449241638184, 3.510294198989868, 3.3629283905029297, 3.6953928470611572, 3.8216962814331055];[1.395277976989746, 1.3691797256469727, 1.0558598041534424, 0.7990056872367859, 0.7766636610031128, 0.8093345761299133, 0.6106031537055969, 0.7819241285324097, 0.6348899602890015, 0.6133966445922852, 0.5368841290473938, 0.5109825730323792, 0.5025705099105835, 0.627801239490509, 0.7114970684051514, 0.6592459678649902, 0.7836712002754211, 0.7535142302513123, 0.7034029364585876, 0.812899649143219, 0.8501055836677551];[-72.14942169189453, -45.7716178894043, -6.368442535400391, -5.2635722160339355, -5.435138702392578, -5.843549728393555, -4.039628505706787, -4.871983528137207, -3.8875582218170166, -3.8087804317474365, -3.4206371307373047, -3.3234565258026123, -3.2767860889434814, -3.8507187366485596, -4.276376247406006, -3.9999608993530273, -4.836751461029053, -4.715273857116699, -4.381555557250977, -5.2161030769348145, -5.617022514343262]
1100;[16.353046417236328, 11.578128814697266, 11.387109756469727, 11.338109016418457, 5.428303241729736, 5.770809173583984, 5.423311710357666, 5.38620138168335, 4.70828104019165, 3.6064889430999756, 3.5166211128234863, 3.710503339767456, 3.329949140548706, 3.170971393585205, 3.1122219562530518, 2.982558250427246, 2.8686578273773193, 2.7970447540283203, 2.7222297191619873, 2.7203574180603027, 2.8678011894226074];[1.3981329202651978, 1.6529812812805176, 1.5485010147094727, 1.4859672784805298, 1.1830378770828247, 1.2845555543899536, 1.2040256261825562, 1.1978354454040527, 1.0729724168777466, 0.7850176095962524, 0.7525507211685181, 0.8225939869880676, 0.6947406530380249, 0.6287691593170166, 0.6059057116508484, 0.5561019778251648, 0.5012704730033875, 0.47499191761016846, 0.4455021917819977, 0.4411017596721649, 0.5074961185455322];[-71.51570129394531, -37.588436126708984, -43.55815505981445, -46.8525390625, -9.383583068847656, -10.667061805725098, -9.863612174987793, -9.882834434509277, -7.578264236450195, -4.680613040924072, -4.516168594360352, -5.016944408416748, -4.159130096435547, -3.853525161743164, -3.7509641647338867, -3.514657974243164, -3.293245792388916, -3.162876605987549, -3.046926498413086, -3.064375638961792, -3.3168342113494873]
1150;[16.3749942779541, 8.739860534667969, 7.2840495109558105, 7.2283172607421875, 7.147741794586182, 4.565176010131836, 4.547436237335205, 4.694169044494629, 4.6155619621276855, 4.5017828941345215, 4.454671382904053, 3.2853405475616455, 3.6010210514068604, 3.1650562286376953, 3.0175232887268066, 3.020627498626709, 3.4279515743255615, 3.0177626609802246, 2.7828869819641113, 3.004343271255493, 3.1595821380615234];[1.3949111700057983, 1.5049535036087036, 1.2155346870422363, 1.2182575464248657, 1.1968531608581543, 0.9012513160705566, 0.9087669253349304, 0.9513945579528809, 0.9372186064720154, 0.9032399654388428, 0.8851621150970459, 0.6079809665679932, 0.7373173236846924, 0.5973644852638245, 0.5467728972434998, 0.5508411526679993, 0.6895008087158203, 0.5552884340286255, 0.46136870980262756, 0.561623752117157, 0.6242631673812866];[-71.01026916503906, -19.86624526977539, -18.319536209106445, -18.746994018554688, -19.363927841186523, -7.8153791427612305, -7.863358974456787, -8.139775276184082, -8.255576133728027, -8.06466293334961, -8.017860412597656, -4.495451927185059, -5.125368118286133, -4.025228500366211, -3.6929450035095215, -3.6931276321411133, -4.713836193084717, -3.7305610179901123, -3.213643789291382, -3.5978381633758545, -3.945019006729126]
1200;[16.371870040893555, 8.163418769836426, 8.092864036560059, 3.476414680480957, 3.19181489944458, 2.790034294128418, 2.704136848449707, 2.6026296615600586, 2.5293145179748535, 3.0578296184539795, 2.8976047039031982, 2.805636405944824, 3.1267690658569336, 2.944795608520508, 2.7269537448883057, 2.7673392295837402, 2.696033239364624, 2.5225751399993896, 2.407650947570801, 2.326272487640381, 2.2964675426483154];[1.3951202630996704, 1.4070075750350952, 1.3709701299667358, 0.6756939888000488, 0.5862295031547546, 0.43251144886016846, 0.4047991633415222, 0.3642767071723938, 0.33703935146331787, 0.5644566416740417, 0.5029588341712952, 0.465518981218338, 0.5876790881156921, 0.5255202651023865, 0.4415329098701477, 0.4591691493988037, 0.4236562252044678, 0.3525451719760895, 0.29992401599884033, 0.2652391493320465, 0.2505844831466675];[-70.61595916748047, -18.30111312866211, -20.482925415039062, -3.9279565811157227, -3.6081347465515137, -2.944321393966675, -2.8531765937805176, -2.7222530841827393, -2.622610569000244, -3.5759246349334717, -3.2908706665039062, -3.173724412918091, -3.8458266258239746, -3.4670989513397217, -3.0783374309539795, -3.1617138385772705, -3.008077621459961, -2.7167530059814453, -2.515929698944092, -2.413452386856079, -2.365459680557251]
1250;[16.39104652404785, 8.688042640686035, 8.302687644958496, 8.295548439025879, 8.2991361618042, 4.835546016693115, 4.602404594421387, 4.357805252075195, 4.252345085144043, 3.9887640476226807, 3.5172481536865234, 3.3412539958953857, 3.302574396133423, 2.9707016944885254, 2.880932569503784, 2.926825523376465, 2.5600802898406982, 2.5885510444641113, 2.6195132732391357, 2.5608410835266113, 2.465991735458374];[1.3973263502120972, 1.5344173908233643, 1.5538748502731323, 1.576529860496521, 1.5600671768188477, 1.1141129732131958, 1.0511174201965332, 0.955161988735199, 0.9436754584312439, 0.8480204939842224, 0.7190154194831848, 0.6542361378669739, 0.6381444334983826, 0.5241662263870239, 0.48997971415519714, 0.511568546295166, 0.3633275330066681, 0.3763152062892914, 0.39599061012268066, 0.3683006763458252, 0.32846900820732117];[-71.88424682617188, -19.239347457885742, -18.595705032348633, -19.76718521118164, -21.1940975189209, -7.458788871765137, -7.091439723968506, -6.650854587554932, -6.468457221984863, -5.961587905883789, -4.707160472869873, -4.336258888244629, -4.378699779510498, -3.598618984222412, -3.4652135372161865, -3.5963966846466064, -2.836432456970215, -2.868983507156372, -2.913013219833374, -2.8010613918304443, -2.6433749198913574]
1300;[16.366605758666992, 8.272809028625488, 4.675361633300781, 3.962244987487793, 3.52567195892334, 4.080196857452393, 3.607656478881836, 3.422445297241211, 3.1284637451171875, 3.314540386199951, 3.316612482070923, 3.0689330101013184, 2.9166159629821777, 2.7469396591186523, 3.0543630123138428, 2.9408884048461914, 2.9165759086608887, 2.9252655506134033, 2.797640800476074, 2.8103227615356445, 2.870074510574341];[1.3973984718322754, 1.4501228332519531, 1.0091943740844727, 0.8505273461341858, 0.7173306941986084, 0.8906641602516174, 0.760028064250946, 0.6961694359779358, 0.5998066067695618, 0.6677441596984863, 0.6762406229972839, 0.5800172090530396, 0.5184504985809326, 0.44234633445739746, 0.5670592188835144, 0.5213559865951538, 0.5107791423797607, 0.5150525569915771, 0.4664285182952881, 0.4716584086418152, 0.501228928565979];[-73.70648193359375, -17.920930862426758, -6.335599899291992, -4.859140396118164, -4.204329013824463, -5.688949108123779, -4.543588638305664, -4.140367031097412, -3.6560614109039307, -4.001432418823242, -4.092672824859619, -3.6182000637054443, -3.352259635925293, -3.1025571823120117, -3.761828899383545, -3.5456387996673584, -3.5123705863952637, -3.5419952869415283, -3.2729744911193848, -3.276219367980957, -3.431333541870117]
1350;[16.371929168701172, 8.17452621459961, 6.270007133483887, 5.967627048492432, 6.006453990936279, 3.823099374771118, 4.160279750823975, 3.7236642837524414, 3.3904473781585693, 3.743994951248169, 3.6940646171569824, 3.4392457008361816, 4.123606204986572, 3.919039011001587, 3.7240068912506104, 3.897637367248535, 3.972404718399048, 3.6868932247161865, 4.094991683959961, 3.928187608718872, 4.081818580627441];[1.397181749343872, 1.290940523147583, 1.206311821937561, 1.1411265134811401, 1.1611764430999756, 0.7811276912689209, 0.8810672163963318, 0.7741820812225342, 0.6799578070640564, 0.7954393029212952, 0.7846275568008423, 0.7044405341148376, 0.9617404341697693, 0.8953067660331726, 0.8379828929901123, 0.8912015557289124, 0.9133772253990173, 0.8298451900482178, 0.9687780737876892, 0.9179307818412781, 0.9647479057312012];[-71.98412322998047, -20.628175735473633, -11.823095321655273, -12.170202255249023, -12.661223411560059, -5.138058662414551, -6.318582534790039, -5.122051239013672, -4.310376167297363, -5.233261585235596, -5.068410873413086, -4.463046073913574, -6.0240559577941895, -5.580246448516846, -5.085447788238525, -5.564136505126953, -5.739781379699707, -5.052104949951172, -6.095779895782471, -5.677250862121582, -6.104946136474609]
1400;[16.372169494628906, 8.574363708496094, 6.429221153259277, 6.260624408721924, 4.439262866973877, 4.467121601104736, 3.73945689201355, 3.3286142349243164, 3.3500311374664307, 3.1264331340789795, 3.168001413345337, 3.1853437423706055, 3.5221495628356934, 3.461444616317749, 3.7684011459350586, 3.8749663829803467, 3.635929584503174, 3.56787109375, 3.929145097732544, 3.8749468326568604, 3.8240227699279785];[1.3955820798873901, 1.5524455308914185, 1.1676645278930664, 1.1516615152359009, 0.9046127796173096, 0.9254100918769836, 0.7605989575386047, 0.6425173878669739, 0.6590985059738159, 0.5866163372993469, 0.6096026301383972, 0.6142093539237976, 0.7252119183540344, 0.7155801653862, 0.8334305286407471, 0.8700517416000366, 0.7979339361190796, 0.7729094624519348, 0.9074674844741821, 0.8906111121177673, 0.876477837562561];[-71.54533386230469, -18.06109046936035, -13.337464332580566, -13.691420555114746, -6.8652801513671875, -7.09930419921875, -5.128103733062744, -4.134843349456787, -4.186513900756836, -3.7609949111938477, -3.881106376647949, -3.926887273788452, -4.707684516906738, -4.608372688293457, -5.268458366394043, -5.584245681762695, -5.008623123168945, -4.818856239318848, -5.6882853507995605, -5.560550689697266, -5.439261436462402]
1450;[16.357162475585938, 8.42735767364502, 8.232097625732422, 4.353433132171631, 4.197138786315918, 3.720121145248413, 3.1868927478790283, 2.867659568786621, 2.6078553199768066, 2.811836004257202, 2.7954723834991455, 3.0330328941345215, 3.1173572540283203, 2.977797269821167, 2.8768317699432373, 2.7637298107147217, 2.684516668319702, 2.914649724960327, 2.861630916595459, 2.557706594467163, 2.870076894760132];[1.3948125839233398, 1.5512770414352417, 1.4989374876022339, 0.9419926404953003, 0.9113303422927856, 0.7345921993255615, 0.5848276019096375, 0.46954190731048584, 0.370199978351593, 0.46615850925445557, 0.454581081867218, 0.5555412769317627, 0.6018010377883911, 0.5328733325004578, 0.4935567080974579, 0.4506658613681793, 0.4170680344104767, 0.5201828479766846, 0.49877506494522095, 0.36988434195518494, 0.5109586715698242];[-71.82520294189453, -17.08994483947754, -19.737987518310547, -5.804143905639648, -5.733630180358887, -5.002886772155762, -3.79233455657959, -3.2218918800354004, -2.7685561180114746, -3.0897347927093506, -3.0987038612365723, -3.5790963172912598, -3.802727699279785, -3.5592916011810303, -3.384692668914795, -3.187530517578125, -3.0586438179016113, -3.4279837608337402, -3.350292444229126, -2.786720037460327, -3.336090087890625]
1500;[16.37167739868164, 11.444846153259277, 11.4002685546875, 11.300009727478027, 11.360617637634277, 11.391471862792969, 6.608906269073486, 6.384362697601318, 4.492595672607422, 4.952393531799316, 4.872806549072266, 4.219746112823486, 3.962003469467163, 3.8028295040130615, 3.6887693405151367, 3.282944440841675, 3.184088706970215, 3.164196491241455, 2.8115150928497314, 3.039710283279419, 2.8777260780334473];[1.3984867334365845, 1.4339053630828857, 1.5054762363433838, 1.462041974067688, 1.5365160703659058, 1.5695136785507202, 1.392143726348877, 1.3493858575820923, 1.0456089973449707, 1.1509543657302856, 1.132591724395752, 0.9885720014572144, 0.8985604047775269, 0.8403878211975098, 0.7970672845840454, 0.6679309606552124, 0.6258050203323364, 0.6158692240715027, 0.48160111904144287, 0.5730708837509155, 0.5083807706832886];[-70.15998840332031, -44.746761322021484, -45.6109504699707, -47.66728591918945, -47.409080505371094, -46.4833869934082, -14.294916152954102, -13.905622482299805, -6.861679553985596, -8.271283149719238, -8.287394523620605, -6.329038619995117, -5.748835563659668, -5.3997955322265625, -5.185409069061279, -4.181931972503662, -4.0085768699646, -3.9965980052948, -3.249861478805542, -3.7189455032348633, -3.3964242935180664]
50;[16.571611404418945, 1.8453651666641235, 1.792763113975525, 1.2637214660644531, 1.252394199371338, 1.2383530139923096, 1.2181679010391235, 1.2264524698257446, 1.211883783340454, 1.2239009141921997, 1.3574594259262085, 1.3659778833389282, 1.3000853061676025, 1.3268110752105713, 1.3103138208389282, 1.287655234336853, 1.265140175819397, 1.3658764362335205, 1.3702342510223389, 1.503707766532898, 1.458579421043396];[1.5432969331741333, 0.286324143409729, 0.3052174150943756, 0.02712247334420681, 0.025683218613266945, 0.02333708293735981, 0.022829027846455574, 0.031155971810221672, 0.022076470777392387, 0.03288264572620392, 0.1215672418475151, 0.12615962326526642, 0.08733458817005157, 0.10500570386648178, 0.09663596004247665, 0.08230835199356079, 0.06984202563762665, 0.13744573295116425, 0.1378706693649292, 0.22953158617019653, 0.20029042661190033];[-133.6049346923828, -1.990283489227295, -2.126004934310913, -1.271408200263977, -1.2712043523788452, -1.2568960189819336, -1.2572559118270874, -1.2788289785385132, -1.2599400281906128, -1.2879087924957275, -1.5256400108337402, -1.5562416315078735, -1.4409048557281494, -1.4987300634384155, -1.47021484375, -1.4237858057022095, -1.396156907081604, -1.5884536504745483, -1.5936322212219238, -1.8845281600952148, -1.796457052230835]
100;[16.5886287689209, 3.2701220512390137, 2.5315189361572266, 2.6005547046661377, 2.589634895324707, 1.5826948881149292, 1.533374309539795, 1.4658514261245728, 1.4924777746200562, 1.4418531656265259, 1.3773666620254517, 1.523242473602295, 1.7713204622268677, 2.0507144927978516, 2.0578861236572266, 2.036123752593994, 1.835685133934021, 1.7670221328735352, 1.6490578651428223, 1.724022626876831, 1.6437523365020752];[1.5458124876022339, 0.8383020758628845, 0.6736630201339722, 0.7542043328285217, 0.7483950853347778, 0.24380424618721008, 0.21657110750675201, 0.1837911158800125, 0.20430032908916473, 0.18111471831798553, 0.1333196610212326, 0.22956806421279907, 0.40172818303108215, 0.5748563408851624, 0.5755516290664673, 0.5652146935462952, 0.4476776123046875, 0.4030517637729645, 0.330678790807724, 0.3814738392829895, 0.3260429799556732];[-137.48666381835938, -5.551218032836914, -3.9640259742736816, -4.7028937339782715, -4.834913730621338, -1.9023938179016113, -1.832768201828003, -1.716141939163208, -1.8012635707855225, -1.7175326347351074, -1.575558066368103, -1.872078537940979, -2.5328497886657715, -3.38460111618042, -3.3963046073913574, -3.3096981048583984, -2.719691514968872, -2.5749497413635254, -2.252885580062866, -2.4668939113616943, -2.2466421127319336]
150;[16.579248428344727, 1.7115063667297363, 1.6532278060913086, 1.5696585178375244, 1.6804168224334717, 1.6676766872406006, 1.64875066280365, 1.6512877941131592, 3.297849178314209, 3.178542375564575, 3.531627893447876, 2.8853766918182373, 2.964444637298584, 2.654414176940918, 2.9090170860290527, 2.856205940246582, 2.662398338317871, 2.450265407562256, 2.3445966243743896, 2.267357110977173, 2.176687717437744];[1.5444332361221313, 0.20836007595062256, 0.23497478663921356, 0.219160258769989, 0.2969372868537903, 0.29264703392982483, 0.286368191242218, 0.29445186257362366, 1.0088058710098267, 0.9784295558929443, 1.153377652168274, 0.9720512628555298, 0.9974563121795654, 0.8906081914901733, 1.021094560623169, 1.0100339651107788, 0.9297032356262207, 0.8275007605552673, 0.7650808691978455, 0.7314727902412415, 0.671854555606842];[-133.5854034423828, -1.7243493795394897, -1.817667841911316, -1.8067519664764404, -2.181652545928955, -2.1580584049224854, -2.151007652282715, -2.2028543949127197, -8.901844024658203, -8.278338432312012, -9.689858436584473, -6.3678717613220215, -6.8727827072143555, -5.4501800537109375, -6.39082145690918, -6.193396091461182, -5.402464389801025, -4.6335320472717285, -4.263988494873047, -4.0168585777282715, -3.7155492305755615]
200;[16.581144332885742, 1.7004992961883545, 1.4829972982406616, 1.6058725118637085, 1.6081255674362183, 1.617557168006897, 1.6297720670700073, 1.408789873123169, 1.414976954460144, 1.2891162633895874, 1.2095444202423096, 1.2264517545700073, 1.2747693061828613, 1.4657269716262817, 1.75350022315979, 1.7263212203979492, 1.6088873147964478, 1.6610978841781616, 1.5992653369903564, 1.531562089920044, 1.6196588277816772];[1.5422495603561401, 0.2035999298095703, 0.12056324630975723, 0.22620448470115662, 0.2475050687789917, 0.2646545171737671, 0.28110384941101074, 0.14612124860286713, 0.15590162575244904, 0.0736023411154747, 0.02839658223092556, 0.03877220302820206, 0.07119295746088028, 0.19971895217895508, 0.38941463828086853, 0.3750661611557007, 0.29875412583351135, 0.33304253220558167, 0.29383745789527893, 0.2504010796546936, 0.31257766485214233];[-123.97220611572266, -1.7055164575576782, -1.5143183469772339, -1.849098801612854, -1.9523369073867798, -2.0399937629699707, -2.1246252059936523, -1.618064284324646, -1.6452771425247192, -1.4050334692001343, -1.272077202796936, -1.3040032386779785, -1.3977817296981812, -1.8043529987335205, -2.571744441986084, -2.508272171020508, -2.1714606285095215, -2.316575527191162, -2.163397789001465, -2.002089500427246, -2.1881868839263916]
250;[16.586626052856445, 5.269411563873291, 5.063652515411377, 5.051016330718994, 1.3025752305984497, 1.3013960123062134, 1.1967077255249023, 1.1975007057189941, 1.198255181312561, 1.1869205236434937, 1.1731235980987549, 1.1676397323608398, 1.3723301887512207, 1.5880122184753418, 1.6435215473175049, 1.6592117547988892, 1.731862187385559, 1.8591662645339966, 2.0649523735046387, 2.160503625869751, 2.1448357105255127];[1.543653964996338, 1.1304090023040771, 1.164638638496399, 1.1789727210998535, 0.056026771664619446, 0.06631173938512802, 0.00954439677298069, 0.0105977738276124, 0.013236384838819504, 0.010631502605974674, 0.0026666128542274237, 0.0041483324021101, 0.1324521005153656, 0.28202229738235474, 0.3144237995147705, 0.3316914737224579, 0.3783124089241028, 0.4594656229019165, 0.5958905816078186, 0.6543750762939453, 0.649677038192749];[-136.0319366455078, -19.699195861816406, -19.989831924438477, -21.319692611694336, -1.3474105596542358, -1.3781161308288574, -1.2245770692825317, -1.2260730266571045, -1.2305467128753662, -1.2283518314361572, -1.2054709196090698, -1.2072678804397583, -1.5922755002975464, -2.130028247833252, -2.262266159057617, -2.2952284812927246, -2.48966121673584, -2.8725736141204834, -3.4088823795318604, -3.7103545665740967, -3.631363868713379]
300;[16.568906784057617, 5.032468318939209, 1.6209874153137207, 1.488724708557129, 1.4246383905410767, 1.3563541173934937, 1.232596516609192, 1.2986716032028198, 1.2938711643218994, 1.2691328525543213, 1.581714153289795, 1.7306218147277832, 1.7048683166503906, 1.7207427024841309, 1.7286803722381592, 1.5708189010620117, 1.6523243188858032, 1.5525413751602173, 1.5736839771270752, 1.5010287761688232, 1.4499354362487793];[1.5443774461746216, 1.1766574382781982, 0.2185501903295517, 0.15972281992435455, 0.1390395611524582, 0.0979664996266365, 0.030778124928474426, 0.07625290006399155, 0.07274053990840912, 0.06192801147699356, 0.2707669138908386, 0.36117324233055115, 0.3485674262046814, 0.36153578758239746, 0.3694104254245758, 0.2731502056121826, 0.32830092310905457, 0.2603547275066376, 0.27537116408348083, 0.22930975258350372, 0.19807222485542297];[-131.40127563476562, -16.774938583374023, -1.7808030843734741, -1.609273076057434, -1.5633827447891235, -1.4751324653625488, -1.2783608436584473, -1.4052934646606445, -1.3979885578155518, -1.3632785081863403, -2.099404811859131, -2.531816005706787, -2.455902099609375, -2.523003578186035, -2.575458288192749, -2.1107113361358643, -2.310746431350708, -2.0507328510284424, -2.115079164505005, -1.9282941818237305, -1.802733302116394]
350;[16.575395584106445, 1.7289402484893799, 1.6834263801574707, 1.469570279121399, 1.6349200010299683, 1.5375665426254272, 2.1717302799224854, 2.0391557216644287, 2.2189955711364746, 2.404020071029663, 2.4364211559295654, 2.4566915035247803, 2.5324888229370117, 2.481889009475708, 2.3406784534454346, 2.160295248031616, 2.1262290477752686, 2.1174302101135254, 1.956410527229309, 1.8317267894744873, 1.7094577550888062];[1.5439980030059814, 0.21954235434532166, 0.2425694465637207, 0.14544038474559784, 0.26812469959259033, 0.21713612973690033, 0.6291782259941101, 0.5552135109901428, 0.6581195592880249, 0.7604796886444092, 0.7830770611763, 0.7882936000823975, 0.8434878587722778, 0.8091651201248169, 0.7412154674530029, 0.6556500792503357, 0.6357955932617188, 0.6267604827880859, 0.5323021411895752, 0.45070943236351013, 0.3738647699356079];[-134.50381469726562, -1.7408287525177002, -1.8628909587860107, -1.5834510326385498, -2.0252108573913574, -1.8382214307785034, -3.36038875579834, -3.0442559719085693, -3.6592187881469727, -4.373650074005127, -4.477725028991699, -4.635677337646484, -4.890993118286133, -4.7784953117370605, -4.2549214363098145, -3.597599983215332, -3.544264316558838, -3.536297559738159, -3.0455353260040283, -2.727639675140381, -2.3939924240112305]
400;[16.581676483154297, 5.444536209106445, 1.4043217897415161, 1.2991149425506592, 1.3648256063461304, 1.4316375255584717, 1.563503384590149, 1.4534547328948975, 1.8594298362731934, 1.6379823684692383, 1.565129280090332, 1.4980952739715576, 1.7453608512878418, 1.6685364246368408, 1.6194583177566528, 1.6037591695785522, 1.6095277070999146, 1.6422728300094604, 1.7006300687789917, 1.6366828680038452, 1.5455933809280396];[1.5451970100402832, 1.1460292339324951, 0.08734533190727234, 0.044741902500391006, 0.09829140454530716, 0.14384149014949799, 0.23863515257835388, 0.17656593024730682, 0.42915499210357666, 0.30222487449645996, 0.25807318091392517, 0.21920515596866608, 0.375305712223053, 0.33023393154144287, 0.3037507236003876, 0.29327628016471863, 0.30021047592163086, 0.32353249192237854, 0.3605373799800873, 0.3192293345928192, 0.25767746567726135];[-130.53082275390625, -20.741605758666992, -1.428780198097229, -1.3211859464645386, -1.4507983922958374, -1.6107980012893677, -1.8722244501113892, -1.7041047811508179, -2.809126853942871, -2.191652536392212, -2.0246152877807617, -1.8777875900268555, -2.5482852458953857, -2.3220832347869873, -2.226548433303833, -2.204562187194824, -2.208646059036255, -2.2887966632843018, -2.4263627529144287, -2.266540288925171, -2.061654806137085]
450;[16.57622718811035, 2.052690267562866, 2.166698932647705, 1.7642731666564941, 1.734697699546814, 1.727220892906189, 1.400681972503662, 1.314406394958496, 1.2018542289733887, 1.5410690307617188, 1.5568747520446777, 1.7643978595733643, 1.6581432819366455, 1.51621675491333, 1.7864264249801636, 1.895045518875122, 1.8001313209533691, 1.91741144657135, 2.003612756729126, 2.1382336616516113, 2.318478584289551];[1.5458897352218628, 0.3822998106479645, 0.5174562931060791, 0.33790042996406555, 0.32535499334335327, 0.3333558142185211, 0.13466525077819824, 0.08539328724145889, 0.01845325529575348, 0.24057911336421967, 0.25556859374046326, 0.3949587643146515, 0.3296962082386017, 0.2319866120815277, 0.41443562507629395, 0.4843813180923462, 0.4261399209499359, 0.5042016506195068, 0.5600833892822266, 0.6501641869544983, 0.7615206837654114];[-133.1857147216797, -2.365485906600952, -2.9919838905334473, -2.225215196609497, -2.2170803546905518, -2.2749648094177246, -1.5778387784957886, -1.4364159107208252, -1.2478190660476685, -1.891709566116333, -1.9450145959854126, -2.4338138103485107, -2.187291145324707, -1.8738386631011963, -2.5374605655670166, -2.8537168502807617, -2.593475580215454, -2.949812412261963, -3.191333532333374, -3.6196107864379883, -4.192804336547852]
500;[16.589872360229492, 1.5799429416656494, 1.3777642250061035, 1.7495366334915161, 1.788621187210083, 1.7977298498153687, 1.6518689393997192, 1.7307075262069702, 1.5951675176620483, 1.6161704063415527, 1.667483925819397, 1.9271669387817383, 1.8708081245422363, 2.086271286010742, 1.878318190574646, 1.8773585557937622, 2.024975538253784, 1.7673485279083252, 1.744544506072998, 1.738133192062378, 1.6591367721557617];[1.5451890230178833, 0.1282006800174713, 0.06333113461732864, 0.31783631443977356, 0.3518129587173462, 0.37195250391960144, 0.2995632588863373, 0.35038837790489197, 0.27022212743759155, 0.28704747557640076, 0.3232482075691223, 0.4796712398529053, 0.4544079601764679, 0.5914525389671326, 0.47304287552833557, 0.47744449973106384, 0.5734336972236633, 0.40809717774391174, 0.39466848969459534, 0.38725584745407104, 0.3386354446411133];[-125.60166931152344, -1.5313607454299927, -1.3649699687957764, -2.2239584922790527, -2.3806943893432617, -2.4442052841186523, -2.1608240604400635, -2.3426172733306885, -2.065976619720459, -2.1289865970611572, -2.2661125659942627, -3.025053024291992, -2.8863940238952637, -3.4362549781799316, -2.824831247329712, -2.833911418914795, -3.2573747634887695, -2.4956676959991455, -2.448025941848755, -2.4472737312316895, -2.259889602661133]
550;[16.56916046142578, 5.163624286651611, 5.121455192565918, 5.037946701049805, 1.9698076248168945, 1.9607852697372437, 1.4977409839630127, 1.4280853271484375, 1.4207916259765625, 1.2748011350631714, 1.2792108058929443, 1.192110300064087, 1.1964763402938843, 1.1770939826965332, 1.185685396194458, 1.1895244121551514, 1.1784255504608154, 1.1934361457824707, 1.174208641052246, 1.1796660423278809, 1.186718225479126];[1.5452324151992798, 1.1301571130752563, 1.1997556686401367, 1.1986101865768433, 0.45848941802978516, 0.4641144275665283, 0.193789541721344, 0.1616681069135666, 0.15851949155330658, 0.06592988222837448, 0.06959263980388641, 0.018679985776543617, 0.020552612841129303, 0.011812820099294186, 0.01898089237511158, 0.018549196422100067, 0.01669926941394806, 0.02712026983499527, 0.016621608287096024, 0.01569700799882412, 0.023570256307721138];[-129.8190460205078, -17.822542190551758, -20.290821075439453, -20.886550903320312, -2.880434274673462, -2.942594528198242, -1.767311453819275, -1.6885461807250977, -1.6754406690597534, -1.3841482400894165, -1.391077995300293, -1.2444709539413452, -1.2565125226974487, -1.2315491437911987, -1.2504204511642456, -1.2529799938201904, -1.241574764251709, -1.2695128917694092, -1.240236520767212, -1.2445310354232788, -1.2613617181777954]
600;[16.570796966552734, 5.066765785217285, 4.974456310272217, 4.849958419799805, 4.847063064575195, 5.180664539337158, 1.4522662162780762, 1.486487627029419, 1.7348541021347046, 1.9248257875442505, 1.8078378438949585, 1.8017661571502686, 2.11079478263855, 2.182190179824829, 2.026803970336914, 2.246089220046997, 2.1225500106811523, 2.021329402923584, 2.021049976348877, 1.9457076787948608, 1.8643410205841064];[1.5424233675003052, 1.161158800125122, 1.245863914489746, 1.1479086875915527, 1.1622620820999146, 1.1716701984405518, 0.17231667041778564, 0.1951480358839035, 0.36273232102394104, 0.4984915256500244, 0.4178842306137085, 0.4224596917629242, 0.6158067584037781, 0.6689417958259583, 0.5747045874595642, 0.709737241268158, 0.6363371014595032, 0.5796290040016174, 0.5726670622825623, 0.5341557860374451, 0.47780686616897583];[-136.28038024902344, -16.90784454345703, -17.50229263305664, -19.6348934173584, -19.916297912597656, -24.743427276611328, -1.7093744277954102, -1.791135311126709, -2.363001585006714, -2.8343570232391357, -2.55426025390625, -2.5749459266662598, -3.3566854000091553, -3.6573069095611572, -3.212766170501709, -3.8557345867156982, -3.4877395629882812, -3.2375741004943848, -3.233564853668213, -3.0217108726501465, -2.7849626541137695]
650;[16.58536720275879, 5.0911126136779785, 1.5114248991012573, 1.4013711214065552, 1.4348467588424683, 1.6755704879760742, 1.4868899583816528, 1.4547306299209595, 1.4184978008270264, 1.419118046760559, 1.5419079065322876, 1.4817734956741333, 1.4540950059890747, 1.4193707704544067, 1.437868595123291, 1.3736169338226318, 1.3727091550827026, 1.4611932039260864, 1.6287941932678223, 1.629571795463562, 1.5599795579910278];[1.5464317798614502, 1.1440367698669434, 0.15210473537445068, 0.10542275756597519, 0.1389332413673401, 0.30956384539604187, 0.1878504902124405, 0.17694063484668732, 0.1584259271621704, 0.15612226724624634, 0.24403102695941925, 0.20357908308506012, 0.18853260576725006, 0.16764424741268158, 0.18256494402885437, 0.13973742723464966, 0.13587349653244019, 0.19833320379257202, 0.31613650918006897, 0.3155704736709595, 0.2721638083457947];[-133.75511169433594, -17.285995483398438, -1.5908704996109009, -1.4882798194885254, -1.5812373161315918, -2.107621192932129, -1.7304425239562988, -1.709851861000061, -1.6465388536453247, -1.6386237144470215, -1.9087514877319336, -1.7899448871612549, -1.7451400756835938, -1.6803828477859497, -1.7201123237609863, -1.5859766006469727, -1.583189845085144, -1.7902337312698364, -2.186511278152466, -2.192854166030884, -2.043910026550293]
700;[16.59788703918457, 1.9653918743133545, 2.0382540225982666, 2.065917491912842, 1.5115303993225098, 1.4726252555847168, 1.4109622240066528, 1.3973910808563232, 1.556165337562561, 1.452512502670288, 1.4028732776641846, 1.3857454061508179, 1.3708276748657227, 1.3870882987976074, 1.3302425146102905, 1.3053699731826782, 1.2988195419311523, 1.319790244102478, 1.3848904371261597, 1.3396269083023071, 1.3243751525878906];[1.5423442125320435, 0.3369203805923462, 0.43280738592147827, 0.4978620111942291, 0.18972042202949524, 0.1688169538974762, 0.14060810208320618, 0.1340925246477127, 0.2418258786201477, 0.18510626256465912, 0.1463736593723297, 0.14583145081996918, 0.1349617838859558, 0.14736543595790863, 0.11245211958885193, 0.09888353198766708, 0.08977073431015015, 0.10533253848552704, 0.15631550550460815, 0.12526394426822662, 0.11321447044610977];[-129.7698211669922, -2.2062063217163086, -2.686614990234375, -2.950807571411133, -1.7253345251083374, -1.669987678527832, -1.5886462926864624, -1.5715391635894775, -1.965763807296753, -1.7443581819534302, -1.6235036849975586, -1.6208539009094238, -1.5984704494476318, -1.6395962238311768, -1.5341018438339233, -1.4910948276519775, -1.462894320487976, -1.5000412464141846, -1.6735059022903442, -1.569329857826233, -1.538435459136963]
750;[16.58233070373535, 1.9528425931930542, 1.407305121421814, 1.6128745079040527, 1.382029414176941, 1.3077092170715332, 1.4966052770614624, 1.448114037513733, 1.615294337272644, 1.8793730735778809, 2.029080629348755, 1.9976730346679688, 1.9995263814926147, 2.3324434757232666, 2.212831497192383, 2.1235060691833496, 2.059084415435791, 1.9335665702819824, 2.2205443382263184, 2.3751535415649414, 2.2954111099243164];[1.5411678552627563, 0.3220336437225342, 0.0847548097372055, 0.23408830165863037, 0.10532595962285995, 0.06994925439357758, 0.19433166086673737, 0.17046037316322327, 0.28361642360687256, 0.458791583776474, 0.5539272427558899, 0.5389979481697083, 0.5425703525543213, 0.7524614930152893, 0.6818481683731079, 0.634049654006958, 0.5952662825584412, 0.5153258442878723, 0.6970857381820679, 0.7829304337501526, 0.7427250742912292];[-132.3235321044922, -2.08683180809021, -1.4156830310821533, -1.837195873260498, -1.4812628030776978, -1.3814942836761475, -1.7656776905059814, -1.6894015073776245, -2.099897861480713, -2.693072557449341, -3.187422513961792, -3.1481850147247314, -3.1584668159484863, -4.146276473999023, -3.8042354583740234, -3.4853105545043945, -3.3821463584899902, -2.9793918132781982, -3.8110995292663574, -4.340135097503662, -4.129214286804199]
800;[16.590425491333008, 5.3308281898498535, 5.075860977172852, 2.5305490493774414, 2.513141393661499, 2.5153064727783203, 1.6955021619796753, 1.7319694757461548, 1.7010700702667236, 1.731092929840088, 1.719271183013916, 1.5142730474472046, 1.4550082683563232, 1.6146143674850464, 1.698085069656372, 1.607599139213562, 1.628858208656311, 1.5972687005996704, 1.7173373699188232, 1.755313515663147, 1.607405662536621];[1.546418309211731, 1.135423183441162, 1.1743578910827637, 0.6832873821258545, 0.7042450904846191, 0.712158203125, 0.3255596458911896, 0.3529423475265503, 0.3368265926837921, 0.35900619626045227, 0.35671666264533997, 0.22836612164974213, 0.19062477350234985, 0.2970600426197052, 0.35355326533317566, 0.3014458119869232, 0.3118896484375, 0.29241737723350525, 0.3720622956752777, 0.40218043327331543, 0.30345267057418823];[-133.2089385986328, -20.3535099029541, -19.607669830322266, -4.5616068840026855, -4.679197788238525, -5.0315656661987305, -2.253582715988159, -2.365365982055664, -2.3320157527923584, -2.4156622886657715, -2.4061472415924072, -1.8986904621124268, -1.7703192234039307, -2.205603837966919, -2.38321852684021, -2.1541616916656494, -2.1985013484954834, -2.1496613025665283, -2.4366345405578613, -2.506196975708008, -2.123145818710327]
850;[16.572786331176758, 1.6867423057556152, 1.6281895637512207, 1.6022435426712036, 1.585752010345459, 1.23928701877594, 1.2032207250595093, 1.2139315605163574, 1.1780391931533813, 1.181908130645752, 1.3100614547729492, 1.293343186378479, 1.316441297531128, 1.384402871131897, 1.3474555015563965, 1.333511471748352, 1.3072549104690552, 1.3251657485961914, 1.3733563423156738, 1.5703507661819458, 1.5349414348602295];[1.5466210842132568, 0.19740790128707886, 0.21582862734794617, 0.22621169686317444, 0.23541541397571564, 0.024568356573581696, 0.007915091700851917, 0.019070478156208992, 0.0022358286660164595, 0.004132700618356466, 0.09073023498058319, 0.08515442162752151, 0.10150833427906036, 0.1496354341506958, 0.12182217836380005, 0.11293378472328186, 0.09551246464252472, 0.10961703211069107, 0.1450914591550827, 0.27798813581466675, 0.25530996918678284];[-139.4109344482422, -1.6959762573242188, -1.750435471534729, -1.8244742155075073, -1.8655587434768677, -1.2675080299377441, -1.2205411195755005, -1.2519447803497314, -1.2089887857437134, -1.2101764678955078, -1.45366632938385, -1.4325194358825684, -1.4931949377059937, -1.6406904458999634, -1.5552129745483398, -1.524779200553894, -1.479378342628479, -1.5265752077102661, -1.618099570274353, -2.0607106685638428, -1.9843460321426392]
900;[16.586942672729492, 3.360258102416992, 2.317678451538086, 2.620445966720581, 2.8609118461608887, 2.4931366443634033, 2.3455889225006104, 2.151627540588379, 1.71059250831604, 2.157085418701172, 2.0147881507873535, 1.911598801612854, 1.8257150650024414, 1.7756757736206055, 1.6930444240570068, 1.608588695526123, 1.522046685218811, 1.5176568031311035, 1.4934403896331787, 1.4355159997940063, 1.4074479341506958];[1.54471755027771, 0.8612424731254578, 0.5666545629501343, 0.7155480980873108, 0.8204814195632935, 0.6965097188949585, 0.6442157626152039, 0.5614479184150696, 0.3382995128631592, 0.6348024606704712, 0.547650933265686, 0.48668861389160156, 0.4305472671985626, 0.3965544104576111, 0.35141220688819885, 0.2994629144668579, 0.245407834649086, 0.23951038718223572, 0.22419126331806183, 0.18905355036258698, 0.1689775586128235];[-134.47549438476562, -6.094406604766846, -3.494882106781006, -4.81001091003418, -6.1634955406188965, -4.860584259033203, -4.491542339324951, -3.7563552856445312, -2.328660011291504, -3.4634604454040527, -3.1111490726470947, -2.8926236629486084, -2.6964833736419678, -2.5976662635803223, -2.3789620399475098, -2.1512930393218994, -1.9555678367614746, -1.9488824605941772, -1.8981661796569824, -1.7589683532714844, -1.6904513835906982]
950;[16.598041534423828, 1.658983588218689, 2.559849739074707, 1.8129559755325317, 1.6973248720169067, 1.5326820611953735, 1.4462934732437134, 1.387702465057373, 1.3245306015014648, 1.3043007850646973, 1.2950243949890137, 1.3084533214569092, 1.3766376972198486, 1.4060665369033813, 1.3847894668579102, 1.4202907085418701, 1.777266025543213, 1.7365642786026, 1.690588116645813, 1.5719494819641113, 1.508855938911438];[1.5453721284866333, 0.18692559003829956, 0.6600181460380554, 0.34322589635849, 0.30272936820983887, 0.21076005697250366, 0.1620786339044571, 0.1316356509923935, 0.09313080459833145, 0.08570113778114319, 0.08367633819580078, 0.0940476804971695, 0.13861310482025146, 0.16166435182094574, 0.14644525945186615, 0.17327791452407837, 0.4113299548625946, 0.3924895226955414, 0.35807353258132935, 0.2780609428882599, 0.23687785863876343];[-133.13565063476562, -1.674126386642456, -4.089664459228516, -2.314481735229492, -2.1521506309509277, -1.7989288568496704, -1.6652047634124756, -1.5607037544250488, -1.461334228515625, -1.4417308568954468, -1.4331234693527222, -1.4619309902191162, -1.6013699769973755, -1.6654247045516968, -1.627915859222412, -1.7120165824890137, -2.4979028701782227, -2.4284965991973877, -2.3189797401428223, -2.042769432067871, -1.9053839445114136]
1000;[16.55826759338379, 6.7678728103637695, 5.703818321228027, 5.628414154052734, 2.0423061847686768, 1.8361157178878784, 1.7433186769485474, 1.5497912168502808, 1.4961529970169067, 1.3953875303268433, 1.468295931816101, 1.8314003944396973, 2.136955499649048, 2.161991596221924, 2.051797866821289, 2.071376323699951, 2.3834221363067627, 2.3142812252044678, 2.246793746948242, 2.152609348297119, 2.233771324157715];[1.5464508533477783, 1.2924631834030151, 1.2046831846237183, 1.2056394815444946, 0.48000240325927734, 0.39158138632774353, 0.3448691666126251, 0.23468869924545288, 0.20423290133476257, 0.14260156452655792, 0.19317474961280823, 0.44274523854255676, 0.6378127932548523, 0.6540863513946533, 0.5888882875442505, 0.6054143905639648, 0.787407398223877, 0.7479032278060913, 0.7143027782440186, 0.6587731838226318, 0.7110044956207275];[-124.95204162597656, -35.23390579223633, -27.340150833129883, -28.683433532714844, -2.976193904876709, -2.5159380435943604, -2.3447470664978027, -1.9168413877487183, -1.8005132675170898, -1.6225943565368652, -1.7879841327667236, -2.6085269451141357, -3.502697229385376, -3.5884552001953125, -3.265643358230591, -3.333488702774048, -4.351258277893066, -4.111188888549805, -3.8892123699188232, -3.6205196380615234, -3.8957855701446533]
1050;[16.569786071777344, 5.316730499267578, 1.4894890785217285, 1.5379239320755005, 1.461348056793213, 1.363277792930603, 1.2758393287658691, 1.4038043022155762, 1.347762942314148, 1.3446273803710938, 1.3284220695495605, 1.3484585285186768, 1.3702569007873535, 1.5571131706237793, 1.6561776399612427, 1.6275275945663452, 1.837267279624939, 1.835368037223816, 1.7547194957733154, 1.96039617061615, 2.054255962371826];[1.5453758239746094, 1.1390132904052734, 0.1289508193731308, 0.1859767735004425, 0.15785843133926392, 0.10961955040693283, 0.06077330559492111, 0.14408162236213684, 0.10551339387893677, 0.1096322312951088, 0.10330796241760254, 0.11584976315498352, 0.13067401945590973, 0.25620728731155396, 0.3315126299858093, 0.3101043403148651, 0.4449446201324463, 0.44585517048835754, 0.39647042751312256, 0.5175382494926453, 0.5695375800132751];[-128.80654907226562, -19.6716365814209, -1.5439685583114624, -1.7045048475265503, -1.6169644594192505, -1.4984338283538818, -1.361635446548462, -1.6013866662979126, -1.4923961162567139, -1.5046255588531494, -1.4886932373046875, -1.5283575057983398, -1.5675045251846313, -1.9720697402954102, -2.234666347503662, -2.159348487854004, -2.768098831176758, -2.806530714035034, -2.578016996383667, -3.2195870876312256, -3.5899453163146973]
1100;[16.595863342285156, 2.6644186973571777, 1.8795356750488281, 1.8388681411743164, 1.6827162504196167, 2.0414414405822754, 1.8694462776184082, 1.913652777671814, 1.9433424472808838, 1.5838768482208252, 1.5874085426330566, 1.7301968336105347, 1.5980916023254395, 1.545790433883667, 1.5483533143997192, 1.4941151142120361, 1.4575062990188599, 1.4279546737670898, 1.394275188446045, 1.4170608520507812, 1.4844369888305664];[1.5452494621276855, 0.636948823928833, 0.3585644066333771, 0.3618013262748718, 0.294223815202713, 0.5349741578102112, 0.43644511699676514, 0.4696006774902344, 0.48569929599761963, 0.2693578898906708, 0.2735118567943573, 0.37179696559906006, 0.2895366847515106, 0.25549212098121643, 0.25778084993362427, 0.224206805229187, 0.19438490271568298, 0.17803482711315155, 0.15908928215503693, 0.17139889299869537, 0.2187134176492691];[-133.3268280029297, -3.645561456680298, -2.3656797409057617, -2.427438735961914, -2.1510708332061768, -3.0366175174713135, -2.66306209564209, -2.7899093627929688, -2.8933138847351074, -2.0018362998962402, -2.022481918334961, -2.4010446071624756, -2.0682759284973145, -1.9663658142089844, -1.9896947145462036, -1.8668663501739502, -1.7783197164535522, -1.7176063060760498, -1.655531644821167, -1.7108852863311768, -1.8618108034133911]
1150;[16.56783676147461, 3.533353805541992, 2.5646276473999023, 2.5711143016815186, 2.5947275161743164, 1.7001534700393677, 1.690068006515503, 1.7617883682250977, 1.7312217950820923, 1.69632887840271, 1.6898682117462158, 1.3607125282287598, 1.482819676399231, 1.4048815965652466, 1.421614170074463, 1.4305856227874756, 1.732789158821106, 1.5427143573760986, 1.4520565271377563, 1.5752841234207153, 1.698774814605713];[1.5415167808532715, 0.9047552347183228, 0.6458627581596375, 0.6786041259765625, 0.6991039514541626, 0.31442543864250183, 0.31656208634376526, 0.35828927159309387, 0.35271304845809937, 0.33676406741142273, 0.3332965075969696, 0.12717171013355255, 0.21235793828964233, 0.15869897603988647, 0.17116214334964752, 0.17784681916236877, 0.3780551254749298, 0.25971680879592896, 0.19646194577217102, 0.2791299521923065, 0.36553776264190674];[-135.54962158203125, -6.47239875793457, -4.461935520172119, -4.806872844696045, -5.216364860534668, -2.2616069316864014, -2.284304618835449, -2.4333019256591797, -2.4396307468414307, -2.378903388977051, -2.3805060386657715, -1.5715194940567017, -1.8383375406265259, -1.6627588272094727, -1.7069965600967407, -1.721583604812622, -2.5113096237182617, -2.008831262588501, -1.7814527750015259, -2.0447757244110107, -2.358444929122925]
1200;[16.57986068725586, 1.711002230644226, 1.6232975721359253, 1.4498724937438965, 1.2842413187026978, 1.2573169469833374, 1.2116141319274902, 1.2009795904159546, 1.1748758554458618, 1.3657829761505127, 1.3490960597991943, 1.3575400114059448, 1.5769333839416504, 1.4870116710662842, 1.3875430822372437, 1.4359383583068848, 1.4207991361618042, 1.3377022743225098, 1.2918833494186401, 1.276526689529419, 1.2777020931243896];[1.544623613357544, 0.2053700089454651, 0.19968990981578827, 0.1318063884973526, 0.048413679003715515, 0.039063286036252975, 0.017079653218388557, 0.015133192762732506, 0.0032093441113829613, 0.12183955311775208, 0.11737168580293655, 0.12693758308887482, 0.2691024839878082, 0.21613384783267975, 0.1557241976261139, 0.18796807527542114, 0.17405925691127777, 0.1209825873374939, 0.09006476402282715, 0.0826731026172638, 0.08126453310251236];[-129.31773376464844, -1.7169601917266846, -1.7318382263183594, -1.548853874206543, -1.3243762254714966, -1.2988566160202026, -1.2388895750045776, -1.2349958419799805, -1.2053234577178955, -1.5686548948287964, -1.5396146774291992, -1.569701075553894, -2.0896425247192383, -1.873915433883667, -1.6721420288085938, -1.7752131223678589, -1.7222068309783936, -1.5502091646194458, -1.4500595331192017, -1.4389877319335938, -1.4316740036010742]
1250;[16.55998992919922, 3.139218807220459, 2.280460834503174, 2.5578696727752686, 2.2139222621917725, 1.6954578161239624, 1.8974692821502686, 1.9188027381896973, 1.9106005430221558, 1.8113735914230347, 1.636698603630066, 1.5608618259429932, 1.5740662813186646, 1.4492826461791992, 1.4170233011245728, 1.4585275650024414, 1.3084231615066528, 1.346693515777588, 1.359933614730835, 1.355414628982544, 1.3303831815719604];[1.5464980602264404, 0.8067207336425781, 0.5469725131988525, 0.6941651701927185, 0.567827045917511, 0.3164117932319641, 0.4518392086029053, 0.46014726161956787, 0.47185951471328735, 0.4114835262298584, 0.30460572242736816, 0.2565500736236572, 0.2707308232784271, 0.18758969008922577, 0.16979055106639862, 0.20149821043014526, 0.09791786223649979, 0.12346309423446655, 0.1361270248889923, 0.131334587931633, 0.11614829301834106];[-128.5740203857422, -5.325804233551025, -3.3275046348571777, -4.653872013092041, -3.675748348236084, -2.2245819568634033, -2.734462022781372, -2.847735643386841, -2.8472158908843994, -2.646897315979004, -2.1817119121551514, -1.9986145496368408, -2.080670118331909, -1.7724308967590332, -1.7153494358062744, -1.8272414207458496, -1.4893951416015625, -1.5625742673873901, -1.5914055109024048, -1.5783418416976929, -1.5319290161132812]
1300;[16.576372146606445, 1.6839979887008667, 1.6091974973678589, 1.2590996026992798, 1.2595314979553223, 1.4735422134399414, 1.3758448362350464, 1.3694950342178345, 1.286074161529541, 1.4109225273132324, 1.4414445161819458, 1.4199681282043457, 1.378249168395996, 1.362734317779541, 1.556749701499939, 1.5278607606887817, 1.542324185371399, 1.5573240518569946, 1.5101600885391235, 1.5224006175994873, 1.5769726037979126];[1.546189308166504, 0.19112224876880646, 0.20801246166229248, 0.019146118313074112, 0.034893978387117386, 0.17769141495227814, 0.11677989363670349, 0.11322292685508728, 0.07306445389986038, 0.14831551909446716, 0.1756124049425125, 0.16537731885910034, 0.14179381728172302, 0.1319165825843811, 0.2639886140823364, 0.24510540068149567, 0.2546243965625763, 0.26547273993492126, 0.23570992052555084, 0.24221503734588623, 0.28521454334259033];[-130.37168884277344, -1.6703115701675415, -1.7548259496688843, -1.2545661926269531, -1.2847168445587158, -1.7012766599655151, -1.5213866233825684, -1.5067543983459473, -1.3964921236038208, -1.615045428276062, -1.7145286798477173, -1.6664683818817139, -1.6022318601608276, -1.5874136686325073, -2.054906129837036, -1.9792457818984985, -2.022704839706421, -2.0612306594848633, -1.9460384845733643, -1.95392644405365, -2.114624500274658]
1350;[16.57489585876465, 5.035865306854248, 5.393801212310791, 1.6114027500152588, 1.469992995262146, 1.2906993627548218, 1.5208978652954102, 1.466071605682373, 1.3831777572631836, 1.5798512697219849, 1.6130062341690063, 1.5519064664840698, 2.091717004776001, 1.99152410030365, 1.917597770690918, 2.049257278442383, 2.1268210411071777, 1.9734773635864258, 2.319639205932617, 2.236487865447998, 2.348693609237671];[1.542214035987854, 1.2320929765701294, 1.1667534112930298, 0.2311793714761734, 0.16338083148002625, 0.051617156714200974, 0.21720585227012634, 0.18394140899181366, 0.1355341672897339, 0.2673177123069763, 0.29081371426582336, 0.2511671483516693, 0.6094008684158325, 0.5488066077232361, 0.5048812031745911, 0.5863098502159119, 0.6324314475059509, 0.5452887415885925, 0.7574334144592285, 0.7111189365386963, 0.7737497091293335];[-140.42291259765625, -15.367667198181152, -23.910991668701172, -1.8679286241531372, -1.664139986038208, -1.3394922018051147, -1.8791916370391846, -1.7634745836257935, -1.600623369216919, -2.0870413780212402, -2.150306463241577, -1.995021104812622, -3.328468084335327, -3.083096504211426, -2.868687152862549, -3.2852542400360107, -3.5143942832946777, -3.073188543319702, -4.1727519035339355, -3.908870220184326, -4.30338191986084]
1400;[16.581317901611328, 2.743786096572876, 1.9073868989944458, 1.845719814300537, 1.524389624595642, 1.553511381149292, 1.4482426643371582, 1.3712658882141113, 1.3994956016540527, 1.3819395303726196, 1.450556755065918, 1.5006263256072998, 1.751767635345459, 1.738276481628418, 1.9459232091903687, 2.066689968109131, 1.9492841958999634, 1.9123486280441284, 2.161275863647461, 2.1413466930389404, 2.117794990539551];[1.5447834730148315, 0.677284300327301, 0.3638167977333069, 0.3672578036785126, 0.195942685008049, 0.22851026058197021, 0.16847866773605347, 0.11768445372581482, 0.14124976098537445, 0.136091411113739, 0.1861896514892578, 0.21813227236270905, 0.3775744140148163, 0.37977921962738037, 0.5148867964744568, 0.5901508927345276, 0.5228460431098938, 0.5001527667045593, 0.6608824133872986, 0.649935781955719, 0.6384197473526001];[-130.84068298339844, -3.9888861179351807, -2.379256248474121, -2.47531795501709, -1.7749686241149902, -1.8825523853302002, -1.6901123523712158, -1.5426068305969238, -1.6013416051864624, -1.5894924402236938, -1.7488031387329102, -1.8563668727874756, -2.4882640838623047, -2.4634346961975098, -2.983684778213501, -3.3819189071655273, -3.0547571182250977, -2.911790370941162, -3.6519391536712646, -3.593277931213379, -3.523247003555298]
1450;[16.598224639892578, 2.1369383335113525, 1.841997504234314, 1.3297607898712158, 1.3112069368362427, 1.2738784551620483, 1.251930594444275, 1.2337591648101807, 1.2007898092269897, 1.2389930486679077, 1.2684978246688843, 1.414374828338623, 1.476652979850769, 1.4404433965682983, 1.4039372205734253, 1.3899028301239014, 1.36492919921875, 1.481821894645691, 1.461492896080017, 1.3348908424377441, 1.5152279138565063];[1.54408860206604, 0.4247116446495056, 0.33456528186798096, 0.056815337389707565, 0.06059371307492256, 0.04467897117137909, 0.04123758152127266, 0.03115503303706646, 0.016930118203163147, 0.04437309131026268, 0.05909346044063568, 0.15997086465358734, 0.20914381742477417, 0.1815832555294037, 0.158229261636734, 0.15195755660533905, 0.13802455365657806, 0.21547840535640717, 0.20196138322353363, 0.11875279247760773, 0.2409595102071762];[-134.04428100585938, -2.5408518314361572, -2.2614262104034424, -1.353672742843628, -1.3626192808151245, -1.3161506652832031, -1.3018429279327393, -1.288983941078186, -1.2441805601119995, -1.3130635023117065, -1.365408182144165, -1.659196376800537, -1.8121588230133057, -1.7354519367218018, -1.6682562828063965, -1.6485731601715088, -1.5992027521133423, -1.831610083580017, -1.7935415506362915, -1.5349050760269165, -1.9197179079055786]
1500;[16.581144332885742, 1.5167107582092285, 1.4865612983703613, 1.2984853982925415, 1.4718661308288574, 1.5915446281433105, 2.1624276638031006, 1.9762873649597168, 1.7448724508285522, 2.2244062423706055, 2.1786386966705322, 1.9731827974319458, 1.821049451828003, 1.724973440170288, 1.6722944974899292, 1.5631632804870605, 1.5151814222335815, 1.5079329013824463, 1.40096116065979, 1.5480988025665283, 1.4992603063583374];[1.5434982776641846, 0.09136781096458435, 0.12504686415195465, 0.03997509926557541, 0.16190175712108612, 0.24536162614822388, 0.6196940541267395, 0.5181354880332947, 0.36567145586013794, 0.6769840121269226, 0.6571396589279175, 0.5401478409767151, 0.43955352902412415, 0.3741491734981537, 0.34136953949928284, 0.26948702335357666, 0.23728881776332855, 0.23251937329769135, 0.16271327435970306, 0.2625281810760498, 0.230606347322464];[-133.0294189453125, -1.4465588331222534, -1.5312215089797974, -1.3014044761657715, -1.6589686870574951, -1.9700430631637573, -3.3612020015716553, -2.89338755607605, -2.3556549549102783, -3.6051414012908936, -3.578519344329834, -2.992607355117798, -2.614065170288086, -2.373971700668335, -2.2690367698669434, -2.0111899375915527, -1.9110801219940186, -1.9004935026168823, -1.6696257591247559, -2.00250244140625, -1.894662618637085]
50;[19.60540008544922, 10.857840538024902, 10.812592506408691, 10.78729248046875, 3.0630462169647217, 2.963038921356201, 2.2906923294067383, 2.3584046363830566, 2.1074018478393555, 2.0741240978240967, 2.3871893882751465, 2.3549747467041016, 2.1341915130615234, 2.145423173904419, 2.093259811401367, 2.034432888031006, 1.9536880254745483, 2.089432716369629, 2.0826892852783203, 2.2473835945129395, 2.187904119491577];[1.5033804178237915, 1.4937660694122314, 1.4951989650726318, 1.472785472869873, 0.7502030730247498, 0.7125999331474304, 0.42435193061828613, 0.46358010172843933, 0.3322994112968445, 0.3184370994567871, 0.49002140760421753, 0.471169650554657, 0.36015984416007996, 0.36634284257888794, 0.341909259557724, 0.3112633228302002, 0.2699967622756958, 0.34565356373786926, 0.3384832739830017, 0.42964431643486023, 0.3988649845123291];[-152.5258026123047, -56.85756301879883, -60.33845520019531, -64.4004135131836, -4.279683589935303, -4.179430961608887, -2.7333898544311523, -2.8868353366851807, -2.4123756885528564, -2.3817310333251953, -3.0139777660369873, -2.9825222492218018, -2.533322334289551, -2.5650594234466553, -2.4805305004119873, -2.3691916465759277, -2.243544101715088, -2.4868476390838623, -2.4658772945404053, -2.8084168434143066, -2.6996853351593018]
100;[19.610395431518555, 11.078129768371582, 6.301225185394287, 5.764338970184326, 5.503271579742432, 5.190353870391846, 5.0764031410217285, 3.570737361907959, 3.5730092525482178, 3.483138084411621, 2.8316168785095215, 3.0410778522491455, 3.2336342334747314, 3.5111076831817627, 3.4999847412109375, 3.472914934158325, 3.0271356105804443, 2.9334146976470947, 2.656508684158325, 2.700200080871582, 2.53086256980896];[1.5035954713821411, 1.7033789157867432, 1.4641616344451904, 1.3751776218414307, 1.2997397184371948, 1.2164665460586548, 1.1726512908935547, 0.9035301208496094, 0.9072077870368958, 0.8740251064300537, 0.6683663129806519, 0.7701321244239807, 0.8356179594993591, 0.928077757358551, 0.9210669994354248, 0.9149333834648132, 0.7702322602272034, 0.7257623076438904, 0.6218540668487549, 0.6412394046783447, 0.5657442212104797];[-154.35015869140625, -47.35411071777344, -14.793567657470703, -14.469138145446777, -14.0211763381958, -13.356274604797363, -13.475826263427734, -6.493227005004883, -6.686182975769043, -6.566160678863525, -4.282275676727295, -4.807313442230225, -5.5688557624816895, -6.572629928588867, -6.5348944664001465, -6.4136247634887695, -4.922039031982422, -4.729712009429932, -3.9026644229888916, -4.040258884429932, -3.569967031478882]
150;[19.606155395507812, 10.98115348815918, 10.75609016418457, 10.823160171508789, 10.841561317443848, 10.876072883605957, 10.84475326538086, 10.842023849487305, 6.377940654754639, 5.331331253051758, 5.750054836273193, 4.616765975952148, 4.533491134643555, 4.043668270111084, 4.336704254150391, 4.196737289428711, 3.8939709663391113, 3.588498115539551, 3.4364898204803467, 3.3005759716033936, 3.169421911239624];[1.5014655590057373, 1.3451162576675415, 1.3975807428359985, 1.4157273769378662, 1.4949742555618286, 1.5002233982086182, 1.4966846704483032, 1.4967612028121948, 1.3524821996688843, 1.2491072416305542, 1.3785834312438965, 1.2294321060180664, 1.2134251594543457, 1.1201618909835815, 1.216707706451416, 1.1935425996780396, 1.1186575889587402, 1.0273237228393555, 0.9682066440582275, 0.9282436966896057, 0.8697928786277771];[-151.96873474121094, -64.5522689819336, -64.29838562011719, -67.01165771484375, -65.8011474609375, -66.1238784790039, -67.02348327636719, -67.49821472167969, -22.10116195678711, -15.1316556930542, -16.860240936279297, -10.636743545532227, -10.446805000305176, -8.225005149841309, -9.258687973022461, -8.722947120666504, -7.548113822937012, -6.505651473999023, -6.011951923370361, -5.593462944030762, -5.191320896148682]
200;[19.60989761352539, 10.868572235107422, 3.425013780593872, 4.194545745849609, 3.593078374862671, 3.3571555614471436, 3.2058653831481934, 2.5710830688476562, 2.629460334777832, 2.2508444786071777, 2.0109145641326904, 1.9157882928848267, 2.0976662635803223, 2.36307954788208, 2.728433847427368, 2.6548562049865723, 2.471774101257324, 2.5081353187561035, 2.3932077884674072, 2.2704694271087646, 2.406381130218506];[1.5061771869659424, 1.3777203559875488, 0.8368198871612549, 1.126372218132019, 0.9316551089286804, 0.837791919708252, 0.7721946835517883, 0.5469985604286194, 0.587532103061676, 0.4093029499053955, 0.2912557125091553, 0.23951372504234314, 0.340498149394989, 0.4803510010242462, 0.6496386528015137, 0.6182656288146973, 0.535275399684906, 0.5514510869979858, 0.49645790457725525, 0.4367142617702484, 0.5159595012664795];[-146.62501525878906, -61.911888122558594, -4.53425407409668, -7.061392784118652, -5.809395790100098, -5.471694469451904, -5.3164167404174805, -3.479607582092285, -3.6092135906219482, -2.754793643951416, -2.2882487773895264, -2.1478114128112793, -2.4737462997436523, -3.0740365982055664, -4.054656505584717, -3.866631269454956, -3.3620028495788574, -3.4832348823547363, -3.225060224533081, -2.9450738430023193, -3.2154314517974854]
250;[19.606613159179688, 6.8186774253845215, 6.714932441711426, 6.6782331466674805, 2.9396722316741943, 2.7073168754577637, 2.2217233180999756, 2.01491641998291, 1.9671705961227417, 1.797662615776062, 1.8572734594345093, 1.7588821649551392, 2.2068557739257812, 2.4861366748809814, 2.556258201599121, 2.5886952877044678, 2.6814513206481934, 2.8071532249450684, 3.0750794410705566, 3.1854491233825684, 3.1522369384765625];[1.5035531520843506, 1.465697169303894, 1.399347186088562, 1.3970599174499512, 0.7067524194717407, 0.6134961247444153, 0.3873156011104584, 0.27854982018470764, 0.25629743933677673, 0.17174598574638367, 0.20377647876739502, 0.15861064195632935, 0.3896605968475342, 0.5277044773101807, 0.5583038926124573, 0.586708664894104, 0.6320781707763672, 0.6858119368553162, 0.8172332644462585, 0.8641558885574341, 0.8561217784881592];[-154.35806274414062, -16.426923751831055, -19.751585006713867, -20.73849868774414, -3.929300546646118, -3.506317138671875, -2.597543716430664, -2.2317776679992676, -2.1658854484558105, -1.8977019786834717, -2.012105941772461, -1.8731181621551514, -2.7539010047912598, -3.468167781829834, -3.621000289916992, -3.680994987487793, -3.9366466999053955, -4.307526111602783, -4.972182750701904, -5.300729751586914, -5.1703782081604]
300;[19.599504470825195, 6.72099494934082, 3.1182219982147217, 2.729888916015625, 2.5971319675445557, 1.9601002931594849, 2.0925252437591553, 2.194780111312866, 2.1490464210510254, 2.1542627811431885, 2.606660842895508, 2.749941349029541, 2.6920440196990967, 2.695692777633667, 2.686863660812378, 2.423435926437378, 2.535104274749756, 2.354090452194214, 2.360865592956543, 2.23669695854187, 2.1441843509674072];[1.502313494682312, 1.3507167100906372, 0.7409501671791077, 0.5838978290557861, 0.5399466156959534, 0.239029198884964, 0.31543484330177307, 0.3746431767940521, 0.34785693883895874, 0.35964348912239075, 0.5699543952941895, 0.6265465021133423, 0.6065847277641296, 0.6106828451156616, 0.6080577969551086, 0.5009413361549377, 0.556831955909729, 0.4710391163825989, 0.47331443428993225, 0.4172135591506958, 0.3735503852367401];[-152.23704528808594, -17.849321365356445, -4.013019561767578, -3.4548513889312744, -3.4002251625061035, -2.073483943939209, -2.3698525428771973, -2.6340572834014893, -2.5722856521606445, -2.5901966094970703, -3.7669103145599365, -4.199227333068848, -4.035580635070801, -4.101174831390381, -4.133995532989502, -3.355818748474121, -3.6190457344055176, -3.1585445404052734, -3.199993371963501, -2.889467477798462, -2.6731510162353516]
350;[19.601476669311523, 10.916661262512207, 4.347659587860107, 3.1742255687713623, 3.4134817123413086, 3.0404293537139893, 4.173151016235352, 3.9042000770568848, 3.857499361038208, 3.9434049129486084, 3.920048236846924, 3.8503425121307373, 3.89569091796875, 3.7954349517822266, 3.5543606281280518, 3.28033447265625, 3.197471857070923, 3.1555588245391846, 2.914912462234497, 2.730013132095337, 2.540780544281006];[1.5042431354522705, 1.3590604066848755, 1.0413092374801636, 0.7796096205711365, 0.8839511275291443, 0.7666773796081543, 1.161613941192627, 1.0806878805160522, 1.0694104433059692, 1.1003732681274414, 1.0934295654296875, 1.071693778038025, 1.098529577255249, 1.0556342601776123, 0.987546980381012, 0.9079398512840271, 0.8755003213882446, 0.8524500131607056, 0.7574694752693176, 0.6681194305419922, 0.5851532816886902];[-152.56439208984375, -63.447052001953125, -7.891079902648926, -4.331347465515137, -5.383260726928711, -4.343182563781738, -7.8891825675964355, -7.107632637023926, -7.077695846557617, -7.527045249938965, -7.4732489585876465, -7.310823917388916, -7.501019477844238, -7.246427059173584, -6.3658766746521, -5.416190147399902, -5.252817153930664, -5.156576156616211, -4.452741622924805, -4.002498149871826, -3.5149521827697754]
400;[19.606170654296875, 6.466027736663818, 3.6092963218688965, 3.266432523727417, 2.1626436710357666, 2.8885087966918945, 3.179093599319458, 2.791266441345215, 3.2330212593078613, 2.8368446826934814, 2.667656183242798, 2.538851261138916, 2.8638265132904053, 2.715505599975586, 2.6416661739349365, 2.585798978805542, 2.610775947570801, 2.567901372909546, 2.6374924182891846, 2.550590753555298, 2.305070161819458];[1.5038254261016846, 1.3699464797973633, 0.9055807590484619, 0.7795353531837463, 0.3334575891494751, 0.6846746802330017, 0.8341952562332153, 0.6619385480880737, 0.8226577639579773, 0.6844848394393921, 0.6147677898406982, 0.5660600066184998, 0.7072034478187561, 0.6463709473609924, 0.6183333396911621, 0.5910443663597107, 0.6105411648750305, 0.5890588164329529, 0.6217639446258545, 0.5821166038513184, 0.4515649676322937];[-149.32980346679688, -14.745948791503906, -5.14889669418335, -4.9360480308532715, -2.398200273513794, -3.9946837425231934, -4.715893745422363, -3.9172370433807373, -5.342091083526611, -4.158717155456543, -3.724517822265625, -3.4317498207092285, -4.319482803344727, -3.896073818206787, -3.756746530532837, -3.641005277633667, -3.6908328533172607, -3.598496437072754, -3.7502546310424805, -3.5500998497009277, -3.0286614894866943]
450;[19.606168746948242, 11.326602935791016, 2.6837096214294434, 2.5813591480255127, 1.9611272811889648, 1.7375259399414062, 1.7768795490264893, 1.7896023988723755, 2.1984190940856934, 2.7751564979553223, 2.739696979522705, 3.007019281387329, 2.829784870147705, 2.5158510208129883, 2.8307578563690186, 2.92501163482666, 2.759568691253662, 2.888033390045166, 2.985781192779541, 3.1317007541656494, 3.3402979373931885];[1.5035308599472046, 1.3228777647018433, 0.5113835334777832, 0.49325796961784363, 0.22566647827625275, 0.12301763892173767, 0.15200994908809662, 0.16273915767669678, 0.3824121057987213, 0.6711168885231018, 0.6580491662025452, 0.7861218452453613, 0.7100045680999756, 0.5634259581565857, 0.7106080055236816, 0.7483041286468506, 0.6810520887374878, 0.7402716875076294, 0.785618007183075, 0.8552505373954773, 0.9436550736427307];[-151.8433380126953, -71.83332824707031, -3.3179564476013184, -3.4310224056243896, -2.0874996185302734, -1.7628287076950073, -1.8484368324279785, -1.9035183191299438, -2.5913257598876953, -3.8930728435516357, -3.8696365356445312, -4.567050457000732, -4.128747940063477, -3.3579599857330322, -4.17341423034668, -4.465416431427002, -4.011520862579346, -4.394217014312744, -4.661256313323975, -5.111922740936279, -5.727454662322998]
500;[19.61858558654785, 6.772464752197266, 6.690495491027832, 6.834178447723389, 3.6626062393188477, 3.2635910511016846, 3.026984930038452, 3.0201287269592285, 2.5882391929626465, 2.5800859928131104, 2.6835381984710693, 2.901344060897827, 2.7797892093658447, 3.1183245182037354, 2.847494602203369, 2.8128745555877686, 3.0160467624664307, 2.6820616722106934, 2.6231460571289062, 2.5846526622772217, 2.4659459590911865];[1.5067291259765625, 1.4556455612182617, 1.4123190641403198, 1.515764594078064, 0.9844264984130859, 0.8326093554496765, 0.762026309967041, 0.7630146741867065, 0.5580471754074097, 0.5588180422782898, 0.6132935285568237, 0.7025324106216431, 0.6572329998016357, 0.8188136219978333, 0.7139249444007874, 0.703319251537323, 0.7986589074134827, 0.6529329419136047, 0.6254812479019165, 0.6024553775787354, 0.546207070350647];[-145.80203247070312, -16.44904136657715, -19.277076721191406, -20.296398162841797, -5.871882915496826, -4.9628214836120605, -4.448515892028809, -4.492223739624023, -3.558224678039551, -3.587961196899414, -3.835676670074463, -4.464014053344727, -4.205526351928711, -5.013463020324707, -4.257165908813477, -4.192045211791992, -4.749523639678955, -3.798567533493042, -3.6640076637268066, -3.5995144844055176, -3.331364393234253]
550;[19.599740982055664, 10.980306625366211, 3.3959500789642334, 2.677064895629883, 2.1722586154937744, 1.8883084058761597, 1.8748879432678223, 1.9879791736602783, 1.934208869934082, 1.9723514318466187, 1.7934021949768066, 1.9400509595870972, 1.8471533060073853, 1.8282662630081177, 1.796598196029663, 1.7909220457077026, 1.7372468709945679, 1.7647578716278076, 1.7397148609161377, 1.7129757404327393, 1.7449685335159302];[1.50727117061615, 1.3505364656448364, 0.8136206865310669, 0.5780278444290161, 0.33537521958351135, 0.20087791979312897, 0.194514200091362, 0.2678758502006531, 0.24217480421066284, 0.2674335539340973, 0.17304199934005737, 0.2540680766105652, 0.20330491662025452, 0.19811832904815674, 0.18386439979076385, 0.17794479429721832, 0.1538824588060379, 0.1712847352027893, 0.15889276564121246, 0.13928265869617462, 0.16194874048233032];[-149.0399627685547, -64.29214477539062, -4.724279880523682, -3.3001744747161865, -2.4945149421691895, -1.9989559650421143, -2.000925302505493, -2.2624199390411377, -2.170910120010376, -2.254732608795166, -1.925137996673584, -2.1670846939086914, -2.033090829849243, -2.0087778568267822, -1.977107286453247, -1.9687532186508179, -1.8762576580047607, -1.9272804260253906, -1.8865253925323486, -1.8441287279129028, -1.901786208152771]
600;[19.600278854370117, 6.726987361907959, 6.700984477996826, 6.8154778480529785, 6.7694268226623535, 6.730799674987793, 3.247439384460449, 3.213681697845459, 3.393995761871338, 3.4016311168670654, 3.0923357009887695, 2.992098331451416, 3.3446717262268066, 3.3919708728790283, 3.1449835300445557, 3.393667221069336, 3.19309139251709, 3.0291929244995117, 3.0010416507720947, 2.8826870918273926, 2.7558798789978027];[1.501469373703003, 1.3656190633773804, 1.2741584777832031, 1.4069888591766357, 1.389581561088562, 1.494850754737854, 0.8700381517410278, 0.8598156571388245, 0.9351989030838013, 0.9472561478614807, 0.8195746541023254, 0.7830323576927185, 0.9257021546363831, 0.9517707228660583, 0.8543531894683838, 0.9547078609466553, 0.8785305619239807, 0.8155954480171204, 0.7961995601654053, 0.7548685669898987, 0.6923550963401794];[-155.08706665039062, -17.50581169128418, -21.665468215942383, -21.8797664642334, -22.433818817138672, -21.124364852905273, -4.991811275482178, -4.957125663757324, -5.53647518157959, -5.611001014709473, -4.768476486206055, -4.566421031951904, -5.48369026184082, -5.753583908081055, -5.04819393157959, -5.755977630615234, -5.177003860473633, -4.771981239318848, -4.693004608154297, -4.373185634613037, -4.032171726226807]
650;[19.609243392944336, 6.753690242767334, 3.3358559608459473, 3.0913116931915283, 2.853330612182617, 3.6356687545776367, 3.0652129650115967, 2.8605546951293945, 2.7213876247406006, 2.6496920585632324, 2.81745982170105, 2.6884734630584717, 2.485809087753296, 2.3430795669555664, 2.3503060340881348, 2.1886985301971436, 2.142886161804199, 2.261753797531128, 2.4836249351501465, 2.449822425842285, 2.3215548992156982];[1.5071781873703003, 1.3840245008468628, 0.8171765208244324, 0.7580226063728333, 0.6742896437644958, 0.9902597069740295, 0.7902039885520935, 0.7107775807380676, 0.6483076214790344, 0.6093408465385437, 0.7011029720306396, 0.636430561542511, 0.5450657606124878, 0.4736384153366089, 0.4816598892211914, 0.3963835537433624, 0.368142694234848, 0.4340990483760834, 0.5539443492889404, 0.5346198081970215, 0.46962183713912964];[-153.84912109375, -16.928525924682617, -4.510101795196533, -4.153677463531494, -3.7562813758850098, -6.0578203201293945, -4.476361274719238, -4.075253009796143, -3.7676477432250977, -3.609030246734619, -4.052768230438232, -3.7619736194610596, -3.2888078689575195, -2.9745874404907227, -2.999011516571045, -2.6520886421203613, -2.5652661323547363, -2.8445465564727783, -3.3551385402679443, -3.284799098968506, -3.0260627269744873]
700;[19.62272834777832, 11.299360275268555, 3.044846773147583, 2.0565974712371826, 2.035383939743042, 2.444150924682617, 2.389735460281372, 2.20123028755188, 2.450946807861328, 2.1923630237579346, 2.043661117553711, 2.098069667816162, 2.1720285415649414, 2.183732032775879, 2.040552854537964, 1.9422298669815063, 1.9172337055206299, 1.9237419366836548, 1.9960862398147583, 1.9304938316345215, 1.8720365762710571];[1.5059008598327637, 1.3257615566253662, 0.6271293759346008, 0.26184865832328796, 0.2675175964832306, 0.46749937534332275, 0.45095890760421753, 0.36529791355133057, 0.4835042655467987, 0.37615105509757996, 0.29761528968811035, 0.3376273810863495, 0.3771930932998657, 0.38388901948928833, 0.31268310546875, 0.26383328437805176, 0.24621672928333282, 0.2520158886909485, 0.29705384373664856, 0.2620859444141388, 0.22883468866348267];[-153.39105224609375, -71.5164566040039, -4.067708492279053, -2.1662094593048096, -2.1975584030151367, -3.0704550743103027, -3.091392755508423, -2.674623489379883, -3.3458001613616943, -2.7662253379821777, -2.4109976291656494, -2.555056095123291, -2.6824307441711426, -2.718190908432007, -2.4407522678375244, -2.2742676734924316, -2.2097761631011963, -2.216338872909546, -2.4146153926849365, -2.263409376144409, -2.1555213928222656]
750;[19.619277954101562, 11.002026557922363, 4.426383018493652, 4.534803867340088, 3.362682580947876, 2.945918083190918, 3.1399264335632324, 2.9760873317718506, 3.1740992069244385, 3.3393008708953857, 3.4922823905944824, 3.295487642288208, 3.249513626098633, 3.611079216003418, 3.381909132003784, 3.248445510864258, 3.110658884048462, 2.9256842136383057, 3.268508195877075, 3.4432146549224854, 3.312955379486084];[1.5055729150772095, 1.4931427240371704, 1.158710241317749, 1.2145333290100098, 0.8765373229980469, 0.7294357419013977, 0.8145176768302917, 0.7573642730712891, 0.8451968431472778, 0.9151501655578613, 0.9729503393173218, 0.8997316956520081, 0.8844053149223328, 1.0276862382888794, 0.9435242414474487, 0.8984915018081665, 0.8402400016784668, 0.7626512050628662, 0.9103716015815735, 0.9739153385162354, 0.9290037751197815];[-151.58682250976562, -56.91389465332031, -7.480158805847168, -8.274860382080078, -4.975942611694336, -4.038018703460693, -4.630932807922363, -4.293397903442383, -4.8803391456604, -5.3686137199401855, -5.945278167724609, -5.447317123413086, -5.307338714599609, -6.443617343902588, -5.7706298828125, -5.316333770751953, -5.034106731414795, -4.4724907875061035, -5.423891067504883, -5.984908580780029, -5.645653247833252]
800;[19.624168395996094, 6.742836952209473, 6.631877422332764, 5.5796380043029785, 5.372747421264648, 5.245543003082275, 3.463094472885132, 3.437437057495117, 3.3187928199768066, 3.337332248687744, 3.2884838581085205, 2.6856725215911865, 2.559419631958008, 2.656161308288574, 2.7778708934783936, 2.5683088302612305, 2.5813632011413574, 2.512143135070801, 2.6855385303497314, 2.736682176589966, 2.464012861251831];[1.5057421922683716, 1.4460879564285278, 1.3504832983016968, 1.2880067825317383, 1.2515320777893066, 1.2078356742858887, 0.8921260237693787, 0.879648745059967, 0.8289639353752136, 0.8394232392311096, 0.8198045492172241, 0.6123976707458496, 0.5527430176734924, 0.5982309579849243, 0.6609736680984497, 0.5813947916030884, 0.5835495591163635, 0.5485721826553345, 0.6371641159057617, 0.671174943447113, 0.5450250506401062];[-153.67041015625, -16.1506404876709, -19.18817901611328, -13.922921180725098, -13.726276397705078, -14.13724136352539, -5.909722328186035, -5.924091815948486, -5.743038177490234, -5.8579182624816895, -5.776982307434082, -3.899421453475952, -3.6152236461639404, -3.9545586109161377, -4.204196929931641, -3.626164197921753, -3.6593689918518066, -3.5416033267974854, -3.9493484497070312, -4.03664493560791, -3.3193187713623047]
850;[19.599803924560547, 10.866142272949219, 10.834856033325195, 10.809918403625488, 10.79736614227295, 3.0632219314575195, 3.2829864025115967, 2.197812080383301, 2.04132080078125, 1.916873574256897, 2.225186347961426, 2.1114730834960938, 2.0995383262634277, 2.181851625442505, 2.0737128257751465, 2.0308079719543457, 1.9654141664505005, 1.9837509393692017, 2.085984468460083, 2.356529951095581, 2.2862436771392822];[1.506380558013916, 1.397739052772522, 1.384045124053955, 1.4102119207382202, 1.4019911289215088, 0.7056828141212463, 0.8136158585548401, 0.37308526039123535, 0.29700353741645813, 0.23085585236549377, 0.4019094705581665, 0.34855449199676514, 0.3429780602455139, 0.38858330249786377, 0.32808783650398254, 0.30602583289146423, 0.2711024582386017, 0.2840125560760498, 0.3445684015750885, 0.4858946204185486, 0.45064860582351685];[-156.58274841308594, -60.651004791259766, -65.78260803222656, -66.59103393554688, -69.17842864990234, -4.8361496925354, -5.329401969909668, -2.5507428646087646, -2.296898603439331, -2.0867066383361816, -2.701483964920044, -2.503268003463745, -2.5231640338897705, -2.698026418685913, -2.489466428756714, -2.382687568664551, -2.271791458129883, -2.323598623275757, -2.5021109580993652, -3.0899970531463623, -2.9366250038146973]
900;[19.611408233642578, 11.107417106628418, 10.928820610046387, 11.005102157592773, 11.025870323181152, 10.869616508483887, 10.859624862670898, 10.853232383728027, 3.181705951690674, 4.050458908081055, 3.519726514816284, 3.196162462234497, 2.9586071968078613, 2.814906120300293, 2.661916494369507, 2.5326900482177734, 2.3803486824035645, 2.3246285915374756, 2.266568660736084, 2.179724931716919, 2.1135568618774414];[1.50496506690979, 1.7115052938461304, 1.6280474662780762, 1.669948697090149, 1.6981555223464966, 1.6538748741149902, 1.6404262781143188, 1.6160060167312622, 0.8401037454605103, 1.1506747007369995, 0.9866248965263367, 0.864209771156311, 0.7544086575508118, 0.685555100440979, 0.6260340213775635, 0.5703794360160828, 0.499639093875885, 0.4668068587779999, 0.43765971064567566, 0.3974185883998871, 0.36137810349464417];[-153.94790649414062, -47.47474670410156, -56.396766662597656, -56.775611877441406, -57.122642517089844, -59.7590217590332, -61.32822799682617, -61.95893478393555, -4.885820388793945, -7.659114837646484, -5.959113121032715, -5.111335277557373, -4.524187088012695, -4.210493087768555, -3.8105242252349854, -3.470621109008789, -3.1209981441497803, -3.0193796157836914, -2.897348642349243, -2.6977758407592773, -2.556907892227173]
950;[19.618736267089844, 10.95073127746582, 10.879777908325195, 4.116857528686523, 3.723684787750244, 3.2733092308044434, 3.0219359397888184, 2.8896865844726562, 2.724912405014038, 2.6497037410736084, 2.6017773151397705, 2.3819801807403564, 2.4531233310699463, 2.5145456790924072, 2.437910556793213, 2.3795711994171143, 2.8295462131500244, 2.711061477661133, 2.6283249855041504, 2.40682315826416, 2.308028221130371];[1.5050996541976929, 1.3610467910766602, 1.6448708772659302, 1.071272373199463, 1.00068998336792, 0.8643761277198792, 0.7692663669586182, 0.7188044786453247, 0.6468137502670288, 0.6188559532165527, 0.5980156064033508, 0.4927074909210205, 0.5282052755355835, 0.5661708116531372, 0.5252925157546997, 0.49939095973968506, 0.7142014503479004, 0.6697594523429871, 0.6254107356071472, 0.5170132517814636, 0.46664851903915405];[-150.32244873046875, -63.77790832519531, -54.04403305053711, -7.086388111114502, -6.115262985229492, -4.922124862670898, -4.321649551391602, -4.072166442871094, -3.6956348419189453, -3.61073637008667, -3.5098204612731934, -3.039346933364868, -3.1877386569976807, -3.347989797592163, -3.18583607673645, -3.086371660232544, -4.165590763092041, -3.894336462020874, -3.706575393676758, -3.1745822429656982, -2.965334415435791]
1000;[19.583219528198242, 7.129859447479248, 6.872063159942627, 6.823444366455078, 3.6400225162506104, 3.028935432434082, 2.7569642066955566, 2.3351683616638184, 2.1587698459625244, 2.2706165313720703, 2.5153963565826416, 3.041268825531006, 3.3782646656036377, 3.3749594688415527, 3.1936779022216797, 3.170149564743042, 3.527320623397827, 3.405287504196167, 3.3003714084625244, 3.1498489379882812, 3.2370147705078125];[1.5048176050186157, 1.5079188346862793, 1.5545897483825684, 1.5626178979873657, 0.8802853226661682, 0.7135920524597168, 0.5911415219306946, 0.4316742420196533, 0.35205280780792236, 0.41399654746055603, 0.5446406006813049, 0.8084879517555237, 0.9426168203353882, 0.9435005187988281, 0.8761103749275208, 0.8703065514564514, 1.0029258728027344, 0.9582569599151611, 0.9240807890892029, 0.8647057414054871, 0.9033315181732178];[-146.6394805908203, -17.85581398010254, -17.79656410217285, -19.13828468322754, -6.257205963134766, -4.499269485473633, -4.036008834838867, -3.0035321712493896, -2.6169474124908447, -2.8573927879333496, -3.3478786945343018, -4.64249324798584, -5.678197860717773, -5.6748127937316895, -5.158013820648193, -5.104892730712891, -6.236614227294922, -5.840023994445801, -5.510026454925537, -5.1016364097595215, -5.385424613952637]
1050;[19.599123001098633, 10.893546104431152, 10.837271690368652, 2.6507673263549805, 2.1887502670288086, 2.553645610809326, 2.3371617794036865, 2.7643582820892334, 2.6088695526123047, 2.4583678245544434, 2.3828303813934326, 2.3825621604919434, 2.301481246948242, 2.582460403442383, 2.735072135925293, 2.588923931121826, 2.8662283420562744, 2.7660982608795166, 2.6700921058654785, 2.9435675144195557, 3.0647594928741455];[1.5067322254180908, 1.3804130554199219, 1.3967063426971436, 0.5475956201553345, 0.34567078948020935, 0.5448050498962402, 0.4472936689853668, 0.6658735871315002, 0.5873111486434937, 0.5227537155151367, 0.48792922496795654, 0.4855427145957947, 0.44814202189445496, 0.5866428017616272, 0.6756997108459473, 0.6035595536231995, 0.7377817034721375, 0.6924381852149963, 0.6487440466880798, 0.7702391147613525, 0.8179376721382141];[-149.36273193359375, -62.01874923706055, -64.25482177734375, -3.173457622528076, -2.425941228866577, -3.2447662353515625, -2.826559066772461, -3.8043723106384277, -3.4485232830047607, -3.1561596393585205, -3.0502288341522217, -3.0385963916778564, -2.866370439529419, -3.5364179611206055, -3.919337272644043, -3.538259983062744, -4.264999866485596, -4.034967422485352, -3.8024673461914062, -4.550896167755127, -4.967108249664307]
1100;[19.623069763183594, 11.042245864868164, 5.191149711608887, 4.5431108474731445, 3.602335214614868, 4.138936996459961, 3.752368450164795, 3.732966899871826, 3.480881690979004, 2.8260810375213623, 2.7670717239379883, 2.8839588165283203, 2.631361722946167, 2.5050249099731445, 2.4636614322662354, 2.3574678897857666, 2.273118495941162, 2.2136783599853516, 2.1505520343780518, 2.158029317855835, 2.2568445205688477];[1.5054816007614136, 1.637174129486084, 1.2888069152832031, 1.096441388130188, 0.9140835404396057, 1.1323010921478271, 1.0055915117263794, 1.0021957159042358, 0.9272261261940002, 0.6993939876556396, 0.6723001599311829, 0.7267194986343384, 0.6217656135559082, 0.5563268661499023, 0.5367118120193481, 0.48805588483810425, 0.4381517767906189, 0.4113371968269348, 0.38148263096809387, 0.3818820118904114, 0.43612128496170044];[-154.11451721191406, -50.3519401550293, -10.570486068725586, -9.363969802856445, -6.025495529174805, -7.770597457885742, -6.7294111251831055, -6.7473955154418945, -5.905672073364258, -4.043132305145264, -3.9331204891204834, -4.289132118225098, -3.6294665336608887, -3.363783597946167, -3.2868762016296387, -3.053523063659668, -2.8574414253234863, -2.734673261642456, -2.6179285049438477, -2.6516284942626953, -2.8521645069122314]
1150;[19.6011962890625, 11.101731300354004, 5.816658973693848, 5.465126991271973, 5.271186351776123, 3.3751184940338135, 3.3226609230041504, 3.4350690841674805, 3.3435027599334717, 3.2285196781158447, 3.1798393726348877, 2.368422508239746, 2.640854835510254, 2.367469549179077, 2.3071699142456055, 2.3063156604766846, 2.6796014308929443, 2.3691399097442627, 2.199721574783325, 2.3831496238708496, 2.527229070663452];[1.5053765773773193, 1.7173168659210205, 1.3104838132858276, 1.2219167947769165, 1.1593351364135742, 0.8181324005126953, 0.8075584173202515, 0.8497154712677002, 0.8242272138595581, 0.7781769037246704, 0.7548312544822693, 0.4627237617969513, 0.6048411130905151, 0.47828128933906555, 0.4509410858154297, 0.45244261622428894, 0.6236829161643982, 0.4893741309642792, 0.40213334560394287, 0.5021207928657532, 0.5764492750167847];[-153.02622985839844, -46.703590393066406, -14.362985610961914, -13.910869598388672, -14.074034690856934, -5.743541240692139, -5.703675746917725, -5.939746856689453, -5.931056976318359, -5.7098822593688965, -5.6385111808776855, -3.2139999866485596, -3.807310104370117, -3.1049540042877197, -2.9678564071655273, -2.9639203548431396, -3.964634418487549, -3.151221513748169, -2.7392284870147705, -3.1148974895477295, -3.470794439315796]
1200;[19.607494354248047, 10.947039604187012, 10.85143756866455, 2.7930846214294434, 2.331644058227539, 2.1773767471313477, 2.029240131378174, 1.9110500812530518, 1.9398273229599, 2.3688526153564453, 2.289154052734375, 2.2566747665405273, 2.5157203674316406, 2.3458046913146973, 2.1543877124786377, 2.215120792388916, 2.1715505123138428, 2.0196454524993896, 1.9193726778030396, 1.8692976236343384, 1.8571668863296509];[1.5042393207550049, 1.3485291004180908, 1.3967459201812744, 0.6146201491355896, 0.4243372976779938, 0.35118988156318665, 0.28436219692230225, 0.22578269243240356, 0.2453649342060089, 0.46600082516670227, 0.4323727488517761, 0.41918373107910156, 0.5342535376548767, 0.4647035598754883, 0.3765678107738495, 0.4082143008708954, 0.3816694915294647, 0.3073045015335083, 0.2527357041835785, 0.22825436294078827, 0.22046789526939392];[-149.67286682128906, -64.3943862915039, -64.26266479492188, -3.51809024810791, -2.715769052505493, -2.508481979370117, -2.249358892440796, -2.0671234130859375, -2.136604070663452, -3.0509750843048096, -2.8905630111694336, -2.8643229007720947, -3.5240631103515625, -3.0992860794067383, -2.6925220489501953, -2.825514793395996, -2.7052886486053467, -2.3951616287231445, -2.1880695819854736, -2.121885299682617, -2.095168352127075]
1250;[19.587186813354492, 11.125715255737305, 10.937775611877441, 10.965130805969238, 10.993228912353516, 4.3031110763549805, 3.824399948120117, 3.519899606704712, 3.377305269241333, 3.113124132156372, 2.776693344116211, 2.602896213531494, 2.556635856628418, 2.3215837478637695, 2.231748580932617, 2.270716905593872, 1.9986697435379028, 2.0431411266326904, 2.06404709815979, 2.0336742401123047, 1.9716296195983887];[1.5069270133972168, 1.6935032606124878, 1.6093506813049316, 1.6562745571136475, 1.6264126300811768, 1.1967054605484009, 1.0685222148895264, 0.9462940096855164, 0.9101662635803223, 0.793198823928833, 0.6658300757408142, 0.5843472480773926, 0.5626086592674255, 0.45430997014045715, 0.41108381748199463, 0.43468233942985535, 0.29239606857299805, 0.31664812564849854, 0.33312419056892395, 0.31459665298461914, 0.2828655540943146];[-149.9051971435547, -49.34050750732422, -56.53742218017578, -57.27330017089844, -61.222896575927734, -8.063724517822266, -6.676884174346924, -5.897319793701172, -5.584890365600586, -4.959697246551514, -4.008715629577637, -3.595714807510376, -3.5947158336639404, -2.998677968978882, -2.8405139446258545, -2.9615042209625244, -2.35138201713562, -2.425490379333496, -2.4650065898895264, -2.4011406898498535, -2.285954475402832]
1300;[19.600337982177734, 10.89596939086914, 3.481593370437622, 2.945230007171631, 2.7054221630096436, 3.516550302505493, 2.9248266220092773, 2.724663496017456, 2.4545254707336426, 2.6739444732666016, 2.682295560836792, 2.515648126602173, 2.3815414905548096, 2.2590880393981934, 2.564324378967285, 2.4761621952056885, 2.451046943664551, 2.44582200050354, 2.3325536251068115, 2.3363196849823, 2.394439935684204];[1.5058543682098389, 1.3882129192352295, 0.8708106875419617, 0.6908310055732727, 0.6121646165847778, 0.9247334003448486, 0.7236649990081787, 0.6355922818183899, 0.5211518406867981, 0.6248965859413147, 0.6366637945175171, 0.5599265098571777, 0.49357375502586365, 0.4275611639022827, 0.5783441066741943, 0.5364871025085449, 0.5231924653053284, 0.5212762355804443, 0.4684748947620392, 0.4703664779663086, 0.5040711164474487];[-148.8936767578125, -61.024593353271484, -4.835540294647217, -3.7357912063598633, -3.4496853351593018, -5.8434576988220215, -4.124181747436523, -3.6292848587036133, -3.125154495239258, -3.595078468322754, -3.6983742713928223, -3.324955463409424, -3.047928810119629, -2.831505537033081, -3.5983786582946777, -3.392059564590454, -3.3477303981781006, -3.3505420684814453, -3.0718026161193848, -3.0604991912841797, -3.235400915145874]
1350;[19.606346130371094, 11.161673545837402, 5.2253947257995605, 5.261906623840332, 5.396745681762695, 3.1350152492523193, 3.3361968994140625, 2.914370059967041, 2.5946035385131836, 2.8720624446868896, 2.894772529602051, 2.6726016998291016, 3.2766501903533936, 3.1487107276916504, 2.966155767440796, 3.103829860687256, 3.1646010875701904, 2.9132747650146484, 3.2789130210876465, 3.130869150161743, 3.259669542312622];[1.5064271688461304, 1.3246017694473267, 1.054235577583313, 1.0940800905227661, 1.1482579708099365, 0.7174108624458313, 0.7899993062019348, 0.6657667756080627, 0.5546321868896484, 0.6653313636779785, 0.6853468418121338, 0.6001967787742615, 0.8902246356010437, 0.835177481174469, 0.7713170051574707, 0.8225622773170471, 0.8444302082061768, 0.753557562828064, 0.9170644283294678, 0.8611552715301514, 0.9102134704589844];[-158.31321716308594, -69.38439178466797, -13.160561561584473, -14.456473350524902, -15.369091987609863, -5.064857482910156, -6.024768829345703, -4.628464221954346, -3.7024223804473877, -4.547774791717529, -4.526216506958008, -3.9001920223236084, -5.401418685913086, -5.116547107696533, -4.55657958984375, -5.0082502365112305, -5.178830623626709, -4.460474491119385, -5.496165752410889, -5.056345462799072, -5.473247528076172]
1400;[19.60564422607422, 10.993804931640625, 5.036756992340088, 4.581926345825195, 3.367785692214966, 3.3109734058380127, 2.853944778442383, 2.6074283123016357, 2.5868520736694336, 2.458218574523926, 2.5348758697509766, 2.529099702835083, 2.8416924476623535, 2.7737066745758057, 3.027334690093994, 3.1456055641174316, 2.961435317993164, 2.885876178741455, 3.188300848007202, 3.1370177268981934, 3.088344097137451];[1.5068955421447754, 1.6642754077911377, 1.231858491897583, 1.11757230758667, 0.8487845063209534, 0.8368273377418518, 0.6803966760635376, 0.578027606010437, 0.5752098560333252, 0.5215166211128235, 0.5660326480865479, 0.5607852339744568, 0.6962237358093262, 0.6773234605789185, 0.7960066199302673, 0.84623122215271, 0.775383710861206, 0.7414795160293579, 0.8773965239524841, 0.8573693633079529, 0.8393670916557312];[-152.33116149902344, -50.570953369140625, -10.032289505004883, -9.467519760131836, -5.223944664001465, -5.249822616577148, -4.042391777038574, -3.4436757564544678, -3.4136340618133545, -3.1749279499053955, -3.3815717697143555, -3.38151216506958, -4.186671733856201, -4.052404403686523, -4.697981834411621, -5.08795166015625, -4.586381912231445, -4.349309921264648, -5.2169575691223145, -5.073340892791748, -4.940881729125977]
1450;[19.62308120727539, 10.89392375946045, 10.852595329284668, 3.578153610229492, 3.199045419692993, 2.669015407562256, 2.3943865299224854, 2.219628095626831, 2.058486223220825, 2.210634708404541, 2.1771347522735596, 2.399242401123047, 2.455812692642212, 2.327479362487793, 2.2380776405334473, 2.1724538803100586, 2.0951364040374756, 2.2896158695220947, 2.241685390472412, 2.012866258621216, 2.2756950855255127];[1.5109329223632812, 1.5697163343429565, 1.5132139921188354, 0.9414346814155579, 0.8206307888031006, 0.5835440158843994, 0.47112277150154114, 0.385079026222229, 0.3085632622241974, 0.3956095576286316, 0.37373992800712585, 0.495194673538208, 0.5358913540840149, 0.4606570899486542, 0.4158710241317749, 0.3851722776889801, 0.34549614787101746, 0.45130324363708496, 0.4268300533294678, 0.3056308627128601, 0.44949662685394287];[-152.7705535888672, -53.3284797668457, -60.45143508911133, -5.267218112945557, -4.542059421539307, -3.4948890209198, -2.916518211364746, -2.6246979236602783, -2.340273380279541, -2.627399206161499, -2.584270715713501, -3.062408208847046, -3.241246223449707, -2.973073959350586, -2.8042473793029785, -2.6829042434692383, -2.537801742553711, -2.903698444366455, -2.819551944732666, -2.3541669845581055, -2.893601417541504]
1500;[19.61345863342285, 6.861797332763672, 6.769553184509277, 6.6194376945495605, 6.66976261138916, 6.682376861572266, 4.73359489440918, 4.500253677368164, 3.268908977508545, 3.844439744949341, 3.7541844844818115, 3.2836809158325195, 3.0558876991271973, 2.9109630584716797, 2.8073625564575195, 2.5298445224761963, 2.4397614002227783, 2.4167771339416504, 2.171807289123535, 2.3854660987854004, 2.270603656768799];[1.5054144859313965, 1.4882198572158813, 1.4871691465377808, 1.4202361106872559, 1.479896068572998, 1.498671531677246, 1.2899842262268066, 1.2336915731430054, 0.8843590021133423, 1.0850801467895508, 1.0591059923171997, 0.9109044671058655, 0.8127316832542419, 0.7465447783470154, 0.6972084045410156, 0.5748948454856873, 0.5274198055267334, 0.5149825811386108, 0.3923322260379791, 0.5030863285064697, 0.4446924924850464];[-153.07765197753906, -16.368249893188477, -18.784442901611328, -20.09377670288086, -20.60590171813965, -20.402482986450195, -10.081823348999023, -9.489592552185059, -5.1412882804870605, -6.949892520904541, -6.8648176193237305, -5.362218856811523, -4.761765956878662, -4.389737606048584, -4.164583683013916, -3.4421494007110596, -3.256016731262207, -3.2237296104431152, -2.674119472503662, -3.152010440826416, -2.9005517959594727]
