Seed;RMSE History;MMD History;Log-Likelihood History
50;[16.376911163330078, 8.140886306762695, 4.35774564743042, 4.032912731170654, 3.743886709213257, 2.9114785194396973, 2.833575487136841, 2.4398229122161865, 2.295057535171509, 2.078033447265625, 2.1026952266693115, 2.1303796768188477, 2.033663749694824, 2.002690315246582, 2.0130834579467773, 1.9826222658157349, 1.9672809839248657, 1.9238030910491943, 1.9156759977340698, 1.8730708360671997, 1.914686918258667];[1.397889256477356, 1.3081696033477783, 0.934753954410553, 0.8472157120704651, 0.7580557465553284, 0.48272308707237244, 0.461050420999527, 0.2915900945663452, 0.22773534059524536, 0.13691845536231995, 0.1534600406885147, 0.16742238402366638, 0.12322168052196503, 0.11502309888601303, 0.11638327687978745, 0.10701113939285278, 0.10201025009155273, 0.08058623969554901, 0.07739762961864471, 0.06370331346988678, 0.07799980044364929];[-73.03792572021484, -19.90842056274414, -5.400935173034668, -4.993784427642822, -4.694431781768799, -3.14750337600708, -3.081399917602539, -2.459754467010498, -2.258399248123169, -1.9813238382339478, -2.0317161083221436, -2.079223871231079, -1.959385633468628, -1.9205026626586914, -1.9329742193222046, -1.900231957435608, -1.8912233114242554, -1.8314323425292969, -1.819769024848938, -1.781193733215332, -1.8243058919906616]
100;[16.369844436645508, 8.236339569091797, 4.973143100738525, 4.166943073272705, 4.04855489730835, 3.358103036880493, 3.221710443496704, 2.8411760330200195, 2.4666788578033447, 2.4792819023132324, 2.371023654937744, 2.2169010639190674, 2.2015342712402344, 2.097301483154297, 2.017763614654541, 1.972873568534851, 1.9075742959976196, 1.914361596107483, 1.8786391019821167, 1.8674185276031494, 1.8927656412124634];[1.3970413208007812, 1.4210187196731567, 1.0948063135147095, 0.8987433910369873, 0.866464376449585, 0.6602745056152344, 0.6086793541908264, 0.46578526496887207, 0.3086804449558258, 0.3185926675796509, 0.27118170261383057, 0.20594990253448486, 0.19792740046977997, 0.1533975750207901, 0.12258653342723846, 0.10036396980285645, 0.07422453165054321, 0.07952973991632462, 0.0626705214381218, 0.05817660316824913, 0.0673837661743164];[-72.28092193603516, -19.263132095336914, -6.662341117858887, -5.513497352600098, -5.46806526184082, -3.940887689590454, -3.740964412689209, -3.0658159255981445, -2.5321619510650635, -2.542372226715088, -2.402639150619507, -2.1925723552703857, -2.177001953125, -2.035653591156006, -1.952244520187378, -1.8965041637420654, -1.8099658489227295, -1.828189730644226, -1.7763479948043823, -1.768476128578186, -1.787785291671753]
150;[16.36842918395996, 8.136062622070312, 8.004867553710938, 3.440277099609375, 3.1939330101013184, 3.166445255279541, 2.7705435752868652, 2.5294253826141357, 2.3946945667266846, 2.241691827774048, 2.13822340965271, 2.007187604904175, 1.9518734216690063, 1.922797679901123, 1.7992401123046875, 1.8020652532577515, 1.7752946615219116, 1.769120216369629, 1.7758421897888184, 1.7956452369689941, 1.7971899509429932];[1.3987120389938354, 1.4081144332885742, 1.3038952350616455, 0.6676406860351562, 0.5918270945549011, 0.5835376977920532, 0.42807188630104065, 0.32456207275390625, 0.2782883048057556, 0.2112320512533188, 0.16822318732738495, 0.1098434254527092, 0.09070944786071777, 0.08178601413965225, 0.025959758087992668, 0.028493480756878853, 0.019817151129245758, 0.017213277518749237, 0.016749227419495583, 0.027563581243157387, 0.027863645926117897];[-71.65807342529297, -18.09330940246582, -21.928451538085938, -3.8924362659454346, -3.5539183616638184, -3.529168128967285, -2.920217275619507, -2.5668609142303467, -2.419516086578369, -2.2100822925567627, -2.0853354930877686, -1.9122369289398193, -1.8599811792373657, -1.826959490776062, -1.6750378608703613, -1.6822911500930786, -1.6567654609680176, -1.648372769355774, -1.6487987041473389, -1.67986261844635, -1.6840661764144897]
200;[16.373374938964844, 8.238615989685059, 4.860447883605957, 3.957498073577881, 3.4815454483032227, 2.888850688934326, 2.794147253036499, 2.652054786682129, 2.6607489585876465, 2.7041542530059814, 2.5115020275115967, 2.566941261291504, 2.534876585006714, 2.388854742050171, 2.3061025142669678, 2.199061632156372, 2.146585702896118, 2.130460262298584, 2.0882043838500977, 2.0584776401519775, 1.9867677688598633];[1.395896315574646, 1.4385687112808228, 1.0535818338394165, 0.8530406355857849, 0.6788356304168701, 0.47203677892684937, 0.44007623195648193, 0.3798946440219879, 0.394363671541214, 0.4129871129989624, 0.3341136574745178, 0.35834136605262756, 0.3486328125, 0.28397178649902344, 0.2527722120285034, 0.20292499661445618, 0.1782393455505371, 0.17309504747390747, 0.15684378147125244, 0.14095832407474518, 0.11370489001274109];[-72.9843521118164, -17.936973571777344, -6.540985584259033, -4.863173007965088, -4.1045732498168945, -3.09367299079895, -2.989450693130493, -2.7710258960723877, -2.8253061771392822, -2.901594638824463, -2.6199862957000732, -2.7003283500671387, -2.6721155643463135, -2.4508895874023438, -2.3541107177734375, -2.19216251373291, -2.1283936500549316, -2.1091387271881104, -2.0485315322875977, -2.0098986625671387, -1.9251043796539307]
250;[16.361940383911133, 11.409566879272461, 4.789144992828369, 3.7206878662109375, 2.9286022186279297, 2.504009485244751, 2.4621219635009766, 2.313066005706787, 2.3454947471618652, 2.1215615272521973, 2.059840679168701, 2.0590670108795166, 2.1477701663970947, 2.1567163467407227, 2.156973361968994, 2.148451805114746, 2.167546272277832, 2.182582139968872, 2.0714099407196045, 2.0646798610687256, 1.9349032640457153];[1.397222876548767, 1.408389687538147, 1.0577845573425293, 0.7382427453994751, 0.4716552495956421, 0.3064686059951782, 0.2956780195236206, 0.2368013709783554, 0.25077053904533386, 0.1576404720544815, 0.128854438662529, 0.13680678606033325, 0.17228646576404572, 0.18221819400787354, 0.18172462284564972, 0.17969800531864166, 0.1873966008424759, 0.20052365958690643, 0.14900721609592438, 0.1463504135608673, 0.08986181020736694];[-73.10462188720703, -45.30500793457031, -6.398720741271973, -4.562908172607422, -3.067643404006958, -2.4832167625427246, -2.458763837814331, -2.2965755462646484, -2.3427274227142334, -2.041215181350708, -1.9662981033325195, -1.986518383026123, -2.115601062774658, -2.132392406463623, -2.1227617263793945, -2.1269495487213135, -2.165908098220825, -2.1849234104156494, -2.02340030670166, -2.0232067108154297, -1.8589860200881958]
300;[16.380901336669922, 11.537755012512207, 4.546953201293945, 4.670388221740723, 4.196719169616699, 2.9403698444366455, 2.888604164123535, 2.7339954376220703, 2.3939995765686035, 2.198488473892212, 2.079920768737793, 2.040215253829956, 2.0958569049835205, 1.9864532947540283, 2.0024874210357666, 1.9601974487304688, 1.942691683769226, 1.9317680597305298, 1.9190396070480347, 1.9032634496688843, 1.9451282024383545];[1.3972654342651367, 1.318778395652771, 0.9395076036453247, 1.008774757385254, 0.8475627899169922, 0.4862802028656006, 0.471903920173645, 0.4177544116973877, 0.2757503390312195, 0.19440391659736633, 0.1426205188035965, 0.12840934097766876, 0.15043048560619354, 0.10488977283239365, 0.11533352732658386, 0.09725119918584824, 0.09191254526376724, 0.08620187640190125, 0.082636259496212, 0.07556315511465073, 0.0940774604678154];[-71.25759887695312, -49.2015266418457, -6.362619400024414, -6.843846321105957, -6.217299938201904, -3.2503368854522705, -3.2358715534210205, -3.069490909576416, -2.4435694217681885, -2.1758949756622314, -2.009589672088623, -1.9664896726608276, -2.050921678543091, -1.9033973217010498, -1.935187578201294, -1.879240870475769, -1.8581310510635376, -1.8526146411895752, -1.836411714553833, -1.816688060760498, -1.8741604089736938]
350;[16.37685203552246, 8.232129096984863, 4.477870941162109, 3.432253360748291, 2.9934277534484863, 2.6646969318389893, 2.436021089553833, 2.3578715324401855, 2.1643285751342773, 2.1292638778686523, 2.1038472652435303, 2.0498464107513428, 1.970741868019104, 2.0165483951568604, 1.962863564491272, 1.9422186613082886, 1.8736087083816528, 1.8850451707839966, 1.8573846817016602, 1.8437823057174683, 1.8196181058883667];[1.3971993923187256, 1.4164166450500488, 0.9579677581787109, 0.6639565825462341, 0.5076350569725037, 0.37975701689720154, 0.28579017519950867, 0.2533441185951233, 0.17115622758865356, 0.15793853998184204, 0.15159042179584503, 0.12752193212509155, 0.09722685068845749, 0.11515931040048599, 0.09439647942781448, 0.09054896980524063, 0.06149189919233322, 0.06399266421794891, 0.05565105751156807, 0.048319198191165924, 0.040132250636816025];[-71.22865295410156, -18.906105041503906, -5.726326942443848, -3.845977783203125, -3.2290101051330566, -2.7378082275390625, -2.432844638824463, -2.3351800441741943, -2.0927531719207764, -2.049802780151367, -2.0344815254211426, -1.9682221412658691, -1.8775759935379028, -1.9235059022903442, -1.866346001625061, -1.8510295152664185, -1.774733304977417, -1.7856979370117188, -1.7585023641586304, -1.7389938831329346, -1.7208954095840454]
400;[16.363100051879883, 11.43808364868164, 4.260543346405029, 3.7805068492889404, 3.4320921897888184, 3.3841357231140137, 3.369478464126587, 3.288447856903076, 2.6781411170959473, 2.294771671295166, 2.3020598888397217, 2.310445547103882, 2.1943771839141846, 2.143634080886841, 2.1289823055267334, 1.9990549087524414, 1.9615505933761597, 1.8967872858047485, 1.880113124847412, 1.885977029800415, 1.866011619567871];[1.3982000350952148, 1.34676194190979, 0.9170868396759033, 0.7644404768943787, 0.6425224542617798, 0.6314738988876343, 0.6324479579925537, 0.6041080951690674, 0.3922651410102844, 0.23504208028316498, 0.23870030045509338, 0.24673400819301605, 0.19509483873844147, 0.17848683893680573, 0.1735830307006836, 0.11353223770856857, 0.09888636320829391, 0.07068581879138947, 0.06374714523553848, 0.06725780665874481, 0.062601238489151];[-71.06763458251953, -47.0036506652832, -5.211127758026123, -4.652282238006592, -4.245102882385254, -4.276744842529297, -4.2898030281066895, -4.235803127288818, -2.975695848464966, -2.299675703048706, -2.317265272140503, -2.3448233604431152, -2.1784141063690186, -2.1319949626922607, -2.1147146224975586, -1.932225227355957, -1.8846713304519653, -1.8013311624526978, -1.7755612134933472, -1.788062572479248, -1.7729049921035767]
450;[16.369915008544922, 8.217978477478027, 4.0132832527160645, 3.070119619369507, 2.672029733657837, 2.472318649291992, 2.419527292251587, 2.2304160594940186, 2.135406732559204, 1.9394996166229248, 1.920989990234375, 1.8997496366500854, 1.8899598121643066, 1.8992286920547485, 1.8473423719406128, 1.8070601224899292, 1.7972440719604492, 1.8087393045425415, 1.8094971179962158, 1.8286899328231812, 1.8145804405212402];[1.396751880645752, 1.2653237581253052, 0.8319475650787354, 0.509850263595581, 0.36622703075408936, 0.2969558835029602, 0.27981963753700256, 0.20077364146709442, 0.16298669576644897, 0.07857650518417358, 0.07155588269233704, 0.06587191671133041, 0.06290075182914734, 0.07100775092840195, 0.04535156115889549, 0.032656099647283554, 0.025374338030815125, 0.032374247908592224, 0.03480004146695137, 0.04302741587162018, 0.03805212676525116];[-71.8649673461914, -21.226015090942383, -4.724597454071045, -3.188753604888916, -2.682962417602539, -2.480289936065674, -2.402247190475464, -2.176509141921997, -2.0633111000061035, -1.817354679107666, -1.7989190816879272, -1.7879148721694946, -1.776665449142456, -1.8002362251281738, -1.7226465940475464, -1.6925030946731567, -1.6716116666793823, -1.6915197372436523, -1.6982088088989258, -1.7210643291473389, -1.707881212234497]
500;[16.342056274414062, 11.400782585144043, 4.925191402435303, 4.395947456359863, 3.788864850997925, 3.1771044731140137, 2.7900731563568115, 2.6297037601470947, 2.511193037033081, 2.35002064704895, 2.2596182823181152, 2.2534573078155518, 2.2336955070495605, 2.1591615676879883, 2.0608222484588623, 2.0386247634887695, 1.9694033861160278, 1.9488320350646973, 1.9275755882263184, 1.923233151435852, 1.8758978843688965];[1.3953099250793457, 1.386016845703125, 1.0855964422225952, 0.984943687915802, 0.7945592999458313, 0.590424120426178, 0.43945610523223877, 0.3724087178707123, 0.32652175426483154, 0.26227840781211853, 0.2225881963968277, 0.21745264530181885, 0.21397385001182556, 0.1803223043680191, 0.1408204436302185, 0.13430272042751312, 0.10126166045665741, 0.09305085241794586, 0.08514159917831421, 0.08264502882957458, 0.06396608054637909];[-72.40740203857422, -46.09587860107422, -6.691091537475586, -5.831632614135742, -4.750949382781982, -3.5925583839416504, -3.0129330158233643, -2.7374515533447266, -2.588153123855591, -2.3629517555236816, -2.246105909347534, -2.2533724308013916, -2.232646942138672, -2.1247167587280273, -1.9935108423233032, -1.9717909097671509, -1.8917486667633057, -1.8601672649383545, -1.8416147232055664, -1.8428667783737183, -1.7851883172988892]
550;[16.384872436523438, 8.276159286499023, 4.799379825592041, 4.223779201507568, 3.4092156887054443, 2.9298806190490723, 2.8764233589172363, 2.756873846054077, 2.4496681690216064, 2.1109142303466797, 2.085693597793579, 1.961930513381958, 1.9777858257293701, 1.940207839012146, 1.8662582635879517, 1.880882740020752, 1.854220986366272, 1.8221896886825562, 1.8175204992294312, 1.8154369592666626, 1.8180269002914429];[1.399965524673462, 1.3987404108047485, 1.0639863014221191, 0.907965898513794, 0.678008496761322, 0.48955199122428894, 0.46406176686286926, 0.42624351382255554, 0.2988680601119995, 0.15123729407787323, 0.14296302199363708, 0.0928122028708458, 0.1035323366522789, 0.08535110205411911, 0.05538560822606087, 0.06012040749192238, 0.05088966339826584, 0.04143780842423439, 0.03619391843676567, 0.039115481078624725, 0.03945879265666008];[-71.69013977050781, -18.411317825317383, -6.510008335113525, -5.509304046630859, -3.926760673522949, -3.193023920059204, -3.125283718109131, -3.02653431892395, -2.504215955734253, -2.014697313308716, -2.0074310302734375, -1.8530880212783813, -1.8872534036636353, -1.8467042446136475, -1.7570947408676147, -1.7821835279464722, -1.747184157371521, -1.7160673141479492, -1.7030061483383179, -1.711809515953064, -1.708063006401062]
600;[16.371875762939453, 11.53348159790039, 11.4598970413208, 11.369261741638184, 11.361847877502441, 11.37600326538086, 3.6286733150482178, 2.698605537414551, 2.7054250240325928, 2.342773199081421, 2.0147969722747803, 1.9078238010406494, 1.841893196105957, 1.8556280136108398, 1.8554763793945312, 1.8474117517471313, 1.820578932762146, 1.8143742084503174, 1.8237545490264893, 1.7973353862762451, 1.7700210809707642];[1.3977935314178467, 1.3218990564346313, 1.366155982017517, 1.3825525045394897, 1.3803988695144653, 1.385280966758728, 0.7064477801322937, 0.39895641803741455, 0.4065594971179962, 0.26057347655296326, 0.11185404658317566, 0.06699968129396439, 0.04040379449725151, 0.05023795738816261, 0.05198165774345398, 0.048388104885816574, 0.03692800551652908, 0.036916449666023254, 0.04166106879711151, 0.029770679771900177, 0.020064372569322586];[-72.76250457763672, -49.402408599853516, -49.642948150634766, -50.220340728759766, -51.733516693115234, -53.01911163330078, -5.075961112976074, -2.9712698459625244, -3.000514268875122, -2.396275520324707, -1.918929100036621, -1.7849037647247314, -1.714872121810913, -1.7452034950256348, -1.7417938709259033, -1.7357388734817505, -1.7046895027160645, -1.7093452215194702, -1.7185723781585693, -1.682966947555542, -1.65840744972229]
650;[16.365907669067383, 11.490625381469727, 11.361329078674316, 4.080015182495117, 3.0802674293518066, 2.882359027862549, 2.883005142211914, 2.8573412895202637, 2.7488903999328613, 2.741248369216919, 2.521907329559326, 2.4664535522460938, 2.444619655609131, 2.4371883869171143, 2.300804376602173, 2.2555370330810547, 2.261840343475342, 2.2366185188293457, 2.2073981761932373, 2.194153308868408, 1.9724730253219604];[1.3927809000015259, 1.3311847448349, 1.3661044836044312, 0.8365870714187622, 0.5339723825454712, 0.46265625953674316, 0.47642195224761963, 0.4691287875175476, 0.4270993173122406, 0.4253789186477661, 0.3358222544193268, 0.315891295671463, 0.3065338134765625, 0.30847933888435364, 0.24616628885269165, 0.22983163595199585, 0.2302326261997223, 0.2199026495218277, 0.20931348204612732, 0.2072698026895523, 0.10479604452848434];[-71.73751831054688, -48.098514556884766, -49.77573776245117, -5.2919511795043945, -3.3353271484375, -3.0923819541931152, -3.1978254318237305, -3.168424367904663, -3.0379838943481445, -3.030301809310913, -2.6705987453460693, -2.6046271324157715, -2.5798287391662598, -2.5800647735595703, -2.3546228408813477, -2.3017406463623047, -2.305593967437744, -2.2819766998291016, -2.25236177444458, -2.2360827922821045, -1.9070045948028564]
700;[16.352001190185547, 8.094372749328613, 4.232255935668945, 3.5393259525299072, 3.3917016983032227, 3.2365427017211914, 3.2332630157470703, 3.2078542709350586, 3.1814661026000977, 2.666563034057617, 2.6677396297454834, 2.6093432903289795, 2.594572067260742, 2.5404303073883057, 2.5326356887817383, 2.4927868843078613, 2.472687005996704, 2.533820867538452, 2.47253680229187, 2.3307406902313232, 2.292559862136841];[1.3948147296905518, 1.2602341175079346, 0.8873555660247803, 0.6971881985664368, 0.6548729538917542, 0.6029250621795654, 0.6114259362220764, 0.598330020904541, 0.5995463728904724, 0.3998819589614868, 0.3981943428516388, 0.3770769238471985, 0.37655356526374817, 0.3509896397590637, 0.3531453609466553, 0.33419886231422424, 0.32329869270324707, 0.3516194820404053, 0.3314322233200073, 0.2618342638015747, 0.25166916847229004];[-70.16020202636719, -20.636083602905273, -5.115983009338379, -4.046107769012451, -3.942654609680176, -3.780460834503174, -3.8119046688079834, -3.8265380859375, -3.819027900695801, -2.8684821128845215, -2.877685785293579, -2.8264167308807373, -2.80732798576355, -2.7326455116271973, -2.752209424972534, -2.6713738441467285, -2.652134656906128, -2.747141122817993, -2.691690683364868, -2.411590576171875, -2.386032819747925]
750;[16.363067626953125, 8.086843490600586, 4.684066295623779, 4.42547082901001, 3.58164644241333, 3.376643180847168, 3.3667681217193604, 3.2743940353393555, 2.726224422454834, 2.783889055252075, 2.3326308727264404, 2.2971580028533936, 2.252087354660034, 2.2529473304748535, 2.053744316101074, 1.9757602214813232, 1.9487844705581665, 1.914229154586792, 1.8617851734161377, 1.9166585206985474, 1.8899989128112793];[1.3971993923187256, 1.4222772121429443, 0.9990055561065674, 0.9205508232116699, 0.7198087573051453, 0.6503217220306396, 0.6504238247871399, 0.6208864450454712, 0.4161809980869293, 0.44514453411102295, 0.25022611021995544, 0.24055767059326172, 0.22002628445625305, 0.22741930186748505, 0.13654553890228271, 0.10282240062952042, 0.0941486805677414, 0.0771690234541893, 0.05433677136898041, 0.07651650905609131, 0.06988061219453812];[-67.83625793457031, -17.356992721557617, -6.349841117858887, -6.241212844848633, -4.332828044891357, -4.064153671264648, -4.136529922485352, -4.037240982055664, -2.967758893966675, -3.069899797439575, -2.3409488201141357, -2.3220701217651367, -2.2494564056396484, -2.279106855392456, -1.991593360900879, -1.890934705734253, -1.870607852935791, -1.8179415464401245, -1.755354881286621, -1.8228213787078857, -1.7992836236953735]
800;[16.35968780517578, 11.460914611816406, 11.428908348083496, 11.425419807434082, 11.387613296508789, 11.392631530761719, 3.881225347518921, 2.7953739166259766, 2.4040584564208984, 2.3945298194885254, 2.0642824172973633, 2.1013684272766113, 1.9873504638671875, 1.9474992752075195, 1.9129722118377686, 1.883204698562622, 1.8959918022155762, 1.8942770957946777, 1.8699841499328613, 1.8405896425247192, 1.8283740282058716];[1.3976714611053467, 1.367960810661316, 1.364040493965149, 1.3697974681854248, 1.3998090028762817, 1.4055174589157104, 0.7931435108184814, 0.44188523292541504, 0.27857741713523865, 0.2802984118461609, 0.1359495222568512, 0.15038934350013733, 0.10087954252958298, 0.09012660384178162, 0.07642956078052521, 0.06651423126459122, 0.07157773524522781, 0.07129106670618057, 0.06216546520590782, 0.04770796373486519, 0.04422861710190773];[-71.7194595336914, -46.82402801513672, -48.832740783691406, -51.22666549682617, -51.63349914550781, -52.90684127807617, -5.507025241851807, -3.081977128982544, -2.4295144081115723, -2.4437055587768555, -1.9773133993148804, -2.029208183288574, -1.8827815055847168, -1.855553150177002, -1.8149168491363525, -1.777274489402771, -1.7994738817214966, -1.800901174545288, -1.7711604833602905, -1.7338753938674927, -1.7226295471191406]
850;[16.377588272094727, 8.2657470703125, 8.156046867370605, 3.667825222015381, 3.4634406566619873, 2.9703056812286377, 3.0448453426361084, 2.8718645572662354, 2.745830774307251, 2.5906553268432617, 2.5521340370178223, 2.296447992324829, 2.081821918487549, 1.944379448890686, 1.876301884651184, 1.8957682847976685, 1.8720240592956543, 1.857027292251587, 1.8215012550354004, 1.8328384160995483, 1.836979627609253];[1.3963427543640137, 1.4640498161315918, 1.3928635120391846, 0.7482441663742065, 0.686673641204834, 0.5089408755302429, 0.544407844543457, 0.4771067798137665, 0.42662838101387024, 0.36728957295417786, 0.35656070709228516, 0.24398431181907654, 0.1444891095161438, 0.09267523884773254, 0.05850020423531532, 0.06882282346487045, 0.05602533370256424, 0.05064839497208595, 0.039903827011585236, 0.04498356208205223, 0.046801988035440445];[-70.67257690429688, -18.287508010864258, -21.214258193969727, -4.232062816619873, -4.043645858764648, -3.2280080318450928, -3.382352352142334, -3.1356735229492188, -2.959684133529663, -2.7396106719970703, -2.684340476989746, -2.3187308311462402, -2.0281026363372803, -1.8554205894470215, -1.7703444957733154, -1.7963004112243652, -1.7615766525268555, -1.748966097831726, -1.7143356800079346, -1.7239227294921875, -1.7373744249343872]
900;[16.363178253173828, 8.234661102294922, 8.15200424194336, 8.106985092163086, 8.12800407409668, 8.106247901916504, 3.6812522411346436, 2.900376558303833, 3.004976749420166, 2.569894790649414, 2.337026834487915, 2.4270005226135254, 2.3069467544555664, 2.2383947372436523, 2.160281181335449, 2.1261696815490723, 2.1194546222686768, 2.1422274112701416, 2.0803351402282715, 2.106882333755493, 1.9347485303878784];[1.3949940204620361, 1.436765432357788, 1.3677735328674316, 1.317824363708496, 1.3239628076553345, 1.308610200881958, 0.730816125869751, 0.4841797351837158, 0.5215489268302917, 0.3590478003025055, 0.2549428939819336, 0.2943110764026642, 0.247151181101799, 0.21487738192081451, 0.18257290124893188, 0.1719687283039093, 0.16821828484535217, 0.17760108411312103, 0.15027600526809692, 0.1642812341451645, 0.09393766522407532];[-71.18006134033203, -18.148731231689453, -21.77637481689453, -23.410568237304688, -24.757766723632812, -25.467445373535156, -5.108205795288086, -3.287656307220459, -3.509958505630493, -2.7349600791931152, -2.3547277450561523, -2.5150930881500244, -2.3288674354553223, -2.2435848712921143, -2.1314783096313477, -2.1050915718078613, -2.0820224285125732, -2.1220462322235107, -2.042689085006714, -2.081341505050659, -1.8636198043823242]
950;[16.34657859802246, 8.149398803710938, 5.196775436401367, 4.90494441986084, 3.719719886779785, 3.591844081878662, 2.9379894733428955, 2.7319142818450928, 2.684345006942749, 2.512065887451172, 2.411531686782837, 2.377016544342041, 2.485440731048584, 2.449777126312256, 2.55932354927063, 2.4633333683013916, 2.3522722721099854, 2.2915380001068115, 2.221845865249634, 2.176692008972168, 2.0946309566497803];[1.3949438333511353, 1.399137020111084, 1.1534068584442139, 1.115442156791687, 0.7611557245254517, 0.7305088043212891, 0.5023891925811768, 0.41488897800445557, 0.3999985456466675, 0.33157530426979065, 0.288019061088562, 0.27100226283073425, 0.32637491822242737, 0.31586918234825134, 0.3660171627998352, 0.32306888699531555, 0.2704262435436249, 0.24790681898593903, 0.2162376046180725, 0.19243398308753967, 0.16159562766551971];[-69.52418518066406, -18.166908264160156, -7.336053848266602, -7.117535591125488, -4.667354106903076, -4.571160793304443, -3.2671689987182617, -2.888590097427368, -2.8541719913482666, -2.608950138092041, -2.463078260421753, -2.4008474349975586, -2.6140313148498535, -2.5544533729553223, -2.734616756439209, -2.589099407196045, -2.4170212745666504, -2.341370105743408, -2.2439022064208984, -2.1740670204162598, -2.080847978591919]
1000;[16.38182258605957, 11.568735122680664, 4.215814590454102, 3.803076982498169, 3.763427972793579, 3.736821174621582, 2.9164624214172363, 2.8675153255462646, 2.305884599685669, 2.1787362098693848, 2.081435441970825, 2.0992918014526367, 2.123880386352539, 2.1389248371124268, 2.110828399658203, 2.0953125953674316, 2.133695602416992, 2.100837230682373, 1.9218201637268066, 1.9637950658798218, 1.8841874599456787];[1.3992834091186523, 1.3105261325836182, 0.8754086494445801, 0.7374789714813232, 0.7239572405815125, 0.731660008430481, 0.47791150212287903, 0.46163490414619446, 0.23509638011455536, 0.18306228518486023, 0.1448068767786026, 0.15014663338661194, 0.16578996181488037, 0.16955655813217163, 0.16280557215213776, 0.16009889543056488, 0.17216500639915466, 0.1622471809387207, 0.08118036389350891, 0.1047508642077446, 0.06817875057458878];[-71.03240966796875, -49.995819091796875, -5.276281356811523, -4.874091625213623, -4.884678840637207, -5.1289191246032715, -3.2869200706481934, -3.292954921722412, -2.3081579208374023, -2.1370134353637695, -2.012838363647461, -2.0433712005615234, -2.089076280593872, -2.1084346771240234, -2.078035593032837, -2.0705931186676025, -2.1093947887420654, -2.077765941619873, -1.835371971130371, -1.9066872596740723, -1.7943146228790283]
1050;[16.375225067138672, 11.399435997009277, 11.381020545959473, 11.30238151550293, 11.353697776794434, 3.7941226959228516, 2.8833374977111816, 2.7526614665985107, 2.425652503967285, 2.1962637901306152, 2.06877064704895, 1.9820144176483154, 1.9459009170532227, 1.933688998222351, 1.8392583131790161, 1.856825351715088, 1.818880319595337, 1.8175876140594482, 1.8067429065704346, 1.8320127725601196, 1.8353745937347412];[1.395277976989746, 1.3740508556365967, 1.43279230594635, 1.4007664918899536, 1.4219903945922852, 0.780382513999939, 0.47941455245018005, 0.42950648069381714, 0.2868252098560333, 0.18946808576583862, 0.14027537405490875, 0.10226491093635559, 0.08490453660488129, 0.08312485367059708, 0.04528176411986351, 0.050747308880090714, 0.03586587309837341, 0.03669346496462822, 0.037023577839136124, 0.044268202036619186, 0.0463101752102375];[-72.14942169189453, -45.9047737121582, -47.098426818847656, -50.15044021606445, -50.97921371459961, -5.102372646331787, -3.1637039184570312, -2.9872443675994873, -2.459493637084961, -2.151002883911133, -1.9927434921264648, -1.883163332939148, -1.83916437625885, -1.8337548971176147, -1.7291258573532104, -1.7393252849578857, -1.7021222114562988, -1.7032848596572876, -1.7027249336242676, -1.723809838294983, -1.7365384101867676]
1100;[16.353046417236328, 11.730096817016602, 11.464317321777344, 3.6106042861938477, 2.911703586578369, 2.9616260528564453, 2.479534387588501, 2.554297685623169, 2.4977235794067383, 2.4317080974578857, 2.2934682369232178, 2.1997809410095215, 2.0366146564483643, 1.9441478252410889, 1.9130195379257202, 1.8607566356658936, 1.8888431787490845, 1.8567205667495728, 1.8443968296051025, 1.8333044052124023, 1.835544466972351];[1.3981329202651978, 1.2986760139465332, 1.334160327911377, 0.681599497795105, 0.46786239743232727, 0.49522078037261963, 0.30348947644233704, 0.3434147238731384, 0.31579670310020447, 0.2956464886665344, 0.2383117824792862, 0.19314028322696686, 0.1251635104417801, 0.0870920717716217, 0.0741598904132843, 0.05701257288455963, 0.06478960067033768, 0.05388321727514267, 0.049051493406295776, 0.042555004358291626, 0.049860879778862];[-71.51570129394531, -52.837806701660156, -51.70073318481445, -4.479037284851074, -3.1454427242279053, -3.2476541996002197, -2.512542963027954, -2.647947311401367, -2.559415578842163, -2.4904937744140625, -2.2905898094177246, -2.157102108001709, -1.9627488851547241, -1.8500263690948486, -1.8136100769042969, -1.7679800987243652, -1.788719892501831, -1.7566637992858887, -1.7363712787628174, -1.7264866828918457, -1.7397557497024536]
1150;[16.3749942779541, 8.269950866699219, 4.533742904663086, 4.219971179962158, 3.3300859928131104, 2.9593234062194824, 2.4103822708129883, 2.199373483657837, 2.15529727935791, 2.08370304107666, 2.101259708404541, 2.051689863204956, 1.9356945753097534, 1.92207670211792, 1.9010697603225708, 1.8780208826065063, 1.8465912342071533, 1.8266613483428955, 1.8120448589324951, 1.8220924139022827, 1.809812307357788];[1.3949111700057983, 1.4421463012695312, 0.9520936608314514, 0.8652717471122742, 0.622590184211731, 0.4886797070503235, 0.27211782336235046, 0.18350212275981903, 0.1692526638507843, 0.13952651619911194, 0.14999234676361084, 0.1342068612575531, 0.07964154332876205, 0.07972849160432816, 0.06883447617292404, 0.060427501797676086, 0.04512511193752289, 0.04212968423962593, 0.03500071540474892, 0.04058258607983589, 0.0358886644244194];[-71.01026916503906, -18.3749942779541, -6.0821733474731445, -5.831833362579346, -3.8123154640197754, -3.346787691116333, -2.407339334487915, -2.127384901046753, -2.095083713531494, -1.9883533716201782, -2.039867639541626, -1.986838936805725, -1.8286716938018799, -1.8244881629943848, -1.7972735166549683, -1.7676538228988647, -1.7320512533187866, -1.7230650186538696, -1.6963309049606323, -1.713903546333313, -1.7034600973129272]
1200;[16.371870040893555, 8.209033966064453, 4.993428707122803, 3.9876065254211426, 3.1464104652404785, 2.8198816776275635, 2.6238410472869873, 2.4484317302703857, 2.4143776893615723, 2.296245813369751, 2.263878107070923, 2.180499315261841, 2.102969169616699, 2.063955783843994, 2.119723081588745, 2.0357630252838135, 1.9833396673202515, 1.9210898876190186, 1.8751580715179443, 1.836348533630371, 1.8303865194320679];[1.3951202630996704, 1.4022338390350342, 1.0976192951202393, 0.8266171216964722, 0.5694621205329895, 0.43373435735702515, 0.3749665319919586, 0.29030075669288635, 0.2851516306400299, 0.23124714195728302, 0.2221926897764206, 0.1896551549434662, 0.15388640761375427, 0.13862276077270508, 0.17133112251758575, 0.13188579678535461, 0.10616863518953323, 0.07966531068086624, 0.06345198303461075, 0.047513559460639954, 0.047064319252967834];[-70.61595916748047, -18.390222549438477, -6.7621073722839355, -5.007297515869141, -3.489628314971924, -2.9319007396698, -2.731743574142456, -2.46466064453125, -2.4534456729888916, -2.282393217086792, -2.2566709518432617, -2.149366855621338, -2.0459859371185303, -2.0053772926330566, -2.092383623123169, -1.9732991456985474, -1.902278184890747, -1.8285943269729614, -1.7773489952087402, -1.731601357460022, -1.7256773710250854]
1250;[16.39104652404785, 8.272246360778809, 8.184112548828125, 4.3705549240112305, 4.029925346374512, 3.8122787475585938, 3.705725908279419, 2.884425640106201, 2.6563165187835693, 2.7105207443237305, 2.661322832107544, 2.489089250564575, 2.377739667892456, 2.2554993629455566, 2.1490871906280518, 2.103794813156128, 2.067349910736084, 1.9889143705368042, 1.9247868061065674, 1.9327380657196045, 1.934181571006775];[1.3973263502120972, 1.4802217483520508, 1.45012629032135, 0.9778878092765808, 0.8926923871040344, 0.8273558020591736, 0.7950205206871033, 0.4834820628166199, 0.3926318883895874, 0.41795065999031067, 0.40062081813812256, 0.3296835720539093, 0.2787715792655945, 0.2229539155960083, 0.17819511890411377, 0.16102980077266693, 0.14300347864627838, 0.1092696562409401, 0.08552271127700806, 0.08833423256874084, 0.09095979481935501];[-71.88424682617188, -17.253360748291016, -20.279441833496094, -5.820035457611084, -5.253757476806641, -4.8534746170043945, -4.764283657073975, -3.178072214126587, -2.830646276473999, -2.931727647781372, -2.8869330883026123, -2.6222634315490723, -2.4580931663513184, -2.2671468257904053, -2.1229970455169678, -2.0696794986724854, -2.026491641998291, -1.9242390394210815, -1.8391801118850708, -1.8577532768249512, -1.867010235786438]
1300;[16.366605758666992, 8.196331977844238, 4.600524425506592, 3.6639370918273926, 3.2494325637817383, 2.79787540435791, 2.6910979747772217, 2.6114749908447266, 2.3808813095092773, 2.280827760696411, 2.132472276687622, 2.165555477142334, 2.037883996963501, 1.960415005683899, 1.9879435300827026, 2.011157751083374, 2.0119452476501465, 1.9631130695343018, 1.9351650476455688, 1.9186549186706543, 1.8628860712051392];[1.3973984718322754, 1.4362622499465942, 0.9836277961730957, 0.752217710018158, 0.605046808719635, 0.4320075511932373, 0.39893433451652527, 0.3639585077762604, 0.2729273736476898, 0.22966547310352325, 0.16385971009731293, 0.18015675246715546, 0.1265329122543335, 0.09197410941123962, 0.10696002095937729, 0.12001750618219376, 0.11897846311330795, 0.09869679808616638, 0.0900476723909378, 0.08036784827709198, 0.06066647544503212];[-73.70648193359375, -17.799352645874023, -6.2053914070129395, -4.286962985992432, -3.6418492794036865, -2.9509735107421875, -2.8327109813690186, -2.7175416946411133, -2.3978819847106934, -2.2752225399017334, -2.086690902709961, -2.1231210231781006, -1.9635502099990845, -1.865329623222351, -1.905308485031128, -1.9439468383789062, -1.9455386400222778, -1.8836910724639893, -1.853013277053833, -1.82927668094635, -1.768825650215149]
1350;[16.371929168701172, 8.210531234741211, 3.978111982345581, 3.343651056289673, 2.4593029022216797, 2.1799516677856445, 2.162611961364746, 2.056051015853882, 1.8476992845535278, 1.8045907020568848, 1.781199336051941, 1.7439451217651367, 1.7577520608901978, 1.7371931076049805, 1.7320818901062012, 1.7313487529754639, 1.7375444173812866, 1.73506498336792, 1.7266329526901245, 1.7260065078735352, 1.7259070873260498];[1.397181749343872, 1.2946877479553223, 0.821258544921875, 0.6138128042221069, 0.27766814827919006, 0.16377301514148712, 0.1666680872440338, 0.12843777239322662, 0.03824693337082863, 0.020676853135228157, 0.013993825763463974, 0.005057461094111204, 0.007636619731783867, 0.0018692314624786377, 0.0005213820841163397, 0.0002966088068205863, 0.0019521170761436224, 0.0031088488176465034, 0.0007884794613346457, 0.0013510292628780007, 0.0005122387665323913];[-71.98412322998047, -20.46174430847168, -4.5779619216918945, -3.8322010040283203, -2.3784518241882324, -2.0594823360443115, -2.0819191932678223, -1.964045524597168, -1.7055325508117676, -1.6568670272827148, -1.6392080783843994, -1.6165412664413452, -1.6240428686141968, -1.6081914901733398, -1.5995304584503174, -1.6053986549377441, -1.6093298196792603, -1.6109368801116943, -1.6070910692214966, -1.6031732559204102, -1.6040209531784058]
1400;[16.372169494628906, 8.309403419494629, 8.09570598602295, 8.079631805419922, 8.06779670715332, 8.053556442260742, 8.077486038208008, 2.804333448410034, 2.120197057723999, 1.9219536781311035, 1.8178291320800781, 1.7939497232437134, 1.7755175828933716, 1.7600399255752563, 1.746584177017212, 1.757462501525879, 1.7459412813186646, 1.7338900566101074, 1.7425286769866943, 1.735007882118225, 1.7305580377578735];[1.3955820798873901, 1.4464198350906372, 1.3399641513824463, 1.3479727506637573, 1.3203102350234985, 1.2809889316558838, 1.2828526496887207, 0.43959835171699524, 0.15242993831634521, 0.07174748927354813, 0.029710687696933746, 0.02059042453765869, 0.012359862215816975, 0.010554787702858448, 0.005096252076327801, 0.012082100845873356, 0.004641769453883171, 0.0037303573917597532, 0.005581306759268045, 0.0062630134634673595, 0.0010325509356334805];[-71.54533386230469, -18.306371688842773, -22.079011917114258, -22.995492935180664, -24.0217342376709, -25.30254364013672, -26.282997131347656, -3.1702282428741455, -2.0447487831115723, -1.8007718324661255, -1.6909865140914917, -1.6637452840805054, -1.6379131078720093, -1.630958080291748, -1.6156316995620728, -1.6345802545547485, -1.6199586391448975, -1.613816261291504, -1.621869683265686, -1.6149663925170898, -1.6070313453674316]
1450;[16.357162475585938, 8.289417266845703, 8.234753608703613, 4.952885627746582, 3.9892892837524414, 3.4410440921783447, 3.374051570892334, 3.100923538208008, 2.9712207317352295, 2.6168932914733887, 2.5458261966705322, 2.327150821685791, 2.1821351051330566, 2.1759426593780518, 2.1129164695739746, 2.005774736404419, 1.9175125360488892, 1.878414273262024, 1.869118332862854, 1.8488117456436157, 1.814345121383667];[1.3948125839233398, 1.4601967334747314, 1.4586411714553833, 1.1223431825637817, 0.8733169436454773, 0.6978798508644104, 0.6841697096824646, 0.567762017250061, 0.5304380059242249, 0.37960144877433777, 0.35359543561935425, 0.25173959136009216, 0.18766671419143677, 0.1884121298789978, 0.16191619634628296, 0.11762996762990952, 0.08122918754816055, 0.06257397681474686, 0.05737140029668808, 0.04981518164277077, 0.03911206126213074];[-71.82520294189453, -17.78519058227539, -20.624826431274414, -7.170351028442383, -5.145756721496582, -4.105551719665527, -3.977895498275757, -3.5454511642456055, -3.392484664916992, -2.766928195953369, -2.6938109397888184, -2.3409879207611084, -2.150113582611084, -2.149273157119751, -2.0709872245788574, -1.923512578010559, -1.821958303451538, -1.7792494297027588, -1.7654638290405273, -1.7471994161605835, -1.7102733850479126]
1500;[16.37167739868164, 11.420536041259766, 11.362757682800293, 11.364035606384277, 11.353654861450195, 11.350602149963379, 4.02464485168457, 3.978926181793213, 2.994126081466675, 3.067530632019043, 2.6034586429595947, 2.581510543823242, 2.428243637084961, 2.355343818664551, 2.2846317291259766, 2.2829699516296387, 2.20770263671875, 2.182117223739624, 2.1295173168182373, 2.0697247982025146, 2.0363008975982666];[1.3984867334365845, 1.4422204494476318, 1.418379545211792, 1.4210397005081177, 1.4062858819961548, 1.410933017730713, 0.8406069874763489, 0.8249045610427856, 0.5234065055847168, 0.5622879862785339, 0.3744544982910156, 0.3683120012283325, 0.3040340542793274, 0.26445427536964417, 0.23983198404312134, 0.2398398369550705, 0.2065453678369522, 0.19241760671138763, 0.17209461331367493, 0.1466815024614334, 0.13489483296871185];[-70.15998840332031, -43.28273391723633, -48.22392654418945, -49.434898376464844, -51.3844108581543, -52.16819381713867, -5.879678726196289, -5.869161605834961, -3.4862723350524902, -3.6276509761810303, -2.79952335357666, -2.7696917057037354, -2.5207178592681885, -2.3906090259552, -2.321423053741455, -2.330893039703369, -2.2091064453125, -2.179882526397705, -2.111060619354248, -2.0326755046844482, -1.9927382469177246]
50;[16.571611404418945, 1.929853081703186, 1.8129305839538574, 1.3538060188293457, 1.2917207479476929, 1.2773315906524658, 1.1994349956512451, 1.2080559730529785, 1.2055855989456177, 1.2350051403045654, 1.1926575899124146, 1.1663556098937988, 1.1716609001159668, 1.162295937538147, 1.164168357849121, 1.1564412117004395, 1.1559526920318604, 1.158319354057312, 1.1570451259613037, 1.1504019498825073, 1.1576610803604126];[1.5432969331741333, 0.3300844132900238, 0.3159008324146271, 0.06570500135421753, 0.045614611357450485, 0.05057057738304138, 0.01147726085036993, 0.01753292791545391, 0.017766550183296204, 0.040493324398994446, 0.01886155642569065, 0.0030486255418509245, 0.00705909775570035, 0.004571215715259314, 0.002473681466653943, 0.0011764311930164695, 0.0029865067917853594, 0.002712271874770522, 0.0015203874791041017, 0.0022772944066673517, 0.0031711244955658913];[-133.6049346923828, -2.152339220046997, -2.1999330520629883, -1.3759307861328125, -1.3232334852218628, -1.3373969793319702, -1.2282061576843262, -1.2448139190673828, -1.2472195625305176, -1.3087464570999146, -1.2436796426773071, -1.2047024965286255, -1.2164157629013062, -1.2097997665405273, -1.2044568061828613, -1.1994950771331787, -1.2016876935958862, -1.2014776468276978, -1.20243239402771, -1.200772762298584, -1.2065811157226562]
100;[16.5886287689209, 1.6888830661773682, 1.5437066555023193, 1.3756948709487915, 1.2926795482635498, 1.2697300910949707, 1.2583237886428833, 1.2139992713928223, 1.1788939237594604, 1.1844030618667603, 1.1754997968673706, 1.1653146743774414, 1.168177604675293, 1.1649190187454224, 1.1581120491027832, 1.1733242273330688, 1.1706149578094482, 1.1653939485549927, 1.1659460067749023, 1.1602057218551636, 1.1605008840560913];[1.5458124876022339, 0.20413166284561157, 0.15561677515506744, 0.09247014671564102, 0.05333060398697853, 0.043991755694150925, 0.040179893374443054, 0.020535888150334358, 0.004271313548088074, 0.009382642805576324, 0.007500829640775919, 0.0031420409213751554, 0.0037629175931215286, 0.00472508929669857, 0.0036558867432177067, 0.0095710139721632, 0.008994122967123985, 0.0074990554712712765, 0.0077924239449203014, 0.005326541140675545, 0.0036149960942566395];[-137.48666381835938, -1.723212480545044, -1.615366816520691, -1.4526382684707642, -1.3413150310516357, -1.3120077848434448, -1.3083990812301636, -1.255124568939209, -1.2082270383834839, -1.2236226797103882, -1.2156693935394287, -1.2059165239334106, -1.2071689367294312, -1.2055096626281738, -1.208184003829956, -1.222722053527832, -1.2231202125549316, -1.2188639640808105, -1.2188708782196045, -1.208600640296936, -1.2078521251678467]
150;[16.579248428344727, 1.6761550903320312, 1.6349138021469116, 1.4533228874206543, 1.2996101379394531, 1.2190253734588623, 1.2082082033157349, 1.2037140130996704, 1.1924647092819214, 1.184969425201416, 1.1865445375442505, 1.1968741416931152, 1.1926016807556152, 1.1839649677276611, 1.244666576385498, 1.2145265340805054, 1.2177294492721558, 1.2185068130493164, 1.2183269262313843, 1.1835862398147583, 1.1781998872756958];[1.5444332361221313, 0.19214004278182983, 0.22369146347045898, 0.13782274723052979, 0.06066068261861801, 0.012951760552823544, 0.010825634002685547, 0.012425689958035946, 0.013587475754320621, 0.009976251982152462, 0.012366924434900284, 0.020171839743852615, 0.020446088165044785, 0.019788088276982307, 0.05331755802035332, 0.03554637357592583, 0.04014572501182556, 0.04117259010672569, 0.03852677717804909, 0.01882849633693695, 0.014733528718352318];[-133.5854034423828, -1.686044454574585, -1.7821300029754639, -1.5561261177062988, -1.358669400215149, -1.2317063808441162, -1.225775122642517, -1.2328591346740723, -1.2340158224105835, -1.2266219854354858, -1.2322638034820557, -1.248968482017517, -1.2529200315475464, -1.2471342086791992, -1.3457003831863403, -1.2925688028335571, -1.3063125610351562, -1.304313063621521, -1.3054596185684204, -1.2555814981460571, -1.2394137382507324]
200;[16.581144332885742, 1.7037510871887207, 1.4172215461730957, 1.355187177658081, 1.345976710319519, 1.2827075719833374, 1.2062321901321411, 1.2018768787384033, 1.1740195751190186, 1.1823097467422485, 1.1741130352020264, 1.2106236219406128, 1.2146577835083008, 1.203863501548767, 1.1958913803100586, 1.1767311096191406, 1.1703333854675293, 1.1715679168701172, 1.1693288087844849, 1.169885516166687, 1.1564569473266602];[1.5422495603561401, 0.2017730325460434, 0.08620891720056534, 0.07946208119392395, 0.08231858909130096, 0.051662638783454895, 0.010676000267267227, 0.01220938004553318, 0.0017645996995270252, 0.005896796006709337, 0.005336031783372164, 0.02714753895998001, 0.03318043798208237, 0.026939695701003075, 0.02706482633948326, 0.014256179332733154, 0.01053481362760067, 0.012543370947241783, 0.012256328947842121, 0.010281430557370186, 0.006593105383217335];[-123.97220611572266, -1.7097247838974, -1.422706127166748, -1.4084457159042358, -1.4185819625854492, -1.3363211154937744, -1.2238258123397827, -1.2297086715698242, -1.2028467655181885, -1.2172893285751343, -1.2122244834899902, -1.2720671892166138, -1.2855443954467773, -1.2708081007003784, -1.2698918581008911, -1.2340922355651855, -1.227826714515686, -1.234555721282959, -1.2290220260620117, -1.2264320850372314, -1.2140001058578491]
250;[16.586626052856445, 5.280910491943359, 1.5783586502075195, 1.5029634237289429, 1.5235581398010254, 1.5494579076766968, 1.510036826133728, 1.4174009561538696, 1.3933387994766235, 1.3069840669631958, 1.3208050727844238, 1.3121646642684937, 1.2012009620666504, 1.1761085987091064, 1.1690466403961182, 1.1618530750274658, 1.1641464233398438, 1.1617285013198853, 1.1612142324447632, 1.1621211767196655, 1.1657631397247314];[1.543653964996338, 1.1303966045379639, 0.182578444480896, 0.16635514795780182, 0.19063007831573486, 0.2242993861436844, 0.2078217715024948, 0.1548786163330078, 0.14101237058639526, 0.0871504619717598, 0.09417620301246643, 0.09599896520376205, 0.02223184145987034, 0.011676612310111523, 0.006206776946783066, 0.0033815717324614525, 0.0044140382669866085, 0.008741269819438457, 0.006789045874029398, 0.007489823270589113, 0.011097025126218796];[-136.0319366455078, -19.667125701904297, -1.7063747644424438, -1.6621397733688354, -1.7518947124481201, -1.865575909614563, -1.8334341049194336, -1.6367570161819458, -1.6006585359573364, -1.4451730251312256, -1.4683035612106323, -1.4779967069625854, -1.2590359449386597, -1.22454035282135, -1.2098995447158813, -1.207097053527832, -1.2109668254852295, -1.2181227207183838, -1.212519645690918, -1.2185444831848145, -1.2254871129989624]
300;[16.568906784057617, 5.042234897613525, 1.5108680725097656, 1.3186184167861938, 1.351656436920166, 1.2911220788955688, 1.260885238647461, 1.2843976020812988, 1.2302937507629395, 1.2091871500015259, 1.2017521858215332, 1.1972084045410156, 1.1776903867721558, 1.1781526803970337, 1.158704400062561, 1.1590664386749268, 1.1580533981323242, 1.1573572158813477, 1.1529121398925781, 1.1540075540542603, 1.154852032661438];[1.5443774461746216, 1.171458125114441, 0.14776769280433655, 0.052665214985609055, 0.08910730481147766, 0.05974371358752251, 0.046982694417238235, 0.07048682123422623, 0.03488850221037865, 0.02569935843348503, 0.023003553971648216, 0.022734753787517548, 0.008871382102370262, 0.011042091064155102, 0.0026768480893224478, 0.0025159120559692383, 0.003426430281251669, 0.002990349428728223, 0.001942031434737146, 0.002733876695856452, 0.002966112457215786];[-131.40127563476562, -16.476673126220703, -1.5798226594924927, -1.3362643718719482, -1.4406415224075317, -1.3514846563339233, -1.3213515281677246, -1.3859925270080566, -1.2924915552139282, -1.264583945274353, -1.2608311176300049, -1.259498953819275, -1.2274528741836548, -1.2275516986846924, -1.2037434577941895, -1.2041106224060059, -1.204026699066162, -1.2069038152694702, -1.2006330490112305, -1.203149676322937, -1.206559658050537]
350;[16.575395584106445, 1.7069296836853027, 1.5671805143356323, 1.4787925481796265, 1.3891557455062866, 1.3138126134872437, 1.2998548746109009, 1.2900549173355103, 1.2789316177368164, 1.254956603050232, 1.2089015245437622, 1.2018295526504517, 1.218478798866272, 1.213258981704712, 1.2105876207351685, 1.1770886182785034, 1.1890792846679688, 1.1785142421722412, 1.176988124847412, 1.1897107362747192, 1.1816555261611938];[1.5439980030059814, 0.21169708669185638, 0.18040722608566284, 0.15413574874401093, 0.1144614964723587, 0.07502352446317673, 0.07261447608470917, 0.06706202775239944, 0.06396234780550003, 0.052665382623672485, 0.027388429269194603, 0.022115755826234818, 0.03436760976910591, 0.031244440004229546, 0.03115631267428398, 0.015825094655156136, 0.024097681045532227, 0.015654737129807472, 0.016778305172920227, 0.02339804731309414, 0.02122431807219982];[-134.50381469726562, -1.7191815376281738, -1.6688308715820312, -1.6120988130569458, -1.5070931911468506, -1.4013160467147827, -1.393297553062439, -1.381605863571167, -1.3730673789978027, -1.340000033378601, -1.2714569568634033, -1.2566633224487305, -1.2963762283325195, -1.2832996845245361, -1.2875442504882812, -1.2371842861175537, -1.2644813060760498, -1.2411742210388184, -1.2428507804870605, -1.2627332210540771, -1.2529360055923462]
400;[16.581676483154297, 5.400246620178223, 1.7075883150100708, 1.6784685850143433, 1.767357349395752, 1.7320877313613892, 1.708042025566101, 1.7228448390960693, 1.2936025857925415, 1.24639093875885, 1.2357770204544067, 1.218721628189087, 1.1807541847229004, 1.181494116783142, 1.1796389818191528, 1.1841650009155273, 1.1687512397766113, 1.172252893447876, 1.1658943891525269, 1.1575111150741577, 1.1539558172225952];[1.5451970100402832, 1.1502101421356201, 0.2666746973991394, 0.2746793031692505, 0.35003843903541565, 0.34050261974334717, 0.3267953395843506, 0.34783047437667847, 0.07318435609340668, 0.045138951390981674, 0.03911234438419342, 0.03497032821178436, 0.012709520757198334, 0.016182607039809227, 0.01655554212629795, 0.017935849726200104, 0.010282528586685658, 0.012644648551940918, 0.008252921514213085, 0.004312752280384302, 0.004912087693810463];[-130.53082275390625, -20.373615264892578, -1.9722247123718262, -2.0094218254089355, -2.2782373428344727, -2.2699573040008545, -2.271592617034912, -2.3050577640533447, -1.3922438621520996, -1.323824167251587, -1.3034449815750122, -1.2922885417938232, -1.2285982370376587, -1.2378754615783691, -1.2445712089538574, -1.2463080883026123, -1.2277830839157104, -1.2307524681091309, -1.219445824623108, -1.2082136869430542, -1.2091678380966187]
450;[16.57622718811035, 2.0971713066101074, 2.0354983806610107, 2.226386785507202, 1.5571234226226807, 1.384414553642273, 1.3029361963272095, 1.3333700895309448, 1.3463228940963745, 1.3442250490188599, 1.3300089836120605, 1.267029881477356, 1.255915641784668, 1.2261937856674194, 1.2311116456985474, 1.239759922027588, 1.2532610893249512, 1.23179292678833, 1.2232593297958374, 1.1811274290084839, 1.1892932653427124];[1.5458897352218628, 0.4032970666885376, 0.43648284673690796, 0.5772159695625305, 0.21533094346523285, 0.12042369693517685, 0.07325758039951324, 0.09897348284721375, 0.10920252650976181, 0.10821206122636795, 0.10483711957931519, 0.06543141603469849, 0.05817021057009697, 0.0460025779902935, 0.044104915112257004, 0.05319855734705925, 0.06024548411369324, 0.048980940133333206, 0.04565470293164253, 0.019015496596693993, 0.026219990104436874];[-133.1857147216797, -2.4573171138763428, -2.7012417316436768, -3.3349826335906982, -1.800978183746338, -1.5248229503631592, -1.4035495519638062, -1.4697574377059937, -1.507591724395752, -1.5121002197265625, -1.4844197034835815, -1.3774875402450562, -1.3611304759979248, -1.3123877048492432, -1.3169853687286377, -1.3427411317825317, -1.3724262714385986, -1.3354686498641968, -1.3286688327789307, -1.25238037109375, -1.266905426979065]
500;[16.589872360229492, 1.5783697366714478, 1.5429158210754395, 1.5842785835266113, 1.2373344898223877, 1.212529182434082, 1.210516333580017, 1.1963269710540771, 1.177648663520813, 1.1708645820617676, 1.1688482761383057, 1.1696465015411377, 1.1667240858078003, 1.167895793914795, 1.1584599018096924, 1.1514705419540405, 1.1553171873092651, 1.15554940700531, 1.1517964601516724, 1.1530203819274902, 1.1519426107406616];[1.5451890230178833, 0.13166573643684387, 0.16038408875465393, 0.22055843472480774, 0.015860026702284813, 0.008471024222671986, 0.016314323991537094, 0.009074142202734947, 0.0034584689419716597, 0.003226156812161207, 0.0028466612566262484, 0.001694217324256897, 0.004256437998265028, 0.004815244115889072, 0.002128313295543194, 0.001170824165455997, 0.0005953800864517689, 0.0013356768758967519, 0.0004483330121729523, 0.000873146636877209, 0.0019404840422794223];[-125.60166931152344, -1.53889799118042, -1.6006546020507812, -1.8379000425338745, -1.2456779479980469, -1.227076768875122, -1.2448562383651733, -1.2240945100784302, -1.2075974941253662, -1.2066093683242798, -1.2055913209915161, -1.206453800201416, -1.2113142013549805, -1.212419867515564, -1.1975246667861938, -1.1998823881149292, -1.1988857984542847, -1.1993613243103027, -1.198679804801941, -1.2043739557266235, -1.2035956382751465]
550;[16.56916046142578, 5.145023345947266, 5.129334926605225, 5.058558464050293, 1.4026776552200317, 1.432774543762207, 1.4143457412719727, 1.4113177061080933, 1.2464185953140259, 1.3044100999832153, 1.2262734174728394, 1.2440654039382935, 1.1852623224258423, 1.1813279390335083, 1.1992169618606567, 1.1891226768493652, 1.1919054985046387, 1.1910971403121948, 1.1859524250030518, 1.1767503023147583, 1.1758445501327515];[1.5452324151992798, 1.1475552320480347, 1.1929192543029785, 1.1913684606552124, 0.12140371650457382, 0.1495741903781891, 0.13822126388549805, 0.14649511873722076, 0.04582895338535309, 0.08469666540622711, 0.037733424454927444, 0.05109569430351257, 0.017755556851625443, 0.013882875442504883, 0.026043908670544624, 0.019720278680324554, 0.022427977994084358, 0.026175422593951225, 0.020006436854600906, 0.018061822280287743, 0.016500961035490036];[-129.8190460205078, -17.088539123535156, -20.94196319580078, -20.875259399414062, -1.5267136096954346, -1.6164565086364746, -1.5897036790847778, -1.6230592727661133, -1.32515287399292, -1.436560034751892, -1.3003560304641724, -1.3401739597320557, -1.2433894872665405, -1.2357761859893799, -1.2717548608779907, -1.2548415660858154, -1.2581347227096558, -1.269839882850647, -1.2524776458740234, -1.2450679540634155, -1.2425706386566162]
600;[16.570796966552734, 5.049421787261963, 4.974417686462402, 4.9958577156066895, 4.971189975738525, 1.621488094329834, 1.4053139686584473, 1.2859845161437988, 1.2753722667694092, 1.2095218896865845, 1.265533685684204, 1.2537734508514404, 1.260529637336731, 1.2173138856887817, 1.192569613456726, 1.1833655834197998, 1.188737154006958, 1.1774424314498901, 1.167457938194275, 1.1816619634628296, 1.1802608966827393];[1.5424233675003052, 1.1655876636505127, 1.195397138595581, 1.2086695432662964, 1.2338676452636719, 0.2668766379356384, 0.14186730980873108, 0.06689047813415527, 0.06354168057441711, 0.02944241464138031, 0.062222886830568314, 0.055312179028987885, 0.06018960103392601, 0.03898797184228897, 0.023176254704594612, 0.01778518408536911, 0.02139904722571373, 0.01685737818479538, 0.010430822148919106, 0.018659086897969246, 0.020423345267772675];[-136.28038024902344, -16.536338806152344, -18.437231063842773, -19.58258819580078, -19.87592315673828, -2.000741481781006, -1.594902753829956, -1.3750404119491577, -1.3713459968566895, -1.278269648551941, -1.3672446012496948, -1.3477166891098022, -1.3704710006713867, -1.2979121208190918, -1.2566012144088745, -1.246476173400879, -1.2554978132247925, -1.2461268901824951, -1.2232602834701538, -1.2455025911331177, -1.2534085512161255]
650;[16.58536720275879, 5.094764232635498, 5.026828765869141, 1.527435302734375, 1.3614325523376465, 1.3377103805541992, 1.2788389921188354, 1.2805962562561035, 1.278193473815918, 1.2718578577041626, 1.182533860206604, 1.1765506267547607, 1.1768391132354736, 1.1754571199417114, 1.1610833406448364, 1.1566402912139893, 1.1603121757507324, 1.1594866514205933, 1.1554220914840698, 1.1537686586380005, 1.1745808124542236];[1.5464317798614502, 1.1480058431625366, 1.205845594406128, 0.17797355353832245, 0.08999127149581909, 0.08270446956157684, 0.057792779058218, 0.062332190573215485, 0.066182941198349, 0.06178834289312363, 0.009309451095759869, 0.009455577470362186, 0.009092982858419418, 0.012227700091898441, 0.0026569252368062735, 0.00228320830501616, 0.0016833889530971646, 0.002618724713101983, 0.0024712460581213236, 0.0030371034517884254, 0.013746409676969051];[-133.75511169433594, -17.159774780273438, -19.41555404663086, -1.701598048210144, -1.4379355907440186, -1.4263557195663452, -1.3547590970993042, -1.3641160726547241, -1.3864845037460327, -1.3711358308792114, -1.2266567945480347, -1.220953345298767, -1.2263885736465454, -1.2278833389282227, -1.2054952383041382, -1.2025134563446045, -1.2037103176116943, -1.2051197290420532, -1.2040812969207764, -1.2047098875045776, -1.2381268739700317]
700;[16.59788703918457, 2.0787675380706787, 2.018129587173462, 1.984297752380371, 1.955032229423523, 1.9701032638549805, 1.9541351795196533, 1.937321424484253, 1.939558506011963, 1.3544470071792603, 1.3547890186309814, 1.349765658378601, 1.3401087522506714, 1.3565526008605957, 1.3536053895950317, 1.3059697151184082, 1.300160527229309, 1.292290449142456, 1.2745414972305298, 1.2141327857971191, 1.1933801174163818];[1.5423442125320435, 0.3959409296512604, 0.41567954421043396, 0.44071677327156067, 0.4403904676437378, 0.46354180574417114, 0.45873287320137024, 0.45218250155448914, 0.45973050594329834, 0.12077906727790833, 0.11766935139894485, 0.11772577464580536, 0.11767879128456116, 0.12792852520942688, 0.1289224475622177, 0.09705585241317749, 0.09199680387973785, 0.08568824827671051, 0.08210693299770355, 0.036388859152793884, 0.029866885393857956];[-129.7698211669922, -2.45809268951416, -2.647467613220215, -2.7911550998687744, -2.858238935470581, -3.0488152503967285, -3.044323444366455, -3.019695997238159, -3.1198291778564453, -1.540647029876709, -1.5353583097457886, -1.5366160869598389, -1.5458852052688599, -1.5740817785263062, -1.5826084613800049, -1.479910135269165, -1.4639930725097656, -1.4466420412063599, -1.4356398582458496, -1.297728419303894, -1.279613971710205]
750;[16.58233070373535, 1.6022422313690186, 1.462329387664795, 1.3921607732772827, 1.2184557914733887, 1.2028840780258179, 1.1984304189682007, 1.190025806427002, 1.1800336837768555, 1.1960529088974, 1.205847978591919, 1.19788658618927, 1.1885069608688354, 1.1752678155899048, 1.2018260955810547, 1.194048285484314, 1.1888704299926758, 1.1799429655075073, 1.1863971948623657, 1.1661229133605957, 1.1575452089309692];[1.5411678552627563, 0.14741010963916779, 0.11732769012451172, 0.09707904607057571, 0.005260748788714409, 0.004484844859689474, 0.003917951136827469, 0.004808691330254078, 0.0015742969699203968, 0.012639381922781467, 0.02299340069293976, 0.022843366488814354, 0.016764845699071884, 0.013969478197395802, 0.029471242800354958, 0.024353638291358948, 0.022814853116869926, 0.015627700835466385, 0.02061682753264904, 0.006083871237933636, 0.004591446369886398];[-132.3235321044922, -1.5730246305465698, -1.5078555345535278, -1.4509614706039429, -1.221099853515625, -1.2130872011184692, -1.213212013244629, -1.2154546976089478, -1.2072949409484863, -1.2342532873153687, -1.259060025215149, -1.2570383548736572, -1.2439581155776978, -1.2371418476104736, -1.2797404527664185, -1.2624692916870117, -1.2630419731140137, -1.238236665725708, -1.2510539293289185, -1.216861367225647, -1.210120439529419]
800;[16.590425491333008, 5.3567399978637695, 5.019256591796875, 4.9716668128967285, 4.968339920043945, 4.936898231506348, 1.413468599319458, 1.2675261497497559, 1.2288916110992432, 1.211398720741272, 1.244133472442627, 1.1921699047088623, 1.1968135833740234, 1.179905891418457, 1.1752254962921143, 1.1707440614700317, 1.1665163040161133, 1.1614724397659302, 1.1566733121871948, 1.1642920970916748, 1.1627511978149414];[1.546418309211731, 1.1358410120010376, 1.18190336227417, 1.2092417478561401, 1.2047858238220215, 1.217073678970337, 0.1445884108543396, 0.054983578622341156, 0.03323163837194443, 0.02523047849535942, 0.050582051277160645, 0.015012388117611408, 0.019007988274097443, 0.012697071768343449, 0.012777323834598064, 0.011977198533713818, 0.009546910412609577, 0.007274548523128033, 0.005015132017433643, 0.007869428023695946, 0.008154559880495071];[-133.2089385986328, -20.353015899658203, -19.083688735961914, -19.55628776550293, -20.757349014282227, -20.931093215942383, -1.621201753616333, -1.3489841222763062, -1.291115403175354, -1.2714698314666748, -1.3355401754379272, -1.234225869178772, -1.2521121501922607, -1.233364224433899, -1.2297537326812744, -1.2255871295928955, -1.2243965864181519, -1.214992642402649, -1.2065452337265015, -1.2171443700790405, -1.217644214630127]
850;[16.572786331176758, 1.6802884340286255, 1.6332992315292358, 1.6023895740509033, 1.2586246728897095, 1.2505559921264648, 1.2385777235031128, 1.2260253429412842, 1.2207062244415283, 1.2223117351531982, 1.2187191247940063, 1.1657646894454956, 1.1949357986450195, 1.1983842849731445, 1.210110068321228, 1.1895160675048828, 1.1840033531188965, 1.1827560663223267, 1.1784173250198364, 1.171513319015503, 1.1607246398925781];[1.5466210842132568, 0.19998151063919067, 0.21671007573604584, 0.22714656591415405, 0.029211129993200302, 0.03460263833403587, 0.03024757094681263, 0.026676764711737633, 0.0277289729565382, 0.03428133204579353, 0.035615693777799606, 0.004548361990600824, 0.019549159333109856, 0.028735138475894928, 0.032176047563552856, 0.021178951486945152, 0.015797479078173637, 0.014837474562227726, 0.016621137037873268, 0.011689660139381886, 0.00748782092705369];[-139.4109344482422, -1.6973670721054077, -1.767182469367981, -1.8187404870986938, -1.283842921257019, -1.291351318359375, -1.2790013551712036, -1.2712479829788208, -1.2727479934692383, -1.2931715250015259, -1.2893824577331543, -1.2081749439239502, -1.2466596364974976, -1.273087739944458, -1.282481074333191, -1.2575840950012207, -1.2379276752471924, -1.2462080717086792, -1.2465227842330933, -1.2301745414733887, -1.2210795879364014]
900;[16.586942672729492, 1.7014491558074951, 1.6114753484725952, 1.479073166847229, 1.3948472738265991, 1.378432273864746, 1.2366223335266113, 1.2200074195861816, 1.2780423164367676, 1.2145414352416992, 1.2100844383239746, 1.1841816902160645, 1.1816574335098267, 1.1839938163757324, 1.1717380285263062, 1.1645612716674805, 1.1719136238098145, 1.1905372142791748, 1.1741492748260498, 1.1804546117782593, 1.1442980766296387];[1.54471755027771, 0.19917626678943634, 0.20768773555755615, 0.1518358290195465, 0.1179569661617279, 0.11297538131475449, 0.03221522271633148, 0.025233149528503418, 0.06335484981536865, 0.029564645141363144, 0.026816146448254585, 0.010892447084188461, 0.013289637863636017, 0.014892847277224064, 0.008213210850954056, 0.007785026915371418, 0.011336002498865128, 0.02162802964448929, 0.012534444220364094, 0.01805851049721241, 0.0015127540100365877];[-134.47549438476562, -1.6899292469024658, -1.738847017288208, -1.5995274782180786, -1.5227503776550293, -1.506705641746521, -1.2893146276474, -1.263400912284851, -1.3641830682754517, -1.2736951112747192, -1.2691121101379395, -1.2356956005096436, -1.2339812517166138, -1.2429494857788086, -1.2198305130004883, -1.2180132865905762, -1.2229379415512085, -1.2551906108856201, -1.233066201210022, -1.245200514793396, -1.198238730430603]
950;[16.598041534423828, 1.7222384214401245, 1.5043507814407349, 1.3896042108535767, 1.2203037738800049, 1.1993119716644287, 1.183383584022522, 1.1871545314788818, 1.1944355964660645, 1.1752307415008545, 1.1775708198547363, 1.1835424900054932, 1.2178088426589966, 1.219456672668457, 1.2793158292770386, 1.2598557472229004, 1.2296615839004517, 1.2206120491027832, 1.202754020690918, 1.2030922174453735, 1.1802510023117065];[1.5453721284866333, 0.21689878404140472, 0.13866102695465088, 0.10070140659809113, 0.007225127890706062, 0.007950321771204472, 0.0028443324845284224, 0.002875444944947958, 0.010391230694949627, 0.004083313513547182, 0.006344201508909464, 0.009345711208879948, 0.03535699099302292, 0.03958655521273613, 0.07799296081066132, 0.06605076789855957, 0.04552844166755676, 0.04377896711230278, 0.032028280198574066, 0.030260369181632996, 0.020672379061579704];[-133.13565063476562, -1.7477837800979614, -1.5589549541473389, -1.4632728099822998, -1.2244573831558228, -1.2195155620574951, -1.2039108276367188, -1.2051804065704346, -1.2299621105194092, -1.2089552879333496, -1.2127299308776855, -1.2215231657028198, -1.297391414642334, -1.2998931407928467, -1.4064842462539673, -1.3788021802902222, -1.3229355812072754, -1.3167099952697754, -1.2867196798324585, -1.2826560735702515, -1.258296012878418]
1000;[16.55826759338379, 5.113708972930908, 1.688568115234375, 1.6486605405807495, 1.572180151939392, 1.5164908170700073, 1.2579041719436646, 1.2426409721374512, 1.2650879621505737, 1.2138888835906982, 1.2376173734664917, 1.226872205734253, 1.1942439079284668, 1.1875596046447754, 1.1861517429351807, 1.1791446208953857, 1.180050253868103, 1.1543388366699219, 1.1695306301116943, 1.1465264558792114, 1.1586329936981201];[1.5464508533477783, 1.1764097213745117, 0.2545146942138672, 0.25869256258010864, 0.217045858502388, 0.2005690038204193, 0.04149656742811203, 0.03936545178294182, 0.054363299161195755, 0.027557995170354843, 0.0451836958527565, 0.03627355024218559, 0.02078080177307129, 0.01640821062028408, 0.02014223113656044, 0.017355363816022873, 0.014889541082084179, 0.0015381085686385632, 0.011144835501909256, 0.0005969089106656611, 0.005919658578932285];[-124.95204162597656, -17.221059799194336, -1.8854695558547974, -1.892053484916687, -1.7998321056365967, -1.76637601852417, -1.3145185708999634, -1.3007025718688965, -1.3450980186462402, -1.2732642889022827, -1.3243006467819214, -1.2973042726516724, -1.257199764251709, -1.2415108680725098, -1.246876835823059, -1.2423596382141113, -1.2340779304504395, -1.201439380645752, -1.228539228439331, -1.1947853565216064, -1.214213490486145]
1050;[16.569786071777344, 5.309119701385498, 5.155963897705078, 5.076484203338623, 5.02552604675293, 1.5145877599716187, 1.3099298477172852, 1.3068206310272217, 1.2408150434494019, 1.2450313568115234, 1.2344970703125, 1.2377558946609497, 1.2237266302108765, 1.2013589143753052, 1.2181087732315063, 1.208246111869812, 1.225829839706421, 1.2067445516586304, 1.2045799493789673, 1.1755540370941162, 1.1763168573379517];[1.5453758239746094, 1.138553500175476, 1.158610463142395, 1.2039257287979126, 1.2033510208129883, 0.2025894969701767, 0.07892666012048721, 0.08268904685974121, 0.0395754873752594, 0.04615210369229317, 0.04600054770708084, 0.04702230542898178, 0.03881026804447174, 0.025935158133506775, 0.03954140841960907, 0.03170691058039665, 0.04517341032624245, 0.03439862281084061, 0.036528393626213074, 0.01544939074665308, 0.016032181680202484];[-128.80654907226562, -19.616352081298828, -21.200603485107422, -21.407482147216797, -21.70806312561035, -1.808286428451538, -1.420556664466858, -1.4291993379592896, -1.3093715906143188, -1.3237911462783813, -1.3219577074050903, -1.3296866416931152, -1.3043017387390137, -1.2720202207565308, -1.3102691173553467, -1.283024787902832, -1.3200790882110596, -1.2965353727340698, -1.3002216815948486, -1.2402135133743286, -1.241896629333496]
1100;[16.595863342285156, 1.9863733053207397, 1.9800591468811035, 1.6022170782089233, 1.3491575717926025, 1.3093844652175903, 1.269069790840149, 1.2007391452789307, 1.2304502725601196, 1.2132779359817505, 1.2099354267120361, 1.1998673677444458, 1.1740492582321167, 1.1817725896835327, 1.1857314109802246, 1.1951360702514648, 1.1839278936386108, 1.1766636371612549, 1.1846177577972412, 1.1922900676727295, 1.1765685081481934];[1.5452494621276855, 0.35101091861724854, 0.4254795014858246, 0.23250293731689453, 0.08824849873781204, 0.06787943094968796, 0.052302755415439606, 0.01413503848016262, 0.032160013914108276, 0.02637353353202343, 0.02852707915008068, 0.01973051391541958, 0.007494715973734856, 0.013459241017699242, 0.01695876568555832, 0.027096666395664215, 0.016558246687054634, 0.014588350430130959, 0.02028036117553711, 0.023905910551548004, 0.01936851441860199];[-133.3268280029297, -2.2513277530670166, -2.616546392440796, -1.8581948280334473, -1.4269318580627441, -1.3792529106140137, -1.3396732807159424, -1.2356970310211182, -1.2899105548858643, -1.2704017162322998, -1.2729705572128296, -1.2527515888214111, -1.2241781949996948, -1.2372138500213623, -1.2409840822219849, -1.2660772800445557, -1.2437562942504883, -1.2360421419143677, -1.248521327972412, -1.262816309928894, -1.2479431629180908]
1150;[16.56783676147461, 1.647088646888733, 1.5101159811019897, 1.419012427330017, 1.263376235961914, 1.295912504196167, 1.3265835046768188, 1.3003015518188477, 1.2650400400161743, 1.2329387664794922, 1.196549415588379, 1.1920785903930664, 1.2084673643112183, 1.183995008468628, 1.181238055229187, 1.182260513305664, 1.1939668655395508, 1.1830579042434692, 1.1936672925949097, 1.1830768585205078, 1.1717802286148071];[1.5415167808532715, 0.17007029056549072, 0.14645874500274658, 0.11573392897844315, 0.02927905134856701, 0.05917396396398544, 0.08368901163339615, 0.07282289862632751, 0.056502312421798706, 0.037544816732406616, 0.01814240962266922, 0.01943608745932579, 0.02780931070446968, 0.016402235254645348, 0.013976477086544037, 0.01480809599161148, 0.02090606279671192, 0.018775224685668945, 0.02451901137828827, 0.01925896480679512, 0.014080499298870564];[-135.54962158203125, -1.6210837364196777, -1.5853883028030396, -1.511667013168335, -1.2797160148620605, -1.3540050983428955, -1.4248584508895874, -1.4055367708206177, -1.3483701944351196, -1.301895022392273, -1.248144268989563, -1.2508338689804077, -1.2776358127593994, -1.2395745515823364, -1.2349392175674438, -1.239038109779358, -1.2579519748687744, -1.2535077333450317, -1.2647994756698608, -1.2509080171585083, -1.2373133897781372]
1200;[16.57986068725586, 1.7069091796875, 1.505271315574646, 1.441218614578247, 1.396000862121582, 1.388087272644043, 1.2445147037506104, 1.245813250541687, 1.2299214601516724, 1.1972576379776, 1.1847325563430786, 1.1884766817092896, 1.1734099388122559, 1.1631524562835693, 1.1575379371643066, 1.1559406518936157, 1.160164713859558, 1.1597034931182861, 1.1588655710220337, 1.1614612340927124, 1.157265543937683];[1.544623613357544, 0.19795936346054077, 0.1343286782503128, 0.1287786066532135, 0.11737780272960663, 0.11219490319490433, 0.041127149015665054, 0.03844131529331207, 0.03725166991353035, 0.013923675753176212, 0.010988261550664902, 0.015882916748523712, 0.008517606183886528, 0.00285389949567616, 0.004758677911013365, 0.0024933619424700737, 0.0027749657165259123, 0.004078573081642389, 0.006036521401256323, 0.00745993060991168, 0.007609069813042879];[-129.31773376464844, -1.700455665588379, -1.5576080083847046, -1.5330896377563477, -1.5158218145370483, -1.5182075500488281, -1.3068947792053223, -1.2976388931274414, -1.296295166015625, -1.2393097877502441, -1.2277288436889648, -1.2388854026794434, -1.2194983959197998, -1.2030251026153564, -1.2068078517913818, -1.2027976512908936, -1.205819845199585, -1.2058801651000977, -1.2109395265579224, -1.2170817852020264, -1.216199517250061]
1250;[16.55998992919922, 1.6931118965148926, 1.684943437576294, 1.2379437685012817, 1.2275335788726807, 1.2151215076446533, 1.215729832649231, 1.2224048376083374, 1.195277214050293, 1.2192585468292236, 1.2266488075256348, 1.1983201503753662, 1.1985468864440918, 1.1820262670516968, 1.1694947481155396, 1.1627259254455566, 1.163666009902954, 1.166589617729187, 1.1558406352996826, 1.1567542552947998, 1.1580785512924194];[1.5464980602264404, 0.18977321684360504, 0.24905458092689514, 0.007262060418725014, 0.013858890160918236, 0.014521853066980839, 0.018701322376728058, 0.024890489876270294, 0.015337066724896431, 0.031071798875927925, 0.03723897784948349, 0.02511562407016754, 0.023511219769716263, 0.01323090773075819, 0.0064837257377803326, 0.005877137184143066, 0.005420894827693701, 0.006809500977396965, 0.003686369163915515, 0.004568111151456833, 0.006676484830677509];[-128.5740203857422, -1.6982104778289795, -1.908328890800476, -1.225965142250061, -1.2379201650619507, -1.238006591796875, -1.2461594343185425, -1.2691056728363037, -1.2357460260391235, -1.2810391187667847, -1.2952239513397217, -1.2650302648544312, -1.2591606378555298, -1.2322486639022827, -1.2120847702026367, -1.2144511938095093, -1.2140415906906128, -1.2190444469451904, -1.204791784286499, -1.2135564088821411, -1.2152589559555054]
1300;[16.576372146606445, 1.725082516670227, 1.471885323524475, 1.350732445716858, 1.3416693210601807, 1.2668691873550415, 1.2198655605316162, 1.2155805826187134, 1.2023937702178955, 1.1889851093292236, 1.2094972133636475, 1.1743885278701782, 1.1744929552078247, 1.1817816495895386, 1.1629528999328613, 1.157586693763733, 1.1569545269012451, 1.1562786102294922, 1.1492390632629395, 1.1522228717803955, 1.1468489170074463];[1.546189308166504, 0.21126684546470642, 0.12516510486602783, 0.07595742493867874, 0.07856782525777817, 0.040950797498226166, 0.022711457684636116, 0.021087251603603363, 0.019848940894007683, 0.014340088702738285, 0.026638679206371307, 0.005041751079261303, 0.008012411184608936, 0.012479947879910469, 0.0033640319015830755, 0.0030066913459450006, 0.0013982325326651335, 0.0017353642033413053, 0.00019800066365860403, 0.0004695928073488176, 0.0008569484925828874];[-130.37168884277344, -1.724339485168457, -1.5374081134796143, -1.3982722759246826, -1.412829875946045, -1.3101495504379272, -1.2544276714324951, -1.2552976608276367, -1.2485636472702026, -1.2345852851867676, -1.2733609676361084, -1.212673544883728, -1.2156370878219604, -1.230017900466919, -1.2038772106170654, -1.2046974897384644, -1.2008322477340698, -1.2027205228805542, -1.1987950801849365, -1.19746732711792, -1.1973387002944946]
1350;[16.57489585876465, 5.026905536651611, 5.026528835296631, 1.881105899810791, 1.9019818305969238, 1.7676554918289185, 1.5567582845687866, 1.5385998487472534, 1.5182604789733887, 1.4822070598602295, 1.4566607475280762, 1.425218939781189, 1.3807827234268188, 1.3945027589797974, 1.3962608575820923, 1.3905798196792603, 1.3366343975067139, 1.2913918495178223, 1.3125425577163696, 1.2907919883728027, 1.2814747095108032];[1.542214035987854, 1.204801082611084, 1.2361246347427368, 0.40478360652923584, 0.4384976923465729, 0.3647422790527344, 0.23741813004016876, 0.23530380427837372, 0.22267042100429535, 0.19889670610427856, 0.1846270114183426, 0.17200332880020142, 0.13999898731708527, 0.15233948826789856, 0.15621453523635864, 0.15023618936538696, 0.11465161293745041, 0.08694181591272354, 0.10297389328479767, 0.08951831609010696, 0.08296932280063629];[-140.42291259765625, -15.110847473144531, -18.24561882019043, -2.432166814804077, -2.5681917667388916, -2.3175458908081055, -1.878444790840149, -1.8683418035507202, -1.832695722579956, -1.776112675666809, -1.7331137657165527, -1.6788324117660522, -1.594498634338379, -1.6240512132644653, -1.6454014778137207, -1.6291208267211914, -1.5258845090866089, -1.4447482824325562, -1.4937516450881958, -1.4475616216659546, -1.4347178936004639]
1400;[16.581317901611328, 1.6834704875946045, 1.6264548301696777, 1.605291485786438, 1.588687777519226, 1.5857796669006348, 1.5597755908966064, 1.3477751016616821, 1.364341139793396, 1.3394460678100586, 1.3597426414489746, 1.3583858013153076, 1.3464136123657227, 1.3173370361328125, 1.3207426071166992, 1.2580690383911133, 1.284963846206665, 1.293123483657837, 1.2695236206054688, 1.251754879951477, 1.2647836208343506];[1.5447834730148315, 0.18280185759067535, 0.2142518162727356, 0.23214462399482727, 0.2348816841840744, 0.24511833488941193, 0.23903171718120575, 0.10499902069568634, 0.11825395375490189, 0.10572321712970734, 0.1237914115190506, 0.12098850309848785, 0.11322599649429321, 0.09935900568962097, 0.10298537462949753, 0.06619319319725037, 0.08049742877483368, 0.08947177231311798, 0.07397612929344177, 0.06613082438707352, 0.07072275876998901];[-130.84068298339844, -1.6436254978179932, -1.7440414428710938, -1.840112566947937, -1.860203504562378, -1.9030215740203857, -1.8783236742019653, -1.4854443073272705, -1.5322157144546509, -1.4821337461471558, -1.5385667085647583, -1.5459508895874023, -1.5173171758651733, -1.4818035364151, -1.491043210029602, -1.3802801370620728, -1.4264588356018066, -1.4497184753417969, -1.402031421661377, -1.3784918785095215, -1.399701714515686]
1450;[16.598224639892578, 1.6776378154754639, 1.6830718517303467, 1.4070888757705688, 1.2602752447128296, 1.2251622676849365, 1.2559422254562378, 1.2286585569381714, 1.2040915489196777, 1.1845543384552002, 1.1821284294128418, 1.1754047870635986, 1.1646320819854736, 1.1638433933258057, 1.159624457359314, 1.155266523361206, 1.1574844121932983, 1.1639610528945923, 1.1623282432556152, 1.1641991138458252, 1.1582765579223633];[1.54408860206604, 0.18883591890335083, 0.2513400614261627, 0.1066780686378479, 0.031341973692178726, 0.018480807542800903, 0.04529343917965889, 0.02427477389574051, 0.022498970851302147, 0.011276323348283768, 0.012416469864547253, 0.004769616294652224, 0.0005567878251895308, 0.0033329694997519255, 0.0023892230819910765, 0.0005186885828152299, 0.004122582729905844, 0.006320459768176079, 0.004691130015999079, 0.006199572701007128, 0.005997541360557079];[-134.04428100585938, -1.6698760986328125, -1.9242457151412964, -1.4793392419815063, -1.2849715948104858, -1.249531865119934, -1.3051153421401978, -1.2715024948120117, -1.2592674493789673, -1.2256746292114258, -1.233887791633606, -1.2119425535202026, -1.1998234987258911, -1.2042008638381958, -1.2031360864639282, -1.194547176361084, -1.208060622215271, -1.2130279541015625, -1.2121973037719727, -1.2154192924499512, -1.2112771272659302]
1500;[16.581144332885742, 1.5501254796981812, 1.3239834308624268, 1.257819414138794, 1.2391225099563599, 1.2128334045410156, 1.1910126209259033, 1.1891605854034424, 1.181395173072815, 1.1851294040679932, 1.175943374633789, 1.1945263147354126, 1.1856940984725952, 1.1951980590820312, 1.1854476928710938, 1.194953441619873, 1.1815358400344849, 1.1815848350524902, 1.1783745288848877, 1.1659822463989258, 1.1640939712524414];[1.5434982776641846, 0.10202062875032425, 0.03744641691446304, 0.015827877447009087, 0.020797448232769966, 0.012243876233696938, 0.005200918298214674, 0.005399374756962061, 0.002010487951338291, 0.008330845274031162, 0.006485057529062033, 0.019437510520219803, 0.0181752797216177, 0.01819940283894539, 0.01837661862373352, 0.024556055665016174, 0.016879217699170113, 0.014696660451591015, 0.015499475412070751, 0.00902270246297121, 0.010062617249786854];[-133.0294189453125, -1.4676852226257324, -1.3061145544052124, -1.248599648475647, -1.2576439380645752, -1.2368574142456055, -1.2121225595474243, -1.2161747217178345, -1.2082414627075195, -1.2208436727523804, -1.217398762702942, -1.2506862878799438, -1.2464344501495361, -1.249895453453064, -1.2526462078094482, -1.271478295326233, -1.2429933547973633, -1.2426470518112183, -1.2407337427139282, -1.2257601022720337, -1.2255911827087402]
50;[19.60540008544922, 11.087657928466797, 3.293998956680298, 3.3685946464538574, 3.2748727798461914, 2.3206987380981445, 2.3146448135375977, 1.9032343626022339, 1.8391859531402588, 1.6409825086593628, 1.6421246528625488, 1.6846222877502441, 1.6318343877792358, 1.597193717956543, 1.6198233366012573, 1.6017022132873535, 1.592758059501648, 1.5505560636520386, 1.554990291595459, 1.5177747011184692, 1.549795389175415];[1.5033804178237915, 1.3278939723968506, 0.7255063056945801, 0.7820623517036438, 0.7593411207199097, 0.41791802644729614, 0.42824509739875793, 0.22132587432861328, 0.18915367126464844, 0.08999074250459671, 0.0958230197429657, 0.1192563846707344, 0.09092088788747787, 0.07758408039808273, 0.08604307472705841, 0.0803392231464386, 0.0778164267539978, 0.05366858094930649, 0.05622350797057152, 0.04177829250693321, 0.05465442314743996];[-152.5258026123047, -67.62777709960938, -4.742412567138672, -5.142493724822998, -5.214688301086426, -2.8414855003356934, -2.8691861629486084, -2.0626869201660156, -1.9649462699890137, -1.665597677230835, -1.6828726530075073, -1.7525570392608643, -1.681567668914795, -1.63177490234375, -1.6648906469345093, -1.642677903175354, -1.63916015625, -1.5710809230804443, -1.5767971277236938, -1.5362647771835327, -1.57514226436615]
100;[19.610395431518555, 10.93631362915039, 3.7895050048828125, 3.4976449012756348, 3.5372681617736816, 2.6905975341796875, 2.6554088592529297, 2.2431819438934326, 1.8818752765655518, 1.8789225816726685, 1.780357837677002, 1.7041926383972168, 1.6908191442489624, 1.6444038152694702, 1.5774112939834595, 1.5467102527618408, 1.5175105333328247, 1.518846869468689, 1.510175347328186, 1.508766531944275, 1.527255892753601];[1.5035954713821411, 1.3626126050949097, 0.9139301180839539, 0.8280302286148071, 0.8565137982368469, 0.5860785841941833, 0.5743806958198547, 0.39594924449920654, 0.21409370005130768, 0.21681882441043854, 0.16607406735420227, 0.12916235625743866, 0.1208171471953392, 0.09899122267961502, 0.06818418949842453, 0.049492087215185165, 0.0369001179933548, 0.039822593331336975, 0.03432513773441315, 0.03415992856025696, 0.04196938872337341];[-154.35015869140625, -65.0701904296875, -5.789552688598633, -5.820844650268555, -6.139974594116211, -3.62265682220459, -3.6039931774139404, -2.6722586154937744, -2.043076515197754, -2.034238815307617, -1.8857884407043457, -1.7777491807937622, -1.760459303855896, -1.6930432319641113, -1.6106010675430298, -1.5658373832702637, -1.521268606185913, -1.5314874649047852, -1.515356183052063, -1.517012119293213, -1.5335465669631958]
150;[19.606155395507812, 11.016082763671875, 10.890546798706055, 2.8057808876037598, 2.829751968383789, 2.4749915599823, 2.34964656829834, 1.9685146808624268, 1.810212254524231, 1.7752325534820557, 1.7411606311798096, 1.6056907176971436, 1.5861811637878418, 1.5800552368164062, 1.4752076864242554, 1.4729443788528442, 1.4618356227874756, 1.4612408876419067, 1.4683030843734741, 1.474829077720642, 1.476759910583496];[1.5014655590057373, 1.3478219509124756, 1.354082465171814, 0.6035024523735046, 0.6425257921218872, 0.49174144864082336, 0.43827149271965027, 0.24956248700618744, 0.17788982391357422, 0.16204173862934113, 0.14694325625896454, 0.0750884860754013, 0.0699920654296875, 0.07059245556592941, 0.013636604882776737, 0.013779607601463795, 0.010886644944548607, 0.01038629375398159, 0.010813563130795956, 0.01674666814506054, 0.01731807552278042];[-151.96873474121094, -65.38922882080078, -68.44071197509766, -3.7369561195373535, -3.8883328437805176, -3.0455620288848877, -2.881380558013916, -2.15525484085083, -1.9229497909545898, -1.8829606771469116, -1.8452987670898438, -1.6309471130371094, -1.6184147596359253, -1.6138006448745728, -1.4581068754196167, -1.458297848701477, -1.4489593505859375, -1.446523904800415, -1.4501415491104126, -1.4681727886199951, -1.4717046022415161]
200;[19.60989761352539, 10.882224082946777, 3.647944450378418, 3.2675914764404297, 3.0259511470794678, 2.2660393714904785, 2.261025905609131, 2.1989352703094482, 2.232926368713379, 2.290299892425537, 2.0627403259277344, 2.075963020324707, 2.0729761123657227, 1.9332983493804932, 1.8433538675308228, 1.7763397693634033, 1.7211363315582275, 1.7233396768569946, 1.6860554218292236, 1.6572130918502808, 1.610938310623169];[1.5061771869659424, 1.373124361038208, 0.9108973145484924, 0.7941612005233765, 0.6831445097923279, 0.3924766182899475, 0.39849522709846497, 0.3687914311885834, 0.3979913294315338, 0.4274379312992096, 0.3164384365081787, 0.3233271837234497, 0.32595133781433105, 0.25248661637306213, 0.20951783657073975, 0.17277729511260986, 0.14205284416675568, 0.14550364017486572, 0.12793612480163574, 0.10997894406318665, 0.09051547199487686];[-146.62501525878906, -61.485286712646484, -5.136847019195557, -4.781192779541016, -4.450106620788574, -2.6804451942443848, -2.7202506065368652, -2.6217048168182373, -2.7232112884521484, -2.8329384326934814, -2.4042506217956543, -2.406255006790161, -2.4277257919311523, -2.1734957695007324, -2.0323874950408936, -1.919191598892212, -1.8346518278121948, -1.8447767496109009, -1.7820990085601807, -1.735742449760437, -1.676580548286438]
250;[19.606613159179688, 6.819650650024414, 3.6233739852905273, 3.151693820953369, 2.2344000339508057, 1.8071216344833374, 1.7389568090438843, 1.7101391553878784, 1.6948676109313965, 1.6654795408248901, 1.5947844982147217, 1.5792161226272583, 1.605857491493225, 1.6560741662979126, 1.6324896812438965, 1.6124650239944458, 1.650225043296814, 1.6548314094543457, 1.61602783203125, 1.6061108112335205, 1.5560026168823242];[1.5035531520843506, 1.4661407470703125, 0.8655630350112915, 0.6918092370033264, 0.356893926858902, 0.16038548946380615, 0.13124048709869385, 0.12369035929441452, 0.11553417891263962, 0.10508415102958679, 0.06595727801322937, 0.06584896892309189, 0.07485324889421463, 0.1077205240726471, 0.09351634234189987, 0.08423041552305222, 0.10314952582120895, 0.11181408166885376, 0.09045439958572388, 0.08546566218137741, 0.06115323677659035];[-154.35806274414062, -16.478269577026367, -5.4820876121521, -4.855339527130127, -2.5988454818725586, -1.870179295539856, -1.7871752977371216, -1.7719825506210327, -1.7536975145339966, -1.71567702293396, -1.6044795513153076, -1.6033892631530762, -1.6382793188095093, -1.7245715856552124, -1.6750072240829468, -1.6562243700027466, -1.7192038297653198, -1.7315171957015991, -1.6679377555847168, -1.6611965894699097, -1.5946910381317139]
300;[19.599504470825195, 6.720288276672363, 3.3012988567352295, 3.163482904434204, 2.618288040161133, 2.0360257625579834, 1.955798625946045, 1.8108593225479126, 1.716580867767334, 1.6496634483337402, 1.6069576740264893, 1.5711921453475952, 1.6305063962936401, 1.5708824396133423, 1.581600308418274, 1.5658830404281616, 1.5462908744812012, 1.5354647636413574, 1.5254511833190918, 1.5205049514770508, 1.549802541732788];[1.502313494682312, 1.3513875007629395, 0.8145992755889893, 0.7895753383636475, 0.5560463070869446, 0.277063250541687, 0.2435399293899536, 0.1784067004919052, 0.1266269087791443, 0.0960659310221672, 0.07548044621944427, 0.060445670038461685, 0.08812527358531952, 0.06070718914270401, 0.0693313330411911, 0.061784643679857254, 0.053488560020923615, 0.04722771793603897, 0.04421282932162285, 0.04148305952548981, 0.05657565966248512];[-152.23704528808594, -17.52572250366211, -4.420766830444336, -4.29894495010376, -3.3036727905273438, -2.2070000171661377, -2.1106302738189697, -1.922071099281311, -1.765821099281311, -1.6886284351348877, -1.628577470779419, -1.585659146308899, -1.6755911111831665, -1.589877724647522, -1.616672396659851, -1.593169093132019, -1.5644243955612183, -1.5567485094070435, -1.5422043800354004, -1.5351624488830566, -1.579858422279358]
350;[19.601476669311523, 10.93271255493164, 3.2937569618225098, 2.820047616958618, 2.2026755809783936, 2.0967226028442383, 1.8427814245224, 1.7439796924591064, 1.6938726902008057, 1.6377537250518799, 1.6552231311798096, 1.595173954963684, 1.5444642305374146, 1.5776922702789307, 1.530096411705017, 1.5285115242004395, 1.513880968093872, 1.5118684768676758, 1.4889578819274902, 1.4870469570159912, 1.4640820026397705];[1.5042431354522705, 1.3583886623382568, 0.7850694060325623, 0.6042492389678955, 0.3525140881538391, 0.3104557693004608, 0.1863664835691452, 0.13558033108711243, 0.11485801637172699, 0.08658913522958755, 0.10035558044910431, 0.068877212703228, 0.0466090589761734, 0.06261446326971054, 0.0401906855404377, 0.044437602162361145, 0.037554141134023666, 0.0343201719224453, 0.025730423629283905, 0.023510288447141647, 0.014233440160751343];[-152.56439208984375, -64.0853042602539, -4.393937587738037, -3.7493348121643066, -2.52292537689209, -2.3776845932006836, -1.9514892101287842, -1.7975056171417236, -1.7499778270721436, -1.6633659601211548, -1.7063546180725098, -1.615342378616333, -1.5515273809432983, -1.5912878513336182, -1.5291026830673218, -1.5374844074249268, -1.5256686210632324, -1.5189523696899414, -1.492464542388916, -1.4872686862945557, -1.4622087478637695]
400;[19.606170654296875, 6.474746227264404, 3.215439558029175, 2.417595148086548, 2.0115420818328857, 1.932358980178833, 1.9080989360809326, 1.829025149345398, 1.7618294954299927, 1.6466457843780518, 1.6437801122665405, 1.6470668315887451, 1.630220651626587, 1.588873028755188, 1.576894998550415, 1.5397617816925049, 1.5414319038391113, 1.5118299722671509, 1.5094636678695679, 1.5258793830871582, 1.507779598236084];[1.5038254261016846, 1.3650099039077759, 0.7251861691474915, 0.4401404559612274, 0.25294020771980286, 0.22306345403194427, 0.21354879438877106, 0.1816374808549881, 0.14927631616592407, 0.09277184307575226, 0.09091747552156448, 0.09720780700445175, 0.08946122974157333, 0.07286379486322403, 0.06860002130270004, 0.047918472439050674, 0.05090714991092682, 0.03571028634905815, 0.03481227159500122, 0.04372050240635872, 0.03844601288437843];[-149.32980346679688, -14.957938194274902, -4.38547420501709, -2.7453911304473877, -2.13386607170105, -2.0477514266967773, -2.023958206176758, -1.9383807182312012, -1.8508422374725342, -1.6719262599945068, -1.6670254468917847, -1.691967487335205, -1.668562889099121, -1.6230229139328003, -1.6117907762527466, -1.5580259561538696, -1.5654581785202026, -1.5188674926757812, -1.5113377571105957, -1.5407849550247192, -1.5239099264144897]
450;[19.606168746948242, 11.355395317077637, 3.033491849899292, 1.9252080917358398, 1.9500410556793213, 1.9156402349472046, 1.8146164417266846, 1.6472156047821045, 1.5707474946975708, 1.5167725086212158, 1.500819206237793, 1.5004632472991943, 1.4877145290374756, 1.4885026216506958, 1.4836888313293457, 1.4544185400009155, 1.4560236930847168, 1.4612622261047363, 1.4565343856811523, 1.4701416492462158, 1.4648226499557495];[1.5035308599472046, 1.324460744857788, 0.6265184879302979, 0.19091284275054932, 0.22132903337478638, 0.2193632870912552, 0.1722845584154129, 0.08915826678276062, 0.053627923130989075, 0.028207015246152878, 0.021242287009954453, 0.02402246743440628, 0.018240824341773987, 0.02295331470668316, 0.017020322382450104, 0.0068932329304516315, 0.0047336178831756115, 0.009579447098076344, 0.009281053207814693, 0.01614278554916382, 0.014618225395679474];[-151.8433380126953, -72.1724624633789, -4.2036542892456055, -1.9376232624053955, -2.0513346195220947, -2.0693554878234863, -1.8971651792526245, -1.6656594276428223, -1.5625991821289062, -1.498531460762024, -1.477028489112854, -1.4879320859909058, -1.4693856239318848, -1.479681134223938, -1.4623788595199585, -1.4376107454299927, -1.4335298538208008, -1.4453909397125244, -1.4452885389328003, -1.4630764722824097, -1.4592945575714111]
500;[19.61858558654785, 6.729736804962158, 3.7337777614593506, 3.6805810928344727, 2.8412399291992188, 2.5032918453216553, 2.286487340927124, 2.0797574520111084, 2.023313045501709, 1.8521901369094849, 1.8141417503356934, 1.8288583755493164, 1.788299560546875, 1.724452018737793, 1.640417456626892, 1.6327449083328247, 1.5776406526565552, 1.5608398914337158, 1.540296196937561, 1.531844973564148, 1.5106635093688965];[1.5067291259765625, 1.4435986280441284, 0.9226229190826416, 0.9388133883476257, 0.6663828492164612, 0.5106980800628662, 0.41118958592414856, 0.310790091753006, 0.28798750042915344, 0.2058742493391037, 0.1860557347536087, 0.19163092970848083, 0.17450106143951416, 0.14092446863651276, 0.10060503333806992, 0.09939451515674591, 0.06797461956739426, 0.06020432338118553, 0.05098094046115875, 0.04594283550977707, 0.03707984834909439];[-145.80203247070312, -16.3531551361084, -5.5470871925354, -5.883195400238037, -3.7031409740448, -3.132584571838379, -2.8288028240203857, -2.3870320320129395, -2.3087475299835205, -2.012813091278076, -1.9652719497680664, -1.999788761138916, -1.933815360069275, -1.8277592658996582, -1.694764256477356, -1.6906834840774536, -1.614575982093811, -1.5858557224273682, -1.5616307258605957, -1.5551402568817139, -1.5263928174972534]
550;[19.599740982055664, 10.993502616882324, 3.6183505058288574, 2.806713819503784, 2.5490224361419678, 2.050949811935425, 1.9712754487991333, 1.8520816564559937, 1.7755639553070068, 1.6317641735076904, 1.641302466392517, 1.537024736404419, 1.5609145164489746, 1.553920865058899, 1.5184454917907715, 1.529520869255066, 1.5199006795883179, 1.5033454895019531, 1.4936774969100952, 1.5020794868469238, 1.5082387924194336];[1.50727117061615, 1.3512324094772339, 0.8850488066673279, 0.620474100112915, 0.5245763659477234, 0.28654447197914124, 0.2438770830631256, 0.19328995048999786, 0.1560729444026947, 0.08566886931657791, 0.09340476244688034, 0.042374785989522934, 0.05815918743610382, 0.05280238017439842, 0.036573223769664764, 0.04107469692826271, 0.03793242946267128, 0.03395731747150421, 0.025710439309477806, 0.033667195588350296, 0.036054980009794235];[-149.0399627685547, -63.207279205322266, -5.4148969650268555, -3.506471633911133, -3.1547858715057373, -2.246173620223999, -2.1100223064422607, -1.970090627670288, -1.8588688373565674, -1.6458758115768433, -1.6823899745941162, -1.5315802097320557, -1.5759048461914062, -1.571468710899353, -1.5218679904937744, -1.5467318296432495, -1.5286085605621338, -1.512904405593872, -1.4915955066680908, -1.514101505279541, -1.5170425176620483]
600;[19.600278854370117, 6.735878944396973, 6.731874942779541, 6.651035308837891, 6.645419120788574, 6.6653361320495605, 2.0681159496307373, 1.787355661392212, 1.7835367918014526, 1.6749964952468872, 1.5436915159225464, 1.519866943359375, 1.5086784362792969, 1.5138804912567139, 1.5132195949554443, 1.5124435424804688, 1.4915149211883545, 1.4800506830215454, 1.482466697692871, 1.4666547775268555, 1.4495593309402466];[1.501469373703003, 1.3598939180374146, 1.3435838222503662, 1.3312890529632568, 1.3086302280426025, 1.3076399564743042, 0.3075524568557739, 0.15874001383781433, 0.1599361002445221, 0.11235915869474411, 0.04223383963108063, 0.031504902988672256, 0.02719770185649395, 0.0341506190598011, 0.035005949437618256, 0.034697458148002625, 0.024174470454454422, 0.020780514925718307, 0.022584950551390648, 0.01403155829757452, 0.007417637854814529];[-155.08706665039062, -17.659109115600586, -20.31688690185547, -21.458023071289062, -22.880603790283203, -24.014636993408203, -2.361689329147339, -1.8756840229034424, -1.881260871887207, -1.734410047531128, -1.5364950895309448, -1.504006028175354, -1.4970905780792236, -1.5162708759307861, -1.5124925374984741, -1.5158909559249878, -1.4861067533493042, -1.482427716255188, -1.4822295904159546, -1.4566024541854858, -1.441126823425293]
650;[19.609243392944336, 6.734778881072998, 6.650821685791016, 2.6357979774475098, 2.254417896270752, 2.0101397037506104, 1.969419002532959, 1.9342280626296997, 1.829843282699585, 1.816835880279541, 1.8005965948104858, 1.750616192817688, 1.7308502197265625, 1.721612811088562, 1.6968563795089722, 1.657218337059021, 1.6593658924102783, 1.6420769691467285, 1.6194196939468384, 1.6079990863800049, 1.5082123279571533];[1.5071781873703003, 1.372752070426941, 1.3445563316345215, 0.547222912311554, 0.3711429536342621, 0.259271502494812, 0.2511949837207794, 0.2341373860836029, 0.185287207365036, 0.1800130009651184, 0.1743689328432083, 0.15189430117607117, 0.1420632004737854, 0.14118842780590057, 0.12697575986385345, 0.10942251235246658, 0.10849318653345108, 0.10009516030550003, 0.09079964458942413, 0.08795405179262161, 0.03368772938847542];[-153.84912109375, -17.00763511657715, -20.40730857849121, -3.1044974327087402, -2.5572609901428223, -2.160032033920288, -2.145995616912842, -2.1079795360565186, -1.9524366855621338, -1.9277881383895874, -1.9243683815002441, -1.8573962450027466, -1.8291833400726318, -1.8234249353408813, -1.7822396755218506, -1.7295584678649902, -1.7270970344543457, -1.7099517583847046, -1.684364914894104, -1.669225811958313, -1.516489863395691]
700;[19.62272834777832, 11.374953269958496, 3.2403476238250732, 2.278106212615967, 2.050478458404541, 1.8773616552352905, 1.8573517799377441, 1.8105005025863647, 1.7844531536102295, 1.7686834335327148, 1.762247920036316, 1.7109994888305664, 1.6910265684127808, 1.6561861038208008, 1.6474493741989136, 1.5610461235046387, 1.5431106090545654, 1.571423053741455, 1.51954984664917, 1.5821346044540405, 1.5478863716125488];[1.5059008598327637, 1.326846957206726, 0.6841613054275513, 0.36496543884277344, 0.27165457606315613, 0.19325363636016846, 0.1890299916267395, 0.16554312407970428, 0.1599540114402771, 0.157812237739563, 0.1526462733745575, 0.12907162308692932, 0.12361779063940048, 0.10446988791227341, 0.10383625328540802, 0.060318417847156525, 0.04779967665672302, 0.062009163200855255, 0.043400753289461136, 0.06867270171642303, 0.057878781110048294];[-153.39105224609375, -73.2216567993164, -4.69648551940918, -2.580667734146118, -2.2328765392303467, -1.9702644348144531, -1.9595223665237427, -1.8919587135314941, -1.872205376625061, -1.8613829612731934, -1.848305344581604, -1.7858043909072876, -1.762872576713562, -1.7074087858200073, -1.7122210264205933, -1.5858778953552246, -1.5565263032913208, -1.5904045104980469, -1.5383954048156738, -1.6144702434539795, -1.5840811729431152]
750;[19.619277954101562, 11.10537338256836, 3.457533359527588, 2.899601936340332, 2.6568779945373535, 2.3871915340423584, 2.332244873046875, 2.2332544326782227, 1.9693725109100342, 2.008913040161133, 1.764146089553833, 1.7270457744598389, 1.683680534362793, 1.6748757362365723, 1.5991631746292114, 1.5705581903457642, 1.5695617198944092, 1.5351967811584473, 1.4956161975860596, 1.5379900932312012, 1.5262620449066162];[1.5055729150772095, 1.34657883644104, 0.8569690585136414, 0.6710041761398315, 0.5794798731803894, 0.4585503339767456, 0.4361196756362915, 0.3924132287502289, 0.2569352984428406, 0.2799330949783325, 0.15455776453018188, 0.1406298279762268, 0.11711534857749939, 0.11857949197292328, 0.078857421875, 0.06400437653064728, 0.06603382527828217, 0.0466584675014019, 0.026349274441599846, 0.04604170843958855, 0.04487700015306473];[-151.58682250976562, -66.51420593261719, -4.8087849617004395, -3.652613878250122, -3.2930922508239746, -2.8315770626068115, -2.7780747413635254, -2.6422817707061768, -2.1726906299591064, -2.254943609237671, -1.8670709133148193, -1.8298853635787964, -1.7520240545272827, -1.760850429534912, -1.6426823139190674, -1.5981117486953735, -1.6099472045898438, -1.5486904382705688, -1.4933311939239502, -1.553633213043213, -1.5453686714172363]
800;[19.624168395996094, 6.697625637054443, 6.658924579620361, 6.652564525604248, 6.6491498947143555, 6.661475658416748, 2.3144631385803223, 1.8823834657669067, 1.7405723333358765, 1.7219338417053223, 1.5845611095428467, 1.6355180740356445, 1.5743827819824219, 1.5640579462051392, 1.55302095413208, 1.536350965499878, 1.5585533380508423, 1.5474377870559692, 1.5219541788101196, 1.5065380334854126, 1.4919062852859497];[1.5057421922683716, 1.4351038932800293, 1.3457926511764526, 1.3197489976882935, 1.3402671813964844, 1.3349359035491943, 0.4289553165435791, 0.20917001366615295, 0.13760080933570862, 0.13295191526412964, 0.06558342278003693, 0.08951876312494278, 0.058321963995695114, 0.05959085002541542, 0.055202506482601166, 0.049759671092033386, 0.060948148369789124, 0.055602334439754486, 0.0435517393052578, 0.0338420569896698, 0.028079483658075333];[-153.67041015625, -15.798813819885254, -19.397014617919922, -21.693159103393555, -22.612632751464844, -23.759355545043945, -2.7682807445526123, -2.015885829925537, -1.7992852926254272, -1.7879858016967773, -1.596837043762207, -1.6692841053009033, -1.582239031791687, -1.5869438648223877, -1.5731314420700073, -1.5488743782043457, -1.5883816480636597, -1.5755081176757812, -1.535510540008545, -1.5122085809707642, -1.4954252243041992]
850;[19.599803924560547, 10.874808311462402, 10.822484970092773, 2.982020854949951, 2.5714478492736816, 2.3388590812683105, 2.468773603439331, 2.377107620239258, 2.3085107803344727, 2.1047112941741943, 2.0924837589263916, 1.8433778285980225, 1.6473044157028198, 1.5524585247039795, 1.5210522413253784, 1.5420434474945068, 1.521520972251892, 1.5052549839019775, 1.477697491645813, 1.4813402891159058, 1.4886181354522705];[1.506380558013916, 1.3915619850158691, 1.4118690490722656, 0.6900802850723267, 0.534498929977417, 0.43022921681404114, 0.5021315813064575, 0.4624609351158142, 0.43075892329216003, 0.3364708721637726, 0.3369244635105133, 0.20550350844860077, 0.09697870910167694, 0.05661674961447716, 0.036702655255794525, 0.048921193927526474, 0.036236684769392014, 0.02864520624279976, 0.019272638484835625, 0.021140215918421745, 0.025296319276094437];[-156.58274841308594, -61.91005325317383, -64.41979217529297, -3.947756767272949, -3.146644353866577, -2.8268163204193115, -3.080099582672119, -2.9560699462890625, -2.8648858070373535, -2.479182720184326, -2.454585075378418, -2.013638973236084, -1.6992242336273193, -1.5680584907531738, -1.5240776538848877, -1.5556753873825073, -1.5215071439743042, -1.5047003030776978, -1.4740533828735352, -1.4753177165985107, -1.4939100742340088]
900;[19.611408233642578, 10.886094093322754, 10.84162712097168, 10.814665794372559, 10.824614524841309, 10.813767433166504, 3.3837530612945557, 2.4558165073394775, 2.4812374114990234, 2.06534743309021, 1.854272723197937, 1.9373774528503418, 1.8268935680389404, 1.800377368927002, 1.7260469198226929, 1.711799144744873, 1.7028460502624512, 1.721579909324646, 1.6647846698760986, 1.6909741163253784, 1.552162766456604];[1.50496506690979, 1.3749688863754272, 1.393301248550415, 1.3875377178192139, 1.4043365716934204, 1.4013503789901733, 0.7929657101631165, 0.4881463646888733, 0.49683621525764465, 0.31677210330963135, 0.20525993406772614, 0.248612180352211, 0.1960441619157791, 0.181007519364357, 0.14335528016090393, 0.1406416893005371, 0.13483692705631256, 0.14418542385101318, 0.11412814259529114, 0.13012564182281494, 0.06260868906974792];[-153.94790649414062, -61.935855865478516, -65.6672592163086, -67.35309600830078, -69.1585922241211, -70.18380737304688, -6.215071201324463, -3.2968785762786865, -3.372347831726074, -2.448967456817627, -2.0343947410583496, -2.198889970779419, -1.9984208345413208, -1.966868281364441, -1.8341752290725708, -1.8323512077331543, -1.8044201135635376, -1.8435477018356323, -1.754664659500122, -1.798033595085144, -1.5931626558303833]
950;[19.618736267089844, 10.960458755493164, 3.981013298034668, 4.130145072937012, 2.7741668224334717, 2.5735669136047363, 2.209071397781372, 2.1294617652893066, 2.1353816986083984, 2.032320976257324, 1.9145660400390625, 1.872654914855957, 1.9729132652282715, 1.9381800889968872, 2.0219805240631104, 1.9611406326293945, 1.8634239435195923, 1.826501488685608, 1.765180230140686, 1.7427705526351929, 1.684548020362854];[1.5050996541976929, 1.346075415611267, 0.9823442101478577, 1.0663982629776, 0.6366174817085266, 0.5601886510848999, 0.378775417804718, 0.33514404296875, 0.34475094079971313, 0.29785194993019104, 0.23584777116775513, 0.21206174790859222, 0.2726638913154602, 0.2587496340274811, 0.30557751655578613, 0.272385835647583, 0.2171124666929245, 0.20203278958797455, 0.16886866092681885, 0.15362997353076935, 0.12862145900726318];[-150.32244873046875, -64.12303924560547, -6.3774189949035645, -7.342282295227051, -3.549004554748535, -3.245044469833374, -2.5762529373168945, -2.425464391708374, -2.467862129211426, -2.3217124938964844, -2.107447624206543, -2.031911611557007, -2.236771821975708, -2.1756441593170166, -2.3309240341186523, -2.2305898666381836, -2.0543212890625, -2.006293296813965, -1.9094527959823608, -1.8662726879119873, -1.7961410284042358]
1000;[19.583219528198242, 6.635687351226807, 3.0571303367614746, 2.389216184616089, 2.2728164196014404, 2.2104270458221436, 1.9784305095672607, 1.9149795770645142, 1.6610304117202759, 1.6409229040145874, 1.5602186918258667, 1.567944049835205, 1.5833258628845215, 1.5918596982955933, 1.5688531398773193, 1.554101586341858, 1.5819003582000732, 1.5918002128601074, 1.5067298412322998, 1.5441282987594604, 1.5098387002944946];[1.5048176050186157, 1.329867959022522, 0.6984270215034485, 0.4289105236530304, 0.3788599371910095, 0.36484581232070923, 0.25126779079437256, 0.22667768597602844, 0.09585731476545334, 0.09010015428066254, 0.052651625126600266, 0.05396076664328575, 0.0666063129901886, 0.06903371959924698, 0.06213656812906265, 0.058286409825086594, 0.06784625351428986, 0.0771261677145958, 0.032900527119636536, 0.05610881373286247, 0.037289973348379135];[-146.6394805908203, -17.224781036376953, -3.850142478942871, -2.687985897064209, -2.5161118507385254, -2.5392253398895264, -2.142099142074585, -2.0842926502227783, -1.6877557039260864, -1.6717616319656372, -1.5582062005996704, -1.5702614784240723, -1.6072018146514893, -1.618550419807434, -1.5901250839233398, -1.5783228874206543, -1.6085869073867798, -1.6347581148147583, -1.5118627548217773, -1.5791658163070679, -1.524468183517456]
1050;[19.599123001098633, 10.898782730102539, 3.94392728805542, 2.9518613815307617, 2.826448678970337, 2.1964776515960693, 2.0612785816192627, 1.8640714883804321, 1.817899227142334, 1.7487156391143799, 1.705757737159729, 1.5976576805114746, 1.595604658126831, 1.5965341329574585, 1.5035690069198608, 1.515981912612915, 1.489416241645813, 1.4994128942489624, 1.48993718624115, 1.5024919509887695, 1.504719853401184];[1.5067322254180908, 1.3737819194793701, 0.9917718768119812, 0.7050208449363708, 0.6569664478302002, 0.36271846294403076, 0.30011263489723206, 0.20265653729438782, 0.1778426319360733, 0.14674662053585052, 0.13160362839698792, 0.07400133460760117, 0.07216645777225494, 0.07580144703388214, 0.030208436772227287, 0.0347021147608757, 0.022725997492671013, 0.029000109061598778, 0.029089955613017082, 0.0319504514336586, 0.033844802528619766];[-149.36273193359375, -61.508113861083984, -6.139956474304199, -3.8478941917419434, -3.699082612991333, -2.4950623512268066, -2.3211660385131836, -1.9872742891311646, -1.9338510036468506, -1.8477981090545654, -1.7949944734573364, -1.6224968433380127, -1.6236501932144165, -1.6334538459777832, -1.5069705247879028, -1.5128952264785767, -1.482018232345581, -1.5006147623062134, -1.499070167541504, -1.507896900177002, -1.5183755159378052]
1100;[19.623069763183594, 11.309599876403809, 2.8803107738494873, 2.757741689682007, 2.8327383995056152, 2.3175466060638428, 2.2211484909057617, 2.3759665489196777, 2.1177027225494385, 2.1375856399536133, 2.1037518978118896, 2.0657243728637695, 1.7576788663864136, 1.6146092414855957, 1.5298855304718018, 1.4777320623397827, 1.499993920326233, 1.4859133958816528, 1.465623140335083, 1.4568370580673218, 1.4489766359329224];[1.5054816007614136, 1.324691891670227, 0.5972736477851868, 0.560746431350708, 0.6149663925170898, 0.41178539395332336, 0.3746412694454193, 0.4596460461616516, 0.33009225130081177, 0.35033106803894043, 0.3378666937351227, 0.31544697284698486, 0.15826527774333954, 0.0845838338136673, 0.040888991206884384, 0.019522931426763535, 0.026850754395127296, 0.022704314440488815, 0.012629748322069645, 0.0068054888397455215, 0.008683368563652039];[-154.11451721191406, -71.51985168457031, -3.7479851245880127, -3.762204647064209, -4.058183670043945, -2.828099250793457, -2.7285406589508057, -3.0567116737365723, -2.5203068256378174, -2.584761142730713, -2.530343770980835, -2.4573447704315186, -1.8960909843444824, -1.663506031036377, -1.5334722995758057, -1.4750382900238037, -1.495519995689392, -1.4837511777877808, -1.4508497714996338, -1.441584587097168, -1.440535306930542]
1150;[19.6011962890625, 10.914782524108887, 3.3161542415618896, 2.7615303993225098, 2.436999559402466, 2.036128044128418, 1.7664333581924438, 1.6891931295394897, 1.6297985315322876, 1.6253576278686523, 1.6268011331558228, 1.5773762464523315, 1.5381890535354614, 1.5370798110961914, 1.535730242729187, 1.5111525058746338, 1.489804744720459, 1.4708284139633179, 1.4599087238311768, 1.4629409313201904, 1.4619598388671875];[1.5053765773773193, 1.3757327795028687, 0.816947340965271, 0.6138956546783447, 0.4671163558959961, 0.2766770124435425, 0.1421712040901184, 0.10658397525548935, 0.0808800607919693, 0.08076071739196777, 0.08375600725412369, 0.06421983987092972, 0.04160182923078537, 0.04618619754910469, 0.04382212087512016, 0.0326058492064476, 0.020189499482512474, 0.015882199630141258, 0.00964814331382513, 0.012251445092260838, 0.012647475115954876];[-153.02622985839844, -62.379398345947266, -4.402251243591309, -3.4015772342681885, -2.829638719558716, -2.228341579437256, -1.8037099838256836, -1.7147740125656128, -1.6467411518096924, -1.6354793310165405, -1.6600532531738281, -1.5977152585983276, -1.5382013320922852, -1.5478368997573853, -1.5439369678497314, -1.5080134868621826, -1.4793318510055542, -1.4666284322738647, -1.443771243095398, -1.4524263143539429, -1.4553626775741577]
1200;[19.607494354248047, 10.99513053894043, 3.792358636856079, 3.3637490272521973, 2.3699419498443604, 1.9887535572052002, 1.9882372617721558, 1.8097995519638062, 1.7663263082504272, 1.7424638271331787, 1.7007107734680176, 1.629026174545288, 1.6195467710494995, 1.6111152172088623, 1.6521217823028564, 1.608471393585205, 1.5677326917648315, 1.5379371643066406, 1.5022577047348022, 1.4890873432159424, 1.4819293022155762];[1.5042393207550049, 1.347498893737793, 0.9244649410247803, 0.7645265460014343, 0.4284926652908325, 0.24348045885562897, 0.26802998781204224, 0.16689278185367584, 0.15364931523799896, 0.1394941657781601, 0.1223820298910141, 0.08889833092689514, 0.08393345028162003, 0.08125650137662888, 0.11026529222726822, 0.08562136441469193, 0.0617610365152359, 0.047545239329338074, 0.03257448598742485, 0.026488058269023895, 0.024986136704683304];[-149.67286682128906, -64.66240692138672, -5.716243743896484, -5.305128574371338, -2.891561269760132, -2.118206262588501, -2.2162911891937256, -1.8932809829711914, -1.8562157154083252, -1.8183965682983398, -1.7643893957138062, -1.6606756448745728, -1.6552761793136597, -1.64984929561615, -1.7284343242645264, -1.6563950777053833, -1.591096043586731, -1.5530389547348022, -1.5073825120925903, -1.4909851551055908, -1.4824885129928589]
1250;[19.587186813354492, 10.905324935913086, 10.845073699951172, 3.6233673095703125, 3.486157178878784, 3.373728036880493, 3.332324504852295, 2.362135410308838, 2.099928379058838, 2.1156809329986572, 2.061340093612671, 1.9525673389434814, 1.8439757823944092, 1.7735595703125, 1.7087925672531128, 1.687943458557129, 1.67070734500885, 1.5962213277816772, 1.5588364601135254, 1.5594909191131592, 1.5563856363296509];[1.5069270133972168, 1.4125617742538452, 1.4587980508804321, 0.9370149374008179, 0.9007425904273987, 0.8642111420631409, 0.8532151579856873, 0.46112391352653503, 0.33188897371292114, 0.3422817587852478, 0.31698301434516907, 0.26337239146232605, 0.2038872092962265, 0.1651013195514679, 0.13345453143119812, 0.1254958212375641, 0.11484039574861526, 0.07652978599071503, 0.06159111484885216, 0.061434369534254074, 0.06159844249486923];[-149.9051971435547, -59.91007995605469, -62.554283142089844, -5.63629150390625, -5.5731096267700195, -5.3649797439575195, -5.452521324157715, -2.889155387878418, -2.4018654823303223, -2.442263603210449, -2.372422218322754, -2.1977012157440186, -2.0099282264709473, -1.8946099281311035, -1.7989932298660278, -1.778863549232483, -1.7572201490402222, -1.6429229974746704, -1.586777687072754, -1.5953450202941895, -1.596077561378479]
1300;[19.600337982177734, 10.846487998962402, 3.3919014930725098, 2.9911692142486572, 2.792179822921753, 2.1896302700042725, 2.0248923301696777, 1.9268341064453125, 1.8324428796768188, 1.797572374343872, 1.620916485786438, 1.667212724685669, 1.6177074909210205, 1.6041189432144165, 1.6080772876739502, 1.6461896896362305, 1.6518683433532715, 1.5963561534881592, 1.5555634498596191, 1.551763653755188, 1.5264602899551392];[1.5058543682098389, 1.3772718906402588, 0.8428146839141846, 0.6915988326072693, 0.6107566356658936, 0.35336068272590637, 0.28151291608810425, 0.22986112534999847, 0.1910971701145172, 0.17421631515026093, 0.08165554702281952, 0.1063697412610054, 0.08350489288568497, 0.07681109011173248, 0.08176332712173462, 0.10477133840322495, 0.10607469826936722, 0.07806292921304703, 0.06009097024798393, 0.055667534470558167, 0.04726998880505562];[-148.8936767578125, -61.08433532714844, -4.606050491333008, -4.081333160400391, -3.8122544288635254, -2.537644386291504, -2.257960557937622, -2.087175130844116, -1.9721547365188599, -1.9300072193145752, -1.658827304840088, -1.7129766941070557, -1.6527776718139648, -1.6414300203323364, -1.6516834497451782, -1.7201528549194336, -1.7248997688293457, -1.6427106857299805, -1.585184931755066, -1.5759834051132202, -1.5485299825668335]
1350;[19.606346130371094, 11.175073623657227, 2.9816882610321045, 2.8460206985473633, 1.848990797996521, 1.8178036212921143, 1.8287270069122314, 1.759069800376892, 1.5457179546356201, 1.505415678024292, 1.4753743410110474, 1.4587215185165405, 1.4530586004257202, 1.454005479812622, 1.456498622894287, 1.457007884979248, 1.4506125450134277, 1.4450480937957764, 1.442322850227356, 1.446286916732788, 1.4412257671356201];[1.5064271688461304, 1.3257490396499634, 0.6174212098121643, 0.58846515417099, 0.17237846553325653, 0.16366711258888245, 0.17985543608665466, 0.15228654444217682, 0.04115409031510353, 0.020914744585752487, 0.008772282861173153, 0.006852703168988228, 0.0017964249709621072, 0.00426887022331357, 0.0067373174242675304, 0.006934423930943012, 0.0029918260406702757, 0.0023361467756330967, 0.002158825984224677, 0.004915191326290369, 0.0018876242684200406];[-158.31321716308594, -68.9209213256836, -3.928720712661743, -4.05254602432251, -1.9092754125595093, -1.899251103401184, -1.9628252983093262, -1.8681074380874634, -1.529596209526062, -1.4767149686813354, -1.4453911781311035, -1.437800645828247, -1.4241715669631958, -1.4321603775024414, -1.4347364902496338, -1.440609335899353, -1.4301296472549438, -1.4275354146957397, -1.4294028282165527, -1.4302873611450195, -1.425082802772522]
1400;[19.60564422607422, 10.934443473815918, 10.84902572631836, 10.791664123535156, 10.791237831115723, 10.779919624328613, 10.792346000671387, 2.585176467895508, 1.812432050704956, 1.5740916728973389, 1.4851418733596802, 1.4617499113082886, 1.4681696891784668, 1.4604864120483398, 1.4544862508773804, 1.4531164169311523, 1.4496638774871826, 1.4412280321121216, 1.442435622215271, 1.434494972229004, 1.4466434717178345];[1.5068955421447754, 1.3817472457885742, 1.3750786781311035, 1.4058893918991089, 1.4019088745117188, 1.3826555013656616, 1.389318823814392, 0.5325057506561279, 0.17696638405323029, 0.05737939476966858, 0.014779258519411087, 0.0038655686657875776, 0.006210692692548037, 0.00702758738771081, 0.004655143711715937, 0.006224780809134245, 0.0017500781686976552, 0.0017428100109100342, 0.0007272618822753429, 0.0005343693774193525, 0.0029177647083997726];[-152.33116149902344, -62.076045989990234, -67.12687683105469, -66.850830078125, -68.20394134521484, -70.13954162597656, -71.55543518066406, -3.699561834335327, -1.9565284252166748, -1.5784807205200195, -1.4662220478057861, -1.4345816373825073, -1.4383779764175415, -1.4385424852371216, -1.4324012994766235, -1.4369523525238037, -1.4296989440917969, -1.4254106283187866, -1.4249038696289062, -1.4177323579788208, -1.4297075271606445]
1450;[19.62308120727539, 10.897793769836426, 10.855016708374023, 4.178789138793945, 3.037156105041504, 2.7263383865356445, 2.757258892059326, 2.583059787750244, 2.5079174041748047, 2.1316542625427246, 2.1036558151245117, 1.883917212486267, 1.7399214506149292, 1.7602404356002808, 1.7226835489273071, 1.6212435960769653, 1.558222770690918, 1.522576928138733, 1.5158222913742065, 1.4962050914764404, 1.4808480739593506];[1.5109329223632812, 1.391929268836975, 1.4669700860977173, 1.082192063331604, 0.7540866732597351, 0.62176114320755, 0.6484513878822327, 0.5552259087562561, 0.5348747372627258, 0.35125163197517395, 0.3424418568611145, 0.22174793481826782, 0.14540860056877136, 0.1602485030889511, 0.14226989448070526, 0.09108439087867737, 0.060590047389268875, 0.04048953577876091, 0.03596288710832596, 0.026767773553729057, 0.02315286174416542];[-152.7705535888672, -60.51544952392578, -62.4816780090332, -7.3171257972717285, -4.178260326385498, -3.6141812801361084, -3.6954245567321777, -3.417294979095459, -3.3505825996398926, -2.508979082107544, -2.4997031688690186, -2.0727453231811523, -1.8416262865066528, -1.88283109664917, -1.8329479694366455, -1.6649779081344604, -1.5809458494186401, -1.5328211784362793, -1.5221047401428223, -1.498511552810669, -1.4826295375823975]
1500;[19.61345863342285, 6.848968029022217, 6.706402778625488, 6.6826066970825195, 6.662541389465332, 6.646881580352783, 2.3843376636505127, 2.328202962875366, 1.9934321641921997, 2.0423974990844727, 1.8626621961593628, 1.9187692403793335, 1.8550081253051758, 1.8396410942077637, 1.804185390472412, 1.796554446220398, 1.7323378324508667, 1.7067248821258545, 1.6872631311416626, 1.6359689235687256, 1.6256479024887085];[1.5054144859313965, 1.483888864517212, 1.4117387533187866, 1.3800169229507446, 1.3458077907562256, 1.3418655395507812, 0.46775275468826294, 0.4411635994911194, 0.26750677824020386, 0.3027576208114624, 0.20859818160533905, 0.24219487607479095, 0.2120504230260849, 0.1975550800561905, 0.18579378724098206, 0.18245787918567657, 0.14856752753257751, 0.13242366909980774, 0.12546412646770477, 0.09962382167577744, 0.09734688699245453];[-153.07765197753906, -15.668841361999512, -19.7940616607666, -21.272666931152344, -22.82610511779785, -23.497621536254883, -2.913825035095215, -2.8443145751953125, -2.220139503479004, -2.314072370529175, -2.0382144451141357, -2.1336617469787598, -2.033116579055786, -1.9997841119766235, -1.9685975313186646, -1.9670555591583252, -1.8475677967071533, -1.8091614246368408, -1.7855197191238403, -1.708155870437622, -1.699337124824524]
