Seed;RMSE History;MMD History;Log-Likelihood History
50;[16.376911163330078, 9.546963691711426, 8.32006549835205, 4.679693698883057, 3.3946008682250977, 2.869749069213867, 2.6953775882720947, 2.6820592880249023, 2.578342914581299, 2.4450130462646484, 2.652808904647827, 2.53291392326355, 2.4582834243774414, 2.539734125137329, 2.5414068698883057, 2.408344268798828, 2.365966796875, 2.474773645401001, 2.4340622425079346, 2.5368356704711914, 2.4503743648529053];[1.397889256477356, 1.2428826093673706, 1.494755744934082, 1.067063808441162, 0.6488751769065857, 0.4654253423213959, 0.405242919921875, 0.4041553735733032, 0.3591168224811554, 0.30636295676231384, 0.39604809880256653, 0.34668856859207153, 0.31584298610687256, 0.35314151644706726, 0.35626038908958435, 0.2986411154270172, 0.28396594524383545, 0.3300718367099762, 0.3100837767124176, 0.3557208180427551, 0.320140540599823];[-73.03792572021484, -22.55229949951172, -16.0282039642334, -6.643720626831055, -4.123619556427002, -3.1610302925109863, -2.992382287979126, -2.9796643257141113, -2.8327550888061523, -2.618199348449707, -3.010324716567993, -2.7982048988342285, -2.704824209213257, -2.8439016342163086, -2.8597543239593506, -2.6009180545806885, -2.5415427684783936, -2.751631259918213, -2.655965805053711, -2.8541510105133057, -2.704404354095459]
100;[16.369844436645508, 9.730602264404297, 8.029265403747559, 7.2258405685424805, 5.958812236785889, 5.272463321685791, 5.120047569274902, 4.373058795928955, 4.131251811981201, 3.9577436447143555, 3.4382433891296387, 3.383732795715332, 3.541064500808716, 3.9350273609161377, 4.130145072937012, 4.210108757019043, 4.161931037902832, 4.1274733543396, 3.9121780395507812, 3.7462518215179443, 3.6432888507843018];[1.3970413208007812, 1.2297972440719604, 1.394801378250122, 1.338565707206726, 1.2252203226089478, 1.0784316062927246, 1.0283702611923218, 0.9085522294044495, 0.8631071448326111, 0.8145244121551514, 0.6767789721488953, 0.6773693561553955, 0.7296173572540283, 0.8450642228126526, 0.8895627856254578, 0.910469651222229, 0.8847640752792358, 0.8635439872741699, 0.8167891502380371, 0.7758046984672546, 0.7433335781097412];[-72.28092193603516, -24.2219295501709, -19.428953170776367, -18.033632278442383, -11.895681381225586, -10.040257453918457, -9.978095054626465, -7.246156215667725, -6.6212477684021, -6.261010646820068, -4.707021713256836, -4.467527866363525, -4.965301990509033, -6.085239410400391, -6.687005519866943, -6.9253249168396, -6.929689407348633, -6.95643424987793, -6.265019416809082, -5.76838493347168, -5.4955902099609375]
150;[16.36842918395996, 11.7294340133667, 7.968465805053711, 4.744898319244385, 3.93435001373291, 3.651332139968872, 3.4113030433654785, 3.2879416942596436, 3.449033737182617, 4.260045051574707, 5.14712381362915, 4.894029140472412, 4.883546829223633, 4.600709438323975, 4.651536464691162, 4.539124011993408, 4.29774808883667, 3.965606689453125, 3.618760108947754, 3.3478777408599854, 3.0958728790283203];[1.3987120389938354, 1.2951855659484863, 1.309807538986206, 1.0122209787368774, 0.868476390838623, 0.7859443426132202, 0.7014727592468262, 0.6583477258682251, 0.7303076982498169, 0.983060359954834, 1.1731033325195312, 1.1288938522338867, 1.1260679960250854, 1.072187900543213, 1.0972740650177002, 1.0828161239624023, 1.0225595235824585, 0.9263187646865845, 0.8050826191902161, 0.7118682861328125, 0.6049060225486755];[-71.65807342529297, -45.57699203491211, -20.287504196166992, -6.747747421264648, -5.175449371337891, -4.6118879318237305, -4.161684513092041, -3.980241060256958, -4.356439590454102, -6.383946418762207, -9.343125343322754, -8.49779224395752, -8.596896171569824, -7.617488861083984, -7.685885429382324, -7.342006683349609, -6.632542133331299, -5.757343292236328, -4.89509916305542, -4.304199695587158, -3.7638049125671387]
200;[16.373374938964844, 9.570503234863281, 6.786386489868164, 5.426663398742676, 4.923886299133301, 4.085172653198242, 3.608966112136841, 3.5207931995391846, 3.615354061126709, 3.1099355220794678, 2.5196666717529297, 2.237116575241089, 2.3332769870758057, 2.552400588989258, 2.936723232269287, 3.064246892929077, 2.925640344619751, 2.899247169494629, 2.774033308029175, 2.557614803314209, 2.5719728469848633];[1.395896315574646, 1.2349286079406738, 1.198683500289917, 1.0876766443252563, 0.9964829087257385, 0.8382269144058228, 0.6989883184432983, 0.6753828525543213, 0.7249297499656677, 0.5657166242599487, 0.3419315218925476, 0.21773862838745117, 0.262668639421463, 0.3604139983654022, 0.5190948843955994, 0.5658124089241028, 0.512683629989624, 0.503511905670166, 0.4538256525993347, 0.36499443650245667, 0.37506476044654846];[-72.9843521118164, -21.058748245239258, -14.293963432312012, -9.656776428222656, -8.705767631530762, -6.085537910461426, -5.101807117462158, -4.9339070320129395, -5.116657733917236, -3.888456106185913, -2.7022902965545654, -2.2770395278930664, -2.405665397644043, -2.7851788997650146, -3.5673999786376953, -3.878122329711914, -3.5457897186279297, -3.506882429122925, -3.2680206298828125, -2.857159376144409, -2.894502639770508]
250;[16.361940383911133, 11.701009750366211, 11.372668266296387, 11.34238052368164, 11.331368446350098, 7.910074234008789, 4.655673503875732, 2.7695717811584473, 2.367445945739746, 2.169811964035034, 2.214439630508423, 2.0054497718811035, 2.18306827545166, 2.4883971214294434, 2.704807758331299, 2.814021348953247, 2.9039390087127686, 3.128795862197876, 3.451955795288086, 3.6889116764068604, 3.7876062393188477];[1.397222876548767, 1.3104645013809204, 1.4233416318893433, 1.4497549533843994, 1.4468536376953125, 1.3588906526565552, 0.9939918518066406, 0.4391400218009949, 0.2684006989002228, 0.1845865249633789, 0.20479704439640045, 0.11701755225658417, 0.1913299560546875, 0.3367109000682831, 0.4281787574291229, 0.48251163959503174, 0.5196388959884644, 0.613325297832489, 0.7391777038574219, 0.821088433265686, 0.8563652634620667];[-73.10462188720703, -44.661109924316406, -48.80270004272461, -49.49429702758789, -51.186920166015625, -23.06574058532715, -7.814703464508057, -2.988726854324341, -2.3956122398376465, -2.1259148120880127, -2.2024505138397217, -1.9309585094451904, -2.162461042404175, -2.6403441429138184, -3.009225368499756, -3.22407603263855, -3.410170316696167, -3.8792150020599365, -4.578618049621582, -5.1607584953308105, -5.392992973327637]
300;[16.380901336669922, 9.470562934875488, 8.317658424377441, 8.111120223999023, 8.101290702819824, 4.737645149230957, 3.1025545597076416, 2.97731351852417, 2.9380805492401123, 2.9564013481140137, 3.401080846786499, 3.663966417312622, 3.3679254055023193, 3.312869071960449, 3.2828073501586914, 3.2335991859436035, 3.3510096073150635, 3.100238084793091, 3.026336431503296, 2.847038984298706, 2.619981288909912];[1.3972654342651367, 1.2507573366165161, 1.4592524766921997, 1.3145333528518677, 1.310336947441101, 0.9711881875991821, 0.5572301149368286, 0.5188493132591248, 0.49812451004981995, 0.5145275592803955, 0.6643504500389099, 0.7397701740264893, 0.6569567322731018, 0.6427499651908875, 0.6326867938041687, 0.6152300834655762, 0.6595777869224548, 0.5734584331512451, 0.5455772876739502, 0.4832123816013336, 0.39485272765159607];[-71.25759887695312, -20.422880172729492, -16.737913131713867, -24.080293655395508, -25.926485061645508, -8.171696662902832, -3.729868173599243, -3.5754687786102295, -3.5375146865844727, -3.5760507583618164, -4.704442024230957, -5.444235801696777, -4.617392539978027, -4.522042274475098, -4.5046162605285645, -4.387142181396484, -4.640731334686279, -4.025954723358154, -3.877419948577881, -3.459974765777588, -2.9843883514404297]
350;[16.37685203552246, 9.543535232543945, 8.393697738647461, 4.734100818634033, 4.79631233215332, 4.235443592071533, 4.641268730163574, 4.396501064300537, 4.4860968589782715, 4.678796768188477, 4.60958194732666, 4.5362772941589355, 4.407642364501953, 4.214743137359619, 4.0123491287231445, 3.871135950088501, 3.6908819675445557, 3.5475997924804688, 3.3375954627990723, 3.1121737957000732, 2.9420480728149414];[1.3971993923187256, 1.2409751415252686, 1.5001033544540405, 1.0683552026748657, 1.1131043434143066, 0.9774938225746155, 1.0888534784317017, 1.0325804948806763, 1.055374264717102, 1.1096605062484741, 1.0891659259796143, 1.0673606395721436, 1.0410438776016235, 0.9894095063209534, 0.9326003789901733, 0.8956516981124878, 0.8332984447479248, 0.7763534784317017, 0.6982631087303162, 0.6051509380340576, 0.5344616174697876];[-71.22865295410156, -20.364185333251953, -16.51746368408203, -6.525494575500488, -7.378127574920654, -5.930606842041016, -7.113798141479492, -6.486666202545166, -6.862836837768555, -7.544586181640625, -7.3921003341674805, -7.2729949951171875, -6.940140247344971, -6.385782241821289, -5.850263595581055, -5.457738876342773, -5.085953235626221, -4.771578788757324, -4.305952072143555, -3.8548126220703125, -3.5604193210601807]
400;[16.363100051879883, 11.746260643005371, 8.039128303527832, 4.7504963874816895, 2.924668550491333, 3.313643455505371, 3.886176347732544, 3.663159132003784, 4.044990062713623, 3.6409125328063965, 3.226545810699463, 2.9595367908477783, 3.1188290119171143, 3.0057711601257324, 2.950152635574341, 2.8445892333984375, 2.8626320362091064, 2.784409284591675, 2.865339756011963, 2.7745134830474854, 2.5926930904388428];[1.3982000350952148, 1.2929725646972656, 1.3097102642059326, 1.0140248537063599, 0.4755125343799591, 0.6164390444755554, 0.8387138247489929, 0.749558687210083, 0.8823702931404114, 0.7771505117416382, 0.637907087802887, 0.5388304591178894, 0.6047546863555908, 0.5599082112312317, 0.5400564074516296, 0.49327975511550903, 0.5058408379554749, 0.4713844358921051, 0.5078423619270325, 0.4657631814479828, 0.3825169801712036];[-71.06763458251953, -45.745426177978516, -20.33002471923828, -6.759266376495361, -3.2148449420928955, -4.1482625007629395, -5.335008144378662, -5.045773983001709, -5.975926399230957, -4.861729621887207, -3.9224393367767334, -3.4263999462127686, -3.730416774749756, -3.4945809841156006, -3.4407684803009033, -3.2714486122131348, -3.3085436820983887, -3.1629302501678467, -3.297048330307007, -3.153953790664673, -2.8353207111358643]
450;[16.369915008544922, 9.545781135559082, 6.797302722930908, 3.972733974456787, 2.5146825313568115, 2.0808773040771484, 2.0543875694274902, 2.020129442214966, 2.3468658924102783, 2.7444159984588623, 2.7049334049224854, 2.9342398643493652, 2.902911424636841, 2.6985485553741455, 2.802030563354492, 2.9562036991119385, 2.9136624336242676, 3.0309600830078125, 3.182656764984131, 3.4070403575897217, 3.72324275970459];[1.396751880645752, 1.2494961023330688, 1.2017592191696167, 0.8158900737762451, 0.3013865351676941, 0.12840276956558228, 0.12571029365062714, 0.11415641754865646, 0.2613333463668823, 0.43012526631355286, 0.4173988997936249, 0.504223108291626, 0.4918041229248047, 0.4143182635307312, 0.4535463750362396, 0.5087504386901855, 0.49602416157722473, 0.5517327785491943, 0.6179184913635254, 0.7159681916236877, 0.8390514254570007];[-71.8649673461914, -19.729446411132812, -14.576704978942871, -4.850543022155762, -2.457587718963623, -1.955740213394165, -1.9472733736038208, -1.9259974956512451, -2.4144909381866455, -3.098785638809204, -3.057408094406128, -3.5611302852630615, -3.548259973526001, -3.134409189224243, -3.358522415161133, -3.712587833404541, -3.6274781227111816, -3.810612440109253, -4.061279773712158, -4.532980442047119, -5.21457576751709]
500;[16.342056274414062, 11.743003845214844, 11.375162124633789, 7.870789051055908, 6.681248664855957, 5.152413845062256, 4.221459865570068, 3.6978726387023926, 3.179854154586792, 2.9117980003356934, 2.892484426498413, 3.2887330055236816, 3.158006191253662, 3.400911331176758, 3.2071008682250977, 3.096047878265381, 3.2794647216796875, 3.1072161197662354, 2.9088809490203857, 2.7950828075408936, 2.651993989944458];[1.3953099250793457, 1.3072915077209473, 1.435951828956604, 1.3605132102966309, 1.271928310394287, 1.0946186780929565, 0.9326847195625305, 0.7916072607040405, 0.6176138520240784, 0.5133723020553589, 0.5075569152832031, 0.6733987927436829, 0.6258318424224854, 0.712659478187561, 0.6412069201469421, 0.6012296676635742, 0.6657214164733887, 0.6008705496788025, 0.5217012166976929, 0.4693998694419861, 0.41087931394577026];[-72.40740203857422, -46.507266998291016, -48.21208572387695, -21.64572525024414, -15.950020790100098, -9.349222183227539, -6.349426746368408, -4.976484298706055, -3.8152053356170654, -3.2987923622131348, -3.2953808307647705, -4.063531875610352, -3.8322207927703857, -4.380959987640381, -3.9859418869018555, -3.775791645050049, -4.2351579666137695, -3.816987991333008, -3.4200689792633057, -3.2286465167999268, -2.9888930320739746]
550;[16.384872436523438, 11.884504318237305, 11.355342864990234, 11.360429763793945, 11.391619682312012, 11.369542121887207, 8.032001495361328, 6.697318077087402, 5.985905647277832, 4.0081353187561035, 2.564171075820923, 2.4848525524139404, 2.234988212585449, 2.1403770446777344, 2.0312273502349854, 1.9869900941848755, 1.9629005193710327, 1.9665447473526, 1.9341164827346802, 1.8779284954071045, 1.895275592803955];[1.399965524673462, 1.2975051403045654, 1.370249629020691, 1.4037659168243408, 1.3769859075546265, 1.381283164024353, 1.2764207124710083, 1.2202277183532715, 1.1639971733093262, 0.8430485725402832, 0.35920631885528564, 0.32956162095069885, 0.21525201201438904, 0.17762409150600433, 0.13021372258663177, 0.1083497703075409, 0.1028982549905777, 0.10517938435077667, 0.0930694043636322, 0.06349832564592361, 0.07533346116542816];[-71.69013977050781, -47.62913131713867, -51.09033203125, -52.0308837890625, -53.748870849609375, -54.448081970214844, -25.917245864868164, -17.880128860473633, -13.89669418334961, -6.17573356628418, -2.7425780296325684, -2.6324923038482666, -2.2436513900756836, -2.1264569759368896, -1.9818812608718872, -1.924095869064331, -1.8960702419281006, -1.9004275798797607, -1.8631908893585205, -1.7891329526901245, -1.8150635957717896]
600;[16.371875762939453, 11.833026885986328, 11.510441780090332, 11.530627250671387, 7.926664352416992, 6.667057991027832, 4.642034530639648, 4.06065559387207, 4.159569263458252, 4.171422481536865, 3.938455820083618, 3.758024215698242, 4.127641677856445, 4.3167338371276855, 4.007635116577148, 4.200522422790527, 4.133142948150635, 4.062989711761475, 4.036982536315918, 3.8183650970458984, 3.5963122844696045];[1.3977935314178467, 1.2953407764434814, 1.3300977945327759, 1.3999862670898438, 1.3077247142791748, 1.330051064491272, 1.0734341144561768, 0.9322815537452698, 0.9672789573669434, 0.9809650182723999, 0.9060562252998352, 0.8517096042633057, 0.9529023766517639, 1.013658046722412, 0.9335153698921204, 0.9869645833969116, 0.9605934619903564, 0.9349391460418701, 0.9140437245368958, 0.8629606366157532, 0.7817543148994446];[-72.76250457763672, -47.650390625, -53.50599670410156, -52.673213958740234, -22.885482788085938, -14.778958320617676, -7.085885047912598, -5.683401107788086, -6.027733325958252, -6.121264457702637, -5.5449652671813965, -5.172650337219238, -6.084272861480713, -6.747018814086914, -5.843263149261475, -6.374815464019775, -6.251898765563965, -6.1802144050598145, -6.168476581573486, -5.540719509124756, -4.9984636306762695]
650;[16.365907669067383, 11.849392890930176, 11.335415840148926, 11.367545127868652, 7.706801891326904, 5.467833995819092, 4.241396427154541, 3.853823184967041, 3.3157870769500732, 3.156259059906006, 3.3380181789398193, 3.0282607078552246, 2.8000271320343018, 2.6229324340820312, 2.6054134368896484, 2.4603753089904785, 2.408853530883789, 2.5239157676696777, 2.6830289363861084, 2.6869208812713623, 2.5977869033813477];[1.3927809000015259, 1.2944004535675049, 1.3755666017532349, 1.4431118965148926, 1.33347487449646, 1.1256729364395142, 0.9102931022644043, 0.8191700577735901, 0.653889536857605, 0.5918232798576355, 0.6750829219818115, 0.561149001121521, 0.47123610973358154, 0.39543697237968445, 0.3907710909843445, 0.325531542301178, 0.2986627519130707, 0.35250526666641235, 0.42770808935165405, 0.42822661995887756, 0.3902619183063507];[-71.73751831054688, -46.987701416015625, -50.09221649169922, -50.08538055419922, -21.72795867919922, -10.732026100158691, -6.534296989440918, -5.62704610824585, -4.276063442230225, -3.946816921234131, -4.311456680297852, -3.6015970706939697, -3.170715570449829, -2.863511562347412, -2.836296319961548, -2.5884978771209717, -2.511509656906128, -2.723705768585205, -2.999236822128296, -3.0162389278411865, -2.8733608722686768]
700;[16.352001190185547, 9.590530395507812, 7.057009696960449, 5.1989216804504395, 3.2500810623168945, 3.0765624046325684, 2.810427188873291, 2.634181261062622, 2.9255359172821045, 2.7518715858459473, 2.646348237991333, 2.6330254077911377, 2.7038733959198, 2.6946353912353516, 2.6075210571289062, 2.5011720657348633, 2.4691123962402344, 2.4668800830841064, 2.5890936851501465, 2.5297462940216064, 2.3708009719848633];[1.3948147296905518, 1.2284694910049438, 1.2912559509277344, 1.0262631177902222, 0.5951237082481384, 0.5541853308677673, 0.44866275787353516, 0.37655043601989746, 0.49750420451164246, 0.4366713762283325, 0.3874680995941162, 0.3942081034183502, 0.4255174994468689, 0.42159080505371094, 0.38468918204307556, 0.3409704566001892, 0.32274386286735535, 0.3241492807865143, 0.38164740800857544, 0.3569931089878082, 0.28566208481788635];[-70.16020202636719, -20.472932815551758, -14.210284233093262, -9.22107219696045, -3.742886543273926, -3.385526180267334, -3.1082468032836914, -2.8285622596740723, -3.4442138671875, -3.1351850032806396, -2.922088861465454, -2.9320287704467773, -3.0433189868927, -3.0329926013946533, -2.9218862056732178, -2.7675576210021973, -2.6920011043548584, -2.6828534603118896, -2.9706525802612305, -2.8367011547088623, -2.5541181564331055]
750;[16.363067626953125, 11.572105407714844, 11.346219062805176, 11.429059028625488, 7.770246982574463, 5.99481201171875, 5.429871082305908, 4.910381317138672, 4.852025985717773, 4.6152472496032715, 4.72732400894165, 4.6687116622924805, 4.660109043121338, 5.136218070983887, 4.8044352531433105, 4.57704496383667, 4.179755210876465, 3.9070773124694824, 4.115978240966797, 4.369588851928711, 4.2710442543029785];[1.3971993923187256, 1.325587272644043, 1.4661669731140137, 1.5542311668395996, 1.4489631652832031, 1.272251009941101, 1.2264348268508911, 1.131495714187622, 1.1408379077911377, 1.0921440124511719, 1.1266711950302124, 1.1151233911514282, 1.1155961751937866, 1.2116148471832275, 1.1508030891418457, 1.0920825004577637, 0.9929736256599426, 0.9061541557312012, 0.9655832052230835, 1.035831332206726, 1.0179518461227417];[-67.83625793457031, -40.891517639160156, -46.82044982910156, -46.81340789794922, -19.72298240661621, -12.014312744140625, -9.781597137451172, -8.228507041931152, -8.025607109069824, -7.316638946533203, -7.711264133453369, -7.645759105682373, -7.607546329498291, -9.274175643920898, -8.137565612792969, -7.437440395355225, -6.361037731170654, -5.621881484985352, -6.167998790740967, -6.886693954467773, -6.631555557250977]
800;[16.35968780517578, 11.836504936218262, 8.143937110900879, 6.349842071533203, 5.583393096923828, 5.328207969665527, 5.321242809295654, 4.477833271026611, 4.067386150360107, 3.4720652103424072, 2.850010395050049, 2.469949245452881, 2.219179153442383, 2.347513437271118, 2.516345739364624, 2.4485843181610107, 2.4273264408111572, 2.3396854400634766, 2.4032251834869385, 2.4552183151245117, 2.3462631702423096];[1.3976714611053467, 1.3058340549468994, 1.348915457725525, 1.2716952562332153, 1.1576597690582275, 1.0864219665527344, 1.0843863487243652, 0.9359771013259888, 0.8345828056335449, 0.6854835748672485, 0.4758874177932739, 0.3217273950576782, 0.21097582578659058, 0.2712671160697937, 0.3472312092781067, 0.3228633403778076, 0.30983245372772217, 0.2714540958404541, 0.29848870635032654, 0.32522866129875183, 0.27593547105789185];[-71.7194595336914, -46.931068420410156, -19.712268829345703, -12.557598114013672, -10.575270652770996, -10.45893669128418, -10.69616985321045, -7.554271221160889, -6.466424942016602, -4.740508079528809, -3.301560401916504, -2.618288516998291, -2.2329156398773193, -2.466724157333374, -2.716580867767334, -2.6055548191070557, -2.5665805339813232, -2.4525251388549805, -2.5590360164642334, -2.6180646419525146, -2.437101364135742]
850;[16.377588272094727, 9.520216941833496, 8.316488265991211, 8.136358261108398, 8.089391708374023, 4.716328144073486, 3.7304794788360596, 2.5959062576293945, 2.3716750144958496, 2.274618148803711, 2.518536329269409, 2.4083242416381836, 2.3037853240966797, 2.425184488296509, 2.2915539741516113, 2.2562713623046875, 2.196523666381836, 2.191415309906006, 2.2549664974212646, 2.3802080154418945, 2.344564437866211];[1.3963427543640137, 1.2441047430038452, 1.4596294164657593, 1.3535417318344116, 1.3188424110412598, 0.964924156665802, 0.7803748250007629, 0.36323481798171997, 0.27001118659973145, 0.2275213748216629, 0.34083160758018494, 0.29751965403556824, 0.25070860981941223, 0.3092057704925537, 0.24434438347816467, 0.2289775013923645, 0.20113477110862732, 0.2016289085149765, 0.2345130741596222, 0.2911064326763153, 0.27579808235168457];[-70.67257690429688, -20.72860336303711, -16.01823616027832, -23.464466094970703, -25.514389038085938, -8.199020385742188, -5.019073486328125, -2.6999382972717285, -2.399395227432251, -2.2800023555755615, -2.6477272510528564, -2.48652720451355, -2.357140302658081, -2.534020185470581, -2.340177059173584, -2.2790133953094482, -2.2034823894500732, -2.2103240489959717, -2.3010034561157227, -2.4822700023651123, -2.4300436973571777]
900;[16.363178253173828, 11.553982734680176, 9.178685188293457, 8.269786834716797, 8.556377410888672, 8.042888641357422, 6.781656265258789, 6.104841709136963, 5.186355113983154, 5.070106029510498, 4.55192756652832, 4.104444980621338, 3.6620352268218994, 3.3879897594451904, 3.1158266067504883, 2.838381052017212, 2.5282680988311768, 2.3502423763275146, 2.2282943725585938, 2.113910436630249, 2.0257396697998047];[1.3949940204620361, 1.3953933715820312, 1.5961347818374634, 1.5739679336547852, 1.612348198890686, 1.5650362968444824, 1.4584364891052246, 1.3628805875778198, 1.212735652923584, 1.2012007236480713, 1.066942572593689, 0.9460300207138062, 0.7883053421974182, 0.6793114542961121, 0.5873236060142517, 0.48328322172164917, 0.35576122999191284, 0.273598313331604, 0.2194380909204483, 0.1714959740638733, 0.1313280463218689];[-71.18006134033203, -36.79569625854492, -19.88909149169922, -20.032241821289062, -22.353286743164062, -20.626558303833008, -14.687614440917969, -11.932855606079102, -8.779932975769043, -8.502828598022461, -7.131964206695557, -6.009099006652832, -5.011462688446045, -4.501255989074707, -3.907101631164551, -3.313046932220459, -2.740410804748535, -2.4529616832733154, -2.269583225250244, -2.099109649658203, -1.9759306907653809]
950;[16.34657859802246, 11.845556259155273, 8.580940246582031, 6.457554340362549, 5.362473964691162, 4.404124736785889, 3.6649880409240723, 3.2359848022460938, 2.9598548412323, 2.869323492050171, 2.8207149505615234, 2.5714046955108643, 2.64047908782959, 2.760242223739624, 2.696099042892456, 2.635042428970337, 2.76120662689209, 2.7437784671783447, 2.6470749378204346, 2.4700767993927, 2.361342668533325];[1.3949438333511353, 1.2937486171722412, 1.3183941841125488, 1.2142233848571777, 1.1230319738388062, 0.9697811603546143, 0.7821812629699707, 0.6343602538108826, 0.5248165130615234, 0.49304816126823425, 0.4751066565513611, 0.37057700753211975, 0.40026068687438965, 0.45909762382507324, 0.4285265803337097, 0.4049851894378662, 0.45750874280929565, 0.4583743214607239, 0.41135936975479126, 0.33143749833106995, 0.28368115425109863];[-69.52418518066406, -48.3906364440918, -24.497787475585938, -13.728976249694824, -9.575316429138184, -6.494206428527832, -4.627890586853027, -3.832080602645874, -3.358640432357788, -3.2705070972442627, -3.199216604232788, -2.7684900760650635, -2.8685779571533203, -3.0881268978118896, -2.981842279434204, -2.8979506492614746, -3.0885002613067627, -3.0920071601867676, -2.9238879680633545, -2.638392925262451, -2.469846487045288]
1000;[16.38182258605957, 11.588586807250977, 9.094305038452148, 7.566678524017334, 6.802552700042725, 5.461076259613037, 4.4830322265625, 3.6746625900268555, 3.282264471054077, 3.2416536808013916, 3.270998954772949, 3.6389894485473633, 3.9934966564178467, 3.9555187225341797, 3.749173641204834, 3.790400981903076, 4.006803512573242, 4.019062042236328, 3.990833044052124, 3.7651333808898926, 3.708230972290039];[1.3992834091186523, 1.388844609260559, 1.5986403226852417, 1.513590693473816, 1.3962371349334717, 1.2312878370285034, 1.0376369953155518, 0.7937597036361694, 0.6388446688652039, 0.6258860230445862, 0.6360604763031006, 0.7557546496391296, 0.8509325981140137, 0.8429853320121765, 0.7887033224105835, 0.8143733739852905, 0.894634485244751, 0.8995263576507568, 0.8855116367340088, 0.8194917440414429, 0.807655930519104];[-71.03240966796875, -37.55094909667969, -20.068395614624023, -16.9969539642334, -14.672565460205078, -9.681868553161621, -6.546186923980713, -4.765389442443848, -4.102056503295898, -4.08071231842041, -4.191274642944336, -5.1891021728515625, -6.251137733459473, -6.15287971496582, -5.556581974029541, -5.624296188354492, -6.080605506896973, -6.11154317855835, -6.093481540679932, -5.513859272003174, -5.369785785675049]
1050;[16.375225067138672, 11.699206352233887, 8.100325584411621, 5.726977348327637, 4.84599494934082, 4.238649368286133, 3.444150447845459, 3.5614964962005615, 3.141339063644409, 2.9686203002929688, 2.721968412399292, 2.638446092605591, 2.5977673530578613, 2.7686307430267334, 2.9658658504486084, 2.9131128787994385, 3.029322862625122, 3.0282375812530518, 2.9251575469970703, 3.044970750808716, 3.262430191040039];[1.395277976989746, 1.2989585399627686, 1.3527898788452148, 1.079457402229309, 0.9574542045593262, 0.8566951155662537, 0.6631655693054199, 0.7337138652801514, 0.5912015438079834, 0.533064603805542, 0.4348302483558655, 0.3955641984939575, 0.3807908594608307, 0.45585212111473083, 0.550246000289917, 0.5242468118667603, 0.5700936317443848, 0.5679892897605896, 0.5263813734054565, 0.5713056325912476, 0.6498851180076599];[-72.14942169189453, -45.363525390625, -19.721237182617188, -11.430851936340332, -8.693061828613281, -6.848287582397461, -4.628735542297363, -4.7694010734558105, -3.7443835735321045, -3.4566681385040283, -3.0091352462768555, -2.869389057159424, -2.8037068843841553, -3.097987174987793, -3.4832587242126465, -3.3751330375671387, -3.6417148113250732, -3.6907355785369873, -3.5014877319335938, -3.7545926570892334, -4.310150623321533]
1100;[16.353046417236328, 9.60279369354248, 8.35915756225586, 4.990222930908203, 3.96427845954895, 4.709949493408203, 4.259711265563965, 4.076138496398926, 3.8769619464874268, 3.509547233581543, 3.3486766815185547, 3.438891887664795, 3.2695484161376953, 3.0775949954986572, 2.9746060371398926, 2.8142457008361816, 2.649014472961426, 2.5313773155212402, 2.421987533569336, 2.3942480087280273, 2.411797046661377];[1.3981329202651978, 1.2409197092056274, 1.5371525287628174, 1.0814018249511719, 0.824695885181427, 1.0939900875091553, 0.9677777290344238, 0.9069051146507263, 0.8471922278404236, 0.7420855164527893, 0.682911217212677, 0.7169283032417297, 0.6626529097557068, 0.5826940536499023, 0.5420381426811218, 0.481301873922348, 0.4051313102245331, 0.35728636384010315, 0.3116835057735443, 0.2951428294181824, 0.30424341559410095];[-71.51570129394531, -23.840927124023438, -16.437515258789062, -7.686164379119873, -5.487791538238525, -7.315178394317627, -6.25981330871582, -5.907689094543457, -5.425806045532227, -4.573958873748779, -4.268149375915527, -4.522488594055176, -4.124001502990723, -3.7693963050842285, -3.5833301544189453, -3.2665910720825195, -2.939444065093994, -2.733780860900879, -2.5615170001983643, -2.528555393218994, -2.550018072128296]
1150;[16.3749942779541, 9.738946914672852, 7.536740303039551, 6.985148906707764, 6.850977897644043, 5.650883197784424, 5.448528289794922, 5.582153797149658, 5.54875373840332, 5.481497287750244, 5.487138271331787, 4.7364583015441895, 4.621501445770264, 3.9137439727783203, 3.1797778606414795, 2.7734038829803467, 2.8541135787963867, 2.635878562927246, 2.347926139831543, 2.2407941818237305, 2.2577974796295166];[1.3949111700057983, 1.2298120260238647, 1.2151896953582764, 1.198102593421936, 1.1769031286239624, 1.057987093925476, 1.046988844871521, 1.0854463577270508, 1.0799362659454346, 1.0547611713409424, 1.0460964441299438, 0.9331378936767578, 0.9371916055679321, 0.7903033494949341, 0.5882043242454529, 0.4491466283798218, 0.48048704862594604, 0.39882606267929077, 0.27359145879745483, 0.22503431141376495, 0.23465892672538757];[-71.01026916503906, -25.31311798095703, -20.211036682128906, -18.15338897705078, -18.376190185546875, -12.509971618652344, -11.760296821594238, -11.983283996582031, -12.344064712524414, -12.343958854675293, -12.528820991516113, -9.455263137817383, -8.79098129272461, -6.309667587280273, -4.220562934875488, -3.269399404525757, -3.4669036865234375, -3.016134738922119, -2.4696130752563477, -2.287213087081909, -2.2994699478149414]
1200;[16.371870040893555, 11.787192344665527, 8.019515037536621, 5.9027180671691895, 5.016792297363281, 3.277125358581543, 2.76142954826355, 2.3729913234710693, 2.2819101810455322, 2.519378662109375, 2.4222023487091064, 2.330263614654541, 2.577465534210205, 2.5234436988830566, 2.3836052417755127, 2.3490004539489746, 2.2937347888946533, 2.218038558959961, 2.0908350944519043, 1.9715170860290527, 1.932921290397644];[1.3951202630996704, 1.2910141944885254, 1.2920674085617065, 1.0896024703979492, 1.0033366680145264, 0.6100150942802429, 0.4330208897590637, 0.2711420953273773, 0.2343398928642273, 0.3367527425289154, 0.2995719611644745, 0.2614067792892456, 0.36956363916397095, 0.35035476088523865, 0.2933524549007416, 0.2776813507080078, 0.2498805969953537, 0.21858561038970947, 0.1602121740579605, 0.10929454863071442, 0.08999347686767578];[-70.61595916748047, -45.857940673828125, -20.460067749023438, -12.211865425109863, -9.287609100341797, -4.038308620452881, -3.0710086822509766, -2.4201698303222656, -2.2932703495025635, -2.654651165008545, -2.507622003555298, -2.3949785232543945, -2.803934097290039, -2.7130205631256104, -2.526150941848755, -2.469205141067505, -2.365927219390869, -2.2682316303253174, -2.0686118602752686, -1.918439507484436, -1.8589931726455688]
1250;[16.39104652404785, 9.785594940185547, 8.476341247558594, 8.329096794128418, 8.360854148864746, 5.352170944213867, 4.563763618469238, 4.393387317657471, 4.391904830932617, 4.1855878829956055, 3.8354294300079346, 3.529898166656494, 3.414918899536133, 3.1074633598327637, 2.8776092529296875, 2.8464395999908447, 2.5872421264648438, 2.4658255577087402, 2.4095563888549805, 2.312160015106201, 2.1853058338165283];[1.3973263502120972, 1.2352017164230347, 1.5435311794281006, 1.5898898839950562, 1.5800764560699463, 1.2369585037231445, 1.0365116596221924, 0.9569789171218872, 0.970275342464447, 0.8940495848655701, 0.80838942527771, 0.7126756906509399, 0.673035204410553, 0.5736904740333557, 0.4894648790359497, 0.48241984844207764, 0.37673598527908325, 0.3255877196788788, 0.30528536438941956, 0.25891026854515076, 0.20318050682544708];[-71.88424682617188, -25.488218307495117, -16.76703643798828, -20.224225997924805, -21.511974334716797, -8.945146560668945, -7.160103797912598, -6.976690769195557, -7.11237907409668, -6.713050365447998, -5.665301322937012, -4.905192852020264, -4.747341156005859, -3.9691994190216064, -3.5103259086608887, -3.465466022491455, -2.917856216430664, -2.6719603538513184, -2.5694098472595215, -2.4001481533050537, -2.208820343017578]
1300;[16.366605758666992, 9.660646438598633, 6.86653995513916, 5.388802528381348, 3.607508659362793, 3.7198116779327393, 3.4225263595581055, 3.1509768962860107, 2.8054676055908203, 3.075860023498535, 3.2667014598846436, 3.193634033203125, 3.085343599319458, 2.8361282348632812, 2.8649237155914307, 2.6859707832336426, 2.6548006534576416, 2.5745489597320557, 2.4571986198425293, 2.4129395484924316, 2.4842004776000977];[1.3973984718322754, 1.2311614751815796, 1.2245869636535645, 1.0724616050720215, 0.7287281155586243, 0.8119300603866577, 0.699309766292572, 0.5972973108291626, 0.4654069244861603, 0.5672313570976257, 0.6525037288665771, 0.6269805431365967, 0.5856209397315979, 0.486260324716568, 0.5043951272964478, 0.42635902762413025, 0.41162338852882385, 0.3771475553512573, 0.3245118260383606, 0.3034035861492157, 0.34152117371559143];[-73.70648193359375, -22.280241012573242, -15.190912246704102, -9.596968650817871, -4.541115760803223, -4.761369228363037, -4.2328877449035645, -3.66823673248291, -3.1493027210235596, -3.6869101524353027, -4.104354381561279, -3.990669012069702, -3.784653902053833, -3.2650187015533447, -3.311830520629883, -2.9788012504577637, -2.925736904144287, -2.8010504245758057, -2.609903573989868, -2.532966375350952, -2.656528949737549]
1350;[16.371929168701172, 9.546279907226562, 8.43896484375, 5.759947299957275, 4.592989444732666, 4.041077613830566, 4.2746171951293945, 3.8575072288513184, 3.431093215942383, 3.6131675243377686, 3.702981948852539, 3.484273672103882, 3.6659891605377197, 3.516505718231201, 3.3135552406311035, 3.3444061279296875, 3.434056282043457, 3.3053696155548096, 3.461682081222534, 3.3535547256469727, 3.4143121242523193];[1.397181749343872, 1.2405693531036377, 1.5456252098083496, 1.2764854431152344, 1.0080618858337402, 0.8188621401786804, 0.8769986629486084, 0.7851909399032593, 0.6753050088882446, 0.7358452677726746, 0.7723994255065918, 0.7085059285163879, 0.7663953304290771, 0.7195298075675964, 0.6603270173072815, 0.6717498302459717, 0.7005228996276855, 0.6628944873809814, 0.73594069480896, 0.7036065459251404, 0.7247401475906372];[-71.98412322998047, -21.16327667236328, -16.788808822631836, -9.530706405639648, -6.945605278015137, -5.9864501953125, -7.071406364440918, -5.793421745300293, -4.614001274108887, -5.102071762084961, -5.266812801361084, -4.701745510101318, -5.204565048217773, -4.875345706939697, -4.341978073120117, -4.431815147399902, -4.634800910949707, -4.346055030822754, -4.619039535522461, -4.335656642913818, -4.484584808349609]
1400;[16.372169494628906, 9.640192031860352, 7.07628059387207, 5.074930191040039, 4.0163798332214355, 3.7207727432250977, 3.2958788871765137, 2.994260787963867, 2.9311068058013916, 2.8124589920043945, 2.9979419708251953, 2.9544827938079834, 3.1976325511932373, 3.0775933265686035, 3.2144665718078613, 3.458566904067993, 3.3260693550109863, 3.1653082370758057, 3.2855091094970703, 3.231337785720825, 3.1665844917297363];[1.3955820798873901, 1.2335313558578491, 1.1904735565185547, 1.025261640548706, 0.8397805094718933, 0.7750163078308105, 0.645975649356842, 0.5336616039276123, 0.5152974128723145, 0.47329339385032654, 0.5588653683662415, 0.5383851528167725, 0.6348232626914978, 0.5951981544494629, 0.6489604115486145, 0.7478806376457214, 0.6987184882164001, 0.6338431239128113, 0.6816937327384949, 0.6610116362571716, 0.6355665922164917];[-71.54533386230469, -23.807310104370117, -17.01073455810547, -8.409234046936035, -5.487086772918701, -4.947912693023682, -4.032444000244141, -3.4299259185791016, -3.325644016265869, -3.1528186798095703, -3.5119712352752686, -3.437019109725952, -3.8822100162506104, -3.680910587310791, -3.963357925415039, -4.512726306915283, -4.252040863037109, -3.8888421058654785, -4.170196056365967, -4.059027671813965, -3.9321341514587402]
1450;[16.357162475585938, 9.577878952026367, 7.102108001708984, 5.6907782554626465, 5.460792064666748, 5.091401100158691, 3.9544243812561035, 3.11763072013855, 2.9197046756744385, 3.0514354705810547, 3.0964083671569824, 3.395340919494629, 3.6072957515716553, 3.590327739715576, 3.5582544803619385, 3.238687038421631, 3.081536293029785, 3.2870473861694336, 3.3413987159729004, 3.1296651363372803, 3.1735286712646484];[1.3948125839233398, 1.2413783073425293, 1.258437991142273, 1.0889619588851929, 1.1083379983901978, 1.0031731128692627, 0.7956804633140564, 0.5596484541893005, 0.49421387910842896, 0.5564625263214111, 0.5700424909591675, 0.6703740954399109, 0.7505591511726379, 0.7270777225494385, 0.7181276679039001, 0.6216748356819153, 0.563406229019165, 0.6328726410865784, 0.6521708965301514, 0.5809342861175537, 0.6036024689674377];[-71.82520294189453, -23.140522003173828, -15.852008819580078, -11.341483116149902, -10.613056182861328, -9.940885543823242, -5.97158670425415, -3.8912463188171387, -3.518098831176758, -3.727937698364258, -3.85552978515625, -4.606043815612793, -5.188760280609131, -5.22935676574707, -5.171436786651611, -4.362385272979736, -4.026183605194092, -4.513245582580566, -4.680752754211426, -4.1669487953186035, -4.230597972869873]
1500;[16.37167739868164, 9.603275299072266, 7.457683563232422, 5.486993312835693, 5.397335052490234, 5.512889862060547, 5.299398422241211, 4.954779624938965, 4.244460582733154, 4.594749927520752, 4.558295249938965, 4.364195346832275, 4.178491592407227, 3.7956347465515137, 3.5601119995117188, 3.2212750911712646, 3.0019290447235107, 2.9015326499938965, 2.6545636653900146, 2.7292556762695312, 2.627340078353882];[1.3984867334365845, 1.2472832202911377, 1.4146075248718262, 1.1558737754821777, 1.2107800245285034, 1.256126880645752, 1.2354779243469238, 1.1607682704925537, 0.9894163608551025, 1.0846039056777954, 1.073058843612671, 1.016295075416565, 0.9483310580253601, 0.8424938321113586, 0.7602323293685913, 0.646211564540863, 0.5570849776268005, 0.5139754414558411, 0.4143434762954712, 0.44529056549072266, 0.4017060101032257];[-70.15998840332031, -22.19251251220703, -15.640207290649414, -9.60659408569336, -9.361392974853516, -9.721595764160156, -9.2371244430542, -8.35058879852295, -6.24301290512085, -7.243008613586426, -7.362411975860596, -6.9135637283325195, -6.506821155548096, -5.409533500671387, -4.883113384246826, -4.075110912322998, -3.640061140060425, -3.4643478393554688, -2.9810280799865723, -3.1206119060516357, -2.9379425048828125]
50;[16.571611404418945, 2.3210761547088623, 1.5376100540161133, 1.3080836534500122, 1.2250478267669678, 1.20442795753479, 1.1932488679885864, 1.2637099027633667, 1.2517133951187134, 1.2657701969146729, 1.3904765844345093, 1.394208550453186, 1.3051316738128662, 1.330888032913208, 1.3088018894195557, 1.2795969247817993, 1.259299874305725, 1.3312110900878906, 1.3393996953964233, 1.4345765113830566, 1.4180024862289429];[1.5432969331741333, 0.3553183078765869, 0.21555258333683014, 0.08954348415136337, 0.04121899977326393, 0.02962314337491989, 0.028338193893432617, 0.07619544118642807, 0.0664696991443634, 0.07601486891508102, 0.16186484694480896, 0.1608687788248062, 0.10387620329856873, 0.12204506993293762, 0.109266497194767, 0.08839437365531921, 0.07584179192781448, 0.12491772323846817, 0.12895923852920532, 0.19386647641658783, 0.18259960412979126];[-133.6049346923828, -2.1413583755493164, -1.8169686794281006, -1.446029543876648, -1.3145911693572998, -1.2764283418655396, -1.2735131978988647, -1.4112662076950073, -1.3903459310531616, -1.4188557863235474, -1.6587961912155151, -1.6754509210586548, -1.4967044591903687, -1.5578151941299438, -1.5136570930480957, -1.4464704990386963, -1.4164156913757324, -1.5581010580062866, -1.5766677856445312, -1.7770427465438843, -1.7495564222335815]
100;[16.5886287689209, 2.0302603244781494, 2.533212184906006, 2.1858863830566406, 2.212132692337036, 1.6533074378967285, 1.3851311206817627, 1.3831868171691895, 1.3923211097717285, 1.3175382614135742, 1.287809133529663, 1.4119861125946045, 1.5483547449111938, 1.7935035228729248, 1.8239355087280273, 1.776362657546997, 1.6765778064727783, 1.5075644254684448, 1.4040441513061523, 1.4711799621582031, 1.4403479099273682];[1.5458124876022339, 0.20046767592430115, 0.7015371918678284, 0.6145415306091309, 0.6278932094573975, 0.326074481010437, 0.14749538898468018, 0.15222099423408508, 0.15847225487232208, 0.11432817578315735, 0.0913437008857727, 0.17226344347000122, 0.2700388729572296, 0.4427582621574402, 0.45652472972869873, 0.4255249798297882, 0.3591925799846649, 0.24289578199386597, 0.17633791267871857, 0.22203248739242554, 0.198817640542984];[-137.48666381835938, -1.727718710899353, -4.9252519607543945, -3.846442222595215, -4.062055587768555, -2.2774152755737305, -1.6329755783081055, -1.6368169784545898, -1.6669189929962158, -1.5193783044815063, -1.4582425355911255, -1.7112152576446533, -2.0375094413757324, -2.6475391387939453, -2.732163667678833, -2.596421003341675, -2.341663122177124, -1.9349801540374756, -1.7135658264160156, -1.8570141792297363, -1.7923468351364136]
150;[16.579248428344727, 5.619085311889648, 1.2508548498153687, 1.162154197692871, 1.3281493186950684, 1.3109527826309204, 1.3311084508895874, 1.2991302013397217, 1.4657586812973022, 1.9050999879837036, 2.2092485427856445, 2.1856720447540283, 2.4274344444274902, 2.3286044597625732, 2.55875301361084, 2.586679697036743, 2.4401044845581055, 2.2347607612609863, 2.0635712146759033, 1.9738502502441406, 1.8279392719268799];[1.5444332361221313, 1.1006770133972168, 0.026579463854432106, 0.0006870829965919256, 0.11166668683290482, 0.10004527866840363, 0.11517271399497986, 0.09477836638689041, 0.21203583478927612, 0.5065125823020935, 0.6985052227973938, 0.6827402710914612, 0.82391756772995, 0.7747496962547302, 0.8882535696029663, 0.9076719880104065, 0.8351901173591614, 0.7228984832763672, 0.6149376034736633, 0.5641657114028931, 0.46355724334716797];[-133.5854034423828, -18.454856872558594, -1.2718336582183838, -1.2002997398376465, -1.5133875608444214, -1.4820562601089478, -1.5288277864456177, -1.471052646636963, -1.8561532497406006, -2.9051122665405273, -3.8636467456817627, -3.83793568611145, -4.6502203941345215, -4.3116841316223145, -5.190527439117432, -5.312511444091797, -4.746578216552734, -4.0233259201049805, -3.4475350379943848, -3.190061569213867, -2.758639335632324]
200;[16.581144332885742, 5.664819240570068, 4.950796604156494, 2.1379544734954834, 2.8858089447021484, 1.9343364238739014, 1.759524941444397, 1.7330116033554077, 1.7706948518753052, 1.4038358926773071, 1.2078689336776733, 1.1515501737594604, 1.191839575767517, 1.2965331077575684, 1.5053913593292236, 1.5910463333129883, 1.512306809425354, 1.5125759840011597, 1.4493354558944702, 1.3652899265289307, 1.4151959419250488];[1.5422495603561401, 1.100697636604309, 1.2281732559204102, 0.567055344581604, 0.8652801513671875, 0.48388463258743286, 0.3888085186481476, 0.3756653666496277, 0.4061778783798218, 0.167922705411911, 0.04173703119158745, 0.005610204767435789, 0.031292106956243515, 0.09756309539079666, 0.24295513331890106, 0.30315476655960083, 0.24702495336532593, 0.24722951650619507, 0.20433826744556427, 0.14824536442756653, 0.1844317764043808];[-123.97220611572266, -17.827730178833008, -21.183879852294922, -3.666800022125244, -7.295336723327637, -3.2155611515045166, -2.7086005210876465, -2.615471601486206, -2.705833673477173, -1.71728515625, -1.3112661838531494, -1.2118208408355713, -1.2874321937561035, -1.4795167446136475, -1.9548572301864624, -2.1864500045776367, -1.971371054649353, -1.9723424911499023, -1.8290467262268066, -1.6433039903640747, -1.7638663053512573]
250;[16.586626052856445, 5.759144306182861, 1.3813726902008057, 1.292424201965332, 1.2405508756637573, 1.1747691631317139, 1.1649701595306396, 1.1594264507293701, 1.1686114072799683, 1.161638855934143, 1.1747045516967773, 1.1764237880706787, 1.1877498626708984, 1.284652590751648, 1.360274076461792, 1.3993688821792603, 1.4468683004379272, 1.5513719320297241, 1.7097076177597046, 1.8383069038391113, 1.8660216331481934];[1.543653964996338, 1.121482253074646, 0.10370975732803345, 0.07738229632377625, 0.04929159954190254, 0.014207485131919384, 0.010331403464078903, 0.00767493387684226, 0.012564890086650848, 0.009969339706003666, 0.018674485385417938, 0.022467007860541344, 0.02560143731534481, 0.09372340887784958, 0.14139418303966522, 0.1717716008424759, 0.20013630390167236, 0.2755507528781891, 0.3841854929924011, 0.47038567066192627, 0.4908827841281891];[-136.0319366455078, -19.295032501220703, -1.4804683923721313, -1.4071940183639526, -1.3378126621246338, -1.2316807508468628, -1.224530816078186, -1.2179248332977295, -1.2299131155014038, -1.2247588634490967, -1.2473654747009277, -1.2559739351272583, -1.2721760272979736, -1.456140398979187, -1.6029011011123657, -1.7021756172180176, -1.8094048500061035, -2.044059991836548, -2.427727460861206, -2.7952468395233154, -2.8599255084991455]
300;[16.568906784057617, 2.9708380699157715, 1.548304557800293, 1.5339043140411377, 1.5282799005508423, 1.25177800655365, 1.2353473901748657, 1.2753913402557373, 1.2711361646652222, 1.2772448062896729, 1.3792880773544312, 1.499927043914795, 1.4340662956237793, 1.4154462814331055, 1.3722988367080688, 1.329838752746582, 1.3581891059875488, 1.3362791538238525, 1.2836250066757202, 1.267311453819275, 1.2672359943389893];[1.5443774461746216, 0.6016742587089539, 0.2256738692522049, 0.2403232753276825, 0.24512769281864166, 0.06067318841814995, 0.05659795179963112, 0.08314269036054611, 0.07874450087547302, 0.08463729918003082, 0.15428446233272552, 0.2339349240064621, 0.19137439131736755, 0.17842163145542145, 0.1501927673816681, 0.12365760654211044, 0.14316734671592712, 0.12550413608551025, 0.09026432037353516, 0.08259482681751251, 0.08188986033201218];[-131.40127563476562, -3.2988088130950928, -1.8403085470199585, -1.9002487659454346, -1.9390580654144287, -1.3742483854293823, -1.3543686866760254, -1.4316128492355347, -1.4218511581420898, -1.4366471767425537, -1.6434787511825562, -1.9051433801651, -1.7702654600143433, -1.7284939289093018, -1.6474727392196655, -1.5577181577682495, -1.6103345155715942, -1.5719902515411377, -1.4614953994750977, -1.435094952583313, -1.4304972887039185]
350;[16.575395584106445, 2.7945516109466553, 1.6965703964233398, 1.258023738861084, 1.7967252731323242, 1.6177688837051392, 2.1580240726470947, 2.0753610134124756, 2.184598922729492, 2.340075969696045, 2.409850835800171, 2.426884651184082, 2.399348735809326, 2.333090305328369, 2.221754789352417, 2.0747666358947754, 2.057727575302124, 2.0361435413360596, 1.9128003120422363, 1.7622921466827393, 1.6634948253631592];[1.5439980030059814, 0.5197527408599854, 0.3036637604236603, 0.053613435477018356, 0.41897377371788025, 0.30848798155784607, 0.654609739780426, 0.601158618927002, 0.6573271155357361, 0.7386084794998169, 0.7814796566963196, 0.7849003672599792, 0.778480052947998, 0.7372279167175293, 0.6779199242591858, 0.6098155975341797, 0.5988248586654663, 0.5821122527122498, 0.5099135041236877, 0.41713425517082214, 0.3523423373699188];[-134.50381469726562, -2.7172882556915283, -2.17457914352417, -1.3456345796585083, -2.586088180541992, -2.1350502967834473, -3.6438634395599365, -3.4676504135131836, -3.8950304985046387, -4.53395938873291, -4.752004623413086, -4.8842878341674805, -4.7602996826171875, -4.5563554763793945, -4.156202793121338, -3.577691078186035, -3.5324106216430664, -3.4939160346984863, -3.1009888648986816, -2.6344516277313232, -2.3784849643707275]
400;[16.581676483154297, 5.868839263916016, 1.3124345541000366, 1.176479697227478, 1.1974128484725952, 1.636603593826294, 1.9614185094833374, 1.8960074186325073, 2.110330581665039, 2.0600745677948, 1.8235137462615967, 1.5883444547653198, 1.8538579940795898, 1.9063223600387573, 1.8497767448425293, 1.8496098518371582, 1.815885066986084, 1.7967405319213867, 1.8794935941696167, 1.7748122215270996, 1.630670189857483];[1.5451970100402832, 1.129514455795288, 0.06545936316251755, 0.005032617598772049, 0.026751909404993057, 0.30695000290870667, 0.5152308940887451, 0.47380349040031433, 0.6072565317153931, 0.5782137513160706, 0.4437330961227417, 0.29711174964904785, 0.46470317244529724, 0.4965084195137024, 0.4629189372062683, 0.4619941711425781, 0.444915771484375, 0.4356826841831207, 0.4855253994464874, 0.4196191728115082, 0.3265295922756195];[-130.53082275390625, -20.466400146484375, -1.371992826461792, -1.2108588218688965, -1.2682161331176758, -2.3020682334899902, -3.2065224647521973, -3.121429681777954, -3.737471342086792, -3.601181745529175, -2.8263967037200928, -2.1570301055908203, -2.9200780391693115, -3.101296901702881, -2.9573426246643066, -2.977159023284912, -2.844944715499878, -2.7759487628936768, -3.0309460163116455, -2.7168641090393066, -2.2906782627105713]
450;[16.57622718811035, 3.232100248336792, 1.8920714855194092, 1.5938096046447754, 1.5438710451126099, 1.3391289710998535, 1.2368206977844238, 1.2002041339874268, 1.3731715679168701, 1.729102373123169, 1.908640742301941, 2.131190538406372, 2.1558420658111572, 2.1749777793884277, 2.297445297241211, 2.32059383392334, 2.133549451828003, 2.1602535247802734, 2.1465790271759033, 2.2588703632354736, 2.4066240787506104];[1.5458897352218628, 0.6795046329498291, 0.4387397766113281, 0.2807433605194092, 0.2512509226799011, 0.1174667477607727, 0.052443914115428925, 0.03378366306424141, 0.15049394965171814, 0.37608763575553894, 0.4782548248767853, 0.5862970948219299, 0.5987949967384338, 0.6026461124420166, 0.6712215542793274, 0.6827592253684998, 0.5994396209716797, 0.6287696957588196, 0.6175905466079712, 0.6860705614089966, 0.7747939825057983];[-133.1857147216797, -3.7079474925994873, -2.692336082458496, -2.074967861175537, -1.9971518516540527, -1.5355180501937866, -1.3449538946151733, -1.291393756866455, -1.6592910289764404, -2.653177499771118, -3.2564780712127686, -4.133225917816162, -4.2601823806762695, -4.3702826499938965, -4.796019077301025, -4.867643356323242, -4.088985443115234, -4.109678745269775, -4.085371494293213, -4.450485706329346, -4.936594009399414]
500;[16.589872360229492, 5.761033535003662, 5.033454418182373, 1.9985023736953735, 2.7440237998962402, 2.001603841781616, 1.7544342279434204, 1.6681076288223267, 1.4197872877120972, 1.3597400188446045, 1.4715466499328613, 1.700533151626587, 1.6228320598602295, 1.7501624822616577, 1.6461288928985596, 1.5597519874572754, 1.6945379972457886, 1.5619049072265625, 1.5428951978683472, 1.5028252601623535, 1.4298102855682373];[1.5451890230178833, 1.1271735429763794, 1.1967774629592896, 0.520672619342804, 0.8695915341377258, 0.539705753326416, 0.4008219242095947, 0.34156012535095215, 0.1786872297525406, 0.13779766857624054, 0.21545124053955078, 0.3708834946155548, 0.32154950499534607, 0.4066198766231537, 0.33876362442970276, 0.28194963932037354, 0.37252339720726013, 0.2799331545829773, 0.2684462070465088, 0.2374841719865799, 0.19270643591880798];[-125.60166931152344, -20.226831436157227, -22.76178741455078, -3.079461097717285, -6.172175884246826, -3.283627510070801, -2.5403554439544678, -2.312501907348633, -1.7229667901992798, -1.5927679538726807, -1.8446977138519287, -2.41064453125, -2.2347066402435303, -2.5393500328063965, -2.2668938636779785, -2.0545406341552734, -2.4072794914245605, -2.058455467224121, -2.0227479934692383, -1.9354690313339233, -1.7798337936401367]
550;[16.56916046142578, 5.525693416595459, 4.967475414276123, 4.93120813369751, 1.7539925575256348, 1.6579943895339966, 1.679777979850769, 1.602635383605957, 1.5860943794250488, 1.2340967655181885, 1.2421478033065796, 1.2372016906738281, 1.2559257745742798, 1.2387233972549438, 1.2445985078811646, 1.2154275178909302, 1.2104679346084595, 1.2037265300750732, 1.1823158264160156, 1.1887680292129517, 1.193120002746582];[1.5452324151992798, 1.0828273296356201, 1.2539657354354858, 1.2366492748260498, 0.3810795843601227, 0.32894861698150635, 0.3433471918106079, 0.2989748418331146, 0.2879399359226227, 0.05714833736419678, 0.06189490854740143, 0.060286130756139755, 0.07347384840250015, 0.06142713874578476, 0.06755620241165161, 0.04551742970943451, 0.04706031456589699, 0.041991401463747025, 0.0296341460198164, 0.030509795993566513, 0.0355539470911026];[-129.8190460205078, -16.591136932373047, -21.337783813476562, -22.262157440185547, -2.5671257972717285, -2.339235782623291, -2.4088551998138428, -2.277358293533325, -2.2311785221099854, -1.3663339614868164, -1.3737359046936035, -1.3690241575241089, -1.40962553024292, -1.377902865409851, -1.393863320350647, -1.3292232751846313, -1.3286340236663818, -1.315522313117981, -1.2787129878997803, -1.2873568534851074, -1.2973430156707764]
600;[16.570796966552734, 5.501494884490967, 4.986086368560791, 4.362705707550049, 1.1998357772827148, 2.022038221359253, 1.7940573692321777, 1.8961923122406006, 1.9874473810195923, 2.12929630279541, 2.0322134494781494, 2.0023157596588135, 2.1896567344665527, 2.278669834136963, 2.0338494777679443, 2.2368319034576416, 2.185183048248291, 2.0084972381591797, 1.9429452419281006, 1.8417226076126099, 1.73760986328125];[1.5424233675003052, 1.0900449752807617, 1.3259433507919312, 1.1348180770874023, 0.02234562672674656, 0.5492721796035767, 0.4219980537891388, 0.4907226860523224, 0.5520370006561279, 0.6481246948242188, 0.583160936832428, 0.5683335065841675, 0.6818055510520935, 0.7419753074645996, 0.5992338061332703, 0.7207731604576111, 0.6868929266929626, 0.5857105255126953, 0.53877854347229, 0.47871920466423035, 0.4043574035167694];[-136.28038024902344, -16.702373504638672, -19.870086669921875, -17.471691131591797, -1.258679986000061, -3.3467559814453125, -2.6875076293945312, -2.929935932159424, -3.2107291221618652, -3.666513681411743, -3.3637044429779053, -3.311814069747925, -3.8287477493286133, -4.166885852813721, -3.347963571548462, -3.9966118335723877, -3.8476781845092773, -3.291883945465088, -3.0868747234344482, -2.810270309448242, -2.5019609928131104]
650;[16.58536720275879, 2.730987787246704, 1.5023399591445923, 1.397383213043213, 1.4316494464874268, 1.7169071435928345, 1.6294355392456055, 1.572097659111023, 1.5476794242858887, 1.5322701930999756, 1.6214337348937988, 1.5699559450149536, 1.552559494972229, 1.5452964305877686, 1.5105630159378052, 1.4785010814666748, 1.4773367643356323, 1.781392216682434, 1.8758859634399414, 1.8633424043655396, 1.809855341911316];[1.5464317798614502, 0.4939228296279907, 0.19707317650318146, 0.14812979102134705, 0.1746731698513031, 0.3740597665309906, 0.31276917457580566, 0.2819848954677582, 0.26758521795272827, 0.25479456782341003, 0.317545086145401, 0.28183528780937195, 0.2726956903934479, 0.26900532841682434, 0.2462383210659027, 0.22508655488491058, 0.22038370370864868, 0.42443960905075073, 0.49061697721481323, 0.48245951533317566, 0.4481745958328247];[-133.75511169433594, -2.626140832901001, -1.753085970878601, -1.6348191499710083, -1.7145358324050903, -2.356837272644043, -2.168266534805298, -2.0727732181549072, -2.018660306930542, -1.9679479598999023, -2.183161497116089, -2.072463035583496, -2.0416746139526367, -2.0259690284729004, -1.944434642791748, -1.8688334226608276, -1.868431568145752, -2.703366279602051, -2.948451519012451, -2.9205358028411865, -2.763814687728882]
700;[16.59788703918457, 3.0428240299224854, 1.6695582866668701, 1.7386256456375122, 1.3423075675964355, 1.3233802318572998, 1.331671953201294, 1.318109393119812, 1.4802592992782593, 1.394721269607544, 1.3731138706207275, 1.3345509767532349, 1.3401691913604736, 1.3036353588104248, 1.3123948574066162, 1.2955267429351807, 1.2866909503936768, 1.303892970085144, 1.368302583694458, 1.3237066268920898, 1.3244274854660034];[1.5423442125320435, 0.617409884929657, 0.3011115789413452, 0.36801451444625854, 0.11838517338037491, 0.10561473667621613, 0.11636083573102951, 0.10910756886005402, 0.21752327680587769, 0.16591182351112366, 0.1462094634771347, 0.12878236174583435, 0.12891927361488342, 0.10448791831731796, 0.11174764484167099, 0.1032349169254303, 0.09263710677623749, 0.1058189645409584, 0.15534266829490662, 0.12383194267749786, 0.12248438596725464];[-129.7698211669922, -3.3825626373291016, -2.191971778869629, -2.4348559379577637, -1.5320876836776733, -1.5001764297485352, -1.5369561910629272, -1.517305612564087, -1.9199732542037964, -1.7139806747436523, -1.6586755514144897, -1.5814263820648193, -1.591011643409729, -1.5134801864624023, -1.5403220653533936, -1.5107934474945068, -1.4767762422561646, -1.5103296041488647, -1.6776232719421387, -1.5714538097381592, -1.575750470161438]
750;[16.58233070373535, 2.1804139614105225, 1.6385911703109741, 2.0909547805786133, 1.5550026893615723, 1.4891406297683716, 1.7695649862289429, 1.8142328262329102, 2.069254159927368, 2.236555576324463, 2.4312245845794678, 2.422968864440918, 2.5305542945861816, 2.6922106742858887, 2.629230260848999, 2.425292730331421, 2.358505964279175, 2.151872396469116, 2.235558271408081, 2.4073543548583984, 2.3867833614349365];[1.5411678552627563, 0.27778661251068115, 0.2835060954093933, 0.5948345065116882, 0.2559489607810974, 0.21886974573135376, 0.4052775502204895, 0.43935996294021606, 0.5877581238746643, 0.6933351159095764, 0.7879487872123718, 0.7777408361434937, 0.845340371131897, 0.9348158240318298, 0.898973822593689, 0.8088326454162598, 0.7731745839118958, 0.6586859822273254, 0.716603696346283, 0.8060364723205566, 0.7913157939910889];[-132.3235321044922, -1.9052841663360596, -2.1146817207336426, -3.2991907596588135, -1.9512673616409302, -1.8368568420410156, -2.5727698802948, -2.725468397140503, -3.5599124431610107, -4.061410427093506, -4.870038986206055, -4.912208557128906, -5.264955997467041, -5.849930286407471, -5.6388115882873535, -4.77528190612793, -4.5979509353637695, -3.8110427856445312, -4.036534786224365, -4.671124458312988, -4.685990810394287]
800;[16.590425491333008, 5.783865928649902, 1.4372498989105225, 1.6810424327850342, 1.8149819374084473, 1.8089555501937866, 1.494814395904541, 1.3873707056045532, 1.2699710130691528, 1.2561826705932617, 1.2280611991882324, 1.2367550134658813, 1.193118929862976, 1.2676804065704346, 1.3621412515640259, 1.3473697900772095, 1.3458731174468994, 1.312285304069519, 1.4134184122085571, 1.4681494235992432, 1.4437106847763062];[1.546418309211731, 1.1277008056640625, 0.13915018737316132, 0.32700255513191223, 0.4249193072319031, 0.4226553738117218, 0.22531583905220032, 0.15367817878723145, 0.07739537209272385, 0.06836222857236862, 0.05378463864326477, 0.05991293489933014, 0.033159736543893814, 0.08118967711925507, 0.14465928077697754, 0.13887274265289307, 0.13431838154792786, 0.1131545826792717, 0.18015849590301514, 0.21877969801425934, 0.20284904539585114];[-133.2089385986328, -20.056640625, -1.5862278938293457, -2.2102856636047363, -2.648111581802368, -2.759113073348999, -1.8867287635803223, -1.6496338844299316, -1.4133126735687256, -1.3902279138565063, -1.3463493585586548, -1.364226222038269, -1.2832880020141602, -1.4357233047485352, -1.6193881034851074, -1.5950719118118286, -1.5872175693511963, -1.527951955795288, -1.7603962421417236, -1.8645601272583008, -1.8166297674179077]
850;[16.572786331176758, 5.725401401519775, 1.5523937940597534, 1.3762881755828857, 1.4030243158340454, 1.191072940826416, 1.209565281867981, 1.1605830192565918, 1.1667288541793823, 1.1607866287231445, 1.2886691093444824, 1.2831310033798218, 1.2456810474395752, 1.3069183826446533, 1.2525502443313599, 1.2656586170196533, 1.264797329902649, 1.2566874027252197, 1.306063175201416, 1.397404432296753, 1.3877575397491455];[1.5466210842132568, 1.11844801902771, 0.21561883389949799, 0.13285590708255768, 0.15399014949798584, 0.020635781809687614, 0.03549935296177864, 0.006856060586869717, 0.011973431333899498, 0.00863109715282917, 0.09099684655666351, 0.09240461140871048, 0.06750895828008652, 0.11031488329172134, 0.07018065452575684, 0.07987048476934433, 0.07782061398029327, 0.07324328273534775, 0.11010289192199707, 0.17032989859580994, 0.16466540098190308];[-139.4109344482422, -19.58196258544922, -1.8379329442977905, -1.5768214464187622, -1.6566697359085083, -1.2547358274459839, -1.2968833446502686, -1.2168867588043213, -1.2327040433883667, -1.2198454141616821, -1.4623533487319946, -1.4617125988006592, -1.3955644369125366, -1.510217547416687, -1.4007141590118408, -1.4243546724319458, -1.4232662916183472, -1.4163687229156494, -1.5232765674591064, -1.7045692205429077, -1.6827995777130127]
900;[16.586942672729492, 7.238512992858887, 2.9887545108795166, 4.007323741912842, 4.769168376922607, 3.649070978164673, 3.0663318634033203, 2.551044225692749, 2.1367852687835693, 2.3712358474731445, 2.2893033027648926, 2.1491289138793945, 2.033426284790039, 1.7637823820114136, 1.5991827249526978, 1.4793727397918701, 1.3714807033538818, 1.3365843296051025, 1.3087408542633057, 1.2609710693359375, 1.2373367547988892];[1.54471755027771, 1.3048813343048096, 0.8142848014831543, 1.258285403251648, 1.4915105104446411, 1.2920645475387573, 1.0915168523788452, 0.8795587420463562, 0.6346538066864014, 0.7863928079605103, 0.7387235164642334, 0.654776930809021, 0.5805785655975342, 0.409766286611557, 0.3056434094905853, 0.2245543897151947, 0.15386438369750977, 0.12623190879821777, 0.10895626246929169, 0.07969235628843307, 0.06382584571838379];[-134.47549438476562, -36.06218338012695, -7.134512901306152, -12.277116775512695, -16.833362579345703, -9.856203079223633, -7.213548183441162, -4.978217124938965, -3.6666629314422607, -4.423232078552246, -4.1640825271606445, -3.7573401927948, -3.4118664264678955, -2.603421688079834, -2.1558032035827637, -1.8744611740112305, -1.6410937309265137, -1.5640827417373657, -1.5180563926696777, -1.4224084615707397, -1.376835584640503]
950;[16.598041534423828, 5.5612640380859375, 5.659066200256348, 2.1481688022613525, 2.1769025325775146, 2.153005599975586, 2.1440529823303223, 2.1537303924560547, 1.8644338846206665, 1.8116176128387451, 1.580916404724121, 1.5533342361450195, 1.6385997533798218, 1.7560224533081055, 1.7442981004714966, 1.650151252746582, 1.8250889778137207, 1.7572495937347412, 1.73134183883667, 1.5911691188812256, 1.5154876708984375];[1.5453721284866333, 1.1024742126464844, 1.2202105522155762, 0.5595153570175171, 0.5918358564376831, 0.5911533832550049, 0.5844355225563049, 0.5946049094200134, 0.45163145661354065, 0.4285341501235962, 0.29075947403907776, 0.27385810017585754, 0.3278672397136688, 0.4060339331626892, 0.3964667022228241, 0.34004461765289307, 0.4435858130455017, 0.41020625829696655, 0.3899131715297699, 0.3003286123275757, 0.25214990973472595];[-133.13565063476562, -17.747560501098633, -30.658462524414062, -3.593125820159912, -4.064875602722168, -4.064047813415527, -4.042684078216553, -4.154834747314453, -3.060469150543213, -2.8855884075164795, -2.193686008453369, -2.116373300552368, -2.3448243141174316, -2.669757604598999, -2.642972707748413, -2.368845224380493, -2.887167453765869, -2.715874671936035, -2.632857322692871, -2.2136757373809814, -2.0299718379974365]
1000;[16.55826759338379, 7.083056449890137, 2.770392417907715, 2.8029792308807373, 2.628615140914917, 2.0136196613311768, 1.6209989786148071, 1.3680691719055176, 1.2755645513534546, 1.3200035095214844, 1.4840681552886963, 1.7492583990097046, 2.030832529067993, 2.1005823612213135, 1.9695525169372559, 2.0026469230651855, 2.1963281631469727, 2.228367805480957, 2.1197845935821533, 1.9868016242980957, 1.9894471168518066];[1.5464508533477783, 1.2916691303253174, 0.7472915649414062, 0.8713396191596985, 0.7752387523651123, 0.5200793743133545, 0.30307289958000183, 0.14187750220298767, 0.08075330406427383, 0.10955487191677094, 0.22014889121055603, 0.40612509846687317, 0.5824314951896667, 0.6216263175010681, 0.5445595383644104, 0.5718069672584534, 0.6815885305404663, 0.6955711841583252, 0.6404392719268799, 0.5602125525474548, 0.5639634132385254];[-124.95204162597656, -34.29179763793945, -6.0944437980651855, -6.420015335083008, -5.996126174926758, -3.516011953353882, -2.242027759552002, -1.6303766965866089, -1.430525541305542, -1.5199579000473022, -1.8607019186019897, -2.5317392349243164, -3.4139766693115234, -3.668069839477539, -3.2183008193969727, -3.30460786819458, -3.9634945392608643, -4.076671600341797, -3.7042150497436523, -3.2789864540100098, -3.296105146408081]
1050;[16.569786071777344, 5.673028945922852, 1.3550723791122437, 1.2568424940109253, 1.2180095911026, 1.4143694639205933, 1.310127854347229, 1.4273834228515625, 1.352089285850525, 1.3423887491226196, 1.3067620992660522, 1.3222057819366455, 1.3339511156082153, 1.544416069984436, 1.669306993484497, 1.5965460538864136, 1.6773761510849, 1.6019200086593628, 1.5535497665405273, 1.6325024366378784, 1.7346234321594238];[1.5453758239746094, 1.1090489625930786, 0.08870982378721237, 0.05276775360107422, 0.038951482623815536, 0.1731041967868805, 0.10676910728216171, 0.18330179154872894, 0.12960310280323029, 0.1268712282180786, 0.1050724983215332, 0.11445651203393936, 0.12157134711742401, 0.2650538384914398, 0.3558836281299591, 0.30473142862319946, 0.35865768790245056, 0.3102288842201233, 0.2771945893764496, 0.33060523867607117, 0.3996087610721588];[-128.80654907226562, -18.492433547973633, -1.4410160779953003, -1.3463855981826782, -1.3011157512664795, -1.7313838005065918, -1.5120799541473389, -1.7414767742156982, -1.5775376558303833, -1.5675853490829468, -1.4997811317443848, -1.5357495546340942, -1.5507333278656006, -2.0213911533355713, -2.3256444931030273, -2.133239507675171, -2.3440535068511963, -2.177377939224243, -2.065908908843994, -2.2645010948181152, -2.575268507003784]
1100;[16.595863342285156, 6.777996063232422, 2.4046218395233154, 1.6157358884811401, 1.699459195137024, 2.0479612350463867, 1.738446831703186, 1.6215238571166992, 1.6621328592300415, 1.506813406944275, 1.4363077878952026, 1.506705641746521, 1.4351873397827148, 1.3506245613098145, 1.3865368366241455, 1.418408989906311, 1.417127251625061, 1.41025972366333, 1.3989323377609253, 1.4292726516723633, 1.4669830799102783];[1.5452494621276855, 1.2542191743850708, 0.635600209236145, 0.2816108465194702, 0.35299938917160034, 0.5651494860649109, 0.3864841163158417, 0.3127603828907013, 0.3376869857311249, 0.23939171433448792, 0.1933625191450119, 0.2400028258562088, 0.1977916657924652, 0.14107461273670197, 0.16368599236011505, 0.18710055947303772, 0.18205082416534424, 0.17912174761295319, 0.1739727258682251, 0.1904410868883133, 0.21676023304462433];[-133.3268280029297, -30.908832550048828, -4.349349498748779, -2.158616781234741, -2.3562700748443604, -3.4503939151763916, -2.5229604244232178, -2.2087106704711914, -2.334874391555786, -1.9933662414550781, -1.8188297748565674, -2.0025763511657715, -1.8223501443862915, -1.625856876373291, -1.6982102394104004, -1.7710449695587158, -1.7704756259918213, -1.747212529182434, -1.7304812669754028, -1.7969849109649658, -1.8681983947753906]
1150;[16.56783676147461, 7.4873199462890625, 5.684024810791016, 4.910423278808594, 4.640346527099609, 1.2875053882598877, 1.2177214622497559, 1.2379469871520996, 1.2150875329971313, 1.2009930610656738, 1.2072110176086426, 1.2071295976638794, 1.2109119892120361, 1.2512840032577515, 1.296006202697754, 1.3088955879211426, 1.5210108757019043, 1.3931336402893066, 1.2673349380493164, 1.2619210481643677, 1.2946380376815796];[1.5415167808532715, 1.3195003271102905, 1.2345200777053833, 1.1518378257751465, 1.1497024297714233, 0.0820988342165947, 0.04267122596502304, 0.05128120258450508, 0.04339088127017021, 0.03577462583780289, 0.039244145154953, 0.039471376687288284, 0.045108698308467865, 0.06945609301328659, 0.10077732056379318, 0.10926553606987, 0.2537652850151062, 0.17044800519943237, 0.08355975151062012, 0.07791707664728165, 0.1012728214263916];[-135.54962158203125, -38.34807586669922, -30.3563175201416, -23.33197784423828, -20.613298416137695, -1.4329982995986938, -1.313439965248108, -1.3489538431167603, -1.3188295364379883, -1.2978394031524658, -1.3108506202697754, -1.3101996183395386, -1.323580026626587, -1.3975132703781128, -1.496690034866333, -1.518261432647705, -2.02750301361084, -1.715663194656372, -1.4354668855667114, -1.424368143081665, -1.484533667564392]
1200;[16.57986068725586, 2.740039587020874, 1.5754183530807495, 1.3062916994094849, 1.1684086322784424, 1.1651111841201782, 1.1524447202682495, 1.1463788747787476, 1.1527434587478638, 1.3357713222503662, 1.348013162612915, 1.3434867858886719, 1.5735856294631958, 1.6371763944625854, 1.6184751987457275, 1.5723211765289307, 1.5433484315872192, 1.5124061107635498, 1.3841100931167603, 1.3390840291976929, 1.27088463306427];[1.544623613357544, 0.5073004364967346, 0.23042717576026917, 0.08551320433616638, 0.0080943014472723, 0.008233834989368916, 0.0007513123564422131, 0.0004217732057441026, 0.005601184908300638, 0.11849331110715866, 0.1326659917831421, 0.1323576271533966, 0.28455650806427, 0.32972022891044617, 0.3214518427848816, 0.2901492714881897, 0.26928451657295227, 0.2505742311477661, 0.1632647067308426, 0.13462665677070618, 0.08506985753774643];[-129.31773376464844, -2.6950769424438477, -1.890270709991455, -1.4380462169647217, -1.2169101238250732, -1.2193719148635864, -1.194177269935608, -1.1957945823669434, -1.2105602025985718, -1.5611984729766846, -1.5942106246948242, -1.59529447555542, -2.1651363372802734, -2.3446271419525146, -2.332404851913452, -2.1878397464752197, -2.0984532833099365, -2.0280921459198, -1.6956335306167603, -1.6143566370010376, -1.4485934972763062]
1250;[16.55998992919922, 1.9622458219528198, 2.2234504222869873, 3.595435380935669, 3.3880081176757812, 2.4900870323181152, 2.2322421073913574, 2.061781406402588, 1.914331078529358, 1.7059125900268555, 1.5625005960464478, 1.4311249256134033, 1.3854960203170776, 1.3139415979385376, 1.254561424255371, 1.2698032855987549, 1.1976158618927002, 1.2335838079452515, 1.2498481273651123, 1.251646637916565, 1.240453839302063];[1.5464980602264404, 0.179890438914299, 0.5823664665222168, 1.2441494464874268, 1.161798119544983, 0.8340378403663635, 0.7065584659576416, 0.6015546321868896, 0.5152072310447693, 0.3764406442642212, 0.2753793001174927, 0.18768317997455597, 0.15955911576747894, 0.10842375457286835, 0.07241303473711014, 0.08402595669031143, 0.03498786315321922, 0.05800870433449745, 0.07250437885522842, 0.07110056281089783, 0.06531703472137451];[-128.5740203857422, -1.6819247007369995, -3.8235623836517334, -9.085800170898438, -8.688143730163574, -4.738727569580078, -3.8528640270233154, -3.3361122608184814, -2.9388628005981445, -2.3926141262054443, -2.046391010284424, -1.7512544393539429, -1.6720422506332397, -1.5163949728012085, -1.4050602912902832, -1.443640947341919, -1.3007389307022095, -1.3662309646606445, -1.402936577796936, -1.404330849647522, -1.382340908050537]
1300;[16.576372146606445, 2.5852911472320557, 1.575516939163208, 1.517117977142334, 1.5535919666290283, 2.9298818111419678, 3.001760482788086, 2.124476432800293, 1.9500900506973267, 2.1071372032165527, 2.1997287273406982, 2.1872756481170654, 2.1664857864379883, 2.151817560195923, 2.5359246730804443, 2.304039478302002, 2.2819855213165283, 2.254112482070923, 2.0161948204040527, 1.7958898544311523, 1.772147536277771];[1.546189308166504, 0.4400094151496887, 0.24335423111915588, 0.2283419817686081, 0.2598569691181183, 0.9058626294136047, 0.9195814728736877, 0.5925710797309875, 0.5093454122543335, 0.5821682214736938, 0.6430348753929138, 0.6403378248214722, 0.6322009563446045, 0.6209815144538879, 0.7881229519844055, 0.6910306811332703, 0.6882717609405518, 0.676443338394165, 0.5618935227394104, 0.4317483603954315, 0.42424827814102173];[-130.37168884277344, -2.3902602195739746, -1.9337010383605957, -1.9175602197647095, -2.042625665664673, -7.4319963455200195, -8.05764389038086, -3.854658842086792, -3.3385565280914307, -3.9166676998138428, -4.203908920288086, -4.178791046142578, -4.102450847625732, -4.058380126953125, -5.769779682159424, -4.724732398986816, -4.568589210510254, -4.470048427581787, -3.5084478855133057, -2.7771036624908447, -2.6656694412231445]
1350;[16.57489585876465, 5.322304725646973, 5.270073890686035, 4.9598164558410645, 1.252469778060913, 1.2076340913772583, 1.366666555404663, 1.3935017585754395, 1.3449084758758545, 1.4936720132827759, 1.6163182258605957, 1.5621418952941895, 1.7344708442687988, 1.7039611339569092, 1.6594494581222534, 1.8565471172332764, 1.9525178670883179, 1.8356060981750488, 1.8917953968048096, 1.8151553869247437, 1.878104567527771];[1.542214035987854, 1.0864256620407104, 1.181321144104004, 1.1756622791290283, 0.05458394065499306, 0.02610662393271923, 0.13969190418720245, 0.15927721560001373, 0.12902455031871796, 0.23127813637256622, 0.3148953318595886, 0.27850186824798584, 0.39051705598831177, 0.37152621150016785, 0.34303757548332214, 0.47559306025505066, 0.5364599227905273, 0.4655279219150543, 0.5013699531555176, 0.4549298882484436, 0.491604208946228];[-140.42291259765625, -14.876009941101074, -26.049379348754883, -23.512807846069336, -1.3462951183319092, -1.27518630027771, -1.6119537353515625, -1.674428105354309, -1.5782709121704102, -1.9151601791381836, -2.1937878131866455, -2.085798740386963, -2.555753231048584, -2.5052216053009033, -2.379683017730713, -2.8684542179107666, -3.155062675476074, -2.808643102645874, -2.995445966720581, -2.7545580863952637, -2.9491379261016846]
1400;[16.581317901611328, 6.6896891593933105, 5.389028549194336, 1.6570101976394653, 1.6080862283706665, 1.4435442686080933, 1.4776345491409302, 1.5128579139709473, 1.4725261926651, 1.4850528240203857, 1.5794984102249146, 1.6196203231811523, 1.8416765928268433, 1.7655421495437622, 1.8760919570922852, 2.0642244815826416, 1.9487411975860596, 1.8405450582504272, 1.9448143243789673, 1.9132634401321411, 1.8790713548660278];[1.5447834730148315, 1.2490723133087158, 1.187180519104004, 0.3042035400867462, 0.2922773063182831, 0.18852443993091583, 0.21539080142974854, 0.23821265995502472, 0.2135581374168396, 0.22694240510463715, 0.2915937602519989, 0.31776800751686096, 0.455928236246109, 0.4141644537448883, 0.4805431067943573, 0.6031334400177002, 0.5374671816825867, 0.46770235896110535, 0.5324108600616455, 0.5135399103164673, 0.49124372005462646];[-130.84068298339844, -29.984731674194336, -27.249086380004883, -2.190574884414673, -2.1781280040740967, -1.7860301733016968, -1.8610632419586182, -1.9549652338027954, -1.859360694885254, -1.897637963294983, -2.1455883979797363, -2.2246694564819336, -2.855604887008667, -2.6532812118530273, -2.9887444972991943, -3.5358011722564697, -3.158620595932007, -2.828582763671875, -3.1647729873657227, -3.068505048751831, -2.972100019454956]
1450;[16.598224639892578, 6.413389205932617, 4.870957851409912, 4.421548843383789, 1.2897169589996338, 1.2490202188491821, 1.2321585416793823, 1.2258360385894775, 1.2018547058105469, 1.2606219053268433, 1.2831239700317383, 1.3541642427444458, 1.3937112092971802, 1.3131147623062134, 1.2735345363616943, 1.2752479314804077, 1.2268059253692627, 1.3583617210388184, 1.354286789894104, 1.2379306554794312, 1.340768575668335];[1.54408860206604, 1.212396502494812, 1.1394884586334229, 1.1216723918914795, 0.07676173746585846, 0.056492988020181656, 0.053188152611255646, 0.04503729194402695, 0.034697145223617554, 0.07449859380722046, 0.08382412046194077, 0.13519732654094696, 0.16770103573799133, 0.10939614474773407, 0.08500799536705017, 0.08662081509828568, 0.05622698739171028, 0.14292636513710022, 0.1384807527065277, 0.06455408036708832, 0.13186407089233398];[-134.04428100585938, -27.410255432128906, -21.9752197265625, -18.227174758911133, -1.4182648658752441, -1.3551766872406006, -1.3370202779769897, -1.3314807415008545, -1.2963186502456665, -1.4016234874725342, -1.4422881603240967, -1.592922568321228, -1.6905041933059692, -1.5211514234542847, -1.4509305953979492, -1.4532361030578613, -1.3550835847854614, -1.6073760986328125, -1.6008011102676392, -1.378733515739441, -1.5833860635757446]
1500;[16.581144332885742, 2.3738210201263428, 1.8270411491394043, 1.361964464187622, 1.849888563156128, 2.1970136165618896, 2.5573787689208984, 2.3309011459350586, 2.0322418212890625, 2.320517063140869, 2.2724781036376953, 2.113255262374878, 1.9743621349334717, 1.7530592679977417, 1.659523367881775, 1.5363956689834595, 1.489018201828003, 1.4552206993103027, 1.3571257591247559, 1.4381461143493652, 1.4012138843536377];[1.5434982776641846, 0.3678551912307739, 0.37556785345077515, 0.12379461526870728, 0.45325514674186707, 0.672781765460968, 0.8805251121520996, 0.7556160688400269, 0.5837560892105103, 0.760785698890686, 0.7342759966850281, 0.6434094905853271, 0.5497346520423889, 0.4094325304031372, 0.3484247624874115, 0.26646560430526733, 0.23274768888950348, 0.2084464430809021, 0.14386434853076935, 0.1994066685438156, 0.17412085831165314];[-133.0294189453125, -2.192692518234253, -2.5339536666870117, -1.5522457361221313, -2.654123306274414, -3.7687301635742188, -5.029375076293945, -4.289214134216309, -3.279146671295166, -4.206612586975098, -4.122163772583008, -3.6133108139038086, -3.2480685710906982, -2.562732219696045, -2.3347132205963135, -2.0242762565612793, -1.9190624952316284, -1.8419264554977417, -1.623264193534851, -1.8130252361297607, -1.7249705791473389]
50;[19.60540008544922, 11.326696395874023, 10.816960334777832, 10.750722885131836, 5.314727306365967, 2.977884292602539, 1.8653651475906372, 1.881779670715332, 1.743831992149353, 1.7215632200241089, 1.9958128929138184, 2.0087289810180664, 1.8478789329528809, 1.8702527284622192, 1.8329583406448364, 1.7670570611953735, 1.7298400402069092, 1.813411831855774, 1.7992268800735474, 1.8952752351760864, 1.8419740200042725];[1.5033804178237915, 1.3157744407653809, 1.5174822807312012, 1.4924873113632202, 1.2480055093765259, 0.7341688275337219, 0.2161310911178589, 0.22875866293907166, 0.15484663844108582, 0.1450730413198471, 0.29686805605888367, 0.300690233707428, 0.21598321199417114, 0.22943620383739471, 0.21176378428936005, 0.17456015944480896, 0.1561807543039322, 0.20295952260494232, 0.19297169148921967, 0.24635499715805054, 0.21775728464126587];[-152.5258026123047, -60.164581298828125, -61.90415954589844, -66.57898712158203, -14.384284973144531, -4.556196212768555, -2.047485113143921, -2.0947442054748535, -1.8784551620483398, -1.8517953157424927, -2.3103530406951904, -2.3485822677612305, -2.0677285194396973, -2.117811918258667, -2.0580925941467285, -1.9313621520996094, -1.882997989654541, -2.0330944061279297, -2.0033810138702393, -2.1815006732940674, -2.091669797897339]
100;[19.610395431518555, 11.095736503601074, 7.494049072265625, 5.457082748413086, 4.124199867248535, 3.425060510635376, 3.2253289222717285, 2.7026541233062744, 2.5732901096343994, 2.4491539001464844, 2.1530144214630127, 2.241816759109497, 2.4917609691619873, 2.845379590988159, 2.9758365154266357, 2.9930953979492188, 2.9138824939727783, 2.672262668609619, 2.3707633018493652, 2.3246946334838867, 2.173175573348999];[1.5035954713821411, 1.351320505142212, 1.590691328048706, 1.3306984901428223, 1.1061909198760986, 0.8774805665016174, 0.7920873165130615, 0.6227023005485535, 0.5718559622764587, 0.5186667442321777, 0.3749748170375824, 0.42331814765930176, 0.5493850111961365, 0.7041043639183044, 0.7489588260650635, 0.7574449181556702, 0.7172307372093201, 0.6244059205055237, 0.49600082635879517, 0.4748874604701996, 0.39557117223739624];[-154.35015869140625, -51.041316986083984, -19.053882598876953, -14.081826210021973, -8.164308547973633, -6.099694728851318, -5.678247451782227, -4.018753528594971, -3.7111597061157227, -3.4412763118743896, -2.691984176635742, -2.8412725925445557, -3.512387275695801, -4.528372764587402, -4.934894561767578, -4.97670316696167, -4.825538158416748, -4.082984447479248, -3.2430524826049805, -3.133913040161133, -2.767153263092041]
150;[19.606155395507812, 8.310744285583496, 4.686194896697998, 2.471710443496704, 2.6682193279266357, 2.4093689918518066, 2.161709785461426, 2.0426735877990723, 2.246955156326294, 2.793696403503418, 3.1855592727661133, 3.103196382522583, 3.3638417720794678, 3.239661455154419, 3.4242031574249268, 3.4816784858703613, 3.347858190536499, 3.120784044265747, 2.91086483001709, 2.783447504043579, 2.5563642978668213];[1.5014655590057373, 1.186381459236145, 1.1378668546676636, 0.5015431046485901, 0.6060572266578674, 0.4944535195827484, 0.3720681369304657, 0.31179600954055786, 0.42501845955848694, 0.7031419277191162, 0.8765942454338074, 0.8406466841697693, 0.9489640593528748, 0.9024305939674377, 0.9722925424575806, 1.0000369548797607, 0.9482201337814331, 0.8580567240715027, 0.7612424492835999, 0.7068822979927063, 0.5969826579093933];[-151.96873474121094, -22.867647171020508, -9.31421947479248, -3.011259078979492, -3.742621660232544, -3.1194961071014404, -2.5924980640411377, -2.3767995834350586, -2.8394243717193604, -4.048977851867676, -5.163492202758789, -4.9929046630859375, -5.786056041717529, -5.42690372467041, -6.0000224113464355, -6.205522060394287, -5.799614906311035, -5.132228851318359, -4.530007839202881, -4.224180698394775, -3.606809139251709]
200;[19.60989761352539, 8.331883430480957, 6.741727828979492, 4.729998588562012, 4.605410575866699, 3.392970085144043, 3.0287411212921143, 2.966546058654785, 3.041116714477539, 2.3986966609954834, 1.8465585708618164, 1.6628575325012207, 1.8363046646118164, 2.087404489517212, 2.459664821624756, 2.5289597511291504, 2.3693132400512695, 2.362065315246582, 2.2774553298950195, 2.1145241260528564, 2.1404812335968018];[1.5061771869659424, 1.1803803443908691, 1.3899105787277222, 1.132421612739563, 1.1022446155548096, 0.8420103192329407, 0.7166950702667236, 0.6966396570205688, 0.7419665455818176, 0.4889700412750244, 0.2151569426059723, 0.11664850264787674, 0.2117437720298767, 0.3430735766887665, 0.5197753310203552, 0.5501210689544678, 0.48015058040618896, 0.47847968339920044, 0.4381578862667084, 0.36010992527008057, 0.376822292804718];[-146.62501525878906, -22.100749969482422, -16.262496948242188, -11.290434837341309, -11.414497375488281, -6.183713436126709, -5.174187183380127, -4.998963832855225, -5.185966968536377, -3.2914018630981445, -2.065415382385254, -1.7641983032226562, -2.0755655765533447, -2.6187961101531982, -3.5840585231781006, -3.8036844730377197, -3.332305669784546, -3.309796094894409, -3.1068408489227295, -2.7198355197906494, -2.7856333255767822]
250;[19.606613159179688, 8.414080619812012, 6.763593673706055, 6.606724739074707, 6.589657783508301, 6.6248698234558105, 6.592788219451904, 2.573423385620117, 1.8021175861358643, 1.5064070224761963, 1.5226831436157227, 1.51771879196167, 1.5635807514190674, 1.8062913417816162, 1.9809401035308838, 2.0614678859710693, 2.11982798576355, 2.349639892578125, 2.636277675628662, 2.823119878768921, 2.892789840698242];[1.5035531520843506, 1.1899560689926147, 1.4259631633758545, 1.3784284591674805, 1.364075779914856, 1.3567160367965698, 1.3410961627960205, 0.571851372718811, 0.18427792191505432, 0.03298554942011833, 0.04252801090478897, 0.04286357760429382, 0.06232300400733948, 0.19710654020309448, 0.2892458140850067, 0.33822140097618103, 0.366642564535141, 0.49234703183174133, 0.6372306942939758, 0.7228780388832092, 0.7561654448509216];[-154.35806274414062, -24.279504776000977, -16.5574893951416, -22.54943084716797, -23.770856857299805, -24.480981826782227, -25.130756378173828, -3.6163628101348877, -1.9570978879928589, -1.5114166736602783, -1.5385364294052124, -1.5368881225585938, -1.6003201007843018, -1.987837553024292, -2.3009207248687744, -2.476120948791504, -2.6015655994415283, -3.110769748687744, -3.796898126602173, -4.317372798919678, -4.497315883636475]
300;[19.599504470825195, 11.742425918579102, 10.840754508972168, 10.796597480773926, 10.790353775024414, 5.470999717712402, 2.5693140029907227, 2.254669189453125, 2.182577133178711, 2.1856818199157715, 2.339108467102051, 2.512808322906494, 2.2022159099578857, 2.141037702560425, 2.082563877105713, 2.0140380859375, 2.0626978874206543, 2.021544933319092, 1.8440274000167847, 1.8064372539520264, 1.7582457065582275];[1.502313494682312, 1.3228578567504883, 1.3911375999450684, 1.4072357416152954, 1.4142040014266968, 1.1786326169967651, 0.5408416986465454, 0.42270588874816895, 0.3834873139858246, 0.39109519124031067, 0.4752733111381531, 0.566550612449646, 0.4089173972606659, 0.3774940073490143, 0.346891850233078, 0.3111706078052521, 0.3388354778289795, 0.3130297362804413, 0.21542024612426758, 0.1978839635848999, 0.17212283611297607];[-152.23704528808594, -68.74819946289062, -68.51560974121094, -70.50467681884766, -71.91387939453125, -17.004655838012695, -3.7399709224700928, -2.8990557193756104, -2.756410598754883, -2.765841007232666, -3.082418918609619, -3.4527997970581055, -2.732747793197632, -2.620138645172119, -2.5278639793395996, -2.392524242401123, -2.4830260276794434, -2.413857936859131, -2.070533514022827, -2.0100150108337402, -1.9246153831481934]
350;[19.601476669311523, 11.631712913513184, 10.82048225402832, 5.418966770172119, 3.8104195594787598, 2.9887619018554688, 3.325246810913086, 3.055633783340454, 3.299947500228882, 3.576549768447876, 3.5099310874938965, 3.537700891494751, 3.504903793334961, 3.3530282974243164, 3.1509478092193604, 2.9758973121643066, 2.8796801567077637, 2.801218271255493, 2.617307424545288, 2.440500497817993, 2.320497512817383];[1.5042431354522705, 1.3173131942749023, 1.472233533859253, 1.2856471538543701, 1.0237231254577637, 0.7694072127342224, 0.8962031602859497, 0.8063724637031555, 0.912156879901886, 1.0217686891555786, 0.9985713362693787, 1.0056657791137695, 0.9995654225349426, 0.9369707703590393, 0.8600284457206726, 0.7971096038818359, 0.752614438533783, 0.7125406861305237, 0.6271789073944092, 0.5363454222679138, 0.474633127450943];[-152.56439208984375, -65.33174896240234, -63.35211944580078, -13.618346214294434, -7.0940399169921875, -4.461816787719727, -5.550319194793701, -4.746499538421631, -5.472906589508057, -6.399660587310791, -6.208623886108398, -6.358838081359863, -6.278712749481201, -5.82895565032959, -5.209329605102539, -4.65663480758667, -4.431047439575195, -4.2395429611206055, -3.7607123851776123, -3.3508291244506836, -3.102741003036499]
400;[19.606170654296875, 11.526617050170898, 10.817132949829102, 10.787153244018555, 5.25749397277832, 3.1636288166046143, 2.776310920715332, 2.1924777030944824, 2.557187080383301, 2.3780558109283447, 2.277712821960449, 2.158907651901245, 2.377457857131958, 2.27078914642334, 2.2119481563568115, 2.1815125942230225, 2.205235481262207, 2.1732523441314697, 2.257903814315796, 2.1702187061309814, 2.0497186183929443];[1.5038254261016846, 1.3131380081176758, 1.436888575553894, 1.4294315576553345, 1.167967677116394, 0.8189178705215454, 0.6789186000823975, 0.394331693649292, 0.5868954062461853, 0.4976196587085724, 0.44477522373199463, 0.38547271490097046, 0.49774429202079773, 0.4447757303714752, 0.41569969058036804, 0.39825353026390076, 0.4145395755767822, 0.3980807065963745, 0.4437839984893799, 0.3945766091346741, 0.32859253883361816];[-149.32980346679688, -62.906951904296875, -66.02616882324219, -69.89654541015625, -15.057109832763672, -4.963148593902588, -3.9379584789276123, -2.6541762351989746, -3.4666595458984375, -3.0681424140930176, -2.863968849182129, -2.6488840579986572, -3.1339364051818848, -2.8825478553771973, -2.790309429168701, -2.754599094390869, -2.7923364639282227, -2.722336530685425, -2.8992645740509033, -2.7229950428009033, -2.461320161819458]
450;[19.606168746948242, 11.954983711242676, 5.9083027839660645, 3.0916733741760254, 1.735558032989502, 1.592893362045288, 1.6030431985855103, 1.6083290576934814, 2.0888288021087646, 2.6301987171173096, 2.5516507625579834, 2.713731288909912, 2.7203097343444824, 2.4865152835845947, 2.52529239654541, 2.5740723609924316, 2.4410269260406494, 2.4896504878997803, 2.5095791816711426, 2.664806604385376, 2.882258415222168];[1.5035308599472046, 1.32468843460083, 1.1116846799850464, 0.6707002520561218, 0.13184021413326263, 0.06713692843914032, 0.07751574367284775, 0.08403453975915909, 0.3340575695037842, 0.5711143612861633, 0.5414289832115173, 0.6016641855239868, 0.6044594049453735, 0.5141732096672058, 0.5418857336044312, 0.5619975924491882, 0.507952094078064, 0.5423118472099304, 0.5499632954597473, 0.6286988854408264, 0.7343354821205139];[-151.8433380126953, -72.00492858886719, -18.133831024169922, -5.321642875671387, -1.7845349311828613, -1.6028847694396973, -1.6342202425003052, -1.664953351020813, -2.6276488304138184, -4.063682556152344, -3.8675405979156494, -4.405946731567383, -4.460145950317383, -3.7481319904327393, -3.773826837539673, -3.9088518619537354, -3.533007860183716, -3.5954275131225586, -3.656428813934326, -4.048606872558594, -4.597997188568115]
500;[19.61858558654785, 8.435612678527832, 6.773859977722168, 4.5849785804748535, 4.474932670593262, 3.380746841430664, 2.8547158241271973, 2.628164768218994, 2.256585121154785, 2.121677875518799, 2.2101285457611084, 2.4856553077697754, 2.3687758445739746, 2.498333215713501, 2.3347043991088867, 2.256911277770996, 2.4259703159332275, 2.2401862144470215, 2.1443283557891846, 2.099149703979492, 2.011550188064575];[1.5067291259765625, 1.1935173273086548, 1.4383914470672607, 1.182032823562622, 1.1447842121124268, 0.8900307416915894, 0.7151237726211548, 0.6134818196296692, 0.43240535259246826, 0.3613419830799103, 0.41023120284080505, 0.5497638583183289, 0.49422553181648254, 0.5600208044052124, 0.4811320900917053, 0.4434022009372711, 0.524894118309021, 0.4306367039680481, 0.38087010383605957, 0.35318583250045776, 0.3107762038707733];[-145.80203247070312, -24.574167251586914, -16.433347702026367, -10.148720741271973, -10.17126178741455, -5.807867527008057, -4.230650901794434, -3.6517422199249268, -2.806156873703003, -2.5385260581970215, -2.7535955905914307, -3.392972946166992, -3.1604950428009033, -3.4353106021881104, -3.0522572994232178, -2.8920745849609375, -3.336759567260742, -2.8676934242248535, -2.6733498573303223, -2.596334457397461, -2.437042236328125]
550;[19.599740982055664, 8.440215110778809, 6.676722526550293, 6.618203163146973, 2.1685972213745117, 1.5076093673706055, 1.5155291557312012, 1.5803292989730835, 1.5923515558242798, 1.6306475400924683, 1.613376498222351, 1.667410135269165, 1.669357180595398, 1.6527349948883057, 1.6620705127716064, 1.6686264276504517, 1.6205979585647583, 1.6194478273391724, 1.5568791627883911, 1.5539621114730835, 1.5639361143112183];[1.50727117061615, 1.1878371238708496, 1.3870179653167725, 1.3245831727981567, 0.35879218578338623, 0.02498028427362442, 0.02819233015179634, 0.07033351808786392, 0.07595042884349823, 0.10048545151948929, 0.09019205719232559, 0.12158682197332382, 0.12215086072683334, 0.11498230695724487, 0.12148244678974152, 0.12203510105609894, 0.10092629492282867, 0.10097673535346985, 0.0689353346824646, 0.06313713639974594, 0.0719616636633873];[-149.0399627685547, -23.001821517944336, -17.119718551635742, -24.050453186035156, -2.5077922344207764, -1.4857041835784912, -1.5001949071884155, -1.621894359588623, -1.6398288011550903, -1.7061562538146973, -1.678378701210022, -1.7768373489379883, -1.7911471128463745, -1.7664997577667236, -1.7910178899765015, -1.7980751991271973, -1.7204629182815552, -1.716524362564087, -1.618247628211975, -1.610785961151123, -1.628482699394226]
600;[19.600278854370117, 8.381741523742676, 6.792606353759766, 6.6910200119018555, 2.952406406402588, 2.969276189804077, 2.8096556663513184, 2.7864346504211426, 3.0721404552459717, 3.0685315132141113, 2.8513290882110596, 2.7045345306396484, 2.8665359020233154, 2.949920892715454, 2.680408000946045, 2.964259147644043, 2.8819220066070557, 2.657504081726074, 2.5381808280944824, 2.4444849491119385, 2.31380033493042];[1.501469373703003, 1.1868153810501099, 1.3503552675247192, 1.3945766687393188, 0.724783182144165, 0.7608639597892761, 0.6880485415458679, 0.6788365840911865, 0.814591646194458, 0.8257378339767456, 0.730091392993927, 0.6709852814674377, 0.7358359694480896, 0.7798818349838257, 0.6483876705169678, 0.7856224179267883, 0.7517041563987732, 0.6491511464118958, 0.586571455001831, 0.5430341958999634, 0.47384151816368103];[-155.08706665039062, -23.127031326293945, -17.223173141479492, -22.987464904785156, -4.227673530578613, -4.355835437774658, -4.135637283325195, -4.11016845703125, -4.8748626708984375, -4.892274379730225, -4.2729172706604, -3.910970687866211, -4.301373481750488, -4.608715057373047, -3.9487533569335938, -4.648115158081055, -4.4107985496521, -3.8697338104248047, -3.5595929622650146, -3.377612590789795, -3.0343711376190186]
650;[19.609243392944336, 11.612621307373047, 5.903064727783203, 2.738163948059082, 2.337069272994995, 2.8495328426361084, 2.6036264896392822, 2.4268991947174072, 2.3204116821289062, 2.0658891201019287, 2.3313403129577637, 2.2459540367126465, 2.2296297550201416, 2.1987314224243164, 2.1217503547668457, 1.9566181898117065, 1.935733675956726, 2.072796583175659, 2.264968156814575, 2.2996983528137207, 2.2440290451049805];[1.5071781873703003, 1.3184704780578613, 1.2249329090118408, 0.6070548295974731, 0.45109596848487854, 0.7173014283180237, 0.6016803979873657, 0.5210442543029785, 0.4679752588272095, 0.3294702172279358, 0.47622185945510864, 0.4279747009277344, 0.42188870906829834, 0.40780049562454224, 0.3689286708831787, 0.27994072437286377, 0.2648698091506958, 0.3405381143093109, 0.4443814754486084, 0.4607195556163788, 0.4322005808353424];[-153.84912109375, -64.29301452636719, -16.034242630004883, -3.605377197265625, -2.8745083808898926, -4.102430820465088, -3.536797523498535, -3.198158025741577, -2.972834587097168, -2.4284229278564453, -3.006786584854126, -2.849003553390503, -2.839621067047119, -2.7734711170196533, -2.616210699081421, -2.2719671726226807, -2.234957218170166, -2.5338778495788574, -2.9661448001861572, -3.0623693466186523, -2.9558959007263184]
700;[19.62272834777832, 11.77937126159668, 5.830039024353027, 2.139378547668457, 1.6229166984558105, 1.9583556652069092, 2.0340230464935303, 1.9157319068908691, 2.1500117778778076, 1.9953497648239136, 1.9716689586639404, 1.872671365737915, 1.8389822244644165, 1.7758938074111938, 1.7545214891433716, 1.7087092399597168, 1.6966632604599, 1.7116807699203491, 1.7875672578811646, 1.7409796714782715, 1.7429897785186768];[1.5059008598327637, 1.3222436904907227, 1.1059492826461792, 0.3051057755947113, 0.07866061478853226, 0.2562675178050995, 0.3014426529407501, 0.2422424554824829, 0.36066514253616333, 0.2907019555568695, 0.27399855852127075, 0.23307448625564575, 0.21278488636016846, 0.1791834682226181, 0.1696910858154297, 0.1480695903301239, 0.13688750565052032, 0.147001251578331, 0.1939961016178131, 0.16759845614433289, 0.16666574776172638];[-153.39105224609375, -69.51033020019531, -17.302141189575195, -2.4166181087493896, -1.6341861486434937, -2.2357735633850098, -2.448185920715332, -2.2131831645965576, -2.767408847808838, -2.435019016265869, -2.357297420501709, -2.1656806468963623, -2.102786064147949, -1.980954647064209, -1.9587554931640625, -1.885921597480774, -1.8465065956115723, -1.8679635524749756, -2.042802333831787, -1.9464999437332153, -1.9529287815093994]
750;[19.619277954101562, 11.436603546142578, 6.505792140960693, 4.220937728881836, 2.9859092235565186, 2.6793906688690186, 2.895995855331421, 2.88499116897583, 3.129072904586792, 3.3204357624053955, 3.511948347091675, 3.4809372425079346, 3.350696086883545, 3.547191858291626, 3.4587063789367676, 3.232306480407715, 3.126528263092041, 2.9163787364959717, 3.011183261871338, 3.1844892501831055, 3.1672348976135254];[1.5055729150772095, 1.3170459270477295, 1.469961404800415, 1.165194034576416, 0.7610700726509094, 0.6278674602508545, 0.7207076549530029, 0.7206317186355591, 0.8106783032417297, 0.8948438167572021, 0.9551620483398438, 0.9387014508247375, 0.9033418297767639, 0.9879723191261292, 0.9499889612197876, 0.8772152662277222, 0.8318727612495422, 0.7466390132904053, 0.7991116046905518, 0.8638718128204346, 0.851714551448822];[-151.58682250976562, -59.68925857543945, -16.245906829833984, -7.687711238861084, -4.2996625900268555, -3.6885385513305664, -4.353420257568359, -4.421768665313721, -5.204425811767578, -5.76069450378418, -6.5261640548706055, -6.510629653930664, -6.031167507171631, -6.622567653656006, -6.38719367980957, -5.5759429931640625, -5.3555521965026855, -4.669583797454834, -4.861637592315674, -5.4065961837768555, -5.464255332946777]
800;[19.624168395996094, 8.409076690673828, 4.4174723625183105, 3.8641040325164795, 3.3011746406555176, 3.1646082401275635, 2.6247920989990234, 2.2360527515411377, 1.9626580476760864, 1.8909885883331299, 1.8099972009658813, 1.7429566383361816, 1.606879711151123, 1.7075082063674927, 1.8669296503067017, 1.8579133749008179, 1.8290340900421143, 1.74529230594635, 1.830847144126892, 1.9046798944473267, 1.8521620035171509];[1.5057421922683716, 1.1928348541259766, 1.003879189491272, 1.0629355907440186, 0.8726844787597656, 0.799485445022583, 0.6032851338386536, 0.4150996506214142, 0.2711544334888458, 0.23286300897598267, 0.19256004691123962, 0.15801513195037842, 0.08694390207529068, 0.14128190279006958, 0.2286812961101532, 0.2288055568933487, 0.20921999216079712, 0.16471686959266663, 0.20989933609962463, 0.2528267800807953, 0.22436441481113434];[-153.67041015625, -24.482707977294922, -9.03547477722168, -6.477035045623779, -5.230521202087402, -5.256261825561523, -3.6401641368865967, -2.756718397140503, -2.2274179458618164, -2.107536792755127, -1.980764627456665, -1.8761875629425049, -1.6604934930801392, -1.834019422531128, -2.1008718013763428, -2.0908806324005127, -2.0363211631774902, -1.9034638404846191, -2.064324378967285, -2.183123826980591, -2.0922598838806152]
850;[19.599803924560547, 8.309460639953613, 6.660376071929932, 2.5507657527923584, 1.957160472869873, 1.7106351852416992, 1.9772655963897705, 1.9085866212844849, 1.921852707862854, 1.9228640794754028, 2.0493123531341553, 1.8358427286148071, 1.8160502910614014, 1.9464341402053833, 1.8832690715789795, 1.8264697790145874, 1.761366844177246, 1.7720019817352295, 1.8068145513534546, 1.9538886547088623, 1.899254560470581];[1.506380558013916, 1.1876367330551147, 1.3765206336975098, 0.5275624990463257, 0.2476005107164383, 0.12619411945343018, 0.2723051905632019, 0.24032039940357208, 0.24988166987895966, 0.25131309032440186, 0.3212563991546631, 0.21171261370182037, 0.20194974541664124, 0.2745146155357361, 0.2371194064617157, 0.20691177248954773, 0.1707460731267929, 0.17810584604740143, 0.2002551406621933, 0.28019312024116516, 0.25111302733421326];[-156.58274841308594, -23.3948917388916, -16.00858497619629, -3.1756656169891357, -2.1839749813079834, -1.788862943649292, -2.2803423404693604, -2.199195384979248, -2.218773126602173, -2.245098352432251, -2.4615814685821533, -2.0452747344970703, -2.0361826419830322, -2.284306049346924, -2.1681675910949707, -2.0507378578186035, -1.9424597024917603, -1.9699941873550415, -2.021298885345459, -2.2888412475585938, -2.1903741359710693]
900;[19.611408233642578, 8.854500770568848, 6.942360877990723, 6.30215311050415, 6.4422478675842285, 5.611580848693848, 4.876370429992676, 4.162965774536133, 3.5046911239624023, 3.5799949169158936, 3.4229376316070557, 3.268880605697632, 3.151515007019043, 3.084421157836914, 2.8091061115264893, 2.5022881031036377, 2.1710801124572754, 2.0252068042755127, 1.8839294910430908, 1.7451657056808472, 1.6698088645935059];[1.50496506690979, 1.211830496788025, 1.5377274751663208, 1.538435459136963, 1.5599926710128784, 1.4679596424102783, 1.3458133935928345, 1.1912899017333984, 0.9817207455635071, 1.0003379583358765, 0.9272973537445068, 0.8580802083015442, 0.7995257377624512, 0.7633177042007446, 0.670052707195282, 0.5485367774963379, 0.39344456791877747, 0.3147776126861572, 0.2399788647890091, 0.16792576014995575, 0.12592759728431702];[-153.94790649414062, -30.59271240234375, -16.27556800842285, -17.075481414794922, -18.71851348876953, -14.506342887878418, -11.242413520812988, -8.200654983520508, -6.043503284454346, -6.474661827087402, -6.125427722930908, -5.801792621612549, -5.532637119293213, -5.423690319061279, -4.532919406890869, -3.6060519218444824, -2.787168264389038, -2.4625253677368164, -2.1798436641693115, -1.9163146018981934, -1.7818206548690796]
950;[19.618736267089844, 8.23814582824707, 6.9362382888793945, 3.9120616912841797, 4.0967607498168945, 3.965970516204834, 3.166431188583374, 2.7735657691955566, 2.3842320442199707, 2.2845849990844727, 2.058648109436035, 2.0133275985717773, 2.0929114818573, 2.205807685852051, 2.1475532054901123, 2.0710866451263428, 2.282869338989258, 2.236316204071045, 2.164340019226074, 2.013958215713501, 1.8961220979690552];[1.5050996541976929, 1.1886779069900513, 1.551375389099121, 0.8884569406509399, 1.0038330554962158, 0.9670074582099915, 0.7637871503829956, 0.6329914331436157, 0.476904034614563, 0.4370746612548828, 0.3278287947177887, 0.3068070113658905, 0.3484708368778229, 0.4139065444469452, 0.38070666790008545, 0.34236153960227966, 0.44972458481788635, 0.4341542422771454, 0.3915371596813202, 0.31115221977233887, 0.249064102768898];[-150.32244873046875, -22.420991897583008, -17.475971221923828, -7.92574405670166, -8.905763626098633, -8.73249340057373, -5.500239849090576, -4.347107887268066, -3.2469701766967773, -3.0169057846069336, -2.4984195232391357, -2.4126362800598145, -2.5322868824005127, -2.768084764480591, -2.6529040336608887, -2.506204605102539, -2.9550065994262695, -2.8841278553009033, -2.7345871925354004, -2.406736373901367, -2.1908910274505615]
1000;[19.583219528198242, 8.81456470489502, 6.284229278564453, 4.7966628074646, 4.149981498718262, 3.357989549636841, 2.774195671081543, 2.3092522621154785, 2.0412545204162598, 1.9557358026504517, 2.242867946624756, 2.6740753650665283, 3.1134698390960693, 3.3451623916625977, 3.1308605670928955, 3.057602882385254, 3.2183783054351807, 3.184380531311035, 3.097801446914673, 2.8569023609161377, 2.864797353744507];[1.5048176050186157, 1.2122907638549805, 1.3599568605422974, 1.2325286865234375, 1.0198822021484375, 0.8298566937446594, 0.6397226452827454, 0.44520652294158936, 0.31017062067985535, 0.26683521270751953, 0.42464005947113037, 0.646287739276886, 0.8258312940597534, 0.921235203742981, 0.8481178879737854, 0.8254711031913757, 0.8950492739677429, 0.8801916241645813, 0.8463406562805176, 0.7429969906806946, 0.7493032813072205];[-146.6394805908203, -30.824132919311523, -17.51215171813965, -10.932822227478027, -9.038457870483398, -6.038835525512695, -4.1358137130737305, -2.9621376991271973, -2.3881149291992188, -2.2392961978912354, -2.79521107673645, -3.851924180984497, -5.181972026824951, -5.882383823394775, -5.154757022857666, -4.939730644226074, -5.378605365753174, -5.276345729827881, -5.038265228271484, -4.365612983703613, -4.400326728820801]
1050;[19.599123001098633, 8.33424186706543, 4.509445667266846, 2.1017682552337646, 1.7908645868301392, 2.389944076538086, 2.091639280319214, 2.3168065547943115, 2.122626304626465, 2.052577018737793, 1.9748599529266357, 1.9834845066070557, 1.9501169919967651, 2.1517646312713623, 2.317739963531494, 2.227524757385254, 2.3144004344940186, 2.2452211380004883, 2.1660943031311035, 2.2557501792907715, 2.397587299346924];[1.5067322254180908, 1.1882233619689941, 1.0433566570281982, 0.30177250504493713, 0.165774405002594, 0.47734978795051575, 0.3372444808483124, 0.45996201038360596, 0.3545491099357605, 0.323253333568573, 0.28442662954330444, 0.28680500388145447, 0.27024292945861816, 0.37961310148239136, 0.4762052893638611, 0.42636287212371826, 0.47165557742118835, 0.43702462315559387, 0.39496201276779175, 0.441432923078537, 0.5132667422294617];[-149.36273193359375, -23.19900131225586, -8.963235855102539, -2.2740137577056885, -1.9006702899932861, -3.1921989917755127, -2.528930187225342, -2.9551143646240234, -2.5310637950897217, -2.417649030685425, -2.2904775142669678, -2.3052725791931152, -2.239598035812378, -2.646740436553955, -3.001768112182617, -2.793494939804077, -2.996307373046875, -2.8710849285125732, -2.713122606277466, -2.9089016914367676, -3.2882397174835205]
1100;[19.623069763183594, 8.717150688171387, 5.402751445770264, 3.35512113571167, 3.329317569732666, 3.514556646347046, 2.998781204223633, 2.728802442550659, 2.6948013305664062, 2.315950393676758, 2.161093235015869, 2.230698823928833, 2.1322028636932373, 1.9856626987457275, 2.024423837661743, 2.0200095176696777, 1.9933627843856812, 1.978887677192688, 1.9428280591964722, 1.9748492240905762, 2.0166611671447754];[1.5054816007614136, 1.2025247812271118, 1.145512342453003, 0.8015534281730652, 0.8680179119110107, 0.9378593564033508, 0.7665969133377075, 0.6588189601898193, 0.6426860094070435, 0.45386359095573425, 0.37925437092781067, 0.4140195846557617, 0.3713527023792267, 0.29551923274993896, 0.31572455167770386, 0.31586015224456787, 0.2962591052055359, 0.29185765981674194, 0.2752703130245209, 0.2889106273651123, 0.3121005892753601];[-154.11451721191406, -27.85104751586914, -14.30844497680664, -5.620072841644287, -5.511953353881836, -6.267952919006348, -4.647504806518555, -3.912564277648926, -3.8426196575164795, -3.077767848968506, -2.725259780883789, -2.9125542640686035, -2.6845529079437256, -2.367624282836914, -2.4248366355895996, -2.432128667831421, -2.389925718307495, -2.3527276515960693, -2.297696113586426, -2.363266706466675, -2.4235286712646484]
1150;[19.6011962890625, 11.068355560302734, 7.444606781005859, 5.164495944976807, 4.941216945648193, 3.694509983062744, 3.4107959270477295, 3.4561197757720947, 3.3581557273864746, 3.2525815963745117, 3.2217178344726562, 2.50298810005188, 2.249014377593994, 1.8688344955444336, 1.7767263650894165, 1.7637466192245483, 1.9424935579299927, 1.8004868030548096, 1.6533159017562866, 1.6469178199768066, 1.7032804489135742];[1.5053765773773193, 1.351523995399475, 1.5817992687225342, 1.1689022779464722, 1.101657509803772, 0.8842681646347046, 0.8245564103126526, 0.8529412746429443, 0.826720118522644, 0.7830082774162292, 0.7663353681564331, 0.5247241854667664, 0.425654798746109, 0.22865009307861328, 0.18055984377861023, 0.17350049316883087, 0.2710008919239044, 0.19790983200073242, 0.11615242063999176, 0.11099489033222198, 0.1428222507238388];[-153.02622985839844, -50.19224548339844, -19.373376846313477, -13.526288986206055, -13.780874252319336, -7.696733474731445, -6.621150970458984, -6.569104194641113, -6.431268692016602, -6.197244644165039, -6.15919303894043, -3.7490222454071045, -2.9954614639282227, -2.139582395553589, -1.9717787504196167, -1.940379023551941, -2.2968406677246094, -2.0211734771728516, -1.7534162998199463, -1.742608904838562, -1.8298194408416748]
1200;[19.607494354248047, 8.29773998260498, 4.46513557434082, 2.203801155090332, 1.9534611701965332, 1.6630204916000366, 1.673771619796753, 1.6191481351852417, 1.6482455730438232, 1.871854543685913, 1.8435887098312378, 1.8125261068344116, 2.038757801055908, 1.9840750694274902, 1.8979835510253906, 1.8770948648452759, 1.8429811000823975, 1.7952580451965332, 1.6894842386245728, 1.6396958827972412, 1.5836119651794434];[1.5042393207550049, 1.1822619438171387, 1.0711545944213867, 0.3550257980823517, 0.2563324570655823, 0.10467348992824554, 0.11324253678321838, 0.08867951482534409, 0.10562878847122192, 0.22055932879447937, 0.21197253465652466, 0.19850920140743256, 0.31747931241989136, 0.2927147150039673, 0.2518083453178406, 0.23950469493865967, 0.21882903575897217, 0.195135235786438, 0.13687211275100708, 0.11261305958032608, 0.07946745306253433];[-149.67286682128906, -22.847970962524414, -8.333194732666016, -2.456432342529297, -2.189586877822876, -1.7195773124694824, -1.7380263805389404, -1.6699436902999878, -1.7202852964401245, -2.0989913940429688, -2.05828595161438, -2.02272629737854, -2.475316047668457, -2.359708547592163, -2.2279341220855713, -2.1797292232513428, -2.101118564605713, -2.0245847702026367, -1.8219448328018188, -1.7579758167266846, -1.6506943702697754]
1250;[19.587186813354492, 11.172881126403809, 10.904483795166016, 6.727336883544922, 5.4843244552612305, 4.176399230957031, 3.56558895111084, 3.2157366275787354, 3.013779401779175, 2.7639758586883545, 2.4049370288848877, 2.1498725414276123, 2.0345475673675537, 1.8630893230438232, 1.7468032836914062, 1.745310664176941, 1.6033052206039429, 1.6631901264190674, 1.6767189502716064, 1.6698439121246338, 1.6434011459350586];[1.5069270133972168, 1.354067325592041, 1.5856558084487915, 1.525846242904663, 1.3823745250701904, 1.1574316024780273, 1.0037955045700073, 0.877319872379303, 0.8033279180526733, 0.685675859451294, 0.5110933184623718, 0.3774156868457794, 0.3187924325466156, 0.22288721799850464, 0.16302578151226044, 0.16486115753650665, 0.08671741187572479, 0.1184493750333786, 0.12987639009952545, 0.123788021504879, 0.1113165095448494];[-149.9051971435547, -52.38484191894531, -59.86903762817383, -20.067951202392578, -14.210714340209961, -8.298620223999023, -6.170894145965576, -5.142344951629639, -4.6639275550842285, -4.03099250793457, -3.1585135459899902, -2.6133151054382324, -2.4212758541107178, -2.093121290206909, -1.9001822471618652, -1.9107104539871216, -1.6750237941741943, -1.7662962675094604, -1.795170545578003, -1.784397006034851, -1.7418292760849]
1300;[19.600337982177734, 11.508491516113281, 10.809675216674805, 5.345421314239502, 3.1771974563598633, 3.3960564136505127, 3.3755669593811035, 2.7836759090423584, 2.5414133071899414, 2.7003395557403564, 2.8371057510375977, 2.8188412189483643, 2.7784829139709473, 2.750518560409546, 3.0847008228302, 2.916766405105591, 2.9162023067474365, 2.8836004734039307, 2.6351983547210693, 2.367628812789917, 2.323601484298706];[1.5058543682098389, 1.313673973083496, 1.4233157634735107, 1.1955126523971558, 0.7782789468765259, 0.8566344976425171, 0.8367031812667847, 0.6442151665687561, 0.5514994859695435, 0.6083899140357971, 0.6798880100250244, 0.6752716302871704, 0.661543607711792, 0.6465467810630798, 0.765422523021698, 0.704501211643219, 0.7144756317138672, 0.7043222188949585, 0.6110151410102844, 0.4889419972896576, 0.47691813111305237];[-148.8936767578125, -62.425132751464844, -66.29137420654297, -14.647974014282227, -5.207688808441162, -6.168889045715332, -6.305881977081299, -4.247004985809326, -3.721590280532837, -4.183503150939941, -4.5388922691345215, -4.526390552520752, -4.411405563354492, -4.351607322692871, -5.523672103881836, -4.955320358276367, -4.8821187019348145, -4.786087989807129, -3.9864447116851807, -3.250701904296875, -3.1019818782806396]
1350;[19.606346130371094, 11.86790657043457, 6.467249870300293, 3.5366077423095703, 3.2639496326446533, 3.02288818359375, 3.219350576400757, 2.845078945159912, 2.467390537261963, 2.637110948562622, 2.7503693103790283, 2.7878646850585938, 3.0647265911102295, 2.9305193424224854, 2.894883632659912, 3.034724473953247, 3.0767760276794434, 2.879157066345215, 2.924356460571289, 2.7485458850860596, 2.7982940673828125];[1.5064271688461304, 1.3240363597869873, 1.1655596494674683, 0.7808627486228943, 0.7695017457008362, 0.681154727935791, 0.7475795149803162, 0.636982798576355, 0.5029503703117371, 0.5729313492774963, 0.6278445720672607, 0.6399957537651062, 0.7349693179130554, 0.6873500347137451, 0.6793763637542725, 0.7459883093833923, 0.7612722516059875, 0.6956026554107666, 0.7291404604911804, 0.6652185320854187, 0.6847695112228394];[-158.31321716308594, -70.97652435302734, -21.49581527709961, -6.664658069610596, -5.8067097663879395, -5.201066493988037, -6.12546443939209, -4.786866188049316, -3.621555805206299, -4.130720138549805, -4.38878870010376, -4.551589012145996, -5.511504650115967, -5.111300945281982, -4.9819416999816895, -5.316036224365234, -5.4389967918396, -4.799320220947266, -4.844194412231445, -4.268527030944824, -4.421575546264648]
1400;[19.60564422607422, 11.102093696594238, 6.896826267242432, 3.5985682010650635, 2.6634292602539062, 2.4526865482330322, 2.27500319480896, 2.1584832668304443, 2.1480488777160645, 2.1021196842193604, 2.2649688720703125, 2.2553679943084717, 2.557950973510742, 2.4380874633789062, 2.5992002487182617, 2.8126840591430664, 2.6648828983306885, 2.5112757682800293, 2.6324045658111572, 2.589078664779663, 2.5442869663238525];[1.5068955421447754, 1.3398138284683228, 1.5399222373962402, 0.9732993841171265, 0.6115738153457642, 0.5182172656059265, 0.43526142835617065, 0.371985524892807, 0.3708260655403137, 0.3534553647041321, 0.4441799521446228, 0.4371437728404999, 0.5871139764785767, 0.5346515774726868, 0.6115840673446655, 0.7181429266929626, 0.6533129215240479, 0.5768279433250427, 0.6363815665245056, 0.6157364845275879, 0.5932794809341431];[-152.33116149902344, -54.230342864990234, -16.500478744506836, -5.7522969245910645, -3.5492477416992188, -3.1714675426483154, -2.8227148056030273, -2.5961215496063232, -2.579791307449341, -2.5224525928497314, -2.8676726818084717, -2.8464691638946533, -3.5417544841766357, -3.281665563583374, -3.688136577606201, -4.243457794189453, -3.8588814735412598, -3.4558398723602295, -3.7808871269226074, -3.674462080001831, -3.5705513954162598]
1450;[19.62308120727539, 11.209250450134277, 6.650770664215088, 3.5917303562164307, 3.3816089630126953, 3.127324104309082, 2.382061004638672, 2.0317633152008057, 1.9608330726623535, 2.0783426761627197, 2.112314462661743, 2.190930128097534, 2.252176523208618, 1.9908572435379028, 1.8867483139038086, 1.8685784339904785, 1.7905151844024658, 1.9875015020370483, 1.9910027980804443, 1.8009123802185059, 1.9302157163619995];[1.5109329223632812, 1.3219599723815918, 1.500302791595459, 0.9179278612136841, 0.8647905588150024, 0.7472683787345886, 0.4766406714916229, 0.3037772476673126, 0.2727881669998169, 0.3389144241809845, 0.3516457676887512, 0.39949676394462585, 0.44049322605133057, 0.29375019669532776, 0.23758041858673096, 0.22977520525455475, 0.18933574855327606, 0.2972341477870941, 0.29836753010749817, 0.19726094603538513, 0.26752859354019165];[-152.7705535888672, -56.68622970581055, -16.295114517211914, -5.900769233703613, -5.827804088592529, -5.387159824371338, -3.1806366443634033, -2.4189634323120117, -2.2976300716400146, -2.5009565353393555, -2.5871245861053467, -2.7197141647338867, -2.874025583267212, -2.3197693824768066, -2.14267635345459, -2.114152669906616, -1.9751263856887817, -2.3443520069122314, -2.3598268032073975, -2.007291793823242, -2.255439043045044]
1500;[19.61345863342285, 11.444343566894531, 10.849809646606445, 5.413393974304199, 3.5516140460968018, 3.594080924987793, 3.8978793621063232, 3.5777220726013184, 3.1331677436828613, 3.424398899078369, 3.30250883102417, 3.047196388244629, 2.834127426147461, 2.540144920349121, 2.3856942653656006, 2.191052198410034, 2.084777593612671, 2.0254201889038086, 1.8797715902328491, 1.9608362913131714, 1.9064319133758545];[1.5054144859313965, 1.3163963556289673, 1.5191078186035156, 1.3112974166870117, 0.971025824546814, 1.0029393434524536, 1.1106700897216797, 0.9981056451797485, 0.8441590666770935, 0.9668132066726685, 0.9239959120750427, 0.822471022605896, 0.718428373336792, 0.584475040435791, 0.5067895650863647, 0.4087013900279999, 0.3496812582015991, 0.31652945280075073, 0.24010495841503143, 0.2839961349964142, 0.2547737658023834];[-153.07765197753906, -61.41911315917969, -61.785343170166016, -13.473215103149414, -5.916634559631348, -6.263824939727783, -7.391763687133789, -6.442408561706543, -4.991000175476074, -5.847440242767334, -5.5941057205200195, -4.863831043243408, -4.345081329345703, -3.536121129989624, -3.200279951095581, -2.760974407196045, -2.5511631965637207, -2.439950704574585, -2.1549289226531982, -2.316903591156006, -2.211529493331909]
