Seed;RMSE History;MMD History;Log-Likelihood History
50;[16.457935333251953, 9.685998916625977, 7.099844932556152, 4.746868133544922, 3.741156578063965, 3.1494393348693848, 2.959066152572632, 2.875678300857544, 2.674267530441284, 2.5862371921539307, 2.4940245151519775, 2.4625675678253174, 2.3835833072662354, 2.400658130645752, 2.435239315032959, 2.4810779094696045, 2.401918411254883, 2.3360207080841064, 2.4040966033935547, 2.399242877960205, 2.379166603088379];[1.3664692640304565, 1.177578091621399, 1.1760462522506714, 0.9004864692687988, 0.6431915760040283, 0.4387347400188446, 0.3718147277832031, 0.34109991788864136, 0.2551648020744324, 0.21915484964847565, 0.1857662796974182, 0.16843414306640625, 0.1321849375963211, 0.14054490625858307, 0.1579681634902954, 0.18064555525779724, 0.14792566001415253, 0.12424346804618835, 0.14939503371715546, 0.1473958045244217, 0.13598930835723877];[-73.45442199707031, -21.599750518798828, -15.100273132324219, -6.7708916664123535, -4.64850378036499, -3.619032621383667, -3.333479642868042, -3.2232799530029297, -2.899515151977539, -2.769036054611206, -2.621286630630493, -2.599263906478882, -2.4772796630859375, -2.5101330280303955, -2.576101064682007, -2.633833885192871, -2.539515495300293, -2.428438663482666, -2.542609453201294, -2.520327091217041, -2.500322103500366]
100;[16.432859420776367, 9.68050765991211, 8.403441429138184, 4.401906490325928, 3.212080955505371, 2.9167861938476562, 2.6122727394104004, 2.5085952281951904, 2.4205453395843506, 2.3064041137695312, 2.276904344558716, 2.272209644317627, 2.252805233001709, 2.2003142833709717, 2.3115434646606445, 2.261545419692993, 2.2193665504455566, 2.208439350128174, 2.1794326305389404, 2.188749313354492, 2.1882517337799072];[1.3662739992141724, 1.1749838590621948, 1.3638763427734375, 0.7947011590003967, 0.45157039165496826, 0.3486216068267822, 0.21722662448883057, 0.17809350788593292, 0.1426609307527542, 0.08987069129943848, 0.0844094529747963, 0.08100993931293488, 0.06965965032577515, 0.04617305099964142, 0.10091377049684525, 0.07746268063783646, 0.061583053320646286, 0.05434034764766693, 0.049915626645088196, 0.051762767136096954, 0.05084228515625];[-72.65760040283203, -21.804319381713867, -16.63402557373047, -5.788646697998047, -3.6770474910736084, -3.229109764099121, -2.7245709896087646, -2.6030828952789307, -2.4849042892456055, -2.3201308250427246, -2.3083128929138184, -2.3052895069122314, -2.2760939598083496, -2.1983609199523926, -2.3728444576263428, -2.3064374923706055, -2.2498040199279785, -2.2264349460601807, -2.1958837509155273, -2.2149510383605957, -2.211008071899414]
150;[16.43834686279297, 11.907048225402832, 8.225452423095703, 6.3106818199157715, 5.1254472732543945, 4.722603797912598, 4.3403544425964355, 3.5631213188171387, 2.8543860912323, 2.858489990234375, 2.7587532997131348, 2.6984190940856934, 2.4895806312561035, 2.347276210784912, 2.2942981719970703, 2.2146077156066895, 2.169294595718384, 2.1335675716400146, 2.117495536804199, 2.1461000442504883, 2.157109260559082];[1.3703761100769043, 1.274117350578308, 1.2577463388442993, 1.1341774463653564, 0.9478000402450562, 0.8775708675384521, 0.7590882778167725, 0.5637404322624207, 0.3242109715938568, 0.3311846852302551, 0.2930639386177063, 0.26908743381500244, 0.18151652812957764, 0.11812994629144669, 0.09412513673305511, 0.061292342841625214, 0.035718370229005814, 0.024152109399437904, 0.01910519227385521, 0.02497076243162155, 0.028341006487607956];[-71.99467468261719, -46.324623107910156, -21.240304946899414, -12.572113990783691, -8.904047966003418, -7.87992000579834, -7.094698429107666, -4.874528408050537, -3.268446922302246, -3.257542133331299, -3.102761745452881, -3.016117811203003, -2.6625466346740723, -2.4311468601226807, -2.3553147315979004, -2.246415615081787, -2.1749250888824463, -2.121574640274048, -2.107414960861206, -2.1388776302337646, -2.158431053161621]
200;[16.43805503845215, 9.633517265319824, 8.377496719360352, 8.231464385986328, 8.209635734558105, 8.237447738647461, 8.177292823791504, 8.150959014892578, 5.050543308258057, 2.984934091567993, 2.9091687202453613, 2.8845343589782715, 2.553419828414917, 2.455564260482788, 2.414363145828247, 2.4180774688720703, 2.2777411937713623, 2.364928722381592, 2.380890369415283, 2.3501365184783936, 2.261458396911621];[1.3676366806030273, 1.1740500926971436, 1.3696837425231934, 1.2773303985595703, 1.2513655424118042, 1.266984224319458, 1.250838041305542, 1.2443132400512695, 0.9077976942062378, 0.3810262680053711, 0.35325583815574646, 0.347046434879303, 0.20873773097991943, 0.1645144522190094, 0.1470497101545334, 0.15178586542606354, 0.09042558819055557, 0.12730783224105835, 0.14023557305335999, 0.12136605381965637, 0.08040394634008408];[-73.33580780029297, -22.183435440063477, -16.522138595581055, -24.127147674560547, -25.322948455810547, -26.157032012939453, -26.780874252319336, -26.6558895111084, -9.84592342376709, -3.5409128665924072, -3.4046740531921387, -3.3746044635772705, -2.7471442222595215, -2.581965923309326, -2.548170804977417, -2.545095920562744, -2.3385207653045654, -2.4631381034851074, -2.5088469982147217, -2.448227882385254, -2.319195508956909]
250;[16.437007904052734, 12.166027069091797, 11.656760215759277, 11.62518310546875, 7.993967056274414, 6.467806339263916, 5.662146091461182, 4.067566394805908, 3.077183723449707, 2.7120370864868164, 2.6406965255737305, 2.6276044845581055, 2.515791893005371, 2.500030517578125, 2.430018663406372, 2.403564691543579, 2.4045498371124268, 2.313977003097534, 2.271009683609009, 2.24857759475708, 2.2375893592834473];[1.3703639507293701, 1.2702569961547852, 1.3367714881896973, 1.3589342832565308, 1.1815646886825562, 1.0751659870147705, 0.9811237454414368, 0.7077687978744507, 0.41143128275871277, 0.27430543303489685, 0.24467816948890686, 0.24139466881752014, 0.18835808336734772, 0.19209475815296173, 0.1583363562822342, 0.14838890731334686, 0.14299993216991425, 0.10550186783075333, 0.08299467712640762, 0.07864691317081451, 0.07371892780065536];[-73.51893615722656, -51.676692962646484, -54.32960510253906, -54.36448287963867, -24.498430252075195, -15.844978332519531, -12.270581245422363, -6.27163553237915, -3.6826393604278564, -3.0048820972442627, -2.9017341136932373, -2.8960466384887695, -2.6913459300994873, -2.6802563667297363, -2.564701795578003, -2.521362781524658, -2.540797472000122, -2.389629364013672, -2.319336414337158, -2.3034822940826416, -2.2940685749053955]
300;[16.454437255859375, 9.674405097961426, 6.8422040939331055, 5.427436351776123, 4.8385210037231445, 3.575979709625244, 2.920689105987549, 2.7027008533477783, 2.598559856414795, 2.4644336700439453, 2.4906420707702637, 2.481440544128418, 2.4439499378204346, 2.3793320655822754, 2.3728418350219727, 2.355623483657837, 2.291301965713501, 2.2595884799957275, 2.250699043273926, 2.2303316593170166, 2.2306413650512695];[1.3678582906723022, 1.180633783340454, 1.0950360298156738, 0.9328263998031616, 0.8636584281921387, 0.5706499218940735, 0.34994420409202576, 0.2608073055744171, 0.22036264836788177, 0.1646338850259781, 0.18149948120117188, 0.17637565732002258, 0.1616753190755844, 0.13670922815799713, 0.13463519513607025, 0.12924084067344666, 0.09908542037010193, 0.08086520433425903, 0.07787726819515228, 0.06837102770805359, 0.0694117471575737];[-71.66529083251953, -19.90605354309082, -15.661388397216797, -10.232474327087402, -8.239274024963379, -4.551395416259766, -3.2667760848999023, -2.9413652420043945, -2.7773053646087646, -2.5614511966705322, -2.628678560256958, -2.6211516857147217, -2.5656321048736572, -2.4821484088897705, -2.47349214553833, -2.464956283569336, -2.35693097114563, -2.309943437576294, -2.2941622734069824, -2.270660400390625, -2.2784464359283447]
350;[16.454273223876953, 9.707172393798828, 7.283203125, 5.197727203369141, 4.317065715789795, 4.004687786102295, 3.889570951461792, 3.528834581375122, 3.066507577896118, 3.0312421321868896, 2.9933578968048096, 2.880448579788208, 2.786797523498535, 2.7078747749328613, 2.700579881668091, 2.629132032394409, 2.5481293201446533, 2.5165698528289795, 2.4279816150665283, 2.489828586578369, 2.50577449798584];[1.3681061267852783, 1.182518720626831, 1.2467641830444336, 1.0195666551589966, 0.8176160454750061, 0.7272712588310242, 0.6894788146018982, 0.5878759622573853, 0.4216110110282898, 0.4067138731479645, 0.4005666673183441, 0.3484550416469574, 0.31142953038215637, 0.27878254652023315, 0.27640604972839355, 0.25024640560150146, 0.2182079702615738, 0.19900374114513397, 0.1585346758365631, 0.18621163070201874, 0.197369784116745];[-71.6885757446289, -22.67919921875, -15.632863998413086, -8.025796890258789, -6.191659450531006, -5.679942607879639, -5.455589771270752, -4.593582630157471, -3.6026535034179688, -3.55133056640625, -3.520376682281494, -3.3147764205932617, -3.158237934112549, -3.0276739597320557, -3.010244131088257, -2.9049692153930664, -2.76546049118042, -2.7058539390563965, -2.575676918029785, -2.6688432693481445, -2.724376916885376]
400;[16.441415786743164, 11.904789924621582, 11.50175666809082, 11.434050559997559, 11.44433879852295, 7.941440582275391, 6.2624688148498535, 4.112320423126221, 3.292370080947876, 3.038644790649414, 3.004337787628174, 2.9288721084594727, 2.631850481033325, 2.4454245567321777, 2.3948612213134766, 2.266221761703491, 2.2879772186279297, 2.2840096950531006, 2.225663661956787, 2.2549071311950684, 2.2259316444396973];[1.3683990240097046, 1.2658623456954956, 1.3622604608535767, 1.3829959630966187, 1.394983172416687, 1.2240643501281738, 1.0495524406433105, 0.7046440839767456, 0.4809962809085846, 0.39476561546325684, 0.38813164830207825, 0.3550395965576172, 0.240566685795784, 0.16062813997268677, 0.1415386199951172, 0.07953908294439316, 0.09256967902183533, 0.09676256775856018, 0.06314025074243546, 0.08139657229185104, 0.07079249620437622];[-71.52444458007812, -49.11654281616211, -51.4025993347168, -51.53107452392578, -53.055519104003906, -23.936281204223633, -15.181204795837402, -6.399428844451904, -4.273124694824219, -3.673555612564087, -3.6222193241119385, -3.503277063369751, -2.9128658771514893, -2.5881757736206055, -2.5132274627685547, -2.3087856769561768, -2.3554787635803223, -2.344141721725464, -2.263199806213379, -2.322810411453247, -2.274296522140503]
450;[16.430538177490234, 9.645525932312012, 6.767482280731201, 5.299671649932861, 4.685315132141113, 3.2378242015838623, 2.513767957687378, 2.458197832107544, 2.3924930095672607, 2.2470955848693848, 2.1520187854766846, 2.171766996383667, 2.2222321033477783, 2.2071502208709717, 2.1989972591400146, 2.2642431259155273, 2.231480360031128, 2.1884288787841797, 2.1885199546813965, 2.1602609157562256, 2.1348650455474854];[1.367666482925415, 1.1778945922851562, 1.0821858644485474, 0.8831434845924377, 0.7951652407646179, 0.449931800365448, 0.18308262526988983, 0.16084450483322144, 0.12650136649608612, 0.06526729464530945, 0.02826719358563423, 0.035863667726516724, 0.06560999155044556, 0.054321158677339554, 0.05475807562470436, 0.08234447240829468, 0.06367235630750656, 0.047449368983507156, 0.049338649958372116, 0.0330486074090004, 0.02655496448278427];[-72.12503051757812, -21.78878402709961, -14.732980728149414, -9.751147270202637, -7.930150032043457, -3.9442949295043945, -2.6296095848083496, -2.5332698822021484, -2.4567973613739014, -2.2428500652313232, -2.1137499809265137, -2.160193681716919, -2.2406787872314453, -2.2164788246154785, -2.2063093185424805, -2.306164503097534, -2.253520965576172, -2.200857639312744, -2.2063779830932617, -2.151121139526367, -2.1364710330963135]
500;[16.416690826416016, 12.025672912597656, 8.17199420928955, 4.825304985046387, 3.252777099609375, 2.499411106109619, 2.337703227996826, 2.2601842880249023, 2.2866029739379883, 2.207179307937622, 2.1617655754089355, 2.142146110534668, 2.1517133712768555, 2.130017042160034, 2.111347198486328, 2.119302749633789, 2.138658046722412, 2.143615961074829, 2.1502013206481934, 2.137237071990967, 2.152139663696289];[1.366329550743103, 1.263440728187561, 1.1800309419631958, 0.8419407606124878, 0.44588416814804077, 0.16204310953617096, 0.0966174528002739, 0.06714463979005814, 0.08171708881855011, 0.04679376631975174, 0.033522721379995346, 0.01694752275943756, 0.018338151276111603, 0.014930651523172855, 0.010041880421340466, 0.011150249280035496, 0.02028830535709858, 0.023852603510022163, 0.028902703896164894, 0.02136380225419998, 0.02994847297668457];[-72.73931121826172, -49.037784576416016, -22.186420440673828, -7.134397983551025, -3.7819368839263916, -2.5099494457244873, -2.3289785385131836, -2.2314631938934326, -2.2749874591827393, -2.192486524581909, -2.141896963119507, -2.1132004261016846, -2.1209638118743896, -2.100036382675171, -2.0746657848358154, -2.0991623401641846, -2.123309850692749, -2.141960859298706, -2.1467363834381104, -2.133307456970215, -2.1636526584625244]
550;[16.461767196655273, 11.898835182189941, 11.487059593200684, 7.8252644538879395, 6.127459526062012, 3.8589019775390625, 2.799826145172119, 2.629642963409424, 2.6445531845092773, 2.553123712539673, 2.529165744781494, 2.5087697505950928, 2.5098483562469482, 2.479470729827881, 2.2849252223968506, 2.243644952774048, 2.236574411392212, 2.2347257137298584, 2.2132134437561035, 2.1887216567993164, 2.176802635192871];[1.370705246925354, 1.2636852264404297, 1.3739160299301147, 1.220094919204712, 1.0659816265106201, 0.6555474996566772, 0.2959105372428894, 0.22906935214996338, 0.2393784373998642, 0.20545870065689087, 0.19660882651805878, 0.1907295286655426, 0.18834973871707916, 0.1748998612165451, 0.0907955914735794, 0.06941663473844528, 0.07139674574136734, 0.07112237066030502, 0.05822338908910751, 0.05041439086198807, 0.04138496518135071];[-72.1158676147461, -45.440895080566406, -50.147987365722656, -21.842113494873047, -13.296683311462402, -5.256735324859619, -3.0321462154388428, -2.778477430343628, -2.8542280197143555, -2.7114169597625732, -2.6932930946350098, -2.6746110916137695, -2.674163818359375, -2.6494688987731934, -2.350365161895752, -2.277165412902832, -2.2772789001464844, -2.2590301036834717, -2.240633726119995, -2.208148956298828, -2.1889517307281494]
600;[16.445796966552734, 11.810606956481934, 8.282332420349121, 6.001159191131592, 3.9119129180908203, 2.7875943183898926, 2.418712615966797, 2.3606560230255127, 2.3246257305145264, 2.115779161453247, 2.133572816848755, 2.1072025299072266, 2.1264255046844482, 2.128248453140259, 2.1145241260528564, 2.1344776153564453, 2.129458427429199, 2.117147445678711, 2.1057217121124268, 2.098964214324951, 2.1031980514526367];[1.366222858428955, 1.2685760259628296, 1.2754607200622559, 1.0288320779800415, 0.6523303389549255, 0.2799806594848633, 0.13154682517051697, 0.11177390068769455, 0.097580187022686, 0.00760235358029604, 0.013171527534723282, 0.006104814819991589, 0.013564429245889187, 0.02390105649828911, 0.016996964812278748, 0.01882130838930607, 0.016423627734184265, 0.010072281584143639, 0.007222747430205345, 0.0064155347645282745, 0.01039973832666874];[-73.1614761352539, -45.16978073120117, -20.534643173217773, -12.248828887939453, -5.186032772064209, -2.9358158111572266, -2.4317362308502197, -2.371088743209839, -2.348215103149414, -2.069257974624634, -2.0888354778289795, -2.0566353797912598, -2.0907022953033447, -2.1059389114379883, -2.0979666709899902, -2.1136226654052734, -2.110349416732788, -2.1006836891174316, -2.0858261585235596, -2.0759191513061523, -2.0955824851989746]
650;[16.45193099975586, 11.963374137878418, 8.184908866882324, 6.302654266357422, 3.8962018489837646, 3.295635938644409, 3.017657518386841, 2.802936315536499, 2.5794589519500732, 2.498715877532959, 2.4944212436676025, 2.3968610763549805, 2.3435168266296387, 2.2966811656951904, 2.218144416809082, 2.201613664627075, 2.2071964740753174, 2.195075035095215, 2.1575357913970947, 2.197877883911133, 2.2008674144744873];[1.3663195371627808, 1.2720602750778198, 1.188306212425232, 1.058181881904602, 0.6423634886741638, 0.4807538688182831, 0.3894084692001343, 0.3092985153198242, 0.21211236715316772, 0.17675133049488068, 0.1789996176958084, 0.14122962951660156, 0.11272376775741577, 0.09565860778093338, 0.0656300038099289, 0.05022411048412323, 0.050647955387830734, 0.05212666094303131, 0.03620520606637001, 0.04942924529314041, 0.05344250798225403];[-72.22311401367188, -49.3791389465332, -22.025917053222656, -13.934444427490234, -5.2118706703186035, -4.003452777862549, -3.4954898357391357, -3.141136407852173, -2.748486042022705, -2.6381378173828125, -2.6360111236572266, -2.501278877258301, -2.41178560256958, -2.352142095565796, -2.2452094554901123, -2.2030837535858154, -2.2186784744262695, -2.2150473594665527, -2.157252550125122, -2.224349021911621, -2.230056047439575]
700;[16.44110870361328, 9.690713882446289, 8.349503517150879, 4.490660190582275, 3.934281349182129, 3.5326015949249268, 3.126917839050293, 2.921736478805542, 2.7992899417877197, 2.7069787979125977, 2.6207714080810547, 2.484070062637329, 2.4532549381256104, 2.4897100925445557, 2.5016558170318604, 2.393707752227783, 2.386812210083008, 2.3790674209594727, 2.3416712284088135, 2.3146915435791016, 2.2975335121154785];[1.368178367614746, 1.1815861463546753, 1.362245798110962, 0.8424273729324341, 0.7056947350502014, 0.5810518860816956, 0.43581730127334595, 0.35657620429992676, 0.3067481517791748, 0.27617016434669495, 0.23693756759166718, 0.17851589620113373, 0.163610577583313, 0.18592523038387299, 0.19102320075035095, 0.14109309017658234, 0.13621017336845398, 0.13388995826244354, 0.12185628712177277, 0.11020712554454803, 0.10070838034152985];[-70.58049774169922, -21.986217498779297, -16.093278884887695, -6.1301727294921875, -5.116951942443848, -4.464054107666016, -3.640228271484375, -3.3290157318115234, -3.089715003967285, -2.9693846702575684, -2.8223018646240234, -2.611515760421753, -2.576748847961426, -2.6416962146759033, -2.671431541442871, -2.512101411819458, -2.5060644149780273, -2.496950149536133, -2.439027786254883, -2.4075767993927, -2.3795769214630127]
750;[16.441638946533203, 11.992408752441406, 11.528081893920898, 7.817975997924805, 6.170717239379883, 3.8603742122650146, 2.918292284011841, 2.630653142929077, 2.4363510608673096, 2.377391815185547, 2.3638694286346436, 2.345095634460449, 2.3469982147216797, 2.375709295272827, 2.3945815563201904, 2.3452250957489014, 2.29732608795166, 2.262004852294922, 2.3332936763763428, 2.255924701690674, 2.2528743743896484];[1.3659892082214355, 1.2679060697555542, 1.3619287014007568, 1.1958125829696655, 1.035328984260559, 0.6429566144943237, 0.3428172171115875, 0.22939296066761017, 0.14522646367549896, 0.12592600286006927, 0.11880361288785934, 0.11147019267082214, 0.12010731548070908, 0.12717068195343018, 0.13969802856445312, 0.11893227696418762, 0.09568092226982117, 0.08746571838855743, 0.11456499993801117, 0.07273255288600922, 0.07562917470932007];[-68.30420684814453, -49.184444427490234, -50.520751953125, -21.928207397460938, -13.841565132141113, -5.334482192993164, -3.27445125579834, -2.8301682472229004, -2.4968132972717285, -2.432323455810547, -2.4142906665802, -2.4004294872283936, -2.425182580947876, -2.4557693004608154, -2.5042624473571777, -2.4272234439849854, -2.3564512729644775, -2.315932512283325, -2.418872594833374, -2.3019819259643555, -2.3095548152923584]
800;[16.437623977661133, 11.86782455444336, 11.434536933898926, 11.508637428283691, 11.506670951843262, 8.053750038146973, 6.418601036071777, 4.241816997528076, 3.4402050971984863, 3.1711020469665527, 3.0348033905029297, 2.5927672386169434, 2.3311891555786133, 2.2952070236206055, 2.2116546630859375, 2.1597487926483154, 2.1724436283111572, 2.186891555786133, 2.204507350921631, 2.181987762451172, 2.1719865798950195];[1.3679994344711304, 1.2672327756881714, 1.4084210395812988, 1.380902886390686, 1.3912136554718018, 1.2368758916854858, 1.0707345008850098, 0.7353120446205139, 0.5438138842582703, 0.45553287863731384, 0.4013369679450989, 0.21925613284111023, 0.10786423832178116, 0.0958838239312172, 0.05842820554971695, 0.03440007567405701, 0.038932573050260544, 0.047261644154787064, 0.05249997600913048, 0.049562763422727585, 0.04187055677175522];[-72.12739562988281, -44.53885269165039, -47.61909103393555, -51.950714111328125, -53.497398376464844, -24.770357131958008, -15.864055633544922, -6.748510360717773, -4.52141809463501, -3.932213068008423, -3.6739542484283447, -2.8125715255737305, -2.3805370330810547, -2.351901054382324, -2.2385971546173096, -2.147223472595215, -2.175001621246338, -2.203704595565796, -2.2238500118255615, -2.195430040359497, -2.1819679737091064]
850;[16.456480026245117, 9.619502067565918, 6.9002203941345215, 4.272313594818115, 3.260514259338379, 3.4272377490997314, 3.274616003036499, 3.063124418258667, 2.803940773010254, 2.7697205543518066, 2.544513463973999, 2.498027801513672, 2.3954131603240967, 2.3156206607818604, 2.270688533782959, 2.315424919128418, 2.218461513519287, 2.178077459335327, 2.181367874145508, 2.1780600547790527, 2.1483070850372314];[1.368493676185608, 1.1750177145004272, 1.1567270755767822, 0.7640531063079834, 0.4684866666793823, 0.549710750579834, 0.4954061508178711, 0.4204494059085846, 0.3145187795162201, 0.29940417408943176, 0.20554643869400024, 0.1804293841123581, 0.13425134122371674, 0.10303405672311783, 0.08153107762336731, 0.09699773043394089, 0.05948686972260475, 0.04257265478372574, 0.04384617507457733, 0.038926538079977036, 0.03075638972222805];[-71.09609985351562, -21.38528823852539, -14.636785507202148, -5.4567413330078125, -3.6936118602752686, -4.151501655578613, -3.884589910507202, -3.5484931468963623, -3.113997220993042, -3.04976749420166, -2.7140979766845703, -2.639139175415039, -2.4786555767059326, -2.361612319946289, -2.3099241256713867, -2.3753788471221924, -2.2412004470825195, -2.191175699234009, -2.1874279975891113, -2.1765236854553223, -2.1524336338043213]
900;[16.432239532470703, 11.821878433227539, 11.483747482299805, 11.48143196105957, 11.443045616149902, 11.473310470581055, 8.169342041015625, 6.799962043762207, 4.374261856079102, 3.0678420066833496, 2.615048885345459, 2.526756525039673, 2.3987889289855957, 2.2956418991088867, 2.326510190963745, 2.3456807136535645, 2.341630458831787, 2.3735158443450928, 2.346156597137451, 2.320382595062256, 2.353431224822998];[1.3673170804977417, 1.2719435691833496, 1.3728693723678589, 1.3754057884216309, 1.4025895595550537, 1.4004414081573486, 1.2376095056533813, 1.1209540367126465, 0.7754712104797363, 0.4014737606048584, 0.22793176770210266, 0.1951935589313507, 0.13762983679771423, 0.09190620481967926, 0.1091127023100853, 0.11878571659326553, 0.1144893616437912, 0.1304101049900055, 0.12139339745044708, 0.11533338576555252, 0.13080695271492004];[-71.49020385742188, -47.06281280517578, -51.21098327636719, -52.15407180786133, -52.87113952636719, -53.77662658691406, -26.127904891967773, -18.27254295349121, -7.204106330871582, -3.7498340606689453, -2.8534789085388184, -2.7127816677093506, -2.4980697631835938, -2.348454236984253, -2.4078071117401123, -2.4356513023376465, -2.4288082122802734, -2.4808242321014404, -2.44374942779541, -2.4171462059020996, -2.469618558883667]
950;[16.42078971862793, 11.734705924987793, 11.443451881408691, 11.475739479064941, 7.914045333862305, 4.76689338684082, 3.3445394039154053, 2.942106246948242, 2.6149160861968994, 2.3970232009887695, 2.352607488632202, 2.2981789112091064, 2.2736754417419434, 2.215120792388916, 2.1785755157470703, 2.1371572017669678, 2.163085699081421, 2.140362501144409, 2.146035671234131, 2.132554531097412, 2.14644193649292];[1.3639811277389526, 1.279525637626648, 1.4102314710617065, 1.4375919103622437, 1.2867097854614258, 0.9063924551010132, 0.5082136988639832, 0.3608304560184479, 0.22825008630752563, 0.13081516325473785, 0.11748531460762024, 0.0904521569609642, 0.08523735404014587, 0.059734612703323364, 0.039483461529016495, 0.027075137943029404, 0.035302117466926575, 0.024376368150115013, 0.023781152442097664, 0.025566771626472473, 0.025634542107582092];[-69.89213562011719, -42.787105560302734, -47.611366271972656, -51.0955810546875, -21.974885940551758, -7.67277717590332, -4.085738658905029, -3.3438963890075684, -2.794508695602417, -2.4592039585113525, -2.409074068069458, -2.333310604095459, -2.3042945861816406, -2.222384214401245, -2.1802635192871094, -2.1354081630706787, -2.1630101203918457, -2.13730525970459, -2.1463863849639893, -2.1308486461639404, -2.144388198852539]
1000;[16.473438262939453, 12.038843154907227, 8.228676795959473, 6.329469203948975, 5.461252212524414, 3.4813921451568604, 2.892577886581421, 2.617509126663208, 2.4221298694610596, 2.2697503566741943, 2.2486770153045654, 2.2374579906463623, 2.218648672103882, 2.2179453372955322, 2.1843535900115967, 2.1530516147613525, 2.141230583190918, 2.121023178100586, 2.143791437149048, 2.128995895385742, 2.1416313648223877];[1.3710981607437134, 1.2658575773239136, 1.1631289720535278, 0.9949122667312622, 0.8896934986114502, 0.5078721046447754, 0.32860225439071655, 0.22302332520484924, 0.13890625536441803, 0.07288433611392975, 0.0693296417593956, 0.05932877957820892, 0.05486440658569336, 0.05727274343371391, 0.0422547347843647, 0.0325576588511467, 0.026281626895070076, 0.016048651188611984, 0.022601382806897163, 0.022860495373606682, 0.023657945916056633];[-71.53129577636719, -49.59022521972656, -23.053787231445312, -14.789078712463379, -11.019848823547363, -4.547348499298096, -3.226332426071167, -2.807272434234619, -2.4951565265655518, -2.276991844177246, -2.2558541297912598, -2.2466344833374023, -2.230436325073242, -2.2215471267700195, -2.185098648071289, -2.1525745391845703, -2.13165283203125, -2.1061766147613525, -2.1348443031311035, -2.1316258907318115, -2.1356823444366455]
1050;[16.460067749023438, 11.965190887451172, 8.146915435791016, 6.228626251220703, 5.209174156188965, 4.826051235198975, 4.574779987335205, 3.191513776779175, 2.642873764038086, 2.3378515243530273, 2.2857067584991455, 2.24061918258667, 2.269176959991455, 2.232424736022949, 2.1974432468414307, 2.144763708114624, 2.117551326751709, 2.164928436279297, 2.1643929481506348, 2.138068437576294, 2.1330983638763428];[1.3678568601608276, 1.2707916498184204, 1.1924257278442383, 1.052284598350525, 0.9023385047912598, 0.8599307537078857, 0.8188338279724121, 0.44507351517677307, 0.2421598881483078, 0.10531415045261383, 0.08514302968978882, 0.06969496607780457, 0.08209054172039032, 0.06403040140867233, 0.050285425037145615, 0.026071052998304367, 0.01572299376130104, 0.03015509992837906, 0.037414923310279846, 0.02263486385345459, 0.02103274315595627];[-72.63299560546875, -49.08004379272461, -21.45911407470703, -13.19178581237793, -9.83722972869873, -8.48699951171875, -7.691789627075195, -3.8902580738067627, -2.8389666080474854, -2.363363265991211, -2.3106112480163574, -2.250112533569336, -2.2984256744384766, -2.2536282539367676, -2.2043018341064453, -2.137211561203003, -2.105648994445801, -2.1688387393951416, -2.169492721557617, -2.1358888149261475, -2.125354766845703]
1100;[16.413972854614258, 9.636144638061523, 6.908968925476074, 5.481330394744873, 4.810673713684082, 4.547964572906494, 3.3828983306884766, 3.0334360599517822, 2.908027410507202, 2.599571466445923, 2.4417660236358643, 2.461179256439209, 2.565699577331543, 2.5524191856384277, 2.7070608139038086, 2.723067045211792, 2.7465436458587646, 2.6557140350341797, 2.6475837230682373, 2.6276841163635254, 2.5270633697509766];[1.3666386604309082, 1.1815654039382935, 1.1320981979370117, 0.9776342511177063, 0.883090615272522, 0.844938337802887, 0.5245686173439026, 0.4067251682281494, 0.35190364718437195, 0.2252536416053772, 0.15639327466487885, 0.16736158728599548, 0.21748952567577362, 0.2088659405708313, 0.27534183859825134, 0.29013481736183167, 0.2920251488685608, 0.26208212971687317, 0.2583364248275757, 0.24883133172988892, 0.20393148064613342];[-71.88027954101562, -22.104745864868164, -14.791086196899414, -9.94552993774414, -8.018779754638672, -7.270281791687012, -4.168436050415039, -3.534444570541382, -3.313612461090088, -2.7799482345581055, -2.5327749252319336, -2.590796709060669, -2.7801120281219482, -2.7663958072662354, -3.0479061603546143, -3.1203079223632812, -3.13686466217041, -2.9868359565734863, -2.9711556434631348, -2.933746337890625, -2.741873264312744]
1150;[16.45362091064453, 9.62443733215332, 7.1378092765808105, 5.40009880065918, 5.0187225341796875, 3.5443670749664307, 2.8477485179901123, 2.6165859699249268, 2.3297629356384277, 2.390873432159424, 2.4549977779388428, 2.458233118057251, 2.328026056289673, 2.307598829269409, 2.291405439376831, 2.3334827423095703, 2.273127794265747, 2.2000651359558105, 2.1701409816741943, 2.1305904388427734, 2.1280434131622314];[1.366358757019043, 1.1764402389526367, 1.2125073671340942, 0.9691056609153748, 0.9556724429130554, 0.5863355994224548, 0.31900686025619507, 0.22386209666728973, 0.10395601391792297, 0.12360335141420364, 0.16072195768356323, 0.16631866991519928, 0.10563565045595169, 0.09912391006946564, 0.09044595062732697, 0.11112888157367706, 0.08491217344999313, 0.052772585302591324, 0.04150134697556496, 0.021642234176397324, 0.020125670358538628];[-71.40580749511719, -21.715587615966797, -15.064706802368164, -9.682193756103516, -8.22134017944336, -4.35462760925293, -3.1110153198242188, -2.7450249195098877, -2.343733549118042, -2.433776617050171, -2.5498745441436768, -2.578875780105591, -2.3784689903259277, -2.3662455081939697, -2.3506555557250977, -2.4118802547454834, -2.322542190551758, -2.2245535850524902, -2.1830155849456787, -2.1313509941101074, -2.121346950531006]
1200;[16.45563507080078, 12.080806732177734, 8.346187591552734, 4.709482192993164, 2.9738376140594482, 2.4230399131774902, 2.227001667022705, 2.2433817386627197, 2.187767744064331, 2.1670732498168945, 2.1763081550598145, 2.144456386566162, 2.147500514984131, 2.1247332096099854, 2.1375062465667725, 2.121157646179199, 2.134037733078003, 2.1042723655700684, 2.129657506942749, 2.1236014366149902, 2.110262393951416];[1.367951512336731, 1.2653493881225586, 1.193151593208313, 0.8071274757385254, 0.34235432744026184, 0.12866167724132538, 0.04518921673297882, 0.05217409133911133, 0.033234577625989914, 0.031221460551023483, 0.028008699417114258, 0.02555476687848568, 0.026429763063788414, 0.014869480393826962, 0.020726244896650314, 0.016370197758078575, 0.01658780500292778, 0.010666098445653915, 0.019111393019557, 0.015134787186980247, 0.011395091190934181];[-71.06095123291016, -50.925323486328125, -23.028535842895508, -6.787598133087158, -3.1351423263549805, -2.410572052001953, -2.1452226638793945, -2.185049533843994, -2.1330153942108154, -2.125227689743042, -2.138943672180176, -2.11987566947937, -2.121908187866211, -2.0964972972869873, -2.116007089614868, -2.107586145401001, -2.1113157272338867, -2.087354898452759, -2.109208583831787, -2.1077756881713867, -2.0932741165161133]
1250;[16.462003707885742, 9.65860652923584, 8.351729393005371, 4.155080318450928, 2.844043016433716, 2.3853774070739746, 2.3130877017974854, 2.2364580631256104, 2.243694543838501, 2.2760367393493652, 2.3235974311828613, 2.3013265132904053, 2.298804759979248, 2.2714929580688477, 2.2707700729370117, 2.2013673782348633, 2.179802894592285, 2.156423330307007, 2.1028716564178467, 2.1376919746398926, 2.143493413925171];[1.3668652772903442, 1.177606463432312, 1.33642578125, 0.7278743982315063, 0.3010409474372864, 0.11350579559803009, 0.08583098649978638, 0.05564628541469574, 0.0665258914232254, 0.07573941349983215, 0.0990074947476387, 0.09572811424732208, 0.09679916501045227, 0.08039604127407074, 0.08035677671432495, 0.052413105964660645, 0.040042582899332047, 0.030355190858244896, 0.010118059813976288, 0.020029745995998383, 0.03054729662835598];[-72.24419403076172, -21.353107452392578, -16.131620407104492, -5.223331451416016, -2.9854736328125, -2.362571954727173, -2.2917754650115967, -2.206886053085327, -2.2335431575775146, -2.288980722427368, -2.362319231033325, -2.357245445251465, -2.3580214977264404, -2.304361581802368, -2.312959671020508, -2.2216672897338867, -2.187201738357544, -2.1562747955322266, -2.0913193225860596, -2.128113031387329, -2.14342999458313]
1300;[16.44805908203125, 9.744780540466309, 8.402685165405273, 4.363369464874268, 2.91011381149292, 2.570005416870117, 2.3920023441314697, 2.4445180892944336, 2.3521087169647217, 2.3310790061950684, 2.302513837814331, 2.266209840774536, 2.1871321201324463, 2.2075676918029785, 2.193929672241211, 2.2079689502716064, 2.1748452186584473, 2.159163236618042, 2.1489477157592773, 2.1334609985351562, 2.1524863243103027];[1.3689144849777222, 1.1856043338775635, 1.366634488105774, 0.8010326623916626, 0.3243075907230377, 0.19075500965118408, 0.12535244226455688, 0.15176106989383698, 0.11517353355884552, 0.10422986000776291, 0.08787611871957779, 0.07461193203926086, 0.042946793138980865, 0.05901619791984558, 0.052694763988256454, 0.05482706427574158, 0.037556152790784836, 0.035451196134090424, 0.02522759698331356, 0.024170756340026855, 0.033624839037656784];[-74.16789245605469, -21.70764923095703, -16.024982452392578, -5.862329006195068, -3.102168560028076, -2.6193935871124268, -2.4123423099517822, -2.504598379135132, -2.3910763263702393, -2.373922824859619, -2.32167387008667, -2.2937705516815186, -2.1724705696105957, -2.221709966659546, -2.2069783210754395, -2.220736026763916, -2.182828426361084, -2.1581380367279053, -2.144106388092041, -2.140984296798706, -2.166093349456787]
1350;[16.4641056060791, 9.671220779418945, 6.961064338684082, 4.0093159675598145, 2.8521337509155273, 2.7716891765594482, 2.268956422805786, 2.1752398014068604, 2.1768600940704346, 2.1618683338165283, 2.2644922733306885, 2.2448835372924805, 2.172642469406128, 2.1498403549194336, 2.1460304260253906, 2.12270450592041, 2.1088674068450928, 2.1102094650268555, 2.105123996734619, 2.0933640003204346, 2.11246919631958];[1.3701057434082031, 1.1850792169570923, 1.1151669025421143, 0.6694973707199097, 0.29009589552879333, 0.2682926654815674, 0.06300359964370728, 0.025977106764912605, 0.030143916606903076, 0.028775276616215706, 0.07021486014127731, 0.06900947540998459, 0.03713875263929367, 0.028244566172361374, 0.025237329304218292, 0.01149707566946745, 0.006973047740757465, 0.00600097794085741, 0.0066797141917049885, 0.006213210988789797, 0.007428082171827555];[-72.6022720336914, -19.391319274902344, -15.27072525024414, -4.733099937438965, -2.9945311546325684, -3.0338361263275146, -2.225855827331543, -2.1059906482696533, -2.138185977935791, -2.1330931186676025, -2.273023843765259, -2.2629411220550537, -2.1629903316497803, -2.1312084197998047, -2.127354860305786, -2.0901780128479004, -2.0772016048431396, -2.094431161880493, -2.0894575119018555, -2.0770580768585205, -2.0964770317077637]
1400;[16.449983596801758, 9.699618339538574, 8.383060455322266, 4.313805103302002, 3.457665205001831, 2.9476232528686523, 2.7629809379577637, 2.5016069412231445, 2.4634454250335693, 2.491117238998413, 2.52629017829895, 2.5217103958129883, 2.352630853652954, 2.3050506114959717, 2.3241288661956787, 2.223414182662964, 2.201869249343872, 2.192542552947998, 2.2416672706604004, 2.2722091674804688, 2.2411131858825684];[1.3669514656066895, 1.1776467561721802, 1.3332704305648804, 0.7569214105606079, 0.5397539734840393, 0.3616519570350647, 0.2853374481201172, 0.1738964021205902, 0.15934070944786072, 0.1820795238018036, 0.19815653562545776, 0.1887797862291336, 0.11165880411863327, 0.10541179776191711, 0.10498874634504318, 0.06011606752872467, 0.0514238104224205, 0.04924936220049858, 0.07252711057662964, 0.0842401534318924, 0.07143829017877579];[-71.95223999023438, -21.338706970214844, -16.93701934814453, -5.748941421508789, -4.1347432136535645, -3.2514984607696533, -2.9791953563690186, -2.5867855548858643, -2.569528102874756, -2.6366078853607178, -2.7037041187286377, -2.6864078044891357, -2.4108309745788574, -2.3696250915527344, -2.3856329917907715, -2.2599828243255615, -2.2250561714172363, -2.199573278427124, -2.2916812896728516, -2.324997663497925, -2.2897870540618896]
1450;[16.438304901123047, 9.680907249450684, 7.040433883666992, 5.471249580383301, 4.5717902183532715, 3.5550119876861572, 3.4534683227539062, 3.1828246116638184, 3.095487594604492, 3.125270128250122, 2.9139389991760254, 2.8726015090942383, 2.782505989074707, 2.776944875717163, 2.6029350757598877, 2.5564441680908203, 2.4030120372772217, 2.354034662246704, 2.297055721282959, 2.2762093544006348, 2.260056734085083];[1.3674240112304688, 1.1783530712127686, 1.171862006187439, 0.9866136312484741, 0.8036726117134094, 0.5498682856559753, 0.5446348786354065, 0.4493485987186432, 0.4241229295730591, 0.44454899430274963, 0.35345277190208435, 0.3433871567249298, 0.31501567363739014, 0.30733999609947205, 0.23180343210697174, 0.21565967798233032, 0.14558333158493042, 0.11849255859851837, 0.09711220115423203, 0.08681382983922958, 0.08097412437200546];[-72.32177734375, -21.057302474975586, -14.924817085266113, -9.736102104187012, -7.355880260467529, -4.616543769836426, -4.372833728790283, -3.8356411457061768, -3.752026319503784, -3.8089334964752197, -3.402834415435791, -3.348820209503174, -3.1999075412750244, -3.1841113567352295, -2.8536293506622314, -2.7786476612091064, -2.5293495655059814, -2.445502281188965, -2.36316180229187, -2.342176675796509, -2.3182597160339355]
1500;[16.44887924194336, 9.523850440979004, 8.282342910766602, 8.237078666687012, 8.228028297424316, 4.824483394622803, 2.8041698932647705, 2.704929828643799, 2.568546772003174, 2.467985153198242, 2.376831531524658, 2.444695472717285, 2.412659168243408, 2.3557615280151367, 2.3296189308166504, 2.2670464515686035, 2.2541940212249756, 2.2845892906188965, 2.279691219329834, 2.2585554122924805, 2.2669646739959717];[1.3688514232635498, 1.1692497730255127, 1.3176263570785522, 1.2019566297531128, 1.2487235069274902, 0.870842695236206, 0.2983548641204834, 0.26164233684539795, 0.20835508406162262, 0.16557949781417847, 0.12767502665519714, 0.16075046360492706, 0.14347678422927856, 0.12206928431987762, 0.10930722951889038, 0.07910501956939697, 0.0753878802061081, 0.08921601623296738, 0.0902586355805397, 0.07986816763877869, 0.08050255477428436];[-70.63523864746094, -19.611698150634766, -16.505952835083008, -24.67080307006836, -25.569475173950195, -8.430292129516602, -3.0461809635162354, -2.875897169113159, -2.701033353805542, -2.5677218437194824, -2.4512505531311035, -2.5661773681640625, -2.5213778018951416, -2.4399471282958984, -2.393988609313965, -2.30473256111145, -2.29583477973938, -2.338470697402954, -2.3340423107147217, -2.312230110168457, -2.3350751399993896]
50;[16.609350204467773, 2.6963632106781006, 1.4452115297317505, 1.4968372583389282, 1.4568105936050415, 1.4380766153335571, 1.4333176612854004, 1.4402306079864502, 1.4286720752716064, 1.4197888374328613, 1.4172064065933228, 1.4115475416183472, 1.4087454080581665, 1.417486310005188, 1.4402143955230713, 1.4546641111373901, 1.4268791675567627, 1.4078264236450195, 1.4521054029464722, 1.4607090950012207, 1.4481467008590698];[1.5205938816070557, 0.3927822411060333, 0.007683283649384975, 0.059412550181150436, 0.03446732833981514, 0.027545614168047905, 0.029547978192567825, 0.03361884504556656, 0.025091156363487244, 0.019715165719389915, 0.023987002670764923, 0.017823567613959312, 0.013562053442001343, 0.020457429811358452, 0.036386631429195404, 0.04930291324853897, 0.03212854638695717, 0.026194650679826736, 0.04973025247454643, 0.055792175233364105, 0.04364209994673729];[-134.05316162109375, -2.667661666870117, -1.6331409215927124, -1.808400273323059, -1.7460271120071411, -1.7270539999008179, -1.7346326112747192, -1.7601596117019653, -1.7445811033248901, -1.7191522121429443, -1.7203789949417114, -1.7161046266555786, -1.7116219997406006, -1.7330825328826904, -1.7860974073410034, -1.8103439807891846, -1.7711122035980225, -1.7269036769866943, -1.8180989027023315, -1.8308355808258057, -1.8109620809555054]
100;[16.629878997802734, 2.5955922603607178, 1.7596044540405273, 1.7245619297027588, 1.7201025485992432, 1.5673131942749023, 1.4586642980575562, 1.435173749923706, 1.4401341676712036, 1.4505746364593506, 1.4458987712860107, 1.4324742555618286, 1.4471179246902466, 1.4402698278427124, 1.3945728540420532, 1.3974608182907104, 1.3953262567520142, 1.3998876810073853, 1.3893321752548218, 1.3881970643997192, 1.3880375623703003];[1.5220543146133423, 0.33597588539123535, 0.21530576050281525, 0.20536674559116364, 0.22308650612831116, 0.11855315417051315, 0.04112628474831581, 0.031003976240754128, 0.03668106347322464, 0.04265327379107475, 0.043818149715662, 0.033881668001413345, 0.03900456801056862, 0.03303370624780655, 0.00768863083794713, 0.00798207987099886, 0.006382705178111792, 0.009509894996881485, 0.009405610151588917, 0.006001008674502373, 0.005941799376159906];[-138.01641845703125, -2.438422441482544, -2.2777838706970215, -2.2814104557037354, -2.364473581314087, -2.036050319671631, -1.7857304811477661, -1.7452402114868164, -1.7659759521484375, -1.795925259590149, -1.7986537218093872, -1.764986515045166, -1.797448754310608, -1.778098702430725, -1.6834851503372192, -1.6920629739761353, -1.6931641101837158, -1.6974694728851318, -1.6821917295455933, -1.6791671514511108, -1.6812329292297363]
150;[16.614818572998047, 5.715765476226807, 5.057717323303223, 5.028048515319824, 1.5264489650726318, 1.4492886066436768, 1.4573540687561035, 1.4417349100112915, 1.4064412117004395, 1.4132331609725952, 1.3943852186203003, 1.3936386108398438, 1.3900200128555298, 1.401411771774292, 1.3982691764831543, 1.3980647325515747, 1.4095802307128906, 1.4095714092254639, 1.4074021577835083, 1.412746787071228, 1.4123332500457764];[1.5220842361450195, 1.0335570573806763, 1.1496871709823608, 1.1329472064971924, 0.07824147492647171, 0.03554995730519295, 0.048602234572172165, 0.03365141525864601, 0.01031965296715498, 0.013211562298238277, 0.0052064633928239346, 0.00578673230484128, 0.00596562260761857, 0.008975015953183174, 0.010131900198757648, 0.012608611956238747, 0.016616567969322205, 0.022316401824355125, 0.022228268906474113, 0.017697421833872795, 0.016271324828267097];[-134.1251983642578, -18.155715942382812, -21.920146942138672, -23.2518310546875, -1.8862593173980713, -1.7529062032699585, -1.7911856174468994, -1.762274146080017, -1.6914955377578735, -1.7024562358856201, -1.677499532699585, -1.6767576932907104, -1.6708582639694214, -1.7000149488449097, -1.694785475730896, -1.702315330505371, -1.7216836214065552, -1.7253080606460571, -1.7226983308792114, -1.7254513502120972, -1.7254180908203125]
200;[16.62282371520996, 5.623271465301514, 5.093707084655762, 1.4851672649383545, 1.4334182739257812, 1.4129765033721924, 1.4003502130508423, 1.4025212526321411, 1.4039918184280396, 1.3982043266296387, 1.4579511880874634, 1.4743603467941284, 1.4538570642471313, 1.4562188386917114, 1.4559261798858643, 1.4493908882141113, 1.408493161201477, 1.4567444324493408, 1.4552754163742065, 1.461268663406372, 1.4311414957046509];[1.5194071531295776, 1.0415842533111572, 1.1540483236312866, 0.04862411320209503, 0.02490123361349106, 0.006659116130322218, 0.00792781449854374, 0.007672179490327835, 0.010198830626904964, 0.007063235156238079, 0.045747075229883194, 0.06066897511482239, 0.04851697385311127, 0.04748901352286339, 0.046756185591220856, 0.045891329646110535, 0.019693253561854362, 0.050677549093961716, 0.05382706597447395, 0.053905028849840164, 0.03149609640240669];[-124.47254180908203, -18.33824920654297, -22.354774475097656, -1.7596300840377808, -1.7024829387664795, -1.6777018308639526, -1.670074462890625, -1.6785496473312378, -1.6886818408966064, -1.6783331632614136, -1.8146318197250366, -1.8582446575164795, -1.8158906698226929, -1.8126472234725952, -1.8216372728347778, -1.8036677837371826, -1.7256321907043457, -1.8234044313430786, -1.8356389999389648, -1.8342725038528442, -1.7739689350128174]
250;[16.62435531616211, 5.419775485992432, 4.679218292236328, 4.6435370445251465, 4.889474391937256, 4.876444339752197, 4.862578868865967, 1.505778193473816, 1.4416509866714478, 1.4281229972839355, 1.430570363998413, 1.4433653354644775, 1.4210624694824219, 1.4115493297576904, 1.413903832435608, 1.4075877666473389, 1.4128620624542236, 1.3974711894989014, 1.4001224040985107, 1.391693115234375, 1.3933922052383423];[1.5228418111801147, 1.0130060911178589, 1.134300708770752, 1.1367735862731934, 1.1438889503479004, 1.136877417564392, 1.141442894935608, 0.08212416619062424, 0.03380461037158966, 0.029489142820239067, 0.030000053346157074, 0.04059980437159538, 0.020360173657536507, 0.023430023342370987, 0.021272940561175346, 0.018384050577878952, 0.01785961538553238, 0.009394104592502117, 0.007980819791555405, 0.009446360170841217, 0.009612701833248138];[-136.54148864746094, -15.046309471130371, -18.74997329711914, -18.50528907775879, -21.675275802612305, -22.273887634277344, -22.242036819458008, -1.9124261140823364, -1.759873628616333, -1.7385575771331787, -1.7537226676940918, -1.7861664295196533, -1.7360339164733887, -1.7245041131973267, -1.7270911931991577, -1.7110722064971924, -1.7315726280212402, -1.697858452796936, -1.6991103887557983, -1.6909303665161133, -1.7010635137557983]
300;[16.602642059326172, 3.113265037536621, 1.7212855815887451, 1.7153067588806152, 1.455649971961975, 1.4271645545959473, 1.4316527843475342, 1.432714581489563, 1.4272335767745972, 1.4230328798294067, 1.4185197353363037, 1.4323426485061646, 1.4393140077590942, 1.4191893339157104, 1.4138058423995972, 1.4168113470077515, 1.43584406375885, 1.4229211807250977, 1.4183300733566284, 1.4177451133728027, 1.426002025604248];[1.5207595825195312, 0.5192250609397888, 0.19974355399608612, 0.21157388389110565, 0.03918641060590744, 0.019513100385665894, 0.024714723229408264, 0.028265371918678284, 0.026529652997851372, 0.02283196896314621, 0.023993507027626038, 0.0305632296949625, 0.0373125895857811, 0.028859427198767662, 0.024536876007914543, 0.029158616438508034, 0.04234224930405617, 0.02922292798757553, 0.02433875948190689, 0.024696163833141327, 0.030796227976679802];[-131.8495635986328, -3.2698137760162354, -2.2170228958129883, -2.329181432723999, -1.7595124244689941, -1.7026374340057373, -1.7220566272735596, -1.7406119108200073, -1.7319858074188232, -1.7223223447799683, -1.7275810241699219, -1.7577558755874634, -1.7789524793624878, -1.7435818910598755, -1.733870267868042, -1.750959873199463, -1.7886207103729248, -1.7541494369506836, -1.7373560667037964, -1.7430391311645508, -1.7688817977905273]
350;[16.60399627685547, 2.5424234867095947, 1.600608229637146, 1.8244755268096924, 1.7999180555343628, 1.7372392416000366, 1.7114146947860718, 1.7636319398880005, 1.6471362113952637, 1.6782903671264648, 1.6770951747894287, 1.6239782571792603, 1.5838161706924438, 1.5475431680679321, 1.5563910007476807, 1.536043405532837, 1.5007586479187012, 1.5045617818832397, 1.479730248451233, 1.5145776271820068, 1.537065863609314];[1.5209743976593018, 0.32593604922294617, 0.1148727685213089, 0.27989301085472107, 0.2684883177280426, 0.23721416294574738, 0.21566055715084076, 0.25594469904899597, 0.1783372163772583, 0.19592991471290588, 0.20389693975448608, 0.16232086718082428, 0.13435761630535126, 0.11092594265937805, 0.11862656474113464, 0.10925868153572083, 0.08660676330327988, 0.08538760989904404, 0.06682072579860687, 0.0910254642367363, 0.10980431735515594];[-134.92481994628906, -2.409111738204956, -1.951198935508728, -2.571491003036499, -2.5515658855438232, -2.441370964050293, -2.3858437538146973, -2.5370066165924072, -2.2553696632385254, -2.3396925926208496, -2.350705623626709, -2.20719051361084, -2.1149938106536865, -2.0339560508728027, -2.055891990661621, -2.0145978927612305, -1.929479718208313, -1.9366204738616943, -1.8831894397735596, -1.9569696187973022, -2.0287344455718994]
400;[16.620105743408203, 5.832545280456543, 1.650009274482727, 1.448285698890686, 1.4105380773544312, 1.4254778623580933, 1.404025912284851, 1.4081261157989502, 1.3922886848449707, 1.3973770141601562, 1.3992419242858887, 1.4243906736373901, 1.4163928031921387, 1.4148250818252563, 1.4266159534454346, 1.4303991794586182, 1.4045920372009277, 1.4034901857376099, 1.4186921119689941, 1.3992763757705688, 1.3957247734069824];[1.5219348669052124, 1.066114902496338, 0.13447804749011993, 0.025490736588835716, 0.006300110369920731, 0.015679262578487396, 0.008406335487961769, 0.013336027041077614, 0.00546024926006794, 0.006076991558074951, 0.006790705490857363, 0.0244232639670372, 0.021809687837958336, 0.019105222076177597, 0.03218112140893936, 0.030129162594676018, 0.015279842540621758, 0.019194690510630608, 0.02378750964999199, 0.01324559934437275, 0.013445445336401463];[-130.9845733642578, -19.92969512939453, -1.9912364482879639, -1.7011840343475342, -1.6491327285766602, -1.6963531970977783, -1.6744636297225952, -1.692115306854248, -1.6689536571502686, -1.6801178455352783, -1.681066870689392, -1.7394955158233643, -1.723445177078247, -1.7176971435546875, -1.759546160697937, -1.7618272304534912, -1.7173255681991577, -1.7112399339675903, -1.7456661462783813, -1.710554599761963, -1.7024694681167603]
450;[16.62250518798828, 2.8692383766174316, 1.6000179052352905, 1.5820679664611816, 1.5319855213165283, 1.455755591392517, 1.4558008909225464, 1.4467695951461792, 1.4687902927398682, 1.4616484642028809, 1.463890552520752, 1.4465374946594238, 1.3901013135910034, 1.3943284749984741, 1.3856886625289917, 1.4132815599441528, 1.4066760540008545, 1.4046990871429443, 1.3967318534851074, 1.3955837488174438, 1.386588454246521];[1.5220826864242554, 0.4519416093826294, 0.11804276704788208, 0.11067468672990799, 0.08768399059772491, 0.04636027663946152, 0.04734212905168533, 0.04005918651819229, 0.05216545984148979, 0.050342217087745667, 0.057242002338171005, 0.044523801654577255, 0.009668647311627865, 0.007379431277513504, 0.005837928503751755, 0.02275051921606064, 0.014150908216834068, 0.01564411073923111, 0.012195859104394913, 0.006602590903639793, 0.005592437461018562];[-133.85484313964844, -2.9532151222229004, -1.9374524354934692, -1.9742920398712158, -1.9014875888824463, -1.7785362005233765, -1.7933480739593506, -1.7712903022766113, -1.818772792816162, -1.8123174905776978, -1.826194167137146, -1.7938792705535889, -1.6855076551437378, -1.6827986240386963, -1.668759822845459, -1.7297526597976685, -1.7099249362945557, -1.7143654823303223, -1.700678825378418, -1.6807990074157715, -1.6812161207199097]
500;[16.635107040405273, 5.592789173126221, 1.6478447914123535, 1.5019972324371338, 1.4574934244155884, 1.5268144607543945, 1.515927791595459, 1.5128347873687744, 1.471682071685791, 1.487165093421936, 1.4831699132919312, 1.531375527381897, 1.5933351516723633, 1.614534854888916, 1.5852766036987305, 1.583531141281128, 1.6720460653305054, 1.6716746091842651, 1.6412273645401, 1.6058950424194336, 1.6354562044143677];[1.5210199356079102, 1.025848388671875, 0.13166508078575134, 0.06498251110315323, 0.03668477386236191, 0.09318958222866058, 0.08037379384040833, 0.08663580566644669, 0.05805571377277374, 0.06793297082185745, 0.07054738700389862, 0.09950429946184158, 0.13839347660541534, 0.15957939624786377, 0.14303363859653473, 0.13930106163024902, 0.20097993314266205, 0.20128987729549408, 0.18225042521953583, 0.1574946790933609, 0.1778736561536789];[-126.2104721069336, -17.336410522460938, -1.9734926223754883, -1.8192200660705566, -1.7551840543746948, -1.9213100671768188, -1.9191168546676636, -1.9172767400741577, -1.8262275457382202, -1.8780516386032104, -1.8644987344741821, -1.983767032623291, -2.121898889541626, -2.178518533706665, -2.106088638305664, -2.118206024169922, -2.333583116531372, -2.3468270301818848, -2.2601158618927, -2.181075096130371, -2.2591753005981445]
550;[16.604957580566406, 5.638430595397949, 1.5429147481918335, 1.4391287565231323, 1.41597318649292, 1.4081774950027466, 1.4047019481658936, 1.4063583612442017, 1.4107017517089844, 1.395579218864441, 1.3957096338272095, 1.3946533203125, 1.3966474533081055, 1.396264672279358, 1.396386981010437, 1.396327257156372, 1.389083743095398, 1.3886991739273071, 1.3952195644378662, 1.3882771730422974, 1.3948451280593872];[1.5224231481552124, 1.0330455303192139, 0.06009849160909653, 0.018021797761321068, 0.016210583969950676, 0.009889669716358185, 0.004939130507409573, 0.007192965596914291, 0.01046536210924387, 0.00503919180482626, 0.0051961601711809635, 0.005764357279986143, 0.005729911383241415, 0.0053758337162435055, 0.009479927830398083, 0.0062800985760986805, 0.0060921828262507915, 0.006422936450690031, 0.006668326444923878, 0.006022167857736349, 0.006275771651417017];[-130.3035125732422, -18.303255081176758, -1.7666538953781128, -1.6900832653045654, -1.6765555143356323, -1.6811522245407104, -1.66959547996521, -1.670771598815918, -1.703039288520813, -1.667466163635254, -1.6760649681091309, -1.6799702644348145, -1.685227632522583, -1.6887881755828857, -1.6983323097229004, -1.6879925727844238, -1.6831496953964233, -1.6740461587905884, -1.6889795064926147, -1.6794558763504028, -1.6921029090881348]
600;[16.60857582092285, 5.7369065284729, 1.4779293537139893, 1.4821857213974, 1.4784284830093384, 1.5270538330078125, 1.5865038633346558, 1.5467321872711182, 1.588046908378601, 1.7088820934295654, 1.6159862279891968, 1.603888750076294, 1.6769299507141113, 1.6872493028640747, 1.6346461772918701, 1.620405912399292, 1.6064573526382446, 1.5507495403289795, 1.4975581169128418, 1.4728095531463623, 1.4474079608917236];[1.518184781074524, 1.0493611097335815, 0.019444450736045837, 0.05109509825706482, 0.05054407939314842, 0.08563609421253204, 0.13345512747764587, 0.10538342595100403, 0.1382932960987091, 0.22468301653862, 0.16005346179008484, 0.15368524193763733, 0.20449374616146088, 0.2225835770368576, 0.1812848299741745, 0.16473761200904846, 0.1550193428993225, 0.1154278814792633, 0.07950267940759659, 0.0639825165271759, 0.04819183424115181];[-136.7810516357422, -18.795879364013672, -1.6425957679748535, -1.7788519859313965, -1.7877380847930908, -1.9115791320800781, -2.0727922916412354, -1.9870638847351074, -2.0958476066589355, -2.412834882736206, -2.1749444007873535, -2.1442103385925293, -2.335602045059204, -2.3737964630126953, -2.2468149662017822, -2.2019002437591553, -2.167738437652588, -2.0395071506500244, -1.9162240028381348, -1.8547449111938477, -1.816077709197998]
650;[16.616058349609375, 3.037844657897949, 1.7467137575149536, 1.4992239475250244, 1.443143606185913, 1.4252766370773315, 1.4287517070770264, 1.4190601110458374, 1.424004316329956, 1.4286270141601562, 1.4400067329406738, 1.447288155555725, 1.427230954170227, 1.4169416427612305, 1.4071062803268433, 1.4192285537719727, 1.426729679107666, 1.4117727279663086, 1.4056448936462402, 1.400488018989563, 1.3955185413360596];[1.5230711698532104, 0.5111935138702393, 0.2016720175743103, 0.06639106571674347, 0.025941867381334305, 0.019030258059501648, 0.024766022339463234, 0.019674651324748993, 0.02300018072128296, 0.024920692667365074, 0.03493088111281395, 0.04482174292206764, 0.028569482266902924, 0.02430656924843788, 0.022228948771953583, 0.02650228515267372, 0.026986099779605865, 0.023440880700945854, 0.02016080915927887, 0.008984149433672428, 0.008153215982019901];[-134.13743591308594, -3.505349636077881, -2.227292537689209, -1.8151288032531738, -1.722001075744629, -1.6988208293914795, -1.7208470106124878, -1.7199127674102783, -1.7215924263000488, -1.7457002401351929, -1.773692011833191, -1.7967833280563354, -1.7526942491531372, -1.7363455295562744, -1.72857666015625, -1.7309455871582031, -1.7590898275375366, -1.7301751375198364, -1.7118945121765137, -1.705149531364441, -1.6986559629440308]
700;[16.629026412963867, 2.723172664642334, 1.4434956312179565, 1.4343829154968262, 1.4664967060089111, 1.4372464418411255, 1.4194506406784058, 1.4206806421279907, 1.4296069145202637, 1.4131224155426025, 1.418488621711731, 1.4053916931152344, 1.408470869064331, 1.4653249979019165, 1.479007601737976, 1.456352949142456, 1.4588433504104614, 1.4352039098739624, 1.4295306205749512, 1.4274466037750244, 1.4090789556503296];[1.5208510160446167, 0.39508330821990967, 0.009453844279050827, 0.013396818190813065, 0.0406871996819973, 0.030045075342059135, 0.01662907376885414, 0.019226934760808945, 0.02453715354204178, 0.01933255046606064, 0.019298527389764786, 0.012934918515384197, 0.014220288023352623, 0.05793081223964691, 0.06665239483118057, 0.049527332186698914, 0.05058128014206886, 0.03493929281830788, 0.03422749415040016, 0.034082651138305664, 0.020436417311429977];[-130.12091064453125, -2.6946585178375244, -1.6190993785858154, -1.6722209453582764, -1.7604907751083374, -1.7225266695022583, -1.700767159461975, -1.7157245874404907, -1.72995924949646, -1.7045409679412842, -1.7155169248580933, -1.7004122734069824, -1.7108769416809082, -1.8339658975601196, -1.867976188659668, -1.8260656595230103, -1.834754467010498, -1.7897824048995972, -1.7670551538467407, -1.7685425281524658, -1.7250534296035767]
750;[16.616207122802734, 3.0383553504943848, 1.5648082494735718, 1.4718468189239502, 1.4667342901229858, 1.4668850898742676, 1.4592719078063965, 1.4515856504440308, 1.4455069303512573, 1.4187971353530884, 1.41579270362854, 1.4124435186386108, 1.4085476398468018, 1.4284929037094116, 1.4368658065795898, 1.4262925386428833, 1.4198492765426636, 1.4028353691101074, 1.4215331077575684, 1.4064446687698364, 1.4035099744796753];[1.5179802179336548, 0.5148469805717468, 0.08680098503828049, 0.041915688663721085, 0.03664607182145119, 0.04964906722307205, 0.045086946338415146, 0.040336474776268005, 0.03314793109893799, 0.021123411133885384, 0.017766429111361504, 0.016336560249328613, 0.01862923428416252, 0.02656288631260395, 0.034699905663728714, 0.02881401591002941, 0.024026980623602867, 0.0179422739893198, 0.02620360441505909, 0.00989642646163702, 0.010653737001121044];[-132.68051147460938, -3.370394229888916, -1.8692443370819092, -1.7555983066558838, -1.7662259340286255, -1.7994509935379028, -1.7948344945907593, -1.7843502759933472, -1.7717163562774658, -1.7165719270706177, -1.7110602855682373, -1.7119354009628296, -1.7207168340682983, -1.7483137845993042, -1.776595115661621, -1.753546953201294, -1.7410122156143188, -1.7113547325134277, -1.7415982484817505, -1.7113146781921387, -1.7170476913452148]
800;[16.626497268676758, 5.907352924346924, 1.4719207286834717, 1.4654929637908936, 1.4469311237335205, 1.4414373636245728, 1.4497288465499878, 1.444456934928894, 1.454114556312561, 1.4582144021987915, 1.4436813592910767, 1.4376745223999023, 1.403517723083496, 1.394655466079712, 1.393581748008728, 1.3969134092330933, 1.3969818353652954, 1.3926814794540405, 1.3995654582977295, 1.386928677558899, 1.395168662071228];[1.5228773355484009, 1.0671414136886597, 0.016420962288975716, 0.033105216920375824, 0.029855618253350258, 0.029822375625371933, 0.03866587579250336, 0.035588860511779785, 0.045619215816259384, 0.04991064965724945, 0.03914393484592438, 0.034295704215765, 0.01102259662002325, 0.009261342696845531, 0.00770967174321413, 0.010478075593709946, 0.008278492838144302, 0.007662019692361355, 0.009331670589745045, 0.006798831280320883, 0.008496214635670185];[-133.70233154296875, -20.562171936035156, -1.6434006690979004, -1.7251144647598267, -1.731038212776184, -1.7375009059906006, -1.759587287902832, -1.7676453590393066, -1.7989568710327148, -1.8135517835617065, -1.7786149978637695, -1.7646206617355347, -1.6968050003051758, -1.6867622137069702, -1.6911615133285522, -1.6865288019180298, -1.6946616172790527, -1.6894298791885376, -1.7002112865447998, -1.6749595403671265, -1.6910150051116943]
850;[16.601781845092773, 5.747377395629883, 5.073995590209961, 2.068213701248169, 1.9358634948730469, 1.8851960897445679, 1.5428358316421509, 1.5091867446899414, 1.5098774433135986, 1.4359564781188965, 1.4469141960144043, 1.4663162231445312, 1.4866981506347656, 1.4709035158157349, 1.4736037254333496, 1.4902476072311401, 1.4986785650253296, 1.4829306602478027, 1.4634929895401, 1.4673380851745605, 1.4586575031280518];[1.5224616527557373, 1.0372434854507446, 1.1570403575897217, 0.40033164620399475, 0.3362296223640442, 0.3093182444572449, 0.10235658288002014, 0.08027473092079163, 0.08307504653930664, 0.032726630568504333, 0.042084112763404846, 0.05144526809453964, 0.06624505668878555, 0.05904911458492279, 0.06120160594582558, 0.06588380038738251, 0.07984241843223572, 0.07184617221355438, 0.05546768754720688, 0.05646457523107529, 0.05418919026851654];[-139.79371643066406, -18.302291870117188, -22.17171859741211, -3.354779005050659, -3.081446886062622, -2.932976484298706, -1.9636844396591187, -1.9167201519012451, -1.920690655708313, -1.747239351272583, -1.7916786670684814, -1.8309305906295776, -1.874962329864502, -1.8476707935333252, -1.8584727048873901, -1.8999547958374023, -1.9271467924118042, -1.888360857963562, -1.8397845029830933, -1.8446029424667358, -1.843198299407959]
900;[16.633268356323242, 5.6983160972595215, 1.5584111213684082, 1.4417977333068848, 1.419766902923584, 1.4249552488327026, 1.4311823844909668, 1.4172097444534302, 1.4212456941604614, 1.4490116834640503, 1.4271420240402222, 1.3966516256332397, 1.4008314609527588, 1.3969933986663818, 1.4011578559875488, 1.4038379192352295, 1.4073406457901, 1.4158695936203003, 1.4095001220703125, 1.3955706357955933, 1.4126505851745605];[1.5213513374328613, 1.0484814643859863, 0.07702825218439102, 0.017805833369493484, 0.012550069019198418, 0.016984429210424423, 0.025646038353443146, 0.012359858490526676, 0.023995215073227882, 0.03931682929396629, 0.026146644726395607, 0.00778712285682559, 0.006507568527013063, 0.007040935102850199, 0.010523322969675064, 0.012625016272068024, 0.012508717365562916, 0.017703307792544365, 0.018484124913811684, 0.012373123317956924, 0.025519276037812233];[-135.15379333496094, -18.9483585357666, -1.8165227174758911, -1.678624153137207, -1.6805702447891235, -1.7003756761550903, -1.724653720855713, -1.6975096464157104, -1.7237368822097778, -1.7824745178222656, -1.745611548423767, -1.6887750625610352, -1.688677191734314, -1.6965246200561523, -1.7049707174301147, -1.7058131694793701, -1.7117645740509033, -1.728447437286377, -1.7214239835739136, -1.7007081508636475, -1.737634539604187]
950;[16.638181686401367, 6.152972221374512, 1.7766964435577393, 1.7658360004425049, 1.7983779907226562, 1.5200027227401733, 1.4177709817886353, 1.3987104892730713, 1.3964059352874756, 1.4044854640960693, 1.395434856414795, 1.3997089862823486, 1.3897324800491333, 1.3934588432312012, 1.4103397130966187, 1.4070680141448975, 1.3964844942092896, 1.401609182357788, 1.4030003547668457, 1.3886700868606567, 1.3991341590881348];[1.5219247341156006, 1.1020596027374268, 0.20510773360729218, 0.23655855655670166, 0.2644727826118469, 0.08611682057380676, 0.010764303617179394, 0.0053972601890563965, 0.005768453702330589, 0.006715135648846626, 0.005649387836456299, 0.0060972291976213455, 0.005793567281216383, 0.007732726167887449, 0.01601407676935196, 0.019394848495721817, 0.00838205311447382, 0.013011877425014973, 0.01002582162618637, 0.008224213495850563, 0.007904845289885998];[-133.61383056640625, -22.8950138092041, -2.2374274730682373, -2.484086513519287, -2.6035654544830322, -1.9094123840332031, -1.689262866973877, -1.664381504058838, -1.6711088418960571, -1.6930423974990845, -1.6766045093536377, -1.6918251514434814, -1.672998309135437, -1.6742351055145264, -1.7221962213516235, -1.7230054140090942, -1.696421504020691, -1.7102199792861938, -1.710198163986206, -1.6809312105178833, -1.6975346803665161]
1000;[16.592567443847656, 5.573163032531738, 2.1138651371002197, 2.064134120941162, 2.0147476196289062, 1.648290991783142, 1.4913346767425537, 1.5265313386917114, 1.4989335536956787, 1.4761977195739746, 1.422524094581604, 1.4485230445861816, 1.456836223602295, 1.5012707710266113, 1.486472487449646, 1.4856985807418823, 1.4648300409317017, 1.471095323562622, 1.4641525745391846, 1.4427920579910278, 1.4218639135360718];[1.5229628086090088, 1.032834529876709, 0.4210457503795624, 0.43317341804504395, 0.4057430028915405, 0.1799018830060959, 0.06952875107526779, 0.09611497819423676, 0.07571142166852951, 0.05875423923134804, 0.024768227711319923, 0.038583818823099136, 0.047099992632865906, 0.08277574181556702, 0.07354635000228882, 0.07330335676670074, 0.05779781937599182, 0.0624164342880249, 0.054417215287685394, 0.044729094952344894, 0.024798216298222542];[-125.31295776367188, -16.801584243774414, -3.1327805519104004, -3.1926519870758057, -3.112628221511841, -2.2121944427490234, -1.8574965000152588, -1.9461506605148315, -1.902799129486084, -1.8461073637008667, -1.737291693687439, -1.790497899055481, -1.81516432762146, -1.9113214015960693, -1.8874847888946533, -1.8864578008651733, -1.843788743019104, -1.8644006252288818, -1.840063214302063, -1.8109225034713745, -1.7435699701309204]
1050;[16.601688385009766, 5.56955099105835, 1.9784365892410278, 1.755492091178894, 1.7730120420455933, 1.7052967548370361, 1.6962696313858032, 1.4912571907043457, 1.464406132698059, 1.4884623289108276, 1.4348946809768677, 1.4261291027069092, 1.3974595069885254, 1.4040968418121338, 1.420754075050354, 1.428908348083496, 1.426925539970398, 1.4129704236984253, 1.4008558988571167, 1.4087976217269897, 1.414454460144043];[1.522090196609497, 1.0290169715881348, 0.3322025537490845, 0.22936713695526123, 0.24828024208545685, 0.20368444919586182, 0.20382726192474365, 0.06230509281158447, 0.05165833607316017, 0.06960982829332352, 0.033018819987773895, 0.03208344802260399, 0.009193910285830498, 0.013799342326819897, 0.02451702207326889, 0.03198165073990822, 0.032880619168281555, 0.014607453718781471, 0.012836809270083904, 0.015475244261324406, 0.020814308896660805];[-129.16891479492188, -17.259021759033203, -2.7508814334869385, -2.405712842941284, -2.501314163208008, -2.3752572536468506, -2.377626419067383, -1.863466501235962, -1.819374680519104, -1.8736581802368164, -1.757479190826416, -1.7420846223831177, -1.6894598007202148, -1.7082343101501465, -1.7445625066757202, -1.762107491493225, -1.764137864112854, -1.7263474464416504, -1.7039403915405273, -1.7202078104019165, -1.729853630065918]
1100;[16.64256477355957, 5.633838653564453, 5.058286190032959, 1.5111714601516724, 1.41765558719635, 1.4281636476516724, 1.4149785041809082, 1.4173533916473389, 1.414515495300293, 1.4125556945800781, 1.3924071788787842, 1.3951088190078735, 1.4039310216903687, 1.4000604152679443, 1.4437386989593506, 1.440518856048584, 1.4829996824264526, 1.4725903272628784, 1.4660290479660034, 1.4787274599075317, 1.4669359922409058];[1.522599220275879, 1.030613899230957, 1.1766630411148071, 0.06211666017770767, 0.016859114170074463, 0.02139761857688427, 0.01516786776483059, 0.02177346684038639, 0.014312643557786942, 0.01565396785736084, 0.00532748457044363, 0.0063558644615113735, 0.013055256567895412, 0.009962799958884716, 0.03903350234031677, 0.0437733456492424, 0.06647484004497528, 0.06382720172405243, 0.06119932234287262, 0.06863245368003845, 0.05915762484073639];[-133.95269775390625, -17.801284790039062, -21.88439178466797, -1.8095943927764893, -1.6742830276489258, -1.7095673084259033, -1.6939753293991089, -1.7112880945205688, -1.702864408493042, -1.7117185592651367, -1.6714171171188354, -1.6769272089004517, -1.701501727104187, -1.6961899995803833, -1.78715181350708, -1.7976893186569214, -1.8771560192108154, -1.861439824104309, -1.852952003479004, -1.8783215284347534, -1.8447567224502563]
1150;[16.604598999023438, 5.689616680145264, 5.137845039367676, 5.076259136199951, 5.014092445373535, 1.790165662765503, 1.7479231357574463, 1.751033067703247, 1.6108670234680176, 1.4519587755203247, 1.4022520780563354, 1.4030605554580688, 1.4307986497879028, 1.4268896579742432, 1.4265550374984741, 1.4185476303100586, 1.425950050354004, 1.4107699394226074, 1.409482717514038, 1.4129201173782349, 1.4069910049438477];[1.5187335014343262, 1.0356948375701904, 1.1542553901672363, 1.1805884838104248, 1.13944411277771, 0.25681278109550476, 0.23231159150600433, 0.24018751084804535, 0.15311023592948914, 0.03739194944500923, 0.007461022585630417, 0.011549800634384155, 0.030553875491023064, 0.028133254498243332, 0.0276451725512743, 0.022264165803790092, 0.02776499278843403, 0.02196849323809147, 0.02106691151857376, 0.02095848321914673, 0.018588440492749214];[-135.99569702148438, -18.592815399169922, -23.120317459106445, -23.087299346923828, -23.559648513793945, -2.643733501434326, -2.524749994277954, -2.5639073848724365, -2.179749011993408, -1.7798115015029907, -1.6857385635375977, -1.69696843624115, -1.755738377571106, -1.755845069885254, -1.7556812763214111, -1.7376399040222168, -1.756392240524292, -1.7319228649139404, -1.731143832206726, -1.7361531257629395, -1.7207996845245361]
1200;[16.613950729370117, 2.9380524158477783, 1.9874669313430786, 1.7447580099105835, 1.6888927221298218, 1.7122453451156616, 2.0720791816711426, 1.9571949243545532, 1.9289655685424805, 1.8358834981918335, 1.7915818691253662, 1.666155219078064, 1.6714086532592773, 1.6695129871368408, 1.6498939990997314, 1.615635871887207, 1.57387375831604, 1.5520684719085693, 1.483453392982483, 1.5030828714370728, 1.4871488809585571];[1.5213873386383057, 0.4668802320957184, 0.33821818232536316, 0.21399836242198944, 0.19025470316410065, 0.21292100846767426, 0.41469523310661316, 0.354056179523468, 0.34487849473953247, 0.2974788546562195, 0.26082682609558105, 0.19495147466659546, 0.195823535323143, 0.19287905097007751, 0.18279287219047546, 0.16229723393917084, 0.12949377298355103, 0.1188582107424736, 0.07047872245311737, 0.08248281478881836, 0.07381407916545868];[-129.72317504882812, -3.065457820892334, -2.9956541061401367, -2.3993747234344482, -2.3041751384735107, -2.417963743209839, -3.6141605377197266, -3.231294870376587, -3.144801616668701, -2.8490941524505615, -2.7302799224853516, -2.3721132278442383, -2.3899590969085693, -2.3750784397125244, -2.3190298080444336, -2.243856430053711, -2.1115965843200684, -2.0734243392944336, -1.88799250125885, -1.9362053871154785, -1.9020119905471802]
1250;[16.59735107421875, 3.0147016048431396, 1.768892526626587, 1.7190115451812744, 1.6305896043777466, 1.6335539817810059, 1.6372325420379639, 1.5423083305358887, 1.4876971244812012, 1.5689219236373901, 1.5161961317062378, 1.5062477588653564, 1.4901928901672363, 1.4757132530212402, 1.4919912815093994, 1.473605751991272, 1.4527026414871216, 1.454640507698059, 1.4250280857086182, 1.4239065647125244, 1.4130624532699585];[1.5218197107315063, 0.5042176246643066, 0.21327829360961914, 0.20608212053775787, 0.1535729020833969, 0.16206888854503632, 0.16664327681064606, 0.10384644567966461, 0.07023174315690994, 0.12356393784284592, 0.09125088900327682, 0.08598682284355164, 0.07765462249517441, 0.0628737062215805, 0.07305816560983658, 0.06317560374736786, 0.046334534883499146, 0.04990241676568985, 0.03201465681195259, 0.02437678538262844, 0.024791289120912552];[-129.0819854736328, -3.3288817405700684, -2.2682383060455322, -2.3047988414764404, -2.155954599380493, -2.199233293533325, -2.2394652366638184, -2.0056650638580322, -1.877363681793213, -2.0714781284332275, -1.9486451148986816, -1.9402042627334595, -1.9054663181304932, -1.8613624572753906, -1.895471215248108, -1.8697656393051147, -1.814408302307129, -1.8203186988830566, -1.7676652669906616, -1.7508435249328613, -1.7323230504989624]
1300;[16.615434646606445, 3.0258255004882812, 1.5705453157424927, 1.6022955179214478, 1.6208295822143555, 1.6121846437454224, 1.5049655437469482, 1.40484619140625, 1.401063084602356, 1.3983708620071411, 1.4036283493041992, 1.3984100818634033, 1.4063133001327515, 1.3870608806610107, 1.3873839378356934, 1.3924801349639893, 1.4001214504241943, 1.390736699104309, 1.40421724319458, 1.3947126865386963, 1.3899900913238525];[1.5241820812225342, 0.49269503355026245, 0.09343808144330978, 0.13239938020706177, 0.14971384406089783, 0.13972853124141693, 0.0769304633140564, 0.009478055872023106, 0.008913902565836906, 0.006808097939938307, 0.0064543914049863815, 0.006944400258362293, 0.0145832858979702, 0.006879338063299656, 0.006075937766581774, 0.005622680298984051, 0.008680528029799461, 0.008153739385306835, 0.01158562395721674, 0.010074924677610397, 0.006741287652403116];[-130.82994079589844, -3.2259302139282227, -1.886141061782837, -2.0522847175598145, -2.128587007522583, -2.1334192752838135, -1.8827874660491943, -1.6783456802368164, -1.6801272630691528, -1.675455927848816, -1.6874502897262573, -1.6917080879211426, -1.7014873027801514, -1.6721017360687256, -1.6756781339645386, -1.681394338607788, -1.7001913785934448, -1.6803632974624634, -1.7109551429748535, -1.7016948461532593, -1.6910793781280518]
1350;[16.600143432617188, 5.26064920425415, 5.2437744140625, 2.989579200744629, 2.6658742427825928, 2.2333414554595947, 2.215693712234497, 2.1661956310272217, 2.0829355716705322, 2.0348219871520996, 2.05619215965271, 2.049633502960205, 1.8507566452026367, 1.7818820476531982, 1.7407232522964478, 1.6285747289657593, 1.569687843322754, 1.5440244674682617, 1.531364917755127, 1.5078256130218506, 1.5225492715835571];[1.5213971138000488, 1.0331454277038574, 1.3493318557739258, 0.8858707547187805, 0.7483326196670532, 0.5423490405082703, 0.5339924097061157, 0.5092880129814148, 0.4584566056728363, 0.43189606070518494, 0.43951451778411865, 0.44018155336380005, 0.3206176459789276, 0.2781125009059906, 0.24677275121212006, 0.1701921671628952, 0.1303456574678421, 0.10878129303455353, 0.10343436896800995, 0.09213952720165253, 0.09351520240306854];[-140.59400939941406, -12.171360969543457, -20.34191131591797, -6.415942192077637, -5.4237494468688965, -3.8582210540771484, -3.8545525074005127, -3.714606285095215, -3.503235101699829, -3.388350486755371, -3.4531922340393066, -3.4497601985931396, -2.828213691711426, -2.623063564300537, -2.5161056518554688, -2.21610951423645, -2.077666759490967, -2.0243537425994873, -2.002413272857666, -1.9509844779968262, -1.9763211011886597]
1400;[16.614906311035156, 5.660678863525391, 1.8608512878417969, 1.645889163017273, 1.629166603088379, 1.5925332307815552, 1.5144308805465698, 1.552831768989563, 1.5323694944381714, 1.483760952949524, 1.465609073638916, 1.463841199874878, 1.4592788219451904, 1.4361679553985596, 1.426400899887085, 1.4166477918624878, 1.415718674659729, 1.4172204732894897, 1.3951016664505005, 1.402068018913269, 1.4187909364700317];[1.5228484869003296, 1.0366421937942505, 0.2540607452392578, 0.15362390875816345, 0.1569792479276657, 0.1342938393354416, 0.0827091783285141, 0.11184747517108917, 0.09668724983930588, 0.07225499302148819, 0.05591272935271263, 0.052468474954366684, 0.04624062031507492, 0.04237997159361839, 0.025924820452928543, 0.021241674199700356, 0.02112988941371441, 0.023399734869599342, 0.009865089319646358, 0.010844068601727486, 0.023228054866194725];[-131.2574462890625, -18.202617645263672, -2.4926483631134033, -2.1282477378845215, -2.149844169616699, -2.0899758338928223, -1.9063187837600708, -2.015394449234009, -1.9730095863342285, -1.877983570098877, -1.830008864402771, -1.820329189300537, -1.8072493076324463, -1.7785851955413818, -1.74544358253479, -1.740018367767334, -1.739359736442566, -1.7355657815933228, -1.696284294128418, -1.70253586769104, -1.7489707469940186]
1450;[16.628917694091797, 5.789125919342041, 5.117198944091797, 5.064919948577881, 4.871232986450195, 5.012556076049805, 5.114600658416748, 4.895402908325195, 1.4827560186386108, 1.4587020874023438, 1.4804010391235352, 1.466770052909851, 1.424879789352417, 1.4317970275878906, 1.431707501411438, 1.4132503271102905, 1.4001097679138184, 1.4116990566253662, 1.4042757749557495, 1.4095081090927124, 1.4084467887878418];[1.5216741561889648, 1.0526849031448364, 1.147495985031128, 1.15592622756958, 1.1641769409179688, 1.1621346473693848, 1.161739706993103, 1.12916100025177, 0.06452562659978867, 0.05233730748295784, 0.05752721428871155, 0.053781021386384964, 0.034926824271678925, 0.03276987746357918, 0.03280467167496681, 0.018952233716845512, 0.01079859770834446, 0.014718308113515377, 0.013755475170910358, 0.01613052561879158, 0.016121961176395416];[-134.41610717773438, -19.653762817382812, -23.059776306152344, -23.434904098510742, -21.32394790649414, -23.330408096313477, -24.91314125061035, -23.0023250579834, -1.857704520225525, -1.8101561069488525, -1.8595678806304932, -1.8405091762542725, -1.7566397190093994, -1.75687837600708, -1.763597846031189, -1.7231686115264893, -1.701420545578003, -1.7141033411026, -1.7129886150360107, -1.7237015962600708, -1.719529151916504]
1500;[16.613460540771484, 3.411865234375, 2.040130853652954, 1.6706972122192383, 1.485184669494629, 1.4986038208007812, 1.4465539455413818, 1.4164481163024902, 1.4006458520889282, 1.4007071256637573, 1.3939101696014404, 1.421913504600525, 1.4156569242477417, 1.406809687614441, 1.407294750213623, 1.4014582633972168, 1.4005488157272339, 1.4045692682266235, 1.4023361206054688, 1.404067873954773, 1.4110403060913086];[1.520970106124878, 0.6246030330657959, 0.3864039182662964, 0.17100012302398682, 0.05541973561048508, 0.07295316457748413, 0.03677045926451683, 0.013529401272535324, 0.005610938183963299, 0.005909906234592199, 0.005578917916864157, 0.02450062334537506, 0.01854921504855156, 0.01560395210981369, 0.013861346058547497, 0.008761593140661716, 0.009196995757520199, 0.012802842073142529, 0.013148593716323376, 0.013403158634901047, 0.01481288205832243];[-133.37060546875, -3.9905219078063965, -2.974926710128784, -2.1619479656219482, -1.8060625791549683, -1.8702750205993652, -1.7554644346237183, -1.6977161169052124, -1.678713083267212, -1.6762192249298096, -1.676649570465088, -1.7394496202468872, -1.7256590127944946, -1.7177610397338867, -1.7079875469207764, -1.6981474161148071, -1.7012783288955688, -1.7111968994140625, -1.7028790712356567, -1.714403510093689, -1.7362977266311646]
50;[19.657913208007812, 11.554413795471191, 6.150305271148682, 3.6710867881774902, 2.818211078643799, 2.265507698059082, 2.1912431716918945, 2.166327476501465, 2.0259971618652344, 1.961521029472351, 1.93048095703125, 1.9043208360671997, 1.8713502883911133, 1.8846162557601929, 1.9131181240081787, 1.9464678764343262, 1.888574481010437, 1.8501757383346558, 1.9110106229782104, 1.9162689447402954, 1.896977186203003];[1.4905939102172852, 1.3006800413131714, 1.1971758604049683, 0.8259106278419495, 0.521902859210968, 0.27167293429374695, 0.23957668244838715, 0.2294250726699829, 0.15348011255264282, 0.11981648206710815, 0.10979931056499481, 0.09203580766916275, 0.07255716621875763, 0.0803661122918129, 0.09714313596487045, 0.11777134239673615, 0.08850590884685516, 0.07417383044958115, 0.1011105328798294, 0.10429280251264572, 0.0906858891248703];[-152.95281982421875, -63.80360412597656, -16.546424865722656, -6.326239585876465, -3.986557722091675, -2.7528836727142334, -2.6500918865203857, -2.625267267227173, -2.3645758628845215, -2.2476742267608643, -2.1952402591705322, -2.164123296737671, -2.1090147495269775, -2.136384963989258, -2.195749521255493, -2.2461776733398438, -2.1669793128967285, -2.092705011367798, -2.2034337520599365, -2.203028678894043, -2.176543951034546]
100;[19.661670684814453, 11.507088661193848, 10.94611930847168, 10.912476539611816, 10.874794960021973, 5.688638210296631, 2.6028337478637695, 2.1209206581115723, 1.8582005500793457, 1.806898593902588, 1.7780749797821045, 1.7623862028121948, 1.7704763412475586, 1.7728407382965088, 1.7706482410430908, 1.7667148113250732, 1.7685599327087402, 1.7560521364212036, 1.7388441562652588, 1.75055730342865, 1.7471085786819458];[1.4938719272613525, 1.2908241748809814, 1.3763067722320557, 1.3876782655715942, 1.4060547351837158, 1.0877057313919067, 0.4081321656703949, 0.19753006100654602, 0.06255891919136047, 0.03350101783871651, 0.022982271388173103, 0.013035480864346027, 0.013692161999642849, 0.01506787445396185, 0.01861514523625374, 0.015967732295393944, 0.018642360344529152, 0.009867916814982891, 0.008345004171133041, 0.01298652682453394, 0.010509831830859184];[-154.89759826660156, -61.936012268066406, -71.18659973144531, -71.97283935546875, -73.2075424194336, -18.693965911865234, -3.710505485534668, -2.5748398303985596, -2.0629847049713135, -1.9750419855117798, -1.947849988937378, -1.9191985130310059, -1.9344631433486938, -1.933808445930481, -1.9352113008499146, -1.9343042373657227, -1.9415545463562012, -1.915758490562439, -1.8957825899124146, -1.9191266298294067, -1.9119808673858643]
150;[19.654085159301758, 8.567853927612305, 6.901353359222412, 6.764062881469727, 2.8219616413116455, 2.220015048980713, 1.9732599258422852, 2.136669635772705, 1.9051649570465088, 1.966763973236084, 1.8528807163238525, 1.808935284614563, 1.787748098373413, 1.7793241739273071, 1.7644836902618408, 1.7487214803695679, 1.7561180591583252, 1.746250867843628, 1.7360948324203491, 1.7629927396774292, 1.7633153200149536];[1.4920892715454102, 1.1356110572814941, 1.334293246269226, 1.2977293729782104, 0.5248663425445557, 0.24972572922706604, 0.12186626344919205, 0.21102303266525269, 0.08766388893127441, 0.1208978071808815, 0.06171788275241852, 0.03914816305041313, 0.029986867681145668, 0.022415263578295708, 0.015532779507339, 0.0106161804869771, 0.010480992496013641, 0.010335633531212807, 0.006356558762490749, 0.013598215766251087, 0.012464654631912708];[-152.41929626464844, -25.10352325439453, -17.435073852539062, -23.427064895629883, -3.914900302886963, -2.6789352893829346, -2.2446584701538086, -2.5895392894744873, -2.1418204307556152, -2.2505805492401123, -2.0619471073150635, -1.9914013147354126, -1.9627058506011963, -1.9536515474319458, -1.9327340126037598, -1.9147578477859497, -1.9208035469055176, -1.9058940410614014, -1.8931825160980225, -1.929842472076416, -1.9328513145446777]
200;[19.6588191986084, 8.326728820800781, 6.760858058929443, 2.717587471008301, 2.0247790813446045, 2.0686371326446533, 2.0162384510040283, 1.9629958868026733, 1.964676856994629, 1.9721665382385254, 2.2329721450805664, 2.280733585357666, 2.2429535388946533, 2.245145082473755, 2.2479097843170166, 2.2549514770507812, 2.018710136413574, 2.0651140213012695, 2.032775640487671, 2.0229523181915283, 1.9205822944641113];[1.4919252395629883, 1.1305466890335083, 1.310422658920288, 0.46668165922164917, 0.1392660290002823, 0.16398416459560394, 0.14733320474624634, 0.11520084738731384, 0.11993371695280075, 0.1278056651353836, 0.2617970108985901, 0.2883341908454895, 0.26921963691711426, 0.26916584372520447, 0.2710762023925781, 0.2783128023147583, 0.1597270369529724, 0.181211456656456, 0.16973665356636047, 0.15950044989585876, 0.10291820764541626];[-147.0408172607422, -23.188810348510742, -16.875568389892578, -3.5190036296844482, -2.2662594318389893, -2.395085573196411, -2.332167625427246, -2.238776683807373, -2.2617886066436768, -2.2851760387420654, -2.8592355251312256, -2.982555866241455, -2.909560203552246, -2.910205602645874, -2.9571194648742676, -2.9565701484680176, -2.430307388305664, -2.5189743041992188, -2.4652276039123535, -2.43294095993042, -2.2336738109588623]
250;[19.66175079345703, 8.361185073852539, 4.651412487030029, 2.492373466491699, 2.523725986480713, 2.500502586364746, 2.4528615474700928, 2.058476448059082, 2.0388176441192627, 1.965687870979309, 1.9372318983078003, 1.9939167499542236, 1.926598310470581, 1.9159290790557861, 1.8913013935089111, 1.8734973669052124, 1.8733233213424683, 1.814845323562622, 1.7969492673873901, 1.7890018224716187, 1.7845206260681152];[1.493707299232483, 1.1217244863510132, 1.0510848760604858, 0.3513437509536743, 0.3824560046195984, 0.38616496324539185, 0.36768972873687744, 0.17380066215991974, 0.16244125366210938, 0.126040518283844, 0.11000671237707138, 0.14246931672096252, 0.10084013640880585, 0.10525241494178772, 0.08800873160362244, 0.0798577144742012, 0.07456909865140915, 0.04519270732998848, 0.0322747603058815, 0.03460142761468887, 0.03134696185588837];[-154.97096252441406, -20.670604705810547, -8.724350929260254, -3.066779136657715, -3.276853561401367, -3.3182456493377686, -3.2514536380767822, -2.4130120277404785, -2.3773796558380127, -2.2570924758911133, -2.2188162803649902, -2.3366036415100098, -2.2059409618377686, -2.198411464691162, -2.1523096561431885, -2.1168065071105957, -2.129563808441162, -2.0221383571624756, -1.986220359802246, -1.9862658977508545, -1.9849919080734253]
300;[19.642494201660156, 11.888984680175781, 5.998803615570068, 2.3117737770080566, 1.9380011558532715, 2.0155420303344727, 1.994789719581604, 1.8852615356445312, 1.880191683769226, 1.8458994626998901, 1.846113920211792, 1.8595483303070068, 1.8560899496078491, 1.8177076578140259, 1.8132966756820679, 1.8085964918136597, 1.789788842201233, 1.7939175367355347, 1.7981343269348145, 1.7874151468276978, 1.8030831813812256];[1.4914203882217407, 1.3047784566879272, 1.0932265520095825, 0.25847509503364563, 0.09373367577791214, 0.13870395720005035, 0.1329774260520935, 0.07453382760286331, 0.07451567053794861, 0.05660199001431465, 0.06038403511047363, 0.06568256765604019, 0.06616649776697159, 0.0494672916829586, 0.047364603728055954, 0.04654292017221451, 0.03620339557528496, 0.03470878675580025, 0.036820799112319946, 0.03114408813416958, 0.04063946753740311];[-152.64915466308594, -69.75749206542969, -17.540084838867188, -2.6798276901245117, -2.124680280685425, -2.273045778274536, -2.2676727771759033, -2.0960235595703125, -2.0978472232818604, -2.0355303287506104, -2.058828353881836, -2.08354115486145, -2.0835585594177246, -2.027249574661255, -2.0211877822875977, -2.0257296562194824, -1.9856573343276978, -1.9907792806625366, -1.992543339729309, -1.9805200099945068, -2.015322208404541]
350;[19.64861488342285, 11.506338119506836, 6.323184013366699, 4.0998640060424805, 3.0753979682922363, 2.7930941581726074, 2.6807727813720703, 2.5502986907958984, 2.322113275527954, 2.3622989654541016, 2.3536319732666016, 2.2447080612182617, 2.165574550628662, 2.1036226749420166, 2.114750862121582, 2.075648069381714, 2.0081467628479004, 2.0134506225585938, 1.9628024101257324, 2.022609233856201, 2.037910223007202];[1.4934611320495605, 1.2975393533706665, 1.2662519216537476, 0.9779618978500366, 0.6478146910667419, 0.5340529680252075, 0.47976475954055786, 0.4264824688434601, 0.31013429164886475, 0.3280807137489319, 0.3330220878124237, 0.2722257077693939, 0.2323502004146576, 0.20046156644821167, 0.20785407721996307, 0.1918596774339676, 0.15789024531841278, 0.1563880294561386, 0.12802770733833313, 0.16057245433330536, 0.17217235267162323];[-153.00791931152344, -61.8321647644043, -16.858186721801758, -7.5369672775268555, -4.594142436981201, -4.007909297943115, -3.765446186065674, -3.4701855182647705, -2.9931957721710205, -3.094409704208374, -3.09859037399292, -2.852132558822632, -2.688836097717285, -2.5681447982788086, -2.5884180068969727, -2.523141384124756, -2.383751630783081, -2.3915812969207764, -2.3027384281158447, -2.4120821952819824, -2.467618703842163]
400;[19.655685424804688, 11.70829963684082, 6.043028354644775, 3.3925461769104004, 2.162813901901245, 2.1501333713531494, 1.9768626689910889, 1.9509915113449097, 1.8850178718566895, 1.8415930271148682, 1.8417645692825317, 1.7691476345062256, 1.7653818130493164, 1.77099609375, 1.750687837600708, 1.7549047470092773, 1.7581084966659546, 1.7591854333877563, 1.7584662437438965, 1.7634409666061401, 1.7494009733200073];[1.4938910007476807, 1.3041787147521973, 1.1163667440414429, 0.689257800579071, 0.20774012804031372, 0.20890717208385468, 0.12606929242610931, 0.11423972249031067, 0.07941442728042603, 0.053828369826078415, 0.05526379495859146, 0.014723981730639935, 0.0160959605127573, 0.01807580143213272, 0.01059097982943058, 0.008330422453582287, 0.013573119416832924, 0.01913732849061489, 0.012739736586809158, 0.019527092576026917, 0.014019246213138103];[-149.8711700439453, -66.8547134399414, -16.296527862548828, -5.6526618003845215, -2.511861801147461, -2.519002914428711, -2.247520923614502, -2.220752716064453, -2.1099846363067627, -2.0373196601867676, -2.041321039199829, -1.920943021774292, -1.9203983545303345, -1.927726149559021, -1.9078013896942139, -1.9122358560562134, -1.9292035102844238, -1.9267750978469849, -1.9291092157363892, -1.9477816820144653, -1.9213955402374268]
450;[19.66705894470215, 11.673083305358887, 5.956332206726074, 2.3976950645446777, 1.9252915382385254, 1.9067294597625732, 1.8874480724334717, 1.9031771421432495, 1.877450704574585, 1.7600864171981812, 1.7434451580047607, 1.7452781200408936, 1.7530856132507324, 1.7593739032745361, 1.7544314861297607, 1.818092703819275, 1.7901597023010254, 1.7651312351226807, 1.7651077508926392, 1.7576228380203247, 1.7466565370559692];[1.492875576019287, 1.3019884824752808, 1.12063467502594, 0.29661789536476135, 0.08071053773164749, 0.08698967844247818, 0.0811237171292305, 0.08891548961400986, 0.07043112069368362, 0.008814546279609203, 0.004858958534896374, 0.004940159153193235, 0.014123773202300072, 0.013602156192064285, 0.015297799371182919, 0.0478571318089962, 0.028758510947227478, 0.01827990449965, 0.020235933363437653, 0.011814314872026443, 0.011038774624466896];[-152.46664428710938, -67.22076416015625, -16.294361114501953, -2.7662224769592285, -2.084768295288086, -2.1088526248931885, -2.108806848526001, -2.1219289302825928, -2.0930380821228027, -1.8972402811050415, -1.8761932849884033, -1.8916511535644531, -1.9140645265579224, -1.9175033569335938, -1.9134163856506348, -2.023238182067871, -1.9713242053985596, -1.9373812675476074, -1.9420843124389648, -1.9128875732421875, -1.9141987562179565]
500;[19.675182342529297, 8.388733863830566, 4.515417098999023, 2.6159567832946777, 1.9551013708114624, 1.813363790512085, 1.7831469774246216, 1.761828899383545, 1.764073371887207, 1.765525221824646, 1.7566628456115723, 1.7667419910430908, 1.8079288005828857, 1.8439923524856567, 1.8228720426559448, 1.8339664936065674, 1.8910408020019531, 1.8980103731155396, 1.8891726732254028, 1.8636709451675415, 1.8960407972335815];[1.4941493272781372, 1.1186286211013794, 0.9563019275665283, 0.4089667499065399, 0.09803473204374313, 0.029601626098155975, 0.012902135960757732, 0.00831595342606306, 0.010598799213767052, 0.011369717307388783, 0.012740662321448326, 0.012041574344038963, 0.030900008976459503, 0.05761422589421272, 0.049750376492738724, 0.0529671274125576, 0.08555681258440018, 0.09028506278991699, 0.08715295046567917, 0.07253191620111465, 0.09148376435041428];[-146.39483642578125, -21.5848331451416, -8.613082885742188, -3.4292092323303223, -2.1389126777648926, -1.9384738206863403, -1.9144972562789917, -1.8851357698440552, -1.88966965675354, -1.9139825105667114, -1.9040048122406006, -1.9238301515579224, -1.9880928993225098, -2.055877208709717, -2.0181756019592285, -2.0529990196228027, -2.1528983116149902, -2.1773531436920166, -2.154633045196533, -2.114849328994751, -2.180227756500244]
550;[19.647737503051758, 8.409100532531738, 6.865341663360596, 2.562638759613037, 1.9960778951644897, 1.9006747007369995, 1.9257663488388062, 1.908450722694397, 1.9180214405059814, 1.8484874963760376, 1.839411973953247, 1.833304762840271, 1.830691933631897, 1.8104455471038818, 1.7615165710449219, 1.7678017616271973, 1.7615487575531006, 1.7657883167266846, 1.756148099899292, 1.7522213459014893, 1.7608938217163086];[1.4969433546066284, 1.1285439729690552, 1.3168948888778687, 0.3965927064418793, 0.12892530858516693, 0.07958659529685974, 0.0915335938334465, 0.08479724824428558, 0.09068241715431213, 0.059247709810733795, 0.05524140223860741, 0.05318106710910797, 0.04954303801059723, 0.03849921375513077, 0.015368018299341202, 0.01573665253818035, 0.01763358898460865, 0.020622901618480682, 0.011518868617713451, 0.013022679835557938, 0.013915895484387875];[-149.58082580566406, -22.805522918701172, -17.31035614013672, -3.2233290672302246, -2.2210047245025635, -2.099061965942383, -2.1481752395629883, -2.1215052604675293, -2.165583610534668, -2.0406956672668457, -2.0389320850372314, -2.0369436740875244, -2.0323233604431152, -2.006718635559082, -1.936224102973938, -1.9357870817184448, -1.935255765914917, -1.9310367107391357, -1.920183539390564, -1.9186819791793823, -1.9315581321716309]
600;[19.647647857666016, 8.40110969543457, 5.118028163909912, 2.8810839653015137, 2.0653610229492188, 1.8803051710128784, 1.7803159952163696, 1.7662314176559448, 1.7870179414749146, 1.840492606163025, 1.8082102537155151, 1.8078467845916748, 1.867262840270996, 1.8740860223770142, 1.8459243774414062, 1.8551748991012573, 1.8401645421981812, 1.8110525608062744, 1.7759495973587036, 1.763169527053833, 1.7457853555679321];[1.4897536039352417, 1.1288679838180542, 1.1270145177841187, 0.5360307097434998, 0.1580916941165924, 0.06110415607690811, 0.01452015433460474, 0.008138871751725674, 0.021714383736252785, 0.055546488612890244, 0.03604304417967796, 0.03901617228984833, 0.07195642590522766, 0.08611875772476196, 0.06715618818998337, 0.0654866099357605, 0.056989964097738266, 0.03990474343299866, 0.0223199725151062, 0.01705406978726387, 0.009487741626799107];[-155.5789031982422, -22.682781219482422, -10.371196746826172, -3.876424551010132, -2.3289589881896973, -2.040771722793579, -1.8992708921432495, -1.887881875038147, -1.9364821910858154, -2.041625499725342, -1.9859437942504883, -1.984381079673767, -2.0978903770446777, -2.1233246326446533, -2.0799672603607178, -2.085721969604492, -2.059244394302368, -2.0150556564331055, -1.9551036357879639, -1.9298133850097656, -1.9162094593048096]
650;[19.65317153930664, 11.818486213684082, 10.946501731872559, 5.378036975860596, 3.1496856212615967, 2.6484200954437256, 2.6587347984313965, 2.2290022373199463, 1.9752373695373535, 1.926267385482788, 1.9734567403793335, 1.8964763879776, 1.8523552417755127, 1.8320555686950684, 1.761345386505127, 1.7641640901565552, 1.7751492261886597, 1.7679269313812256, 1.7670814990997314, 1.7899707555770874, 1.7884823083877563];[1.495829463005066, 1.3082257509231567, 1.3898916244506836, 1.0389710664749146, 0.603503942489624, 0.44193553924560547, 0.4561406970024109, 0.2615201473236084, 0.12535062432289124, 0.098676897585392, 0.1276579350233078, 0.08995756506919861, 0.062019214034080505, 0.054241739213466644, 0.021501507610082626, 0.016295883804559708, 0.018735453486442566, 0.02166931703686714, 0.02237381786108017, 0.028743350878357887, 0.03080616146326065];[-154.31851196289062, -70.04483795166016, -69.56617736816406, -15.432038307189941, -5.18679666519165, -3.7447872161865234, -3.830113410949707, -2.796170711517334, -2.2667946815490723, -2.1895132064819336, -2.2814600467681885, -2.1554317474365234, -2.0769524574279785, -2.047415018081665, -1.9373788833618164, -1.921104907989502, -1.9500547647476196, -1.9452441930770874, -1.9394649267196655, -1.9853640794754028, -1.9854522943496704]
700;[19.670988082885742, 11.604055404663086, 6.107783317565918, 2.7202794551849365, 2.5899319648742676, 2.2665164470672607, 2.1276590824127197, 2.0482397079467773, 2.028273820877075, 1.962532639503479, 1.943139672279358, 1.8909332752227783, 1.8888006210327148, 1.9154505729675293, 1.9271974563598633, 1.8784693479537964, 1.8754342794418335, 1.8527345657348633, 1.8340204954147339, 1.829940915107727, 1.8067103624343872];[1.4967865943908691, 1.298566460609436, 1.1872708797454834, 0.45818790793418884, 0.4260435104370117, 0.27497512102127075, 0.20374241471290588, 0.16294163465499878, 0.1522558331489563, 0.12372094392776489, 0.11090417951345444, 0.08501128852367401, 0.082244373857975, 0.1017075851559639, 0.10758884251117706, 0.07979187369346619, 0.07692055404186249, 0.06516243517398834, 0.05852452293038368, 0.05745452269911766, 0.043385449796915054];[-153.64109802246094, -64.05773162841797, -15.957198143005371, -3.432020664215088, -3.3834099769592285, -2.778618574142456, -2.522512912750244, -2.402529716491699, -2.352266311645508, -2.2482879161834717, -2.2128658294677734, -2.1340150833129883, -2.136582374572754, -2.188535690307617, -2.214020013809204, -2.135707139968872, -2.1347086429595947, -2.098417043685913, -2.0591564178466797, -2.0601885318756104, -2.016486883163452]
750;[19.6597900390625, 12.020744323730469, 6.107402801513672, 3.347011089324951, 2.0647716522216797, 1.9431759119033813, 1.8574844598770142, 1.8618953227996826, 1.8724979162216187, 1.8875296115875244, 1.9006950855255127, 1.9058932065963745, 1.8807885646820068, 1.9245425462722778, 1.9449342489242554, 1.9175872802734375, 1.8997622728347778, 1.8454961776733398, 1.8922916650772095, 1.8351291418075562, 1.836583137512207];[1.4908860921859741, 1.3140276670455933, 1.0925681591033936, 0.6455028057098389, 0.14760908484458923, 0.10129870474338531, 0.05512828007340431, 0.06050373986363411, 0.06475524604320526, 0.07912098616361618, 0.08629339933395386, 0.08964467793703079, 0.08205065876245499, 0.10035812109708786, 0.11502933502197266, 0.10207989811897278, 0.09138056635856628, 0.0680379644036293, 0.08839339017868042, 0.050890788435935974, 0.05521692335605621];[-151.9556121826172, -73.61902618408203, -17.926511764526367, -5.730240345001221, -2.316098213195801, -2.179844856262207, -2.0324089527130127, -2.0645577907562256, -2.0815680027008057, -2.119575262069702, -2.1419358253479004, -2.163620710372925, -2.1369643211364746, -2.201612949371338, -2.2523369789123535, -2.200847864151001, -2.1731820106506348, -2.082663059234619, -2.1603729724884033, -2.057835578918457, -2.072721004486084]
800;[19.67308235168457, 8.420573234558105, 5.033382415771484, 2.7738635540008545, 2.4725916385650635, 2.176499605178833, 2.1085126399993896, 1.9986225366592407, 2.072725296020508, 2.0546045303344727, 1.9983201026916504, 1.8546910285949707, 1.7875053882598877, 1.7772735357284546, 1.7597606182098389, 1.7477229833602905, 1.7552368640899658, 1.7606112957000732, 1.7724242210388184, 1.7591711282730103, 1.7587103843688965];[1.4954484701156616, 1.1224617958068848, 1.1081422567367554, 0.48402416706085205, 0.3629007041454315, 0.2247750610113144, 0.19030582904815674, 0.1355404257774353, 0.1815984547138214, 0.17343182861804962, 0.1426602303981781, 0.06153726577758789, 0.02621123567223549, 0.02494180202484131, 0.015004749409854412, 0.008816054090857506, 0.010988933965563774, 0.016132155433297157, 0.01937512494623661, 0.019034571945667267, 0.0154126500710845];[-154.16746520996094, -23.130050659179688, -10.360271453857422, -3.6058859825134277, -3.2165167331695557, -2.6018455028533936, -2.501145362854004, -2.305961847305298, -2.4653005599975586, -2.440548896789551, -2.332821846008301, -2.0655038356781006, -1.9539787769317627, -1.9527153968811035, -1.9308584928512573, -1.896992802619934, -1.9180983304977417, -1.9325180053710938, -1.947567105293274, -1.9280239343643188, -1.9273420572280884]
850;[19.63532829284668, 8.46374797821045, 4.597757816314697, 2.630174160003662, 2.1296181678771973, 2.2605364322662354, 2.3197035789489746, 2.162102460861206, 1.9991486072540283, 2.0238900184631348, 1.9056059122085571, 1.9136724472045898, 1.862298607826233, 1.8288660049438477, 1.8134890794754028, 1.850510597229004, 1.7938166856765747, 1.7621537446975708, 1.757718563079834, 1.7657471895217896, 1.7464810609817505];[1.496402621269226, 1.1226848363876343, 0.972926914691925, 0.39745017886161804, 0.18634644150733948, 0.25971320271492004, 0.2936531603336334, 0.22260579466819763, 0.13873577117919922, 0.15312673151493073, 0.09248155355453491, 0.09339747577905655, 0.0645081028342247, 0.05091399326920509, 0.04210582375526428, 0.05582398921251297, 0.03263223171234131, 0.016628451645374298, 0.012958922423422337, 0.014572489075362682, 0.008884862996637821];[-156.89239501953125, -22.883073806762695, -9.430839538574219, -3.5602807998657227, -2.4997637271881104, -2.834616184234619, -2.9844744205474854, -2.6506574153900146, -2.3321523666381836, -2.3618907928466797, -2.158278226852417, -2.17063045501709, -2.0850954055786133, -2.0298731327056885, -2.0128815174102783, -2.0793232917785645, -1.987174391746521, -1.9335273504257202, -1.9206138849258423, -1.9285563230514526, -1.9128210544586182]
900;[19.672168731689453, 8.461137771606445, 6.822704315185547, 6.749513149261475, 6.722436904907227, 6.756252288818359, 2.6140074729919434, 1.8288543224334717, 1.7782315015792847, 1.7601122856140137, 1.7594599723815918, 1.7826229333877563, 1.7923282384872437, 1.7826460599899292, 1.8053922653198242, 1.8190289735794067, 1.8154878616333008, 1.8353219032287598, 1.8249554634094238, 1.7967076301574707, 1.8293395042419434];[1.4966233968734741, 1.1371737718582153, 1.319027066230774, 1.2401165962219238, 1.2592390775680542, 1.251920223236084, 0.4316943883895874, 0.038931068032979965, 0.018668092787265778, 0.006541160400956869, 0.008269683457911015, 0.024326203390955925, 0.026851782575249672, 0.023751502856612206, 0.03802865371108055, 0.04671305790543556, 0.04166172072291374, 0.05288803204894066, 0.052009765058755875, 0.040267281234264374, 0.05958230793476105];[-154.64678955078125, -24.132343292236328, -17.670177459716797, -24.274974822998047, -25.179115295410156, -25.889453887939453, -3.6476573944091797, -1.9866622686386108, -1.9228359460830688, -1.8962827920913696, -1.9064215421676636, -1.9546946287155151, -1.964892864227295, -1.9620698690414429, -2.0045583248138428, -2.0256714820861816, -2.0184175968170166, -2.053027391433716, -2.040484666824341, -2.001258134841919, -2.0603606700897217]
950;[19.667163848876953, 8.51138687133789, 6.8040361404418945, 6.786506175994873, 2.983494281768799, 2.235700845718384, 2.0253169536590576, 1.9354348182678223, 1.8779617547988892, 1.8200148344039917, 1.8059625625610352, 1.8042460680007935, 1.7942442893981934, 1.777079463005066, 1.7611355781555176, 1.7411770820617676, 1.757377028465271, 1.7506365776062012, 1.7601896524429321, 1.7425100803375244, 1.7566250562667847];[1.4918136596679688, 1.1300418376922607, 1.3518126010894775, 1.3218685388565063, 0.6056458353996277, 0.2582949101924896, 0.14513170719146729, 0.10361231863498688, 0.07332459092140198, 0.03917331621050835, 0.036737509071826935, 0.033043310046195984, 0.03397216647863388, 0.024642424657940865, 0.012518608942627907, 0.0073878103867173195, 0.012636160477995872, 0.009092586115002632, 0.010735593736171722, 0.00944025069475174, 0.01022788044065237];[-150.7345733642578, -24.394689559936523, -15.896047592163086, -23.87192153930664, -4.300821304321289, -2.7098777294158936, -2.3151471614837646, -2.172006845474243, -2.0893378257751465, -2.0015830993652344, -1.9834941625595093, -1.9865350723266602, -1.9730033874511719, -1.942521333694458, -1.9254909753799438, -1.902842402458191, -1.9231350421905518, -1.9164879322052002, -1.9320563077926636, -1.9047234058380127, -1.92120361328125]
1000;[19.63071060180664, 8.274961471557617, 4.0473175048828125, 1.8747035264968872, 1.7996937036514282, 1.770268201828003, 1.7903579473495483, 1.7611548900604248, 1.7671006917953491, 1.759708285331726, 1.7642226219177246, 1.7594032287597656, 1.7536256313323975, 1.7660300731658936, 1.7641116380691528, 1.766975998878479, 1.75937819480896, 1.7691497802734375, 1.7648158073425293, 1.751236081123352, 1.7504281997680664];[1.494160771369934, 1.112932801246643, 0.7694789171218872, 0.03658365458250046, 0.012787609361112118, 0.008896035142242908, 0.019762611016631126, 0.008044903166592121, 0.010516822338104248, 0.006374336313456297, 0.012928352691233158, 0.005299048963934183, 0.0055845510214567184, 0.01668805442750454, 0.01612263359129429, 0.019732816144824028, 0.014527184888720512, 0.019866907969117165, 0.013995514251291752, 0.013007394969463348, 0.007015152368694544];[-147.03321838378906, -20.6400203704834, -7.591900825500488, -1.9296326637268066, -1.8746222257614136, -1.8815772533416748, -1.9130160808563232, -1.881787896156311, -1.905900001525879, -1.8977632522583008, -1.9128320217132568, -1.9061088562011719, -1.9038238525390625, -1.9204133749008179, -1.9279310703277588, -1.9375805854797363, -1.925901174545288, -1.9472436904907227, -1.9332493543624878, -1.927828073501587, -1.9091399908065796]
1050;[19.642393112182617, 8.495797157287598, 6.805135726928711, 6.763971328735352, 6.778642654418945, 6.759984970092773, 6.755270004272461, 2.799746036529541, 2.0035457611083984, 1.7960516214370728, 1.7865784168243408, 1.7701845169067383, 1.7947088479995728, 1.7829235792160034, 1.7725900411605835, 1.753312587738037, 1.744516134262085, 1.770682692527771, 1.7622309923171997, 1.7521328926086426, 1.7542322874069214];[1.494938611984253, 1.1349674463272095, 1.2571781873703003, 1.2122550010681152, 1.206987738609314, 1.2274765968322754, 1.2359392642974854, 0.5013120770454407, 0.14335159957408905, 0.027697935700416565, 0.02450794167816639, 0.020776353776454926, 0.03296436741948128, 0.025465039536356926, 0.02104872278869152, 0.010569959878921509, 0.007791904266923666, 0.014257710427045822, 0.016881927847862244, 0.00848559383302927, 0.010695929639041424];[-149.76966857910156, -23.993358612060547, -17.27411460876465, -25.293170928955078, -26.746488571166992, -26.531484603881836, -26.566701889038086, -4.292022705078125, -2.3249874114990234, -1.9529937505722046, -1.9486967325210571, -1.9255419969558716, -1.9736212491989136, -1.9606600999832153, -1.9428173303604126, -1.915472149848938, -1.9063918590545654, -1.9442541599273682, -1.9325581789016724, -1.9168744087219238, -1.9172509908676147]
1100;[19.682933807373047, 8.455910682678223, 6.804572105407715, 6.767192840576172, 6.741259574890137, 6.7361063957214355, 2.839473009109497, 2.158381462097168, 2.084425687789917, 1.900052785873413, 1.8275305032730103, 1.8353973627090454, 1.864935278892517, 1.8484562635421753, 2.06768536567688, 2.080695152282715, 2.1483516693115234, 2.090421199798584, 2.0842370986938477, 2.0704779624938965, 1.986646294593811];[1.4954909086227417, 1.1346133947372437, 1.304006814956665, 1.258691668510437, 1.2725032567977905, 1.2844233512878418, 0.5369284749031067, 0.22829818725585938, 0.18534253537654877, 0.08643559366464615, 0.04879353940486908, 0.05301488935947418, 0.07217596471309662, 0.06135730445384979, 0.18200643360614777, 0.19656230509281158, 0.2255268096923828, 0.2012936770915985, 0.1980980932712555, 0.1897369921207428, 0.14264610409736633];[-154.83074951171875, -24.067747116088867, -16.982532501220703, -24.542369842529297, -25.035058975219727, -25.1905460357666, -4.202589511871338, -2.6084353923797607, -2.4688222408294678, -2.14239764213562, -2.01352596282959, -2.0350241661071777, -2.09870982170105, -2.0712990760803223, -2.487093925476074, -2.542771100997925, -2.6646840572357178, -2.557161331176758, -2.546342134475708, -2.5144777297973633, -2.3359456062316895]
1150;[19.651161193847656, 11.66259765625, 6.06974983215332, 2.6992931365966797, 2.4070885181427, 2.0838370323181152, 1.9211410284042358, 1.8235142230987549, 1.8047409057617188, 1.8421233892440796, 1.8708617687225342, 1.8739345073699951, 1.8324382305145264, 1.8291065692901611, 1.8341741561889648, 1.8616276979446411, 1.8351373672485352, 1.7844456434249878, 1.7700891494750977, 1.749169945716858, 1.7490850687026978];[1.4931397438049316, 1.299399971961975, 1.141127109527588, 0.44472911953926086, 0.33674147725105286, 0.17483757436275482, 0.0877852737903595, 0.039641283452510834, 0.03451313078403473, 0.04725848138332367, 0.06959714740514755, 0.07501500099897385, 0.0515395924448967, 0.05070085451006889, 0.05273081362247467, 0.06903831660747528, 0.0554434172809124, 0.029528284445405006, 0.023224450647830963, 0.009279970079660416, 0.009833922609686852];[-153.42446899414062, -67.10223388671875, -16.849143981933594, -3.401249647140503, -2.987900495529175, -2.446702480316162, -2.140411615371704, -1.9800359010696411, -1.9668381214141846, -2.0229876041412354, -2.08626389503479, -2.1100082397460938, -2.0344767570495605, -2.0425655841827393, -2.0555801391601562, -2.1032068729400635, -2.056182622909546, -1.976395606994629, -1.9532692432403564, -1.9188330173492432, -1.9142895936965942]
1200;[19.657428741455078, 8.289019584655762, 4.176947593688965, 2.609718084335327, 2.0892233848571777, 1.8229501247406006, 2.012760877609253, 2.017030954360962, 2.0020623207092285, 1.9558022022247314, 1.9508970975875854, 1.8647394180297852, 1.8719291687011719, 1.859232783317566, 1.8758643865585327, 1.8461800813674927, 1.8343316316604614, 1.8030266761779785, 1.7659142017364502, 1.7900280952453613, 1.7793387174606323];[1.4921756982803345, 1.1269432306289673, 0.7841662764549255, 0.3789411783218384, 0.16604213416576385, 0.0336165614426136, 0.13784083724021912, 0.1395091712474823, 0.13801418244838715, 0.11966735869646072, 0.10847669839859009, 0.0739719420671463, 0.07589565962553024, 0.0676153302192688, 0.07827836275100708, 0.06417528539896011, 0.05219503864645958, 0.040330905467271805, 0.01722036674618721, 0.029622092843055725, 0.0263192318379879];[-150.0464324951172, -22.111255645751953, -8.181998252868652, -3.4627013206481934, -2.4042012691497803, -1.9540460109710693, -2.3050930500030518, -2.334747552871704, -2.3253579139709473, -2.251945734024048, -2.243988275527954, -2.101583242416382, -2.1151037216186523, -2.091768503189087, -2.1235289573669434, -2.0852620601654053, -2.046937942504883, -2.009619951248169, -1.9312268495559692, -1.976793646812439, -1.962368369102478]
1250;[19.626976013183594, 11.838255882263184, 10.91059684753418, 11.025487899780273, 5.631901741027832, 3.4391424655914307, 2.7731246948242188, 2.629274606704712, 2.063863754272461, 1.9912418127059937, 1.9730950593948364, 1.9770185947418213, 1.8391064405441284, 1.864067792892456, 1.855875849723816, 1.798401951789856, 1.7974499464035034, 1.8025093078613281, 1.7875416278839111, 1.804103136062622, 1.7829673290252686];[1.4935609102249146, 1.3035736083984375, 1.3894321918487549, 1.373206615447998, 1.0348833799362183, 0.6672848463058472, 0.4770928919315338, 0.4258906841278076, 0.17603030800819397, 0.13281956315040588, 0.12817488610744476, 0.13435687124729156, 0.06023992598056793, 0.06953202188014984, 0.06466253101825714, 0.03481234237551689, 0.03289136290550232, 0.037612710148096085, 0.03291986882686615, 0.03532088175415993, 0.031756747514009476];[-150.3084716796875, -69.7023696899414, -68.64656829833984, -75.43437194824219, -18.433452606201172, -6.62518310546875, -4.294653415679932, -3.9059133529663086, -2.481877326965332, -2.323065996170044, -2.295457601547241, -2.3242239952087402, -2.06341290473938, -2.0970678329467773, -2.0815422534942627, -1.995794653892517, -1.9892945289611816, -2.0006978511810303, -1.9868022203445435, -2.002675771713257, -1.971379041671753]
1300;[19.653032302856445, 11.860749244689941, 10.9027681350708, 5.305561065673828, 2.219726800918579, 1.8596524000167847, 1.7925705909729004, 1.8398847579956055, 1.8099184036254883, 1.8044428825378418, 1.8056854009628296, 1.7869973182678223, 1.7575069665908813, 1.7631551027297974, 1.7650920152664185, 1.777164101600647, 1.768506646156311, 1.7604678869247437, 1.7612719535827637, 1.7500969171524048, 1.7574052810668945];[1.4931464195251465, 1.3021674156188965, 1.416516900062561, 1.0616936683654785, 0.22582238912582397, 0.047344040125608444, 0.022736888378858566, 0.0507836677134037, 0.03765101730823517, 0.03333275765180588, 0.030513295903801918, 0.023790830746293068, 0.010685610584914684, 0.02041071653366089, 0.020978815853595734, 0.023149311542510986, 0.01590530388057232, 0.01720491610467434, 0.01193348877131939, 0.011421439237892628, 0.01575297676026821];[-149.4381561279297, -69.0911636352539, -66.72605895996094, -14.590666770935059, -2.5823421478271484, -2.0002176761627197, -1.9258798360824585, -2.0136585235595703, -1.978206753730774, -1.9751760959625244, -1.9733023643493652, -1.960456371307373, -1.9038587808609009, -1.9291834831237793, -1.9361605644226074, -1.949770212173462, -1.9412438869476318, -1.9265334606170654, -1.928273320198059, -1.9251022338867188, -1.9356645345687866]
1350;[19.639785766601562, 12.477999687194824, 6.415693759918213, 3.7067673206329346, 2.421201229095459, 2.2027547359466553, 2.2015178203582764, 2.295511245727539, 2.29901385307312, 2.297589063644409, 2.3362953662872314, 2.2111449241638184, 2.0387215614318848, 1.9699596166610718, 1.9581401348114014, 1.8741346597671509, 1.8277033567428589, 1.8053042888641357, 1.7990390062332153, 1.7835781574249268, 1.8060519695281982];[1.492918848991394, 1.3432766199111938, 1.0799286365509033, 0.719136655330658, 0.3196870982646942, 0.2319016009569168, 0.23436981439590454, 0.2879848778247833, 0.2920082211494446, 0.29681846499443054, 0.3106673061847687, 0.25620031356811523, 0.16745389997959137, 0.13194787502288818, 0.12327228486537933, 0.07508721947669983, 0.05048023536801338, 0.03541664406657219, 0.03496359661221504, 0.03134554252028465, 0.03596457093954086];[-158.63790893554688, -80.33858489990234, -21.434377670288086, -7.137692928314209, -3.0739660263061523, -2.692246437072754, -2.750437021255493, -2.952812433242798, -2.998120069503784, -3.0185298919677734, -3.1105453968048096, -2.817996025085449, -2.4437384605407715, -2.3003950119018555, -2.2777762413024902, -2.1144039630889893, -2.036229133605957, -2.007565498352051, -2.002570629119873, -1.9772125482559204, -2.0094738006591797]
1400;[19.651063919067383, 11.656943321228027, 10.920066833496094, 10.917898178100586, 5.730244159698486, 2.8015058040618896, 2.4289071559906006, 2.3054630756378174, 2.322181224822998, 2.1034975051879883, 2.09834885597229, 2.107282876968384, 1.9570059776306152, 1.8687005043029785, 1.8689320087432861, 1.807012677192688, 1.8006597757339478, 1.7993934154510498, 1.8265436887741089, 1.828832983970642, 1.7838248014450073];[1.4959782361984253, 1.2975006103515625, 1.3803287744522095, 1.3913987874984741, 1.076068639755249, 0.4798552393913269, 0.34044143557548523, 0.28575408458709717, 0.29572829604148865, 0.19995933771133423, 0.19595038890838623, 0.19573761522769928, 0.11460916697978973, 0.08014512062072754, 0.07140877842903137, 0.03826715052127838, 0.036193445324897766, 0.037022944539785385, 0.052598096430301666, 0.051110848784446716, 0.02686327137053013];[-152.6933135986328, -64.39562225341797, -70.29701232910156, -72.76301574707031, -18.439538955688477, -4.2747883796691895, -3.284010648727417, -3.01849365234375, -3.093269109725952, -2.5863168239593506, -2.5813660621643066, -2.589435338973999, -2.2633681297302246, -2.1189262866973877, -2.108287811279297, -2.0154612064361572, -2.0034637451171875, -1.9908089637756348, -2.0540175437927246, -2.0479283332824707, -1.9760059118270874]
1450;[19.666675567626953, 11.687335014343262, 6.139822006225586, 2.7713494300842285, 2.088383436203003, 2.1809804439544678, 2.225626230239868, 2.254086971282959, 2.199033737182617, 2.198185920715332, 2.1111834049224854, 2.0895071029663086, 2.021543264389038, 2.0143251419067383, 1.899173378944397, 1.8708163499832153, 1.786948561668396, 1.8002036809921265, 1.7883416414260864, 1.795555830001831, 1.7906746864318848];[1.4959102869033813, 1.3003795146942139, 1.1645395755767822, 0.4711545705795288, 0.1728520542383194, 0.22231245040893555, 0.25681182742118835, 0.26998063921928406, 0.24908235669136047, 0.2552347481250763, 0.19825340807437897, 0.1928144097328186, 0.16574139893054962, 0.1555294245481491, 0.0899244025349617, 0.0763772651553154, 0.02911848947405815, 0.03212248906493187, 0.029673701152205467, 0.032684680074453354, 0.03150307387113571];[-153.21067810058594, -64.38504791259766, -16.889141082763672, -3.5712668895721436, -2.3774912357330322, -2.5850934982299805, -2.6882073879241943, -2.7776596546173096, -2.7074146270751953, -2.705735683441162, -2.5460479259490967, -2.5192272663116455, -2.3907103538513184, -2.3708138465881348, -2.1584949493408203, -2.1082394123077393, -1.9712272882461548, -1.98516845703125, -1.9765933752059937, -1.9931001663208008, -1.9855533838272095]
1500;[19.6519775390625, 11.943251609802246, 10.99606704711914, 10.945886611938477, 10.970685958862305, 10.968059539794922, 5.816762924194336, 3.6025731563568115, 2.198202133178711, 2.0485329627990723, 1.9003299474716187, 2.026791572570801, 1.9486247301101685, 1.8844976425170898, 1.8537744283676147, 1.8109846115112305, 1.8103179931640625, 1.8281038999557495, 1.8190298080444336, 1.815159559249878, 1.820725440979004];[1.4934780597686768, 1.3147920370101929, 1.3666523694992065, 1.3945724964141846, 1.4285554885864258, 1.4228107929229736, 1.1179782152175903, 0.7628926038742065, 0.24116338789463043, 0.1667250692844391, 0.08933600783348083, 0.1597539484500885, 0.11386799067258835, 0.08302205801010132, 0.0644349530339241, 0.03908175975084305, 0.04034727066755295, 0.05053142085671425, 0.04814204201102257, 0.045216094702482224, 0.04500527307391167];[-153.4311065673828, -71.11585998535156, -72.1211166381836, -72.36968994140625, -72.64749145507812, -74.75701904296875, -19.71671485900879, -6.981935977935791, -2.7064430713653564, -2.421708345413208, -2.15901255607605, -2.4149906635284424, -2.2549800872802734, -2.146164894104004, -2.080660820007324, -2.0085959434509277, -2.0132548809051514, -2.045119047164917, -2.027249336242676, -2.028947353363037, -2.0470311641693115]
