Seed;RMSE History;MMD History;Log-Likelihood History
50;[16.376911163330078, 13.559499740600586, 11.266096115112305, 9.901595115661621, 10.418501853942871, 10.75115966796875, 10.616947174072266, 10.671953201293945, 10.504337310791016, 10.516408920288086, 10.588245391845703, 10.367698669433594, 10.212132453918457, 9.941027641296387, 9.639920234680176, 9.648380279541016, 9.652538299560547, 9.450738906860352, 9.266589164733887, 9.2622709274292, 9.198714256286621];[1.397889256477356, 1.3142716884613037, 1.221505880355835, 1.2940843105316162, 1.3278930187225342, 1.3396506309509277, 1.3304812908172607, 1.3500962257385254, 1.3390933275222778, 1.364091157913208, 1.370894432067871, 1.35540771484375, 1.346152663230896, 1.3372997045516968, 1.3396623134613037, 1.3296276330947876, 1.3519400358200073, 1.328718900680542, 1.332181692123413, 1.334740400314331, 1.344353199005127];[-73.03792572021484, -49.51707077026367, -32.20326232910156, -31.6656436920166, -42.452476501464844, -45.07964324951172, -45.12684631347656, -45.2061882019043, -43.186561584472656, -43.61642074584961, -43.85542297363281, -43.05426788330078, -41.960594177246094, -38.92039489746094, -36.4719352722168, -38.004695892333984, -38.145050048828125, -36.971988677978516, -34.851806640625, -34.68339920043945, -34.57133483886719]
100;[16.369844436645508, 14.397054672241211, 11.862563133239746, 10.895421981811523, 10.612271308898926, 10.36883544921875, 10.342761993408203, 10.521327018737793, 10.38473129272461, 10.313892364501953, 10.261329650878906, 9.89443588256836, 9.51873779296875, 9.120803833007812, 8.69316291809082, 8.326793670654297, 7.808473110198975, 7.409796714782715, 6.834773063659668, 6.340362548828125, 6.192317485809326];[1.3970413208007812, 1.3417611122131348, 1.262446641921997, 1.3473782539367676, 1.4438143968582153, 1.4504989385604858, 1.4109163284301758, 1.445625901222229, 1.4426791667938232, 1.4211465120315552, 1.4325937032699585, 1.4227502346038818, 1.408534049987793, 1.4068527221679688, 1.3927772045135498, 1.3719301223754883, 1.3281344175338745, 1.310823917388916, 1.2655268907546997, 1.2358722686767578, 1.224792242050171];[-72.28092193603516, -52.438663482666016, -40.68720626831055, -38.93109130859375, -38.10405349731445, -38.21742248535156, -40.18095397949219, -41.44147872924805, -41.389041900634766, -41.90888977050781, -40.1845588684082, -37.54253005981445, -34.820858001708984, -31.617185592651367, -28.28842544555664, -25.553598403930664, -22.815919876098633, -20.245359420776367, -17.246837615966797, -14.713647842407227, -14.149113655090332]
150;[16.36842918395996, 13.689594268798828, 11.058547019958496, 9.549249649047852, 8.777545928955078, 7.612483024597168, 7.666106700897217, 7.928784370422363, 8.595917701721191, 8.740253448486328, 8.876587867736816, 8.485987663269043, 7.906634330749512, 7.310853958129883, 6.76993465423584, 6.7535481452941895, 6.691224575042725, 6.597356796264648, 6.553308486938477, 6.507352828979492, 6.48361349105835];[1.3987120389938354, 1.3210029602050781, 1.2203813791275024, 1.2362056970596313, 1.4268609285354614, 1.3363109827041626, 1.2828108072280884, 1.3059316873550415, 1.3515291213989258, 1.3583471775054932, 1.382609248161316, 1.36598539352417, 1.340285301208496, 1.2795288562774658, 1.2514342069625854, 1.2833343744277954, 1.2505698204040527, 1.2455813884735107, 1.2372421026229858, 1.2347348928451538, 1.2218294143676758];[-71.65807342529297, -49.46168899536133, -31.777788162231445, -21.796188354492188, -16.022846221923828, -15.465023040771484, -17.12700080871582, -19.882204055786133, -24.511886596679688, -24.303834915161133, -25.467599868774414, -22.99624252319336, -19.86492919921875, -18.15408706665039, -16.13424301147461, -16.191923141479492, -16.254114151000977, -16.105735778808594, -15.713959693908691, -15.665750503540039, -15.5831937789917]
200;[16.373374938964844, 13.450876235961914, 11.552995681762695, 10.329254150390625, 10.081153869628906, 10.524492263793945, 10.761940002441406, 10.69051742553711, 10.327790260314941, 10.13110065460205, 9.988163948059082, 9.746482849121094, 9.730857849121094, 9.35247802734375, 9.300518035888672, 8.947879791259766, 8.698871612548828, 8.459324836730957, 8.394516944885254, 8.344635963439941, 8.307760238647461];[1.395896315574646, 1.3102641105651855, 1.2669521570205688, 1.3029338121414185, 1.3137644529342651, 1.3002734184265137, 1.301740288734436, 1.2989481687545776, 1.2915968894958496, 1.286129117012024, 1.3046653270721436, 1.2900264263153076, 1.2985931634902954, 1.293799877166748, 1.2942756414413452, 1.2785940170288086, 1.268349289894104, 1.2759937047958374, 1.2793676853179932, 1.2642742395401, 1.2677621841430664];[-72.9843521118164, -53.515995025634766, -39.52128601074219, -33.45350646972656, -38.44830322265625, -44.541656494140625, -47.418312072753906, -45.99473190307617, -42.9897346496582, -41.586849212646484, -40.312538146972656, -38.6688117980957, -38.92607116699219, -35.756961822509766, -35.107486724853516, -32.25492858886719, -29.57038116455078, -28.688209533691406, -28.763574600219727, -28.385217666625977, -28.33975601196289]
250;[16.361940383911133, 13.341800689697266, 11.704187393188477, 10.661066055297852, 10.626568794250488, 10.642446517944336, 10.661235809326172, 10.759315490722656, 10.620946884155273, 10.482051849365234, 10.471075057983398, 10.370946884155273, 10.364930152893066, 10.37480354309082, 10.254648208618164, 9.992592811584473, 9.742317199707031, 9.44372844696045, 9.00241756439209, 8.8274564743042, 8.611153602600098];[1.397222876548767, 1.3079382181167603, 1.2712047100067139, 1.305944561958313, 1.4264951944351196, 1.4537463188171387, 1.4173105955123901, 1.4148331880569458, 1.4129900932312012, 1.4014809131622314, 1.4198414087295532, 1.4230574369430542, 1.4253970384597778, 1.4274406433105469, 1.4371130466461182, 1.4399287700653076, 1.4276295900344849, 1.4175430536270142, 1.4089375734329224, 1.4038491249084473, 1.419751763343811];[-73.10462188720703, -52.686851501464844, -41.72506332397461, -33.96037292480469, -38.62202072143555, -40.401283264160156, -43.764320373535156, -44.5103874206543, -44.00102615356445, -42.8190803527832, -43.042545318603516, -42.094932556152344, -42.03849792480469, -41.71278762817383, -40.18376922607422, -38.23407745361328, -36.590606689453125, -33.88280487060547, -30.904380798339844, -29.378028869628906, -27.649368286132812]
300;[16.380901336669922, 13.448047637939453, 11.921051979064941, 11.208438873291016, 10.863454818725586, 10.875844955444336, 10.679521560668945, 10.354273796081543, 10.267894744873047, 9.902088165283203, 9.919480323791504, 9.931082725524902, 9.897597312927246, 9.881133079528809, 9.727293968200684, 9.690969467163086, 9.669322967529297, 9.590694427490234, 9.439458847045898, 9.232987403869629, 8.896709442138672];[1.3972654342651367, 1.3216536045074463, 1.2834962606430054, 1.3040677309036255, 1.3292971849441528, 1.3279778957366943, 1.326427936553955, 1.319738745689392, 1.3200271129608154, 1.305029034614563, 1.3174731731414795, 1.3254412412643433, 1.305849313735962, 1.3176220655441284, 1.313620924949646, 1.2972863912582397, 1.3184330463409424, 1.3091578483581543, 1.3105072975158691, 1.2951148748397827, 1.2811400890350342];[-71.25759887695312, -55.267677307128906, -47.065311431884766, -44.2122802734375, -46.266807556152344, -47.21895980834961, -44.804473876953125, -41.88039016723633, -40.9332389831543, -38.26698303222656, -37.8984260559082, -38.004207611083984, -39.70184326171875, -39.53250503540039, -38.572113037109375, -39.2087287902832, -38.93952941894531, -37.766780853271484, -36.724369049072266, -35.617164611816406, -32.9454345703125]
350;[16.37685203552246, 13.712079048156738, 11.444975852966309, 10.628981590270996, 9.937263488769531, 9.591927528381348, 9.057084083557129, 8.78152847290039, 8.775784492492676, 8.778430938720703, 8.440052032470703, 8.025799751281738, 7.9350810050964355, 8.03886604309082, 7.8995585441589355, 7.949460029602051, 7.762948036193848, 7.755715370178223, 7.6176652908325195, 7.587953567504883, 7.443968296051025];[1.3971993923187256, 1.311146855354309, 1.2667253017425537, 1.3286657333374023, 1.4538977146148682, 1.5367941856384277, 1.493010401725769, 1.4789187908172607, 1.5162423849105835, 1.5483696460723877, 1.5426568984985352, 1.5278997421264648, 1.5407735109329224, 1.5541456937789917, 1.5397769212722778, 1.547017216682434, 1.535300850868225, 1.5309481620788574, 1.515848994255066, 1.5076956748962402, 1.4916142225265503];[-71.22865295410156, -47.89995574951172, -38.2110595703125, -31.56043243408203, -28.04070281982422, -27.105215072631836, -24.851633071899414, -23.481273651123047, -23.535507202148438, -23.84164810180664, -21.490449905395508, -19.36551284790039, -19.368986129760742, -19.718534469604492, -19.036579132080078, -19.095638275146484, -18.84379005432129, -18.52666664123535, -18.034015655517578, -17.80480194091797, -17.565340042114258]
400;[16.363100051879883, 13.359713554382324, 11.877288818359375, 11.440542221069336, 11.118901252746582, 11.184802055358887, 11.044327735900879, 10.986907005310059, 11.013348579406738, 10.907894134521484, 10.859753608703613, 10.759034156799316, 10.866077423095703, 10.858996391296387, 10.968284606933594, 11.027705192565918, 10.935783386230469, 10.938087463378906, 10.991046905517578, 10.841626167297363, 10.796902656555176];[1.3982000350952148, 1.3104040622711182, 1.2920050621032715, 1.3686665296554565, 1.4143561124801636, 1.3908230066299438, 1.4246985912322998, 1.3792779445648193, 1.3882464170455933, 1.3804172277450562, 1.3853808641433716, 1.3943322896957397, 1.4026113748550415, 1.4050979614257812, 1.4139965772628784, 1.4239120483398438, 1.4387987852096558, 1.4413092136383057, 1.4429192543029785, 1.4382565021514893, 1.4417235851287842];[-71.06763458251953, -53.100685119628906, -46.280975341796875, -46.87751007080078, -48.092708587646484, -49.967369079589844, -47.07435989379883, -48.49641418457031, -48.65583038330078, -48.50010299682617, -47.62184143066406, -46.738685607910156, -47.466644287109375, -47.97454071044922, -49.677120208740234, -49.72587966918945, -48.76832962036133, -48.73974609375, -49.2567024230957, -48.10036087036133, -47.535675048828125]
450;[16.369915008544922, 14.723454475402832, 12.343559265136719, 10.448394775390625, 9.631948471069336, 10.27122688293457, 10.686646461486816, 10.667959213256836, 10.389545440673828, 10.355157852172852, 10.323500633239746, 10.137683868408203, 9.923648834228516, 9.722618103027344, 9.721092224121094, 9.220939636230469, 9.215176582336426, 9.20492935180664, 9.087301254272461, 8.936843872070312, 8.930939674377441];[1.396751880645752, 1.3537139892578125, 1.269944429397583, 1.2128406763076782, 1.2889693975448608, 1.3346190452575684, 1.374150276184082, 1.404361367225647, 1.397932767868042, 1.3905292749404907, 1.4232596158981323, 1.4068301916122437, 1.3993562459945679, 1.3897475004196167, 1.4027661085128784, 1.3762848377227783, 1.3751698732376099, 1.3730535507202148, 1.3797639608383179, 1.3717966079711914, 1.3885817527770996];[-71.8649673461914, -55.414695739746094, -38.69568634033203, -27.426698684692383, -29.776653289794922, -40.569583892822266, -44.67873001098633, -44.676002502441406, -42.82906723022461, -42.134395599365234, -42.086509704589844, -40.868927001953125, -38.92692565917969, -37.879886627197266, -36.633033752441406, -33.94462585449219, -34.506534576416016, -34.3680534362793, -33.21448516845703, -32.557350158691406, -31.683218002319336]
500;[16.342056274414062, 13.713896751403809, 11.503055572509766, 10.334223747253418, 10.066486358642578, 9.759811401367188, 9.932210922241211, 9.871170997619629, 9.730369567871094, 9.522907257080078, 9.491954803466797, 9.497845649719238, 9.341773986816406, 9.311755180358887, 9.278521537780762, 9.334558486938477, 9.806212425231934, 9.846578598022461, 9.75959300994873, 9.580619812011719, 9.275486946105957];[1.3953099250793457, 1.3190215826034546, 1.2628322839736938, 1.3131279945373535, 1.3788650035858154, 1.3625460863113403, 1.4358569383621216, 1.427094578742981, 1.4180141687393188, 1.3887507915496826, 1.3792835474014282, 1.3905365467071533, 1.3854163885116577, 1.3846064805984497, 1.3716377019882202, 1.3748778104782104, 1.4021103382110596, 1.3878235816955566, 1.398484706878662, 1.4049742221832275, 1.3867218494415283];[-72.40740203857422, -51.468929290771484, -40.08280944824219, -34.02239990234375, -33.255184173583984, -32.95828628540039, -34.383460998535156, -34.87562942504883, -33.154747009277344, -33.880104064941406, -33.202857971191406, -33.1971435546875, -32.81101989746094, -32.27706527709961, -33.27699279785156, -33.56498718261719, -37.08946228027344, -37.97540283203125, -36.67362594604492, -35.746700286865234, -32.95188903808594]
550;[16.384872436523438, 13.271358489990234, 11.418068885803223, 11.056724548339844, 11.131512641906738, 11.036262512207031, 10.844684600830078, 10.807355880737305, 10.899728775024414, 10.732375144958496, 10.546090126037598, 10.333032608032227, 10.272500038146973, 10.129366874694824, 9.982051849365234, 9.838239669799805, 9.568984031677246, 9.356985092163086, 9.11651611328125, 8.958037376403809, 8.815433502197266];[1.399965524673462, 1.3046503067016602, 1.2731972932815552, 1.3374922275543213, 1.355167269706726, 1.3603848218917847, 1.3556939363479614, 1.3647019863128662, 1.3913238048553467, 1.390668511390686, 1.3801699876785278, 1.3829554319381714, 1.3636990785598755, 1.3503607511520386, 1.3495579957962036, 1.3485602140426636, 1.3408163785934448, 1.3446882963180542, 1.3227938413619995, 1.3051921129226685, 1.3103854656219482];[-71.69013977050781, -53.415245056152344, -42.36019515991211, -43.343894958496094, -49.01747512817383, -47.76948165893555, -45.693397521972656, -46.577754974365234, -46.524837493896484, -45.5651969909668, -43.94918441772461, -41.69878005981445, -42.1214714050293, -42.19925308227539, -40.73193359375, -38.96168518066406, -36.18794250488281, -34.520042419433594, -33.139366149902344, -32.5433464050293, -31.321186065673828]
600;[16.371875762939453, 13.683684349060059, 11.701115608215332, 10.04179859161377, 9.01364517211914, 8.551097869873047, 8.362768173217773, 8.283685684204102, 7.605433940887451, 7.093440055847168, 7.150691986083984, 7.080787181854248, 7.158163070678711, 7.073112964630127, 7.0316948890686035, 7.066781044006348, 6.9167938232421875, 7.053211688995361, 6.959192276000977, 6.93148136138916, 6.748388767242432];[1.3977935314178467, 1.3116146326065063, 1.2398074865341187, 1.2117877006530762, 1.3094987869262695, 1.4943079948425293, 1.5566412210464478, 1.5612571239471436, 1.491398811340332, 1.4176770448684692, 1.442653775215149, 1.428336501121521, 1.4400197267532349, 1.4355828762054443, 1.4358233213424683, 1.4389218091964722, 1.4268772602081299, 1.45037841796875, 1.4296795129776, 1.4379544258117676, 1.4034135341644287];[-72.76250457763672, -47.225929260253906, -34.881195068359375, -25.051321029663086, -17.78451919555664, -16.255830764770508, -17.726655960083008, -17.895103454589844, -15.618963241577148, -15.161469459533691, -16.021642684936523, -16.013032913208008, -15.78991985321045, -16.05526351928711, -15.669022560119629, -15.847145080566406, -15.144794464111328, -15.87301254272461, -15.282919883728027, -15.200242042541504, -14.608037948608398]
650;[16.365907669067383, 13.660710334777832, 12.036420822143555, 11.233563423156738, 10.7494478225708, 10.951996803283691, 10.693145751953125, 10.569674491882324, 10.520792007446289, 10.471353530883789, 10.247476577758789, 10.139364242553711, 9.967681884765625, 9.703133583068848, 9.419746398925781, 9.399625778198242, 9.3358736038208, 9.047992706298828, 8.881186485290527, 8.676558494567871, 8.448280334472656];[1.3927809000015259, 1.3207824230194092, 1.2899473905563354, 1.325496792793274, 1.3343509435653687, 1.336665391921997, 1.3264939785003662, 1.3657325506210327, 1.3942153453826904, 1.401003122329712, 1.3930286169052124, 1.3933504819869995, 1.388789176940918, 1.3771761655807495, 1.369232177734375, 1.356783151626587, 1.3618512153625488, 1.3426144123077393, 1.3524914979934692, 1.3296771049499512, 1.318651556968689];[-71.73751831054688, -56.096622467041016, -49.93270492553711, -44.937774658203125, -44.8410758972168, -46.675132751464844, -44.07706069946289, -43.54741287231445, -43.70265579223633, -42.87348937988281, -41.290409088134766, -40.23453140258789, -39.16801834106445, -36.544864654541016, -34.45917510986328, -35.09941101074219, -34.42552947998047, -32.821128845214844, -31.0906982421875, -29.455177307128906, -28.484514236450195]
700;[16.352001190185547, 13.915837287902832, 11.395832061767578, 10.644326210021973, 10.36776351928711, 9.98792839050293, 9.932775497436523, 9.774767875671387, 9.839534759521484, 9.728039741516113, 9.83255386352539, 9.784078598022461, 9.507817268371582, 9.520171165466309, 9.591385841369629, 9.602853775024414, 9.70162296295166, 9.545890808105469, 9.529876708984375, 9.420777320861816, 9.247583389282227];[1.3948147296905518, 1.3287289142608643, 1.2602921724319458, 1.3165713548660278, 1.3925710916519165, 1.3844784498214722, 1.3992799520492554, 1.3549593687057495, 1.3819407224655151, 1.3634037971496582, 1.357324242591858, 1.3858951330184937, 1.3511607646942139, 1.374942660331726, 1.3533623218536377, 1.3593977689743042, 1.3476351499557495, 1.3425439596176147, 1.3491532802581787, 1.3450324535369873, 1.3424116373062134];[-70.16020202636719, -49.23137283325195, -36.41361999511719, -35.642364501953125, -34.787811279296875, -33.458518981933594, -32.93409729003906, -34.20343780517578, -34.88420867919922, -35.70790481567383, -37.54618835449219, -36.34678268432617, -35.13201904296875, -35.812652587890625, -37.939640045166016, -37.543174743652344, -39.17048645019531, -37.57313537597656, -37.835453033447266, -36.7380256652832, -35.370792388916016]
750;[16.363067626953125, 13.414767265319824, 11.805167198181152, 11.472864151000977, 11.073561668395996, 10.905651092529297, 10.985725402832031, 10.716017723083496, 10.364834785461426, 10.409188270568848, 10.310371398925781, 10.216368675231934, 10.089531898498535, 9.599630355834961, 9.537334442138672, 9.312341690063477, 9.255727767944336, 9.036604881286621, 8.468470573425293, 7.9121623039245605, 7.541287422180176];[1.3971993923187256, 1.3076895475387573, 1.2943496704101562, 1.400238037109375, 1.3891297578811646, 1.371320366859436, 1.390601634979248, 1.395106315612793, 1.3886469602584839, 1.4149696826934814, 1.4536741971969604, 1.5382076501846313, 1.6233493089675903, 1.6068071126937866, 1.6162049770355225, 1.591741919517517, 1.6034035682678223, 1.5865793228149414, 1.5591877698898315, 1.5339250564575195, 1.5125128030776978];[-67.83625793457031, -52.444759368896484, -45.50955581665039, -45.0495719909668, -44.69451141357422, -43.60898971557617, -44.092620849609375, -41.397674560546875, -38.46051788330078, -38.01719665527344, -36.21306610107422, -34.1475715637207, -32.904483795166016, -31.479631423950195, -30.723962783813477, -29.285625457763672, -28.90192413330078, -27.75017547607422, -23.77127456665039, -20.583715438842773, -18.971189498901367]
800;[16.35968780517578, 13.87917709350586, 11.77624797821045, 9.649438858032227, 8.864689826965332, 7.422948837280273, 7.579874038696289, 8.551409721374512, 9.17440414428711, 9.607619285583496, 9.65339183807373, 9.580501556396484, 9.413793563842773, 9.555805206298828, 9.6909761428833, 9.47634220123291, 9.448531150817871, 9.391578674316406, 9.420848846435547, 9.29414176940918, 9.053454399108887];[1.3976714611053467, 1.3248164653778076, 1.2424037456512451, 1.2319766283035278, 1.381203055381775, 1.2588717937469482, 1.224104881286621, 1.278375267982483, 1.3034995794296265, 1.351535439491272, 1.3401615619659424, 1.3352196216583252, 1.3064481019973755, 1.309083104133606, 1.3217151165008545, 1.3233206272125244, 1.3307157754898071, 1.322365403175354, 1.3128362894058228, 1.312635898590088, 1.3048253059387207];[-71.7194595336914, -51.48258972167969, -33.910911560058594, -23.020118713378906, -17.276697158813477, -16.632232666015625, -20.459980010986328, -27.04810333251953, -31.759502410888672, -35.41884994506836, -36.576446533203125, -35.5863151550293, -35.557334899902344, -37.59107971191406, -38.16007614135742, -36.291900634765625, -36.489261627197266, -36.720577239990234, -37.3299560546875, -36.12337112426758, -34.28117752075195]
850;[16.377588272094727, 13.374250411987305, 11.645999908447266, 11.027003288269043, 11.067878723144531, 11.015953063964844, 11.07342529296875, 10.9232759475708, 10.684150695800781, 10.548940658569336, 10.226606369018555, 10.155421257019043, 10.084166526794434, 9.871307373046875, 9.575224876403809, 9.433147430419922, 9.273585319519043, 9.266339302062988, 9.34926986694336, 8.948746681213379, 8.546393394470215];[1.3963427543640137, 1.312892198562622, 1.2728800773620605, 1.3516571521759033, 1.390020728111267, 1.392871379852295, 1.419217824935913, 1.4324966669082642, 1.43680739402771, 1.4056097269058228, 1.3963699340820312, 1.3767390251159668, 1.3739023208618164, 1.370126485824585, 1.3539018630981445, 1.3591041564941406, 1.375209093093872, 1.402165412902832, 1.4019007682800293, 1.3930346965789795, 1.3578208684921265];[-70.67257690429688, -52.73691940307617, -39.7611198425293, -39.35329818725586, -47.66933059692383, -46.672584533691406, -46.064353942871094, -45.239192962646484, -42.52500534057617, -43.05434036254883, -40.2648811340332, -40.929786682128906, -40.29096221923828, -38.670989990234375, -35.98038101196289, -34.470481872558594, -33.85029220581055, -33.823917388916016, -34.40009689331055, -31.53022003173828, -28.673734664916992]
900;[16.363178253173828, 13.661468505859375, 12.119965553283691, 10.300406455993652, 9.675050735473633, 8.753732681274414, 8.092988014221191, 8.000043869018555, 8.615608215332031, 8.876323699951172, 8.788874626159668, 8.69697093963623, 8.914215087890625, 8.985267639160156, 9.24072551727295, 9.373800277709961, 9.533421516418457, 9.48987102508545, 9.486894607543945, 9.36674690246582, 9.160634994506836];[1.3949940204620361, 1.3143229484558105, 1.2582240104675293, 1.299435019493103, 1.480757713317871, 1.4812147617340088, 1.3949639797210693, 1.3292357921600342, 1.3714089393615723, 1.3847930431365967, 1.362504243850708, 1.3382023572921753, 1.3139053583145142, 1.2968770265579224, 1.3213088512420654, 1.325734257698059, 1.320662260055542, 1.3083842992782593, 1.3181644678115845, 1.3167918920516968, 1.3162012100219727];[-71.18006134033203, -53.5952033996582, -37.99388122558594, -26.406110763549805, -21.636367797851562, -20.052717208862305, -19.572729110717773, -20.321691513061523, -24.733671188354492, -26.756385803222656, -26.155956268310547, -27.811908721923828, -30.00428009033203, -32.17176818847656, -34.78618621826172, -36.22818374633789, -38.341068267822266, -38.74766540527344, -38.215084075927734, -37.23505783081055, -35.68794631958008]
950;[16.34657859802246, 14.127764701843262, 11.33202838897705, 9.732251167297363, 9.277148246765137, 8.911676406860352, 9.159241676330566, 9.034660339355469, 9.003567695617676, 8.831960678100586, 8.999300956726074, 9.340662002563477, 9.305994033813477, 9.196334838867188, 8.859457969665527, 8.659113883972168, 8.448777198791504, 8.12450885772705, 7.732114791870117, 7.218518257141113, 6.803689479827881];[1.3949438333511353, 1.3386181592941284, 1.2391953468322754, 1.2190207242965698, 1.4175469875335693, 1.4053692817687988, 1.438301682472229, 1.3857487440109253, 1.3887076377868652, 1.354334831237793, 1.3292852640151978, 1.3476989269256592, 1.3320324420928955, 1.3664485216140747, 1.3269768953323364, 1.341891884803772, 1.3383899927139282, 1.3307679891586304, 1.311249852180481, 1.2703168392181396, 1.2191176414489746];[-69.52418518066406, -53.86774444580078, -32.91333770751953, -23.837120056152344, -24.888681411743164, -26.020130157470703, -26.739789962768555, -27.098045349121094, -27.549732208251953, -28.1549072265625, -31.128644943237305, -34.31825256347656, -33.9737434387207, -32.84135055541992, -30.615829467773438, -29.07314682006836, -27.453025817871094, -25.001981735229492, -22.174222946166992, -19.792160034179688, -17.6966552734375]
1000;[16.38182258605957, 13.657849311828613, 11.819879531860352, 10.955008506774902, 10.648018836975098, 10.274065017700195, 10.304971694946289, 10.136863708496094, 10.021541595458984, 10.029644012451172, 9.865774154663086, 9.535577774047852, 9.121878623962402, 8.554337501525879, 8.062278747558594, 7.606466293334961, 7.2169294357299805, 6.528054237365723, 6.383745193481445, 6.226690769195557, 6.405256748199463];[1.3992834091186523, 1.3147000074386597, 1.2939457893371582, 1.3839318752288818, 1.4590681791305542, 1.4433785676956177, 1.4651286602020264, 1.4112118482589722, 1.4135969877243042, 1.4668291807174683, 1.440831184387207, 1.4556338787078857, 1.4369730949401855, 1.4127148389816284, 1.3978091478347778, 1.380961298942566, 1.3707683086395264, 1.2963016033172607, 1.2745033502578735, 1.2420146465301514, 1.2896493673324585];[-71.03240966796875, -54.13496017456055, -43.4078254699707, -36.77785110473633, -35.522491455078125, -34.694091796875, -35.08978271484375, -36.06523895263672, -34.283958435058594, -35.77754211425781, -35.363277435302734, -32.39824295043945, -29.603652954101562, -25.4392147064209, -21.968107223510742, -20.361587524414062, -17.5112361907959, -14.805315017700195, -14.243000030517578, -14.1177978515625, -14.737839698791504]
1050;[16.375225067138672, 13.325860977172852, 11.587482452392578, 10.491072654724121, 10.515273094177246, 10.559831619262695, 10.696127891540527, 10.741652488708496, 10.65856647491455, 10.467273712158203, 10.53481674194336, 10.310794830322266, 10.391820907592773, 10.470891952514648, 10.512892723083496, 10.463896751403809, 10.285902976989746, 10.348400115966797, 10.101762771606445, 9.948766708374023, 9.806097984313965];[1.395277976989746, 1.3122503757476807, 1.269271969795227, 1.3111772537231445, 1.3832316398620605, 1.3786503076553345, 1.3976185321807861, 1.3838098049163818, 1.3753831386566162, 1.368802547454834, 1.3811489343643188, 1.3646445274353027, 1.3973932266235352, 1.3899705410003662, 1.3868578672409058, 1.394997239112854, 1.3808648586273193, 1.3992910385131836, 1.3926200866699219, 1.3904368877410889, 1.3876010179519653];[-72.14942169189453, -53.55442428588867, -39.844146728515625, -33.96735382080078, -41.375328063964844, -42.386688232421875, -45.14516067504883, -45.88359069824219, -45.614498138427734, -44.629234313964844, -45.6234130859375, -44.06614303588867, -43.98469543457031, -45.38080596923828, -46.26576614379883, -45.27908706665039, -44.022037506103516, -44.203983306884766, -42.129032135009766, -40.82548904418945, -39.77415466308594]
1100;[16.353046417236328, 13.928658485412598, 12.27151870727539, 11.277033805847168, 11.014057159423828, 11.173583984375, 11.009682655334473, 11.009967803955078, 10.731544494628906, 10.612759590148926, 10.365488052368164, 10.030628204345703, 9.985182762145996, 9.84099006652832, 9.67524528503418, 9.720054626464844, 9.675853729248047, 9.479913711547852, 9.315939903259277, 9.098142623901367, 8.766690254211426];[1.3981329202651978, 1.3235336542129517, 1.2903447151184082, 1.3016630411148071, 1.3023649454116821, 1.3088021278381348, 1.3210997581481934, 1.3325363397598267, 1.3130073547363281, 1.3208496570587158, 1.3123282194137573, 1.3116331100463867, 1.3178346157073975, 1.2961146831512451, 1.3013817071914673, 1.319326639175415, 1.330067753791809, 1.3188894987106323, 1.3171197175979614, 1.3179609775543213, 1.292319893836975];[-71.51570129394531, -56.159610748291016, -49.17604446411133, -44.6768684387207, -45.951934814453125, -47.927001953125, -48.538875579833984, -48.718082427978516, -46.04576110839844, -44.938533782958984, -42.8889045715332, -40.087440490722656, -41.21873092651367, -39.970863342285156, -37.99824905395508, -38.9872932434082, -38.84043884277344, -36.7755012512207, -35.730045318603516, -34.137725830078125, -31.3234806060791]
1150;[16.3749942779541, 12.960331916809082, 11.012336730957031, 10.684971809387207, 10.807229995727539, 11.011053085327148, 10.926922798156738, 10.83920669555664, 10.818916320800781, 10.731204986572266, 10.630154609680176, 10.430078506469727, 10.437944412231445, 10.28923225402832, 10.283535957336426, 10.23349380493164, 9.98979663848877, 9.754393577575684, 9.623172760009766, 9.472193717956543, 9.245659828186035];[1.3949111700057983, 1.2947214841842651, 1.2667332887649536, 1.330785870552063, 1.3396645784378052, 1.3391542434692383, 1.344773769378662, 1.3371604681015015, 1.3492354154586792, 1.3363512754440308, 1.3498291969299316, 1.3302993774414062, 1.347954511642456, 1.3311468362808228, 1.351700782775879, 1.344201922416687, 1.3335782289505005, 1.3272613286972046, 1.3250761032104492, 1.3214826583862305, 1.304107666015625];[-71.01026916503906, -45.09455871582031, -38.90035629272461, -40.64794158935547, -47.3466911315918, -51.134037017822266, -49.66123580932617, -48.35789108276367, -49.447330474853516, -48.942386627197266, -47.138797760009766, -46.55875015258789, -45.889244079589844, -44.957855224609375, -44.05698776245117, -44.054466247558594, -41.98486328125, -40.32368087768555, -38.28758239746094, -37.58034133911133, -35.802913665771484]
1200;[16.371870040893555, 13.290853500366211, 11.537410736083984, 10.533459663391113, 10.206869125366211, 10.332330703735352, 10.384291648864746, 10.364537239074707, 10.242953300476074, 10.221179008483887, 10.020071029663086, 9.941058158874512, 10.046710968017578, 9.927091598510742, 9.749381065368652, 9.795516014099121, 9.734427452087402, 9.552484512329102, 9.47909927368164, 9.503146171569824, 9.391229629516602];[1.3951202630996704, 1.3044184446334839, 1.267614483833313, 1.3125088214874268, 1.3628181219100952, 1.3572874069213867, 1.4077650308609009, 1.3622554540634155, 1.3654327392578125, 1.3735687732696533, 1.3536896705627441, 1.379975438117981, 1.3790338039398193, 1.3709133863449097, 1.3695491552352905, 1.3901324272155762, 1.3650773763656616, 1.3618049621582031, 1.3491238355636597, 1.3347375392913818, 1.3318524360656738];[-70.61595916748047, -51.97294616699219, -39.467567443847656, -34.832618713378906, -36.46211624145508, -38.189571380615234, -39.964664459228516, -41.73259735107422, -41.216697692871094, -40.6937141418457, -39.50751876831055, -39.23088455200195, -39.9035758972168, -39.077667236328125, -37.87080001831055, -38.68962097167969, -38.05809783935547, -36.97975540161133, -36.71577835083008, -37.641395568847656, -37.247406005859375]
1250;[16.39104652404785, 13.346263885498047, 10.794088363647461, 9.28307819366455, 8.801474571228027, 7.309874057769775, 6.856344223022461, 7.196921348571777, 8.14120101928711, 9.121170997619629, 9.839598655700684, 10.07751750946045, 10.109350204467773, 10.089682579040527, 9.998963356018066, 9.828495025634766, 9.751402854919434, 9.556293487548828, 9.37979507446289, 9.2941312789917, 9.175300598144531];[1.3973263502120972, 1.3064908981323242, 1.216307282447815, 1.2682446241378784, 1.4332685470581055, 1.328660011291504, 1.2667357921600342, 1.2722052335739136, 1.3730682134628296, 1.3893046379089355, 1.4055618047714233, 1.3935027122497559, 1.3592653274536133, 1.3355990648269653, 1.318546175956726, 1.3203763961791992, 1.3187545537948608, 1.321887493133545, 1.3100874423980713, 1.3080084323883057, 1.3137006759643555];[-71.88424682617188, -48.10576248168945, -31.00967025756836, -21.281667709350586, -16.774744033813477, -14.773157119750977, -15.4950590133667, -18.021516799926758, -24.38427734375, -31.59575653076172, -37.333885192871094, -39.856441497802734, -41.88167953491211, -42.965293884277344, -42.77080154418945, -41.345218658447266, -40.81086730957031, -38.449378967285156, -37.39535903930664, -36.504817962646484, -35.73152160644531]
1300;[16.366605758666992, 13.797172546386719, 11.846274375915527, 10.606127738952637, 10.464621543884277, 10.729601860046387, 10.852895736694336, 10.767516136169434, 10.550271034240723, 10.289338111877441, 10.00029468536377, 9.841440200805664, 9.629782676696777, 9.303119659423828, 8.815549850463867, 8.60400104522705, 8.422781944274902, 8.338004112243652, 8.154979705810547, 7.778684616088867, 7.370041370391846];[1.3973984718322754, 1.3151259422302246, 1.2537487745285034, 1.267611026763916, 1.365103006362915, 1.3836323022842407, 1.3820228576660156, 1.3623101711273193, 1.3738949298858643, 1.3716788291931152, 1.3565547466278076, 1.3517427444458008, 1.3411967754364014, 1.3344100713729858, 1.320717215538025, 1.3132210969924927, 1.3013633489608765, 1.305517315864563, 1.305757999420166, 1.283664584159851, 1.2575896978378296];[-73.70648193359375, -51.01694869995117, -38.19169616699219, -33.613624572753906, -39.007240295410156, -43.377647399902344, -46.38003921508789, -45.867919921875, -43.66978454589844, -41.189308166503906, -39.34083557128906, -38.211910247802734, -36.36811447143555, -33.814247131347656, -29.993907928466797, -29.72966766357422, -28.168001174926758, -27.83514404296875, -26.353784561157227, -23.84821319580078, -21.474775314331055]
1350;[16.371929168701172, 15.305830001831055, 12.457379341125488, 10.199703216552734, 9.16090202331543, 8.574898719787598, 8.347723007202148, 8.275915145874023, 7.8853583335876465, 8.477164268493652, 8.914875030517578, 8.789178848266602, 9.233414649963379, 8.889348030090332, 9.088802337646484, 8.849370956420898, 8.723191261291504, 8.560791969299316, 8.606910705566406, 8.425848960876465, 8.1925630569458];[1.397181749343872, 1.3717952966690063, 1.2732430696487427, 1.2095378637313843, 1.2798840999603271, 1.4402984380722046, 1.5599911212921143, 1.5848888158798218, 1.547044038772583, 1.6025701761245728, 1.6317715644836426, 1.6286916732788086, 1.6592351198196411, 1.642018437385559, 1.6538504362106323, 1.6385709047317505, 1.6289499998092651, 1.6223945617675781, 1.6271148920059204, 1.6150672435760498, 1.6005140542984009];[-71.98412322998047, -63.81793975830078, -39.82701110839844, -27.665752410888672, -19.070964813232422, -15.04345417022705, -17.556167602539062, -19.431100845336914, -17.642667770385742, -20.465465545654297, -22.56121826171875, -22.637353897094727, -25.661479949951172, -24.004615783691406, -25.041166305541992, -23.89322280883789, -22.807031631469727, -22.2860107421875, -22.652847290039062, -21.838293075561523, -21.12698745727539]
1400;[16.372169494628906, 13.311859130859375, 10.985601425170898, 9.83237075805664, 10.313429832458496, 10.77138900756836, 10.85495376586914, 10.713964462280273, 10.451123237609863, 10.322900772094727, 10.289189338684082, 10.194326400756836, 10.219408988952637, 10.04239273071289, 9.722127914428711, 9.942975044250488, 9.856955528259277, 9.7400484085083, 9.294639587402344, 9.015297889709473, 9.053291320800781];[1.3955820798873901, 1.3111785650253296, 1.219825029373169, 1.3062008619308472, 1.3775842189788818, 1.4037083387374878, 1.430173397064209, 1.4494327306747437, 1.430985689163208, 1.4206361770629883, 1.4347201585769653, 1.4462480545043945, 1.4385559558868408, 1.4523675441741943, 1.4252722263336182, 1.466315746307373, 1.4436956644058228, 1.4422683715820312, 1.4292755126953125, 1.4155784845352173, 1.4266852140426636];[-71.54533386230469, -46.691246032714844, -31.634876251220703, -30.747026443481445, -39.639163970947266, -43.57297897338867, -45.613948822021484, -44.01108932495117, -41.902618408203125, -42.0335578918457, -41.91730499267578, -41.21211242675781, -40.82545852661133, -39.09850311279297, -36.908050537109375, -38.325496673583984, -37.98242950439453, -36.691444396972656, -33.366336822509766, -32.083927154541016, -32.347530364990234]
1450;[16.357162475585938, 14.351046562194824, 11.966069221496582, 10.852704048156738, 10.196192741394043, 10.329611778259277, 10.755785942077637, 10.750192642211914, 10.642858505249023, 10.599262237548828, 10.395866394042969, 9.976325988769531, 9.931192398071289, 9.862908363342285, 9.971979141235352, 9.8836088180542, 9.899706840515137, 10.169684410095215, 10.031634330749512, 9.910999298095703, 9.964250564575195];[1.3948125839233398, 1.3469500541687012, 1.274917721748352, 1.2844550609588623, 1.3484032154083252, 1.316971778869629, 1.3424737453460693, 1.3464226722717285, 1.3423079252243042, 1.350885272026062, 1.352295994758606, 1.3388572931289673, 1.3517861366271973, 1.3360321521759033, 1.331441044807434, 1.3154571056365967, 1.310194969177246, 1.3279821872711182, 1.3271453380584717, 1.319079875946045, 1.328824520111084];[-71.82520294189453, -55.48320007324219, -43.198673248291016, -36.5462760925293, -33.967063903808594, -41.39731979370117, -44.95527648925781, -47.370941162109375, -45.787933349609375, -45.36143112182617, -43.36857986450195, -39.406593322753906, -39.384334564208984, -39.67230224609375, -41.256378173828125, -41.62672805786133, -41.82609939575195, -43.341773986816406, -42.4022102355957, -40.83345031738281, -41.87271499633789]
1500;[16.37167739868164, 13.698927879333496, 11.4014253616333, 10.31185531616211, 10.421390533447266, 10.690177917480469, 10.932555198669434, 10.922504425048828, 10.874835014343262, 10.552490234375, 10.268571853637695, 9.987839698791504, 9.788758277893066, 9.523361206054688, 9.353287696838379, 8.955364227294922, 8.672029495239258, 8.526775360107422, 8.299701690673828, 7.7517828941345215, 7.061624526977539];[1.3984867334365845, 1.3241163492202759, 1.2622315883636475, 1.3261042833328247, 1.4998682737350464, 1.564877986907959, 1.6000113487243652, 1.6105105876922607, 1.6107070446014404, 1.616719365119934, 1.6262439489364624, 1.6322925090789795, 1.6319540739059448, 1.619031548500061, 1.6124800443649292, 1.5980206727981567, 1.5771976709365845, 1.5716521739959717, 1.562109351158142, 1.5275465250015259, 1.4724793434143066];[-70.15998840332031, -50.561683654785156, -37.76993179321289, -30.81121063232422, -32.65672302246094, -36.547550201416016, -39.01959991455078, -39.56415939331055, -38.77787780761719, -35.52822494506836, -33.94827651977539, -32.46383285522461, -30.539295196533203, -29.170804977416992, -27.628568649291992, -24.896799087524414, -23.780664443969727, -22.923376083374023, -21.683677673339844, -18.45001220703125, -15.516666412353516]
50;[16.571611404418945, 7.6277546882629395, 3.534083366394043, 2.6734423637390137, 3.375042200088501, 3.1501569747924805, 2.9226181507110596, 2.726149797439575, 2.0724964141845703, 1.3829976320266724, 1.1577515602111816, 1.1646168231964111, 1.1880699396133423, 1.2114719152450562, 1.2224211692810059, 1.189671516418457, 1.1714030504226685, 1.1579959392547607, 1.165390133857727, 1.1720973253250122, 1.171789288520813];[1.5432969331741333, 1.2175501585006714, 0.7559536695480347, 0.7495195269584656, 0.9869362711906433, 0.9285500049591064, 0.8902077674865723, 0.8150267601013184, 0.5546869039535522, 0.14003370702266693, 0.001011103973723948, 0.007008291315287352, 0.023104486986994743, 0.03980591893196106, 0.04833347350358963, 0.026316577568650246, 0.016868900507688522, 0.009010499343276024, 0.012988993898034096, 0.017051953822374344, 0.017891742289066315];[-133.6049346923828, -16.475936889648438, -4.939280986785889, -5.325300693511963, -9.609417915344238, -8.193857192993164, -7.317951202392578, -6.4845194816589355, -3.5709030628204346, -1.609627366065979, -1.1966863870620728, -1.2185757160186768, -1.2633676528930664, -1.312882661819458, -1.3390600681304932, -1.2671153545379639, -1.2427699565887451, -1.2188140153884888, -1.2357087135314941, -1.241905927658081, -1.2489818334579468]
100;[16.5886287689209, 7.4610915184021, 3.41758394241333, 3.1632204055786133, 4.287374973297119, 3.7250964641571045, 3.49687123298645, 2.853686571121216, 2.407104015350342, 2.015113115310669, 1.4634360074996948, 1.238337755203247, 1.2392545938491821, 1.2386056184768677, 1.2128292322158813, 1.1777737140655518, 1.2540215253829956, 1.214453101158142, 1.211582064628601, 1.211134433746338, 1.1772089004516602];[1.5458124876022339, 1.173595666885376, 0.73711097240448, 0.8787094950675964, 1.1204360723495483, 1.0202703475952148, 1.0024303197860718, 0.8361164927482605, 0.6804599165916443, 0.5255495309829712, 0.20119784772396088, 0.052748844027519226, 0.056417517364025116, 0.05905204266309738, 0.036877382546663284, 0.014579572714865208, 0.06705930083990097, 0.04306365177035332, 0.04446552321314812, 0.04496854171156883, 0.02145003341138363];[-137.48666381835938, -14.825220108032227, -4.767279624938965, -8.101091384887695, -16.603225708007812, -12.41822624206543, -10.810748100280762, -7.173768997192383, -5.140612602233887, -3.581777572631836, -1.8390942811965942, -1.3547881841659546, -1.3560715913772583, -1.35953950881958, -1.3058385848999023, -1.2402970790863037, -1.3833041191101074, -1.3188073635101318, -1.3168197870254517, -1.3194410800933838, -1.2576093673706055]
150;[16.579248428344727, 8.417668342590332, 5.627997875213623, 3.884575128555298, 3.521021842956543, 2.9514663219451904, 2.2167134284973145, 1.4429019689559937, 1.220179796218872, 1.254706621170044, 1.25819993019104, 1.3118740320205688, 1.2906512022018433, 1.2469936609268188, 1.257176160812378, 1.28046452999115, 1.241844654083252, 1.2182457447052002, 1.1924556493759155, 1.205064058303833, 1.1764476299285889];[1.5444332361221313, 1.2832063436508179, 1.1177009344100952, 1.0158991813659668, 0.9655992984771729, 0.8240392804145813, 0.5718181133270264, 0.16068287193775177, 0.030852479860186577, 0.06025511771440506, 0.06630855798721313, 0.10391971468925476, 0.08794177323579788, 0.06390945613384247, 0.0685962662100792, 0.08531995862722397, 0.062261007726192474, 0.04575372859835625, 0.028179660439491272, 0.04086487367749214, 0.019130708649754524];[-133.5854034423828, -32.537139892578125, -19.294639587402344, -11.344429016113281, -10.719792366027832, -7.330624580383301, -3.953279972076416, -1.6614681482315063, -1.2815394401550293, -1.3633570671081543, -1.3746780157089233, -1.494826316833496, -1.4448524713516235, -1.3765910863876343, -1.3969005346298218, -1.437636137008667, -1.3734915256500244, -1.3228859901428223, -1.276913046836853, -1.3098764419555664, -1.252586841583252]
200;[16.581144332885742, 8.44413948059082, 4.011312961578369, 2.7842278480529785, 2.3784663677215576, 1.7538615465164185, 1.2436494827270508, 1.221728801727295, 1.1999481916427612, 1.2591807842254639, 1.2039580345153809, 1.279051661491394, 1.196421504020691, 1.2302727699279785, 1.1825530529022217, 1.2066084146499634, 1.1696892976760864, 1.163991928100586, 1.1773043870925903, 1.1567398309707642, 1.1788443326950073];[1.5422495603561401, 1.2711100578308105, 0.8521826863288879, 0.7200602889060974, 0.5426731705665588, 0.3436753451824188, 0.04290606454014778, 0.041726499795913696, 0.030113331973552704, 0.06711875647306442, 0.035162538290023804, 0.0821024477481842, 0.029201267287135124, 0.05098704248666763, 0.024341654032468796, 0.03976742923259735, 0.014769207686185837, 0.011910030618309975, 0.019389493390917778, 0.009451727382838726, 0.024065734818577766];[-123.97220611572266, -30.448532104492188, -6.770081996917725, -5.412717819213867, -3.350327491760254, -2.3162894248962402, -1.3085438013076782, -1.311479091644287, -1.2792710065841675, -1.3876959085464478, -1.296058177947998, -1.4264695644378662, -1.285457730293274, -1.3441214561462402, -1.26229727268219, -1.3082047700881958, -1.2388966083526611, -1.2336403131484985, -1.2531073093414307, -1.2187553644180298, -1.2590651512145996]
250;[16.586626052856445, 8.509836196899414, 5.531553268432617, 5.048619270324707, 4.89835262298584, 3.9969849586486816, 3.7465829849243164, 3.659557819366455, 3.208813428878784, 2.700707197189331, 2.1627092361450195, 1.5681976079940796, 1.431230068206787, 1.5079591274261475, 1.3946589231491089, 1.439529299736023, 1.4153409004211426, 1.4116299152374268, 1.4017574787139893, 1.4108059406280518, 1.4198685884475708];[1.543653964996338, 1.289622187614441, 1.1022636890411377, 1.1943086385726929, 1.2012699842453003, 1.0649173259735107, 1.0446923971176147, 1.027125597000122, 0.9284707903862, 0.7913291454315186, 0.5909789800643921, 0.2754162549972534, 0.183293417096138, 0.23956528306007385, 0.1602342277765274, 0.19360601902008057, 0.17532193660736084, 0.17267954349517822, 0.16916997730731964, 0.17327770590782166, 0.1792037934064865];[-136.0319366455078, -31.604476928710938, -18.370874404907227, -21.765579223632812, -22.578933715820312, -15.087098121643066, -13.226226806640625, -12.583276748657227, -9.667704582214355, -6.695547103881836, -4.1742401123046875, -2.136418342590332, -1.7751950025558472, -1.9965204000473022, -1.6993722915649414, -1.8203401565551758, -1.744518756866455, -1.7358953952789307, -1.732411503791809, -1.7405421733856201, -1.7727668285369873]
300;[16.568906784057617, 7.7415385246276855, 3.1514575481414795, 1.7276555299758911, 1.1810438632965088, 1.2965399026870728, 1.1775785684585571, 1.2720378637313843, 1.1876298189163208, 1.18993079662323, 1.1841216087341309, 1.1808083057403564, 1.1588878631591797, 1.162638545036316, 1.1493836641311646, 1.1742370128631592, 1.1590279340744019, 1.1687326431274414, 1.1624844074249268, 1.1488641500473022, 1.149335265159607];[1.5443774461746216, 1.2483824491500854, 0.6368721127510071, 0.21967916190624237, 0.009937753900885582, 0.08736734092235565, 0.014974446035921574, 0.07239256799221039, 0.02062181942164898, 0.02533859945833683, 0.021707916632294655, 0.018688950687646866, 0.006431538611650467, 0.007798781618475914, 0.003069533733651042, 0.01804615743458271, 0.009053835645318031, 0.012856968678534031, 0.010457430966198444, 0.0035123752895742655, 0.005191238131374121];[-131.40127563476562, -20.218841552734375, -3.4328432083129883, -1.7407220602035522, -1.222385287284851, -1.4523217678070068, -1.235634207725525, -1.3939648866653442, -1.2518091201782227, -1.261017918586731, -1.2536063194274902, -1.247419834136963, -1.2129344940185547, -1.2160465717315674, -1.2045016288757324, -1.2491649389266968, -1.2201647758483887, -1.2379655838012695, -1.2255730628967285, -1.2091625928878784, -1.2075438499450684]
350;[16.575395584106445, 7.629868030548096, 2.654874324798584, 1.6555888652801514, 1.3192945718765259, 1.2199640274047852, 1.2007490396499634, 1.2153111696243286, 1.2077919244766235, 1.2232264280319214, 1.2056876420974731, 1.2588881254196167, 1.1701743602752686, 1.2413233518600464, 1.1712713241577148, 1.2317367792129517, 1.1866052150726318, 1.1581389904022217, 1.1500228643417358, 1.141606330871582, 1.147961974143982];[1.5439980030059814, 1.2114883661270142, 0.4652407765388489, 0.19397024810314178, 0.08779013901948929, 0.027996547520160675, 0.015833282843232155, 0.03031596727669239, 0.021695366129279137, 0.03588021546602249, 0.02386813424527645, 0.06016374006867409, 0.006422504782676697, 0.053817253559827805, 0.011903629638254642, 0.05191648006439209, 0.021615607663989067, 0.004891682881861925, 0.0025001729372888803, 0.00034607111592777073, 0.00371625367552042];[-134.50381469726562, -17.219873428344727, -2.4703409671783447, -1.706972360610962, -1.4364335536956787, -1.2748149633407593, -1.2438466548919678, -1.2788875102996826, -1.2566417455673218, -1.2947322130203247, -1.2603638172149658, -1.3649110794067383, -1.213616132736206, -1.3504126071929932, -1.2285046577453613, -1.338752269744873, -1.2585060596466064, -1.2090877294540405, -1.2028299570083618, -1.1977003812789917, -1.2078648805618286]
400;[16.581676483154297, 7.449303150177002, 3.2566092014312744, 2.4956629276275635, 1.8394109010696411, 1.4462571144104004, 1.243367314338684, 1.345121145248413, 1.305553913116455, 1.354721188545227, 1.3195616006851196, 1.2548916339874268, 1.2533291578292847, 1.1876939535140991, 1.1592819690704346, 1.1694577932357788, 1.1934853792190552, 1.214158296585083, 1.230086088180542, 1.244025707244873, 1.2357847690582275];[1.5451970100402832, 1.1976171731948853, 0.7166647911071777, 0.7034724950790405, 0.4112827181816101, 0.16499044001102448, 0.045203179121017456, 0.11570826172828674, 0.08934691548347473, 0.12219648063182831, 0.10246902704238892, 0.06547379493713379, 0.060809362679719925, 0.02228003554046154, 0.006319135893136263, 0.014817973598837852, 0.030217213556170464, 0.044291481375694275, 0.054334621876478195, 0.06247789412736893, 0.05647178739309311];[-130.53082275390625, -16.018674850463867, -4.489891529083252, -4.521803379058838, -2.6908090114593506, -1.6869021654129028, -1.3216246366500854, -1.524356484413147, -1.4469826221466064, -1.5497273206710815, -1.4891489744186401, -1.378597617149353, -1.367958664894104, -1.259769320487976, -1.2166385650634766, -1.239905834197998, -1.2838737964630127, -1.3230723142623901, -1.3414417505264282, -1.378709316253662, -1.3632251024246216]
450;[16.57622718811035, 7.746110439300537, 3.7962844371795654, 2.268010139465332, 1.5046870708465576, 1.578005313873291, 1.4904743432998657, 1.5505499839782715, 1.5390793085098267, 1.5171171426773071, 1.4454100131988525, 1.500022530555725, 1.3076138496398926, 1.3317309617996216, 1.292590618133545, 1.3713469505310059, 1.2734482288360596, 1.3625612258911133, 1.2988718748092651, 1.3476547002792358, 1.3048993349075317];[1.5458897352218628, 1.2437556982040405, 0.8142076134681702, 0.5576720237731934, 0.20947082340717316, 0.27336129546165466, 0.2194141000509262, 0.2631969451904297, 0.25668060779571533, 0.23924961686134338, 0.19562776386737823, 0.2298406958580017, 0.10608643293380737, 0.11899587512016296, 0.09288624674081802, 0.1439511775970459, 0.0811547338962555, 0.14240938425064087, 0.0981425866484642, 0.13294410705566406, 0.1059638187289238];[-133.1857147216797, -19.4939022064209, -5.906258583068848, -3.115903377532959, -1.8302401304244995, -2.083679437637329, -1.9039812088012695, -2.083008289337158, -2.074981212615967, -1.9781615734100342, -1.8180862665176392, -1.9231743812561035, -1.4955503940582275, -1.5510122776031494, -1.4698078632354736, -1.624963641166687, -1.4407249689102173, -1.6248832941055298, -1.4833623170852661, -1.5895577669143677, -1.5042022466659546]
500;[16.589872360229492, 8.60505485534668, 4.248932361602783, 2.369868516921997, 1.6295502185821533, 1.2418293952941895, 1.5853912830352783, 1.2339495420455933, 1.5874218940734863, 1.190501093864441, 1.4816482067108154, 1.2971405982971191, 1.4545319080352783, 1.2515109777450562, 1.4082189798355103, 1.2051070928573608, 1.288865089416504, 1.2672783136367798, 1.2960467338562012, 1.275560975074768, 1.2085436582565308];[1.5451890230178833, 1.3026437759399414, 0.8951873779296875, 0.5698720812797546, 0.25048190355300903, 0.01892976462841034, 0.2751181125640869, 0.048138804733753204, 0.2839333713054657, 0.022580064833164215, 0.21245017647743225, 0.09306228905916214, 0.19923940300941467, 0.06419190764427185, 0.168263241648674, 0.037774331867694855, 0.08867593854665756, 0.07483720779418945, 0.09550824016332626, 0.07985532283782959, 0.04118594527244568];[-125.60166931152344, -33.830345153808594, -7.652942657470703, -3.5399374961853027, -1.9750841856002808, -1.2515828609466553, -2.008105993270874, -1.3339534997940063, -2.055588960647583, -1.257407784461975, -1.8232296705245972, -1.4622752666473389, -1.7790826559066772, -1.3794575929641724, -1.6787909269332886, -1.3003250360488892, -1.4519715309143066, -1.4069665670394897, -1.4684480428695679, -1.4327305555343628, -1.3113350868225098]
550;[16.56916046142578, 8.262176513671875, 3.8633408546447754, 2.2289650440216064, 1.6192982196807861, 1.2613933086395264, 1.2496440410614014, 1.1951768398284912, 1.171421766281128, 1.1929115056991577, 1.2240321636199951, 1.1974648237228394, 1.2684714794158936, 1.2104943990707397, 1.2519805431365967, 1.1813796758651733, 1.1796842813491821, 1.1576725244522095, 1.1455503702163696, 1.1573855876922607, 1.156544804573059];[1.5452324151992798, 1.2596746683120728, 0.856271505355835, 0.5521036386489868, 0.26909321546554565, 0.04621802642941475, 0.05850761756300926, 0.027727682143449783, 0.012728549540042877, 0.025796977803111076, 0.045161738991737366, 0.029778223484754562, 0.07550623267889023, 0.03908189386129379, 0.0678645670413971, 0.02003786712884903, 0.02425248548388481, 0.011136120185256004, 0.005122736096382141, 0.00850747898221016, 0.010250251740217209];[-129.8190460205078, -28.738056182861328, -6.4102959632873535, -3.0774505138397217, -1.9600638151168823, -1.3228224515914917, -1.359410285949707, -1.2734302282333374, -1.2316040992736816, -1.2649013996124268, -1.3226699829101562, -1.2804228067398071, -1.4138951301574707, -1.3085130453109741, -1.3872735500335693, -1.259621262550354, -1.2662583589553833, -1.2292479276657104, -1.2077749967575073, -1.2216566801071167, -1.2260640859603882]
600;[16.570796966552734, 9.206220626831055, 4.270020008087158, 3.2320096492767334, 3.940647840499878, 4.134842395782471, 3.766894578933716, 3.334721565246582, 2.7624893188476562, 2.2795534133911133, 1.7986923456192017, 1.6318637132644653, 1.712236762046814, 1.6853915452957153, 1.7283588647842407, 1.7652175426483154, 1.762479543685913, 1.7854117155075073, 1.800166130065918, 1.7632664442062378, 1.6965681314468384];[1.5424233675003052, 1.3177379369735718, 0.8888068199157715, 0.8878612518310547, 1.0096557140350342, 1.0550343990325928, 1.0090497732162476, 0.9297910928726196, 0.7890368103981018, 0.6225730776786804, 0.3921405076980591, 0.3028004467487335, 0.3452288508415222, 0.3408065438270569, 0.36972346901893616, 0.39068055152893066, 0.3933379650115967, 0.4120714068412781, 0.41840678453445435, 0.4009617269039154, 0.358443021774292];[-136.28038024902344, -36.498233795166016, -7.718710899353027, -8.083592414855957, -11.788217544555664, -13.56944465637207, -11.50308609008789, -8.508925437927246, -5.983932971954346, -4.146049976348877, -2.5861573219299316, -2.276500940322876, -2.4855284690856934, -2.4355227947235107, -2.582125663757324, -2.6827731132507324, -2.6884992122650146, -2.7940359115600586, -2.7798705101013184, -2.7224433422088623, -2.4865095615386963]
650;[16.58536720275879, 7.411298751831055, 3.4783830642700195, 1.503161907196045, 1.3017628192901611, 1.7827895879745483, 1.497154951095581, 1.5080856084823608, 1.2584251165390015, 1.1848431825637817, 1.2356032133102417, 1.1849207878112793, 1.2493873834609985, 1.2257702350616455, 1.174934983253479, 1.1542861461639404, 1.164373755455017, 1.1584221124649048, 1.1664330959320068, 1.1642677783966064, 1.1609424352645874];[1.5464317798614502, 1.1890535354614258, 0.7006914615631104, 0.08352157473564148, 0.06339167803525925, 0.3789631128311157, 0.2125268429517746, 0.22850731015205383, 0.06777793914079666, 0.017155004665255547, 0.05237462371587753, 0.019231442362070084, 0.06403182446956635, 0.049228355288505554, 0.018910832703113556, 0.006205738987773657, 0.009373495355248451, 0.008526843972504139, 0.015353796072304249, 0.012948241084814072, 0.012085008434951305];[-133.75511169433594, -15.921894073486328, -3.6192100048065186, -1.435092568397522, -1.3743538856506348, -2.6800239086151123, -1.8868261575698853, -1.9264922142028809, -1.3912782669067383, -1.243747591972351, -1.3441433906555176, -1.254018783569336, -1.3794066905975342, -1.3375613689422607, -1.2469651699066162, -1.209895133972168, -1.2239824533462524, -1.2221877574920654, -1.2391571998596191, -1.23606538772583, -1.225020170211792]
700;[16.59788703918457, 8.494088172912598, 5.392279624938965, 3.648176908493042, 2.735846757888794, 1.9926517009735107, 1.3214775323867798, 1.1853258609771729, 1.207726240158081, 1.190474033355713, 1.1842830181121826, 1.1597952842712402, 1.154416561126709, 1.1651830673217773, 1.1549437046051025, 1.1507093906402588, 1.1552013158798218, 1.1566545963287354, 1.1496503353118896, 1.1487033367156982, 1.1457927227020264];[1.5423442125320435, 1.2754336595535278, 1.0897711515426636, 1.0190281867980957, 0.7570503354072571, 0.4608961343765259, 0.07463173568248749, 0.011520161293447018, 0.027445003390312195, 0.022748583927750587, 0.01488835085183382, 0.006844234652817249, 0.001287049031816423, 0.00916612334549427, 0.004793629050254822, 0.004027428571134806, 0.003150060772895813, 0.0035068087745457888, 0.004583628382533789, 0.003401919500902295, 0.002083074999973178];[-129.7698211669922, -30.68716049194336, -15.65205192565918, -9.426624298095703, -5.656849384307861, -2.9067859649658203, -1.4033786058425903, -1.2321958541870117, -1.2749338150024414, -1.2541289329528809, -1.2391037940979004, -1.2126902341842651, -1.1999096870422363, -1.2212638854980469, -1.2129054069519043, -1.2095624208450317, -1.2050371170043945, -1.2058221101760864, -1.206470251083374, -1.2018628120422363, -1.2028864622116089]
750;[16.58233070373535, 7.688270092010498, 2.6146399974823, 1.709940791130066, 1.2204951047897339, 1.2504481077194214, 1.2022517919540405, 1.1878340244293213, 1.1999298334121704, 1.1944907903671265, 1.1885584592819214, 1.1699130535125732, 1.2007118463516235, 1.2012232542037964, 1.2071328163146973, 1.2801201343536377, 1.2140278816223145, 1.2045921087265015, 1.2250847816467285, 1.2192139625549316, 1.2041727304458618];[1.5411678552627563, 1.2115938663482666, 0.45365583896636963, 0.20690415799617767, 0.019749287515878677, 0.04549151286482811, 0.013358557596802711, 0.013049107044935226, 0.01927178166806698, 0.01603899709880352, 0.014235773123800755, 0.006873088423162699, 0.0284554623067379, 0.02676001563668251, 0.03294890373945236, 0.08185571432113647, 0.04504641890525818, 0.035907723009586334, 0.0461353100836277, 0.03950534760951996, 0.03672182187438011];[-132.3235321044922, -17.023311614990234, -2.481365442276001, -1.7209525108337402, -1.254637360572815, -1.3259167671203613, -1.2381525039672852, -1.2375396490097046, -1.252823829650879, -1.240523338317871, -1.2340173721313477, -1.217064619064331, -1.2757896184921265, -1.2731834650039673, -1.2836849689483643, -1.422208309173584, -1.3267393112182617, -1.2953555583953857, -1.3290399312973022, -1.312314510345459, -1.3031153678894043]
800;[16.590425491333008, 8.481276512145996, 3.256467342376709, 3.0054633617401123, 3.2202398777008057, 3.1023948192596436, 3.4050557613372803, 3.534574508666992, 3.4519598484039307, 3.508089303970337, 3.4987006187438965, 3.4593241214752197, 3.342604875564575, 3.1738121509552, 2.957240104675293, 2.4932608604431152, 1.9169950485229492, 1.7548341751098633, 1.5357547998428345, 1.3499988317489624, 1.1547815799713135];[1.546418309211731, 1.2796919345855713, 0.6370834112167358, 0.7780110836029053, 0.8620120286941528, 0.8763531446456909, 0.9886398315429688, 1.0512975454330444, 1.0147022008895874, 1.0462020635604858, 1.0495080947875977, 1.0459747314453125, 0.9970477223396301, 0.9477173089981079, 0.8927891254425049, 0.7539621591567993, 0.4935957193374634, 0.3984316289424896, 0.2560138702392578, 0.1341535747051239, 0.006945835426449776];[-133.2089385986328, -23.519052505493164, -3.301783561706543, -5.654196739196777, -8.309476852416992, -8.046616554260254, -10.025683403015137, -10.925239562988281, -10.837021827697754, -11.010527610778809, -10.943442344665527, -10.665240287780762, -10.074976921081543, -9.29150676727295, -7.898194789886475, -5.458197593688965, -3.132883310317993, -2.6381232738494873, -2.026205539703369, -1.5867667198181152, -1.2125965356826782]
850;[16.572786331176758, 8.471146583557129, 5.054568290710449, 3.7399098873138428, 3.4423773288726807, 3.411837100982666, 3.571303367614746, 3.0235977172851562, 2.3212265968322754, 1.5735496282577515, 1.2292759418487549, 1.2011215686798096, 1.1949748992919922, 1.161158800125122, 1.2095632553100586, 1.1563866138458252, 1.2369070053100586, 1.1491174697875977, 1.2483155727386475, 1.1486477851867676, 1.2423195838928223];[1.5466210842132568, 1.2914005517959595, 1.0169270038604736, 0.9540116190910339, 0.9803335070610046, 0.9578761458396912, 1.0039395093917847, 0.8670670390129089, 0.6377407312393188, 0.2623096704483032, 0.04500479996204376, 0.033441293984651566, 0.030165551230311394, 0.01030439417809248, 0.038107000291347504, 0.006513537373393774, 0.05768151208758354, 0.002167369704693556, 0.0691148117184639, 0.003331182524561882, 0.0653974637389183];[-139.4109344482422, -32.64406204223633, -12.327714920043945, -9.39054012298584, -9.9764404296875, -10.531742095947266, -11.513806343078613, -8.20960807800293, -4.706192970275879, -2.0779001712799072, -1.3236792087554932, -1.2882492542266846, -1.2823901176452637, -1.220594048500061, -1.3054827451705933, -1.2124196290969849, -1.36076021194458, -1.2071894407272339, -1.4014490842819214, -1.2066614627838135, -1.3834123611450195]
900;[16.586942672729492, 8.999277114868164, 6.608370780944824, 6.482253551483154, 6.619802951812744, 6.578939914703369, 6.5960540771484375, 6.536929130554199, 6.572939872741699, 6.275918483734131, 5.847614288330078, 5.813685417175293, 5.412560939788818, 4.9241461753845215, 4.339069843292236, 3.9698855876922607, 3.472452402114868, 3.036116361618042, 2.6506857872009277, 2.6200737953186035, 2.7092502117156982];[1.54471755027771, 1.3620126247406006, 1.2434492111206055, 1.3001794815063477, 1.319736361503601, 1.3179744482040405, 1.318231225013733, 1.309614896774292, 1.316757321357727, 1.305605411529541, 1.2803752422332764, 1.28092360496521, 1.2575316429138184, 1.2196784019470215, 1.1601430177688599, 1.106334924697876, 1.015697956085205, 0.9034491181373596, 0.7468858957290649, 0.7430098056793213, 0.8071563839912415];[-134.47549438476562, -42.96799850463867, -29.48088836669922, -40.1107292175293, -43.27971267700195, -43.29021453857422, -42.74045944213867, -41.85227966308594, -42.324546813964844, -38.69454574584961, -32.88302230834961, -32.63105773925781, -27.667652130126953, -22.103078842163086, -16.64392852783203, -13.616990089416504, -9.975998878479004, -7.501752853393555, -5.960189342498779, -6.034092903137207, -6.668462753295898]
950;[16.598041534423828, 8.325721740722656, 6.750660419464111, 6.547662258148193, 5.87367057800293, 5.469036102294922, 4.866105556488037, 4.637119770050049, 3.9950125217437744, 3.7701871395111084, 3.3874053955078125, 3.2620513439178467, 3.2742526531219482, 2.8911142349243164, 1.9819517135620117, 1.6437008380889893, 1.2857798337936401, 1.2179008722305298, 1.1806154251098633, 1.1488059759140015, 1.1472433805465698];[1.5453721284866333, 1.2783173322677612, 1.302772879600525, 1.322413444519043, 1.2830842733383179, 1.2685341835021973, 1.2110695838928223, 1.1886963844299316, 1.0938124656677246, 1.038217306137085, 0.9476967453956604, 0.8769014477729797, 0.9251551628112793, 0.8540000915527344, 0.5041545629501343, 0.32127052545547485, 0.08236080408096313, 0.047137971967458725, 0.021182598546147346, 0.0028884250205010176, 0.0028005708009004593];[-133.13565063476562, -30.542776107788086, -37.7838249206543, -36.29655456542969, -28.921092987060547, -24.796058654785156, -18.447872161865234, -16.201669692993164, -11.863164901733398, -10.061907768249512, -8.706342697143555, -8.61794662475586, -9.0089750289917, -7.462099552154541, -3.3207154273986816, -2.3131887912750244, -1.4349604845046997, -1.3273653984069824, -1.2586703300476074, -1.2063559293746948, -1.2054013013839722]
1000;[16.55826759338379, 8.03874683380127, 3.7136526107788086, 2.1566765308380127, 1.6600799560546875, 1.2650805711746216, 1.4155311584472656, 1.2034790515899658, 1.274135708808899, 1.2588434219360352, 1.2954626083374023, 1.2410422563552856, 1.2877755165100098, 1.254529356956482, 1.2671200037002563, 1.2542126178741455, 1.2821263074874878, 1.2731744050979614, 1.228965401649475, 1.2333505153656006, 1.2541195154190063];[1.5464508533477783, 1.2389568090438843, 0.7988587021827698, 0.499154269695282, 0.2555077075958252, 0.04062773287296295, 0.15610574185848236, 0.026921266689896584, 0.07463240623474121, 0.06565059721469879, 0.09093162417411804, 0.05786283314228058, 0.08792281150817871, 0.06631030142307281, 0.07497503608465195, 0.0701046958565712, 0.08621738106012344, 0.07957447320222855, 0.0538005493581295, 0.05624349042773247, 0.07105103135108948];[-124.95204162597656, -19.564973831176758, -5.475973129272461, -3.175253391265869, -1.954923391342163, -1.3097131252288818, -1.6513937711715698, -1.272023320198059, -1.4070020914077759, -1.3853548765182495, -1.465305209159851, -1.365287184715271, -1.4568798542022705, -1.3822864294052124, -1.4128897190093994, -1.3935341835021973, -1.445766568183899, -1.4243625402450562, -1.3485859632492065, -1.3588039875030518, -1.400962471961975]
1050;[16.569786071777344, 8.476262092590332, 4.393792629241943, 3.0493030548095703, 2.7968878746032715, 2.6511316299438477, 2.6986289024353027, 2.79262638092041, 2.17940616607666, 1.4405550956726074, 1.1679953336715698, 1.1502184867858887, 1.174464464187622, 1.15884268283844, 1.1612502336502075, 1.1478123664855957, 1.1576992273330688, 1.1458560228347778, 1.1457850933074951, 1.1468333005905151, 1.1519150733947754];[1.5453758239746094, 1.2934315204620361, 0.9161121845245361, 0.8376457691192627, 0.8453758955001831, 0.7887204885482788, 0.8137449026107788, 0.8500966429710388, 0.5983150005340576, 0.17716491222381592, 0.005575347691774368, 0.0011498576495796442, 0.014994022436439991, 0.005124268122017384, 0.010305071249604225, 0.0007346236961893737, 0.006184588652104139, 0.0019909203983843327, 0.0023130644112825394, 0.0016661548288539052, 0.005459640175104141];[-128.80654907226562, -32.260257720947266, -8.231429100036621, -5.878328323364258, -6.255671501159668, -5.667251110076904, -6.180718898773193, -6.550778865814209, -3.901799201965332, -1.7179467678070068, -1.2099708318710327, -1.201256275177002, -1.2377681732177734, -1.2123814821243286, -1.223831057548523, -1.1972479820251465, -1.2129744291305542, -1.20404851436615, -1.2009986639022827, -1.1963746547698975, -1.212908148765564]
1100;[16.595863342285156, 8.635595321655273, 3.283148765563965, 1.7936023473739624, 1.2874321937561035, 1.2907841205596924, 1.234960675239563, 1.2010077238082886, 1.191473126411438, 1.2386338710784912, 1.2126353979110718, 1.2058327198028564, 1.2304211854934692, 1.2195563316345215, 1.221030831336975, 1.1815552711486816, 1.1963934898376465, 1.1703451871871948, 1.1567177772521973, 1.1737771034240723, 1.160812497138977];[1.5452494621276855, 1.2755452394485474, 0.6272118091583252, 0.264883816242218, 0.057333849370479584, 0.06998157501220703, 0.04338955506682396, 0.021238431334495544, 0.014585022814571857, 0.04911211133003235, 0.03379581868648529, 0.029763497412204742, 0.0500461719930172, 0.04481349512934685, 0.046558085829019547, 0.021671371534466743, 0.030393224209547043, 0.015431775711476803, 0.010187285020947456, 0.017478395253419876, 0.010951263830065727];[-133.3268280029297, -22.993070602416992, -3.2538161277770996, -1.853135108947754, -1.3540582656860352, -1.3852157592773438, -1.3157682418823242, -1.2528976202011108, -1.2366259098052979, -1.334160327911377, -1.294844388961792, -1.2803127765655518, -1.334376573562622, -1.3184404373168945, -1.3270612955093384, -1.2580139636993408, -1.2861698865890503, -1.2386605739593506, -1.2216507196426392, -1.2494843006134033, -1.2306218147277832]
1150;[16.56783676147461, 9.256328582763672, 6.850898265838623, 6.7199811935424805, 6.876344203948975, 6.690937042236328, 6.396385669708252, 6.153485298156738, 6.068926811218262, 6.835525989532471, 7.223181247711182, 6.5753068923950195, 6.725384712219238, 6.671728134155273, 6.737334728240967, 6.607591152191162, 6.451791763305664, 6.033566474914551, 5.567461967468262, 4.836514949798584, 3.7622408866882324];[1.5415167808532715, 1.36757230758667, 1.2788561582565308, 1.321500301361084, 1.3291702270507812, 1.3168293237686157, 1.310348391532898, 1.2848528623580933, 1.282963514328003, 1.316245675086975, 1.3278777599334717, 1.2980793714523315, 1.3061497211456299, 1.3080193996429443, 1.3103822469711304, 1.3049465417861938, 1.2956843376159668, 1.2732009887695312, 1.2266422510147095, 1.154116153717041, 0.987241804599762];[-135.54962158203125, -44.42424774169922, -33.1039924621582, -40.90251541137695, -42.276798248291016, -41.101497650146484, -35.5980110168457, -33.23002624511719, -32.179988861083984, -43.19694519042969, -49.12618637084961, -40.74659729003906, -43.946563720703125, -42.79023361206055, -43.97822570800781, -42.171875, -39.95100784301758, -34.72258758544922, -28.16765594482422, -21.289600372314453, -12.325876235961914]
1200;[16.57986068725586, 8.305790901184082, 4.077678680419922, 2.1667640209198, 1.3290916681289673, 1.1950445175170898, 1.1808431148529053, 1.159334659576416, 1.2145752906799316, 1.16420316696167, 1.184366226196289, 1.1488231420516968, 1.1810615062713623, 1.1564358472824097, 1.1537309885025024, 1.1613081693649292, 1.1530102491378784, 1.147193193435669, 1.1421234607696533, 1.1397536993026733, 1.144576072692871];[1.544623613357544, 1.2734735012054443, 0.8647690415382385, 0.4828138053417206, 0.08202242851257324, 0.018293075263500214, 0.013036804273724556, 0.005466980393975973, 0.04190756008028984, 0.004972245078533888, 0.022717442363500595, 0.003396277315914631, 0.021151216700673103, 0.007066173013299704, 0.01076418161392212, 0.01314388494938612, 0.007852776907384396, 0.0041029322892427444, 0.00041683553718030453, 0.0014160078717395663, 0.0014425629051402211];[-129.31773376464844, -30.683237075805664, -6.897219181060791, -2.7356882095336914, -1.4169540405273438, -1.245090126991272, -1.2280116081237793, -1.210565447807312, -1.3149268627166748, -1.215844750404358, -1.2627358436584473, -1.206017255783081, -1.2546271085739136, -1.214117169380188, -1.2258524894714355, -1.2336220741271973, -1.2179443836212158, -1.2053804397583008, -1.1948953866958618, -1.2036439180374146, -1.2022587060928345]
1250;[16.55998992919922, 7.468733310699463, 2.467893600463867, 1.6540292501449585, 1.544864296913147, 1.1758642196655273, 1.449263334274292, 1.2225850820541382, 1.3041387796401978, 1.181562900543213, 1.2432173490524292, 1.158316731452942, 1.211271047592163, 1.1508662700653076, 1.1673099994659424, 1.1730494499206543, 1.1591588258743286, 1.172227144241333, 1.161786437034607, 1.1547220945358276, 1.1499040126800537];[1.5464980602264404, 1.1805450916290283, 0.3878796100616455, 0.16259008646011353, 0.21543234586715698, 0.0019435668364167213, 0.17812637984752655, 0.03562026470899582, 0.09396804869174957, 0.019097214564681053, 0.05597483739256859, 0.0053323316387832165, 0.041520148515701294, 0.0014593565138056874, 0.013963030651211739, 0.020526520907878876, 0.00863192230463028, 0.016374699771404266, 0.013649332337081432, 0.007312340196222067, 0.005926637444645166];[-128.5740203857422, -14.436395645141602, -2.1997334957122803, -1.6203175783157349, -1.7919554710388184, -1.206789255142212, -1.6932162046432495, -1.2957043647766113, -1.4611924886703491, -1.2493647336959839, -1.3573232889175415, -1.2095149755477905, -1.3148131370544434, -1.2033501863479614, -1.2335987091064453, -1.254500150680542, -1.2237869501113892, -1.247193694114685, -1.2326127290725708, -1.2171239852905273, -1.2104116678237915]
1300;[16.576372146606445, 7.427888870239258, 2.5665283203125, 1.3801547288894653, 1.3144850730895996, 1.1703072786331177, 1.2903039455413818, 1.1769999265670776, 1.308435320854187, 1.169663906097412, 1.300691843032837, 1.167860984802246, 1.3094500303268433, 1.1553889513015747, 1.3196650743484497, 1.1513351202011108, 1.3178858757019043, 1.1953898668289185, 1.2925753593444824, 1.186928153038025, 1.319907546043396];[1.546189308166504, 1.1857537031173706, 0.4643973410129547, 0.08716501295566559, 0.08321370929479599, 0.006793046370148659, 0.08346199989318848, 0.008688007481396198, 0.10338792204856873, 0.008666615933179855, 0.09579218924045563, 0.011846134439110756, 0.10698553174734116, 0.006098425481468439, 0.11363489180803299, 0.00484395632520318, 0.11125622689723969, 0.03309653699398041, 0.09685226529836655, 0.026838190853595734, 0.1179659366607666];[-130.37168884277344, -14.675527572631836, -2.5512642860412598, -1.432886004447937, -1.4189778566360474, -1.2156915664672852, -1.4364631175994873, -1.2233965396881104, -1.4945263862609863, -1.2215337753295898, -1.4786120653152466, -1.225900411605835, -1.506584644317627, -1.2135801315307617, -1.5358561277389526, -1.2074830532073975, -1.5253067016601562, -1.2911416292190552, -1.4837892055511475, -1.271701455116272, -1.5427571535110474]
1350;[16.57489585876465, 7.605505466461182, 4.383219242095947, 4.301831245422363, 4.709320545196533, 4.262735843658447, 4.001054286956787, 3.269122838973999, 2.9450440406799316, 2.899440288543701, 2.904294729232788, 3.0348427295684814, 3.064444065093994, 3.039451837539673, 3.022318124771118, 3.049865961074829, 3.0307769775390625, 2.981581687927246, 2.9894137382507324, 3.0353124141693115, 2.905641794204712];[1.542214035987854, 1.232497215270996, 1.0304397344589233, 1.1176142692565918, 1.1759535074234009, 1.1050834655761719, 1.0891419649124146, 0.9382659792900085, 0.8419334292411804, 0.8185704946517944, 0.8222511410713196, 0.8582330942153931, 0.8699018955230713, 0.859626293182373, 0.8575839400291443, 0.8646532297134399, 0.8604612946510315, 0.8491346836090088, 0.8504292964935303, 0.8727982044219971, 0.8336331844329834];[-140.42291259765625, -18.404132843017578, -9.83122444152832, -14.970266342163086, -17.875898361206055, -14.337821006774902, -12.373817443847656, -7.908907413482666, -6.423524856567383, -7.368157863616943, -7.610683441162109, -8.53488540649414, -8.814311027526855, -8.746825218200684, -8.65352725982666, -8.927663803100586, -8.696422576904297, -8.578330993652344, -8.660726547241211, -8.923730850219727, -8.208407402038574]
1400;[16.581317901611328, 8.677907943725586, 6.096224784851074, 5.950653076171875, 5.632322311401367, 5.327475547790527, 4.911707878112793, 4.3452229499816895, 3.9387946128845215, 3.3113045692443848, 2.6559972763061523, 1.9601253271102905, 1.3401634693145752, 1.4986519813537598, 1.442259669303894, 1.5327702760696411, 1.4147076606750488, 1.414016842842102, 1.4232707023620605, 1.3861668109893799, 1.433237910270691];[1.5447834730148315, 1.3296520709991455, 1.191218614578247, 1.2472047805786133, 1.2354751825332642, 1.197983980178833, 1.163954496383667, 1.1097804307937622, 1.0455256700515747, 0.9238447546958923, 0.7528387308120728, 0.4486180543899536, 0.10330848395824432, 0.2254370152950287, 0.19194498658180237, 0.25504136085510254, 0.17580051720142365, 0.17589834332466125, 0.18119581043720245, 0.1568651646375656, 0.19083119928836823];[-130.84068298339844, -37.914466857910156, -25.211318969726562, -32.756195068359375, -28.313112258911133, -25.132701873779297, -20.365163803100586, -15.426076889038086, -12.435874938964844, -8.108853340148926, -5.2588934898376465, -2.8469736576080322, -1.4846904277801514, -1.8580386638641357, -1.7650768756866455, -1.9757304191589355, -1.7230600118637085, -1.7122085094451904, -1.7396163940429688, -1.6640156507492065, -1.7629644870758057]
1450;[16.598224639892578, 9.157334327697754, 6.0481157302856445, 4.320681095123291, 3.9880294799804688, 3.5116260051727295, 3.3286690711975098, 3.240081548690796, 2.569594383239746, 1.7991054058074951, 1.242419958114624, 1.1956161260604858, 1.186896800994873, 1.181532621383667, 1.197251796722412, 1.2129566669464111, 1.197680115699768, 1.197314739227295, 1.1961143016815186, 1.1835607290267944, 1.1950246095657349];[1.54408860206604, 1.3450642824172974, 1.1654281616210938, 1.053760051727295, 1.023045539855957, 0.9335967898368835, 0.890623927116394, 0.8727642893791199, 0.6967388391494751, 0.3952777087688446, 0.04408978298306465, 0.024418240413069725, 0.026146402582526207, 0.018063142895698547, 0.03068438358604908, 0.041737351566553116, 0.03356538712978363, 0.034742940217256546, 0.033071283251047134, 0.02649613842368126, 0.03287724778056145];[-134.04428100585938, -40.75150680541992, -23.006288528442383, -14.781341552734375, -12.397186279296875, -9.978184700012207, -8.721506118774414, -8.699556350708008, -5.332813739776611, -2.713167428970337, -1.3142155408859253, -1.2664531469345093, -1.265569806098938, -1.247987151145935, -1.2869207859039307, -1.3159679174423218, -1.291134238243103, -1.2906198501586914, -1.289283037185669, -1.2691302299499512, -1.287871241569519]
1500;[16.581144332885742, 8.031617164611816, 3.133253812789917, 1.4853085279464722, 1.3099972009658813, 1.4760807752609253, 1.629066824913025, 1.3533909320831299, 1.4836623668670654, 1.457758903503418, 1.4260647296905518, 1.3568949699401855, 1.3591655492782593, 1.3378379344940186, 1.3108525276184082, 1.2594895362854004, 1.215583086013794, 1.1738612651824951, 1.1540310382843018, 1.1652662754058838, 1.1548206806182861];[1.5434982776641846, 1.2510889768600464, 0.5732360482215881, 0.11639471352100372, 0.05938452109694481, 0.1721898317337036, 0.2992616891860962, 0.12430290132761002, 0.2083623856306076, 0.19258828461170197, 0.1766553372144699, 0.13572213053703308, 0.13690142333507538, 0.1208905503153801, 0.10447697341442108, 0.07337678223848343, 0.04391736909747124, 0.017144501209259033, 0.007834509946405888, 0.015285060741007328, 0.007363389246165752];[-133.0294189453125, -20.145488739013672, -2.920668840408325, -1.5004223585128784, -1.3556642532348633, -1.6762217283248901, -2.118596076965332, -1.556840419769287, -1.8383413553237915, -1.7699122428894043, -1.732460379600525, -1.5837637186050415, -1.599421739578247, -1.5517860651016235, -1.4981821775436401, -1.409212589263916, -1.322482705116272, -1.2454339265823364, -1.2147493362426758, -1.2357001304626465, -1.2184205055236816]
50;[19.60540008544922, 14.721364974975586, 11.437819480895996, 9.969406127929688, 9.728519439697266, 10.074163436889648, 10.245345115661621, 10.09985637664795, 9.994940757751465, 9.72598648071289, 9.379364013671875, 9.071725845336914, 9.001619338989258, 8.975035667419434, 8.833006858825684, 8.775163650512695, 8.594876289367676, 8.518026351928711, 8.285989761352539, 7.835242748260498, 7.352011203765869];[1.5033804178237915, 1.4049240350723267, 1.3017032146453857, 1.3472449779510498, 1.4218266010284424, 1.4318552017211914, 1.421394944190979, 1.438380241394043, 1.4031747579574585, 1.4056700468063354, 1.4028228521347046, 1.3891149759292603, 1.3814644813537598, 1.3920347690582275, 1.3886226415634155, 1.3804467916488647, 1.368130087852478, 1.3773243427276611, 1.3686639070510864, 1.3544427156448364, 1.3209943771362305];[-152.5258026123047, -90.31826782226562, -54.91789627075195, -47.52101135253906, -48.913124084472656, -57.470245361328125, -62.559268951416016, -59.3452033996582, -59.82743835449219, -56.81141662597656, -52.3304557800293, -48.86138153076172, -48.97804641723633, -48.17026901245117, -46.80485534667969, -47.11674880981445, -45.71048355102539, -44.360801696777344, -41.46473693847656, -36.82896041870117, -32.62815475463867]
100;[19.610395431518555, 14.93027114868164, 11.108129501342773, 8.920348167419434, 8.221534729003906, 9.637083053588867, 9.95291805267334, 9.816405296325684, 9.849876403808594, 9.664360046386719, 9.6709566116333, 9.131839752197266, 9.339570045471191, 9.091835021972656, 9.297325134277344, 9.01403522491455, 9.018786430358887, 8.911687850952148, 8.899662017822266, 8.708207130432129, 8.60828971862793];[1.5035954713821411, 1.4034532308578491, 1.28456449508667, 1.3507617712020874, 1.4152470827102661, 1.365423560142517, 1.3874142169952393, 1.3825628757476807, 1.4178391695022583, 1.4134100675582886, 1.4282282590866089, 1.4091949462890625, 1.4350100755691528, 1.4155889749526978, 1.450293779373169, 1.4132713079452515, 1.437080979347229, 1.416429042816162, 1.420778512954712, 1.4241774082183838, 1.4080724716186523];[-154.35015869140625, -90.19789123535156, -47.905029296875, -27.776649475097656, -33.804237365722656, -50.795108795166016, -57.26211929321289, -55.81623077392578, -55.9808464050293, -54.489044189453125, -55.26414489746094, -49.81291961669922, -51.827491760253906, -49.2515983581543, -51.298248291015625, -48.768592834472656, -47.61115264892578, -47.33504867553711, -47.16861343383789, -45.09407043457031, -44.153656005859375]
150;[19.606155395507812, 14.931144714355469, 11.304915428161621, 8.092623710632324, 7.69029426574707, 7.3779616355896, 7.453588485717773, 7.9946675300598145, 7.374114990234375, 7.146380424499512, 6.873247146606445, 7.13580322265625, 6.785849571228027, 6.990661144256592, 6.944375038146973, 6.970827579498291, 6.905590057373047, 6.856279373168945, 6.71260929107666, 6.697926044464111, 6.599132537841797];[1.5014655590057373, 1.4282009601593018, 1.3048791885375977, 1.1921747922897339, 1.498988389968872, 1.5812280178070068, 1.5509130954742432, 1.5815380811691284, 1.5504188537597656, 1.5568041801452637, 1.5762172937393188, 1.59678053855896, 1.573264718055725, 1.5887386798858643, 1.5893161296844482, 1.593329906463623, 1.5861945152282715, 1.5763815641403198, 1.5601661205291748, 1.5568556785583496, 1.5439248085021973];[-151.96873474121094, -84.32613372802734, -47.453895568847656, -21.553110122680664, -19.30107307434082, -20.785507202148438, -22.65904998779297, -26.645126342773438, -22.922754287719727, -21.063125610351562, -20.927204132080078, -23.337923049926758, -21.156431198120117, -22.335729598999023, -22.081714630126953, -22.342546463012695, -22.000873565673828, -21.944557189941406, -21.057077407836914, -21.087020874023438, -20.32387351989746]
200;[19.60989761352539, 15.024038314819336, 10.925188064575195, 8.853014945983887, 8.379261016845703, 8.799607276916504, 8.845978736877441, 9.28110122680664, 9.48715877532959, 9.634115219116211, 9.439223289489746, 9.308972358703613, 9.190855979919434, 9.245760917663574, 9.351798057556152, 9.143754005432129, 9.177709579467773, 9.106963157653809, 8.851739883422852, 8.883628845214844, 8.298763275146484];[1.5061771869659424, 1.4224227666854858, 1.2883175611495972, 1.2863882780075073, 1.303900957107544, 1.328200101852417, 1.3270732164382935, 1.3638781309127808, 1.3785911798477173, 1.377181053161621, 1.3653661012649536, 1.3749078512191772, 1.3761264085769653, 1.372674822807312, 1.3875535726547241, 1.374846339225769, 1.3694732189178467, 1.383364200592041, 1.356979489326477, 1.3673346042633057, 1.3342204093933105];[-146.62501525878906, -81.41104125976562, -49.913612365722656, -33.905235290527344, -37.755794525146484, -41.89219665527344, -46.032352447509766, -51.04365158081055, -53.673858642578125, -56.363739013671875, -54.59907150268555, -52.18150329589844, -51.00237274169922, -52.35504913330078, -53.15377426147461, -51.33973693847656, -52.52717208862305, -51.2238655090332, -49.070621490478516, -49.34903335571289, -43.31135177612305]
250;[19.606613159179688, 14.89002799987793, 10.715758323669434, 8.551130294799805, 8.193753242492676, 8.515460014343262, 8.765798568725586, 8.462849617004395, 8.380579948425293, 8.468703269958496, 8.56283950805664, 8.319165229797363, 8.338815689086914, 7.925824165344238, 7.7637834548950195, 7.573468208312988, 7.210891246795654, 6.986344814300537, 6.7293381690979, 6.241450786590576, 5.467080116271973];[1.5035531520843506, 1.4215419292449951, 1.2726516723632812, 1.2724494934082031, 1.3756141662597656, 1.368855595588684, 1.4038472175598145, 1.3711509704589844, 1.4086908102035522, 1.3732167482376099, 1.4451696872711182, 1.3998850584030151, 1.3979896306991577, 1.4001981019973755, 1.4318833351135254, 1.4236711263656616, 1.409476637840271, 1.401523470878601, 1.3962831497192383, 1.3643940687179565, 1.2898973226547241];[-154.35806274414062, -82.63529205322266, -42.337913513183594, -29.91899871826172, -30.817241668701172, -37.08352279663086, -39.53669357299805, -36.22948455810547, -37.839630126953125, -40.615325927734375, -38.983341217041016, -37.78876876831055, -38.2879753112793, -34.18232727050781, -32.64543533325195, -31.220054626464844, -28.217182159423828, -26.56737518310547, -24.25348663330078, -20.154508590698242, -15.420038223266602]
300;[19.599504470825195, 15.469287872314453, 11.632743835449219, 10.393402099609375, 9.760758399963379, 10.107792854309082, 10.069805145263672, 10.063802719116211, 9.92003059387207, 9.67406940460205, 9.195474624633789, 9.028772354125977, 8.752233505249023, 8.636600494384766, 8.373929023742676, 8.111934661865234, 7.9445929527282715, 7.592797756195068, 7.257585525512695, 7.014423847198486, 6.702288627624512];[1.502313494682312, 1.4430115222930908, 1.3225033283233643, 1.310880184173584, 1.3839163780212402, 1.4116522073745728, 1.394568920135498, 1.4099534749984741, 1.3947104215621948, 1.4049878120422363, 1.379650592803955, 1.3924009799957275, 1.3764609098434448, 1.3896905183792114, 1.3534209728240967, 1.3653994798660278, 1.3567440509796143, 1.335890531539917, 1.3076153993606567, 1.3083617687225342, 1.300877571105957];[-152.23704528808594, -91.39058685302734, -58.82044982910156, -52.321353912353516, -50.314186096191406, -60.19407272338867, -60.26802062988281, -59.97990417480469, -59.0561637878418, -54.76533508300781, -50.394775390625, -47.715858459472656, -44.629844665527344, -44.393226623535156, -42.469749450683594, -39.30000686645508, -37.42302322387695, -34.3428840637207, -31.762704849243164, -29.497392654418945, -27.018447875976562]
350;[19.601476669311523, 14.643426895141602, 11.783173561096191, 10.958263397216797, 10.825896263122559, 10.568830490112305, 10.805453300476074, 10.678096771240234, 10.285558700561523, 10.24494743347168, 10.283730506896973, 10.001908302307129, 10.143268585205078, 10.259010314941406, 10.356834411621094, 10.394153594970703, 10.140251159667969, 9.951910018920898, 9.675210952758789, 9.387138366699219, 9.19485092163086];[1.5042431354522705, 1.403065800666809, 1.3154826164245605, 1.3787747621536255, 1.4660890102386475, 1.4036657810211182, 1.4687821865081787, 1.4194543361663818, 1.4396445751190186, 1.4218113422393799, 1.4571990966796875, 1.44871187210083, 1.4629156589508057, 1.4701330661773682, 1.47821843624115, 1.4699891805648804, 1.4641135931015015, 1.4759132862091064, 1.4894360303878784, 1.4962979555130005, 1.5074011087417603];[-152.56439208984375, -89.29806518554688, -66.93092346191406, -59.837013244628906, -65.8552474975586, -64.9709243774414, -65.7822036743164, -65.29325866699219, -59.977413177490234, -61.17607879638672, -60.778072357177734, -57.155517578125, -58.6984977722168, -61.242225646972656, -62.869956970214844, -63.22954559326172, -61.045528411865234, -57.581016540527344, -53.487789154052734, -49.25953674316406, -47.75310134887695]
400;[19.606170654296875, 14.46889877319336, 11.152647972106934, 9.68078327178955, 9.397208213806152, 9.614265441894531, 9.454492568969727, 9.120844841003418, 8.655630111694336, 8.194149017333984, 7.52790641784668, 7.191552639007568, 6.424114227294922, 6.3250346183776855, 6.2783284187316895, 6.346449375152588, 6.230058670043945, 6.220901966094971, 6.106497764587402, 6.044661998748779, 5.923163890838623];[1.5038254261016846, 1.3962041139602661, 1.3034054040908813, 1.2951369285583496, 1.35752272605896, 1.3584424257278442, 1.3457821607589722, 1.3389062881469727, 1.336805820465088, 1.325950026512146, 1.291853427886963, 1.301003098487854, 1.24420166015625, 1.273280143737793, 1.2520403861999512, 1.2744555473327637, 1.2651265859603882, 1.2629328966140747, 1.2546625137329102, 1.256126046180725, 1.2381925582885742];[-149.32980346679688, -86.84317016601562, -54.883270263671875, -43.141014099121094, -49.13319396972656, -52.87918472290039, -51.251834869384766, -47.7351188659668, -42.11284637451172, -37.15818405151367, -30.8553466796875, -29.636184692382812, -23.456361770629883, -22.913860321044922, -23.134071350097656, -23.202896118164062, -22.4644718170166, -22.22148895263672, -21.160499572753906, -21.210830688476562, -20.01633071899414]
450;[19.606168746948242, 16.009885787963867, 12.939228057861328, 11.357677459716797, 11.148883819580078, 11.055947303771973, 10.816915512084961, 10.503430366516113, 10.519861221313477, 10.236759185791016, 9.977524757385254, 9.642609596252441, 9.101048469543457, 8.929325103759766, 8.756245613098145, 8.791502952575684, 8.545063018798828, 8.279908180236816, 8.055150985717773, 7.688406467437744, 7.231054782867432];[1.5035308599472046, 1.4388585090637207, 1.3721789121627808, 1.3313812017440796, 1.3452409505844116, 1.345639705657959, 1.3383874893188477, 1.332918643951416, 1.3325130939483643, 1.3223366737365723, 1.3126928806304932, 1.3013817071914673, 1.2812854051589966, 1.3225871324539185, 1.348282814025879, 1.3305929899215698, 1.3276591300964355, 1.3209710121154785, 1.3003953695297241, 1.3041012287139893, 1.2711952924728394];[-151.8433380126953, -112.15689086914062, -78.09477233886719, -71.72293090820312, -72.89019775390625, -71.70658111572266, -68.7125015258789, -65.50749969482422, -66.32502746582031, -61.65544509887695, -58.30494689941406, -53.907859802246094, -47.097965240478516, -44.679779052734375, -46.84579086303711, -47.246490478515625, -44.48362731933594, -41.782108306884766, -39.694496154785156, -35.87885284423828, -31.80340576171875]
500;[19.61858558654785, 15.078088760375977, 11.147856712341309, 9.93220329284668, 9.728137969970703, 9.9830904006958, 9.925552368164062, 9.750319480895996, 9.645904541015625, 9.47028923034668, 9.317120552062988, 9.354944229125977, 9.111288070678711, 8.52418327331543, 7.880398750305176, 7.615880012512207, 7.145457744598389, 6.7069268226623535, 6.328059673309326, 5.695656776428223, 5.0032958984375];[1.5067291259765625, 1.4299007654190063, 1.2959136962890625, 1.3500092029571533, 1.4551191329956055, 1.4627859592437744, 1.4603222608566284, 1.466886281967163, 1.4490597248077393, 1.4585984945297241, 1.4622125625610352, 1.4714081287384033, 1.478724718093872, 1.4451185464859009, 1.4190618991851807, 1.4085719585418701, 1.3724970817565918, 1.340295433998108, 1.3395642042160034, 1.2841261625289917, 1.169058918952942];[-145.80203247070312, -87.85828399658203, -52.29600524902344, -45.380287170410156, -45.29457092285156, -55.24717712402344, -54.723236083984375, -52.0445442199707, -51.55568313598633, -48.9420051574707, -47.447566986083984, -47.7113151550293, -44.935890197753906, -39.04914855957031, -33.38419723510742, -31.846376419067383, -28.152467727661133, -24.519054412841797, -21.636720657348633, -17.402036666870117, -13.99354362487793]
550;[19.599740982055664, 14.815441131591797, 10.684595108032227, 9.993753433227539, 10.014087677001953, 10.218160629272461, 10.141289710998535, 9.850247383117676, 9.616138458251953, 9.45021915435791, 9.494609832763672, 9.771905899047852, 9.676639556884766, 9.430218696594238, 9.363347053527832, 9.178857803344727, 8.934162139892578, 8.603311538696289, 8.485626220703125, 8.468501091003418, 8.45219612121582];[1.50727117061615, 1.4146493673324585, 1.2892838716506958, 1.3412256240844727, 1.4372680187225342, 1.4096004962921143, 1.4416449069976807, 1.400841474533081, 1.441400408744812, 1.4084018468856812, 1.4151519536972046, 1.4373061656951904, 1.4165334701538086, 1.4408761262893677, 1.3968087434768677, 1.389743447303772, 1.3763093948364258, 1.374064326286316, 1.3973300457000732, 1.3921743631362915, 1.3988311290740967];[-149.0399627685547, -80.55879211425781, -47.722694396972656, -50.1967887878418, -53.79404830932617, -61.99398422241211, -59.781410217285156, -57.496253967285156, -53.11122512817383, -53.22111511230469, -53.429325103759766, -57.08722686767578, -56.1209716796875, -52.801761627197266, -53.480865478515625, -51.97568893432617, -48.941341400146484, -45.62754440307617, -44.089481353759766, -43.8604736328125, -43.787635803222656]
600;[19.600278854370117, 15.154979705810547, 11.210289001464844, 10.38958740234375, 10.467792510986328, 10.77667236328125, 10.72205924987793, 10.704301834106445, 10.37484359741211, 10.066476821899414, 9.876193046569824, 9.700201034545898, 9.371975898742676, 9.27331256866455, 9.169672966003418, 8.820050239562988, 8.564560890197754, 8.447638511657715, 8.553754806518555, 8.31781005859375, 8.017282485961914];[1.501469373703003, 1.4278656244277954, 1.3058661222457886, 1.3135900497436523, 1.3672066926956177, 1.3550938367843628, 1.371422290802002, 1.3746590614318848, 1.3858840465545654, 1.424710988998413, 1.4406678676605225, 1.4549477100372314, 1.4719038009643555, 1.479461669921875, 1.4602142572402954, 1.4550089836120605, 1.4248077869415283, 1.4227560758590698, 1.4438238143920898, 1.431317925453186, 1.4214377403259277];[-155.08706665039062, -85.17253112792969, -55.083499908447266, -53.15776443481445, -62.78297805786133, -67.75799560546875, -67.55802917480469, -66.48456573486328, -61.455665588378906, -56.492958068847656, -56.288299560546875, -53.7338752746582, -49.255916595458984, -48.510704040527344, -47.703826904296875, -43.301029205322266, -42.250526428222656, -41.583580017089844, -41.93777847290039, -40.11368942260742, -37.13398361206055]
650;[19.609243392944336, 15.557751655578613, 13.188626289367676, 12.332472801208496, 12.511098861694336, 12.156567573547363, 11.56347370147705, 10.756396293640137, 9.706709861755371, 8.503715515136719, 7.7051544189453125, 7.755423069000244, 8.290511131286621, 9.253375053405762, 9.544581413269043, 9.50600814819336, 9.455887794494629, 9.50204849243164, 9.538808822631836, 9.547344207763672, 9.439249038696289];[1.5071781873703003, 1.4365826845169067, 1.3959463834762573, 1.3854379653930664, 1.3931716680526733, 1.384255051612854, 1.3742908239364624, 1.3533059358596802, 1.3220082521438599, 1.2604690790176392, 1.2257976531982422, 1.3693881034851074, 1.4592574834823608, 1.4810131788253784, 1.4698574542999268, 1.4584788084030151, 1.4517384767532349, 1.461049199104309, 1.4645469188690186, 1.4690698385238647, 1.4635354280471802];[-153.84912109375, -87.61871337890625, -80.86553955078125, -85.74864196777344, -84.79698944091797, -84.49767303466797, -73.59930419921875, -62.99419021606445, -50.520572662353516, -37.01484680175781, -30.1787166595459, -28.6980037689209, -37.629295349121094, -48.72178649902344, -52.81929016113281, -52.469688415527344, -52.74782180786133, -53.377899169921875, -53.740699768066406, -54.1933708190918, -53.03484344482422]
700;[19.62272834777832, 14.374225616455078, 11.309683799743652, 10.273799896240234, 10.568772315979004, 10.871493339538574, 10.662592887878418, 10.369834899902344, 10.05925178527832, 9.77623176574707, 9.563916206359863, 9.563533782958984, 9.593748092651367, 9.445148468017578, 9.283526420593262, 9.102864265441895, 8.808847427368164, 8.657938957214355, 8.350040435791016, 8.214141845703125, 8.04910945892334];[1.5059008598327637, 1.3969844579696655, 1.3110696077346802, 1.3090298175811768, 1.357332706451416, 1.3560022115707397, 1.3494378328323364, 1.3429574966430664, 1.3355040550231934, 1.3318945169448853, 1.3295836448669434, 1.3392759561538696, 1.3383663892745972, 1.3364694118499756, 1.3466086387634277, 1.3388915061950684, 1.339906930923462, 1.3300330638885498, 1.321325421333313, 1.3352632522583008, 1.3165583610534668];[-153.39105224609375, -89.45584869384766, -56.102516174316406, -54.661624908447266, -67.34968566894531, -72.98709869384766, -71.96199035644531, -67.27726745605469, -63.723453521728516, -60.119327545166016, -56.846435546875, -57.25146484375, -57.39983367919922, -55.88492202758789, -53.93169021606445, -52.191017150878906, -47.91170883178711, -46.233821868896484, -43.665340423583984, -41.968692779541016, -40.5963249206543]
750;[19.619277954101562, 14.677417755126953, 10.803367614746094, 8.718090057373047, 8.084649085998535, 9.573740005493164, 9.775765419006348, 9.823423385620117, 9.91661548614502, 9.560428619384766, 9.1082124710083, 8.867711067199707, 8.756202697753906, 8.312751770019531, 7.917727470397949, 7.3700971603393555, 6.817773818969727, 6.168423652648926, 5.718532562255859, 4.731673717498779, 3.9021828174591064];[1.5055729150772095, 1.4178624153137207, 1.285459041595459, 1.3123141527175903, 1.368005394935608, 1.4073501825332642, 1.4034076929092407, 1.4488701820373535, 1.4691070318222046, 1.4340609312057495, 1.436057686805725, 1.4335718154907227, 1.4426509141921997, 1.4116705656051636, 1.4184517860412598, 1.3774586915969849, 1.3522337675094604, 1.2755956649780273, 1.260694146156311, 1.1177242994308472, 0.9647723436355591];[-151.58682250976562, -78.8814468383789, -43.403621673583984, -26.698524475097656, -33.62095642089844, -51.034324645996094, -53.379573822021484, -54.919715881347656, -54.957801818847656, -51.915977478027344, -46.703857421875, -44.933876037597656, -43.59743118286133, -39.520450592041016, -35.30323028564453, -30.529638290405273, -26.089157104492188, -21.581087112426758, -17.720365524291992, -12.079180717468262, -8.52281379699707]
800;[19.624168395996094, 14.953441619873047, 12.157371520996094, 11.099427223205566, 10.806360244750977, 10.487336158752441, 10.243608474731445, 9.929040908813477, 9.8557710647583, 9.891451835632324, 9.824124336242676, 9.587390899658203, 9.557706832885742, 9.245530128479004, 8.93284797668457, 8.848474502563477, 8.6442232131958, 8.391107559204102, 7.9555888175964355, 7.686094760894775, 7.584137439727783];[1.5057421922683716, 1.4107638597488403, 1.330653429031372, 1.3441604375839233, 1.3938064575195312, 1.3910003900527954, 1.3837336301803589, 1.3773140907287598, 1.3742364645004272, 1.3982113599777222, 1.4014346599578857, 1.4084296226501465, 1.3840261697769165, 1.3805385828018188, 1.378547191619873, 1.3829460144042969, 1.3788917064666748, 1.3691710233688354, 1.3617831468582153, 1.3414742946624756, 1.3314687013626099];[-153.67041015625, -96.04418182373047, -69.64675903320312, -61.591915130615234, -67.2961654663086, -64.55400085449219, -61.99504852294922, -57.948814392089844, -59.07350540161133, -58.60588073730469, -58.032073974609375, -54.94736862182617, -55.621883392333984, -53.00129699707031, -48.72856521606445, -47.8617057800293, -45.570030212402344, -42.68171310424805, -38.30582809448242, -35.92185974121094, -35.20916748046875]
850;[19.599803924560547, 14.930891036987305, 12.973240852355957, 13.800995826721191, 13.385788917541504, 12.764472961425781, 11.903023719787598, 11.037738800048828, 10.050727844238281, 9.104374885559082, 7.527122974395752, 6.653536319732666, 6.371291637420654, 7.1603102684021, 7.873929500579834, 8.318557739257812, 8.282086372375488, 8.160284042358398, 7.727375507354736, 7.5533366203308105, 7.27431583404541];[1.506380558013916, 1.4243823289871216, 1.4077203273773193, 1.4397015571594238, 1.4258214235305786, 1.4230337142944336, 1.3956927061080933, 1.3782190084457397, 1.3497620820999146, 1.311253547668457, 1.2179147005081177, 1.1527135372161865, 1.2260323762893677, 1.281238079071045, 1.3192801475524902, 1.355283260345459, 1.3511550426483154, 1.3550949096679688, 1.3277859687805176, 1.3250001668930054, 1.3193860054016113];[-156.58274841308594, -84.82699584960938, -85.1988754272461, -103.68809509277344, -99.31114959716797, -86.9572982788086, -75.6983642578125, -64.18136596679688, -51.926055908203125, -40.68362808227539, -27.528907775878906, -20.468582153320312, -22.211027145385742, -29.469282150268555, -36.68645477294922, -40.575626373291016, -40.426414489746094, -39.2699089050293, -35.67410659790039, -33.50493621826172, -30.599672317504883]
900;[19.611408233642578, 14.340738296508789, 10.571627616882324, 7.679446220397949, 7.947111129760742, 7.841140270233154, 7.88487434387207, 7.890275478363037, 7.906005382537842, 7.630478382110596, 7.53045654296875, 7.502344131469727, 7.501718044281006, 7.433167934417725, 7.374639987945557, 7.262078285217285, 7.060179233551025, 6.740904331207275, 6.534560680389404, 6.554263114929199, 6.449398994445801];[1.50496506690979, 1.4149572849273682, 1.2676539421081543, 1.2341347932815552, 1.5653856992721558, 1.6472861766815186, 1.6719180345535278, 1.6700990200042725, 1.6700369119644165, 1.6570379734039307, 1.6495742797851562, 1.648842453956604, 1.648835301399231, 1.6416457891464233, 1.6408902406692505, 1.632207989692688, 1.617912769317627, 1.5885831117630005, 1.568711757659912, 1.5726094245910645, 1.5628280639648438];[-153.94790649414062, -79.62406921386719, -41.01191711425781, -20.091028213500977, -20.075031280517578, -23.976835250854492, -26.721240997314453, -25.76016616821289, -26.107805252075195, -25.07745361328125, -24.290624618530273, -24.564950942993164, -24.441064834594727, -24.216833114624023, -23.91088104248047, -23.03790283203125, -21.698749542236328, -19.866418838500977, -18.82656478881836, -18.7365779876709, -18.406482696533203]
950;[19.618736267089844, 14.849198341369629, 11.374953269958496, 9.950843811035156, 9.748181343078613, 10.107351303100586, 10.220597267150879, 10.059998512268066, 10.074119567871094, 9.834863662719727, 9.602758407592773, 9.463094711303711, 9.195291519165039, 9.087063789367676, 9.069903373718262, 8.802994728088379, 8.894013404846191, 8.845388412475586, 8.917435646057129, 8.822310447692871, 8.5613374710083];[1.5050996541976929, 1.424980878829956, 1.2967382669448853, 1.3097543716430664, 1.3380742073059082, 1.3593193292617798, 1.3826289176940918, 1.382532000541687, 1.3962534666061401, 1.3782769441604614, 1.388340711593628, 1.3965942859649658, 1.3878124952316284, 1.387547492980957, 1.3864666223526, 1.369025707244873, 1.3736616373062134, 1.3832298517227173, 1.3869966268539429, 1.3921899795532227, 1.3823156356811523];[-150.32244873046875, -83.22474670410156, -50.952999114990234, -47.109676361083984, -53.25810623168945, -59.595664978027344, -61.9493522644043, -60.396820068359375, -59.75432586669922, -58.273380279541016, -54.55015563964844, -53.509864807128906, -49.824180603027344, -49.07294464111328, -49.607303619384766, -47.06243133544922, -47.99110412597656, -47.3213996887207, -48.875, -47.43019485473633, -44.509403228759766]
1000;[19.583219528198242, 15.293436050415039, 11.540130615234375, 10.015349388122559, 9.468938827514648, 9.43920612335205, 9.98991584777832, 9.693012237548828, 9.630950927734375, 9.399345397949219, 9.120210647583008, 9.402774810791016, 9.598165512084961, 9.191691398620605, 8.80130386352539, 8.310772895812988, 7.43099308013916, 6.619598388671875, 6.718592643737793, 6.537286758422852, 6.568136692047119];[1.5048176050186157, 1.4165503978729248, 1.3023513555526733, 1.3761112689971924, 1.573296308517456, 1.6500463485717773, 1.647759199142456, 1.6509404182434082, 1.6426608562469482, 1.6348551511764526, 1.6342287063598633, 1.6456308364868164, 1.6608537435531616, 1.6524803638458252, 1.6486101150512695, 1.6350919008255005, 1.6015695333480835, 1.545747995376587, 1.5578560829162598, 1.5433850288391113, 1.5470057725906372];[-146.6394805908203, -98.52835845947266, -53.72835922241211, -40.87592315673828, -32.43265914916992, -40.052791595458984, -43.38899230957031, -41.6630973815918, -42.410587310791016, -39.50831604003906, -39.491275787353516, -41.80402374267578, -43.8829231262207, -40.16554260253906, -36.64414978027344, -31.88570785522461, -25.169828414916992, -19.50059700012207, -20.475561141967773, -19.59685707092285, -19.928123474121094]
1050;[19.599123001098633, 15.032940864562988, 11.306103706359863, 9.998774528503418, 9.888147354125977, 10.170011520385742, 10.057546615600586, 9.715947151184082, 9.417880058288574, 9.234999656677246, 9.272067070007324, 9.28807258605957, 9.13521957397461, 8.520374298095703, 7.965506553649902, 7.493466854095459, 7.026858329772949, 6.435153007507324, 5.845207691192627, 5.963067054748535, 5.79354190826416];[1.5067322254180908, 1.4317535161972046, 1.3057998418807983, 1.3091157674789429, 1.3650761842727661, 1.3632577657699585, 1.3559901714324951, 1.3505148887634277, 1.352124810218811, 1.3742327690124512, 1.4174922704696655, 1.4350802898406982, 1.439265251159668, 1.4185949563980103, 1.3965976238250732, 1.3648126125335693, 1.345402479171753, 1.3006012439727783, 1.2362879514694214, 1.2576851844787598, 1.251570224761963];[-149.36273193359375, -85.48897552490234, -52.692020416259766, -50.176788330078125, -54.8829231262207, -60.32756423950195, -58.8118782043457, -54.83735656738281, -50.25090789794922, -48.292938232421875, -49.381309509277344, -49.457801818847656, -47.581443786621094, -40.888328552246094, -36.05512619018555, -31.704273223876953, -27.64385414123535, -23.517061233520508, -19.482080459594727, -20.18787384033203, -18.933536529541016]
1100;[19.623069763183594, 15.43474006652832, 12.306543350219727, 10.376165390014648, 10.387707710266113, 10.192546844482422, 9.940654754638672, 9.665868759155273, 9.49105453491211, 9.47030258178711, 9.713379859924316, 9.839563369750977, 9.685864448547363, 9.638806343078613, 9.7661771774292, 9.619210243225098, 9.378857612609863, 9.270125389099121, 9.362222671508789, 9.44450569152832, 9.443706512451172];[1.5054816007614136, 1.4212597608566284, 1.3336035013198853, 1.3098759651184082, 1.4026591777801514, 1.3859031200408936, 1.3569718599319458, 1.3637162446975708, 1.3621901273727417, 1.3415130376815796, 1.3654080629348755, 1.3642287254333496, 1.3724859952926636, 1.3991518020629883, 1.4435186386108398, 1.4576841592788696, 1.4489216804504395, 1.4482084512710571, 1.4423588514328003, 1.4577642679214478, 1.4401997327804565];[-154.11451721191406, -96.77949523925781, -61.81227493286133, -52.24471664428711, -57.52848815917969, -58.22513198852539, -56.054054260253906, -51.77742004394531, -49.40968322753906, -53.009517669677734, -55.77940368652344, -57.431480407714844, -55.280757904052734, -54.834964752197266, -55.547523498535156, -54.8453254699707, -51.35289001464844, -50.92560577392578, -52.74375534057617, -54.17082214355469, -54.3809700012207]
1150;[19.6011962890625, 14.569128036499023, 10.656136512756348, 8.120655059814453, 7.262519359588623, 7.02091121673584, 6.353694915771484, 5.506923198699951, 5.268106460571289, 5.137322425842285, 5.150947093963623, 4.921537399291992, 4.732473373413086, 4.748159408569336, 4.693777084350586, 4.58677864074707, 4.609905242919922, 4.58956241607666, 4.514921188354492, 4.302872657775879, 4.323896884918213];[1.5053765773773193, 1.4153556823730469, 1.282808542251587, 1.1963237524032593, 1.3993130922317505, 1.5490624904632568, 1.4269107580184937, 1.2634345293045044, 1.1891032457351685, 1.1750277280807495, 1.1584343910217285, 1.1129359006881714, 1.0902416706085205, 1.0917854309082031, 1.0770466327667236, 1.0587104558944702, 1.0695010423660278, 1.0666453838348389, 1.044704556465149, 0.9995319843292236, 1.0036410093307495];[-153.02622985839844, -80.72097778320312, -42.30990219116211, -22.0851993560791, -15.130509376525879, -17.568235397338867, -16.635135650634766, -12.718125343322754, -13.443364143371582, -13.153468132019043, -13.639089584350586, -12.744257926940918, -12.111720085144043, -12.089836120605469, -11.964873313903809, -11.44106674194336, -11.573755264282227, -11.452701568603516, -11.02444076538086, -10.481428146362305, -10.671525001525879]
1200;[19.607494354248047, 14.835943222045898, 11.061271667480469, 9.245142936706543, 9.163471221923828, 9.677013397216797, 9.665180206298828, 9.62308406829834, 9.515449523925781, 9.083702087402344, 8.898404121398926, 8.72811508178711, 8.325979232788086, 8.06919002532959, 7.842585563659668, 7.4755706787109375, 7.295144081115723, 6.942105293273926, 6.437573432922363, 5.993129253387451, 5.2759222984313965];[1.5042393207550049, 1.4206757545471191, 1.2926640510559082, 1.302225947380066, 1.3699281215667725, 1.3810744285583496, 1.3929338455200195, 1.4067305326461792, 1.4115489721298218, 1.3920973539352417, 1.402133584022522, 1.3854949474334717, 1.3737154006958008, 1.3671274185180664, 1.3530596494674683, 1.3434109687805176, 1.3311351537704468, 1.3244171142578125, 1.2685558795928955, 1.2682355642318726, 1.141709566116333];[-149.67286682128906, -82.6754379272461, -49.212501525878906, -36.96162414550781, -47.043365478515625, -55.52178192138672, -54.24506759643555, -54.63713073730469, -53.18370056152344, -49.268306732177734, -47.19977951049805, -45.57256317138672, -41.046573638916016, -39.63639831542969, -37.203277587890625, -33.72721481323242, -32.085086822509766, -28.819114685058594, -25.034364700317383, -21.03179168701172, -16.880857467651367]
1250;[19.587186813354492, 14.773512840270996, 11.73373794555664, 10.459360122680664, 10.273977279663086, 9.965009689331055, 9.778949737548828, 9.473295211791992, 9.082452774047852, 8.745187759399414, 8.418642044067383, 7.856579780578613, 7.406727313995361, 6.865460395812988, 6.579015731811523, 6.131885528564453, 5.611642837524414, 5.143528938293457, 4.781635284423828, 5.0207648277282715, 4.846590518951416];[1.5069270133972168, 1.3996450901031494, 1.3143188953399658, 1.3357352018356323, 1.4327113628387451, 1.4077168703079224, 1.4222407341003418, 1.4330253601074219, 1.3994032144546509, 1.404547095298767, 1.4012759923934937, 1.3602497577667236, 1.3735162019729614, 1.2980929613113403, 1.2880741357803345, 1.2755584716796875, 1.190983533859253, 1.1605379581451416, 1.0970988273620605, 1.135148286819458, 1.1099019050598145];[-149.9051971435547, -87.84972381591797, -62.36806106567383, -51.5052490234375, -56.82582473754883, -56.016754150390625, -53.343116760253906, -49.403961181640625, -46.086238861083984, -41.729942321777344, -38.605228424072266, -33.33378601074219, -28.9503231048584, -26.254600524902344, -24.277137756347656, -20.56167221069336, -17.53396224975586, -14.478623390197754, -12.680314064025879, -14.448444366455078, -13.339554786682129]
1300;[19.600337982177734, 14.476174354553223, 12.131089210510254, 10.897377014160156, 10.395285606384277, 10.141705513000488, 9.74709701538086, 9.404520034790039, 8.8727388381958, 8.883334159851074, 9.195780754089355, 9.515357971191406, 9.573634147644043, 9.529864311218262, 9.501063346862793, 9.36618709564209, 9.088156700134277, 8.7927827835083, 8.595525741577148, 8.30771541595459, 7.890588283538818];[1.5058543682098389, 1.3952735662460327, 1.3324179649353027, 1.3192421197891235, 1.3173632621765137, 1.309515357017517, 1.3029879331588745, 1.2993800640106201, 1.306715726852417, 1.3847349882125854, 1.439244270324707, 1.4218058586120605, 1.4326647520065308, 1.425623893737793, 1.4219541549682617, 1.4150424003601074, 1.4214766025543213, 1.4092973470687866, 1.3991708755493164, 1.3822523355484009, 1.3723340034484863];[-148.8936767578125, -85.98596954345703, -73.75299835205078, -66.16730499267578, -62.651100158691406, -59.939247131347656, -54.702762603759766, -50.17036056518555, -44.681495666503906, -43.20649337768555, -48.88044357299805, -54.145263671875, -54.98884201049805, -55.1302490234375, -55.022708892822266, -53.20441436767578, -49.95133972167969, -46.692626953125, -44.75783157348633, -41.376747131347656, -37.66838836669922]
1350;[19.606346130371094, 16.416004180908203, 13.742901802062988, 12.172323226928711, 12.216897964477539, 11.8889799118042, 11.675219535827637, 11.407929420471191, 10.870999336242676, 9.860797882080078, 9.180992126464844, 8.643543243408203, 8.816671371459961, 9.04664134979248, 9.116449356079102, 8.797577857971191, 8.352777481079102, 7.9789838790893555, 7.839817047119141, 7.677117824554443, 7.284153461456299];[1.5064271688461304, 1.4494378566741943, 1.3840937614440918, 1.359999179840088, 1.373389720916748, 1.3642078638076782, 1.368665337562561, 1.359843134880066, 1.346848726272583, 1.311767578125, 1.2794504165649414, 1.3020302057266235, 1.4028983116149902, 1.4229661226272583, 1.43086576461792, 1.4221539497375488, 1.413036823272705, 1.3893232345581055, 1.3774254322052002, 1.3529812097549438, 1.3275967836380005];[-158.31321716308594, -119.67660522460938, -87.12500762939453, -85.31368255615234, -86.44950866699219, -83.95580291748047, -81.13742065429688, -77.9620590209961, -68.76599884033203, -55.45171356201172, -45.130859375, -40.32786560058594, -44.77617263793945, -48.25031280517578, -48.72687530517578, -45.183807373046875, -40.090293884277344, -36.99549865722656, -35.90424728393555, -35.10889434814453, -31.655868530273438]
1400;[19.60564422607422, 14.341022491455078, 10.623222351074219, 9.27722454071045, 8.792597770690918, 8.730342864990234, 8.87392807006836, 8.75628662109375, 8.909226417541504, 8.823799133300781, 8.78110408782959, 8.50707721710205, 8.175558090209961, 7.979194164276123, 8.159167289733887, 7.994927883148193, 7.537109375, 7.135908126831055, 6.713921070098877, 6.276653289794922, 5.4772138595581055];[1.5068955421447754, 1.4150880575180054, 1.286950945854187, 1.278753638267517, 1.3318607807159424, 1.3150267601013184, 1.3424965143203735, 1.359546184539795, 1.3802077770233154, 1.385762333869934, 1.4265644550323486, 1.4446208477020264, 1.4406864643096924, 1.4116425514221191, 1.4216798543930054, 1.4324710369110107, 1.4121367931365967, 1.388710379600525, 1.3689569234848022, 1.3314977884292603, 1.2453043460845947];[-152.33116149902344, -78.71739196777344, -49.734222412109375, -40.237632751464844, -39.029720306396484, -42.07099533081055, -42.022491455078125, -42.30320739746094, -44.55235290527344, -43.52351379394531, -42.182640075683594, -38.676692962646484, -35.210811614990234, -35.405982971191406, -37.16280746459961, -35.3806037902832, -31.352676391601562, -27.600475311279297, -24.470773696899414, -20.60124969482422, -15.873504638671875]
1450;[19.62308120727539, 14.610064506530762, 10.825849533081055, 8.285063743591309, 7.092613697052002, 7.243659496307373, 7.8169846534729, 7.638840198516846, 7.738339900970459, 7.9861321449279785, 8.239299774169922, 7.933014392852783, 7.6751556396484375, 7.320106029510498, 6.670806407928467, 6.081823825836182, 5.245498180389404, 4.422313690185547, 4.174283027648926, 4.064146995544434, 4.304038047790527];[1.5109329223632812, 1.4207667112350464, 1.2870506048202515, 1.1856077909469604, 1.360406756401062, 1.349320888519287, 1.4239425659179688, 1.3681690692901611, 1.365006685256958, 1.3721944093704224, 1.419588565826416, 1.3740906715393066, 1.3884423971176147, 1.374537467956543, 1.3196263313293457, 1.2967016696929932, 1.1720645427703857, 1.0569757223129272, 1.0091731548309326, 0.9742906093597412, 1.0156581401824951];[-152.7705535888672, -80.22276306152344, -43.74281692504883, -22.309795379638672, -20.521303176879883, -24.608871459960938, -28.399721145629883, -28.807336807250977, -31.96584701538086, -34.280120849609375, -37.72673416137695, -35.42481231689453, -32.817909240722656, -29.165658950805664, -24.313322067260742, -19.66895866394043, -14.851567268371582, -10.615439414978027, -9.8714017868042, -9.428509712219238, -10.771601676940918]
1500;[19.61345863342285, 14.952831268310547, 11.663525581359863, 9.258076667785645, 8.263545989990234, 8.239585876464844, 8.340215682983398, 8.157990455627441, 7.888802528381348, 7.247203826904297, 6.241945743560791, 5.469062328338623, 4.681278228759766, 4.1838178634643555, 3.906744956970215, 3.7253613471984863, 3.4495651721954346, 3.1342055797576904, 3.103745698928833, 3.068075656890869, 3.050203561782837];[1.5054144859313965, 1.412109375, 1.317299485206604, 1.2679638862609863, 1.4037710428237915, 1.4995962381362915, 1.4481626749038696, 1.4507246017456055, 1.432234525680542, 1.4412946701049805, 1.342643141746521, 1.2711557149887085, 1.1838200092315674, 1.098728895187378, 1.015645146369934, 0.9618983268737793, 0.8897795081138611, 0.8034738302230835, 0.782569944858551, 0.7675248980522156, 0.7663642168045044];[-153.07765197753906, -93.967041015625, -56.90163040161133, -34.76335144042969, -27.772621154785156, -31.847009658813477, -33.33772277832031, -31.779624938964844, -29.383485794067383, -23.372278213500977, -18.402786254882812, -13.959891319274902, -10.013330459594727, -8.387155532836914, -7.601729869842529, -6.984678745269775, -6.012749195098877, -5.0311360359191895, -5.101187229156494, -4.957573890686035, -4.893580913543701]
