Seed;RMSE History;MMD History;Log-Likelihood History
50;[16.376911163330078, 9.497349739074707, 8.268205642700195, 8.106151580810547, 8.105914115905762, 4.7266621589660645, 3.4884204864501953, 2.3317556381225586, 2.0966434478759766, 1.8940881490707397, 1.9344366788864136, 1.967704176902771, 1.9004669189453125, 1.8810935020446777, 1.889845371246338, 1.8698513507843018, 1.8681198358535767, 1.8390041589736938, 1.8375802040100098, 1.8115123510360718, 1.8493801355361938];[1.397889256477356, 1.2370944023132324, 1.4453377723693848, 1.3534042835235596, 1.3366312980651855, 0.980039119720459, 0.7021459341049194, 0.24936462938785553, 0.14669781923294067, 0.06337707489728928, 0.08597255498170853, 0.10077343136072159, 0.07036438584327698, 0.06689845025539398, 0.06787422299385071, 0.062483180314302444, 0.06260668486356735, 0.04793303459882736, 0.04780787602066994, 0.040743302553892136, 0.0528898760676384];[-73.03792572021484, -21.600332260131836, -16.113975524902344, -22.759660720825195, -24.60425567626953, -8.14122486114502, -4.58573579788208, -2.330549955368042, -2.0190470218658447, -1.7738080024719238, -1.8390752077102661, -1.887027382850647, -1.8066809177398682, -1.7856043577194214, -1.7935458421707153, -1.773858904838562, -1.7779852151870728, -1.738122820854187, -1.7377407550811768, -1.716436743736267, -1.7531228065490723]
100;[16.369844436645508, 9.556768417358398, 7.155275821685791, 4.5203680992126465, 3.6705641746520996, 3.0056307315826416, 2.8766684532165527, 2.5557849407196045, 2.2453794479370117, 2.236818552017212, 2.129045248031616, 2.0309810638427734, 2.0118584632873535, 1.9617915153503418, 1.8791165351867676, 1.8340154886245728, 1.8202145099639893, 1.8277161121368408, 1.8026764392852783, 1.7961018085479736, 1.8228126764297485];[1.3970413208007812, 1.2432968616485596, 1.3437784910202026, 1.0115662813186646, 0.7568019032478333, 0.5303542017936707, 0.48015961050987244, 0.35031089186668396, 0.2165963500738144, 0.21685977280139923, 0.1699000895023346, 0.12938304245471954, 0.11868138611316681, 0.09847866743803024, 0.06622655689716339, 0.04449694976210594, 0.040486887097358704, 0.04546705633401871, 0.03384530171751976, 0.031091250479221344, 0.04070891812443733];[-72.28092193603516, -20.755599975585938, -14.09705924987793, -6.016845226287842, -4.693832874298096, -3.3823745250701904, -3.1987922191619873, -2.664790153503418, -2.2386975288391113, -2.219759464263916, -2.087690591812134, -1.965207815170288, -1.9390997886657715, -1.8765912055969238, -1.7891263961791992, -1.7341434955596924, -1.7156829833984375, -1.7318416833877563, -1.6951864957809448, -1.6907762289047241, -1.713800311088562]
150;[16.36842918395996, 11.752058982849121, 7.952470302581787, 5.876094818115234, 3.662198781967163, 3.0954430103302, 2.537429094314575, 2.3150181770324707, 2.224407434463501, 2.0673623085021973, 1.9611316919326782, 1.8726330995559692, 1.8269490003585815, 1.8004809617996216, 1.7619099617004395, 1.7666382789611816, 1.7557252645492554, 1.7556287050247192, 1.7662878036499023, 1.7711306810379028, 1.7772283554077148];[1.3987120389938354, 1.3022360801696777, 1.3069517612457275, 1.11882746219635, 0.7239418029785156, 0.5577559471130371, 0.3353213965892792, 0.2385309338569641, 0.20991909503936768, 0.14017556607723236, 0.09606241434812546, 0.05746864154934883, 0.041406769305467606, 0.03370680660009384, 0.014054813422262669, 0.01729988120496273, 0.01509057730436325, 0.014508703723549843, 0.015618018805980682, 0.02040715515613556, 0.02240201085805893];[-71.65807342529297, -46.57252883911133, -20.246305465698242, -11.731825828552246, -4.7073588371276855, -3.540858507156372, -2.6036627292633057, -2.3049983978271484, -2.2171378135681152, -2.002153158187866, -1.8742165565490723, -1.7630418539047241, -1.719423532485962, -1.6919147968292236, -1.641435146331787, -1.6502058506011963, -1.6427723169326782, -1.6408172845840454, -1.6461913585662842, -1.6611589193344116, -1.6689331531524658]
200;[16.373374938964844, 9.565958023071289, 6.9541425704956055, 4.366331100463867, 3.149631977081299, 2.5443265438079834, 2.4097518920898438, 2.27351450920105, 2.308274745941162, 2.369755506515503, 2.264518976211548, 2.341341018676758, 2.3238327503204346, 2.2285361289978027, 2.1686832904815674, 2.076029062271118, 2.030515432357788, 2.0140750408172607, 1.9837830066680908, 1.9601749181747437, 1.9010624885559082];[1.395896315574646, 1.2398282289505005, 1.2629450559616089, 0.9441362023353577, 0.5642640590667725, 0.3322068154811859, 0.27932342886924744, 0.22260402143001556, 0.2451646775007248, 0.2718771696090698, 0.23010341823101044, 0.26372456550598145, 0.2599116265773773, 0.21669656038284302, 0.19539853930473328, 0.15265291929244995, 0.13097767531871796, 0.12547709047794342, 0.11408434063196182, 0.10099132359027863, 0.07955265790224075];[-72.9843521118164, -20.95733642578125, -14.529664039611816, -5.706013202667236, -3.4901185035705566, -2.602806806564331, -2.4337007999420166, -2.247138500213623, -2.319916009902954, -2.4140820503234863, -2.280393362045288, -2.387692928314209, -2.3770570755004883, -2.239168643951416, -2.174595355987549, -2.041092872619629, -1.9866939783096313, -1.9678937196731567, -1.9242292642593384, -1.8931156396865845, -1.8271002769470215]
250;[16.361940383911133, 11.684947967529297, 8.167332649230957, 4.725538730621338, 3.3687784671783447, 2.3820672035217285, 2.193052053451538, 2.094108819961548, 2.0752952098846436, 2.0328798294067383, 1.922265648841858, 1.8911770582199097, 1.9201345443725586, 1.9559322595596313, 1.9178825616836548, 1.9157557487487793, 1.9680840969085693, 1.969560980796814, 1.9352940320968628, 1.915598750114441, 1.8756194114685059];[1.397222876548767, 1.3065295219421387, 1.3856985569000244, 1.0360684394836426, 0.6271299123764038, 0.26084497570991516, 0.18591320514678955, 0.14922916889190674, 0.1403951495885849, 0.12651771306991577, 0.0750223696231842, 0.06910993158817291, 0.0775044709444046, 0.09918568283319473, 0.08088820427656174, 0.08055475354194641, 0.10202725231647491, 0.10902557522058487, 0.09244128316640854, 0.08418571203947067, 0.06814630329608917];[-73.10462188720703, -44.987125396728516, -19.797868728637695, -6.368029594421387, -3.971240282058716, -2.364851713180542, -2.131610870361328, -2.034827470779419, -2.013521194458008, -1.9625909328460693, -1.813666582107544, -1.7948113679885864, -1.8305473327636719, -1.8868695497512817, -1.825140118598938, -1.832095742225647, -1.9018787145614624, -1.9110703468322754, -1.8602627515792847, -1.8435755968093872, -1.7996916770935059]
300;[16.380901336669922, 9.466102600097656, 8.308523178100586, 4.739501953125, 3.187107801437378, 2.650942802429199, 2.3392646312713623, 2.0954816341400146, 2.005211114883423, 1.950768232345581, 1.915207862854004, 1.8794167041778564, 1.948240041732788, 1.8736990690231323, 1.8912817239761353, 1.8673521280288696, 1.846315860748291, 1.8360852003097534, 1.822373390197754, 1.8179244995117188, 1.8538763523101807];[1.3972654342651367, 1.2480428218841553, 1.464901328086853, 1.0267335176467896, 0.5952789187431335, 0.37999290227890015, 0.2501380145549774, 0.15086790919303894, 0.11067751795053482, 0.08951817452907562, 0.075665682554245, 0.06303362548351288, 0.09007895737886429, 0.060303498059511185, 0.07025306671857834, 0.060735784471035004, 0.053016651421785355, 0.04767218977212906, 0.04408131167292595, 0.041696980595588684, 0.056909140199422836];[-71.25759887695312, -19.891132354736328, -16.850341796875, -7.028546333312988, -3.573025703430176, -2.758061408996582, -2.3205442428588867, -2.0241081714630127, -1.9061765670776367, -1.8544280529022217, -1.8135546445846558, -1.7769684791564941, -1.8675870895385742, -1.7734382152557373, -1.8028596639633179, -1.7737127542495728, -1.7465612888336182, -1.741032600402832, -1.7249155044555664, -1.718910574913025, -1.7644234895706177]
350;[16.37685203552246, 9.537280082702637, 6.768075466156006, 4.069713592529297, 2.8258368968963623, 2.3457443714141846, 2.133315086364746, 2.079489231109619, 1.9536950588226318, 1.9409958124160767, 1.9407157897949219, 1.8949058055877686, 1.8327276706695557, 1.8774675130844116, 1.8328520059585571, 1.8240851163864136, 1.790702223777771, 1.8001203536987305, 1.7773420810699463, 1.7708293199539185, 1.7542204856872559];[1.3971993923187256, 1.2531577348709106, 1.210903525352478, 0.8416473269462585, 0.4428240954875946, 0.24737806618213654, 0.16059385240077972, 0.13767722249031067, 0.08678174763917923, 0.08264122903347015, 0.08669213950634003, 0.06594560295343399, 0.042803529649972916, 0.06040620431303978, 0.043038491159677505, 0.04434182122349739, 0.029910895973443985, 0.03203706443309784, 0.02508048713207245, 0.02105548605322838, 0.015747645869851112];[-71.22865295410156, -21.461894989013672, -14.32986068725586, -5.061687469482422, -3.0044162273406982, -2.3099045753479004, -2.055441379547119, -1.9886939525604248, -1.8485256433486938, -1.8339096307754517, -1.8478716611862183, -1.7906079292297363, -1.7231173515319824, -1.7686457633972168, -1.7214199304580688, -1.720687747001648, -1.6858426332473755, -1.695003867149353, -1.6727752685546875, -1.6624430418014526, -1.649692177772522]
400;[16.363100051879883, 11.814824104309082, 8.116634368896484, 6.0491814613342285, 4.903390884399414, 3.0912017822265625, 2.450035810470581, 2.225494861602783, 2.126288414001465, 1.9706417322158813, 1.9815049171447754, 1.983552098274231, 1.951871395111084, 1.906245470046997, 1.9012905359268188, 1.8510578870773315, 1.8596138954162598, 1.8142993450164795, 1.8115828037261963, 1.8155909776687622, 1.8006927967071533];[1.3982000350952148, 1.297391653060913, 1.3116428852081299, 1.1467856168746948, 0.9640088081359863, 0.5361385345458984, 0.29361066222190857, 0.2061174511909485, 0.16387782990932465, 0.09786506742238998, 0.10139235854148865, 0.10677861422300339, 0.09308730810880661, 0.07736721634864807, 0.07664010673761368, 0.05338449403643608, 0.058359526097774506, 0.038722291588783264, 0.038049448281526566, 0.04033194109797478, 0.03799598291516304];[-71.06763458251953, -46.32807540893555, -20.779638290405273, -12.681940078735352, -8.908228874206543, -3.661649703979492, -2.512021541595459, -2.2203400135040283, -2.0898513793945312, -1.8728832006454468, -1.8836145401000977, -1.9045733213424683, -1.8662089109420776, -1.8216356039047241, -1.8197085857391357, -1.757124900817871, -1.7682074308395386, -1.7106149196624756, -1.7046552896499634, -1.712593674659729, -1.704216718673706]
450;[16.369915008544922, 9.588268280029297, 7.010265350341797, 5.1315484046936035, 3.208324670791626, 2.344313859939575, 2.220573663711548, 2.0641846656799316, 1.9934124946594238, 1.8431761264801025, 1.8246787786483765, 1.8175842761993408, 1.793999195098877, 1.8028788566589355, 1.7842590808868408, 1.7533133029937744, 1.7587028741836548, 1.7761139869689941, 1.771546483039856, 1.7836209535598755, 1.7651453018188477];[1.396751880645752, 1.2457972764968872, 1.2925862073898315, 0.9982591271400452, 0.5691297650337219, 0.24552486836910248, 0.1994791030883789, 0.13470524549484253, 0.10716533660888672, 0.0427621491253376, 0.0359681136906147, 0.035321738570928574, 0.026592081412672997, 0.03358444571495056, 0.02265535295009613, 0.01378144882619381, 0.01247047446668148, 0.022290492430329323, 0.022085120901465416, 0.02715517207980156, 0.02038397081196308];[-71.8649673461914, -19.951740264892578, -14.436995506286621, -8.785808563232422, -3.683302640914917, -2.3245792388916016, -2.1606392860412598, -1.9828792810440063, -1.901781439781189, -1.7186819314956665, -1.699595332145691, -1.7024592161178589, -1.6750918626785278, -1.6928263902664185, -1.6601835489273071, -1.6388680934906006, -1.6369221210479736, -1.663382887840271, -1.6628069877624512, -1.6758500337600708, -1.6580041646957397]
500;[16.342056274414062, 11.74029541015625, 11.3795804977417, 7.638120651245117, 5.862217426300049, 3.841224431991577, 2.6372344493865967, 2.4122934341430664, 2.2250704765319824, 2.142098903656006, 2.054647922515869, 2.0540573596954346, 2.0586888790130615, 2.0278100967407227, 1.9629648923873901, 1.9203068017959595, 1.8814053535461426, 1.8603471517562866, 1.8421876430511475, 1.8390353918075562, 1.805824637413025];[1.3953099250793457, 1.3047648668289185, 1.4036352634429932, 1.318097710609436, 1.1424930095672607, 0.7888709902763367, 0.37861719727516174, 0.284534215927124, 0.20615200698375702, 0.17454199492931366, 0.1380637288093567, 0.13432465493679047, 0.14190097153186798, 0.1270798295736313, 0.10231189429759979, 0.08687213808298111, 0.0664113461971283, 0.05825187265872955, 0.05164326727390289, 0.04958328232169151, 0.037209730595350266];[-72.40740203857422, -45.93828582763672, -49.1777458190918, -20.130308151245117, -12.361467361450195, -5.266270637512207, -2.7750084400177, -2.4428818225860596, -2.199892997741699, -2.0983355045318604, -1.9928536415100098, -1.9985814094543457, -2.014615058898926, -1.967287540435791, -1.8839470148086548, -1.838186502456665, -1.7918484210968018, -1.7621341943740845, -1.7469693422317505, -1.7483237981796265, -1.7087970972061157]
550;[16.384872436523438, 11.939894676208496, 11.320747375488281, 11.355011940002441, 7.74167013168335, 6.040139198303223, 5.233877658843994, 4.793121814727783, 3.282320499420166, 2.202092170715332, 1.9867522716522217, 1.89812433719635, 1.928154468536377, 1.8832577466964722, 1.8019696474075317, 1.8157943487167358, 1.7921836376190186, 1.751579761505127, 1.759498119354248, 1.7572540044784546, 1.7547481060028076];[1.399965524673462, 1.2920132875442505, 1.3925939798355103, 1.4192994832992554, 1.31215238571167, 1.1426926851272583, 1.0380803346633911, 0.9703570008277893, 0.6171615719795227, 0.19729244709014893, 0.10546949505805969, 0.07058892399072647, 0.08702367544174194, 0.06513312458992004, 0.03187476471066475, 0.036045707762241364, 0.02811266854405403, 0.014840483665466309, 0.014720611274242401, 0.01727825403213501, 0.015463743358850479];[-71.69013977050781, -47.887481689453125, -49.82328796386719, -50.898868560791016, -22.036344528198242, -13.863773345947266, -10.336739540100098, -9.049123764038086, -4.269838333129883, -2.1721715927124023, -1.902693271636963, -1.7935490608215332, -1.8431130647659302, -1.7899746894836426, -1.6919152736663818, -1.712497353553772, -1.6822189092636108, -1.6426136493682861, -1.64261794090271, -1.649857521057129, -1.6417896747589111]
600;[16.371875762939453, 11.871609687805176, 11.437496185302734, 11.360965728759766, 11.355525016784668, 11.371967315673828, 8.044766426086426, 4.864797115325928, 3.3006134033203125, 2.2737348079681396, 1.8840423822402954, 1.7981709241867065, 1.7644180059432983, 1.7737083435058594, 1.7757525444030762, 1.7780309915542603, 1.7724398374557495, 1.7606005668640137, 1.7691705226898193, 1.7631257772445679, 1.7436634302139282];[1.3977935314178467, 1.2916980981826782, 1.374800443649292, 1.392256736755371, 1.3880351781845093, 1.3907687664031982, 1.283421516418457, 0.9655011892318726, 0.6214145421981812, 0.2349863052368164, 0.06042637303471565, 0.025959767401218414, 0.012915747240185738, 0.02051013708114624, 0.022077489644289017, 0.022744018584489822, 0.020299844443798065, 0.017733417451381683, 0.021460285410284996, 0.01820063777267933, 0.011661367490887642];[-72.76250457763672, -48.240787506103516, -50.061439514160156, -51.31218338012695, -52.81098175048828, -54.053707122802734, -26.55724334716797, -9.365991592407227, -4.403270721435547, -2.3223373889923096, -1.7723509073257446, -1.6713181734085083, -1.6395928859710693, -1.6599540710449219, -1.6587176322937012, -1.6647000312805176, -1.6579179763793945, -1.6558692455291748, -1.6617214679718018, -1.6506729125976562, -1.635630488395691]
650;[16.365907669067383, 11.869492530822754, 11.34515380859375, 7.6618876457214355, 4.393395900726318, 2.919069766998291, 2.595940351486206, 2.4103293418884277, 2.2863869667053223, 2.296074867248535, 2.213369369506836, 2.1662633419036865, 2.147927761077881, 2.147608995437622, 2.1610071659088135, 2.126769781112671, 2.0174384117126465, 1.938860297203064, 1.9138031005859375, 1.8988772630691528, 1.8739889860153198];[1.3927809000015259, 1.2931097745895386, 1.3765842914581299, 1.2710267305374146, 0.8997539281845093, 0.4790381193161011, 0.3636188507080078, 0.28477591276168823, 0.23530882596969604, 0.24093376100063324, 0.20518580079078674, 0.18937623500823975, 0.1807989627122879, 0.184275820851326, 0.18892982602119446, 0.17693817615509033, 0.12496504932641983, 0.09049210697412491, 0.08176818490028381, 0.07823757827281952, 0.06484496593475342];[-71.73751831054688, -47.68559646606445, -50.093536376953125, -20.806123733520508, -6.538469314575195, -3.2395448684692383, -2.7610979080200195, -2.471947431564331, -2.3164749145507812, -2.331507682800293, -2.2220373153686523, -2.170701265335083, -2.1486141681671143, -2.155064344406128, -2.1723861694335938, -2.133431911468506, -1.9658111333847046, -1.866726040840149, -1.8430255651474, -1.8262501955032349, -1.7895116806030273]
700;[16.352001190185547, 9.517437934875488, 7.027546405792236, 5.160356521606445, 4.456111907958984, 4.050779819488525, 3.1339337825775146, 2.566047430038452, 2.452359914779663, 2.307615041732788, 2.3111298084259033, 2.2626311779022217, 2.159905195236206, 2.1140432357788086, 2.112154245376587, 2.0650620460510254, 2.0647010803222656, 2.078627347946167, 2.0440025329589844, 2.0394670963287354, 2.0141420364379883];[1.3948147296905518, 1.2422024011611938, 1.3271355628967285, 1.0675091743469238, 0.9431679248809814, 0.8443544507026672, 0.5742287635803223, 0.3479243516921997, 0.3069508671760559, 0.24793118238449097, 0.24774843454360962, 0.2296777218580246, 0.18817336857318878, 0.16598983108997345, 0.16907228529453278, 0.14731425046920776, 0.1448063850402832, 0.15160401165485382, 0.1440945416688919, 0.13418276607990265, 0.12999331951141357];[-70.16020202636719, -19.55418586730957, -13.527326583862305, -8.612329483032227, -6.849075794219971, -5.941650390625, -3.7414209842681885, -2.6913604736328125, -2.537689447402954, -2.335901975631714, -2.3439629077911377, -2.2992382049560547, -2.1459858417510986, -2.084965229034424, -2.1009039878845215, -2.030949831008911, -2.0326590538024902, -2.0445199012756348, -2.0258970260620117, -1.997018575668335, -1.9885621070861816]
750;[16.363067626953125, 11.760563850402832, 8.058680534362793, 6.022131443023682, 3.8788909912109375, 3.068000078201294, 2.9603350162506104, 2.8639886379241943, 2.458599805831909, 2.486506700515747, 2.1586267948150635, 2.0815393924713135, 2.030714988708496, 2.0217368602752686, 1.927526831626892, 1.883616328239441, 1.8739478588104248, 1.8359915018081665, 1.791597604751587, 1.8368933200836182, 1.821663498878479];[1.3971993923187256, 1.2987663745880127, 1.3224701881408691, 1.1673206090927124, 0.8040469288825989, 0.5483270287513733, 0.5125554800033569, 0.4782048165798187, 0.30902814865112305, 0.32293209433555603, 0.17835766077041626, 0.14995121955871582, 0.12736211717128754, 0.12851016223430634, 0.08618804812431335, 0.0674767717719078, 0.06570036709308624, 0.047315891832113266, 0.028228463605046272, 0.04552929848432541, 0.043401919305324554];[-67.83625793457031, -47.039710998535156, -20.628252029418945, -12.168417930603027, -5.11809778213501, -3.5304508209228516, -3.390028715133667, -3.2747881412506104, -2.561946392059326, -2.605311632156372, -2.121302843093872, -2.043139934539795, -1.9671833515167236, -1.9747511148452759, -1.8463943004608154, -1.7916152477264404, -1.7914810180664062, -1.7334939241409302, -1.6812841892242432, -1.7351690530776978, -1.7244796752929688]
800;[16.35968780517578, 11.76403522491455, 8.1102933883667, 5.8825883865356445, 4.956528186798096, 4.397924900054932, 2.983760118484497, 2.2678229808807373, 2.0722036361694336, 2.0272786617279053, 1.9011523723602295, 1.9494802951812744, 1.885029911994934, 1.844079852104187, 1.8230611085891724, 1.8034868240356445, 1.8189034461975098, 1.8177790641784668, 1.8108023405075073, 1.78829026222229, 1.776885986328125];[1.3976714611053467, 1.2983959913253784, 1.3471428155899048, 1.135515570640564, 1.0331079959869385, 0.9181831479072571, 0.5194841027259827, 0.2209848016500473, 0.13808800280094147, 0.12295842170715332, 0.07101962715387344, 0.09028676897287369, 0.06187143921852112, 0.04988260194659233, 0.0422573983669281, 0.03673829510807991, 0.04261091351509094, 0.04235703870654106, 0.04043082147836685, 0.028656866401433945, 0.025432419031858444];[-71.7194595336914, -46.471160888671875, -19.38995933532715, -11.398736953735352, -8.502264976501465, -7.0895466804504395, -3.400463819503784, -2.242107629776001, -1.987884521484375, -1.945766806602478, -1.79530668258667, -1.8553266525268555, -1.7755123376846313, -1.7418386936187744, -1.7191663980484009, -1.695590853691101, -1.7192869186401367, -1.7197251319885254, -1.7100235223770142, -1.6802350282669067, -1.6705856323242188]
850;[16.377588272094727, 9.519394874572754, 8.322604179382324, 8.05479621887207, 4.786783218383789, 3.583470106124878, 3.4950673580169678, 3.359067916870117, 2.6588268280029297, 2.416701555252075, 2.3996195793151855, 2.3069896697998047, 2.057330369949341, 1.9488106966018677, 1.91713547706604, 1.9315605163574219, 1.8838286399841309, 1.8376811742782593, 1.7995051145553589, 1.7935867309570312, 1.8055423498153687];[1.3963427543640137, 1.255135178565979, 1.4675331115722656, 1.3315163850784302, 1.0060529708862305, 0.7130927443504333, 0.7063778638839722, 0.6614591479301453, 0.39426806569099426, 0.2965441346168518, 0.2944520115852356, 0.25537216663360596, 0.1361658126115799, 0.09793058037757874, 0.07984510064125061, 0.08775253593921661, 0.06452508270740509, 0.044901296496391296, 0.032803282141685486, 0.03045247122645378, 0.035850390791893005];[-70.67257690429688, -20.883222579956055, -16.086227416992188, -23.01007080078125, -7.911106109619141, -4.7977213859558105, -4.521646499633789, -4.304876804351807, -2.8897597789764404, -2.5156409740448, -2.488257646560669, -2.372415542602539, -2.0017967224121094, -1.8682783842086792, -1.8315746784210205, -1.8507400751113892, -1.7853933572769165, -1.734015703201294, -1.69465970993042, -1.6840989589691162, -1.706678867340088]
900;[16.363178253173828, 11.736372947692871, 8.005561828613281, 4.678468704223633, 3.1322131156921387, 2.8546767234802246, 2.4990830421447754, 2.298426628112793, 2.466825008392334, 2.2628772258758545, 2.0891311168670654, 2.179854393005371, 2.1105005741119385, 2.050313949584961, 1.9983091354370117, 1.9617010354995728, 1.9694969654083252, 1.9947079420089722, 1.949388861656189, 1.97794771194458, 1.8969509601593018];[1.3949940204620361, 1.2985399961471558, 1.300370693206787, 1.000401496887207, 0.5646215677261353, 0.4586099684238434, 0.32104918360710144, 0.23841866850852966, 0.3121582865715027, 0.22964251041412354, 0.1506602168083191, 0.1895224004983902, 0.16391849517822266, 0.1357744038105011, 0.1145578920841217, 0.10298702865839005, 0.10518040508031845, 0.11548683047294617, 0.09603073447942734, 0.11004676669836044, 0.08026115596294403];[-71.18006134033203, -45.93535614013672, -20.446613311767578, -6.597492694854736, -3.472738265991211, -3.2258107662200928, -2.6403021812438965, -2.3161096572875977, -2.589115619659424, -2.289240837097168, -2.033345937728882, -2.173191547393799, -2.071655511856079, -2.0001556873321533, -1.9294253587722778, -1.8986173868179321, -1.894992709159851, -1.9335882663726807, -1.8806664943695068, -1.9183659553527832, -1.8288153409957886]
950;[16.34657859802246, 11.767126083374023, 11.350324630737305, 7.707452297210693, 5.764564037322998, 5.095536231994629, 3.6293838024139404, 2.7911574840545654, 2.712759494781494, 2.414841413497925, 2.2850263118743896, 2.234495162963867, 2.3453369140625, 2.332857608795166, 2.450852632522583, 2.3689985275268555, 2.2691681385040283, 2.2073378562927246, 2.1254851818084717, 2.090364694595337, 2.0361111164093018];[1.3949438333511353, 1.2991505861282349, 1.4306144714355469, 1.357927680015564, 1.1190303564071655, 1.0380953550338745, 0.73334801197052, 0.44443950057029724, 0.41905346512794495, 0.29360470175743103, 0.23739247024059296, 0.2133415788412094, 0.2688119411468506, 0.26794981956481934, 0.3220241963863373, 0.28475677967071533, 0.23660218715667725, 0.21336312592029572, 0.17561142146587372, 0.15672317147254944, 0.13806812465190887];[-69.52418518066406, -46.87812423706055, -47.310333251953125, -20.200410842895508, -11.957917213439941, -9.627409934997559, -4.960890293121338, -3.079129219055176, -2.986856698989868, -2.4971976280212402, -2.302386999130249, -2.2228164672851562, -2.420391798019409, -2.398881196975708, -2.5828135013580322, -2.462704658508301, -2.3084511756896973, -2.2318315505981445, -2.1163361072540283, -2.061383008956909, -2.0089755058288574]
1000;[16.38182258605957, 11.900551795959473, 7.974689960479736, 5.994318962097168, 5.083927154541016, 4.579659461975098, 3.1456222534179688, 2.6715612411499023, 2.1552348136901855, 1.993253469467163, 1.9155429601669312, 1.870752215385437, 1.8698405027389526, 1.8941617012023926, 1.8653674125671387, 1.8650949001312256, 1.9006074666976929, 1.9073622226715088, 1.8324202299118042, 1.8608593940734863, 1.8165948390960693];[1.3992834091186523, 1.2913950681686401, 1.2403316497802734, 1.0841879844665527, 0.9788104891777039, 0.9110429286956787, 0.5605356097221375, 0.39168182015419006, 0.17526775598526, 0.10815995931625366, 0.07786398380994797, 0.05527348071336746, 0.059200506657361984, 0.06801843643188477, 0.05950732156634331, 0.06306657940149307, 0.07347007095813751, 0.07958240807056427, 0.0462011843919754, 0.06237763538956642, 0.041878968477249146];[-71.03240966796875, -48.74862289428711, -21.809263229370117, -12.902949333190918, -9.304588317871094, -7.997978687286377, -3.886478900909424, -2.9933223724365234, -2.121980667114258, -1.913025975227356, -1.8165240287780762, -1.7595536708831787, -1.7694973945617676, -1.8013806343078613, -1.7688366174697876, -1.7768919467926025, -1.8096469640731812, -1.8262041807174683, -1.734907627105713, -1.7806243896484375, -1.720130205154419]
1050;[16.375225067138672, 11.711607933044434, 8.124242782592773, 4.806807994842529, 3.4255871772766113, 2.7381255626678467, 2.526639461517334, 2.237612247467041, 2.1702425479888916, 2.0799148082733154, 2.023597002029419, 1.8885273933410645, 1.8726502656936646, 1.8725574016571045, 1.7753182649612427, 1.793851613998413, 1.7644352912902832, 1.7583246231079102, 1.7535449266433716, 1.7738574743270874, 1.7800323963165283];[1.395277976989746, 1.3003051280975342, 1.353499174118042, 1.0442817211151123, 0.679671049118042, 0.4194096326828003, 0.33415383100509644, 0.211989626288414, 0.1810801923274994, 0.14520634710788727, 0.12723292410373688, 0.06661129742860794, 0.05858231708407402, 0.061413563787937164, 0.02175040915608406, 0.028072355315089226, 0.016732582822442055, 0.015386347658932209, 0.017600171267986298, 0.022765880450606346, 0.025692394003272057];[-72.14942169189453, -45.023658752441406, -20.16697120666504, -6.894912242889404, -4.05091667175293, -2.895707368850708, -2.6277713775634766, -2.2038698196411133, -2.1298282146453857, -2.026395082473755, -1.9641581773757935, -1.7842923402786255, -1.7671645879745483, -1.7745327949523926, -1.6642957925796509, -1.676857352256775, -1.6482739448547363, -1.6448575258255005, -1.6487627029418945, -1.6639735698699951, -1.6774102449417114]
1100;[16.353046417236328, 9.532574653625488, 6.8492512702941895, 5.226893901824951, 3.3149471282958984, 2.7407565116882324, 2.2569026947021484, 2.3486602306365967, 2.296403408050537, 2.2781171798706055, 2.119877576828003, 2.0504724979400635, 1.9792474508285522, 1.929861307144165, 1.9382920265197754, 1.9023224115371704, 1.9155151844024658, 1.8787933588027954, 1.8784637451171875, 1.8794909715652466, 1.881485104560852];[1.3981329202651978, 1.2397282123565674, 1.2361783981323242, 1.0211777687072754, 0.6159812211990356, 0.41583821177482605, 0.21204526722431183, 0.26011520624160767, 0.23390577733516693, 0.23297721147537231, 0.16692088544368744, 0.13415126502513885, 0.10605881363153458, 0.08601082116365433, 0.09010466933250427, 0.07902782410383224, 0.08088182657957077, 0.06672891974449158, 0.06745535135269165, 0.06570813059806824, 0.07319880276918411];[-71.51570129394531, -21.240205764770508, -14.558210372924805, -9.389677047729492, -3.9158694744110107, -2.8974640369415283, -2.218437910079956, -2.369370698928833, -2.296492576599121, -2.2903473377227783, -2.079366683959961, -1.9880045652389526, -1.9133729934692383, -1.8523528575897217, -1.866355538368225, -1.8376731872558594, -1.842860460281372, -1.7976493835449219, -1.7916245460510254, -1.7962899208068848, -1.8114399909973145]
1150;[16.3749942779541, 9.558304786682129, 8.297327041625977, 4.343851089477539, 3.345803737640381, 2.3770864009857178, 2.0969860553741455, 2.005812883377075, 1.9353519678115845, 1.9234431982040405, 1.9270925521850586, 1.8726916313171387, 1.8320425748825073, 1.829866886138916, 1.8265222311019897, 1.8017851114273071, 1.776677131652832, 1.7554152011871338, 1.745237112045288, 1.7543113231658936, 1.7494627237319946];[1.3949111700057983, 1.2503563165664673, 1.4607104063034058, 0.9376571774482727, 0.6452047824859619, 0.2575972080230713, 0.14186125993728638, 0.10596857219934464, 0.07957633584737778, 0.07613789290189743, 0.07971496880054474, 0.061311908066272736, 0.04030557721853256, 0.04454844444990158, 0.04126755893230438, 0.03163903206586838, 0.019351640716195107, 0.015212390571832657, 0.01024959608912468, 0.014983709901571274, 0.013524829410016537];[-71.01026916503906, -21.292224884033203, -16.28875160217285, -5.837428092956543, -3.8941597938537598, -2.3549509048461914, -1.9903455972671509, -1.8987231254577637, -1.827581524848938, -1.8079322576522827, -1.8329185247421265, -1.773443579673767, -1.7173129320144653, -1.7257930040359497, -1.719679355621338, -1.6879827976226807, -1.6594669818878174, -1.6473133563995361, -1.6277813911437988, -1.6424351930618286, -1.6406581401824951]
1200;[16.371870040893555, 11.831518173217773, 11.332962989807129, 7.705844879150391, 5.880528450012207, 4.991372108459473, 3.283717155456543, 2.5934314727783203, 2.480663537979126, 2.244779109954834, 2.2130074501037598, 2.162649154663086, 2.0461368560791016, 1.9877798557281494, 2.0276949405670166, 1.9444036483764648, 1.917686939239502, 1.8988184928894043, 1.8692229986190796, 1.8095840215682983, 1.8064326047897339];[1.3951202630996704, 1.2952630519866943, 1.421129584312439, 1.330417275428772, 1.154505729675293, 1.0014034509658813, 0.6298785209655762, 0.3605082631111145, 0.32208049297332764, 0.2158760130405426, 0.20683173835277557, 0.18853570520877838, 0.13469861447811127, 0.10998773574829102, 0.13502418994903564, 0.09556838124990463, 0.08175031840801239, 0.07392363250255585, 0.06440027803182602, 0.03898446261882782, 0.03999299556016922];[-70.61595916748047, -46.62822723388672, -47.712684631347656, -20.217496871948242, -12.395977020263672, -9.046278953552246, -4.13408899307251, -2.7835617065429688, -2.6255884170532227, -2.2508227825164795, -2.224987745285034, -2.1606194972991943, -1.995194673538208, -1.9243179559707642, -1.986726999282837, -1.869844675064087, -1.8338977098464966, -1.816050410270691, -1.7830784320831299, -1.708225131034851, -1.7077021598815918]
1250;[16.39104652404785, 9.60184383392334, 8.337196350097656, 4.6330437660217285, 3.708237409591675, 3.422152519226074, 3.332782030105591, 2.648909091949463, 2.38934326171875, 2.4672679901123047, 2.434622287750244, 2.3633933067321777, 2.2904224395751953, 2.161590814590454, 2.0541586875915527, 2.0106406211853027, 1.9746239185333252, 1.925539493560791, 1.8673611879348755, 1.8785744905471802, 1.8595025539398193];[1.3973263502120972, 1.2300925254821777, 1.4857330322265625, 1.0431476831436157, 0.7964616417884827, 0.7012718319892883, 0.6717246770858765, 0.3901277184486389, 0.28276053071022034, 0.31932780146598816, 0.308173269033432, 0.27962562441825867, 0.246110737323761, 0.18692752718925476, 0.14071036875247955, 0.12435518205165863, 0.1062995120882988, 0.08502448350191116, 0.06405133008956909, 0.06801841408014297, 0.06127682700753212];[-71.88424682617188, -22.03509521484375, -16.033226013183594, -6.477399826049805, -4.679769515991211, -4.161949634552002, -4.0753397941589355, -2.828578472137451, -2.454533100128174, -2.581897497177124, -2.5549352169036865, -2.466586112976074, -2.3582329750061035, -2.159140110015869, -2.0119335651397705, -1.9627125263214111, -1.9175976514816284, -1.8535996675491333, -1.7788888216018677, -1.7999505996704102, -1.7790703773498535]
1300;[16.366605758666992, 9.530086517333984, 6.72484016418457, 4.138111591339111, 2.9152886867523193, 2.444694757461548, 2.3589577674865723, 2.3091676235198975, 2.1359570026397705, 2.0578813552856445, 1.9091242551803589, 1.9632148742675781, 1.8942346572875977, 1.8614550828933716, 1.8865286111831665, 1.9178787469863892, 1.931034803390503, 1.8965874910354614, 1.8515007495880127, 1.8454517126083374, 1.8172541856765747];[1.3973984718322754, 1.2285207509994507, 1.2028698921203613, 0.8600319623947144, 0.4762706458568573, 0.2877557873725891, 0.2617347836494446, 0.23824939131736755, 0.1702357828617096, 0.13629703223705292, 0.07146422564983368, 0.09582515805959702, 0.06818720698356628, 0.05367909371852875, 0.06712151318788528, 0.0833481103181839, 0.0871945172548294, 0.07346120476722717, 0.05679372325539589, 0.05176353454589844, 0.04370367154479027];[-73.70648193359375, -21.472883224487305, -14.69198226928711, -5.2913737297058105, -3.0820236206054688, -2.4613356590270996, -2.3764026165008545, -2.303105115890503, -2.0863425731658936, -1.9932124614715576, -1.8112297058105469, -1.8685739040374756, -1.7923907041549683, -1.7556804418563843, -1.7914445400238037, -1.8387798070907593, -1.8529411554336548, -1.8126024007797241, -1.758794903755188, -1.7480446100234985, -1.7213006019592285]
1350;[16.371929168701172, 9.578432083129883, 6.868967056274414, 5.143890857696533, 3.0119659900665283, 2.077954053878784, 1.8685390949249268, 1.7681454420089722, 1.75173020362854, 1.7486822605133057, 1.7548096179962158, 1.7373342514038086, 1.7557549476623535, 1.7529579401016235, 1.74858820438385, 1.7526158094406128, 1.7490066289901733, 1.739082932472229, 1.7417789697647095, 1.7299830913543701, 1.7373837232589722];[1.397181749343872, 1.2397212982177734, 1.250115156173706, 1.0063058137893677, 0.5035302639007568, 0.12588843703269958, 0.04530758410692215, 0.011005010455846786, 0.004402946215122938, 0.0033858204260468483, 0.008414801210165024, 0.005939295515418053, 0.01054593175649643, 0.012722757644951344, 0.010936319828033447, 0.012388551607728004, 0.010036783292889595, 0.00761594669893384, 0.00979260541498661, 0.005803705658763647, 0.007588282693177462];[-71.98412322998047, -19.969324111938477, -14.47816276550293, -9.136409759521484, -3.303248405456543, -1.9519469738006592, -1.7286865711212158, -1.6321755647659302, -1.6144232749938965, -1.611231803894043, -1.6241503953933716, -1.6185046434402466, -1.632351279258728, -1.634881615638733, -1.628607988357544, -1.6384998559951782, -1.6312496662139893, -1.622673511505127, -1.6309280395507812, -1.6154718399047852, -1.6244069337844849]
1400;[16.372169494628906, 9.617205619812012, 8.250653266906738, 8.075555801391602, 4.603999614715576, 3.0397958755493164, 2.531501531600952, 1.963828682899475, 1.800968050956726, 1.7931288480758667, 1.7709414958953857, 1.7753382921218872, 1.7515007257461548, 1.735368251800537, 1.7352993488311768, 1.7286567687988281, 1.7371118068695068, 1.734688401222229, 1.7374821901321411, 1.7283787727355957, 1.7263332605361938];[1.3955820798873901, 1.248694896697998, 1.4455472230911255, 1.3423707485198975, 0.9789546132087708, 0.526040256023407, 0.33350709080696106, 0.08869753032922745, 0.021393032744526863, 0.02290760912001133, 0.015643153339624405, 0.016961609944701195, 0.006637215614318848, 0.004152500070631504, 0.003989185206592083, 0.0034381926525384188, 0.003967878874391317, 0.006934755947440863, 0.006704377941787243, 0.00638815900310874, 0.0020593637600541115];[-71.54533386230469, -21.28481674194336, -16.269187927246094, -23.510299682617188, -7.157973766326904, -3.521834135055542, -2.6795711517333984, -1.8495904207229614, -1.6639280319213867, -1.664521336555481, -1.649568796157837, -1.6555488109588623, -1.6229127645492554, -1.615237832069397, -1.6130415201187134, -1.6097623109817505, -1.6173434257507324, -1.6230119466781616, -1.623336672782898, -1.6151766777038574, -1.6099563837051392]
1450;[16.357162475585938, 9.609691619873047, 7.328275203704834, 5.720941543579102, 4.775559902191162, 4.346756458282471, 3.4962880611419678, 2.809962749481201, 2.5038843154907227, 2.3720006942749023, 2.248684883117676, 2.1490070819854736, 2.065258741378784, 2.037182331085205, 1.9912080764770508, 1.940762996673584, 1.8410415649414062, 1.8254046440124512, 1.80632746219635, 1.7904951572418213, 1.7595677375793457];[1.3948125839233398, 1.2429962158203125, 1.3835214376449585, 1.2311615943908691, 1.0575920343399048, 0.9354740977287292, 0.7194302082061768, 0.4547828435897827, 0.33563873171806335, 0.2765718400478363, 0.22509805858135223, 0.17767629027366638, 0.14029186964035034, 0.13156042993068695, 0.11226838082075119, 0.09287355095148087, 0.052033498883247375, 0.043102823197841644, 0.03358589485287666, 0.027922850102186203, 0.01882624439895153];[-71.82520294189453, -21.297788619995117, -15.10713005065918, -10.092960357666016, -7.558640956878662, -6.738800048828125, -4.432834625244141, -3.0868561267852783, -2.6199533939361572, -2.423551559448242, -2.2669920921325684, -2.115791082382202, -2.009373188018799, -1.9798721075057983, -1.9247252941131592, -1.8542428016662598, -1.7422621250152588, -1.7241750955581665, -1.698352336883545, -1.6846672296524048, -1.6529322862625122]
1500;[16.37167739868164, 9.535601615905762, 6.7120537757873535, 5.4239277839660645, 4.725545883178711, 4.605246067047119, 3.3633782863616943, 2.989318609237671, 2.526118516921997, 2.5665979385375977, 2.333151340484619, 2.33699631690979, 2.235438585281372, 2.178382158279419, 2.1453561782836914, 2.1567325592041016, 2.100914239883423, 2.0855724811553955, 2.073085069656372, 2.029996871948242, 1.9781391620635986];[1.3984867334365845, 1.239107608795166, 1.1978150606155396, 1.0705373287200928, 0.939026415348053, 0.934420108795166, 0.6453300714492798, 0.5207667946815491, 0.33525410294532776, 0.3627910614013672, 0.2600681781768799, 0.2654968798160553, 0.22273892164230347, 0.19028247892856598, 0.18216615915298462, 0.18770022690296173, 0.16317114233970642, 0.15392863750457764, 0.15099476277828217, 0.1333909034729004, 0.11275096237659454];[-70.15998840332031, -20.84521484375, -14.625494003295898, -10.039407730102539, -8.258289337158203, -8.034804344177246, -4.344536304473877, -3.5546927452087402, -2.687957525253296, -2.7512128353118896, -2.402625799179077, -2.4125723838806152, -2.2600114345550537, -2.1606414318084717, -2.1455304622650146, -2.1686551570892334, -2.0802340507507324, -2.0660178661346436, -2.0531487464904785, -1.9999265670776367, -1.929442286491394]
50;[16.571611404418945, 3.0491933822631836, 1.4938644170761108, 1.247042179107666, 1.230304479598999, 1.1863287687301636, 1.1573749780654907, 1.1535892486572266, 1.155292272567749, 1.1692733764648438, 1.1442668437957764, 1.1454195976257324, 1.1435158252716064, 1.137812852859497, 1.1437005996704102, 1.1390093564987183, 1.1391431093215942, 1.1398893594741821, 1.1400082111358643, 1.1347870826721191, 1.142927646636963];[1.5432969331741333, 0.6290832757949829, 0.18975383043289185, 0.042825985699892044, 0.0398208387196064, 0.020735865458846092, 0.005975330248475075, 0.002920226426795125, 0.004233609884977341, 0.01465999148786068, 0.0029730915557593107, 0.0023198556154966354, 0.001135962549597025, 0.0004948771093040705, 0.0015957045834511518, 0.0002848714648280293, 0.0009986525401473045, 9.164869697997347e-05, 0.00022822558821644634, 0.00022782802989240736, 0.0010373825207352638];[-133.6049346923828, -3.4179744720458984, -1.7774901390075684, -1.3165290355682373, -1.3103595972061157, -1.2543823719024658, -1.211692452430725, -1.2041494846343994, -1.2095001935958862, -1.235731840133667, -1.2001206874847412, -1.2010327577590942, -1.199989676475525, -1.1968638896942139, -1.2014902830123901, -1.1957684755325317, -1.1963605880737305, -1.1942718029022217, -1.1985324621200562, -1.194874882698059, -1.2008851766586304]
100;[16.5886287689209, 2.720146417617798, 1.3270686864852905, 1.3038535118103027, 1.297796368598938, 1.2522530555725098, 1.2632428407669067, 1.2068400382995605, 1.1490159034729004, 1.1598745584487915, 1.1475032567977905, 1.142198085784912, 1.149747610092163, 1.1432667970657349, 1.1386810541152954, 1.144096851348877, 1.1501508951187134, 1.1465826034545898, 1.1457308530807495, 1.145031213760376, 1.1444569826126099];[1.5458124876022339, 0.5116607546806335, 0.07877638190984726, 0.08660183846950531, 0.08978073298931122, 0.0619068369269371, 0.0691230520606041, 0.03718038648366928, 0.002142074052244425, 0.010341869667172432, 0.0050100660882890224, 0.0024208121467381716, 0.003909409046173096, 0.0016042995266616344, 0.0013903593644499779, 0.0016280733980238438, 0.005653313361108303, 0.004077389370650053, 0.00430417200550437, 0.003652082057669759, 0.0014813935849815607];[-137.48666381835938, -2.748314619064331, -1.418276071548462, -1.4516842365264893, -1.4564872980117798, -1.371086835861206, -1.3959524631500244, -1.3025671243667603, -1.2026509046554565, -1.2220693826675415, -1.2079641819000244, -1.202110767364502, -1.2059537172317505, -1.1973415613174438, -1.1999640464782715, -1.2017292976379395, -1.2127294540405273, -1.2106672525405884, -1.207283854484558, -1.2033448219299316, -1.2014797925949097]
150;[16.579248428344727, 5.60659646987915, 1.5794072151184082, 1.3816096782684326, 1.1707794666290283, 1.1677231788635254, 1.1616663932800293, 1.1624640226364136, 1.151596188545227, 1.145949363708496, 1.1478831768035889, 1.1524749994277954, 1.1550060510635376, 1.152533769607544, 1.1877410411834717, 1.1657328605651855, 1.174047589302063, 1.1763436794281006, 1.1829091310501099, 1.156435251235962, 1.1548563241958618];[1.5444332361221313, 1.1064492464065552, 0.23568648099899292, 0.13645131886005402, 0.008298194967210293, 0.007419604808092117, 0.005386932287365198, 0.008080973289906979, 0.004922121297568083, 0.001105026574805379, 0.0032315815333276987, 0.006291694473475218, 0.00879775732755661, 0.011595935560762882, 0.028868958353996277, 0.015947375446558, 0.02282555401325226, 0.023692073300480843, 0.024539003148674965, 0.010126620531082153, 0.008340475149452686];[-133.5854034423828, -18.986377716064453, -1.9030671119689941, -1.586897611618042, -1.2208143472671509, -1.215359091758728, -1.2090201377868652, -1.219317078590393, -1.209445595741272, -1.200867772102356, -1.2068588733673096, -1.2113758325576782, -1.220287799835205, -1.224510669708252, -1.2785735130310059, -1.2384570837020874, -1.258825659751892, -1.2574594020843506, -1.2666690349578857, -1.2303986549377441, -1.221964955329895]
200;[16.581144332885742, 5.669153213500977, 4.993397235870361, 5.028217315673828, 4.949183940887451, 4.936505317687988, 4.989590167999268, 4.981093883514404, 1.1546707153320312, 1.237765908241272, 1.2338517904281616, 1.348371148109436, 1.3105813264846802, 1.3033758401870728, 1.297364354133606, 1.2200021743774414, 1.2142030000686646, 1.2162445783615112, 1.1987887620925903, 1.1984047889709473, 1.1859369277954102];[1.5422495603561401, 1.1082053184509277, 1.2123804092407227, 1.247135877609253, 1.2488775253295898, 1.2609294652938843, 1.2583845853805542, 1.2561441659927368, 0.005335246212780476, 0.05663294345140457, 0.05774310976266861, 0.1318136304616928, 0.10975128412246704, 0.10330656915903091, 0.10484487563371658, 0.05256324261426926, 0.047321826219558716, 0.049736667424440384, 0.039195556193590164, 0.03640608862042427, 0.032443705946207047];[-123.97220611572266, -18.100061416625977, -21.842937469482422, -23.202186584472656, -22.467758178710938, -22.710538864135742, -23.687744140625, -23.860109329223633, -1.2114280462265015, -1.3605149984359741, -1.360044240951538, -1.5855491161346436, -1.5143704414367676, -1.4981881380081177, -1.501388430595398, -1.3443629741668701, -1.336315631866455, -1.3423925638198853, -1.304805874824524, -1.3022481203079224, -1.2865333557128906]
250;[16.586626052856445, 5.777359485626221, 1.4804867506027222, 1.3508175611495972, 1.3050519227981567, 1.2631703615188599, 1.1831599473953247, 1.1923456192016602, 1.1850669384002686, 1.1728405952453613, 1.1761369705200195, 1.1762291193008423, 1.1940891742706299, 1.208640694618225, 1.198737382888794, 1.1931482553482056, 1.2098535299301147, 1.2041809558868408, 1.180619478225708, 1.1778693199157715, 1.177080750465393];[1.543653964996338, 1.1229453086853027, 0.16486172378063202, 0.1155361458659172, 0.09012047946453094, 0.06968032568693161, 0.02048810012638569, 0.029218997806310654, 0.024736249819397926, 0.017648164182901382, 0.016148552298545837, 0.021606728434562683, 0.030303217470645905, 0.0429215133190155, 0.03669314086437225, 0.03321072831749916, 0.04260291904211044, 0.04506075382232666, 0.026984522119164467, 0.026105478405952454, 0.02619728073477745];[-136.0319366455078, -19.189022064208984, -1.6745511293411255, -1.5271345376968384, -1.4516732692718506, -1.3950690031051636, -1.256462574005127, -1.2720248699188232, -1.2608722448349, -1.2449626922607422, -1.2422740459442139, -1.2582426071166992, -1.2841637134552002, -1.31451416015625, -1.294314980506897, -1.2920615673065186, -1.3229259252548218, -1.323439359664917, -1.2690210342407227, -1.2716095447540283, -1.2695319652557373]
300;[16.568906784057617, 2.977226495742798, 1.521299123764038, 1.4919219017028809, 1.4586894512176514, 1.456416130065918, 1.2469801902770996, 1.196765422821045, 1.1790522336959839, 1.1765875816345215, 1.1628355979919434, 1.1667311191558838, 1.169020414352417, 1.1675609350204468, 1.1707000732421875, 1.1671180725097656, 1.1542065143585205, 1.1603009700775146, 1.156982660293579, 1.1447649002075195, 1.144089937210083];[1.5443774461746216, 0.5937371253967285, 0.20376630127429962, 0.20764648914337158, 0.19515377283096313, 0.19805049896240234, 0.06237996742129326, 0.03367353603243828, 0.022380871698260307, 0.020688677206635475, 0.012954051606357098, 0.01660897582769394, 0.01595429889857769, 0.017175927758216858, 0.019441917538642883, 0.01799101009964943, 0.0094867879524827, 0.01274079829454422, 0.012822790071368217, 0.005084885284304619, 0.003515959484502673];[-131.40127563476562, -3.15499210357666, -1.7746390104293823, -1.8503732681274414, -1.8176448345184326, -1.8235920667648315, -1.3747303485870361, -1.2864397764205933, -1.2584049701690674, -1.250756859779358, -1.2324786186218262, -1.2435450553894043, -1.2448279857635498, -1.2435760498046875, -1.2509775161743164, -1.2464258670806885, -1.2199915647506714, -1.2364996671676636, -1.2318718433380127, -1.2091796398162842, -1.2064282894134521]
350;[16.575395584106445, 2.7591302394866943, 1.2970188856124878, 1.2989119291305542, 1.2314573526382446, 1.206099033355713, 1.1993950605392456, 1.2005237340927124, 1.1956413984298706, 1.1673972606658936, 1.1619231700897217, 1.157546877861023, 1.1662766933441162, 1.1648191213607788, 1.162592887878418, 1.1446311473846436, 1.1492446660995483, 1.147618293762207, 1.1448585987091064, 1.1517616510391235, 1.1491955518722534];[1.5439980030059814, 0.5230969786643982, 0.06464539468288422, 0.08263454586267471, 0.04717165604233742, 0.0332074910402298, 0.03183218091726303, 0.03029434010386467, 0.030020030215382576, 0.01391079742461443, 0.012767664156854153, 0.007563410326838493, 0.014302390627563, 0.013386046513915062, 0.01221537496894598, 0.006197415757924318, 0.008068997412919998, 0.0057924180291593075, 0.005553485359996557, 0.008303345181047916, 0.008152257651090622];[-134.50381469726562, -2.77262544631958, -1.3658490180969238, -1.4229916334152222, -1.328245997428894, -1.289095163345337, -1.2853142023086548, -1.2813926935195923, -1.2821180820465088, -1.2345377206802368, -1.2315638065338135, -1.2172021865844727, -1.2398557662963867, -1.2328674793243408, -1.2339451313018799, -1.2097560167312622, -1.2192232608795166, -1.214044213294983, -1.2115339040756226, -1.2201666831970215, -1.2173657417297363]
400;[16.581676483154297, 5.789979457855225, 1.5739673376083374, 1.3707919120788574, 1.4648874998092651, 1.2877203226089478, 1.2637253999710083, 1.2317025661468506, 1.1784496307373047, 1.1696257591247559, 1.1606229543685913, 1.1480536460876465, 1.1431347131729126, 1.1421422958374023, 1.1375914812088013, 1.140030026435852, 1.1379663944244385, 1.1415104866027832, 1.1401317119598389, 1.1383693218231201, 1.1329878568649292];[1.5451970100402832, 1.1292706727981567, 0.23099945485591888, 0.1276818811893463, 0.19725370407104492, 0.08513897657394409, 0.06988681107759476, 0.0542893223464489, 0.01980738341808319, 0.014264591969549656, 0.006794381886720657, 0.004976934753358364, 0.0015977168222889304, 0.002319089835509658, 0.00010147869761567563, 0.0006896156119182706, -9.592652349965647e-05, 0.001509253983385861, 0.0010077672777697444, 0.00025511562125757337, 0.0003356379165779799];[-130.53082275390625, -19.983497619628906, -1.8928136825561523, -1.5658057928085327, -1.7776151895523071, -1.4389734268188477, -1.397061824798584, -1.3454803228378296, -1.2499483823776245, -1.2384905815124512, -1.2131866216659546, -1.2087057828903198, -1.1976646184921265, -1.1995166540145874, -1.197678804397583, -1.2000341415405273, -1.1968903541564941, -1.1997777223587036, -1.1982883214950562, -1.1957002878189087, -1.1945453882217407]
450;[16.57622718811035, 3.274562120437622, 1.7258076667785645, 1.9138734340667725, 1.391774296760559, 1.2743977308273315, 1.2123327255249023, 1.2113885879516602, 1.2263083457946777, 1.245700478553772, 1.2184996604919434, 1.1994770765304565, 1.1909630298614502, 1.1616865396499634, 1.170607089996338, 1.1765636205673218, 1.1889691352844238, 1.1696906089782715, 1.1681898832321167, 1.1597317457199097, 1.168131947517395];[1.5458897352218628, 0.6906102895736694, 0.3326302468776703, 0.4755088686943054, 0.14791147410869598, 0.07619325071573257, 0.038689687848091125, 0.041137613356113434, 0.05051571875810623, 0.061962854117155075, 0.04817793518304825, 0.035113029181957245, 0.03064991533756256, 0.015728842467069626, 0.01744857244193554, 0.02393483556807041, 0.029015643522143364, 0.019245563074946404, 0.01934055984020233, 0.014273319393396378, 0.020629364997148514];[-133.1857147216797, -3.7189714908599854, -2.323930263519287, -2.894761562347412, -1.6252968311309814, -1.4104543924331665, -1.3071832656860352, -1.31024968624115, -1.34218168258667, -1.3799386024475098, -1.3258426189422607, -1.295005440711975, -1.2857105731964111, -1.2310307025909424, -1.2423886060714722, -1.2631146907806396, -1.2832340002059937, -1.250627875328064, -1.2533230781555176, -1.2378487586975098, -1.2518064975738525]
500;[16.589872360229492, 5.725560188293457, 5.033642768859863, 1.2132196426391602, 1.3265496492385864, 1.1802788972854614, 1.1653803586959839, 1.1715621948242188, 1.1557537317276, 1.1540861129760742, 1.1473950147628784, 1.159385323524475, 1.1511528491973877, 1.1594270467758179, 1.1462637186050415, 1.1409454345703125, 1.151820182800293, 1.1555486917495728, 1.1466765403747559, 1.1420639753341675, 1.1444796323776245];[1.5451890230178833, 1.121476650238037, 1.2133156061172485, 0.02351921983063221, 0.10445268452167511, 0.012120187282562256, 0.00863073393702507, 0.013518059626221657, 0.007436882238835096, 0.007110442500561476, 0.005627536680549383, 0.008175249211490154, 0.007367624435573816, 0.010748598724603653, 0.004978834185749292, 0.004484714940190315, 0.006981270387768745, 0.009970099665224552, 0.005506949499249458, 0.0018757361685857177, 0.004686919506639242];[-125.60166931152344, -20.054323196411133, -22.491615295410156, -1.2623509168624878, -1.4980276823043823, -1.2343217134475708, -1.2235329151153564, -1.2352452278137207, -1.2172282934188843, -1.2152155637741089, -1.211369514465332, -1.2239198684692383, -1.2195303440093994, -1.2292001247406006, -1.204216718673706, -1.2091898918151855, -1.217441439628601, -1.2236155271530151, -1.211901068687439, -1.2074034214019775, -1.2114423513412476]
550;[16.56916046142578, 5.436110973358154, 4.994890213012695, 4.961316108703613, 1.2571861743927002, 1.1916382312774658, 1.1817443370819092, 1.1816067695617676, 1.153212308883667, 1.2095952033996582, 1.1658260822296143, 1.177553415298462, 1.155774712562561, 1.1510932445526123, 1.1704756021499634, 1.1665571928024292, 1.1674854755401611, 1.1685986518859863, 1.1682040691375732, 1.1609747409820557, 1.1628395318984985];[1.5452324151992798, 1.075340747833252, 1.234816551208496, 1.2275992631912231, 0.05992421507835388, 0.02336673066020012, 0.01694454811513424, 0.019919678568840027, 0.005283728241920471, 0.04206329211592674, 0.014742858707904816, 0.023199735209345818, 0.012263978831470013, 0.0064897374249994755, 0.018213793635368347, 0.014958495274186134, 0.017215747386217117, 0.021242832764983177, 0.016964096575975418, 0.015478687360882759, 0.01582643762230873];[-129.8190460205078, -15.528112411499023, -22.24337387084961, -22.552499771118164, -1.3600231409072876, -1.2624419927597046, -1.243815302848816, -1.2536540031433105, -1.2115827798843384, -1.3143386840820312, -1.2369097471237183, -1.261505365371704, -1.2276463508605957, -1.2155638933181763, -1.2504146099090576, -1.2435410022735596, -1.2438708543777466, -1.2567187547683716, -1.2439446449279785, -1.2381846904754639, -1.2412903308868408]
600;[16.570796966552734, 5.4537034034729, 4.943160057067871, 4.908617973327637, 4.883485794067383, 4.904226779937744, 1.3959972858428955, 1.1915069818496704, 1.177229642868042, 1.1500016450881958, 1.2074776887893677, 1.2066617012023926, 1.231725811958313, 1.183558702468872, 1.1683231592178345, 1.1599950790405273, 1.160422682762146, 1.153144121170044, 1.1446499824523926, 1.1546649932861328, 1.1578736305236816];[1.5424233675003052, 1.0871495008468628, 1.259456753730774, 1.2424999475479126, 1.257655143737793, 1.2753220796585083, 0.160908043384552, 0.026331910863518715, 0.019216177985072136, 0.007223999127745628, 0.039628129452466965, 0.03983509540557861, 0.05587371438741684, 0.028875846415758133, 0.018468501046299934, 0.012394148856401443, 0.012718822807073593, 0.010510701686143875, 0.0043807984329760075, 0.010030722245573997, 0.013611524365842342];[-136.28038024902344, -16.182029724121094, -20.684309005737305, -21.565135955810547, -21.545202255249023, -22.064613342285156, -1.672235369682312, -1.2669299840927124, -1.2493325471878052, -1.2168020009994507, -1.305776834487915, -1.307153344154358, -1.3608676195144653, -1.2721807956695557, -1.2438181638717651, -1.231645941734314, -1.2318813800811768, -1.2278817892074585, -1.2066248655319214, -1.2214699983596802, -1.2339799404144287]
650;[16.58536720275879, 2.704977035522461, 1.2591639757156372, 1.1993536949157715, 1.1937286853790283, 1.168267846107483, 1.166612982749939, 1.1677000522613525, 1.1453262567520142, 1.1509705781936646, 1.1559264659881592, 1.1466144323349, 1.1478627920150757, 1.144598126411438, 1.1503006219863892, 1.142140507698059, 1.1451092958450317, 1.1440067291259766, 1.1406960487365723, 1.1376458406448364, 1.1430343389511108];[1.5464317798614502, 0.49143025279045105, 0.04396779462695122, 0.017498653382062912, 0.01718747429549694, 0.007789785973727703, 0.00948392879217863, 0.010503163561224937, 0.0004761409654747695, 0.002424519043415785, 0.005732485558837652, 0.004327163100242615, 0.0032561677508056164, 0.0035080593079328537, 0.006082078907638788, 0.0025843577459454536, 0.0021389054600149393, 0.0017121810233220458, 0.001101568341255188, 0.000814283499494195, 0.0016315859975293279];[-133.75511169433594, -2.644035577774048, -1.313979148864746, -1.250555396080017, -1.2447295188903809, -1.2228035926818848, -1.222792625427246, -1.229028582572937, -1.199567198753357, -1.2029290199279785, -1.2155852317810059, -1.207343339920044, -1.209334135055542, -1.2059452533721924, -1.2143969535827637, -1.202947974205017, -1.2037529945373535, -1.2028167247772217, -1.2006351947784424, -1.1980218887329102, -1.203554630279541]
700;[16.59788703918457, 3.2389886379241943, 1.6556147336959839, 1.630669116973877, 1.2685033082962036, 1.2643133401870728, 1.1577119827270508, 1.1582392454147339, 1.1557955741882324, 1.1521575450897217, 1.167543888092041, 1.163393259048462, 1.1579663753509521, 1.1514949798583984, 1.1521273851394653, 1.145683765411377, 1.1514067649841309, 1.1579930782318115, 1.1409603357315063, 1.1570370197296143, 1.1427156925201416];[1.5423442125320435, 0.6813499331474304, 0.286545991897583, 0.2962574064731598, 0.06645353138446808, 0.06828433275222778, 0.0032887745182961226, 0.0026767230592668056, 0.005376268178224564, 0.007071529049426317, 0.014254760928452015, 0.011435497552156448, 0.012050961144268513, 0.006158075761049986, 0.0072711557149887085, 0.0042468286119401455, 0.004477824084460735, 0.007766929920762777, 0.0046349926851689816, 0.008334478363394737, 0.005465235095471144];[-129.7698211669922, -3.8526575565338135, -2.136312484741211, -2.2063839435577393, -1.3857313394546509, -1.3957327604293823, -1.2054450511932373, -1.2083925008773804, -1.2120559215545654, -1.2139533758163452, -1.233313798904419, -1.2291449308395386, -1.2277791500091553, -1.2099788188934326, -1.2164735794067383, -1.2059935331344604, -1.2097713947296143, -1.2161340713500977, -1.2075103521347046, -1.2194746732711792, -1.2124168872833252]
750;[16.58233070373535, 2.655972957611084, 1.2142541408538818, 1.1790978908538818, 1.1877663135528564, 1.1778568029403687, 1.1818782091140747, 1.1717649698257446, 1.170505166053772, 1.1932262182235718, 1.1545647382736206, 1.146082878112793, 1.1534942388534546, 1.1533429622650146, 1.1420769691467285, 1.1392698287963867, 1.137069582939148, 1.140497088432312, 1.1455082893371582, 1.1449832916259766, 1.1408706903457642];[1.5411678552627563, 0.4810643494129181, 0.01493014581501484, 0.006300083361566067, 0.015793411061167717, 0.014047703705728054, 0.016770904883742332, 0.014963035471737385, 0.013420765288174152, 0.026320889592170715, 0.0050378842279314995, 0.003097167005762458, 0.007818813435733318, 0.010884692892432213, 0.0023669081274420023, 0.0005245095235295594, 0.0005066078738309443, 0.00035156190278939903, 0.0036870837211608887, 0.0015059715369716287, 0.0015325534623116255];[-132.3235321044922, -2.5356531143188477, -1.240080714225769, -1.2143515348434448, -1.2441426515579224, -1.2346590757369995, -1.2472681999206543, -1.2400789260864258, -1.2360209226608276, -1.275488018989563, -1.2113080024719238, -1.204856514930725, -1.221121907234192, -1.228864312171936, -1.2014466524124146, -1.1972259283065796, -1.1983975172042847, -1.1947662830352783, -1.2043676376342773, -1.2037659883499146, -1.202823519706726]
800;[16.590425491333008, 5.82002067565918, 4.873173713684082, 4.781386852264404, 4.809176445007324, 4.786260604858398, 1.2652173042297363, 1.1580538749694824, 1.1574479341506958, 1.150447964668274, 1.156894564628601, 1.1460992097854614, 1.1531071662902832, 1.1488341093063354, 1.1454294919967651, 1.1458436250686646, 1.1421817541122437, 1.1381382942199707, 1.1363821029663086, 1.141729474067688, 1.1388508081436157];[1.546418309211731, 1.1273363828659058, 1.2188019752502441, 1.2373030185699463, 1.2220252752304077, 1.234228491783142, 0.07205874472856522, 0.006777733098715544, 0.006396368145942688, 0.003641668474301696, 0.011220171116292477, 0.0019882565829902887, 0.0061409068293869495, 0.004823009483516216, 0.005124327726662159, 0.006901441141963005, 0.003867038991302252, 0.0014915370848029852, 0.0011913258349522948, 0.0018630480626598, 0.0011938292300328612];[-133.2089385986328, -20.21927833557129, -20.447763442993164, -20.350053787231445, -21.527421951293945, -21.452150344848633, -1.4074963331222534, -1.2150212526321411, -1.2154306173324585, -1.2092419862747192, -1.2262797355651855, -1.1999281644821167, -1.2145895957946777, -1.21104097366333, -1.209063172340393, -1.21097993850708, -1.2080811262130737, -1.1980518102645874, -1.1967984437942505, -1.2000542879104614, -1.1974951028823853]
850;[16.572786331176758, 5.7745585441589355, 5.159787178039551, 1.3753262758255005, 1.258139967918396, 1.215050220489502, 1.197679877281189, 1.1882630586624146, 1.1836118698120117, 1.1796795129776, 1.1891510486602783, 1.171329379081726, 1.147551417350769, 1.1354528665542603, 1.1498526334762573, 1.1455955505371094, 1.152305245399475, 1.1524869203567505, 1.1519337892532349, 1.1489496231079102, 1.1417319774627686];[1.5466210842132568, 1.1274218559265137, 1.2199841737747192, 0.12380024790763855, 0.05961405858397484, 0.03842060640454292, 0.029204221442341805, 0.02338307909667492, 0.021473228931427002, 0.023078741505742073, 0.030528513714671135, 0.020415879786014557, 0.001901754760183394, 0.0008798057097010314, 0.005778527352958918, 0.003993838559836149, 0.005471620708703995, 0.004954201634973288, 0.007843617349863052, 0.00552746094763279, 0.003265353385359049];[-139.4109344482422, -20.27996826171875, -23.4099178314209, -1.5550024509429932, -1.3696777820587158, -1.3028522729873657, -1.2774032354354858, -1.2627333402633667, -1.2578654289245605, -1.2616238594055176, -1.276841640472412, -1.2508656978607178, -1.2019232511520386, -1.1933557987213135, -1.2102779150009155, -1.2063877582550049, -1.2090158462524414, -1.2181354761123657, -1.2205244302749634, -1.2126171588897705, -1.2093836069107056]
900;[16.586942672729492, 5.64959716796875, 1.438930630683899, 1.3202170133590698, 1.232093095779419, 1.221286654472351, 1.1886001825332642, 1.1903529167175293, 1.2220686674118042, 1.2260249853134155, 1.206772804260254, 1.1898260116577148, 1.2035328149795532, 1.2039484977722168, 1.1818890571594238, 1.1754391193389893, 1.183600902557373, 1.2000919580459595, 1.1897120475769043, 1.2008074522018433, 1.1769541501998901];[1.54471755027771, 1.1040356159210205, 0.14300815761089325, 0.0939638614654541, 0.04857158288359642, 0.04226882755756378, 0.02350424975156784, 0.02641288749873638, 0.04757925495505333, 0.053286436945199966, 0.04016933590173721, 0.02843654900789261, 0.03963744267821312, 0.03931507468223572, 0.02496553584933281, 0.02425880916416645, 0.027544056996703148, 0.0371936671435833, 0.031209029257297516, 0.03924223780632019, 0.02955346740782261];[-134.47549438476562, -18.10198211669922, -1.5835790634155273, -1.4601774215698242, -1.3355259895324707, -1.3176264762878418, -1.267055869102478, -1.2680257558822632, -1.326184868812561, -1.3442046642303467, -1.3088994026184082, -1.2864222526550293, -1.3099485635757446, -1.3141807317733765, -1.2670100927352905, -1.266323447227478, -1.268936038017273, -1.301376223564148, -1.2874493598937988, -1.3072471618652344, -1.2798333168029785]
950;[16.598041534423828, 5.673795223236084, 5.101402759552002, 5.108745574951172, 1.6417779922485352, 1.2927443981170654, 1.2920151948928833, 1.2942824363708496, 1.2778880596160889, 1.2142231464385986, 1.2181957960128784, 1.2367596626281738, 1.261855125427246, 1.2706326246261597, 1.3251861333847046, 1.3137785196304321, 1.2545993328094482, 1.2430825233459473, 1.2265015840530396, 1.2240945100784302, 1.2007880210876465];[1.5453721284866333, 1.1088340282440186, 1.2010486125946045, 1.188183069229126, 0.3032446801662445, 0.09206314384937286, 0.09344492107629776, 0.0937219113111496, 0.0822167694568634, 0.043331634253263474, 0.047531649470329285, 0.05827127397060394, 0.07685171812772751, 0.08522581309080124, 0.12059453129768372, 0.1125965490937233, 0.07115140557289124, 0.06763835996389389, 0.05565101280808449, 0.052255645394325256, 0.04140927270054817];[-133.13565063476562, -18.785205841064453, -23.540733337402344, -25.487567901611328, -2.2638020515441895, -1.4612383842468262, -1.468953251838684, -1.4687756299972534, -1.4438271522521973, -1.3218257427215576, -1.3324592113494873, -1.3633549213409424, -1.4197160005569458, -1.4384636878967285, -1.538135051727295, -1.5221741199493408, -1.4004658460617065, -1.387658953666687, -1.3570470809936523, -1.3476958274841309, -1.3194055557250977]
1000;[16.55826759338379, 5.512478828430176, 1.5391714572906494, 1.3528599739074707, 1.2852896451950073, 1.258233666419983, 1.1631386280059814, 1.1628166437149048, 1.184012770652771, 1.162490725517273, 1.179215908050537, 1.179653286933899, 1.1507997512817383, 1.1459589004516602, 1.146549940109253, 1.1361886262893677, 1.1429522037506104, 1.1424082517623901, 1.1399747133255005, 1.1377029418945312, 1.1374560594558716];[1.5464508533477783, 1.0938420295715332, 0.2079635113477707, 0.11849679797887802, 0.07603111118078232, 0.06290708482265472, 0.006167856976389885, 0.010019885376095772, 0.02179820090532303, 0.012117314152419567, 0.023461952805519104, 0.020547280088067055, 0.005621030461043119, 0.0031086939852684736, 0.005683521740138531, 0.0008698523161001503, 0.0013883608626201749, 0.0017894667107611895, 0.0012248223647475243, 0.001954675419256091, 0.00015858114056754857];[-124.95204162597656, -16.984163284301758, -1.7770295143127441, -1.5177210569381714, -1.4086271524429321, -1.3760403394699097, -1.2166051864624023, -1.2206207513809204, -1.2586060762405396, -1.2306042909622192, -1.2628529071807861, -1.254675030708313, -1.214263916015625, -1.2057775259017944, -1.2073912620544434, -1.1951265335083008, -1.1970374584197998, -1.2005218267440796, -1.2004849910736084, -1.1989296674728394, -1.1970003843307495]
1050;[16.569786071777344, 5.677354335784912, 1.253989577293396, 1.1791058778762817, 1.1914864778518677, 1.1717311143875122, 1.1754027605056763, 1.1501359939575195, 1.1529395580291748, 1.1580332517623901, 1.1593040227890015, 1.1572842597961426, 1.1581145524978638, 1.152886986732483, 1.1631923913955688, 1.156996488571167, 1.159807562828064, 1.1553655862808228, 1.1479774713516235, 1.1439447402954102, 1.1501662731170654];[1.5453758239746094, 1.1115549802780151, 0.026033038273453712, 0.009404589422047138, 0.016859043389558792, 0.010120424441993237, 0.015026059001684189, 0.003520665690302849, 0.003136429702863097, 0.007540652062743902, 0.012930028140544891, 0.009608086198568344, 0.009799579158425331, 0.006674588192254305, 0.014833042398095131, 0.010256532579660416, 0.012722517363727093, 0.011155329644680023, 0.009345625527203083, 0.003815597854554653, 0.007534777745604515];[-128.80654907226562, -18.234888076782227, -1.2714108228683472, -1.2199718952178955, -1.2436699867248535, -1.2250765562057495, -1.2402160167694092, -1.2055764198303223, -1.2079142332077026, -1.2181414365768433, -1.229496717453003, -1.2232662439346313, -1.222403645515442, -1.2176315784454346, -1.2409193515777588, -1.2218948602676392, -1.2291953563690186, -1.2299712896347046, -1.221418023109436, -1.2067699432373047, -1.219090461730957]
1100;[16.595863342285156, 5.333754062652588, 4.948492527008057, 1.5695477724075317, 1.2674506902694702, 1.1772475242614746, 1.1781154870986938, 1.1545908451080322, 1.154341697692871, 1.1646286249160767, 1.1649264097213745, 1.1755799055099487, 1.1598021984100342, 1.165746808052063, 1.1924129724502563, 1.1938891410827637, 1.1629141569137573, 1.165340781211853, 1.1732609272003174, 1.1777077913284302, 1.1599395275115967];[1.5452494621276855, 1.0789246559143066, 1.3110477924346924, 0.2563907504081726, 0.06855741888284683, 0.013240491971373558, 0.01690618507564068, 0.004653096664696932, 0.004627181217074394, 0.011528165079653263, 0.014618273824453354, 0.01914013922214508, 0.010503167286515236, 0.014182367362082005, 0.03218666836619377, 0.0362975150346756, 0.01343672163784504, 0.016117030754685402, 0.021690553054213524, 0.0228703785687685, 0.017011241987347603];[-133.3268280029297, -14.782796859741211, -20.093385696411133, -1.9399926662445068, -1.3879737854003906, -1.2325092554092407, -1.2436323165893555, -1.209125280380249, -1.2093875408172607, -1.2266278266906738, -1.238736629486084, -1.2479653358459473, -1.2293602228164673, -1.2398617267608643, -1.2864347696304321, -1.2971453666687012, -1.2367404699325562, -1.2415053844451904, -1.2523216009140015, -1.2609738111495972, -1.2416815757751465]
1150;[16.56783676147461, 5.658563137054443, 1.4689412117004395, 1.30540132522583, 1.171339988708496, 1.2024157047271729, 1.220941185951233, 1.2093005180358887, 1.1986407041549683, 1.170103907585144, 1.1565046310424805, 1.1525185108184814, 1.1791808605194092, 1.1522923707962036, 1.152063012123108, 1.1524672508239746, 1.1614160537719727, 1.1543315649032593, 1.161543369293213, 1.1554312705993652, 1.1473840475082397];[1.5415167808532715, 1.1169430017471313, 0.1634632647037506, 0.08757570385932922, 0.005322314333170652, 0.02816637046635151, 0.04274800792336464, 0.036206793040037155, 0.03329925984144211, 0.015459124930202961, 0.008081459440290928, 0.008733963593840599, 0.02230079099535942, 0.008272392675280571, 0.006950591690838337, 0.006407393142580986, 0.010485215112566948, 0.010040318593382835, 0.014083712361752987, 0.010709833353757858, 0.006956860888749361];[-135.54962158203125, -19.025747299194336, -1.6723263263702393, -1.4489054679870605, -1.2121918201446533, -1.2743912935256958, -1.3156242370605469, -1.3071209192276, -1.2880727052688599, -1.2400554418563843, -1.2205675840377808, -1.2211658954620361, -1.2633564472198486, -1.2173207998275757, -1.215601921081543, -1.2148646116256714, -1.229154348373413, -1.2287689447402954, -1.235471487045288, -1.2267929315567017, -1.2165640592575073]
1200;[16.57986068725586, 2.773268461227417, 1.2987399101257324, 1.3072277307510376, 1.244012475013733, 1.239240288734436, 1.167086124420166, 1.167287826538086, 1.1601017713546753, 1.1526159048080444, 1.145317792892456, 1.1435391902923584, 1.1408556699752808, 1.1419284343719482, 1.1446565389633179, 1.143496036529541, 1.149489402770996, 1.1438394784927368, 1.1431694030761719, 1.1489901542663574, 1.1481451988220215];[1.544623613357544, 0.5089393854141235, 0.06294193863868713, 0.09191509336233139, 0.054064035415649414, 0.04919911548495293, 0.013684164732694626, 0.011458204127848148, 0.010750748217105865, 0.0024443245492875576, 0.0003536439035087824, 0.0015732592437416315, 0.0005173432873561978, 9.80681215878576e-05, 0.0070928605273365974, 0.0040974123403429985, 0.006276979576796293, 0.003313610563054681, 0.00455998070538044, 0.006972416769713163, 0.009149957448244095];[-129.31773376464844, -2.698662757873535, -1.3768870830535889, -1.4438618421554565, -1.3470275402069092, -1.3423163890838623, -1.2324265241622925, -1.2259726524353027, -1.223726749420166, -1.2067337036132812, -1.1987969875335693, -1.197920560836792, -1.1967991590499878, -1.1950644254684448, -1.2127525806427002, -1.205898404121399, -1.2141919136047363, -1.2033358812332153, -1.2060757875442505, -1.2153606414794922, -1.2190775871276855]
1250;[16.55998992919922, 2.4606575965881348, 1.7073004245758057, 1.2710453271865845, 1.2621798515319824, 1.2398654222488403, 1.2518224716186523, 1.2206603288650513, 1.1968623399734497, 1.230046272277832, 1.2399955987930298, 1.2282822132110596, 1.2308014631271362, 1.2208070755004883, 1.1847213506698608, 1.1768041849136353, 1.1702630519866943, 1.1691516637802124, 1.156710147857666, 1.1616430282592773, 1.1643422842025757];[1.5464980602264404, 0.3946073651313782, 0.31581366062164307, 0.06291648745536804, 0.0651245191693306, 0.05555243790149689, 0.0636366531252861, 0.043650876730680466, 0.03395787626504898, 0.05540112406015396, 0.06297237426042557, 0.057650282979011536, 0.058009278029203415, 0.05058521404862404, 0.0271109938621521, 0.024998627603054047, 0.01886567287147045, 0.017171772196888924, 0.01307008508592844, 0.015309087932109833, 0.018088769167661667];[-128.5740203857422, -2.255580425262451, -2.2690839767456055, -1.3721667528152466, -1.3794413805007935, -1.3511691093444824, -1.3724247217178345, -1.3263987302780151, -1.2884632349014282, -1.356313943862915, -1.3718396425247192, -1.3626197576522827, -1.3601945638656616, -1.3410251140594482, -1.271538257598877, -1.2685139179229736, -1.253065586090088, -1.249638557434082, -1.2299985885620117, -1.2443333864212036, -1.248600959777832]
1300;[16.576372146606445, 2.6625826358795166, 1.2349060773849487, 1.2033050060272217, 1.2160953283309937, 1.1731756925582886, 1.1536239385604858, 1.157331109046936, 1.1524630784988403, 1.1547455787658691, 1.1599836349487305, 1.1467204093933105, 1.1453907489776611, 1.1509414911270142, 1.1413707733154297, 1.140581488609314, 1.148524522781372, 1.1415998935699463, 1.1387022733688354, 1.1408390998840332, 1.1350932121276855];[1.546189308166504, 0.4731541574001312, 0.02722996659576893, 0.024211620911955833, 0.03441435471177101, 0.00920792669057846, 0.003916305489838123, 0.00406868290156126, 0.005673248786479235, 0.007022285833954811, 0.00945373997092247, 0.000592350959777832, 0.001624125288799405, 0.004009517375379801, 0.00016618549125269055, 0.0018466097535565495, 0.0046721831895411015, 0.0016589569859206676, 0.001474236254580319, 0.000931743998080492, 0.00020411968580447137];[-130.37168884277344, -2.51987624168396, -1.2757411003112793, -1.2612378597259521, -1.2956631183624268, -1.224542260169983, -1.2053651809692383, -1.208794116973877, -1.209814190864563, -1.2150181531906128, -1.2262977361679077, -1.1986488103866577, -1.1978094577789307, -1.2062629461288452, -1.1942188739776611, -1.2004570960998535, -1.2104825973510742, -1.201829433441162, -1.2009655237197876, -1.1984943151474, -1.1947293281555176]
1350;[16.57489585876465, 5.361654758453369, 5.0326361656188965, 5.0428972244262695, 1.7426629066467285, 1.692592978477478, 1.4091203212738037, 1.433241367340088, 1.415014624595642, 1.3774257898330688, 1.360146164894104, 1.3663554191589355, 1.3286120891571045, 1.350765585899353, 1.34808349609375, 1.3400028944015503, 1.3022042512893677, 1.2572762966156006, 1.2751963138580322, 1.2568447589874268, 1.2487143278121948];[1.542214035987854, 1.0737570524215698, 1.299992322921753, 1.3366258144378662, 0.38212549686431885, 0.3558151125907898, 0.16598333418369293, 0.19015385210514069, 0.17708347737789154, 0.15052808821201324, 0.14073558151721954, 0.14912141859531403, 0.12124337255954742, 0.13742707669734955, 0.13641636073589325, 0.12956032156944275, 0.1042996197938919, 0.07518701255321503, 0.08812001347541809, 0.07721602916717529, 0.07016830146312714];[-140.42291259765625, -14.695240020751953, -21.02399253845215, -21.831514358520508, -2.421407699584961, -2.332556962966919, -1.6824772357940674, -1.7550402879714966, -1.7146259546279907, -1.641526460647583, -1.6155905723571777, -1.6243185997009277, -1.5491644144058228, -1.5931472778320312, -1.5967158079147339, -1.5783302783966064, -1.504372239112854, -1.414052128791809, -1.4539932012557983, -1.4162732362747192, -1.4001989364624023]
1400;[16.581317901611328, 5.57365608215332, 1.5258307456970215, 1.1833827495574951, 1.2049000263214111, 1.279976487159729, 1.2897220849990845, 1.2741369009017944, 1.286025047302246, 1.2701239585876465, 1.2960407733917236, 1.2927236557006836, 1.2860078811645508, 1.2641478776931763, 1.2662642002105713, 1.2216607332229614, 1.2458100318908691, 1.2589941024780273, 1.2371233701705933, 1.2197608947753906, 1.2327450513839722];[1.5447834730148315, 1.1004899740219116, 0.19988632202148438, 0.007851560600101948, 0.026514293625950813, 0.07732504606246948, 0.08872613310813904, 0.07953175157308578, 0.08757015317678452, 0.07896675914525986, 0.0987425148487091, 0.09403171390295029, 0.0899057388305664, 0.07796457409858704, 0.08002393692731857, 0.05278085544705391, 0.06533519178628922, 0.07748754322528839, 0.06307075172662735, 0.054419416934251785, 0.05877593904733658];[-130.84068298339844, -18.4632625579834, -1.7730002403259277, -1.2206408977508545, -1.2707911729812622, -1.420233130455017, -1.4460492134094238, -1.4215672016143799, -1.4514739513397217, -1.4148591756820679, -1.4775277376174927, -1.475582242012024, -1.4589991569519043, -1.425205945968628, -1.4285001754760742, -1.3443762063980103, -1.3871818780899048, -1.420529842376709, -1.375160813331604, -1.348172903060913, -1.3685342073440552]
1450;[16.598224639892578, 5.788140296936035, 5.174380302429199, 1.3036694526672363, 1.3901641368865967, 1.3438377380371094, 1.3859455585479736, 1.2163711786270142, 1.1831696033477783, 1.1703991889953613, 1.1613256931304932, 1.1578340530395508, 1.1516144275665283, 1.153051733970642, 1.149905800819397, 1.1466995477676392, 1.1387325525283813, 1.1462174654006958, 1.1518619060516357, 1.1529444456100464, 1.1524490118026733];[1.54408860206604, 1.1172170639038086, 1.188868522644043, 0.07898976653814316, 0.14784495532512665, 0.12124139815568924, 0.15694622695446014, 0.03793882578611374, 0.025284459814429283, 0.01726515404880047, 0.012549682520329952, 0.007197825238108635, 0.002890974283218384, 0.007447383366525173, 0.006270646583288908, 0.005010149907320738, 0.001642710529267788, 0.004185795783996582, 0.006097044795751572, 0.007453167345374823, 0.010260761715471745];[-134.04428100585938, -19.838512420654297, -24.8585205078125, -1.4131743907928467, -1.6171441078186035, -1.5437387228012085, -1.628835916519165, -1.3116072416305542, -1.2676417827606201, -1.2417296171188354, -1.234206199645996, -1.2179462909698486, -1.2055648565292358, -1.215315818786621, -1.2135965824127197, -1.2055751085281372, -1.1997294425964355, -1.2066036462783813, -1.2157909870147705, -1.2183482646942139, -1.2228858470916748]
1500;[16.581144332885742, 2.478637456893921, 1.3787109851837158, 1.194055199623108, 1.167723536491394, 1.1598223447799683, 1.153566598892212, 1.1615841388702393, 1.166300654411316, 1.1897146701812744, 1.1803159713745117, 1.2171775102615356, 1.2121913433074951, 1.2085915803909302, 1.2041302919387817, 1.213269829750061, 1.2049849033355713, 1.1921404600143433, 1.1923328638076782, 1.1782056093215942, 1.167411208152771];[1.5434982776641846, 0.3933276832103729, 0.11659405380487442, 0.013111429288983345, 0.006680963560938835, 0.0042297556065022945, 0.004102107137441635, 0.007232598029077053, 0.00892098993062973, 0.02727348543703556, 0.02254478447139263, 0.04714841768145561, 0.04739000275731087, 0.0387100987136364, 0.04061969742178917, 0.046618785709142685, 0.041155923157930374, 0.031124575063586235, 0.03236182779073715, 0.02495233714580536, 0.019916679710149765];[-133.0294189453125, -2.277313232421875, -1.515891432762146, -1.2356127500534058, -1.2149041891098022, -1.2082719802856445, -1.2059543132781982, -1.217859148979187, -1.228034496307373, -1.2726153135299683, -1.264542579650879, -1.3306416273117065, -1.330336570739746, -1.308833122253418, -1.3170524835586548, -1.3357244729995728, -1.3134536743164062, -1.2916362285614014, -1.291035771369934, -1.2727118730545044, -1.253096342086792]
50;[19.60540008544922, 11.763452529907227, 5.881909370422363, 3.4104526042938232, 2.5833983421325684, 1.8459281921386719, 1.8201266527175903, 1.5935111045837402, 1.555708408355713, 1.522301435470581, 1.5228686332702637, 1.555860161781311, 1.49443781375885, 1.4781931638717651, 1.496010184288025, 1.4860001802444458, 1.4910895824432373, 1.468601942062378, 1.4648566246032715, 1.4464622735977173, 1.4712753295898438];[1.5033804178237915, 1.3247849941253662, 1.1296708583831787, 0.7924882769584656, 0.5360440611839294, 0.2022380232810974, 0.19375084340572357, 0.07383747398853302, 0.054984524846076965, 0.04084227979183197, 0.04613767936825752, 0.06229046732187271, 0.02990698255598545, 0.025338303297758102, 0.03163338825106621, 0.028771502897143364, 0.032063521444797516, 0.01905699446797371, 0.017436359077692032, 0.01168168056756258, 0.02018718793988228];[-152.5258026123047, -69.10777282714844, -17.299287796020508, -5.842651844024658, -3.619751214981079, -2.034886121749878, -1.9986987113952637, -1.6286442279815674, -1.5738459825515747, -1.5310232639312744, -1.5448113679885864, -1.5930778980255127, -1.5066425800323486, -1.4879271984100342, -1.5100311040878296, -1.4982603788375854, -1.5083732604980469, -1.472670078277588, -1.4690687656402588, -1.4510254859924316, -1.4775950908660889]
100;[19.610395431518555, 11.603221893310547, 5.991754055023193, 3.3307886123657227, 2.7837798595428467, 2.1342034339904785, 2.1013901233673096, 1.8543308973312378, 1.6215996742248535, 1.6532865762710571, 1.5844250917434692, 1.5404683351516724, 1.5498988628387451, 1.5254197120666504, 1.475059986114502, 1.456898808479309, 1.4520049095153809, 1.4527983665466309, 1.4462556838989258, 1.446956753730774, 1.4632984399795532];[1.5035954713821411, 1.319315791130066, 1.2063053846359253, 0.7779499292373657, 0.6295098662376404, 0.35023999214172363, 0.33679816126823425, 0.21220330893993378, 0.09091068059206009, 0.11050407588481903, 0.07603171467781067, 0.05538327246904373, 0.05728898569941521, 0.04643845185637474, 0.023838279768824577, 0.011923789978027344, 0.010596539825201035, 0.012332916259765625, 0.008836093358695507, 0.008916866034269333, 0.015576035715639591];[-154.35015869140625, -67.51904296875, -16.613740921020508, -5.865560531616211, -4.2026214599609375, -2.5655605792999268, -2.521099805831909, -2.050328493118286, -1.6819584369659424, -1.724357008934021, -1.6302881240844727, -1.5714575052261353, -1.580292820930481, -1.546217679977417, -1.4868136644363403, -1.4578781127929688, -1.4491521120071411, -1.4553272724151611, -1.4433670043945312, -1.4443341493606567, -1.461570382118225]
150;[19.606155395507812, 8.422780990600586, 4.223980903625488, 1.9503319263458252, 1.7866990566253662, 1.8462169170379639, 1.7107620239257812, 1.6599370241165161, 1.6338272094726562, 1.543195366859436, 1.5239007472991943, 1.5016781091690063, 1.4990626573562622, 1.4952679872512817, 1.4923428297042847, 1.4862359762191772, 1.4832239151000977, 1.485966444015503, 1.4963992834091187, 1.4933973550796509, 1.4947724342346191];[1.5014655590057373, 1.195281982421875, 0.9346998333930969, 0.22602257132530212, 0.16259747743606567, 0.19692496955394745, 0.13171331584453583, 0.10671456158161163, 0.09974564611911774, 0.052588194608688354, 0.04463662579655647, 0.03267785161733627, 0.034036602824926376, 0.03576500341296196, 0.02984570525586605, 0.027920324355363846, 0.028629891574382782, 0.02895369939506054, 0.030767910182476044, 0.0324055440723896, 0.03232873976230621];[-151.96873474121094, -24.140352249145508, -8.662869453430176, -2.093592882156372, -1.8827695846557617, -1.9833053350448608, -1.7909057140350342, -1.7294223308563232, -1.7039698362350464, -1.568181037902832, -1.546911597251892, -1.5115355253219604, -1.515676736831665, -1.5165573358535767, -1.503164529800415, -1.4971625804901123, -1.4983971118927002, -1.5005930662155151, -1.5081148147583008, -1.514370322227478, -1.5162516832351685]
200;[19.60989761352539, 8.356616973876953, 6.748215198516846, 2.4591078758239746, 1.7647393941879272, 1.6354748010635376, 1.6175276041030884, 1.560242772102356, 1.6335055828094482, 1.7114059925079346, 1.6784489154815674, 1.739802360534668, 1.7380051612854004, 1.6995121240615845, 1.6662715673446655, 1.6053552627563477, 1.5770506858825684, 1.5739926099777222, 1.5599489212036133, 1.5495785474777222, 1.5113171339035034];[1.5061771869659424, 1.1860054731369019, 1.4101791381835938, 0.4950147271156311, 0.15066935122013092, 0.08823052048683167, 0.08162763714790344, 0.05631666257977486, 0.09704276919364929, 0.13678546249866486, 0.12403064966201782, 0.1552356779575348, 0.15786603093147278, 0.13624656200408936, 0.1238086149096489, 0.09090008586645126, 0.07451856136322021, 0.0742906704545021, 0.06831824779510498, 0.0603250227868557, 0.04487162455916405];[-146.62501525878906, -22.437124252319336, -16.22399139404297, -2.9777021408081055, -1.8515849113464355, -1.671614646911621, -1.6552599668502808, -1.5744428634643555, -1.691687822341919, -1.814866542816162, -1.775194525718689, -1.8686326742172241, -1.8755589723587036, -1.812400460243225, -1.775567650794983, -1.6767468452453613, -1.6374942064285278, -1.6357203722000122, -1.610325813293457, -1.5933525562286377, -1.5457429885864258]
250;[19.606613159179688, 8.415446281433105, 4.45997953414917, 2.6518032550811768, 2.438588857650757, 1.697759747505188, 1.664568305015564, 1.6494885683059692, 1.6338368654251099, 1.6181291341781616, 1.6173181533813477, 1.6401599645614624, 1.697167992591858, 1.6959048509597778, 1.6962890625, 1.6959210634231567, 1.729316234588623, 1.6982264518737793, 1.6164370775222778, 1.5885491371154785, 1.5734918117523193];[1.5035531520843506, 1.1868979930877686, 1.0091532468795776, 0.5375860333442688, 0.4674150347709656, 0.12313228845596313, 0.10989537090063095, 0.10694551467895508, 0.09816386550664902, 0.09267964214086533, 0.08885234594345093, 0.10848730057477951, 0.1344953030347824, 0.13969548046588898, 0.13871553540229797, 0.13872666656970978, 0.15519018471240997, 0.14503906667232513, 0.0982702374458313, 0.08407202363014221, 0.07711800932884216];[-154.35806274414062, -24.112871170043945, -9.392695426940918, -3.816281795501709, -3.3507091999053955, -1.7731432914733887, -1.7349945306777954, -1.7277089357376099, -1.7072181701660156, -1.6844525337219238, -1.6785838603973389, -1.7379424571990967, -1.835462212562561, -1.8435972929000854, -1.8314590454101562, -1.8399282693862915, -1.9022375345230103, -1.855523705482483, -1.7012308835983276, -1.6652566194534302, -1.64678955078125]
300;[19.599504470825195, 11.75285530090332, 10.858637809753418, 5.4640021324157715, 2.383610486984253, 1.8401461839675903, 1.6128225326538086, 1.4832271337509155, 1.4825265407562256, 1.479761004447937, 1.4724899530410767, 1.4570565223693848, 1.5025235414505005, 1.487892746925354, 1.502784252166748, 1.502455711364746, 1.47432279586792, 1.4657782316207886, 1.454445242881775, 1.453559398651123, 1.468472957611084];[1.502313494682312, 1.3199810981750488, 1.3993940353393555, 1.1773587465286255, 0.4566783010959625, 0.19764316082000732, 0.08298702538013458, 0.021561210975050926, 0.021281445398926735, 0.020525099709630013, 0.01818241737782955, 0.012340580113232136, 0.03245290741324425, 0.028099505230784416, 0.03667418286204338, 0.03751160949468613, 0.023108258843421936, 0.018031952902674675, 0.014743653126060963, 0.013871686533093452, 0.02070287987589836];[-152.23704528808594, -68.19718170166016, -68.20851135253906, -15.793013572692871, -3.015010356903076, -2.0056402683258057, -1.650876760482788, -1.4740302562713623, -1.4747222661972046, -1.4764773845672607, -1.4700067043304443, -1.4537131786346436, -1.5173779726028442, -1.4982839822769165, -1.5251076221466064, -1.5255110263824463, -1.481178879737854, -1.4756683111190796, -1.459993839263916, -1.4574294090270996, -1.477535605430603]
350;[19.601476669311523, 11.645838737487793, 5.972109317779541, 2.9877331256866455, 1.7576617002487183, 1.6393671035766602, 1.5332424640655518, 1.5046753883361816, 1.5004698038101196, 1.4952306747436523, 1.5055137872695923, 1.4760454893112183, 1.4695411920547485, 1.5047516822814941, 1.4658764600753784, 1.4600982666015625, 1.4626880884170532, 1.4620530605316162, 1.44234037399292, 1.4472280740737915, 1.4305670261383057];[1.5042431354522705, 1.3167997598648071, 1.214835286140442, 0.6665592193603516, 0.14672031998634338, 0.09393777698278427, 0.04331192374229431, 0.02699907310307026, 0.028432002291083336, 0.02643401362001896, 0.03482380881905556, 0.018452322110533714, 0.017354320734739304, 0.03484264388680458, 0.015683908015489578, 0.01791142299771309, 0.01834438554942608, 0.01650225929915905, 0.008625393733382225, 0.00977442879229784, 0.0029547573067247868];[-152.56439208984375, -67.00407409667969, -16.4871883392334, -4.644457817077637, -1.856804370880127, -1.6842306852340698, -1.5395770072937012, -1.4939751625061035, -1.5005985498428345, -1.4935930967330933, -1.5190585851669312, -1.472906231880188, -1.470570683479309, -1.514864444732666, -1.4632230997085571, -1.464767336845398, -1.471633791923523, -1.4685369729995728, -1.4447746276855469, -1.4484535455703735, -1.4284459352493286]
400;[19.606170654296875, 11.518227577209473, 10.834590911865234, 5.247665882110596, 1.9531103372573853, 1.5333137512207031, 1.4935753345489502, 1.4593013525009155, 1.4813631772994995, 1.4673850536346436, 1.4892817735671997, 1.4940773248672485, 1.4971755743026733, 1.4639997482299805, 1.4672632217407227, 1.4651585817337036, 1.464481234550476, 1.4508916139602661, 1.449738621711731, 1.459316611289978, 1.4500763416290283];[1.5038254261016846, 1.3186275959014893, 1.396267056465149, 1.13141667842865, 0.23723368346691132, 0.03779464587569237, 0.020104000344872475, 0.008694524876773357, 0.01888919435441494, 0.013506732881069183, 0.022496674209833145, 0.030179908499121666, 0.03188879415392876, 0.017326099798083305, 0.020279012620449066, 0.018010860309004784, 0.01854093372821808, 0.011063666082918644, 0.011110308580100536, 0.016045331954956055, 0.015216013416647911];[-149.32980346679688, -63.8421516418457, -68.19971466064453, -14.464395523071289, -2.1409189701080322, -1.5235507488250732, -1.4724966287612915, -1.4424418210983276, -1.4749318361282349, -1.4559129476547241, -1.4787636995315552, -1.505255103111267, -1.5072910785675049, -1.4665603637695312, -1.4770026206970215, -1.4739041328430176, -1.473542332649231, -1.4498175382614136, -1.4472503662109375, -1.4632251262664795, -1.4592061042785645]
450;[19.606168746948242, 11.987736701965332, 5.967740535736084, 2.1403489112854004, 1.581184983253479, 1.538824439048767, 1.566605806350708, 1.4785205125808716, 1.4463434219360352, 1.4405298233032227, 1.4389598369598389, 1.4371216297149658, 1.4350224733352661, 1.4360160827636719, 1.442224144935608, 1.4359878301620483, 1.4457849264144897, 1.4490723609924316, 1.4458098411560059, 1.4536781311035156, 1.4542913436889648];[1.5035308599472046, 1.3273675441741943, 1.1162980794906616, 0.2982543706893921, 0.055548060685396194, 0.04263394698500633, 0.05948673561215401, 0.017733542248606682, 0.003145982511341572, 0.0004626125155482441, 0.000970994820818305, 0.0006461167358793318, 0.0007989520090632141, 0.004233667626976967, 0.0041358256712555885, 0.004496285691857338, 0.005869107786566019, 0.009924326092004776, 0.009618107229471207, 0.01386371161788702, 0.01510696392506361];[-151.8433380126953, -71.8564224243164, -18.378122329711914, -2.3711400032043457, -1.5750477313995361, -1.5435576438903809, -1.5799161195755005, -1.4690359830856323, -1.4275153875350952, -1.423140048980713, -1.4188942909240723, -1.422366738319397, -1.4221540689468384, -1.4256010055541992, -1.4270601272583008, -1.4302564859390259, -1.4377998113632202, -1.4466445446014404, -1.44675612449646, -1.457401156425476, -1.4596117734909058]
500;[19.61858558654785, 8.370814323425293, 6.728921413421631, 2.9901843070983887, 2.5764386653900146, 1.940466046333313, 1.669762372970581, 1.6482833623886108, 1.5704712867736816, 1.5471667051315308, 1.5264767408370972, 1.538682460784912, 1.5393304824829102, 1.5309622287750244, 1.4957334995269775, 1.479110598564148, 1.4688868522644043, 1.4719775915145874, 1.4606575965881348, 1.4522377252578735, 1.4496694803237915];[1.5067291259765625, 1.1925482749938965, 1.416254997253418, 0.7367590069770813, 0.5627309679985046, 0.2448270171880722, 0.11133553832769394, 0.10177738219499588, 0.06471964716911316, 0.055464714765548706, 0.04760131239891052, 0.04944702982902527, 0.05454104766249657, 0.04894478619098663, 0.03391752392053604, 0.028389019891619682, 0.019060412421822548, 0.021560048684477806, 0.016918325796723366, 0.011885025538504124, 0.01212455052882433];[-145.80203247070312, -23.834997177124023, -16.19647979736328, -4.205502510070801, -3.463141441345215, -2.143643856048584, -1.7412785291671753, -1.7095375061035156, -1.603385329246521, -1.5718008279800415, -1.5529927015304565, -1.5674469470977783, -1.5775282382965088, -1.559417724609375, -1.507412075996399, -1.4949363470077515, -1.4759565591812134, -1.478561520576477, -1.4672027826309204, -1.4595071077346802, -1.455805778503418]
550;[19.599740982055664, 8.314172744750977, 6.704421520233154, 6.659482955932617, 2.6002092361450195, 1.815223217010498, 1.7861155271530151, 1.7418228387832642, 1.5678220987319946, 1.4632353782653809, 1.4728446006774902, 1.4414279460906982, 1.4477887153625488, 1.4531731605529785, 1.440693974494934, 1.4533333778381348, 1.4352824687957764, 1.424118995666504, 1.4310084581375122, 1.429762840270996, 1.4335274696350098];[1.50727117061615, 1.1863223314285278, 1.4120242595672607, 1.3499737977981567, 0.5712258815765381, 0.1851663440465927, 0.16839438676834106, 0.1522638201713562, 0.0626983717083931, 0.012434031814336777, 0.01839245855808258, 0.00419148663058877, 0.010322213172912598, 0.010326160117983818, 0.00457971915602684, 0.009621831588447094, 0.0024761748500168324, 0.00041531980969011784, 8.943915599957108e-05, 0.0026116890367120504, 0.003662653500214219];[-149.0399627685547, -21.53524398803711, -17.3878173828125, -23.600990295410156, -3.444317102432251, -1.9535690546035767, -1.9075509309768677, -1.8667786121368408, -1.5942760705947876, -1.4479283094406128, -1.470828652381897, -1.4283874034881592, -1.4446296691894531, -1.451387882232666, -1.4336271286010742, -1.4541728496551514, -1.4268498420715332, -1.4205615520477295, -1.419277310371399, -1.425586223602295, -1.428139090538025]
600;[19.600278854370117, 8.349126815795898, 6.8277587890625, 6.647005558013916, 6.653010368347168, 6.673017978668213, 2.471344232559204, 1.5306164026260376, 1.5179972648620605, 1.483046293258667, 1.448960781097412, 1.4494036436080933, 1.4590071439743042, 1.4438897371292114, 1.437903881072998, 1.4392567873001099, 1.4396796226501465, 1.4312713146209717, 1.435327410697937, 1.4413093328475952, 1.4321560859680176];[1.501469373703003, 1.1894665956497192, 1.3983681201934814, 1.318382978439331, 1.30220365524292, 1.298977017402649, 0.5102607607841492, 0.040795277804136276, 0.03662003576755524, 0.025945892557501793, 0.00504716020077467, 0.0062076435424387455, 0.011595821008086205, 0.007593526039272547, 0.004399674944579601, 0.004703469108790159, 0.004716896452009678, 0.0029113220516592264, 0.004701371304690838, 0.0069749802350997925, 0.003861981676891446];[-155.08706665039062, -22.988340377807617, -16.77050018310547, -23.804655075073242, -25.137861251831055, -26.066938400268555, -3.4979476928710938, -1.5366308689117432, -1.5264906883239746, -1.4927551746368408, -1.4324818849563599, -1.4342612028121948, -1.4549033641815186, -1.4384677410125732, -1.427174687385559, -1.4322906732559204, -1.4318257570266724, -1.431209683418274, -1.4316374063491821, -1.4362574815750122, -1.431023359298706]
650;[19.609243392944336, 11.561603546142578, 5.879693508148193, 3.0434751510620117, 2.2319016456604004, 1.70294988155365, 1.659500002861023, 1.6960583925247192, 1.5746415853500366, 1.5737212896347046, 1.5898364782333374, 1.5513572692871094, 1.5342473983764648, 1.5312912464141846, 1.5402514934539795, 1.514068603515625, 1.496700406074524, 1.4852442741394043, 1.4714555740356445, 1.46309232711792, 1.4488615989685059];[1.5071781873703003, 1.3147081136703491, 1.2211445569992065, 0.6989222764968872, 0.3824600279331207, 0.12398838996887207, 0.10666803270578384, 0.125371515750885, 0.06666617095470428, 0.06627750396728516, 0.07500535249710083, 0.0594053752720356, 0.04973745718598366, 0.050830937922000885, 0.054312046617269516, 0.04309432953596115, 0.032164860516786575, 0.02644350938498974, 0.021317636594176292, 0.019283127039670944, 0.009518630802631378];[-153.84912109375, -64.42268371582031, -15.974483489990234, -4.695654392242432, -2.7615833282470703, -1.7745999097824097, -1.7261008024215698, -1.7911159992218018, -1.611409306526184, -1.604365587234497, -1.6368719339370728, -1.589070439338684, -1.5638004541397095, -1.5631752014160156, -1.574363350868225, -1.5408307313919067, -1.5108102560043335, -1.497636079788208, -1.4828269481658936, -1.4733902215957642, -1.4484779834747314]
700;[19.62272834777832, 11.928367614746094, 5.967462062835693, 2.3244411945343018, 1.6558403968811035, 1.5612391233444214, 1.6474697589874268, 1.6567199230194092, 1.647862434387207, 1.6389858722686768, 1.6391466856002808, 1.6059821844100952, 1.591878056526184, 1.5499520301818848, 1.549027919769287, 1.506107211112976, 1.507947564125061, 1.5290002822875977, 1.4951645135879517, 1.5222830772399902, 1.4963669776916504];[1.5059008598327637, 1.3281292915344238, 1.1198879480361938, 0.38607102632522583, 0.09174589067697525, 0.05007113516330719, 0.0974353775382042, 0.10232400894165039, 0.10353172570466995, 0.10301864892244339, 0.10100885480642319, 0.08537058532238007, 0.08222225308418274, 0.05829113349318504, 0.05998975783586502, 0.038670577108860016, 0.036056991666555405, 0.046601101756095886, 0.036813944578170776, 0.0440327413380146, 0.037217654287815094];[-153.39105224609375, -71.93977355957031, -18.336217880249023, -2.8343560695648193, -1.6855319738388062, -1.5596380233764648, -1.6946221590042114, -1.7135053873062134, -1.7139836549758911, -1.7089030742645264, -1.7048144340515137, -1.664486289024353, -1.649366855621338, -1.5786657333374023, -1.5883445739746094, -1.5257622003555298, -1.5236880779266357, -1.5476504564285278, -1.521005392074585, -1.544946551322937, -1.5264828205108643]
750;[19.619277954101562, 11.775063514709473, 5.950051307678223, 2.5980405807495117, 2.062206983566284, 1.9101440906524658, 1.905204176902771, 1.849629521369934, 1.6799222230911255, 1.7672722339630127, 1.5961010456085205, 1.5698051452636719, 1.558003544807434, 1.559455394744873, 1.5113568305969238, 1.486437201499939, 1.4839211702346802, 1.4663985967636108, 1.4426671266555786, 1.4667375087738037, 1.4571928977966309];[1.5055729150772095, 1.3216112852096558, 1.2265945672988892, 0.5433178544044495, 0.3066025972366333, 0.23327186703681946, 0.23377113044261932, 0.20923469960689545, 0.1192108541727066, 0.165134996175766, 0.07748571038246155, 0.06813843548297882, 0.06240351125597954, 0.0670684203505516, 0.04116922989487648, 0.028480472043156624, 0.02895246259868145, 0.018133413046598434, 0.006215924397110939, 0.01641298457980156, 0.015062919817864895];[-151.58682250976562, -68.24083709716797, -16.511823654174805, -3.1474335193634033, -2.3283791542053223, -2.0989091396331787, -2.1105730533599854, -2.043531894683838, -1.7630980014801025, -1.908750057220459, -1.6413824558258057, -1.6183199882507324, -1.5975804328918457, -1.6131089925765991, -1.5343453884124756, -1.4984612464904785, -1.5036085844039917, -1.4682708978652954, -1.4361028671264648, -1.4699499607086182, -1.4634308815002441]
800;[19.624168395996094, 8.358315467834473, 4.366727828979492, 2.0521886348724365, 1.7665796279907227, 1.6663453578948975, 1.608220100402832, 1.5646226406097412, 1.5422767400741577, 1.5167357921600342, 1.4876240491867065, 1.5133559703826904, 1.4873584508895874, 1.4644399881362915, 1.4618951082229614, 1.4507932662963867, 1.4662622213363647, 1.4660190343856812, 1.4632384777069092, 1.4545049667358398, 1.4473052024841309];[1.5057421922683716, 1.1840224266052246, 0.9747974276542664, 0.27378901839256287, 0.15151803195476532, 0.10455001890659332, 0.07927677035331726, 0.06017013639211655, 0.04948524385690689, 0.039069224148988724, 0.027463793754577637, 0.038545578718185425, 0.024352865293622017, 0.016683422029018402, 0.017059000208973885, 0.013950088061392307, 0.02088196761906147, 0.020819921046495438, 0.020278753712773323, 0.013300430960953236, 0.011150889098644257];[-153.67041015625, -24.500200271606445, -9.144044876098633, -2.2284233570098877, -1.851394534111023, -1.7129487991333008, -1.6392221450805664, -1.58858060836792, -1.557599663734436, -1.5296087265014648, -1.4927623271942139, -1.5260330438613892, -1.4900922775268555, -1.466752052307129, -1.465933084487915, -1.4510172605514526, -1.4771957397460938, -1.4768747091293335, -1.4709750413894653, -1.454728364944458, -1.4485379457473755]
850;[19.599803924560547, 8.421065330505371, 6.708012104034424, 2.349159002304077, 1.8835091590881348, 1.7255057096481323, 1.885886549949646, 1.810604453086853, 1.7179979085922241, 1.6860008239746094, 1.6952379941940308, 1.6301571130752563, 1.5378531217575073, 1.473935842514038, 1.468925952911377, 1.481393575668335, 1.4729043245315552, 1.4604922533035278, 1.444260835647583, 1.4415249824523926, 1.4439090490341187];[1.506380558013916, 1.1936140060424805, 1.402368426322937, 0.431993305683136, 0.20896483957767487, 0.13789723813533783, 0.22428905963897705, 0.18544018268585205, 0.13865068554878235, 0.12729598581790924, 0.1351807415485382, 0.10289927572011948, 0.049669429659843445, 0.025038274005055428, 0.01858256384730339, 0.02572355791926384, 0.018975738435983658, 0.012340497225522995, 0.007766019087284803, 0.006334498059004545, 0.00881778821349144];[-156.58274841308594, -24.727998733520508, -15.985194206237793, -2.720827341079712, -2.024728775024414, -1.8237498998641968, -2.0796663761138916, -1.9662295579910278, -1.8213858604431152, -1.789954423904419, -1.8017785549163818, -1.712552785873413, -1.564990520477295, -1.4818463325500488, -1.4713919162750244, -1.4906420707702637, -1.4718174934387207, -1.4612349271774292, -1.442579746246338, -1.4360852241516113, -1.4482667446136475]
900;[19.611408233642578, 8.404526710510254, 4.367898464202881, 1.9670891761779785, 1.6284626722335815, 1.5915664434432983, 1.5970053672790527, 1.5943559408187866, 1.7040109634399414, 1.6826633214950562, 1.5926095247268677, 1.6419098377227783, 1.597809910774231, 1.5901694297790527, 1.5499060153961182, 1.5375667810440063, 1.5606402158737183, 1.5808591842651367, 1.5472568273544312, 1.5684493780136108, 1.5199886560440063];[1.50496506690979, 1.1867684125900269, 1.0048257112503052, 0.23537199199199677, 0.08535515516996384, 0.06851266324520111, 0.07465212047100067, 0.07646110653877258, 0.1349325180053711, 0.12907972931861877, 0.07950607687234879, 0.10396909713745117, 0.08466758579015732, 0.07963255792856216, 0.058927007019519806, 0.056642986834049225, 0.06674761325120926, 0.07660922408103943, 0.059427887201309204, 0.07166929543018341, 0.05221845954656601];[-153.94790649414062, -23.776809692382812, -8.777419090270996, -2.0921618938446045, -1.6466853618621826, -1.6118987798690796, -1.6365716457366943, -1.6348294019699097, -1.8113104104995728, -1.801490068435669, -1.6482903957366943, -1.7359058856964111, -1.662601351737976, -1.6563869714736938, -1.587528109550476, -1.583488941192627, -1.604271650314331, -1.639700174331665, -1.5930536985397339, -1.6248600482940674, -1.5684298276901245]
950;[19.618736267089844, 8.405228614807129, 5.009079456329346, 3.1947216987609863, 2.598383903503418, 2.1024787425994873, 1.835117220878601, 1.7976694107055664, 1.8149011135101318, 1.7042158842086792, 1.6725785732269287, 1.6718677282333374, 1.7606168985366821, 1.7552893161773682, 1.8518468141555786, 1.8081414699554443, 1.7301424741744995, 1.695570468902588, 1.6463392972946167, 1.6332926750183105, 1.5925803184509277];[1.5050996541976929, 1.1844794750213623, 1.2452133893966675, 0.8397995233535767, 0.5744968056678772, 0.34223663806915283, 0.20029659569263458, 0.17840877175331116, 0.1898014396429062, 0.13453951478004456, 0.11970696598291397, 0.11792207509279251, 0.16908051073551178, 0.16998793184757233, 0.22253568470478058, 0.19848018884658813, 0.1535464972257614, 0.13944020867347717, 0.11215152591466904, 0.10272111743688583, 0.08625650405883789];[-150.32244873046875, -23.1827335357666, -9.819469451904297, -4.686617374420166, -3.461183547973633, -2.4566707611083984, -2.0069549083709717, -1.9365966320037842, -1.9792081117630005, -1.8081443309783936, -1.7607848644256592, -1.7550957202911377, -1.9183937311172485, -1.9085382223129272, -2.0712990760803223, -2.003451108932495, -1.8670737743377686, -1.822230577468872, -1.7444610595703125, -1.7182364463806152, -1.6727830171585083]
1000;[19.583219528198242, 8.27535629272461, 4.193552017211914, 1.897334098815918, 1.6966930627822876, 1.6782658100128174, 1.626723289489746, 1.6099857091903687, 1.4797661304473877, 1.4718551635742188, 1.4405593872070312, 1.4474200010299683, 1.455232858657837, 1.4681477546691895, 1.4526280164718628, 1.445127248764038, 1.467718243598938, 1.4787166118621826, 1.4513499736785889, 1.4703253507614136, 1.4527074098587036];[1.5048176050186157, 1.179025650024414, 0.9732984900474548, 0.19686201214790344, 0.11226718872785568, 0.11002287268638611, 0.08688841760158539, 0.08382204174995422, 0.017026806250214577, 0.01694774441421032, 0.003011674853041768, 0.0034450399689376354, 0.010758819989860058, 0.016820915043354034, 0.011997735127806664, 0.0105455806478858, 0.017745085060596466, 0.025079017505049706, 0.011768419295549393, 0.02397073805332184, 0.01356474868953228];[-146.6394805908203, -22.889253616333008, -7.95271110534668, -1.9646835327148438, -1.7165402173995972, -1.732541561126709, -1.6631553173065186, -1.6573556661605835, -1.4686923027038574, -1.4681668281555176, -1.4254035949707031, -1.4298598766326904, -1.4522297382354736, -1.4703032970428467, -1.4490717649459839, -1.4452290534973145, -1.467178463935852, -1.4881953001022339, -1.4523297548294067, -1.4863080978393555, -1.4582256078720093]
1050;[19.599123001098633, 8.369584083557129, 4.807822227478027, 2.8013412952423096, 2.0883612632751465, 1.8727067708969116, 1.842283010482788, 1.6310594081878662, 1.624759554862976, 1.600717306137085, 1.5817980766296387, 1.49111008644104, 1.494600772857666, 1.495322585105896, 1.4427627325057983, 1.454781174659729, 1.4472366571426392, 1.4488987922668457, 1.4410682916641235, 1.4475793838500977, 1.4546476602554321];[1.5067322254180908, 1.187415361404419, 1.155714988708496, 0.6398199200630188, 0.3192363679409027, 0.21506430208683014, 0.20430126786231995, 0.09699861705303192, 0.0918964222073555, 0.08196993172168732, 0.07781726866960526, 0.028817150741815567, 0.029852330684661865, 0.0316743403673172, 0.006593846715986729, 0.011574502103030682, 0.008515261113643646, 0.0106765516102314, 0.010282843373715878, 0.010305630974471569, 0.014002639800310135];[-149.36273193359375, -22.89480972290039, -9.70291805267334, -3.967496395111084, -2.3790907859802246, -2.0579426288604736, -2.0418059825897217, -1.6890482902526855, -1.6878100633621216, -1.6597585678100586, -1.6398738622665405, -1.497246503829956, -1.504144549369812, -1.5093579292297363, -1.4403473138809204, -1.44867742061615, -1.4416812658309937, -1.4508056640625, -1.4463458061218262, -1.4474519491195679, -1.4613838195800781]
1100;[19.623069763183594, 8.294870376586914, 6.734682559967041, 6.6502838134765625, 6.69146728515625, 6.682039737701416, 2.5233871936798096, 1.7775229215621948, 1.7168476581573486, 1.6906245946884155, 1.6614577770233154, 1.6488432884216309, 1.5241098403930664, 1.4990603923797607, 1.505662202835083, 1.4821674823760986, 1.4921422004699707, 1.47417414188385, 1.442670464515686, 1.446069598197937, 1.4379751682281494];[1.5054816007614136, 1.1843445301055908, 1.3575713634490967, 1.261002779006958, 1.290001630783081, 1.3059505224227905, 0.5310564041137695, 0.1721472591161728, 0.13934296369552612, 0.1290041208267212, 0.11817452311515808, 0.10942786931991577, 0.04514077305793762, 0.03287319093942642, 0.03659973293542862, 0.028407149016857147, 0.03027193620800972, 0.022279268130660057, 0.006844759453088045, 0.007092964835464954, 0.008522538468241692];[-154.11451721191406, -21.530256271362305, -17.150121688842773, -25.197919845581055, -26.002901077270508, -26.02800750732422, -3.57631254196167, -1.9300860166549683, -1.8301621675491333, -1.794175386428833, -1.7614270448684692, -1.737969994544983, -1.5514733791351318, -1.5145199298858643, -1.5234766006469727, -1.502470850944519, -1.5083240270614624, -1.483636736869812, -1.4341821670532227, -1.440863013267517, -1.4403142929077148]
1150;[19.6011962890625, 11.596570014953613, 10.80577278137207, 5.259620189666748, 3.028395414352417, 1.6695410013198853, 1.5180362462997437, 1.4990968704223633, 1.4729104042053223, 1.4829182624816895, 1.4881657361984253, 1.4589272737503052, 1.4594852924346924, 1.4556485414505005, 1.459749698638916, 1.45551335811615, 1.4444955587387085, 1.4365015029907227, 1.428086757659912, 1.4278464317321777, 1.4267947673797607];[1.5053765773773193, 1.3162823915481567, 1.4094544649124146, 1.1558607816696167, 0.7155399918556213, 0.10381048917770386, 0.03275987133383751, 0.02534121833741665, 0.015487900003790855, 0.021067922934889793, 0.025147009640932083, 0.014503633603453636, 0.011302254162728786, 0.013280999846756458, 0.0136514101177454, 0.011796810664236546, 0.0045515852980315685, 0.004808139055967331, 0.00017531216144561768, 0.0005560677964240313, 0.000891289091669023];[-153.02622985839844, -65.09065246582031, -67.53916931152344, -14.51144027709961, -4.732746601104736, -1.7175830602645874, -1.505720853805542, -1.4933593273162842, -1.4640443325042725, -1.4749308824539185, -1.494929552078247, -1.460099458694458, -1.4537205696105957, -1.4558346271514893, -1.4590766429901123, -1.4513989686965942, -1.435551643371582, -1.435744285583496, -1.4182000160217285, -1.4204585552215576, -1.422592282295227]
1200;[19.607494354248047, 8.342586517333984, 6.738552093505859, 2.299252986907959, 1.6484649181365967, 1.5492745637893677, 1.5781915187835693, 1.5322601795196533, 1.5303741693496704, 1.54424250125885, 1.5257433652877808, 1.4886897802352905, 1.4889520406723022, 1.4915177822113037, 1.5170304775238037, 1.4947181940078735, 1.4789215326309204, 1.4565807580947876, 1.4438796043395996, 1.4443641901016235, 1.4405227899551392];[1.5042393207550049, 1.1876181364059448, 1.4280180931091309, 0.409498393535614, 0.09170307964086533, 0.04004306718707085, 0.06937072426080704, 0.04096818342804909, 0.045401934534311295, 0.049843475222587585, 0.043327536433935165, 0.027594666928052902, 0.027564378455281258, 0.02872738614678383, 0.04817130044102669, 0.0342274084687233, 0.024477791041135788, 0.0136250676587224, 0.009487022645771503, 0.009175804443657398, 0.009590283036231995];[-149.67286682128906, -23.263778686523438, -16.107587814331055, -2.62858510017395, -1.6905349493026733, -1.5331604480743408, -1.6102122068405151, -1.5364999771118164, -1.546929121017456, -1.5630097389221191, -1.5421770811080933, -1.491929054260254, -1.497071385383606, -1.5013350248336792, -1.55122709274292, -1.5124576091766357, -1.4874866008758545, -1.4571030139923096, -1.4429610967636108, -1.4437463283538818, -1.4414433240890503]
1250;[19.587186813354492, 11.469717025756836, 10.839008331298828, 5.34909200668335, 3.2322587966918945, 2.628922939300537, 2.5362937450408936, 1.9198062419891357, 1.7525055408477783, 1.7760155200958252, 1.7656195163726807, 1.7251085042953491, 1.6808499097824097, 1.6607762575149536, 1.5865575075149536, 1.5660268068313599, 1.5460423231124878, 1.5032479763031006, 1.481290578842163, 1.487076759338379, 1.4798369407653809];[1.5069270133972168, 1.3112585544586182, 1.4862618446350098, 1.2495067119598389, 0.8321231603622437, 0.6012393236160278, 0.5630422830581665, 0.24452167749404907, 0.16162844002246857, 0.17556753754615784, 0.17252011597156525, 0.15328562259674072, 0.1294625848531723, 0.11742395162582397, 0.07876244932413101, 0.0709395706653595, 0.058258332312107086, 0.03576921299099922, 0.028504200279712677, 0.03058251179754734, 0.02829275093972683];[-149.9051971435547, -62.152095794677734, -63.797420501708984, -13.888812065124512, -5.234226703643799, -3.6177845001220703, -3.4434752464294434, -2.1501452922821045, -1.8822860717773438, -1.9317822456359863, -1.925277590751648, -1.8715219497680664, -1.7970459461212158, -1.7637951374053955, -1.6452431678771973, -1.6244093179702759, -1.5930713415145874, -1.527018427848816, -1.4955575466156006, -1.5095901489257812, -1.5006047487258911]
1300;[19.600337982177734, 11.481461524963379, 5.944872856140137, 3.0256741046905518, 2.121230363845825, 1.7084530591964722, 1.6498236656188965, 1.6205788850784302, 1.5748639106750488, 1.5604264736175537, 1.4749184846878052, 1.505738377571106, 1.4806833267211914, 1.4755864143371582, 1.489766240119934, 1.5057017803192139, 1.5202065706253052, 1.5054904222488403, 1.4773820638656616, 1.478442668914795, 1.4632384777069092];[1.5058543682098389, 1.3100336790084839, 1.2575429677963257, 0.7102853655815125, 0.33459845185279846, 0.12551838159561157, 0.10314859449863434, 0.08588220924139023, 0.0693044662475586, 0.06171978637576103, 0.01786833070218563, 0.03342490643262863, 0.022678138688206673, 0.019344983622431755, 0.028828371316194534, 0.03934459388256073, 0.044700488448143005, 0.03845807537436485, 0.026287784799933434, 0.024573158472776413, 0.020423324778676033];[-148.8936767578125, -62.89460754394531, -15.4596586227417, -4.607023239135742, -2.5152106285095215, -1.7900875806808472, -1.7164552211761475, -1.664160132408142, -1.6144380569458008, -1.5966342687606812, -1.4767242670059204, -1.5104858875274658, -1.480870246887207, -1.4751521348953247, -1.5004156827926636, -1.530759572982788, -1.5478143692016602, -1.5306942462921143, -1.4919836521148682, -1.4890803098678589, -1.4737657308578491]
1350;[19.606346130371094, 11.897479057312012, 5.90153694152832, 2.099562168121338, 1.5815714597702026, 1.5430713891983032, 1.4868202209472656, 1.4784817695617676, 1.5020331144332886, 1.5098962783813477, 1.499642014503479, 1.5019466876983643, 1.489565372467041, 1.4995328187942505, 1.5106391906738281, 1.509545922279358, 1.4809376001358032, 1.4629626274108887, 1.47736394405365, 1.4662389755249023, 1.4703809022903442];[1.5064271688461304, 1.3221338987350464, 1.1160422563552856, 0.28909188508987427, 0.05539965257048607, 0.04236404597759247, 0.017581192776560783, 0.019719138741493225, 0.031554676592350006, 0.0349084846675396, 0.03120315633714199, 0.03672819212079048, 0.02812337316572666, 0.03547419607639313, 0.04135935753583908, 0.04019355773925781, 0.025046629831194878, 0.01715277135372162, 0.02535686455667019, 0.02076009102165699, 0.02143840305507183];[-158.31321716308594, -70.15045166015625, -17.219200134277344, -2.3563578128814697, -1.5746170282363892, -1.5408865213394165, -1.4693939685821533, -1.474080204963684, -1.5051075220108032, -1.520009160041809, -1.5097767114639282, -1.5194876194000244, -1.4979395866394043, -1.5151891708374023, -1.5335807800292969, -1.5345396995544434, -1.4921679496765137, -1.4682409763336182, -1.4932481050491333, -1.4750655889511108, -1.4810901880264282]
1400;[19.60564422607422, 11.603307723999023, 10.811458587646484, 10.75365924835205, 5.269546031951904, 2.7146358489990234, 1.8647680282592773, 1.4784153699874878, 1.4511044025421143, 1.4435365200042725, 1.4569207429885864, 1.4665449857711792, 1.4701992273330688, 1.4605588912963867, 1.4685828685760498, 1.444637417793274, 1.4685276746749878, 1.4764320850372314, 1.4639599323272705, 1.4582117795944214, 1.4656174182891846];[1.5068955421447754, 1.3145034313201904, 1.3916268348693848, 1.4254684448242188, 1.1761164665222168, 0.5888665914535522, 0.21589335799217224, 0.015576550737023354, 0.0032562280539423227, 0.0020911525934934616, 0.010855109430849552, 0.014455635100603104, 0.01603526622056961, 0.014433043077588081, 0.018812071532011032, 0.008408713154494762, 0.017416171729564667, 0.025035858154296875, 0.018200116232037544, 0.018040083348751068, 0.01817057467997074];[-152.33116149902344, -65.66832733154297, -68.73237609863281, -69.06688690185547, -14.916285514831543, -4.114172458648682, -2.1011245250701904, -1.4631850719451904, -1.431422472000122, -1.4221725463867188, -1.450466513633728, -1.4661544561386108, -1.4670884609222412, -1.4623777866363525, -1.4730104207992554, -1.4413082599639893, -1.472415804862976, -1.4915192127227783, -1.4709609746932983, -1.4662553071975708, -1.4734282493591309]
1450;[19.62308120727539, 11.536750793457031, 6.219818592071533, 3.8711533546447754, 2.534059524536133, 2.173332929611206, 2.2074532508850098, 1.906120777130127, 1.7926312685012817, 1.7457666397094727, 1.6632274389266968, 1.6025108098983765, 1.5514193773269653, 1.5586634874343872, 1.5320310592651367, 1.5027319192886353, 1.4683833122253418, 1.450488567352295, 1.448377251625061, 1.4410622119903564, 1.4294947385787964];[1.5109329223632812, 1.3135628700256348, 1.3077644109725952, 1.0216008424758911, 0.5539370179176331, 0.37503769993782043, 0.4044201374053955, 0.2331313192844391, 0.1845705360174179, 0.15902495384216309, 0.11783906817436218, 0.08280440419912338, 0.05564795807003975, 0.06329610198736191, 0.05046258866786957, 0.03728460147976875, 0.02187238447368145, 0.010592439211905003, 0.007947221398353577, 0.005166627932339907, 0.0028891772963106632];[-152.7705535888672, -62.75315475463867, -17.061630249023438, -6.899586200714111, -3.251016855239868, -2.5896286964416504, -2.6640148162841797, -2.1241986751556396, -1.9577325582504272, -1.8786604404449463, -1.7596544027328491, -1.6546751260757446, -1.5790046453475952, -1.5979963541030884, -1.563473105430603, -1.5152876377105713, -1.4772714376449585, -1.4489117860794067, -1.4439314603805542, -1.4370863437652588, -1.4255967140197754]
1500;[19.61345863342285, 11.445135116577148, 6.127442836761475, 2.9023468494415283, 2.328362464904785, 2.3280670642852783, 1.8391716480255127, 1.7492016553878784, 1.7306807041168213, 1.7969988584518433, 1.7660528421401978, 1.8006653785705566, 1.7181658744812012, 1.6801095008850098, 1.6721097230911255, 1.6817952394485474, 1.65504789352417, 1.6156318187713623, 1.6112865209579468, 1.5815849304199219, 1.551267385482788];[1.5054144859313965, 1.3112213611602783, 1.3475441932678223, 0.6903866529464722, 0.4383932948112488, 0.44914355874061584, 0.20337888598442078, 0.15410614013671875, 0.1436174064874649, 0.1858825832605362, 0.1701350063085556, 0.1920403093099594, 0.15047109127044678, 0.12304840236902237, 0.12470749020576477, 0.13010430335998535, 0.11599037051200867, 0.09280949831008911, 0.09230484813451767, 0.07839732617139816, 0.06475552171468735];[-153.07765197753906, -60.31782150268555, -15.230704307556152, -3.8292529582977295, -2.9527764320373535, -3.007267951965332, -2.0155792236328125, -1.8680517673492432, -1.8510351181030273, -1.9614371061325073, -1.9362831115722656, -1.998893141746521, -1.8587188720703125, -1.7778151035308838, -1.7902641296386719, -1.8098654747009277, -1.757273554801941, -1.6977123022079468, -1.6919360160827637, -1.6523618698120117, -1.6055294275283813]
