Seed;RMSE History;MMD History;Log-Likelihood History
50;[16.376911163330078, 13.850329399108887, 11.667407035827637, 10.908991813659668, 11.058913230895996, 11.228450775146484, 11.05775260925293, 10.947853088378906, 10.799858093261719, 10.604203224182129, 10.635781288146973, 10.734444618225098, 10.695140838623047, 10.689148902893066, 10.604392051696777, 10.396023750305176, 10.355936050415039, 10.174376487731934, 10.221904754638672, 10.185306549072266, 10.0630521774292];[1.397889256477356, 1.3300864696502686, 1.260581374168396, 1.3512436151504517, 1.4194586277008057, 1.413503885269165, 1.390882968902588, 1.3931715488433838, 1.3775407075881958, 1.3727600574493408, 1.3912349939346313, 1.4203277826309204, 1.4052495956420898, 1.3932706117630005, 1.389427900314331, 1.3774023056030273, 1.3996883630752563, 1.3861889839172363, 1.3824371099472046, 1.371331810951233, 1.3660567998886108];[-73.03792572021484, -53.029136657714844, -40.31950378417969, -38.68281555175781, -46.31220626831055, -49.644927978515625, -49.50639724731445, -48.1459846496582, -46.8317985534668, -45.2811164855957, -45.20075607299805, -46.776527404785156, -47.093814849853516, -47.68218231201172, -46.548072814941406, -45.12175750732422, -44.673343658447266, -43.193336486816406, -43.747276306152344, -44.11237335205078, -42.99555587768555]
100;[16.369844436645508, 14.888708114624023, 12.145345687866211, 10.81348991394043, 10.698343276977539, 10.643807411193848, 10.721065521240234, 10.836023330688477, 10.862659454345703, 10.683536529541016, 10.511587142944336, 10.280550956726074, 10.206413269042969, 10.08114242553711, 10.094404220581055, 10.045239448547363, 10.125295639038086, 10.037507057189941, 9.9684476852417, 9.818981170654297, 9.794405937194824];[1.3970413208007812, 1.3582584857940674, 1.2688803672790527, 1.2791880369186401, 1.401048183441162, 1.44400954246521, 1.4321926832199097, 1.4331859350204468, 1.4143162965774536, 1.4095028638839722, 1.4072588682174683, 1.3851470947265625, 1.380068063735962, 1.37599778175354, 1.370469570159912, 1.3548225164413452, 1.3441309928894043, 1.3328731060028076, 1.3323990106582642, 1.3262970447540283, 1.3332301378250122];[-72.28092193603516, -56.718658447265625, -41.50373840332031, -33.851356506347656, -37.08077621459961, -40.38339614868164, -43.73408126831055, -45.391929626464844, -47.0030517578125, -45.60764694213867, -44.044349670410156, -42.100067138671875, -42.474143981933594, -41.5200080871582, -42.43292999267578, -42.134429931640625, -43.982784271240234, -43.39262390136719, -42.34718704223633, -41.483089447021484, -41.27080154418945]
150;[16.36842918395996, 13.634632110595703, 11.190378189086914, 9.786979675292969, 8.8198823928833, 7.917362213134766, 8.869606018066406, 9.600831031799316, 9.768025398254395, 9.939156532287598, 10.150053024291992, 10.301349639892578, 10.213265419006348, 10.223204612731934, 10.099498748779297, 10.089424133300781, 9.91346549987793, 9.902647972106934, 9.755123138427734, 9.553086280822754, 9.38138484954834];[1.3987120389938354, 1.3153119087219238, 1.2228538990020752, 1.211146354675293, 1.3866921663284302, 1.3460891246795654, 1.3856436014175415, 1.387318730354309, 1.3720736503601074, 1.3480682373046875, 1.3396700620651245, 1.3387172222137451, 1.3425607681274414, 1.3327040672302246, 1.322218656539917, 1.3433172702789307, 1.3299429416656494, 1.3476672172546387, 1.3354583978652954, 1.3328213691711426, 1.318241834640503];[-71.65807342529297, -49.23332214355469, -33.06342315673828, -22.350889205932617, -15.69659423828125, -17.967424392700195, -25.106462478637695, -31.281583786010742, -34.63679122924805, -37.977073669433594, -41.58723068237305, -44.310787200927734, -43.5436897277832, -43.858036041259766, -43.44892883300781, -42.675376892089844, -41.6844367980957, -41.63136291503906, -40.08357238769531, -38.20270919799805, -37.25838088989258]
200;[16.373374938964844, 13.416595458984375, 11.595158576965332, 10.619854927062988, 10.305340766906738, 10.230355262756348, 10.381448745727539, 10.445940017700195, 10.30672836303711, 10.005934715270996, 9.765959739685059, 9.5513277053833, 9.341712951660156, 9.105731010437012, 8.994059562683105, 8.826120376586914, 8.693985939025879, 8.611827850341797, 8.481568336486816, 8.298090934753418, 8.127326965332031];[1.395896315574646, 1.3118115663528442, 1.265222430229187, 1.3128662109375, 1.363012671470642, 1.3743122816085815, 1.42206609249115, 1.383679986000061, 1.3899542093276978, 1.3934431076049805, 1.375341773033142, 1.371579647064209, 1.371477484703064, 1.3480961322784424, 1.34102201461792, 1.3234069347381592, 1.3205348253250122, 1.325026035308838, 1.3310177326202393, 1.3220503330230713, 1.2953763008117676];[-72.9843521118164, -53.588043212890625, -39.982582092285156, -35.790828704833984, -34.258270263671875, -36.09526824951172, -38.92970275878906, -41.97178649902344, -39.71702575683594, -36.97007369995117, -35.78740692138672, -33.99843978881836, -32.658382415771484, -31.201601028442383, -30.947694778442383, -30.092544555664062, -29.427261352539062, -29.29751205444336, -28.105283737182617, -26.847414016723633, -26.172521591186523]
250;[16.361940383911133, 13.316388130187988, 11.775720596313477, 11.062341690063477, 10.896184921264648, 10.935320854187012, 10.922037124633789, 10.771714210510254, 10.631352424621582, 10.358107566833496, 10.334046363830566, 10.334368705749512, 10.076083183288574, 9.859667778015137, 9.860762596130371, 9.702526092529297, 9.700738906860352, 9.512673377990723, 9.368303298950195, 9.285662651062012, 9.237017631530762];[1.397222876548767, 1.3041713237762451, 1.2987655401229858, 1.342476487159729, 1.366147756576538, 1.344693660736084, 1.3503468036651611, 1.3596762418746948, 1.3579397201538086, 1.3517564535140991, 1.363917350769043, 1.3722833395004272, 1.3505315780639648, 1.3640830516815186, 1.3679986000061035, 1.3651719093322754, 1.3758872747421265, 1.3667007684707642, 1.3577759265899658, 1.3654148578643799, 1.3634743690490723];[-73.10462188720703, -53.26836013793945, -46.44484329223633, -43.428306579589844, -43.868324279785156, -46.77278137207031, -47.3600959777832, -45.568077087402344, -44.02886199951172, -42.236351013183594, -42.8320198059082, -42.967857360839844, -40.91718673706055, -38.938194274902344, -38.63911437988281, -37.46424865722656, -37.96916961669922, -36.58280944824219, -35.83211898803711, -34.82677459716797, -34.98344421386719]
300;[16.380901336669922, 13.412029266357422, 11.776081085205078, 11.15137004852295, 10.869471549987793, 11.004657745361328, 10.96599006652832, 10.779886245727539, 10.631089210510254, 10.374872207641602, 10.333415985107422, 10.152525901794434, 9.958683967590332, 9.844654083251953, 9.86314868927002, 9.722906112670898, 9.619633674621582, 9.456579208374023, 9.268263816833496, 8.922770500183105, 8.734704971313477];[1.3972654342651367, 1.3167403936386108, 1.2813528776168823, 1.3041136264801025, 1.322105050086975, 1.324887752532959, 1.3270049095153809, 1.3204092979431152, 1.3262578248977661, 1.3133562803268433, 1.3352128267288208, 1.315953254699707, 1.311192274093628, 1.2970983982086182, 1.316843867301941, 1.3064942359924316, 1.3082358837127686, 1.2964003086090088, 1.2982473373413086, 1.2784748077392578, 1.2728867530822754];[-71.25759887695312, -54.23810577392578, -46.6476936340332, -43.512916564941406, -44.68296813964844, -48.6207160949707, -48.206153869628906, -47.40073776245117, -44.962833404541016, -43.40138626098633, -43.081783294677734, -42.313175201416016, -40.21189880371094, -40.135902404785156, -40.95594787597656, -39.24128723144531, -38.73008728027344, -37.18609619140625, -35.02727508544922, -32.706298828125, -31.532228469848633]
350;[16.37685203552246, 13.67495346069336, 11.499303817749023, 10.752167701721191, 10.697535514831543, 10.891487121582031, 10.862210273742676, 10.8277587890625, 10.730301856994629, 10.526649475097656, 10.42547607421875, 10.361342430114746, 10.361896514892578, 10.232513427734375, 10.045741081237793, 9.995312690734863, 9.86463737487793, 9.89529037475586, 9.878186225891113, 9.78549575805664, 9.812185287475586];[1.3971993923187256, 1.3223686218261719, 1.2670161724090576, 1.3043806552886963, 1.3859602212905884, 1.3634250164031982, 1.358855128288269, 1.3742448091506958, 1.3741363286972046, 1.3602949380874634, 1.365004301071167, 1.3693664073944092, 1.3619256019592285, 1.3646069765090942, 1.350969672203064, 1.3621509075164795, 1.3657410144805908, 1.3606222867965698, 1.3633631467819214, 1.361486792564392, 1.3567603826522827];[-71.22865295410156, -50.63385772705078, -40.6420783996582, -37.77606201171875, -41.761962890625, -47.660316467285156, -47.96531295776367, -48.0811653137207, -47.03489685058594, -45.44895935058594, -44.228458404541016, -43.94314956665039, -45.41667938232422, -43.390602111816406, -42.38783264160156, -42.021541595458984, -41.005245208740234, -41.3635139465332, -41.544151306152344, -40.40596008300781, -41.549007415771484]
400;[16.363100051879883, 13.454578399658203, 11.695709228515625, 10.723919868469238, 10.272509574890137, 10.258999824523926, 10.430184364318848, 10.519434928894043, 10.499820709228516, 10.317404747009277, 10.302940368652344, 10.410564422607422, 10.463403701782227, 10.435019493103027, 10.307223320007324, 10.16550350189209, 10.022849082946777, 9.845512390136719, 9.80010986328125, 9.67428970336914, 9.481778144836426];[1.3982000350952148, 1.3184332847595215, 1.2725297212600708, 1.2874641418457031, 1.3464657068252563, 1.364058017730713, 1.394667387008667, 1.354291558265686, 1.384787917137146, 1.367815375328064, 1.3865349292755127, 1.405794620513916, 1.3915748596191406, 1.3897514343261719, 1.3869199752807617, 1.3915523290634155, 1.3863499164581299, 1.371362328529358, 1.3837332725524902, 1.3856254816055298, 1.362280011177063];[-71.06763458251953, -53.61837387084961, -41.634246826171875, -36.89610290527344, -35.089134216308594, -37.05439376831055, -41.1843147277832, -44.247779846191406, -43.1024284362793, -42.24906921386719, -41.97737121582031, -43.41737365722656, -44.915870666503906, -45.846195220947266, -44.483680725097656, -42.3900032043457, -41.533905029296875, -40.47453689575195, -39.811065673828125, -38.54115295410156, -37.54939270019531]
450;[16.369915008544922, 14.828177452087402, 12.20378303527832, 11.246098518371582, 10.958770751953125, 10.886566162109375, 10.923935890197754, 10.83688735961914, 10.723156929016113, 10.65451431274414, 10.649870872497559, 10.527944564819336, 10.454273223876953, 10.42418098449707, 10.320316314697266, 10.224114418029785, 10.091792106628418, 9.884142875671387, 9.670588493347168, 9.596260070800781, 9.513906478881836];[1.396751880645752, 1.3541069030761719, 1.2742118835449219, 1.3002705574035645, 1.319596290588379, 1.3088420629501343, 1.3390735387802124, 1.3585361242294312, 1.3965774774551392, 1.3900259733200073, 1.4046512842178345, 1.3975732326507568, 1.3943575620651245, 1.4026827812194824, 1.404904842376709, 1.3933990001678467, 1.3944883346557617, 1.3870916366577148, 1.3830076456069946, 1.3878401517868042, 1.3813061714172363];[-71.8649673461914, -56.326210021972656, -43.62356948852539, -44.45949172973633, -45.875946044921875, -46.89252853393555, -46.42974090576172, -46.49093246459961, -44.745330810546875, -44.99335861206055, -45.466552734375, -45.078182220458984, -44.05522537231445, -44.63276290893555, -42.79961395263672, -43.07386779785156, -41.313819885253906, -39.51939010620117, -37.77860641479492, -37.54715347290039, -36.894222259521484]
500;[16.342056274414062, 13.7305326461792, 11.384517669677734, 10.946672439575195, 11.128459930419922, 11.192466735839844, 10.982142448425293, 10.986052513122559, 11.031177520751953, 11.061897277832031, 11.060611724853516, 10.933942794799805, 10.829741477966309, 10.690435409545898, 10.492833137512207, 10.319074630737305, 10.2000150680542, 10.027576446533203, 9.914165496826172, 9.911965370178223, 9.758916854858398];[1.3953099250793457, 1.3192377090454102, 1.2614082098007202, 1.3510247468948364, 1.4109982252120972, 1.3940341472625732, 1.4151146411895752, 1.4118738174438477, 1.3989684581756592, 1.4186428785324097, 1.4089833498001099, 1.4123847484588623, 1.397711992263794, 1.413521409034729, 1.3962106704711914, 1.4009063243865967, 1.3924866914749146, 1.3914777040481567, 1.386902928352356, 1.3867558240890503, 1.381542682647705];[-72.40740203857422, -49.94731903076172, -39.367069244384766, -40.329917907714844, -48.12995529174805, -49.752899169921875, -47.11606979370117, -48.12885665893555, -49.677799224853516, -50.562679290771484, -50.76093673706055, -49.851593017578125, -49.29541015625, -47.35928726196289, -45.86626434326172, -43.677642822265625, -42.97304153442383, -41.424072265625, -41.002952575683594, -41.08137130737305, -39.919471740722656]
550;[16.384872436523438, 13.388520240783691, 11.454909324645996, 11.019061088562012, 10.734511375427246, 10.952524185180664, 10.855669021606445, 10.786694526672363, 10.6992826461792, 10.539445877075195, 10.36728286743164, 10.292230606079102, 10.44457721710205, 10.43730354309082, 10.314979553222656, 10.362517356872559, 10.307673454284668, 10.129812240600586, 10.005525588989258, 9.983141899108887, 9.969747543334961];[1.399965524673462, 1.3088487386703491, 1.271106243133545, 1.3400973081588745, 1.3910667896270752, 1.3616244792938232, 1.3576246500015259, 1.375541090965271, 1.3758838176727295, 1.3693140745162964, 1.3667900562286377, 1.3454904556274414, 1.3681532144546509, 1.3858906030654907, 1.3670092821121216, 1.3889442682266235, 1.3764880895614624, 1.3762168884277344, 1.3687081336975098, 1.396335244178772, 1.381069540977478];[-71.69013977050781, -53.56539535522461, -42.15283203125, -42.12540054321289, -42.824249267578125, -48.13856506347656, -46.152626037597656, -47.1733283996582, -45.89958572387695, -44.78739929199219, -43.16038131713867, -43.518280029296875, -44.889522552490234, -45.006595611572266, -44.942832946777344, -44.70669937133789, -44.26707458496094, -42.734798431396484, -41.68040466308594, -41.491722106933594, -42.0696907043457]
600;[16.371875762939453, 13.73997688293457, 11.630454063415527, 10.954141616821289, 11.048315048217773, 11.023119926452637, 10.973428726196289, 10.847320556640625, 10.912189483642578, 10.779851913452148, 10.702027320861816, 10.576262474060059, 10.530359268188477, 10.282613754272461, 10.187758445739746, 10.002695083618164, 9.777560234069824, 9.755271911621094, 9.626997947692871, 9.518228530883789, 9.402844429016113];[1.3977935314178467, 1.3167914152145386, 1.2694144248962402, 1.3418759107589722, 1.3929983377456665, 1.392842411994934, 1.3738996982574463, 1.375614881515503, 1.3887438774108887, 1.3761252164840698, 1.3594520092010498, 1.3618667125701904, 1.3546667098999023, 1.3488842248916626, 1.3494948148727417, 1.3394677639007568, 1.3331818580627441, 1.3429980278015137, 1.3428833484649658, 1.3417260646820068, 1.3174047470092773];[-72.76250457763672, -48.638816833496094, -40.519996643066406, -39.58058547973633, -47.212623596191406, -47.3997802734375, -49.51384353637695, -48.036277770996094, -49.210384368896484, -48.397705078125, -48.081260681152344, -46.538429260253906, -45.999725341796875, -44.168277740478516, -43.415645599365234, -41.96355056762695, -40.11910629272461, -40.0714225769043, -39.11922073364258, -37.94762420654297, -37.9913215637207]
650;[16.365907669067383, 13.735071182250977, 11.977006912231445, 10.85840129852295, 10.363386154174805, 10.419114112854004, 10.434470176696777, 10.505764961242676, 10.373514175415039, 10.31745719909668, 10.118775367736816, 9.947134017944336, 9.965643882751465, 10.071310043334961, 9.959157943725586, 9.949158668518066, 9.94921588897705, 9.785107612609863, 9.781460762023926, 9.845516204833984, 9.805081367492676];[1.3927809000015259, 1.3259429931640625, 1.2800463438034058, 1.2747142314910889, 1.295997977256775, 1.285776972770691, 1.3298733234405518, 1.3411297798156738, 1.3440765142440796, 1.3696271181106567, 1.3827511072158813, 1.3806312084197998, 1.3713101148605347, 1.3856810331344604, 1.3829443454742432, 1.3660598993301392, 1.368210792541504, 1.3593980073928833, 1.3553054332733154, 1.3462508916854858, 1.3313467502593994];[-71.73751831054688, -57.48820495605469, -45.178489685058594, -37.73576354980469, -38.825958251953125, -39.783103942871094, -41.344207763671875, -42.98834991455078, -42.302860260009766, -41.390872955322266, -39.942726135253906, -38.55625915527344, -39.691123962402344, -40.898616790771484, -40.100746154785156, -40.94371032714844, -40.57856369018555, -39.543052673339844, -40.215030670166016, -41.273624420166016, -41.10006332397461]
700;[16.352001190185547, 13.65955924987793, 11.235952377319336, 10.805584907531738, 10.865228652954102, 10.943586349487305, 10.950940132141113, 10.797918319702148, 10.736516952514648, 10.58099365234375, 10.44683837890625, 10.3471040725708, 10.207618713378906, 10.15241813659668, 9.97917652130127, 9.836370468139648, 9.771495819091797, 9.895713806152344, 9.743500709533691, 9.685647964477539, 9.622218132019043];[1.3948147296905518, 1.3171539306640625, 1.2575620412826538, 1.3471741676330566, 1.3689892292022705, 1.3821094036102295, 1.3878995180130005, 1.3688756227493286, 1.4062087535858154, 1.3952828645706177, 1.3875021934509277, 1.374281883239746, 1.3721004724502563, 1.3607101440429688, 1.358991265296936, 1.3599666357040405, 1.3611843585968018, 1.3798141479492188, 1.3546258211135864, 1.3805280923843384, 1.3731647729873657];[-70.16020202636719, -47.23819351196289, -34.814231872558594, -41.053104400634766, -44.056488037109375, -46.5497932434082, -46.84503936767578, -46.06175231933594, -45.587074279785156, -44.386314392089844, -43.09122085571289, -43.744380950927734, -42.450374603271484, -42.830657958984375, -41.681800842285156, -39.40826416015625, -39.7889518737793, -40.455745697021484, -39.99991226196289, -38.541202545166016, -38.55512237548828]
750;[16.363067626953125, 13.29244613647461, 11.784126281738281, 11.403424263000488, 11.343547821044922, 11.216827392578125, 11.241482734680176, 11.052921295166016, 11.111074447631836, 10.953405380249023, 10.793211936950684, 10.687809944152832, 10.4761323928833, 10.398581504821777, 10.234363555908203, 10.125579833984375, 9.925458908081055, 9.70668888092041, 9.654167175292969, 9.511992454528809, 9.32006549835205];[1.3971993923187256, 1.309321641921997, 1.2985399961471558, 1.3727095127105713, 1.420827031135559, 1.400121808052063, 1.4296890497207642, 1.4077796936035156, 1.4063520431518555, 1.4094816446304321, 1.3923964500427246, 1.4146101474761963, 1.382445216178894, 1.409030795097351, 1.3783949613571167, 1.4007714986801147, 1.3715933561325073, 1.3857781887054443, 1.3510046005249023, 1.3788025379180908, 1.3547749519348145];[-67.83625793457031, -54.238895416259766, -46.334571838378906, -47.32756042480469, -51.47963333129883, -51.057979583740234, -51.07060623168945, -49.951210021972656, -51.39205551147461, -49.69735336303711, -48.170955657958984, -47.2381706237793, -45.4061164855957, -44.4803466796875, -43.672019958496094, -41.482975006103516, -40.8154411315918, -38.393516540527344, -38.70414733886719, -36.4022331237793, -35.988502502441406]
800;[16.35968780517578, 13.753125190734863, 11.569719314575195, 9.688325881958008, 8.785451889038086, 9.667208671569824, 10.185808181762695, 10.329611778259277, 10.151888847351074, 10.117244720458984, 10.146679878234863, 10.031935691833496, 9.86689281463623, 10.021773338317871, 9.936908721923828, 9.905353546142578, 9.780778884887695, 9.6459379196167, 9.412915229797363, 9.327727317810059, 9.129083633422852];[1.3976714611053467, 1.3232619762420654, 1.2359901666641235, 1.2156667709350586, 1.3843504190444946, 1.3702696561813354, 1.4066381454467773, 1.4003174304962158, 1.3932479619979858, 1.3869507312774658, 1.3905136585235596, 1.3943228721618652, 1.366440773010254, 1.4004002809524536, 1.3667675256729126, 1.3897583484649658, 1.3683538436889648, 1.382252812385559, 1.3496516942977905, 1.3864145278930664, 1.3222358226776123];[-71.7194595336914, -51.26384735107422, -32.37754821777344, -19.87255859375, -22.954980850219727, -32.0210075378418, -37.983036041259766, -39.44377517700195, -38.1613655090332, -39.644527435302734, -39.61982345581055, -38.37535095214844, -38.604957580566406, -40.778709411621094, -40.47080993652344, -39.69209289550781, -39.38688659667969, -37.94646453857422, -36.61537170410156, -34.95498275756836, -34.604652404785156]
850;[16.377588272094727, 13.299839973449707, 11.780257225036621, 11.099468231201172, 11.127679824829102, 11.0430326461792, 10.850489616394043, 10.73210334777832, 10.588418960571289, 10.609724998474121, 10.434928894042969, 10.22085952758789, 10.128020286560059, 10.072224617004395, 10.107124328613281, 10.030006408691406, 9.898775100708008, 9.702847480773926, 9.484317779541016, 9.353992462158203, 9.229567527770996];[1.3963427543640137, 1.3080544471740723, 1.2978779077529907, 1.346979022026062, 1.4170058965682983, 1.4232674837112427, 1.4207781553268433, 1.4078510999679565, 1.388227939605713, 1.4057223796844482, 1.4013499021530151, 1.397790789604187, 1.4100964069366455, 1.3797106742858887, 1.3647570610046387, 1.3641548156738281, 1.3592736721038818, 1.354793667793274, 1.3409782648086548, 1.3417696952819824, 1.3413269519805908];[-70.67257690429688, -52.64570236206055, -46.0437126159668, -42.70075225830078, -46.231651306152344, -46.54750442504883, -44.449546813964844, -44.15995788574219, -44.516571044921875, -45.1956672668457, -43.76499938964844, -41.62602233886719, -40.620548248291016, -40.896484375, -42.331321716308594, -41.38417053222656, -40.13871383666992, -38.521785736083984, -36.953285217285156, -36.238555908203125, -34.791812896728516]
900;[16.363178253173828, 13.34838581085205, 11.71868896484375, 11.014238357543945, 10.928380966186523, 10.932348251342773, 10.878008842468262, 10.943656921386719, 10.777344703674316, 10.778308868408203, 10.645041465759277, 10.4696683883667, 10.283405303955078, 10.111696243286133, 9.918501853942871, 9.833179473876953, 9.724200248718262, 9.654411315917969, 9.405866622924805, 9.190398216247559, 9.088800430297852];[1.3949940204620361, 1.3101038932800293, 1.271622896194458, 1.3210645914077759, 1.362000584602356, 1.3468947410583496, 1.3577972650527954, 1.389074444770813, 1.3932267427444458, 1.3776483535766602, 1.3598800897598267, 1.3519177436828613, 1.3505276441574097, 1.3440934419631958, 1.3445652723312378, 1.3477329015731812, 1.3464863300323486, 1.3705815076828003, 1.3545423746109009, 1.345413088798523, 1.3399559259414673];[-71.18006134033203, -53.1037712097168, -42.244415283203125, -44.7454719543457, -45.900638580322266, -46.47050857543945, -46.757450103759766, -47.69778823852539, -45.4616813659668, -47.332794189453125, -46.49860763549805, -44.6926155090332, -43.14692687988281, -41.07099914550781, -40.07490539550781, -40.573944091796875, -39.12443542480469, -37.63475036621094, -35.68210983276367, -34.36357498168945, -33.556941986083984]
950;[16.34657859802246, 13.876701354980469, 11.418651580810547, 9.588642120361328, 8.688155174255371, 10.045831680297852, 10.322382926940918, 10.295012474060059, 10.382185935974121, 10.500388145446777, 10.281652450561523, 10.307708740234375, 10.329719543457031, 10.252967834472656, 10.029084205627441, 9.774469375610352, 9.699668884277344, 9.412694931030273, 9.33587646484375, 9.182636260986328, 9.058577537536621];[1.3949438333511353, 1.3212264776229858, 1.2351279258728027, 1.247593641281128, 1.2156801223754883, 1.267613410949707, 1.2807300090789795, 1.2990658283233643, 1.3217003345489502, 1.3537707328796387, 1.3424561023712158, 1.3481353521347046, 1.3472158908843994, 1.3563488721847534, 1.3562527894973755, 1.337702989578247, 1.3464964628219604, 1.331414818763733, 1.3395315408706665, 1.317011833190918, 1.3216431140899658];[-69.52418518066406, -51.165367126464844, -32.51308822631836, -21.327138900756836, -26.987743377685547, -38.106300354003906, -40.6287956237793, -40.23957061767578, -42.825050354003906, -44.134979248046875, -43.3055534362793, -43.491905212402344, -44.372833251953125, -43.39622116088867, -41.32062530517578, -39.476112365722656, -38.60674285888672, -36.22842788696289, -35.78434753417969, -34.98029708862305, -33.92689895629883]
1000;[16.38182258605957, 13.42161750793457, 11.872034072875977, 11.160295486450195, 11.166118621826172, 11.183008193969727, 11.143747329711914, 10.954547882080078, 10.829730033874512, 10.814881324768066, 10.83006477355957, 10.841979026794434, 10.718972206115723, 10.567241668701172, 10.492108345031738, 10.340410232543945, 10.172082901000977, 10.000324249267578, 9.872642517089844, 9.986387252807617, 10.060070037841797];[1.3992834091186523, 1.3176064491271973, 1.2899699211120605, 1.328456997871399, 1.362699031829834, 1.377437710762024, 1.3903322219848633, 1.3788511753082275, 1.381352186203003, 1.3963654041290283, 1.375145435333252, 1.394850730895996, 1.3880834579467773, 1.382651925086975, 1.374934196472168, 1.3746812343597412, 1.3677443265914917, 1.3573395013809204, 1.355454921722412, 1.3642956018447876, 1.365816354751587];[-71.03240966796875, -54.26960372924805, -48.781436920166016, -44.87360763549805, -48.663814544677734, -51.31668472290039, -51.072391510009766, -48.930824279785156, -47.73826599121094, -48.210391998291016, -49.52273941040039, -49.318702697753906, -48.95896911621094, -46.761573791503906, -46.8525276184082, -45.810150146484375, -43.67258834838867, -43.012794494628906, -41.70394515991211, -42.9810905456543, -43.371517181396484]
1050;[16.375225067138672, 13.339201927185059, 11.751811981201172, 11.320086479187012, 11.260685920715332, 10.991403579711914, 10.847801208496094, 10.79232406616211, 10.63803482055664, 10.577988624572754, 10.4116849899292, 10.305344581604004, 10.160820007324219, 9.981366157531738, 9.975037574768066, 9.983940124511719, 9.909512519836426, 9.802523612976074, 9.704056739807129, 9.584349632263184, 9.465706825256348];[1.395277976989746, 1.3090342283248901, 1.296849012374878, 1.3443036079406738, 1.3663784265518188, 1.3908779621124268, 1.4366916418075562, 1.4114480018615723, 1.4131944179534912, 1.4077481031417847, 1.3991175889968872, 1.3885000944137573, 1.3791519403457642, 1.3721890449523926, 1.3513134717941284, 1.33994460105896, 1.3410130739212036, 1.345829725265503, 1.3609528541564941, 1.3699465990066528, 1.3769279718399048];[-72.14942169189453, -52.346031188964844, -44.264366149902344, -50.33262634277344, -49.6799201965332, -46.4576416015625, -44.83884811401367, -46.61087417602539, -44.23306655883789, -44.37446212768555, -43.1672248840332, -42.62641906738281, -41.302433013916016, -39.72518539428711, -41.12248229980469, -41.04804992675781, -41.251461029052734, -39.886165618896484, -38.936805725097656, -37.76720428466797, -36.77877426147461]
1100;[16.353046417236328, 13.735097885131836, 12.283256530761719, 11.690241813659668, 11.387882232666016, 11.302746772766113, 11.194389343261719, 11.184823036193848, 11.257831573486328, 11.102956771850586, 11.185258865356445, 11.068547248840332, 10.96194076538086, 11.032517433166504, 11.009842872619629, 10.84212875366211, 10.778101921081543, 10.596680641174316, 10.6047945022583, 10.450064659118652, 10.31639289855957];[1.3981329202651978, 1.3312938213348389, 1.2968045473098755, 1.306512475013733, 1.3090548515319824, 1.318585991859436, 1.331184983253479, 1.3548873662948608, 1.3507819175720215, 1.3542462587356567, 1.349134087562561, 1.3403897285461426, 1.351670503616333, 1.3494958877563477, 1.3298710584640503, 1.3392853736877441, 1.3279287815093994, 1.325242519378662, 1.320745825767517, 1.3189691305160522, 1.3121404647827148];[-71.51570129394531, -60.039913177490234, -53.40513610839844, -54.518585205078125, -52.562744140625, -51.075965881347656, -52.25908660888672, -51.686668395996094, -53.616939544677734, -52.058509826660156, -53.71794891357422, -53.08900833129883, -51.45134735107422, -52.7874641418457, -53.34706115722656, -51.68659210205078, -51.271175384521484, -49.31661605834961, -50.04270553588867, -48.4031982421875, -47.24324035644531]
1150;[16.3749942779541, 13.402399063110352, 11.351794242858887, 11.001385688781738, 11.073376655578613, 11.048347473144531, 10.895916938781738, 10.779091835021973, 10.610831260681152, 10.504737854003906, 10.276471138000488, 10.171625137329102, 10.107949256896973, 9.964045524597168, 9.764893531799316, 9.599623680114746, 9.434395790100098, 9.313953399658203, 9.224560737609863, 8.911328315734863, 8.743481636047363];[1.3949111700057983, 1.3078527450561523, 1.2693006992340088, 1.3347656726837158, 1.3921524286270142, 1.392041802406311, 1.379624843597412, 1.383793830871582, 1.3587024211883545, 1.3699558973312378, 1.348851203918457, 1.3562290668487549, 1.358691692352295, 1.3536388874053955, 1.3485416173934937, 1.3342546224594116, 1.3376072645187378, 1.333285927772522, 1.3315210342407227, 1.3026107549667358, 1.3163105249404907];[-71.01026916503906, -47.91783142089844, -40.01393127441406, -42.58574676513672, -47.07871627807617, -47.9635124206543, -47.088436126708984, -45.394775390625, -45.862342834472656, -44.39509201049805, -43.505409240722656, -42.7225456237793, -42.46397018432617, -41.198707580566406, -39.16157150268555, -38.26453399658203, -37.19187927246094, -36.5424919128418, -35.167510986328125, -33.42463302612305, -32.08760070800781]
1200;[16.371870040893555, 13.321554183959961, 11.447284698486328, 10.552543640136719, 10.218500137329102, 10.549338340759277, 10.753151893615723, 10.739428520202637, 10.886438369750977, 10.688567161560059, 10.501140594482422, 10.320369720458984, 10.173852920532227, 9.992376327514648, 9.760169982910156, 9.499368667602539, 9.467761993408203, 9.454989433288574, 9.27580738067627, 9.151468276977539, 8.901535987854004];[1.3951202630996704, 1.3082081079483032, 1.2687267065048218, 1.3131047487258911, 1.3596925735473633, 1.338971734046936, 1.4100455045700073, 1.3670573234558105, 1.4083731174468994, 1.3759385347366333, 1.3792674541473389, 1.3746944665908813, 1.3779563903808594, 1.3647464513778687, 1.364815354347229, 1.3434770107269287, 1.3496522903442383, 1.328244686126709, 1.324113368988037, 1.3227624893188477, 1.309325098991394];[-70.61595916748047, -52.116912841796875, -39.3660888671875, -35.6410026550293, -36.3046760559082, -42.66255187988281, -44.57127380371094, -46.697635650634766, -48.234474182128906, -47.13251876831055, -45.3842887878418, -43.636688232421875, -41.98271179199219, -41.00334548950195, -38.902523040771484, -36.76454162597656, -36.678443908691406, -37.05085754394531, -35.773685455322266, -34.82221984863281, -33.12925720214844]
1250;[16.39104652404785, 13.691814422607422, 11.434012413024902, 9.74415111541748, 8.909683227539062, 8.466468811035156, 7.463693618774414, 7.474315166473389, 7.506218910217285, 7.142547607421875, 7.017828941345215, 6.803326606750488, 6.756374359130859, 6.47622537612915, 6.386292934417725, 6.161192417144775, 6.060699462890625, 5.8634490966796875, 5.735022068023682, 5.644958019256592, 5.609595775604248];[1.3973263502120972, 1.3179670572280884, 1.2275891304016113, 1.2115392684936523, 1.3500288724899292, 1.4655418395996094, 1.4227285385131836, 1.399072289466858, 1.3247333765029907, 1.2857730388641357, 1.2923184633255005, 1.262616753578186, 1.2630925178527832, 1.221639633178711, 1.2075567245483398, 1.1774638891220093, 1.1628847122192383, 1.1446017026901245, 1.1144907474517822, 1.1036350727081299, 1.0976800918579102];[-71.88424682617188, -50.381778717041016, -32.91405487060547, -23.09130859375, -16.775144577026367, -13.411971092224121, -12.226134300231934, -14.373210906982422, -18.16788101196289, -19.057653427124023, -18.490501403808594, -17.542131423950195, -17.117374420166016, -15.89538860321045, -15.754572868347168, -14.627869606018066, -14.43404769897461, -13.433493614196777, -13.034424781799316, -12.793322563171387, -12.726544380187988]
1300;[16.366605758666992, 13.676898956298828, 11.720908164978027, 10.252333641052246, 9.18755054473877, 10.30885124206543, 10.54970932006836, 10.613134384155273, 10.564291000366211, 10.437347412109375, 10.307984352111816, 9.971729278564453, 9.639701843261719, 9.489927291870117, 9.253705978393555, 9.0082368850708, 8.824457168579102, 8.667628288269043, 8.529977798461914, 8.337060928344727, 8.14660930633545];[1.3973984718322754, 1.317214012145996, 1.2463066577911377, 1.2035561800003052, 1.3009508848190308, 1.3747198581695557, 1.370119571685791, 1.3859848976135254, 1.3649691343307495, 1.3723939657211304, 1.3637679815292358, 1.3438442945480347, 1.319994330406189, 1.31736159324646, 1.307728886604309, 1.3049780130386353, 1.2919620275497437, 1.2747043371200562, 1.2678382396697998, 1.251355767250061, 1.248274326324463];[-73.70648193359375, -49.95680618286133, -36.37017059326172, -25.273853302001953, -27.372947692871094, -40.54545211791992, -42.643341064453125, -44.27632141113281, -45.01066970825195, -43.96213912963867, -42.87433624267578, -40.379859924316406, -38.262413024902344, -36.918128967285156, -35.056068420410156, -33.303287506103516, -32.060699462890625, -31.511512756347656, -30.396032333374023, -29.0435848236084, -27.86762237548828]
1350;[16.371929168701172, 15.225830078125, 12.374347686767578, 11.28836441040039, 10.903816223144531, 10.835919380187988, 10.860342979431152, 10.608680725097656, 10.507355690002441, 10.312621116638184, 10.055785179138184, 10.031122207641602, 9.742658615112305, 9.607025146484375, 9.668476104736328, 9.742734909057617, 9.85260009765625, 9.675015449523926, 9.529723167419434, 9.348206520080566, 9.178107261657715];[1.397181749343872, 1.3596158027648926, 1.2831594944000244, 1.3013736009597778, 1.3434112071990967, 1.3348228931427002, 1.3621798753738403, 1.3617408275604248, 1.3733733892440796, 1.3910006284713745, 1.3652234077453613, 1.385865330696106, 1.3742728233337402, 1.348585844039917, 1.3368539810180664, 1.3288377523422241, 1.3393847942352295, 1.3202712535858154, 1.3064786195755005, 1.3157734870910645, 1.3062154054641724];[-71.98412322998047, -60.29514694213867, -45.17333984375, -44.73215866088867, -44.28163528442383, -45.396278381347656, -45.95351028442383, -43.924232482910156, -42.396785736083984, -40.461727142333984, -38.93899917602539, -37.78791809082031, -36.17010498046875, -36.72993469238281, -37.75163269042969, -39.497989654541016, -40.38943099975586, -39.486656188964844, -38.736324310302734, -36.510318756103516, -35.469261169433594]
1400;[16.372169494628906, 13.617466926574707, 11.823281288146973, 10.234234809875488, 10.238897323608398, 10.799450874328613, 10.74316692352295, 10.851648330688477, 10.753105163574219, 10.621922492980957, 10.569924354553223, 10.518837928771973, 10.341907501220703, 10.130389213562012, 9.99493408203125, 9.697061538696289, 9.578697204589844, 9.485825538635254, 9.5471773147583, 9.403301239013672, 9.313464164733887];[1.3955820798873901, 1.3176759481430054, 1.245742917060852, 1.2881476879119873, 1.3182671070098877, 1.3020334243774414, 1.3182549476623535, 1.3381658792495728, 1.3231256008148193, 1.3236830234527588, 1.3186529874801636, 1.3172428607940674, 1.3162541389465332, 1.3098876476287842, 1.300252079963684, 1.2985789775848389, 1.295005202293396, 1.2921239137649536, 1.2987604141235352, 1.2907847166061401, 1.2920368909835815];[-71.54533386230469, -48.91535186767578, -35.851932525634766, -30.664649963378906, -40.09195327758789, -43.83274841308594, -46.42939376831055, -48.70405578613281, -47.7554817199707, -46.7871208190918, -47.905269622802734, -46.906402587890625, -44.57911682128906, -43.186885833740234, -41.93601608276367, -39.871578216552734, -38.518592834472656, -38.63597106933594, -39.05080032348633, -37.94309997558594, -37.31528854370117]
1450;[16.357162475585938, 14.572032928466797, 12.073142051696777, 11.198960304260254, 11.011362075805664, 11.103205680847168, 10.958745002746582, 10.908677101135254, 10.898100852966309, 10.879781723022461, 10.77835464477539, 10.602703094482422, 10.424477577209473, 10.291454315185547, 10.259234428405762, 10.158184051513672, 10.016876220703125, 9.989152908325195, 9.890637397766113, 9.735760688781738, 9.660828590393066];[1.3948125839233398, 1.3479890823364258, 1.2738078832626343, 1.3324365615844727, 1.4071922302246094, 1.3960789442062378, 1.3934543132781982, 1.3751524686813354, 1.358107328414917, 1.3503097295761108, 1.36298406124115, 1.347771167755127, 1.3424253463745117, 1.3577264547348022, 1.3502094745635986, 1.3500193357467651, 1.3260247707366943, 1.3327689170837402, 1.3370087146759033, 1.3256683349609375, 1.3346706628799438];[-71.82520294189453, -55.34003829956055, -42.39458084106445, -39.62234115600586, -45.345340728759766, -48.33757019042969, -46.22483825683594, -48.014461517333984, -49.34516525268555, -49.98250961303711, -48.970863342285156, -47.94029235839844, -46.07343673706055, -44.417415618896484, -44.304203033447266, -43.1053352355957, -43.18429183959961, -42.38534164428711, -42.013038635253906, -40.800209045410156, -40.28102493286133]
1500;[16.37167739868164, 13.603280067443848, 12.661120414733887, 13.153508186340332, 12.864975929260254, 12.471405029296875, 11.581825256347656, 10.755544662475586, 10.372564315795898, 10.510732650756836, 10.651313781738281, 10.606283187866211, 10.458606719970703, 10.319622039794922, 10.153621673583984, 10.174605369567871, 10.061380386352539, 10.009578704833984, 9.924083709716797, 9.742494583129883, 9.551010131835938];[1.3984867334365845, 1.3108636140823364, 1.342799425125122, 1.352036476135254, 1.3505618572235107, 1.3342711925506592, 1.3052215576171875, 1.2676445245742798, 1.2831616401672363, 1.4285045862197876, 1.425796627998352, 1.427931785583496, 1.4299410581588745, 1.4290449619293213, 1.4019747972488403, 1.4309643507003784, 1.4108887910842896, 1.403842806816101, 1.4102522134780884, 1.3964271545410156, 1.4040597677230835];[-70.15998840332031, -47.86067199707031, -59.259647369384766, -64.15657806396484, -62.67680740356445, -58.882625579833984, -49.982688903808594, -42.414852142333984, -39.0027961730957, -40.5733757019043, -46.358497619628906, -45.776893615722656, -44.40961837768555, -42.53215408325195, -42.21719741821289, -42.445770263671875, -41.4505729675293, -41.28358840942383, -40.82072830200195, -39.051719665527344, -37.284542083740234]
50;[16.571611404418945, 7.629510402679443, 3.8854711055755615, 2.699110746383667, 2.5015861988067627, 2.135042905807495, 1.5688691139221191, 1.2555336952209473, 1.245357871055603, 1.2273197174072266, 1.198536992073059, 1.1971955299377441, 1.2010654211044312, 1.182314395904541, 1.2004237174987793, 1.1660324335098267, 1.1687393188476562, 1.1607203483581543, 1.1579362154006958, 1.1549392938613892, 1.154977560043335];[1.5432969331741333, 1.2408952713012695, 0.8309784531593323, 0.7320930361747742, 0.6863933801651001, 0.5462676882743835, 0.2547193467617035, 0.055989742279052734, 0.05347556248307228, 0.04581455886363983, 0.032086003571748734, 0.030705837532877922, 0.03372209519147873, 0.025034932419657707, 0.03362486511468887, 0.013726148754358292, 0.016822082921862602, 0.011112307198345661, 0.008985511027276516, 0.011046216823160648, 0.006948062684386969];[-133.6049346923828, -19.471345901489258, -6.513552188873291, -5.552770614624023, -5.344687461853027, -3.796180486679077, -2.0360934734344482, -1.350966215133667, -1.3472354412078857, -1.3266267776489258, -1.2807937860488892, -1.2786623239517212, -1.2897230386734009, -1.265815258026123, -1.2946405410766602, -1.2354403734207153, -1.2401866912841797, -1.224108338356018, -1.222286581993103, -1.2247323989868164, -1.2168716192245483]
100;[16.5886287689209, 7.4804301261901855, 2.869182825088501, 1.6084507703781128, 1.1902774572372437, 1.1826732158660889, 1.2173676490783691, 1.1961613893508911, 1.1925840377807617, 1.2489393949508667, 1.2268648147583008, 1.1953374147415161, 1.1780418157577515, 1.1566212177276611, 1.1528643369674683, 1.1543858051300049, 1.1699808835983276, 1.1508373022079468, 1.1576411724090576, 1.1505424976348877, 1.1494901180267334];[1.5458124876022339, 1.2150237560272217, 0.52641761302948, 0.20265580713748932, 0.004315327387303114, 0.009969372302293777, 0.03350628912448883, 0.026097066700458527, 0.02471814677119255, 0.06433871388435364, 0.05241119861602783, 0.033337853848934174, 0.018936488777399063, 0.0070943040773272514, 0.00793869886547327, 0.005756910890340805, 0.016206542029976845, 0.00467053335160017, 0.009711158461868763, 0.005431799683719873, 0.002741956152021885];[-137.48666381835938, -17.692611694335938, -2.75518798828125, -1.7290008068084717, -1.2097313404083252, -1.2235844135284424, -1.289851427078247, -1.271916389465332, -1.2677273750305176, -1.3713111877441406, -1.3446229696273804, -1.2887365818023682, -1.247580885887146, -1.2139980792999268, -1.2177485227584839, -1.2129814624786377, -1.2428462505340576, -1.2125244140625, -1.2230042219161987, -1.208113431930542, -1.2060619592666626]
150;[16.579248428344727, 8.482852935791016, 5.550345420837402, 3.9093751907348633, 2.9229531288146973, 2.1929543018341064, 1.421982765197754, 1.1780328750610352, 1.1856592893600464, 1.1607815027236938, 1.2293636798858643, 1.1878025531768799, 1.2395262718200684, 1.1845554113388062, 1.378839373588562, 1.1943063735961914, 1.3294607400894165, 1.1691241264343262, 1.2599003314971924, 1.1629327535629272, 1.2201733589172363];[1.5444332361221313, 1.2931890487670898, 1.102626919746399, 1.0427988767623901, 0.8841925859451294, 0.5905960202217102, 0.14722594618797302, 0.008558709174394608, 0.021115923300385475, 0.0075774346478283405, 0.05106990411877632, 0.02605222724378109, 0.060156144201755524, 0.029828226193785667, 0.1507139801979065, 0.03139525279402733, 0.12058992683887482, 0.017484188079833984, 0.07270267605781555, 0.012421170249581337, 0.04722385108470917];[-133.5854034423828, -33.2943000793457, -17.77831268310547, -10.01585865020752, -6.638480186462402, -3.612971544265747, -1.6060664653778076, -1.2232599258422852, -1.2545944452285767, -1.2188798189163208, -1.341049313545227, -1.2659571170806885, -1.366988182067871, -1.274763822555542, -1.6367868185043335, -1.2846832275390625, -1.5431115627288818, -1.2390691041946411, -1.4067976474761963, -1.2365771532058716, -1.33257257938385]
200;[16.581144332885742, 8.4666109085083, 4.009636878967285, 2.122539758682251, 1.3468613624572754, 1.181913137435913, 1.234753966331482, 1.1721525192260742, 1.1762124300003052, 1.1686495542526245, 1.167198657989502, 1.1750224828720093, 1.217011570930481, 1.197756290435791, 1.1915987730026245, 1.1733543872833252, 1.154873013496399, 1.153576374053955, 1.1558403968811035, 1.14870285987854, 1.1396476030349731];[1.5422495603561401, 1.2823632955551147, 0.8523678779602051, 0.47937026619911194, 0.08620499819517136, 0.00892846379429102, 0.046176742762327194, 0.010992643423378468, 0.016538294032216072, 0.01032833568751812, 0.012442681938409805, 0.015154412016272545, 0.0445987842977047, 0.03222556412220001, 0.03284379467368126, 0.020291879773139954, 0.0083333570510149, 0.008604280650615692, 0.010339062660932541, 0.0037554181180894375, 0.0023636133410036564];[-123.97220611572266, -30.846555709838867, -6.505975246429443, -2.8202507495880127, -1.426034688949585, -1.2224396467208862, -1.3254804611206055, -1.225492000579834, -1.2422467470169067, -1.2274010181427002, -1.2312228679656982, -1.239926815032959, -1.3187439441680908, -1.2871747016906738, -1.2869911193847656, -1.2510279417037964, -1.2213306427001953, -1.2233201265335083, -1.2238081693649292, -1.2079159021377563, -1.2020343542099]
250;[16.586626052856445, 8.535738945007324, 5.447861194610596, 3.6817798614501953, 2.784053325653076, 2.268815517425537, 1.7132818698883057, 1.4205318689346313, 1.3491134643554688, 1.2507762908935547, 1.2499970197677612, 1.2150267362594604, 1.2446167469024658, 1.1895384788513184, 1.1704607009887695, 1.166805624961853, 1.1570993661880493, 1.1385955810546875, 1.1450791358947754, 1.1440547704696655, 1.1466550827026367];[1.543653964996338, 1.2899833917617798, 1.0958584547042847, 0.999184787273407, 0.7868862152099609, 0.6250333786010742, 0.3420127034187317, 0.17021708190441132, 0.12185678631067276, 0.06164657697081566, 0.05910778045654297, 0.042811550199985504, 0.058080412447452545, 0.027190465480089188, 0.0145192202180624, 0.013834679499268532, 0.005950503516942263, 0.00037341416464187205, 0.0017602950101718307, 0.001993684098124504, 0.004005780443549156];[-136.0319366455078, -31.084943771362305, -17.73015022277832, -9.810126304626465, -5.861567497253418, -4.013362884521484, -2.2619986534118652, -1.6785279512405396, -1.5282659530639648, -1.3706666231155396, -1.363767385482788, -1.3199440240859985, -1.3651090860366821, -1.2685216665267944, -1.2350411415100098, -1.2350664138793945, -1.2133169174194336, -1.1947838068008423, -1.1997287273406982, -1.2031201124191284, -1.205530047416687]
300;[16.568906784057617, 7.788461685180664, 3.5612640380859375, 2.5852103233337402, 2.1270649433135986, 1.6931949853897095, 1.3653271198272705, 1.3484599590301514, 1.268691062927246, 1.1730574369430542, 1.1611496210098267, 1.1601099967956543, 1.1552904844284058, 1.1745940446853638, 1.1543611288070679, 1.151953935623169, 1.1465067863464355, 1.1469398736953735, 1.1471630334854126, 1.1412477493286133, 1.1414982080459595];[1.5443774461746216, 1.24419367313385, 0.7785670757293701, 0.7004545331001282, 0.5236653685569763, 0.3163025975227356, 0.12756051123142242, 0.12640614807605743, 0.07215038686990738, 0.013540741987526417, 0.00875313300639391, 0.009861700236797333, 0.004357736557722092, 0.018815448507666588, 0.006577737163752317, 0.006057479418814182, 0.0025011878460645676, 0.0025272006168961525, 0.004886043723672628, 0.0008035493083298206, 0.0001253014779649675];[-131.40127563476562, -19.460105895996094, -5.57589864730835, -5.383775234222412, -3.5646910667419434, -2.267446517944336, -1.5709129571914673, -1.5604444742202759, -1.4019157886505127, -1.2311347723007202, -1.220970630645752, -1.2243831157684326, -1.212913155555725, -1.2480968236923218, -1.2144719362258911, -1.2129435539245605, -1.200423002243042, -1.2065058946609497, -1.208940863609314, -1.1973598003387451, -1.1975358724594116]
350;[16.575395584106445, 7.616646766662598, 2.9082164764404297, 1.6478341817855835, 1.2259961366653442, 1.2202174663543701, 1.1649609804153442, 1.2039927244186401, 1.168243169784546, 1.1879931688308716, 1.172225832939148, 1.2010773420333862, 1.2004451751708984, 1.1787140369415283, 1.19545316696167, 1.1588563919067383, 1.2236202955245972, 1.1559184789657593, 1.2017267942428589, 1.1571524143218994, 1.2072875499725342];[1.5439980030059814, 1.2328996658325195, 0.5587487816810608, 0.19978073239326477, 0.0332864448428154, 0.04039212316274643, 0.008373191580176353, 0.03108454868197441, 0.01155586913228035, 0.026255596429109573, 0.017295626923441887, 0.03347351402044296, 0.03436196222901344, 0.020118465647101402, 0.031347937881946564, 0.013461423106491566, 0.05388028174638748, 0.009157969616353512, 0.0398171991109848, 0.010258655995130539, 0.043628402054309845];[-134.50381469726562, -19.243467330932617, -2.913924217224121, -1.7142127752304077, -1.2946295738220215, -1.3092623949050903, -1.2193479537963867, -1.2834820747375488, -1.229567527770996, -1.269182562828064, -1.2456765174865723, -1.2893933057785034, -1.2971361875534058, -1.2534750699996948, -1.2854626178741455, -1.2310630083084106, -1.3526556491851807, -1.2231022119522095, -1.3118793964385986, -1.225606918334961, -1.321874737739563]
400;[16.581676483154297, 7.318213939666748, 3.279416084289551, 2.0700788497924805, 1.3768255710601807, 1.3316442966461182, 1.3072723150253296, 1.2050769329071045, 1.2442562580108643, 1.172741413116455, 1.197656273841858, 1.161906361579895, 1.155371904373169, 1.161637306213379, 1.141491174697876, 1.1437366008758545, 1.1414711475372314, 1.1433252096176147, 1.1420068740844727, 1.14078950881958, 1.1349371671676636];[1.5451970100402832, 1.1994174718856812, 0.7221980094909668, 0.47849899530410767, 0.12538738548755646, 0.11427631974220276, 0.09486167877912521, 0.03412074223160744, 0.05743437260389328, 0.01396133191883564, 0.026595022529363632, 0.01068056095391512, 0.006966248620301485, 0.01242834609001875, 0.0006724417326040566, 0.001181022496894002, 0.0005125004099681973, 0.0012955092824995518, 0.0005103469011373818, 0.0006286543793976307, 7.795870624249801e-05];[-130.53082275390625, -15.85345458984375, -4.332875728607178, -2.580988883972168, -1.5445595979690552, -1.5385617017745972, -1.467679500579834, -1.289902925491333, -1.3536350727081299, -1.2346216440200806, -1.268688678741455, -1.2234160900115967, -1.2122212648391724, -1.229871392250061, -1.1994725465774536, -1.201786756515503, -1.1989728212356567, -1.1994621753692627, -1.1974544525146484, -1.196480393409729, -1.1938014030456543]
450;[16.57622718811035, 7.724173069000244, 3.651444911956787, 2.2185890674591064, 1.4804719686508179, 1.4247262477874756, 1.408119559288025, 1.5531744956970215, 1.4592127799987793, 1.4902944564819336, 1.4669957160949707, 1.435666799545288, 1.4515082836151123, 1.4249764680862427, 1.3235670328140259, 1.2708916664123535, 1.2465641498565674, 1.2272498607635498, 1.2031861543655396, 1.180258870124817, 1.1976354122161865];[1.5458897352218628, 1.2372993230819702, 0.7947055101394653, 0.5256190299987793, 0.177892804145813, 0.16989818215370178, 0.16162368655204773, 0.2613440454006195, 0.20021650195121765, 0.21928423643112183, 0.2100302129983902, 0.1898939162492752, 0.20041301846504211, 0.18843671679496765, 0.11413522064685822, 0.08288278430700302, 0.06355874240398407, 0.05310548469424248, 0.038829024881124496, 0.02401914820075035, 0.037239667028188705];[-133.1857147216797, -17.880477905273438, -5.549854278564453, -3.1624062061309814, -1.723984956741333, -1.7130846977233887, -1.702599287033081, -2.0279204845428467, -1.83612859249115, -1.9084590673446655, -1.8597105741500854, -1.8009002208709717, -1.8327445983886719, -1.772714376449585, -1.5352822542190552, -1.437280535697937, -1.3882615566253662, -1.3507330417633057, -1.3099910020828247, -1.2649043798446655, -1.2986379861831665]
500;[16.589872360229492, 8.552660942077637, 5.512081146240234, 3.9207546710968018, 3.8752245903015137, 3.3544416427612305, 2.534224271774292, 1.830653429031372, 1.2782665491104126, 1.1755669116973877, 1.1566276550292969, 1.182150959968567, 1.174782156944275, 1.1867812871932983, 1.1639220714569092, 1.1527714729309082, 1.1620696783065796, 1.157272219657898, 1.150990605354309, 1.153100609779358, 1.156674861907959];[1.5451890230178833, 1.2964450120925903, 1.1022230386734009, 1.021331548690796, 1.0814169645309448, 0.9677510261535645, 0.7309423685073853, 0.4132930338382721, 0.07615233212709427, 0.01714274473488331, 0.008471651934087276, 0.020244324579834938, 0.019761202856898308, 0.02619638666510582, 0.014186656102538109, 0.010149993002414703, 0.011896887794137001, 0.00963466614484787, 0.006721125915646553, 0.007091426756232977, 0.010854299180209637];[-125.60166931152344, -32.98115539550781, -18.232709884643555, -11.102294921875, -13.188885688781738, -9.712267875671387, -5.467846870422363, -2.835167169570923, -1.408280611038208, -1.243221402168274, -1.2195569276809692, -1.2582156658172607, -1.2551205158233643, -1.2729926109313965, -1.2292190790176392, -1.224045753479004, -1.232114315032959, -1.2224125862121582, -1.2153147459030151, -1.222773551940918, -1.2292405366897583]
550;[16.56916046142578, 8.081954002380371, 3.8382375240325928, 2.2394771575927734, 1.334072470664978, 1.2445085048675537, 1.2277312278747559, 1.1763839721679688, 1.1597737073898315, 1.1673085689544678, 1.1611106395721436, 1.1807609796524048, 1.1607145071029663, 1.1548062562942505, 1.157303810119629, 1.1524317264556885, 1.161431908607483, 1.1566460132598877, 1.1571513414382935, 1.1429764032363892, 1.1466615200042725];[1.5452324151992798, 1.2447353601455688, 0.8527083396911621, 0.532697319984436, 0.07847655564546585, 0.04680037871003151, 0.044357433915138245, 0.014279813505709171, 0.007921992801129818, 0.011755246669054031, 0.008639685809612274, 0.023464083671569824, 0.0122607396915555, 0.006941663566976786, 0.008611511439085007, 0.004020445980131626, 0.011127755977213383, 0.010702567175030708, 0.007703310810029507, 0.0022162680979818106, 0.0035300094168633223];[-129.8190460205078, -26.786806106567383, -6.570329189300537, -2.9663097858428955, -1.4044348001480103, -1.3261092901229858, -1.3192309141159058, -1.2355715036392212, -1.2165607213974, -1.228958249092102, -1.221909523010254, -1.2611514329910278, -1.2280936241149902, -1.2185314893722534, -1.2226372957229614, -1.211114764213562, -1.2262544631958008, -1.2273086309432983, -1.2171562910079956, -1.2012397050857544, -1.2048319578170776]
600;[16.570796966552734, 9.123919486999512, 5.731186389923096, 3.9429867267608643, 3.5043389797210693, 3.581622838973999, 3.8339264392852783, 3.200543165206909, 2.8369672298431396, 2.4054179191589355, 2.3192412853240967, 1.7657781839370728, 1.317233681678772, 1.2391034364700317, 1.215244174003601, 1.185836672782898, 1.155657410621643, 1.1451020240783691, 1.1440731287002563, 1.1444835662841797, 1.1619653701782227];[1.5424233675003052, 1.3179439306259155, 1.1078952550888062, 1.0240447521209717, 1.0513806343078613, 1.0748398303985596, 1.1389750242233276, 0.9899960160255432, 0.8764718770980835, 0.7208898067474365, 0.6965950131416321, 0.4030608832836151, 0.10511858761310577, 0.061068978160619736, 0.04494909942150116, 0.02575443685054779, 0.007464819122105837, 0.003483037929981947, 0.0026410853024572134, 0.001956714317202568, 0.014401140622794628];[-136.28038024902344, -35.73162841796875, -18.787391662597656, -9.686417579650879, -10.013014793395996, -10.95638656616211, -12.968393325805664, -8.843428611755371, -7.029064178466797, -4.998544216156006, -4.557903289794922, -2.6165196895599365, -1.5020190477371216, -1.361486792564392, -1.3186030387878418, -1.2694389820098877, -1.2170913219451904, -1.2082504034042358, -1.202466607093811, -1.1991512775421143, -1.2362996339797974]
650;[16.58536720275879, 7.303126335144043, 2.8476874828338623, 1.6371287107467651, 1.4863985776901245, 1.3501770496368408, 1.2695353031158447, 1.3429527282714844, 1.1917364597320557, 1.268089771270752, 1.263676404953003, 1.23516845703125, 1.2517467737197876, 1.2053412199020386, 1.2581791877746582, 1.1697577238082886, 1.1945431232452393, 1.1801927089691162, 1.188228726387024, 1.1577215194702148, 1.1538925170898438];[1.5464317798614502, 1.1872756481170654, 0.5377674698829651, 0.1786387860774994, 0.19745874404907227, 0.12172341346740723, 0.07125092297792435, 0.12235584855079651, 0.025813477113842964, 0.07557321339845657, 0.07083510607481003, 0.057487811893224716, 0.0662078931927681, 0.04001903533935547, 0.07244028151035309, 0.017702627927064896, 0.03211693465709686, 0.02271602302789688, 0.02932223305106163, 0.011920745484530926, 0.006684177555143833];[-133.75511169433594, -16.11790657043457, -2.8337900638580322, -1.664915919303894, -1.7923980951309204, -1.5543830394744873, -1.3991013765335083, -1.5761455297470093, -1.2719402313232422, -1.4150418043136597, -1.4024845361709595, -1.3648697137832642, -1.3888685703277588, -1.3062782287597656, -1.4058970212936401, -1.2464979887008667, -1.2885785102844238, -1.2639241218566895, -1.281896710395813, -1.2285956144332886, -1.2185205221176147]
700;[16.59788703918457, 8.721939086914062, 3.9548003673553467, 2.6007018089294434, 1.9343855381011963, 1.4077425003051758, 1.1928439140319824, 1.2353320121765137, 1.1821377277374268, 1.2220343351364136, 1.2003735303878784, 1.213310956954956, 1.1680083274841309, 1.2045440673828125, 1.1562528610229492, 1.1743849515914917, 1.1710339784622192, 1.1850104331970215, 1.1581506729125977, 1.1922379732131958, 1.154219388961792];[1.5423442125320435, 1.2876907587051392, 0.8327186703681946, 0.7606790065765381, 0.4459686279296875, 0.14342950284481049, 0.011984843760728836, 0.04351886734366417, 0.017717743292450905, 0.04769417271018028, 0.031300947070121765, 0.04055795818567276, 0.016208035871386528, 0.03793462738394737, 0.008484531193971634, 0.019873881712555885, 0.015228500589728355, 0.02320871315896511, 0.014077091589570045, 0.028570666909217834, 0.01106814295053482];[-129.7698211669922, -32.46830749511719, -5.715203762054443, -4.414813995361328, -2.629599094390869, -1.611549735069275, -1.2297430038452148, -1.3219709396362305, -1.2468066215515137, -1.3309439420700073, -1.282109260559082, -1.3139742612838745, -1.2382129430770874, -1.3014620542526245, -1.2204234600067139, -1.2512564659118652, -1.2403587102890015, -1.2592475414276123, -1.2338634729385376, -1.2775335311889648, -1.2285958528518677]
750;[16.58233070373535, 7.7246832847595215, 2.929877996444702, 1.6609902381896973, 1.6448447704315186, 1.4549331665039062, 1.6417150497436523, 1.5577027797698975, 1.6007336378097534, 1.6252630949020386, 1.214617133140564, 1.1958869695663452, 1.158349871635437, 1.1449745893478394, 1.1515822410583496, 1.1541727781295776, 1.141327142715454, 1.1464953422546387, 1.1501493453979492, 1.1468433141708374, 1.1549444198608398];[1.5411678552627563, 1.230850100517273, 0.5596005916595459, 0.18259143829345703, 0.2962636649608612, 0.19092629849910736, 0.3091852068901062, 0.2662965953350067, 0.29263725876808167, 0.3081878423690796, 0.04074344038963318, 0.03245771303772926, 0.008205868303775787, 0.0038355267606675625, 0.006360693369060755, 0.007762261666357517, 0.0013303584419190884, 0.0023808747064322233, 0.004804579075425863, 0.0005912077613174915, 0.008501742035150528];[-132.3235321044922, -17.809541702270508, -2.990243911743164, -1.655898928642273, -2.221845865249634, -1.777308464050293, -2.3178322315216064, -2.06925892829895, -2.2227530479431152, -2.2836432456970215, -1.3127086162567139, -1.2834429740905762, -1.2229796648025513, -1.2087243795394897, -1.2126796245574951, -1.2185540199279785, -1.1999197006225586, -1.200448751449585, -1.2073780298233032, -1.2012767791748047, -1.2226516008377075]
800;[16.590425491333008, 8.575052261352539, 3.3037283420562744, 1.7026300430297852, 1.3125768899917603, 1.180467128753662, 1.199204921722412, 1.1677756309509277, 1.1858651638031006, 1.1487007141113281, 1.1765938997268677, 1.1503082513809204, 1.162940263748169, 1.1463005542755127, 1.1599340438842773, 1.1477675437927246, 1.1647279262542725, 1.1572591066360474, 1.1593290567398071, 1.1816965341567993, 1.1634529829025269];[1.546418309211731, 1.2873179912567139, 0.6541255712509155, 0.1960105448961258, 0.08096065372228622, 0.014740700833499432, 0.027781736105680466, 0.009849349036812782, 0.021913297474384308, 0.0006314885686151683, 0.020817425101995468, 0.0013701808638870716, 0.009129196405410767, 0.0014007568825036287, 0.012542909011244774, 0.006497327703982592, 0.016576822847127914, 0.011582796461880207, 0.013943462632596493, 0.025320447981357574, 0.015423846431076527];[-133.2089385986328, -25.196147918701172, -3.4258971214294434, -1.6883196830749512, -1.4207180738449097, -1.234890103340149, -1.273536205291748, -1.2231988906860352, -1.2599431276321411, -1.2004382610321045, -1.252874493598938, -1.1981229782104492, -1.2245702743530273, -1.201480746269226, -1.2288553714752197, -1.2099182605743408, -1.2438448667526245, -1.2263656854629517, -1.2292613983154297, -1.2672147750854492, -1.2375391721725464]
850;[16.572786331176758, 8.581043243408203, 5.5448384284973145, 3.785637140274048, 3.615274667739868, 3.100274085998535, 2.480648994445801, 2.250415802001953, 2.021596908569336, 1.7646629810333252, 1.4333971738815308, 1.2070759534835815, 1.1697194576263428, 1.1777427196502686, 1.2342756986618042, 1.249972939491272, 1.214368224143982, 1.1768290996551514, 1.1843665838241577, 1.1723158359527588, 1.1495399475097656];[1.5466210842132568, 1.302424669265747, 1.0998173952102661, 1.0202022790908813, 0.9943259954452515, 0.8731784820556641, 0.6978796124458313, 0.611804723739624, 0.5118040442466736, 0.38710325956344604, 0.18625403940677643, 0.03731348365545273, 0.011897270567715168, 0.023001374676823616, 0.055841945111751556, 0.06764273345470428, 0.04179542139172554, 0.01698344759643078, 0.025780152529478073, 0.018021278083324432, 0.005780710373073816];[-139.4109344482422, -34.06328582763672, -17.498371124267578, -10.114152908325195, -11.537220001220703, -8.646512031555176, -5.30078125, -4.407739162445068, -3.6024723052978516, -2.6975252628326416, -1.7868194580078125, -1.2962521314620972, -1.229739785194397, -1.2551181316375732, -1.3520756959915161, -1.387846827507019, -1.310928463935852, -1.2528293132781982, -1.2716128826141357, -1.248262643814087, -1.216745138168335]
900;[16.586942672729492, 8.32483196258545, 5.431082725524902, 5.002241611480713, 4.2559709548950195, 3.545304775238037, 3.0889556407928467, 2.662933111190796, 2.1176328659057617, 1.582574725151062, 1.192952275276184, 1.1632323265075684, 1.2120180130004883, 1.1481049060821533, 1.170215129852295, 1.140690803527832, 1.1448246240615845, 1.151132345199585, 1.147181510925293, 1.14912748336792, 1.1387330293655396];[1.54471755027771, 1.276601791381836, 1.0907222032546997, 1.2754343748092651, 1.189703106880188, 1.046039342880249, 0.9328901171684265, 0.7833476066589355, 0.564426064491272, 0.27846869826316833, 0.025190308690071106, 0.007843866012990475, 0.0413791686296463, 0.0006082779145799577, 0.01535156462341547, 0.00039910615305416286, 0.001218207529745996, 0.0036443716380745173, 0.0026493424084037542, 0.0045502204447984695, 0.003510198090225458];[-134.47549438476562, -30.516786575317383, -16.288677215576172, -19.669166564941406, -15.694975852966309, -10.577627182006836, -8.1325101852417, -6.162650108337402, -3.8034210205078125, -2.1032679080963135, -1.2659306526184082, -1.2228822708129883, -1.317837119102478, -1.2030690908432007, -1.2407660484313965, -1.1966278553009033, -1.1951193809509277, -1.2051321268081665, -1.2041096687316895, -1.2069662809371948, -1.203629493713379]
950;[16.598041534423828, 8.60132884979248, 5.573613166809082, 5.118510723114014, 4.477914333343506, 3.8337085247039795, 3.101602077484131, 2.509432792663574, 1.8576419353485107, 1.4408862590789795, 1.280145525932312, 1.2684329748153687, 1.223817229270935, 1.2586053609848022, 1.2907565832138062, 1.2562963962554932, 1.2421245574951172, 1.2306205034255981, 1.204695463180542, 1.187885046005249, 1.1573814153671265];[1.5453721284866333, 1.2917604446411133, 1.112560510635376, 1.1782282590866089, 1.1030759811401367, 1.010989785194397, 0.8571878671646118, 0.685624897480011, 0.4222373068332672, 0.1806907206773758, 0.07906121015548706, 0.0739336609840393, 0.04842353239655495, 0.07282909750938416, 0.093512162566185, 0.07119351625442505, 0.0597960390150547, 0.05668940395116806, 0.038852594792842865, 0.026384320110082626, 0.01126218680292368];[-133.13565063476562, -32.72047424316406, -18.99407386779785, -24.13274383544922, -18.72362518310547, -13.573185920715332, -8.511963844299316, -5.357416152954102, -2.9275619983673096, -1.7497437000274658, -1.423240065574646, -1.408048152923584, -1.3362417221069336, -1.4007683992385864, -1.4570341110229492, -1.3987444639205933, -1.3662617206573486, -1.3549563884735107, -1.3078454732894897, -1.2721039056777954, -1.2322065830230713]
1000;[16.55826759338379, 7.949653148651123, 3.543999433517456, 2.129662036895752, 1.2997636795043945, 1.2247662544250488, 1.1794928312301636, 1.2912380695343018, 1.1709867715835571, 1.290356159210205, 1.162671685218811, 1.3059250116348267, 1.1618828773498535, 1.156986117362976, 1.1536668539047241, 1.1429738998413086, 1.1502768993377686, 1.151353359222412, 1.1481643915176392, 1.1579005718231201, 1.1798901557922363];[1.5464508533477783, 1.232645034790039, 0.7730386257171631, 0.49591854214668274, 0.05532776191830635, 0.03866399824619293, 0.011441770009696484, 0.09051640331745148, 0.011483823880553246, 0.091130830347538, 0.010552534833550453, 0.10144121944904327, 0.009855062700808048, 0.007824317552149296, 0.008660197257995605, 0.003331210697069764, 0.004415138158947229, 0.005771283991634846, 0.00432997103780508, 0.012861806899309158, 0.025081131607294083];[-124.95204162597656, -19.7131404876709, -5.35746955871582, -2.7573485374450684, -1.3486132621765137, -1.3071554899215698, -1.230446457862854, -1.4496976137161255, -1.2301539182662964, -1.4575812816619873, -1.2259467840194702, -1.4926400184631348, -1.2278459072113037, -1.2198874950408936, -1.2155563831329346, -1.202428936958313, -1.2052768468856812, -1.2123531103134155, -1.2083035707473755, -1.2296110391616821, -1.2690470218658447]
1050;[16.569786071777344, 8.495453834533691, 4.1856231689453125, 3.080533504486084, 2.3707494735717773, 1.7143100500106812, 1.2066502571105957, 1.1526906490325928, 1.1661763191223145, 1.206190824508667, 1.2053167819976807, 1.2125344276428223, 1.1798492670059204, 1.2207754850387573, 1.1783300638198853, 1.1969075202941895, 1.179743766784668, 1.1810966730117798, 1.1795172691345215, 1.163469672203064, 1.1654647588729858];[1.5453758239746094, 1.2881726026535034, 0.8865812420845032, 0.8594551086425781, 0.6604224443435669, 0.3298500180244446, 0.016844740137457848, 0.0015389359323307872, 0.008841198869049549, 0.035844720900058746, 0.03937922790646553, 0.04233632609248161, 0.021565234288573265, 0.048171140253543854, 0.02300378307700157, 0.032975371927022934, 0.02395808696746826, 0.0258210189640522, 0.02751782350242138, 0.014627894386649132, 0.015239328145980835];[-128.80654907226562, -30.847990036010742, -7.5440802574157715, -6.358664512634277, -4.413638114929199, -2.2792043685913086, -1.2463723421096802, -1.2014455795288086, -1.222725510597229, -1.2972735166549683, -1.304795742034912, -1.319149374961853, -1.2550407648086548, -1.3380367755889893, -1.2632396221160889, -1.2890679836273193, -1.2602851390838623, -1.2718958854675293, -1.2740544080734253, -1.237725853919983, -1.238706111907959]
1100;[16.595863342285156, 8.468883514404297, 3.3738481998443604, 2.0297768115997314, 1.4161124229431152, 1.3363103866577148, 1.3257224559783936, 1.2411400079727173, 1.1864027976989746, 1.1684406995773315, 1.1816805601119995, 1.1888575553894043, 1.1751290559768677, 1.1926418542861938, 1.2387961149215698, 1.2172836065292358, 1.229541301727295, 1.1995048522949219, 1.232860803604126, 1.2221019268035889, 1.2323341369628906];[1.5452494621276855, 1.2874374389648438, 0.6974123120307922, 0.41326969861984253, 0.14741459488868713, 0.1000581830739975, 0.10235151648521423, 0.04865102842450142, 0.014797334559261799, 0.006044173147529364, 0.020404260605573654, 0.02330513298511505, 0.01598728820681572, 0.027355004101991653, 0.05886225774884224, 0.048644762486219406, 0.052787795662879944, 0.034928593784570694, 0.058197904378175735, 0.04896780103445053, 0.061884742230176926];[-133.3268280029297, -23.63617706298828, -3.806570053100586, -2.367516279220581, -1.5979787111282349, -1.4722983837127686, -1.4831684827804565, -1.331118106842041, -1.2372609376907349, -1.2124232053756714, -1.2540463209152222, -1.2589898109436035, -1.2441102266311646, -1.2772995233535767, -1.3644086122512817, -1.3323121070861816, -1.3523746728897095, -1.2956324815750122, -1.357228398323059, -1.3379833698272705, -1.3730262517929077]
1150;[16.56783676147461, 8.510017395019531, 4.230026721954346, 3.052456855773926, 2.3183727264404297, 2.049389600753784, 1.4414300918579102, 1.164795160293579, 1.2090673446655273, 1.1606547832489014, 1.197700023651123, 1.14370596408844, 1.2085351943969727, 1.1663844585418701, 1.1980843544006348, 1.185208797454834, 1.1894170045852661, 1.1733558177947998, 1.1606407165527344, 1.1561763286590576, 1.166358232498169];[1.5415167808532715, 1.2985374927520752, 0.9001284241676331, 0.8437107801437378, 0.6318145990371704, 0.525799572467804, 0.16898807883262634, 0.0007836329750716686, 0.03766370192170143, 0.00741155818104744, 0.032385412603616714, 0.0016585445264354348, 0.038614168763160706, 0.014654958620667458, 0.0337618850171566, 0.024549415335059166, 0.0263688825070858, 0.01992560736835003, 0.012294493615627289, 0.009712649509310722, 0.017352255061268806];[-135.54962158203125, -32.71342849731445, -7.966256141662598, -6.439033031463623, -4.308000087738037, -3.3550546169281006, -1.6939823627471924, -1.2048883438110352, -1.3004581928253174, -1.21571946144104, -1.2883023023605347, -1.2013815641403198, -1.3095088005065918, -1.235061526298523, -1.2923284769058228, -1.2670098543167114, -1.275546908378601, -1.2571702003479004, -1.229188084602356, -1.2239023447036743, -1.2452913522720337]
1200;[16.57986068725586, 8.288084983825684, 4.076844692230225, 2.209196090698242, 1.359429955482483, 1.2454578876495361, 1.1944389343261719, 1.180059790611267, 1.1515699625015259, 1.158400535583496, 1.1512478590011597, 1.147833228111267, 1.148807406425476, 1.1521438360214233, 1.1427372694015503, 1.1426124572753906, 1.1460360288619995, 1.1463569402694702, 1.1573530435562134, 1.1694244146347046, 1.1557072401046753];[1.544623613357544, 1.2736217975616455, 0.8633167743682861, 0.5143523812294006, 0.10043846070766449, 0.04292832314968109, 0.025455346331000328, 0.013677968643605709, 0.0010333555983379483, 0.002549014752730727, 0.0014060467947274446, 0.001330915722064674, 0.0025287216994911432, 0.0043887305073440075, 0.0037741493433713913, 0.002036023186519742, 0.001845167251303792, 0.002506186254322529, 0.011171835474669933, 0.018178576603531837, 0.012073989026248455];[-129.31773376464844, -29.8992862701416, -6.876159191131592, -2.8897969722747803, -1.4625552892684937, -1.3209877014160156, -1.2634319067001343, -1.2312190532684326, -1.1970884799957275, -1.2071346044540405, -1.201743721961975, -1.1973763704299927, -1.203154444694519, -1.208414912223816, -1.2026251554489136, -1.199805498123169, -1.2026265859603882, -1.2028087377548218, -1.226377010345459, -1.2462648153305054, -1.2297978401184082]
1250;[16.55998992919922, 7.441385269165039, 3.448143720626831, 2.7651021480560303, 2.6105477809906006, 2.2357261180877686, 1.5085374116897583, 1.1891605854034424, 1.2626782655715942, 1.2924374341964722, 1.281150460243225, 1.2739310264587402, 1.276992917060852, 1.242881417274475, 1.251122236251831, 1.2540286779403687, 1.2558749914169312, 1.2373952865600586, 1.2247222661972046, 1.1879521608352661, 1.1569441556930542];[1.5464980602264404, 1.194198727607727, 0.7470125555992126, 0.7654740214347839, 0.7104966044425964, 0.5876529812812805, 0.19197990000247955, 0.00792228989303112, 0.07079224288463593, 0.09148018807172775, 0.08553078770637512, 0.08450401574373245, 0.08375777304172516, 0.06210603192448616, 0.0672047883272171, 0.07197963446378708, 0.07127568870782852, 0.05890430510044098, 0.05472075566649437, 0.02994542568922043, 0.01186702586710453];[-128.5740203857422, -15.993412971496582, -4.91094970703125, -5.981918811798096, -5.645969867706299, -3.8490707874298096, -1.7674978971481323, -1.2215702533721924, -1.3904619216918945, -1.452889084815979, -1.436982274055481, -1.4348974227905273, -1.4328004121780396, -1.3742575645446777, -1.3858891725540161, -1.4054356813430786, -1.410334587097168, -1.3727002143859863, -1.346796989440918, -1.2839350700378418, -1.2299798727035522]
1300;[16.576372146606445, 7.519391059875488, 3.3473281860351562, 2.528242588043213, 1.8139314651489258, 1.4581011533737183, 1.165816068649292, 1.159067988395691, 1.1617283821105957, 1.1542092561721802, 1.1991645097732544, 1.1914303302764893, 1.2076020240783691, 1.2082725763320923, 1.1939667463302612, 1.165626883506775, 1.170996069908142, 1.1751997470855713, 1.1630282402038574, 1.145981788635254, 1.1549391746520996];[1.546189308166504, 1.2017488479614258, 0.7390214800834656, 0.7280207872390747, 0.39963480830192566, 0.18282541632652283, 0.0053067076951265335, 0.002916308119893074, 0.00943243969231844, 0.005095398053526878, 0.03210463747382164, 0.02617017552256584, 0.03862179443240166, 0.038179878145456314, 0.030512163415551186, 0.015196829102933407, 0.01708425022661686, 0.02086593583226204, 0.014641890302300453, 0.002399744465947151, 0.011145396158099174];[-130.37168884277344, -15.467516899108887, -4.730160236358643, -4.396115303039551, -2.604288339614868, -1.7395660877227783, -1.2087359428405762, -1.205786108970642, -1.219733476638794, -1.2096338272094727, -1.290183663368225, -1.2720656394958496, -1.3016079664230347, -1.3042494058609009, -1.2793796062469482, -1.238338589668274, -1.2414706945419312, -1.2558382749557495, -1.2410407066345215, -1.2027900218963623, -1.226118564605713]
1350;[16.57489585876465, 7.674481391906738, 3.6818883419036865, 2.7813005447387695, 1.9804372787475586, 1.5865983963012695, 1.6980377435684204, 1.612541913986206, 1.7409369945526123, 1.5293291807174683, 1.5766613483428955, 1.5030872821807861, 1.4640512466430664, 1.5109602212905884, 1.477998971939087, 1.4688141345977783, 1.4171568155288696, 1.427523136138916, 1.3838177919387817, 1.3491708040237427, 1.339143991470337];[1.542214035987854, 1.225990891456604, 0.7920437455177307, 0.8014578223228455, 0.4937554895877838, 0.269194632768631, 0.35475197434425354, 0.3063458502292633, 0.394753098487854, 0.24960395693778992, 0.28187915682792664, 0.2399369478225708, 0.20848163962364197, 0.2436220943927765, 0.2225552201271057, 0.21472986042499542, 0.17769111692905426, 0.18655109405517578, 0.1578574776649475, 0.1363324224948883, 0.12807978689670563];[-140.42291259765625, -17.813215255737305, -5.447004795074463, -5.245237827301025, -2.9897396564483643, -2.0074591636657715, -2.3443949222564697, -2.1329429149627686, -2.4683899879455566, -1.962478518486023, -2.0639946460723877, -1.9107939004898071, -1.8143879175186157, -1.9272832870483398, -1.8680970668792725, -1.8480355739593506, -1.7305346727371216, -1.7565094232559204, -1.6646860837936401, -1.593368649482727, -1.5738717317581177]
1400;[16.581317901611328, 8.289043426513672, 4.295186996459961, 3.0097086429595947, 2.8956665992736816, 2.4085114002227783, 1.6846809387207031, 1.268369436264038, 1.294526219367981, 1.226056694984436, 1.3506042957305908, 1.2583650350570679, 1.4121204614639282, 1.251699447631836, 1.345809817314148, 1.2370860576629639, 1.3387157917022705, 1.2978336811065674, 1.3078927993774414, 1.2770553827285767, 1.3108173608779907];[1.5447834730148315, 1.2834314107894897, 0.9052951335906982, 0.829423725605011, 0.8309112787246704, 0.6637859344482422, 0.3216870427131653, 0.0665879175066948, 0.09121248126029968, 0.04829946905374527, 0.1333417445421219, 0.06880281865596771, 0.17164041101932526, 0.06810717284679413, 0.13129587471485138, 0.061015740036964417, 0.12528331577777863, 0.10121980309486389, 0.10772141814231873, 0.08996400237083435, 0.10862922668457031];[-130.84068298339844, -31.905588150024414, -7.752157211303711, -6.780786037445068, -7.150869369506836, -4.760263919830322, -2.2767279148101807, -1.3820140361785889, -1.4660180807113647, -1.328053593635559, -1.586092233657837, -1.3994107246398926, -1.7076002359390259, -1.3951399326324463, -1.5861001014709473, -1.3676977157592773, -1.5678279399871826, -1.4890027046203613, -1.5055814981460571, -1.4509947299957275, -1.5188218355178833]
1450;[16.598224639892578, 9.025375366210938, 4.217909336090088, 3.0124311447143555, 3.571561336517334, 4.079346179962158, 3.5782315731048584, 2.7886908054351807, 1.8380204439163208, 1.263297438621521, 1.1492102146148682, 1.1844894886016846, 1.1589149236679077, 1.14817476272583, 1.1538112163543701, 1.1648459434509277, 1.1622607707977295, 1.171310544013977, 1.171583652496338, 1.1823647022247314, 1.1670478582382202];[1.54408860206604, 1.312963843345642, 0.8846985101699829, 0.8056620955467224, 0.9717958569526672, 1.0820783376693726, 1.0018277168273926, 0.8036366105079651, 0.41933780908584595, 0.06757009774446487, 0.0012208014959469438, 0.020319724455475807, 0.005869090091437101, 0.0025902222841978073, 0.007602054625749588, 0.014062833972275257, 0.01431517954915762, 0.018123509362339973, 0.017131997272372246, 0.024532128125429153, 0.01773177646100521];[-134.04428100585938, -35.345638275146484, -7.486525058746338, -6.747498035430908, -11.216745376586914, -14.893049240112305, -11.31416130065918, -6.624536037445068, -2.8051352500915527, -1.3856210708618164, -1.2030335664749146, -1.2552863359451294, -1.2142525911331177, -1.2013474702835083, -1.2157436609268188, -1.2346128225326538, -1.2368443012237549, -1.2458529472351074, -1.2473044395446777, -1.265641212463379, -1.2440212965011597]
1500;[16.581144332885742, 8.167051315307617, 4.168527126312256, 2.742936611175537, 1.7981045246124268, 1.5476832389831543, 1.2303279638290405, 1.2044187784194946, 1.1829081773757935, 1.1934584379196167, 1.1617509126663208, 1.1839593648910522, 1.1793678998947144, 1.2013245820999146, 1.1627933979034424, 1.203248381614685, 1.1580631732940674, 1.1615078449249268, 1.157746434211731, 1.1462904214859009, 1.1414283514022827];[1.5434982776641846, 1.2439695596694946, 0.8593063950538635, 0.7257627844810486, 0.3750627934932709, 0.24593712389469147, 0.0413203090429306, 0.029994873329997063, 0.015685919672250748, 0.025447340682148933, 0.007937842980027199, 0.02188083343207836, 0.023391403257846832, 0.03139306232333183, 0.012399561703205109, 0.03808647766709328, 0.009949611499905586, 0.010270967148244381, 0.00939534418284893, 0.003765201661735773, 0.0021825141739100218];[-133.0294189453125, -19.680076599121094, -6.234687328338623, -4.892602920532227, -2.5741567611694336, -2.004547595977783, -1.306896686553955, -1.2852351665496826, -1.2441015243530273, -1.2686463594436646, -1.2213070392608643, -1.2580152750015259, -1.2614412307739258, -1.2877306938171387, -1.2356510162353516, -1.3103582859039307, -1.2236636877059937, -1.2296555042266846, -1.2233185768127441, -1.2105108499526978, -1.2031006813049316]
50;[19.60540008544922, 14.565237045288086, 11.788435935974121, 9.666035652160645, 8.78017807006836, 9.09563159942627, 9.580333709716797, 9.595379829406738, 9.620247840881348, 9.612975120544434, 9.516870498657227, 9.205981254577637, 8.965096473693848, 8.659295082092285, 8.66442584991455, 8.555892944335938, 8.337728500366211, 8.30955696105957, 8.06296157836914, 7.664988994598389, 7.4011006355285645];[1.5033804178237915, 1.4080885648727417, 1.3239789009094238, 1.267175316810608, 1.287270188331604, 1.2950671911239624, 1.332249402999878, 1.3231619596481323, 1.3297351598739624, 1.3252029418945312, 1.338889479637146, 1.323613166809082, 1.3150627613067627, 1.3144867420196533, 1.3161790370941162, 1.3204896450042725, 1.3011034727096558, 1.3119055032730103, 1.3132963180541992, 1.298791766166687, 1.2920126914978027];[-152.5258026123047, -93.03515625, -62.47415542602539, -43.256160736083984, -39.654396057128906, -47.180572509765625, -52.50069808959961, -55.884700775146484, -55.27315902709961, -57.82954406738281, -55.799522399902344, -52.829307556152344, -49.59348678588867, -46.02204513549805, -46.613643646240234, -45.52168273925781, -43.81342315673828, -43.13395690917969, -39.976219177246094, -36.58834457397461, -33.314117431640625]
100;[19.610395431518555, 14.676135063171387, 11.314824104309082, 10.20349407196045, 10.029406547546387, 10.245935440063477, 10.253436088562012, 9.724994659423828, 9.633898735046387, 9.224512100219727, 8.810937881469727, 8.289608001708984, 7.824100494384766, 7.293927192687988, 7.054423809051514, 6.835676670074463, 6.412116050720215, 5.894033432006836, 5.530152797698975, 4.888335227966309, 4.451090335845947];[1.5035954713821411, 1.4060754776000977, 1.3052003383636475, 1.3078207969665527, 1.322890281677246, 1.3203028440475464, 1.3260694742202759, 1.3116341829299927, 1.3128758668899536, 1.3020238876342773, 1.3020788431167603, 1.2976019382476807, 1.3062143325805664, 1.3116815090179443, 1.2951993942260742, 1.2689917087554932, 1.2559460401535034, 1.2012650966644287, 1.153045654296875, 1.0808324813842773, 1.0088200569152832];[-154.35015869140625, -94.01191711425781, -54.822818756103516, -55.55451202392578, -59.235008239746094, -64.8462142944336, -64.3081283569336, -57.1168212890625, -57.08327102661133, -51.868370056152344, -46.79191589355469, -40.773338317871094, -36.1656379699707, -30.869474411010742, -29.524259567260742, -27.98590850830078, -23.673120498657227, -20.358491897583008, -18.108407974243164, -14.31611442565918, -11.553441047668457]
150;[19.606155395507812, 15.085938453674316, 11.192988395690918, 10.262808799743652, 9.89186954498291, 9.964500427246094, 10.005486488342285, 9.83706283569336, 9.669593811035156, 9.563569068908691, 9.346039772033691, 9.092207908630371, 8.847567558288574, 8.732954978942871, 8.539146423339844, 8.263136863708496, 8.129753112792969, 7.910407543182373, 7.653636932373047, 7.695768356323242, 7.745172023773193];[1.5014655590057373, 1.430961012840271, 1.3066860437393188, 1.305674433708191, 1.3399804830551147, 1.3466681241989136, 1.3475046157836914, 1.343505859375, 1.3409031629562378, 1.3522907495498657, 1.3448774814605713, 1.3416945934295654, 1.346331000328064, 1.3470375537872314, 1.3262701034545898, 1.3350129127502441, 1.3191266059875488, 1.3144581317901611, 1.3042192459106445, 1.3126075267791748, 1.318076491355896];[-151.96873474121094, -86.26692199707031, -54.499515533447266, -54.3682746887207, -56.704959869384766, -58.28311538696289, -60.785438537597656, -58.83121109008789, -57.0412483215332, -56.344112396240234, -53.719276428222656, -50.53853988647461, -48.8061637878418, -47.130348205566406, -44.980796813964844, -41.509239196777344, -41.233314514160156, -38.917083740234375, -36.59819412231445, -36.75614547729492, -37.50718688964844]
200;[19.60989761352539, 15.063364028930664, 11.098719596862793, 8.692117691040039, 9.030094146728516, 10.144164085388184, 10.045886993408203, 9.852943420410156, 9.828391075134277, 9.856124877929688, 9.663763046264648, 9.320189476013184, 9.140844345092773, 8.91484260559082, 8.782857894897461, 8.525673866271973, 8.1195650100708, 7.7064738273620605, 7.627690315246582, 7.551666736602783, 7.376480579376221];[1.5061771869659424, 1.4285566806793213, 1.2846637964248657, 1.2823175191879272, 1.3506982326507568, 1.4018969535827637, 1.3828333616256714, 1.3783880472183228, 1.3991355895996094, 1.4050724506378174, 1.3818355798721313, 1.396188497543335, 1.3928240537643433, 1.3824328184127808, 1.3826042413711548, 1.360336422920227, 1.3475326299667358, 1.3366409540176392, 1.3330588340759277, 1.329047679901123, 1.3251347541809082];[-146.62501525878906, -82.41478729248047, -42.73640441894531, -32.430030822753906, -46.1336784362793, -61.242149353027344, -61.249813079833984, -57.91317367553711, -57.6318244934082, -57.9710807800293, -57.241214752197266, -52.21330642700195, -50.73353958129883, -48.739261627197266, -47.25971221923828, -44.43577194213867, -40.287052154541016, -36.15321731567383, -35.74997329711914, -35.32155227661133, -33.627384185791016]
250;[19.606613159179688, 14.92055892944336, 10.403386116027832, 8.627523422241211, 9.619529724121094, 10.025633811950684, 9.8524751663208, 9.821758270263672, 9.87622356414795, 9.844803810119629, 9.825728416442871, 9.677436828613281, 9.746415138244629, 9.727580070495605, 9.573099136352539, 9.602054595947266, 9.432239532470703, 9.282176971435547, 9.269705772399902, 9.0975341796875, 9.041484832763672];[1.5035531520843506, 1.4227272272109985, 1.257718563079834, 1.2553597688674927, 1.3254142999649048, 1.3280583620071411, 1.3255603313446045, 1.3410166501998901, 1.3607548475265503, 1.3919105529785156, 1.3960845470428467, 1.3787685632705688, 1.3854217529296875, 1.3923510313034058, 1.3946501016616821, 1.4100440740585327, 1.3929095268249512, 1.395097017288208, 1.3919920921325684, 1.3932727575302124, 1.3698186874389648];[-154.35806274414062, -81.8894271850586, -38.81370162963867, -35.4594612121582, -53.4654655456543, -58.7341194152832, -57.696937561035156, -57.85231399536133, -58.14564895629883, -58.10154724121094, -58.432579040527344, -58.52150344848633, -58.77412033081055, -59.248779296875, -56.318729400634766, -56.83251953125, -55.409584045410156, -53.186424255371094, -53.862098693847656, -51.50137710571289, -51.68723678588867]
300;[19.599504470825195, 15.526691436767578, 11.495514869689941, 9.480106353759766, 9.114906311035156, 9.986178398132324, 10.047344207763672, 9.879759788513184, 9.926287651062012, 9.75716781616211, 9.511468887329102, 9.45783805847168, 9.290377616882324, 9.206290245056152, 9.0565767288208, 8.94503116607666, 8.81209945678711, 8.55141544342041, 8.402606010437012, 8.219758033752441, 7.8295183181762695];[1.502313494682312, 1.4393551349639893, 1.3152668476104736, 1.2777340412139893, 1.299843430519104, 1.3035513162612915, 1.3230867385864258, 1.3350045680999756, 1.3540762662887573, 1.3716968297958374, 1.370711326599121, 1.3650360107421875, 1.3707258701324463, 1.35280179977417, 1.359128475189209, 1.3623660802841187, 1.3568154573440552, 1.3474977016448975, 1.3320906162261963, 1.3273494243621826, 1.3165252208709717];[-152.23704528808594, -90.21298217773438, -57.944061279296875, -38.63101577758789, -48.17689514160156, -57.540855407714844, -58.47182083129883, -58.17546081542969, -59.87330627441406, -58.56901550292969, -55.63429260253906, -56.16439437866211, -52.91441345214844, -53.569923400878906, -51.67461013793945, -50.41978454589844, -49.02218246459961, -46.49851989746094, -44.97225570678711, -43.23387145996094, -39.2606201171875]
350;[19.601476669311523, 14.658801078796387, 11.903141021728516, 11.035212516784668, 10.361686706542969, 10.225333213806152, 10.03686237335205, 9.89009952545166, 9.696372032165527, 9.721014022827148, 9.827086448669434, 9.808756828308105, 9.544046401977539, 9.216243743896484, 9.171138763427734, 9.06921100616455, 8.988131523132324, 8.83681869506836, 8.638589859008789, 8.348309516906738, 8.114089012145996];[1.5042431354522705, 1.4057356119155884, 1.320968747138977, 1.337502121925354, 1.3474414348602295, 1.3741650581359863, 1.4082446098327637, 1.3892346620559692, 1.3772308826446533, 1.3945815563201904, 1.4031250476837158, 1.4065829515457153, 1.3930785655975342, 1.3827694654464722, 1.3764573335647583, 1.395430088043213, 1.3760194778442383, 1.397716999053955, 1.379958987236023, 1.370336890220642, 1.3630260229110718];[-152.56439208984375, -93.60850524902344, -70.12255096435547, -66.15283966064453, -64.11184692382812, -62.310489654541016, -59.170166015625, -58.55278015136719, -57.29741668701172, -57.62879943847656, -59.78728485107422, -59.38019943237305, -56.1281852722168, -52.25027847290039, -52.19206237792969, -50.523773193359375, -50.574851989746094, -48.09796905517578, -46.47981262207031, -43.04122543334961, -40.991947174072266]
400;[19.606170654296875, 14.412700653076172, 11.190937042236328, 10.170206069946289, 9.763385772705078, 9.911066055297852, 9.762872695922852, 9.722496032714844, 9.61861801147461, 9.395486831665039, 8.864166259765625, 8.697898864746094, 8.35238265991211, 8.01757526397705, 7.4820427894592285, 7.258814811706543, 7.252482891082764, 7.187562942504883, 7.082729339599609, 6.853595733642578, 6.375800609588623];[1.5038254261016846, 1.3984167575836182, 1.302992820739746, 1.3376110792160034, 1.421554446220398, 1.3947553634643555, 1.4138928651809692, 1.4056599140167236, 1.4339637756347656, 1.3802834749221802, 1.3944909572601318, 1.3781834840774536, 1.3774104118347168, 1.3477563858032227, 1.3210197687149048, 1.2965811491012573, 1.2964590787887573, 1.2823982238769531, 1.2771140336990356, 1.270940899848938, 1.237780213356018];[-149.32980346679688, -87.50505828857422, -53.16226577758789, -49.37501525878906, -50.430538177490234, -57.32296371459961, -53.722442626953125, -56.40689468383789, -53.587642669677734, -52.64937973022461, -45.429847717285156, -44.8061408996582, -40.41422653198242, -38.24259948730469, -33.3916015625, -32.126365661621094, -32.435672760009766, -32.365936279296875, -30.978071212768555, -29.112022399902344, -24.781513214111328]
450;[19.606168746948242, 15.98678970336914, 12.760153770446777, 11.234968185424805, 10.879965782165527, 11.044690132141113, 10.992722511291504, 10.53598403930664, 10.289093017578125, 9.754195213317871, 9.190289497375488, 8.66418743133545, 8.196516036987305, 7.838721752166748, 8.189355850219727, 8.198783874511719, 8.176675796508789, 8.091911315917969, 8.028014183044434, 7.783090114593506, 7.416499137878418];[1.5035308599472046, 1.4377951622009277, 1.3707821369171143, 1.3302196264266968, 1.3410148620605469, 1.3461776971817017, 1.341039776802063, 1.334800362586975, 1.3247344493865967, 1.3093563318252563, 1.2906768321990967, 1.2685902118682861, 1.2601512670516968, 1.2910122871398926, 1.3156335353851318, 1.3119274377822876, 1.3168858289718628, 1.3205105066299438, 1.3205450773239136, 1.3235849142074585, 1.3021386861801147];[-151.8433380126953, -109.93003845214844, -76.1611328125, -67.86552429199219, -70.27638244628906, -74.44029235839844, -72.81612396240234, -65.44709777832031, -63.0049934387207, -56.19097137451172, -48.54296875, -42.82615661621094, -38.1477165222168, -36.3819580078125, -41.0114860534668, -41.490135192871094, -40.9852294921875, -39.98787307739258, -39.66492462158203, -36.589725494384766, -33.81507873535156]
500;[19.61858558654785, 15.027798652648926, 10.626296043395996, 7.943408966064453, 7.156171798706055, 4.981689929962158, 4.586087703704834, 5.795833110809326, 7.932243824005127, 8.941190719604492, 9.130420684814453, 8.941754341125488, 8.974041938781738, 8.653077125549316, 8.391568183898926, 8.295393943786621, 8.221983909606934, 8.094200134277344, 7.820501804351807, 7.696690082550049, 7.613706111907959];[1.5067291259765625, 1.428898572921753, 1.263782024383545, 1.186484694480896, 1.3843350410461426, 1.1313170194625854, 0.9805880188941956, 1.1708682775497437, 1.3369749784469604, 1.3639426231384277, 1.3667247295379639, 1.3553792238235474, 1.3919988870620728, 1.3667783737182617, 1.350935935974121, 1.3617134094238281, 1.339768409729004, 1.3322553634643555, 1.323197364807129, 1.3126064538955688, 1.3101316690444946];[-145.80203247070312, -85.3689956665039, -39.694950103759766, -21.2674560546875, -12.837257385253906, -8.754011154174805, -9.406593322753906, -18.623397827148438, -36.48124694824219, -47.517303466796875, -49.20131301879883, -47.852840423583984, -47.505584716796875, -44.65102005004883, -42.03257751464844, -41.403682708740234, -42.09245300292969, -40.446449279785156, -37.75324249267578, -36.90291213989258, -36.31218338012695]
550;[19.599740982055664, 14.644959449768066, 10.775822639465332, 10.017416000366211, 10.374938011169434, 10.279632568359375, 10.376529693603516, 10.176717758178711, 10.123079299926758, 10.178354263305664, 10.108729362487793, 9.850566864013672, 9.661429405212402, 9.368490219116211, 9.322583198547363, 9.122635841369629, 8.8873929977417, 8.60189437866211, 8.471240997314453, 8.15153694152832, 7.823421478271484];[1.50727117061615, 1.4074699878692627, 1.288703203201294, 1.3351820707321167, 1.4555718898773193, 1.419010877609253, 1.4696943759918213, 1.436938762664795, 1.442518711090088, 1.4318063259124756, 1.438236951828003, 1.4369919300079346, 1.4455968141555786, 1.4327336549758911, 1.4184476137161255, 1.4137519598007202, 1.4073138236999512, 1.4024076461791992, 1.3954297304153442, 1.3741250038146973, 1.3628469705581665];[-149.0399627685547, -77.73095703125, -48.735191345214844, -48.88682556152344, -59.451805114746094, -62.328956604003906, -61.6951789855957, -61.2873420715332, -61.124393463134766, -61.67560577392578, -61.39706039428711, -58.39932632446289, -55.67138671875, -52.52012634277344, -52.46131896972656, -50.585453033447266, -47.542118072509766, -44.09681701660156, -43.48207473754883, -40.25211715698242, -36.901039123535156]
600;[19.600278854370117, 15.077917098999023, 11.223851203918457, 8.115981101989746, 6.578441143035889, 8.54814338684082, 9.711956977844238, 9.984003067016602, 9.94560432434082, 9.685919761657715, 9.461856842041016, 9.346481323242188, 9.109175682067871, 9.072688102722168, 9.0717191696167, 9.125764846801758, 8.945987701416016, 8.743456840515137, 8.446261405944824, 8.233358383178711, 8.025830268859863];[1.501469373703003, 1.4282265901565552, 1.2969697713851929, 1.1836731433868408, 1.2514361143112183, 1.3040242195129395, 1.402588963508606, 1.3712871074676514, 1.397111177444458, 1.3779704570770264, 1.3805383443832397, 1.3668127059936523, 1.3681138753890991, 1.370700478553772, 1.378554344177246, 1.3898425102233887, 1.376967191696167, 1.37412428855896, 1.3734251260757446, 1.3487746715545654, 1.3406704664230347];[-155.08706665039062, -84.97705841064453, -45.42325210571289, -19.845258712768555, -21.198331832885742, -41.88499069213867, -54.78582000732422, -61.65093231201172, -59.27870559692383, -57.51398849487305, -54.58900833129883, -53.51914978027344, -50.59371566772461, -50.684478759765625, -50.63649368286133, -51.28635787963867, -49.469581604003906, -47.178810119628906, -43.28091812133789, -42.03264617919922, -40.162208557128906]
650;[19.609243392944336, 15.392465591430664, 11.728254318237305, 10.440130233764648, 10.302743911743164, 10.389944076538086, 10.23543930053711, 9.96885871887207, 9.78360652923584, 9.54025650024414, 9.502227783203125, 9.34545612335205, 9.10033893585205, 9.114500999450684, 9.000568389892578, 8.754016876220703, 8.510392189025879, 8.209931373596191, 7.880189895629883, 7.556783676147461, 7.418941020965576];[1.5071781873703003, 1.432417631149292, 1.3227264881134033, 1.3084498643875122, 1.3759857416152954, 1.4091825485229492, 1.3969109058380127, 1.3977241516113281, 1.3761674165725708, 1.3854519128799438, 1.3941311836242676, 1.3871963024139404, 1.387284517288208, 1.3772369623184204, 1.37998628616333, 1.3786671161651611, 1.3612124919891357, 1.3521621227264404, 1.3437913656234741, 1.3336796760559082, 1.2989789247512817];[-153.84912109375, -88.61780548095703, -58.495826721191406, -53.437843322753906, -58.60304641723633, -65.38597869873047, -64.5451889038086, -60.1508903503418, -59.237022399902344, -55.277164459228516, -55.09955978393555, -53.8007926940918, -50.211326599121094, -51.46674728393555, -49.78084945678711, -46.8131217956543, -44.565067291259766, -41.372100830078125, -37.61689376831055, -34.83564376831055, -34.19606399536133]
700;[19.62272834777832, 14.638477325439453, 11.477791786193848, 9.67740249633789, 9.70508861541748, 9.925579071044922, 9.790803909301758, 9.524171829223633, 9.112770080566406, 9.133869171142578, 9.118350982666016, 8.873963356018066, 8.688226699829102, 8.475347518920898, 8.324651718139648, 8.118309020996094, 7.97573709487915, 7.5531697273254395, 7.429278373718262, 7.342493057250977, 7.107077598571777];[1.5059008598327637, 1.406274437904358, 1.3166193962097168, 1.2773053646087646, 1.330902099609375, 1.3239518404006958, 1.32085382938385, 1.3134846687316895, 1.303253173828125, 1.3203579187393188, 1.342427372932434, 1.3972687721252441, 1.4395314455032349, 1.4043147563934326, 1.4297304153442383, 1.374996304512024, 1.4045480489730835, 1.364102840423584, 1.3851487636566162, 1.3689968585968018, 1.3697341680526733];[-153.39105224609375, -92.9800033569336, -58.141475677490234, -45.188785552978516, -52.16404342651367, -57.58378601074219, -56.22528839111328, -52.50446319580078, -48.174861907958984, -48.376251220703125, -47.21367263793945, -43.701969146728516, -43.276824951171875, -41.3466682434082, -39.668006896972656, -39.02142333984375, -36.38058090209961, -33.39653778076172, -32.14773941040039, -31.846908569335938, -29.46178436279297]
750;[19.619277954101562, 14.912959098815918, 11.039057731628418, 10.09497356414795, 10.283163070678711, 10.405911445617676, 10.483358383178711, 10.484182357788086, 10.351993560791016, 10.254207611083984, 10.061047554016113, 10.017078399658203, 9.985188484191895, 9.854393005371094, 9.69530200958252, 9.662934303283691, 9.562005043029785, 9.49937629699707, 9.610138893127441, 9.794595718383789, 9.752440452575684];[1.5055729150772095, 1.4266940355300903, 1.3020633459091187, 1.3271925449371338, 1.4295178651809692, 1.414131760597229, 1.4359796047210693, 1.413386583328247, 1.4372819662094116, 1.4181840419769287, 1.4180266857147217, 1.4025545120239258, 1.4357317686080933, 1.4120575189590454, 1.4186989068984985, 1.4005018472671509, 1.407558560371399, 1.4006003141403198, 1.3934178352355957, 1.4063589572906494, 1.3991115093231201];[-151.58682250976562, -81.56088256835938, -53.674644470214844, -49.5638313293457, -57.49773406982422, -64.87451934814453, -65.65267944335938, -67.75923156738281, -64.6975326538086, -64.35965728759766, -61.840633392333984, -62.30958938598633, -60.784549713134766, -60.724082946777344, -58.404178619384766, -58.568538665771484, -57.24647521972656, -56.917213439941406, -58.656070709228516, -60.593711853027344, -60.5323486328125]
800;[19.624168395996094, 14.994481086730957, 12.062073707580566, 10.455078125, 9.76247787475586, 10.083312034606934, 10.111669540405273, 10.073080062866211, 9.822373390197754, 9.664617538452148, 9.451201438903809, 9.525503158569336, 9.32071304321289, 9.07136344909668, 8.947470664978027, 8.805343627929688, 8.459983825683594, 8.392199516296387, 8.167645454406738, 8.172518730163574, 7.910577297210693];[1.5057421922683716, 1.4117623567581177, 1.3250013589859009, 1.3142733573913574, 1.353702425956726, 1.3773295879364014, 1.3617993593215942, 1.397449016571045, 1.3644378185272217, 1.3731571435928345, 1.3631901741027832, 1.379386305809021, 1.3628871440887451, 1.3651984930038452, 1.354986548423767, 1.3506784439086914, 1.3377575874328613, 1.3477586507797241, 1.345211148262024, 1.3331111669540405, 1.327216386795044];[-153.67041015625, -98.030517578125, -69.53181457519531, -53.860740661621094, -50.997215270996094, -61.43082046508789, -61.43095397949219, -60.35016632080078, -59.56223678588867, -57.064109802246094, -54.25257873535156, -55.22910690307617, -53.080665588378906, -50.596168518066406, -49.638458251953125, -47.63239288330078, -44.32814025878906, -43.847503662109375, -41.11155319213867, -41.89252853393555, -39.13623046875]
850;[19.599803924560547, 15.077885627746582, 10.767058372497559, 8.721818923950195, 8.556032180786133, 9.139107704162598, 9.46633529663086, 9.082788467407227, 8.740540504455566, 8.533984184265137, 8.03381061553955, 7.942862033843994, 8.000240325927734, 7.81434440612793, 7.4755964279174805, 7.195446968078613, 7.278344631195068, 7.301454067230225, 7.050760269165039, 6.820569038391113, 6.502247333526611];[1.506380558013916, 1.4289741516113281, 1.2727131843566895, 1.264875888824463, 1.3294737339019775, 1.3183921575546265, 1.3668402433395386, 1.347883701324463, 1.3272308111190796, 1.338940143585205, 1.2946783304214478, 1.2917656898498535, 1.2937260866165161, 1.2814135551452637, 1.2678207159042358, 1.2679142951965332, 1.2706689834594727, 1.2641370296478271, 1.2496466636657715, 1.2433210611343384, 1.2334455251693726];[-156.58274841308594, -87.32905578613281, -41.02928161621094, -32.78480529785156, -38.2870979309082, -46.718807220458984, -47.566162109375, -45.35215377807617, -42.07728576660156, -39.273284912109375, -36.487403869628906, -37.558597564697266, -38.347076416015625, -36.6378173828125, -33.10487365722656, -30.673206329345703, -31.967435836791992, -32.87861251831055, -30.989797592163086, -28.64971351623535, -25.624631881713867]
900;[19.611408233642578, 14.778173446655273, 11.082364082336426, 9.230109214782715, 9.415199279785156, 10.12533187866211, 10.086008071899414, 9.86147689819336, 9.843841552734375, 9.550215721130371, 9.582324981689453, 9.199814796447754, 8.949409484863281, 8.879828453063965, 8.39786148071289, 8.419824600219727, 8.002547264099121, 7.741869926452637, 7.355787754058838, 7.2026753425598145, 7.001717567443848];[1.50496506690979, 1.4193905591964722, 1.297096848487854, 1.285912036895752, 1.3880637884140015, 1.3705142736434937, 1.4059627056121826, 1.3655108213424683, 1.4124325513839722, 1.358028531074524, 1.4165111780166626, 1.3614418506622314, 1.392134428024292, 1.3475117683410645, 1.3765373229980469, 1.3415385484695435, 1.3552240133285522, 1.315464735031128, 1.3241442441940308, 1.3070353269577026, 1.3014628887176514];[-153.94790649414062, -81.54515075683594, -52.59760665893555, -38.154296875, -48.86310577392578, -62.59505844116211, -60.317378997802734, -58.753684997558594, -56.0342903137207, -54.852577209472656, -53.39012145996094, -51.92379379272461, -48.479156494140625, -49.48884201049805, -43.0681037902832, -44.35184097290039, -39.25202560424805, -37.4422492980957, -33.04642105102539, -32.313377380371094, -30.26641082763672]
950;[19.618736267089844, 15.167886734008789, 12.725887298583984, 10.050612449645996, 8.688332557678223, 8.250351905822754, 9.355195999145508, 9.548514366149902, 9.481800079345703, 9.33443546295166, 9.256389617919922, 8.914285659790039, 8.504672050476074, 8.094334602355957, 8.009058952331543, 7.816434383392334, 7.84866189956665, 7.898465156555176, 7.798620700836182, 7.6702094078063965, 7.250138759613037];[1.5050996541976929, 1.4325532913208008, 1.3644517660140991, 1.2713505029678345, 1.3498196601867676, 1.4110586643218994, 1.364899754524231, 1.35945463180542, 1.3706055879592896, 1.3762688636779785, 1.3822702169418335, 1.3589239120483398, 1.3611645698547363, 1.3346261978149414, 1.3708704710006714, 1.3662176132202148, 1.3435662984848022, 1.3641847372055054, 1.3521190881729126, 1.3508355617523193, 1.3338987827301025];[-150.32244873046875, -85.10472869873047, -58.451393127441406, -41.678977966308594, -28.74703598022461, -35.37903594970703, -48.79158020019531, -53.0555534362793, -51.62318801879883, -52.205421447753906, -50.61211395263672, -46.849830627441406, -41.9873046875, -38.3700065612793, -36.66025924682617, -35.286190032958984, -36.438594818115234, -37.23316955566406, -36.605690002441406, -34.893123626708984, -31.39803695678711]
1000;[19.583219528198242, 14.917729377746582, 11.465991020202637, 10.307969093322754, 9.741377830505371, 9.776211738586426, 9.83346939086914, 9.561870574951172, 9.619843482971191, 9.504597663879395, 9.196508407592773, 8.899438858032227, 8.6904878616333, 8.26386833190918, 7.828031063079834, 7.658055305480957, 7.498310089111328, 7.163946151733398, 6.823935508728027, 6.456103324890137, 6.286470413208008];[1.5048176050186157, 1.4083998203277588, 1.3160635232925415, 1.3068851232528687, 1.3618288040161133, 1.3385919332504272, 1.3648889064788818, 1.3673808574676514, 1.3534877300262451, 1.358397364616394, 1.340559720993042, 1.3403353691101074, 1.336116909980774, 1.3161208629608154, 1.2982524633407593, 1.2929786443710327, 1.2953062057495117, 1.2707058191299438, 1.2534186840057373, 1.2350196838378906, 1.2082303762435913];[-146.6394805908203, -95.59956359863281, -57.758636474609375, -53.71297836303711, -51.56570816040039, -57.65982437133789, -55.170082092285156, -55.471282958984375, -57.29594421386719, -55.040443420410156, -52.116851806640625, -48.44316864013672, -46.18694305419922, -41.396636962890625, -37.48666763305664, -35.4457893371582, -33.933143615722656, -31.590099334716797, -27.993896484375, -25.4976806640625, -24.4558162689209]
1050;[19.599123001098633, 15.054335594177246, 11.110360145568848, 9.330300331115723, 9.470464706420898, 9.96410846710205, 10.252469062805176, 10.0838623046875, 10.011985778808594, 9.88705825805664, 9.645201683044434, 9.51867961883545, 9.26270580291748, 9.192704200744629, 8.994656562805176, 8.701720237731934, 8.375484466552734, 8.055328369140625, 7.650900840759277, 7.429010391235352, 7.26500129699707];[1.5067322254180908, 1.4287704229354858, 1.2936456203460693, 1.291345477104187, 1.4452121257781982, 1.4299389123916626, 1.415421724319458, 1.4041409492492676, 1.4170594215393066, 1.4074167013168335, 1.3977323770523071, 1.3976675271987915, 1.3941302299499512, 1.4086865186691284, 1.3911967277526855, 1.3965427875518799, 1.3621407747268677, 1.3706859350204468, 1.335365891456604, 1.3555599451065063, 1.352236270904541];[-149.36273193359375, -83.45960235595703, -52.986019134521484, -37.94112777709961, -44.1290168762207, -57.33478546142578, -62.617401123046875, -60.6805419921875, -60.094688415527344, -58.984291076660156, -56.733009338378906, -54.65867233276367, -51.46076202392578, -51.42808532714844, -49.547767639160156, -45.16461944580078, -42.64295959472656, -38.36003112792969, -35.419498443603516, -32.34086608886719, -31.404403686523438]
1100;[19.623069763183594, 15.083356857299805, 12.230831146240234, 10.662039756774902, 10.461165428161621, 10.295435905456543, 9.901119232177734, 9.715867042541504, 9.256231307983398, 9.121087074279785, 8.877594947814941, 8.727935791015625, 8.56039810180664, 8.393518447875977, 8.151427268981934, 7.794076442718506, 7.820048809051514, 7.707641124725342, 7.691065788269043, 7.440464019775391, 7.157265663146973];[1.5054816007614136, 1.4191120862960815, 1.335437297821045, 1.3106575012207031, 1.338893175125122, 1.328996181488037, 1.316982388496399, 1.3164671659469604, 1.2985540628433228, 1.3062701225280762, 1.3125981092453003, 1.3596302270889282, 1.3820674419403076, 1.3881198167800903, 1.389338731765747, 1.3746906518936157, 1.3978215456008911, 1.3908227682113647, 1.3833870887756348, 1.3668981790542603, 1.3632463216781616];[-154.11451721191406, -97.06069946289062, -74.10884857177734, -60.4373893737793, -63.89629364013672, -61.02827453613281, -57.45631790161133, -55.060340881347656, -49.567527770996094, -49.12564468383789, -44.71495056152344, -43.147247314453125, -42.15164566040039, -40.85847473144531, -37.654300689697266, -34.8141975402832, -34.279396057128906, -34.93330383300781, -34.357933044433594, -31.991928100585938, -29.961267471313477]
1150;[19.6011962890625, 15.071222305297852, 11.101780891418457, 8.110759735107422, 6.904969692230225, 7.821840286254883, 8.772499084472656, 9.326476097106934, 9.287378311157227, 9.031889915466309, 8.646326065063477, 8.318412780761719, 8.238332748413086, 8.34942626953125, 8.294816017150879, 8.265645980834961, 8.121493339538574, 7.851269721984863, 7.822160243988037, 7.587349891662598, 7.312814712524414];[1.5053765773773193, 1.4321403503417969, 1.2964085340499878, 1.191990613937378, 1.3412588834762573, 1.3206449747085571, 1.354507565498352, 1.3497610092163086, 1.3447574377059937, 1.3339053392410278, 1.3296071290969849, 1.3160548210144043, 1.2970248460769653, 1.3185086250305176, 1.3266732692718506, 1.3290044069290161, 1.317552924156189, 1.3123010396957397, 1.3075497150421143, 1.2921289205551147, 1.277549386024475];[-153.02622985839844, -85.37553405761719, -43.861934661865234, -21.285755157470703, -19.94194984436035, -31.559614181518555, -43.3172492980957, -50.86423873901367, -51.02342224121094, -47.548316955566406, -43.508026123046875, -40.098480224609375, -40.6463737487793, -42.303924560546875, -41.5587272644043, -42.2448616027832, -40.702125549316406, -37.73020935058594, -37.85306167602539, -35.752716064453125, -33.36545944213867]
1200;[19.607494354248047, 14.873652458190918, 10.965900421142578, 9.871057510375977, 10.376605033874512, 10.437716484069824, 10.134819030761719, 9.90676498413086, 9.6521577835083, 9.296548843383789, 9.007120132446289, 8.880008697509766, 8.998883247375488, 9.101243019104004, 8.934173583984375, 8.758586883544922, 8.723417282104492, 8.428339004516602, 8.304643630981445, 8.209696769714355, 8.217547416687012];[1.5042393207550049, 1.4208860397338867, 1.2869453430175781, 1.3266651630401611, 1.3871814012527466, 1.3898314237594604, 1.3803402185440063, 1.381768822669983, 1.381968379020691, 1.3677982091903687, 1.359734296798706, 1.3485413789749146, 1.3632500171661377, 1.3878272771835327, 1.3897072076797485, 1.3723890781402588, 1.3691006898880005, 1.3689093589782715, 1.351840615272522, 1.3512978553771973, 1.3603031635284424];[-149.67286682128906, -82.52790069580078, -48.01948165893555, -48.33820343017578, -62.92801284790039, -63.74752426147461, -60.70472717285156, -56.692726135253906, -53.399269104003906, -49.9137077331543, -46.683349609375, -47.08047866821289, -48.3781852722168, -50.043556213378906, -47.86354446411133, -47.38396072387695, -46.1589241027832, -43.066139221191406, -42.58600997924805, -41.651607513427734, -41.58116149902344]
1250;[19.587186813354492, 14.514265060424805, 12.001996994018555, 11.052519798278809, 10.881549835205078, 10.611028671264648, 10.391315460205078, 10.393294334411621, 10.298173904418945, 10.11373519897461, 9.846576690673828, 9.608037948608398, 9.598614692687988, 9.334510803222656, 9.312156677246094, 9.166072845458984, 9.14362621307373, 8.960886001586914, 8.827947616577148, 8.783297538757324, 8.790912628173828];[1.5069270133972168, 1.3955837488174438, 1.3198668956756592, 1.3431416749954224, 1.444867730140686, 1.45395827293396, 1.4505820274353027, 1.4440586566925049, 1.4290993213653564, 1.4340603351593018, 1.4346808195114136, 1.420931339263916, 1.420964241027832, 1.407033085823059, 1.3913910388946533, 1.3736119270324707, 1.3717209100723267, 1.3687782287597656, 1.362696647644043, 1.368797779083252, 1.3703044652938843];[-149.9051971435547, -88.18132781982422, -68.90855407714844, -62.81230163574219, -66.40020751953125, -66.86051177978516, -64.4761962890625, -64.72396087646484, -64.05032348632812, -61.305274963378906, -58.01951217651367, -55.624202728271484, -55.188873291015625, -52.656707763671875, -53.31768035888672, -51.87191390991211, -52.400978088378906, -50.248741149902344, -48.580413818359375, -48.371559143066406, -48.69868087768555]
1300;[19.600337982177734, 14.493346214294434, 12.165948867797852, 11.236942291259766, 10.524269104003906, 10.124861717224121, 9.541566848754883, 9.227545738220215, 9.048989295959473, 8.963729858398438, 9.022356986999512, 8.834185600280762, 8.46886157989502, 8.301375389099121, 8.10425090789795, 7.793766975402832, 7.409199237823486, 6.980129241943359, 6.441052436828613, 6.023080348968506, 5.690730094909668];[1.5058543682098389, 1.3953814506530762, 1.334318995475769, 1.3292278051376343, 1.3327642679214478, 1.3319164514541626, 1.331850290298462, 1.3413996696472168, 1.3569163084030151, 1.3649039268493652, 1.3438453674316406, 1.3418422937393188, 1.325573444366455, 1.320285677909851, 1.3228932619094849, 1.307175874710083, 1.291096806526184, 1.2543506622314453, 1.2195825576782227, 1.1923106908798218, 1.1569217443466187];[-148.8936767578125, -87.31639862060547, -73.16151428222656, -70.99988555908203, -66.14118957519531, -60.76068878173828, -54.132164001464844, -50.43260192871094, -48.44904708862305, -47.83433532714844, -49.995399475097656, -47.63469314575195, -43.7296257019043, -42.61540603637695, -40.713497161865234, -37.614784240722656, -33.83955383300781, -29.881574630737305, -25.713096618652344, -22.504850387573242, -20.328847885131836]
1350;[19.606346130371094, 16.504751205444336, 13.220351219177246, 11.322020530700684, 11.43115234375, 11.471169471740723, 11.405895233154297, 11.00832748413086, 10.472232818603516, 9.68710708618164, 9.128585815429688, 8.982821464538574, 9.396100044250488, 9.534366607666016, 9.308941841125488, 9.06350326538086, 8.708100318908691, 8.445043563842773, 8.137906074523926, 7.843131065368652, 7.91421365737915];[1.5064271688461304, 1.4494998455047607, 1.38328218460083, 1.3540252447128296, 1.362257719039917, 1.3621301651000977, 1.3680404424667358, 1.354736328125, 1.3328235149383545, 1.3029465675354004, 1.2817872762680054, 1.335646629333496, 1.3615844249725342, 1.3568042516708374, 1.3501702547073364, 1.344841718673706, 1.334618330001831, 1.3287403583526611, 1.3137784004211426, 1.2984369993209839, 1.3058222532272339];[-158.31321716308594, -118.22454071044922, -78.48382568359375, -69.65705871582031, -76.10958099365234, -77.09168243408203, -77.54122924804688, -72.18756103515625, -63.856468200683594, -53.67723083496094, -46.92490768432617, -48.3554801940918, -55.555198669433594, -57.4268798828125, -54.69229507446289, -51.69932556152344, -47.287506103515625, -44.553653717041016, -41.36784362792969, -38.972469329833984, -39.74796676635742]
1400;[19.60564422607422, 14.815546989440918, 11.5647554397583, 9.656505584716797, 8.991790771484375, 9.4325532913208, 9.87109375, 9.639411926269531, 9.600597381591797, 9.50758171081543, 9.44114875793457, 9.507953643798828, 9.403000831604004, 9.061057090759277, 8.7748441696167, 8.761685371398926, 8.916644096374512, 8.716340065002441, 8.594715118408203, 8.390876770019531, 8.35672378540039];[1.5068955421447754, 1.4247181415557861, 1.3213553428649902, 1.2707741260528564, 1.2942862510681152, 1.3121854066848755, 1.334883213043213, 1.3168009519577026, 1.335166335105896, 1.3217494487762451, 1.335240125656128, 1.3383903503417969, 1.3359827995300293, 1.326888918876648, 1.3140078783035278, 1.3262150287628174, 1.3258899450302124, 1.3214240074157715, 1.3214404582977295, 1.3148553371429443, 1.307759404182434];[-152.33116149902344, -85.66724395751953, -59.477108001708984, -43.20450210571289, -41.5990104675293, -53.772491455078125, -58.64777374267578, -56.55812072753906, -56.18031692504883, -57.322479248046875, -56.12959289550781, -57.714576721191406, -56.1644287109375, -51.94302749633789, -49.02497482299805, -48.611907958984375, -51.37211990356445, -48.330074310302734, -47.39863204956055, -44.96449661254883, -45.012752532958984]
1450;[19.62308120727539, 14.877961158752441, 11.0527925491333, 9.302356719970703, 8.790800094604492, 9.537742614746094, 9.80025577545166, 9.640247344970703, 9.313966751098633, 9.133785247802734, 8.941866874694824, 8.760396957397461, 8.592920303344727, 8.422635078430176, 8.085759162902832, 7.812855243682861, 7.679637908935547, 7.689621448516846, 7.746225357055664, 7.867140293121338, 7.903125762939453];[1.5109329223632812, 1.4190219640731812, 1.293540596961975, 1.3156859874725342, 1.4177045822143555, 1.4134544134140015, 1.4562561511993408, 1.4706648588180542, 1.484757900238037, 1.5010688304901123, 1.4833178520202637, 1.4620425701141357, 1.4215542078018188, 1.376271367073059, 1.3371837139129639, 1.3451265096664429, 1.312407374382019, 1.3152079582214355, 1.3106616735458374, 1.3158705234527588, 1.3110722303390503];[-152.7705535888672, -80.66648864746094, -52.11870193481445, -34.206993103027344, -40.7265510559082, -49.631832122802734, -52.350284576416016, -49.77445983886719, -46.46923828125, -44.72682189941406, -43.28846740722656, -41.61296081542969, -41.98435592651367, -41.12770080566406, -38.734718322753906, -35.64445495605469, -34.84529113769531, -36.19076919555664, -37.6558952331543, -38.7142333984375, -39.444576263427734]
1500;[19.61345863342285, 15.039634704589844, 12.732155799865723, 10.309391021728516, 8.840210914611816, 8.135721206665039, 7.960667610168457, 7.966774940490723, 7.763006687164307, 7.199393272399902, 6.702083587646484, 6.616827011108398, 6.2519354820251465, 5.654610633850098, 5.123652935028076, 4.5973286628723145, 3.998927116394043, 3.367269515991211, 2.57780122756958, 1.7723791599273682, 1.5144860744476318];[1.5054144859313965, 1.4087978601455688, 1.3490207195281982, 1.2758572101593018, 1.3370118141174316, 1.4382318258285522, 1.4250644445419312, 1.4307379722595215, 1.4029927253723145, 1.4138516187667847, 1.3344937562942505, 1.3444578647613525, 1.311228632926941, 1.2125184535980225, 1.144961953163147, 1.0548568964004517, 0.9521105885505676, 0.8035457134246826, 0.5465953946113586, 0.16244949400424957, 0.04081286862492561];[-153.07765197753906, -92.4803695678711, -69.90603637695312, -45.557743072509766, -32.080631256103516, -29.226823806762695, -30.500415802001953, -30.3038387298584, -28.514719009399414, -23.52694320678711, -22.387495040893555, -21.723119735717773, -18.98615264892578, -16.15884017944336, -13.772394180297852, -11.010030746459961, -8.648338317871094, -6.028275966644287, -3.5895192623138428, -1.899403691291809, -1.5356662273406982]
