Seed;RMSE History;MMD History;Log-Likelihood History
50;[16.457935333251953, 13.876546859741211, 11.500654220581055, 9.932487487792969, 9.101317405700684, 9.916678428649902, 10.375138282775879, 10.369795799255371, 10.255539894104004, 9.906667709350586, 9.856688499450684, 9.490255355834961, 9.385950088500977, 9.13378620147705, 9.350400924682617, 9.473540306091309, 9.371691703796387, 9.221099853515625, 8.951169967651367, 8.828330039978027, 8.668425559997559];[1.3664692640304565, 1.279911756515503, 1.1786456108093262, 1.1580313444137573, 1.2777997255325317, 1.2864702939987183, 1.3765969276428223, 1.3100917339324951, 1.355005145072937, 1.303358554840088, 1.3470327854156494, 1.2842670679092407, 1.328728437423706, 1.2799758911132812, 1.345200777053833, 1.3473002910614014, 1.341685175895691, 1.3365005254745483, 1.3158515691757202, 1.3302632570266724, 1.3019648790359497];[-73.45442199707031, -49.617897033691406, -34.64341354370117, -22.98247528076172, -26.365392684936523, -33.93019104003906, -38.380672454833984, -40.61457824707031, -37.35209655761719, -36.5833625793457, -34.143409729003906, -33.91286849975586, -31.001924514770508, -31.881933212280273, -32.74118423461914, -34.304447174072266, -33.550682067871094, -31.943553924560547, -30.82062530517578, -29.888469696044922, -28.764806747436523]
100;[16.432859420776367, 14.86606216430664, 13.002498626708984, 10.84811782836914, 10.473222732543945, 10.624305725097656, 10.732751846313477, 10.675427436828613, 10.7537841796875, 10.835598945617676, 10.830572128295898, 10.74820327758789, 10.69611930847168, 10.651819229125977, 10.714858055114746, 10.547754287719727, 10.520113945007324, 10.426811218261719, 10.149023056030273, 10.107369422912598, 10.217934608459473];[1.3662739992141724, 1.3162351846694946, 1.2456369400024414, 1.2098031044006348, 1.2629094123840332, 1.3200387954711914, 1.3203617334365845, 1.3409162759780884, 1.3270689249038696, 1.3460197448730469, 1.355129361152649, 1.349656581878662, 1.3428218364715576, 1.3372083902359009, 1.3403346538543701, 1.3289161920547485, 1.3431406021118164, 1.3308098316192627, 1.3159440755844116, 1.3253177404403687, 1.3295691013336182];[-72.65760040283203, -58.06187057495117, -43.638465881347656, -36.864620208740234, -36.36366271972656, -41.822486877441406, -42.2097282409668, -43.6121826171875, -45.904850006103516, -47.35736846923828, -48.264774322509766, -47.72185516357422, -47.50146484375, -47.983253479003906, -48.1110954284668, -47.18378829956055, -46.8326301574707, -46.234615325927734, -44.2371826171875, -43.43919372558594, -44.811126708984375]
150;[16.43834686279297, 13.791125297546387, 11.6199369430542, 10.546170234680176, 10.520544052124023, 10.829874038696289, 10.755677223205566, 10.573373794555664, 10.3236722946167, 10.3196439743042, 10.120255470275879, 9.904058456420898, 9.729472160339355, 9.686487197875977, 9.813047409057617, 9.780766487121582, 9.690485954284668, 9.676400184631348, 9.681353569030762, 9.747087478637695, 9.736865043640137];[1.3703761100769043, 1.276512861251831, 1.2281309366226196, 1.2595062255859375, 1.3328224420547485, 1.3433436155319214, 1.3338279724121094, 1.3280361890792847, 1.3162188529968262, 1.3348878622055054, 1.3253120183944702, 1.314625859260559, 1.3151260614395142, 1.2946581840515137, 1.2991691827774048, 1.2885702848434448, 1.2937487363815308, 1.2823193073272705, 1.2814970016479492, 1.298902153968811, 1.2923964262008667];[-71.99467468261719, -50.5901985168457, -41.49738311767578, -33.480064392089844, -41.164451599121094, -44.14887619018555, -44.33869171142578, -42.427215576171875, -40.327552795410156, -39.7198371887207, -38.363067626953125, -36.5474739074707, -35.65644073486328, -36.76902389526367, -38.58672332763672, -38.59254455566406, -37.87688446044922, -38.271053314208984, -39.170989990234375, -39.22307586669922, -39.70350646972656]
200;[16.43805503845215, 13.525249481201172, 11.689092636108398, 11.15271282196045, 10.919503211975098, 11.113945007324219, 11.014266014099121, 10.813626289367676, 10.685873031616211, 10.539542198181152, 10.33388900756836, 10.097195625305176, 10.047262191772461, 9.932703971862793, 9.733402252197266, 9.507104873657227, 9.377235412597656, 9.372516632080078, 9.161051750183105, 9.063873291015625, 9.01091194152832];[1.3676366806030273, 1.2828574180603027, 1.232270359992981, 1.3061870336532593, 1.3564382791519165, 1.376914381980896, 1.3685827255249023, 1.360062599182129, 1.3449325561523438, 1.360782504081726, 1.3285809755325317, 1.3353397846221924, 1.313148856163025, 1.3136311769485474, 1.3031479120254517, 1.2978285551071167, 1.2651234865188599, 1.2799984216690063, 1.2629221677780151, 1.2493802309036255, 1.2416815757751465];[-73.33580780029297, -56.5393180847168, -42.5434684753418, -42.798133850097656, -44.255252838134766, -48.63980484008789, -47.98347473144531, -44.94182205200195, -45.45652770996094, -44.10799789428711, -42.02089309692383, -39.736942291259766, -40.41958236694336, -39.31106185913086, -37.72185516357422, -35.611751556396484, -35.377838134765625, -35.34700012207031, -33.75448226928711, -33.38947296142578, -33.213924407958984]
250;[16.437007904052734, 13.426605224609375, 11.930617332458496, 11.301053047180176, 10.85192584991455, 11.020956993103027, 11.154476165771484, 11.18730354309082, 11.052168846130371, 10.964788436889648, 10.70096206665039, 10.459203720092773, 10.416755676269531, 10.338517189025879, 10.246892929077148, 10.09951400756836, 9.927972793579102, 9.74870777130127, 9.604545593261719, 9.320229530334473, 9.099215507507324];[1.3703639507293701, 1.2826658487319946, 1.2589969635009766, 1.2587000131607056, 1.2628368139266968, 1.2943722009658813, 1.3096853494644165, 1.3314765691757202, 1.3206841945648193, 1.332484245300293, 1.3279032707214355, 1.3223180770874023, 1.3214126825332642, 1.3232126235961914, 1.3337680101394653, 1.320503830909729, 1.3101937770843506, 1.3078794479370117, 1.2989888191223145, 1.2852163314819336, 1.2708660364151];[-73.51893615722656, -54.984832763671875, -49.013511657714844, -44.671966552734375, -44.29618835449219, -47.503116607666016, -49.58991622924805, -51.646034240722656, -49.41294479370117, -49.11811447143555, -46.76802062988281, -44.29928207397461, -44.87812805175781, -43.97223663330078, -43.505897521972656, -42.38215255737305, -40.861183166503906, -39.1794548034668, -37.5519905090332, -35.63667297363281, -34.09323501586914]
300;[16.454437255859375, 13.569411277770996, 12.244746208190918, 11.531072616577148, 11.07928466796875, 11.086945533752441, 10.882741928100586, 10.892765045166016, 10.727347373962402, 10.611799240112305, 10.453385353088379, 10.350521087646484, 10.213102340698242, 10.033169746398926, 9.977683067321777, 9.848135948181152, 9.964946746826172, 9.845107078552246, 9.754831314086914, 9.708313941955566, 9.588713645935059];[1.3678582906723022, 1.2810920476913452, 1.2669858932495117, 1.2726006507873535, 1.2991467714309692, 1.3121839761734009, 1.3087347745895386, 1.3126542568206787, 1.3008564710617065, 1.2976537942886353, 1.2873291969299316, 1.2896255254745483, 1.2814427614212036, 1.2739801406860352, 1.2798435688018799, 1.2786340713500977, 1.2843722105026245, 1.270572304725647, 1.275611162185669, 1.2788398265838623, 1.279545545578003];[-71.66529083251953, -54.2412223815918, -51.72141647338867, -47.20860290527344, -46.6594123840332, -47.52357482910156, -46.05357360839844, -47.99772644042969, -46.424720764160156, -47.18564987182617, -45.4932861328125, -45.16348648071289, -43.61490249633789, -42.428367614746094, -41.480323791503906, -40.765045166015625, -42.264122009277344, -40.94805145263672, -40.19518280029297, -40.0445556640625, -38.91405487060547]
350;[16.454273223876953, 13.8367338180542, 11.61393928527832, 10.723224639892578, 10.595550537109375, 10.6243896484375, 10.596632957458496, 10.355694770812988, 10.128617286682129, 10.035540580749512, 9.878247261047363, 9.678447723388672, 9.49301528930664, 9.237317085266113, 9.097665786743164, 8.998645782470703, 9.051301956176758, 8.851912498474121, 8.50082015991211, 8.291382789611816, 7.892058849334717];[1.3681061267852783, 1.2859272956848145, 1.2235342264175415, 1.2648288011550903, 1.3753770589828491, 1.3852818012237549, 1.3807061910629272, 1.3786529302597046, 1.3645434379577637, 1.3921928405761719, 1.3739453554153442, 1.3604202270507812, 1.3648544549942017, 1.3362469673156738, 1.3361603021621704, 1.3111857175827026, 1.3268414735794067, 1.3127859830856323, 1.2911405563354492, 1.2808952331542969, 1.2519553899765015];[-71.6885757446289, -51.541812896728516, -40.170867919921875, -34.529197692871094, -39.217140197753906, -41.737648010253906, -40.74879837036133, -38.3621940612793, -36.977386474609375, -36.752925872802734, -35.68525695800781, -34.42300033569336, -33.07453536987305, -31.734176635742188, -30.73339080810547, -31.422597885131836, -31.405466079711914, -29.4500675201416, -27.453359603881836, -25.591625213623047, -23.381881713867188]
400;[16.441415786743164, 13.38924789428711, 11.764122009277344, 10.873849868774414, 10.358602523803711, 10.636340141296387, 10.759088516235352, 10.872814178466797, 10.826369285583496, 10.65456771850586, 10.61240005493164, 10.508199691772461, 10.319694519042969, 10.231975555419922, 10.243595123291016, 10.180139541625977, 10.215737342834473, 10.224457740783691, 10.216196060180664, 10.13534164428711, 9.963705062866211];[1.3683990240097046, 1.2802228927612305, 1.2408541440963745, 1.2457726001739502, 1.2888236045837402, 1.3280580043792725, 1.3080990314483643, 1.335274338722229, 1.3235899209976196, 1.31891667842865, 1.3359932899475098, 1.3323698043823242, 1.3273180723190308, 1.335424780845642, 1.3376059532165527, 1.3276543617248535, 1.3526475429534912, 1.3601514101028442, 1.3504427671432495, 1.3648377656936646, 1.3493763208389282];[-71.52444458007812, -55.541221618652344, -43.258975982666016, -37.4840202331543, -37.33037567138672, -40.924922943115234, -44.904151916503906, -47.088409423828125, -47.61775207519531, -44.956661224365234, -44.75296401977539, -43.947994232177734, -41.95375061035156, -41.82505416870117, -41.6489143371582, -41.529354095458984, -42.20928192138672, -41.874942779541016, -42.615535736083984, -42.052696228027344, -40.426109313964844]
450;[16.430538177490234, 14.846074104309082, 12.630687713623047, 10.97753620147705, 10.742510795593262, 10.680274963378906, 10.89749526977539, 10.895573616027832, 10.749897003173828, 10.647154808044434, 10.470512390136719, 10.450879096984863, 10.563348770141602, 10.460002899169922, 10.266061782836914, 10.095458030700684, 9.825429916381836, 9.646807670593262, 9.4769926071167, 9.416049003601074, 9.245244979858398];[1.367666482925415, 1.3216328620910645, 1.242231011390686, 1.2134226560592651, 1.298404335975647, 1.322037935256958, 1.3492273092269897, 1.3329697847366333, 1.3401069641113281, 1.328623652458191, 1.3250892162322998, 1.3271453380584717, 1.3406962156295776, 1.3305696249008179, 1.3339489698410034, 1.3129801750183105, 1.3022797107696533, 1.2844345569610596, 1.2845577001571655, 1.2647970914840698, 1.2673420906066895];[-72.12503051757812, -58.61912155151367, -43.30763244628906, -36.54755401611328, -40.573123931884766, -44.16720199584961, -47.750038146972656, -47.72959518432617, -46.831504821777344, -45.82833480834961, -43.607276916503906, -45.24162673950195, -45.02587890625, -44.52396011352539, -42.20920944213867, -40.86021423339844, -38.777584075927734, -37.37140655517578, -35.953128814697266, -36.329833984375, -34.828433990478516]
500;[16.416690826416016, 13.969695091247559, 11.199566841125488, 10.13394546508789, 10.724246978759766, 10.915300369262695, 10.816100120544434, 10.764665603637695, 10.650169372558594, 10.58990478515625, 10.459084510803223, 10.515727996826172, 10.456611633300781, 10.436714172363281, 10.396833419799805, 10.243752479553223, 10.12670612335205, 10.140491485595703, 10.110239028930664, 10.018150329589844, 9.979203224182129];[1.366329550743103, 1.2711176872253418, 1.1662263870239258, 1.2440086603164673, 1.32708740234375, 1.328857421875, 1.3286733627319336, 1.3141121864318848, 1.3246444463729858, 1.3046287298202515, 1.3100100755691528, 1.3085150718688965, 1.3010064363479614, 1.2925890684127808, 1.3088182210922241, 1.305246114730835, 1.2990412712097168, 1.2906217575073242, 1.2934340238571167, 1.2873120307922363, 1.287169337272644];[-72.73931121826172, -48.98908996582031, -32.38588333129883, -32.690940856933594, -44.18812942504883, -45.890724182128906, -44.8751335144043, -46.38996887207031, -44.486549377441406, -46.719932556152344, -44.41643524169922, -45.75856399536133, -45.103797912597656, -45.16163635253906, -44.89488220214844, -43.898868560791016, -42.34830093383789, -43.41838073730469, -43.210975646972656, -42.50309753417969, -42.683074951171875]
550;[16.461767196655273, 13.311424255371094, 11.713922500610352, 10.753061294555664, 10.442852973937988, 10.667703628540039, 10.664363861083984, 10.684322357177734, 10.71002197265625, 10.620918273925781, 10.472847938537598, 10.323184967041016, 10.187324523925781, 9.955438613891602, 10.000219345092773, 9.897893905639648, 9.837808609008789, 9.724702835083008, 9.633515357971191, 9.524151802062988, 9.319674491882324];[1.370705246925354, 1.2708942890167236, 1.2324714660644531, 1.2613052129745483, 1.2800307273864746, 1.329224705696106, 1.328758955001831, 1.3497394323349, 1.336167573928833, 1.3443655967712402, 1.3523792028427124, 1.3449996709823608, 1.3325767517089844, 1.3158268928527832, 1.31998610496521, 1.3106194734573364, 1.3190258741378784, 1.3339990377426147, 1.3110460042953491, 1.320064902305603, 1.3088538646697998];[-72.1158676147461, -51.06401824951172, -42.098419189453125, -37.83929443359375, -38.6807975769043, -42.99093246459961, -43.616851806640625, -44.449378967285156, -46.46746063232422, -44.556556701660156, -44.246891021728516, -43.178890228271484, -41.35946273803711, -39.626338958740234, -41.2625846862793, -40.25535583496094, -39.41292953491211, -38.452396392822266, -38.183956146240234, -36.84836959838867, -35.432979583740234]
600;[16.445796966552734, 13.752486228942871, 11.757852554321289, 10.849532127380371, 10.861568450927734, 11.204981803894043, 11.311737060546875, 11.119318962097168, 11.103405952453613, 11.095666885375977, 10.915688514709473, 10.925124168395996, 10.804852485656738, 10.649801254272461, 10.528486251831055, 10.354889869689941, 10.396078109741211, 10.283832550048828, 10.107287406921387, 10.013017654418945, 9.914743423461914];[1.366222858428955, 1.2760266065597534, 1.2198667526245117, 1.239190697669983, 1.3011327981948853, 1.3117823600769043, 1.3075228929519653, 1.3082164525985718, 1.3104466199874878, 1.3120238780975342, 1.307633876800537, 1.3076634407043457, 1.3060816526412964, 1.3006622791290283, 1.2966786623001099, 1.289198875427246, 1.2883386611938477, 1.2819961309432983, 1.2788012027740479, 1.275389552116394, 1.2694708108901978];[-73.1614761352539, -48.25148391723633, -39.993736267089844, -35.985755920410156, -44.729862213134766, -48.298606872558594, -52.60295867919922, -49.79720687866211, -51.7387809753418, -52.126312255859375, -49.452781677246094, -50.75346755981445, -48.65225601196289, -48.43980407714844, -47.30158996582031, -45.05531692504883, -46.44767761230469, -45.44740676879883, -42.90827941894531, -42.607521057128906, -42.364620208740234]
650;[16.45193099975586, 13.621743202209473, 12.243053436279297, 11.647103309631348, 11.162946701049805, 11.09994125366211, 10.999423027038574, 10.769164085388184, 10.655567169189453, 10.474135398864746, 10.616695404052734, 10.645613670349121, 10.521031379699707, 10.404589653015137, 10.258482933044434, 10.096202850341797, 10.022122383117676, 10.006572723388672, 9.89157485961914, 9.700736045837402, 9.542513847351074];[1.3663195371627808, 1.2932624816894531, 1.2700724601745605, 1.3163849115371704, 1.3173936605453491, 1.3256313800811768, 1.331531047821045, 1.3286937475204468, 1.318795919418335, 1.3167442083358765, 1.3422168493270874, 1.3288722038269043, 1.3282769918441772, 1.3216379880905151, 1.3020806312561035, 1.2961326837539673, 1.3106530904769897, 1.3103768825531006, 1.314405083656311, 1.2995915412902832, 1.2875572443008423];[-72.22311401367188, -58.18256759643555, -51.06406784057617, -52.385746002197266, -49.66026306152344, -48.81105041503906, -47.74970626831055, -45.490604400634766, -45.06405258178711, -42.810733795166016, -44.82524108886719, -45.3658561706543, -44.711185455322266, -43.416656494140625, -43.134437561035156, -40.20307922363281, -40.26373291015625, -41.02577209472656, -39.742557525634766, -38.20814895629883, -36.975894927978516]
700;[16.44110870361328, 13.727912902832031, 11.451940536499023, 10.188976287841797, 10.179545402526855, 10.477751731872559, 10.374150276184082, 10.253791809082031, 10.209311485290527, 10.008136749267578, 9.934087753295898, 9.915487289428711, 9.955050468444824, 10.081238746643066, 10.160238265991211, 10.20725154876709, 10.110965728759766, 10.136998176574707, 10.056500434875488, 9.864117622375488, 9.64536190032959];[1.368178367614746, 1.2779121398925781, 1.1790063381195068, 1.236063838005066, 1.268510341644287, 1.2808945178985596, 1.2698029279708862, 1.308180570602417, 1.2893872261047363, 1.2761142253875732, 1.2785117626190186, 1.2650781869888306, 1.2807106971740723, 1.3079986572265625, 1.329587459564209, 1.3328354358673096, 1.3350021839141846, 1.3377962112426758, 1.3248450756072998, 1.3231041431427002, 1.311638593673706];[-70.58049774169922, -49.9853401184082, -32.41752624511719, -32.71592712402344, -37.712745666503906, -40.02554702758789, -39.530826568603516, -39.95814514160156, -39.61917495727539, -39.305999755859375, -38.714412689208984, -39.862709045410156, -40.331668853759766, -41.00273513793945, -41.86411666870117, -43.152854919433594, -42.0922737121582, -42.52045822143555, -42.15436553955078, -40.17619323730469, -38.64872360229492]
750;[16.441638946533203, 13.383553504943848, 12.065726280212402, 11.516849517822266, 11.32292366027832, 11.210529327392578, 11.075636863708496, 11.062427520751953, 11.102421760559082, 10.940496444702148, 10.764488220214844, 10.7709321975708, 10.61806869506836, 10.649971961975098, 10.64477825164795, 10.602635383605957, 10.515582084655762, 10.398857116699219, 10.215531349182129, 10.24249267578125, 10.165007591247559];[1.3659892082214355, 1.2797938585281372, 1.2661408185958862, 1.3448065519332886, 1.3656704425811768, 1.361344337463379, 1.3594530820846558, 1.3596007823944092, 1.3604122400283813, 1.358526587486267, 1.3466869592666626, 1.3473925590515137, 1.3428667783737183, 1.3664753437042236, 1.3608441352844238, 1.3425719738006592, 1.3502604961395264, 1.3469728231430054, 1.3422253131866455, 1.3313871622085571, 1.3315352201461792];[-68.30420684814453, -54.4305419921875, -47.99248123168945, -48.69586944580078, -50.55805969238281, -49.670101165771484, -47.9798469543457, -48.78129959106445, -50.064083099365234, -48.277000427246094, -46.995609283447266, -47.48738098144531, -46.220359802246094, -46.517433166503906, -47.501434326171875, -47.168888092041016, -46.01541519165039, -45.3105354309082, -43.23723602294922, -43.66010284423828, -43.31302261352539]
800;[16.437623977661133, 13.895079612731934, 11.530355453491211, 10.548705101013184, 10.529580116271973, 10.967421531677246, 10.811010360717773, 10.751320838928223, 10.751099586486816, 10.791735649108887, 10.733537673950195, 10.559138298034668, 10.44007682800293, 10.275823593139648, 10.205313682556152, 10.038376808166504, 9.802582740783691, 9.725279808044434, 9.547550201416016, 9.415389060974121, 9.146302223205566];[1.3679994344711304, 1.2775375843048096, 1.2150102853775024, 1.2525813579559326, 1.362973928451538, 1.3633677959442139, 1.3443245887756348, 1.3397893905639648, 1.3612538576126099, 1.3438584804534912, 1.3463072776794434, 1.3274720907211304, 1.335440993309021, 1.3406853675842285, 1.3435381650924683, 1.3315731287002563, 1.322392225265503, 1.3249326944351196, 1.3077160120010376, 1.3083548545837402, 1.2899665832519531];[-72.12739562988281, -48.3222770690918, -36.968379974365234, -32.74108123779297, -39.14897918701172, -46.269081115722656, -45.13740158081055, -45.79148483276367, -45.30146789550781, -47.381595611572266, -46.774417877197266, -45.709075927734375, -43.64761734008789, -43.0577392578125, -42.72284698486328, -40.856971740722656, -38.783538818359375, -38.3609733581543, -36.99202346801758, -35.93006896972656, -33.49540328979492]
850;[16.456480026245117, 13.41204833984375, 11.565784454345703, 10.803910255432129, 10.475543022155762, 10.241291046142578, 10.022043228149414, 9.875954627990723, 9.675366401672363, 10.069297790527344, 10.204902648925781, 10.100632667541504, 9.969470977783203, 9.689030647277832, 9.724578857421875, 9.803110122680664, 9.699420928955078, 9.527200698852539, 9.458651542663574, 9.393834114074707, 9.110469818115234];[1.368493676185608, 1.2705471515655518, 1.2351975440979004, 1.259777545928955, 1.314121127128601, 1.3133143186569214, 1.3091965913772583, 1.3053094148635864, 1.2917600870132446, 1.3421841859817505, 1.3307586908340454, 1.336819052696228, 1.335698127746582, 1.300797700881958, 1.29085111618042, 1.3207850456237793, 1.3225440979003906, 1.309096097946167, 1.3103619813919067, 1.318798542022705, 1.2957462072372437];[-71.09609985351562, -54.903114318847656, -41.0396728515625, -37.97303009033203, -35.95781326293945, -36.274070739746094, -34.290313720703125, -33.931819915771484, -34.84811782836914, -37.698028564453125, -40.7678108215332, -39.03425979614258, -38.31572341918945, -36.032989501953125, -37.75752258300781, -37.51277160644531, -36.67302703857422, -35.178707122802734, -35.73746871948242, -34.55396270751953, -32.767818450927734]
900;[16.432239532470703, 13.367295265197754, 12.087196350097656, 11.630401611328125, 11.432740211486816, 11.4312162399292, 11.241598129272461, 11.223328590393066, 11.28078842163086, 11.308093070983887, 11.133657455444336, 11.182992935180664, 11.036611557006836, 10.901729583740234, 10.727063179016113, 10.679826736450195, 10.651871681213379, 10.515068054199219, 10.315829277038574, 10.27226448059082, 10.548962593078613];[1.3673170804977417, 1.2810782194137573, 1.2707154750823975, 1.3245261907577515, 1.3921403884887695, 1.3690903186798096, 1.3651295900344849, 1.3692954778671265, 1.368369460105896, 1.362565279006958, 1.3524603843688965, 1.35968816280365, 1.3565176725387573, 1.3579977750778198, 1.3470245599746704, 1.3571422100067139, 1.3516291379928589, 1.345851182937622, 1.3333200216293335, 1.3271911144256592, 1.347414255142212];[-71.49020385742188, -54.487762451171875, -50.63563919067383, -48.929141998291016, -51.624996185302734, -53.3630485534668, -51.358787536621094, -52.392337799072266, -53.207908630371094, -54.3299446105957, -52.264381408691406, -52.92771530151367, -51.56012725830078, -49.84833908081055, -48.749637603759766, -47.975746154785156, -48.20030212402344, -47.05219650268555, -45.129905700683594, -45.1021614074707, -47.8021240234375]
950;[16.42078971862793, 13.990723609924316, 11.613899230957031, 10.200008392333984, 10.309831619262695, 10.639113426208496, 10.567100524902344, 10.603053092956543, 10.510080337524414, 10.654109954833984, 10.716727256774902, 10.514941215515137, 10.486214637756348, 10.40221881866455, 10.294337272644043, 10.055429458618164, 9.963008880615234, 9.683115005493164, 9.4819974899292, 9.399120330810547, 9.15969181060791];[1.3639811277389526, 1.2840485572814941, 1.1820836067199707, 1.2452383041381836, 1.3272666931152344, 1.3236987590789795, 1.3201135396957397, 1.3022667169570923, 1.2888712882995605, 1.2884823083877563, 1.302231788635254, 1.2888679504394531, 1.2867989540100098, 1.2900389432907104, 1.285248875617981, 1.2700227499008179, 1.2724815607070923, 1.2491869926452637, 1.2570147514343262, 1.2722413539886475, 1.2706432342529297];[-69.89213562011719, -51.598812103271484, -32.082374572753906, -31.033124923706055, -39.15396499633789, -42.93006896972656, -41.593387603759766, -42.47544479370117, -43.29924011230469, -46.36216735839844, -47.06950759887695, -45.633331298828125, -45.790626525878906, -45.40336990356445, -44.250648498535156, -42.74612808227539, -41.180938720703125, -38.37931823730469, -37.20271301269531, -36.084163665771484, -34.15521240234375]
1000;[16.473438262939453, 13.52613639831543, 11.875578880310059, 10.939769744873047, 10.98465347290039, 11.021371841430664, 10.882885932922363, 10.86126708984375, 10.77480697631836, 10.6044282913208, 10.663989067077637, 10.781839370727539, 10.573801040649414, 10.692953109741211, 10.487168312072754, 10.527994155883789, 10.459674835205078, 10.256032943725586, 10.110908508300781, 9.970490455627441, 9.906144142150879];[1.3710981607437134, 1.2847644090652466, 1.2375590801239014, 1.2525622844696045, 1.2979986667633057, 1.3015249967575073, 1.298514723777771, 1.3027592897415161, 1.301377296447754, 1.2892433404922485, 1.3042023181915283, 1.2975519895553589, 1.3009272813796997, 1.289244532585144, 1.2896479368209839, 1.2969249486923218, 1.2926536798477173, 1.282384991645813, 1.2699532508850098, 1.2711420059204102, 1.2732467651367188];[-71.53129577636719, -54.005252838134766, -44.536163330078125, -41.42521667480469, -46.21233367919922, -48.532196044921875, -46.90052795410156, -48.804866790771484, -47.57267761230469, -46.339393615722656, -47.07207489013672, -49.888919830322266, -46.81026840209961, -49.726863861083984, -47.152896881103516, -48.6063232421875, -46.95366287231445, -45.218345642089844, -44.433528900146484, -42.36408615112305, -42.25188064575195]
1050;[16.460067749023438, 13.430249214172363, 11.744980812072754, 11.187080383300781, 11.227002143859863, 11.351753234863281, 11.361867904663086, 11.32183837890625, 11.199376106262207, 11.040979385375977, 10.892939567565918, 10.686227798461914, 10.60832405090332, 10.491401672363281, 10.428444862365723, 10.225763320922852, 10.23826789855957, 10.110568046569824, 10.032470703125, 9.879942893981934, 9.762323379516602];[1.3678568601608276, 1.2764723300933838, 1.2326712608337402, 1.296790599822998, 1.3620408773422241, 1.360949993133545, 1.3801701068878174, 1.3722800016403198, 1.37784743309021, 1.3604600429534912, 1.3710293769836426, 1.3456392288208008, 1.3672738075256348, 1.3333029747009277, 1.3509079217910767, 1.3299636840820312, 1.3370132446289062, 1.3336949348449707, 1.3377920389175415, 1.325524926185608, 1.3214737176895142];[-72.63299560546875, -55.85818862915039, -42.38737869262695, -43.193580627441406, -49.81145095825195, -52.21467590332031, -52.1552619934082, -53.0620002746582, -51.329490661621094, -50.715579986572266, -48.46229553222656, -47.1055793762207, -45.54170227050781, -45.371498107910156, -44.1217155456543, -43.18040084838867, -43.549537658691406, -42.47746276855469, -41.43745040893555, -40.57065963745117, -39.628849029541016]
1100;[16.413972854614258, 13.840893745422363, 12.045062065124512, 10.941849708557129, 10.715719223022461, 10.614014625549316, 10.674783706665039, 10.64157485961914, 10.505057334899902, 10.358978271484375, 10.345726013183594, 10.38752555847168, 10.437726020812988, 10.340476989746094, 10.125389099121094, 9.85038948059082, 9.871331214904785, 9.677448272705078, 9.5275239944458, 9.253772735595703, 9.16636848449707];[1.3666386604309082, 1.2945042848587036, 1.2420551776885986, 1.2395777702331543, 1.3206586837768555, 1.322219729423523, 1.3434025049209595, 1.3637802600860596, 1.3577691316604614, 1.3537575006484985, 1.339699387550354, 1.3475899696350098, 1.3720282316207886, 1.3549412488937378, 1.3435918092727661, 1.3299229145050049, 1.3394856452941895, 1.326300859451294, 1.317603588104248, 1.3063955307006836, 1.2904963493347168];[-71.88027954101562, -58.661338806152344, -44.955413818359375, -38.10026168823242, -41.077884674072266, -41.4371223449707, -43.60358428955078, -43.79902267456055, -42.374080657958984, -41.139122009277344, -41.6821403503418, -43.14839172363281, -43.359867095947266, -42.97419357299805, -40.764564514160156, -38.87712478637695, -38.81344223022461, -37.774803161621094, -35.98311996459961, -33.787574768066406, -33.828365325927734]
1150;[16.45362091064453, 13.585114479064941, 11.967432022094727, 11.217620849609375, 10.775568962097168, 10.743682861328125, 10.884090423583984, 10.767621040344238, 10.632159233093262, 10.539837837219238, 10.35252571105957, 10.326844215393066, 10.355016708374023, 10.35690689086914, 10.325361251831055, 10.176773071289062, 10.1011381149292, 10.01601791381836, 9.897778511047363, 9.96053695678711, 10.0920991897583];[1.366358757019043, 1.271631121635437, 1.2367079257965088, 1.2424688339233398, 1.2470983266830444, 1.2762428522109985, 1.2914819717407227, 1.278978705406189, 1.2773466110229492, 1.2817389965057373, 1.2808574438095093, 1.2824339866638184, 1.2810113430023193, 1.2787493467330933, 1.2855850458145142, 1.2891942262649536, 1.2811193466186523, 1.27538001537323, 1.269549012184143, 1.2617133855819702, 1.2730518579483032];[-71.40580749511719, -49.52903366088867, -44.15324401855469, -42.35511779785156, -40.387046813964844, -45.978458404541016, -48.15171432495117, -46.986358642578125, -45.91163635253906, -44.87318420410156, -43.584896087646484, -43.3516845703125, -44.5485725402832, -44.737735748291016, -44.23320007324219, -42.486854553222656, -42.79861831665039, -42.1877555847168, -41.62515640258789, -42.36595153808594, -43.7591552734375]
1200;[16.45563507080078, 13.512602806091309, 11.824167251586914, 11.305120468139648, 11.348222732543945, 11.426526069641113, 11.321466445922852, 11.297842025756836, 11.14974594116211, 11.05636978149414, 10.859023094177246, 10.685436248779297, 10.653260231018066, 10.650201797485352, 10.54434585571289, 10.51517105102539, 10.373438835144043, 10.17082405090332, 10.176653861999512, 10.000945091247559, 9.847597122192383];[1.367951512336731, 1.2848623991012573, 1.2391541004180908, 1.2982193231582642, 1.3372398614883423, 1.3311779499053955, 1.3377654552459717, 1.3293184041976929, 1.3400704860687256, 1.3242028951644897, 1.3228209018707275, 1.3113572597503662, 1.3318164348602295, 1.3280248641967773, 1.331845998764038, 1.346403956413269, 1.3337620496749878, 1.3272573947906494, 1.3219469785690308, 1.323664665222168, 1.3173415660858154];[-71.06095123291016, -56.62156677246094, -43.71817398071289, -47.285987854003906, -51.4064826965332, -54.73255920410156, -52.7110595703125, -52.89277267456055, -52.04804229736328, -50.91716003417969, -48.392860412597656, -47.669395446777344, -46.71625900268555, -47.749267578125, -46.306785583496094, -46.34498977661133, -45.140220642089844, -43.19621276855469, -43.06016540527344, -41.706260681152344, -40.765010833740234]
1250;[16.462003707885742, 13.797738075256348, 11.585610389709473, 10.555498123168945, 11.963597297668457, 11.946218490600586, 11.952415466308594, 11.816634178161621, 11.712411880493164, 11.84384536743164, 11.792171478271484, 11.679551124572754, 11.541590690612793, 11.453449249267578, 11.44367790222168, 11.170829772949219, 11.151528358459473, 10.991405487060547, 10.8323335647583, 10.501806259155273, 10.417567253112793];[1.3668652772903442, 1.2789251804351807, 1.169535756111145, 1.234918475151062, 1.2927552461624146, 1.2913464307785034, 1.2973277568817139, 1.2962658405303955, 1.2969340085983276, 1.3033387660980225, 1.3026410341262817, 1.306990385055542, 1.2913566827774048, 1.2977707386016846, 1.291585087776184, 1.2848412990570068, 1.2824689149856567, 1.2772612571716309, 1.2711613178253174, 1.2595651149749756, 1.2522317171096802];[-72.24419403076172, -50.115482330322266, -31.8417911529541, -43.077816009521484, -57.610206604003906, -58.05766677856445, -59.12404251098633, -57.4514045715332, -56.3073616027832, -58.120479583740234, -58.95762252807617, -59.15079116821289, -55.97916030883789, -55.905181884765625, -55.721778869628906, -53.578739166259766, -53.554805755615234, -51.84125518798828, -49.0476188659668, -46.452510833740234, -45.45375442504883]
1300;[16.44805908203125, 13.78193473815918, 11.680424690246582, 9.773859024047852, 8.883211135864258, 10.188155174255371, 10.470176696777344, 10.503056526184082, 10.302088737487793, 10.078577041625977, 9.974794387817383, 9.799188613891602, 9.887985229492188, 9.856888771057129, 9.732438087463379, 9.504629135131836, 9.476698875427246, 9.407634735107422, 9.170522689819336, 8.920374870300293, 8.707104682922363];[1.3689144849777222, 1.273582100868225, 1.1820026636123657, 1.1641238927841187, 1.2215723991394043, 1.2761789560317993, 1.3236000537872314, 1.3021637201309204, 1.3211418390274048, 1.2815840244293213, 1.3030102252960205, 1.2702434062957764, 1.2921212911605835, 1.2908270359039307, 1.2890461683273315, 1.2699600458145142, 1.2698109149932861, 1.2685091495513916, 1.2460963726043701, 1.2286603450775146, 1.2239313125610352];[-74.16789245605469, -50.885868072509766, -33.865577697753906, -21.801834106445312, -27.170068740844727, -37.525882720947266, -42.17337417602539, -42.647705078125, -40.221946716308594, -39.086029052734375, -36.832298278808594, -38.066062927246094, -38.98690414428711, -38.861000061035156, -37.65717315673828, -36.153221130371094, -36.91127014160156, -35.746585845947266, -34.421207427978516, -32.670101165771484, -31.154541015625]
1350;[16.4641056060791, 15.247977256774902, 12.464900016784668, 10.494919776916504, 9.23660945892334, 8.239570617675781, 10.092220306396484, 10.647717475891113, 10.500351905822754, 10.390151023864746, 10.437260627746582, 10.388789176940918, 10.331469535827637, 10.189668655395508, 10.009413719177246, 9.70059585571289, 9.526659965515137, 9.27074909210205, 9.166394233703613, 8.982939720153809, 8.854564666748047];[1.3701057434082031, 1.326723575592041, 1.2137621641159058, 1.1435625553131104, 1.2093968391418457, 1.1422808170318604, 1.2321571111679077, 1.2641687393188477, 1.2582775354385376, 1.271443247795105, 1.2709482908248901, 1.2643804550170898, 1.2615550756454468, 1.2539632320404053, 1.2399860620498657, 1.2274187803268433, 1.2212321758270264, 1.208909511566162, 1.211555004119873, 1.2070919275283813, 1.1981449127197266];[-72.6022720336914, -58.59041976928711, -39.91572189331055, -25.890146255493164, -17.460163116455078, -21.743995666503906, -39.527923583984375, -44.391624450683594, -43.025184631347656, -42.64810562133789, -44.4463005065918, -44.597816467285156, -44.11601257324219, -43.17831039428711, -41.31363296508789, -38.89998245239258, -37.31336212158203, -35.41693878173828, -34.655948638916016, -34.02633285522461, -32.9646110534668]
1400;[16.449983596801758, 13.719027519226074, 11.425902366638184, 10.181910514831543, 10.546735763549805, 10.60042953491211, 10.605712890625, 10.618202209472656, 10.582327842712402, 10.483394622802734, 10.539043426513672, 10.485359191894531, 10.341939926147461, 10.192994117736816, 10.155173301696777, 10.220829010009766, 10.230249404907227, 10.125545501708984, 9.845977783203125, 9.721959114074707, 9.590165138244629];[1.3669514656066895, 1.2721668481826782, 1.1642571687698364, 1.222591519355774, 1.2695062160491943, 1.2709603309631348, 1.300363302230835, 1.2867463827133179, 1.3100835084915161, 1.3161413669586182, 1.3450677394866943, 1.3261698484420776, 1.3171377182006836, 1.3145889043807983, 1.295676827430725, 1.3050657510757446, 1.3082259893417358, 1.309922218322754, 1.2936530113220215, 1.2884302139282227, 1.2742677927017212];[-71.95223999023438, -48.89814376831055, -31.531105041503906, -35.04347229003906, -42.10400390625, -42.23408508300781, -42.0724983215332, -43.472965240478516, -43.667667388916016, -43.1345329284668, -44.09202194213867, -44.241512298583984, -42.67124557495117, -42.579410552978516, -43.36945724487305, -44.476070404052734, -44.40168762207031, -42.95561599731445, -41.74431228637695, -39.818328857421875, -39.310646057128906]
1450;[16.438304901123047, 14.623844146728516, 12.098994255065918, 11.175437927246094, 10.932817459106445, 10.813933372497559, 10.730717658996582, 10.660517692565918, 10.532881736755371, 10.51150131225586, 10.476571083068848, 10.514857292175293, 10.397095680236816, 10.198358535766602, 10.080495834350586, 9.903173446655273, 9.840227127075195, 9.779792785644531, 9.5961275100708, 9.524909973144531, 9.438228607177734];[1.3674240112304688, 1.3053261041641235, 1.2311328649520874, 1.3067233562469482, 1.3944238424301147, 1.3540310859680176, 1.3910107612609863, 1.3697078227996826, 1.3839669227600098, 1.394219994544983, 1.3677886724472046, 1.3847951889038086, 1.369592547416687, 1.373529076576233, 1.3596069812774658, 1.3517359495162964, 1.3338847160339355, 1.3358237743377686, 1.3230576515197754, 1.325931429862976, 1.3220927715301514];[-72.32177734375, -54.32040023803711, -43.009117126464844, -41.35710906982422, -42.19929504394531, -43.94575119018555, -41.27528762817383, -43.10719680786133, -41.68891906738281, -42.15211868286133, -43.841392517089844, -44.04399490356445, -43.20500183105469, -41.370826721191406, -40.090301513671875, -38.82735824584961, -38.805755615234375, -38.338687896728516, -36.64433670043945, -36.84697341918945, -36.56751251220703]
1500;[16.44887924194336, 13.7451171875, 11.509448051452637, 11.181846618652344, 10.97102165222168, 11.109899520874023, 10.979711532592773, 10.820422172546387, 10.759456634521484, 10.627742767333984, 10.603776931762695, 10.392019271850586, 10.2606782913208, 10.079231262207031, 9.904470443725586, 9.700348854064941, 9.443351745605469, 9.22300910949707, 9.166653633117676, 9.113387107849121, 9.152351379394531];[1.3688514232635498, 1.2638403177261353, 1.2226446866989136, 1.292802333831787, 1.3273597955703735, 1.3130780458450317, 1.312340497970581, 1.3072072267532349, 1.3214316368103027, 1.3256913423538208, 1.3430737257003784, 1.3259904384613037, 1.3285877704620361, 1.3152295351028442, 1.3050035238265991, 1.293534517288208, 1.2809727191925049, 1.2708847522735596, 1.2720873355865479, 1.2798619270324707, 1.291723370552063];[-70.63523864746094, -48.253841400146484, -40.847713470458984, -42.585235595703125, -46.10987854003906, -49.88232421875, -48.951576232910156, -46.391082763671875, -46.797306060791016, -45.743534088134766, -45.200965881347656, -43.39048385620117, -42.64323425292969, -41.015655517578125, -39.49274826049805, -37.934776306152344, -35.94491958618164, -33.68146896362305, -34.13797378540039, -33.76333236694336, -34.23453903198242]
50;[16.609350204467773, 7.611307144165039, 3.44852352142334, 2.6076784133911133, 3.2819318771362305, 3.0915703773498535, 2.452038526535034, 1.678049921989441, 1.4620472192764282, 1.4159743785858154, 1.4205745458602905, 1.4048619270324707, 1.4152227640151978, 1.4159822463989258, 1.4230940341949463, 1.4327932596206665, 1.4040979146957397, 1.4036372900009155, 1.409533977508545, 1.4330822229385376, 1.417673945426941];[1.5205938816070557, 1.158198356628418, 0.6488540768623352, 0.5999918580055237, 0.8192656636238098, 0.7760254740715027, 0.5625866055488586, 0.16939257085323334, 0.036493781954050064, 0.015034404583275318, 0.02491162344813347, 0.011232432909309864, 0.01667068898677826, 0.01770286075770855, 0.02267884649336338, 0.0319637693464756, 0.014321379363536835, 0.02211584523320198, 0.018088536337018013, 0.034551285207271576, 0.01995333470404148];[-134.05316162109375, -16.360170364379883, -5.01422119140625, -5.275697231292725, -8.97763729095459, -7.815087795257568, -4.803866386413574, -2.1919655799865723, -1.752076268196106, -1.7000807523727417, -1.7187762260437012, -1.6940982341766357, -1.7180825471878052, -1.7226076126098633, -1.7412017583847046, -1.7547341585159302, -1.7135932445526123, -1.7087668180465698, -1.7128965854644775, -1.7611671686172485, -1.7362278699874878]
100;[16.629878997802734, 7.539234161376953, 3.2681667804718018, 2.28507924079895, 2.020564079284668, 2.13015079498291, 1.9153876304626465, 1.9475289583206177, 1.443221092224121, 1.611304759979248, 1.4097970724105835, 1.5214632749557495, 1.4135427474975586, 1.5103672742843628, 1.4068238735198975, 1.4688916206359863, 1.405288815498352, 1.4591832160949707, 1.4056227207183838, 1.4126330614089966, 1.411409616470337];[1.5220543146133423, 1.1424599885940552, 0.5722128748893738, 0.42745792865753174, 0.39010128378868103, 0.4534672498703003, 0.3167661726474762, 0.3499523401260376, 0.025961894541978836, 0.14763467013835907, 0.01316533051431179, 0.0939750224351883, 0.012433483265340328, 0.07965067028999329, 0.014146610163152218, 0.056487787514925, 0.01109866052865982, 0.04990318417549133, 0.018973855301737785, 0.021152546629309654, 0.020613284781575203];[-138.01641845703125, -17.400039672851562, -3.6064867973327637, -3.0081675052642822, -3.0458130836486816, -3.340655565261841, -2.792217969894409, -2.8039391040802, -1.7070748805999756, -2.1402878761291504, -1.692047119140625, -1.942934513092041, -1.7074185609817505, -1.9259612560272217, -1.696468472480774, -1.8363398313522339, -1.7030231952667236, -1.817327618598938, -1.707822322845459, -1.7192962169647217, -1.7230743169784546]
150;[16.614818572998047, 8.514727592468262, 5.502172470092773, 5.083700180053711, 5.01725959777832, 5.071323394775391, 5.2861008644104, 5.419963836669922, 5.332010269165039, 5.594574451446533, 4.85973596572876, 4.687304496765137, 4.12637186050415, 3.7704055309295654, 3.524709701538086, 3.031078577041626, 2.5847256183624268, 2.5950183868408203, 2.458355188369751, 2.398244857788086, 2.1267924308776855];[1.5220842361450195, 1.2356696128845215, 1.0346447229385376, 1.1239514350891113, 1.159184217453003, 1.1619877815246582, 1.217462182044983, 1.2036831378936768, 1.2199290990829468, 1.2228286266326904, 1.155303955078125, 1.1291534900665283, 1.0474313497543335, 0.9870970845222473, 0.9347286820411682, 0.8166958689689636, 0.6544406414031982, 0.6755115389823914, 0.6213483810424805, 0.5895904302597046, 0.46255385875701904];[-134.1251983642578, -31.846324920654297, -17.105077743530273, -21.869220733642578, -22.56374740600586, -23.964879989624023, -25.678956985473633, -27.677906036376953, -26.357440948486328, -29.74777603149414, -21.85956573486328, -20.54029083251953, -15.569527626037598, -12.813977241516113, -11.148859024047852, -7.99567985534668, -5.780210971832275, -5.751568794250488, -5.161807060241699, -4.897119045257568, -3.7937536239624023]
200;[16.62282371520996, 8.416325569152832, 5.559479236602783, 4.040228366851807, 3.7455925941467285, 3.884537696838379, 3.399186372756958, 3.1605746746063232, 2.488929033279419, 1.7481769323349, 1.4195367097854614, 1.4215881824493408, 1.4058215618133545, 1.408443570137024, 1.4134312868118286, 1.4097862243652344, 1.4184893369674683, 1.4017730951309204, 1.3925668001174927, 1.396060824394226, 1.3993775844573975];[1.5194071531295776, 1.228439450263977, 1.0437068939208984, 0.9554211497306824, 0.9707356095314026, 0.9850002527236938, 0.8864503502845764, 0.8367552757263184, 0.6097568273544312, 0.23278598487377167, 0.007415296975523233, 0.020280176773667336, 0.011550266295671463, 0.012299943715333939, 0.014447438530623913, 0.01554036233574152, 0.024163730442523956, 0.009081973694264889, 0.008415697142481804, 0.005844298750162125, 0.007864471524953842];[-124.47254180908203, -31.32333755493164, -17.929079055786133, -11.411426544189453, -11.424660682678223, -13.239991188049316, -9.918246269226074, -8.372413635253906, -5.0677809715271, -2.4701650142669678, -1.6737091541290283, -1.7287296056747437, -1.6969685554504395, -1.6934247016906738, -1.7137336730957031, -1.7052578926086426, -1.7347450256347656, -1.6895456314086914, -1.687368631362915, -1.6816614866256714, -1.6920630931854248]
250;[16.62435531616211, 8.384223937988281, 3.7593960762023926, 2.9325387477874756, 2.406259775161743, 1.9238979816436768, 1.5346335172653198, 1.4245648384094238, 1.4394738674163818, 1.433048129081726, 1.4310088157653809, 1.47556734085083, 1.5338897705078125, 1.5198676586151123, 1.4818977117538452, 1.4562044143676758, 1.4505304098129272, 1.4366950988769531, 1.4160897731781006, 1.3998619318008423, 1.3927128314971924];[1.5228418111801147, 1.2040592432022095, 0.7537537217140198, 0.7565740942955017, 0.5664516687393188, 0.31145909428596497, 0.07747296243906021, 0.016392193734645844, 0.027880722656846046, 0.029287567362189293, 0.028049616143107414, 0.05974991247057915, 0.09633642435073853, 0.0970417857170105, 0.06714407354593277, 0.05057234689593315, 0.04195592924952507, 0.03492778167128563, 0.017502184957265854, 0.012762436643242836, 0.007148515433073044];[-136.54148864746094, -29.512466430664062, -6.12925910949707, -5.4946370124816895, -3.9414238929748535, -2.668827772140503, -1.8449196815490723, -1.6794356107711792, -1.7244009971618652, -1.7291070222854614, -1.7406288385391235, -1.840325117111206, -1.981331467628479, -1.9580206871032715, -1.8683661222457886, -1.8045780658721924, -1.80442476272583, -1.7703028917312622, -1.719336748123169, -1.6971136331558228, -1.6896262168884277]
300;[16.602642059326172, 7.8214640617370605, 3.373262643814087, 1.8260602951049805, 1.559829592704773, 1.4665613174438477, 1.6048645973205566, 1.472902774810791, 1.4677876234054565, 1.4977331161499023, 1.4507936239242554, 1.4953805208206177, 1.4287841320037842, 1.4459561109542847, 1.4334039688110352, 1.4337668418884277, 1.4298927783966064, 1.4180266857147217, 1.4085288047790527, 1.398081660270691, 1.3960078954696655];[1.5207595825195312, 1.1715222597122192, 0.5979004502296448, 0.15397818386554718, 0.09634773433208466, 0.04149432107806206, 0.1364697515964508, 0.04932305961847305, 0.047099918127059937, 0.07066284865140915, 0.04287030175328255, 0.06997402012348175, 0.026459259912371635, 0.0434836782515049, 0.03530531004071236, 0.03684619814157486, 0.034110426902770996, 0.02227945066988468, 0.015136978588998318, 0.00796370767056942, 0.006552679464221001];[-131.8495635986328, -18.227712631225586, -3.733633518218994, -1.9624199867248535, -1.9157792329788208, -1.7550119161605835, -2.1010231971740723, -1.790799617767334, -1.7879441976547241, -1.8658181428909302, -1.780643105506897, -1.8733197450637817, -1.7371854782104492, -1.785512089729309, -1.7584812641143799, -1.7723519802093506, -1.7541728019714355, -1.724684476852417, -1.7017693519592285, -1.6859692335128784, -1.6897790431976318]
350;[16.60399627685547, 7.484917163848877, 3.661712646484375, 2.253037452697754, 2.1217997074127197, 1.7566317319869995, 1.4857996702194214, 1.5906777381896973, 1.6014885902404785, 1.7145403623580933, 1.5648093223571777, 1.6976417303085327, 1.5328772068023682, 1.645226240158081, 1.5078685283660889, 1.5899488925933838, 1.4796844720840454, 1.5485507249832153, 1.4509385824203491, 1.5630886554718018, 1.483242154121399];[1.5209743976593018, 1.1514229774475098, 0.7130023241043091, 0.4263249635696411, 0.40606048703193665, 0.2178376019001007, 0.04879680275917053, 0.12779809534549713, 0.14091449975967407, 0.21759887039661407, 0.12426161020994186, 0.21015846729278564, 0.09601166099309921, 0.17696474492549896, 0.08250109851360321, 0.14443868398666382, 0.07010766863822937, 0.11452706158161163, 0.04450910538434982, 0.12291322648525238, 0.07031752914190292];[-134.92481994628906, -17.3238468170166, -5.6561079025268555, -3.4424238204956055, -3.5221357345581055, -2.393984317779541, -1.778944730758667, -2.035529851913452, -2.0903141498565674, -2.3721771240234375, -2.037686586380005, -2.3566925525665283, -1.9745397567749023, -2.2507991790771484, -1.9283939599990845, -2.123350143432617, -1.8702219724655151, -2.0244743824005127, -1.8077889680862427, -2.055576801300049, -1.8880963325500488]
400;[16.620105743408203, 7.569649696350098, 3.5521726608276367, 2.203230857849121, 1.4959529638290405, 1.4371442794799805, 1.4155634641647339, 1.4627302885055542, 1.4238636493682861, 1.4157873392105103, 1.433700680732727, 1.4034212827682495, 1.4193154573440552, 1.4119834899902344, 1.4035110473632812, 1.405969262123108, 1.4192535877227783, 1.4062930345535278, 1.4144914150238037, 1.4173767566680908, 1.3973029851913452];[1.5219348669052124, 1.1671898365020752, 0.6764373183250427, 0.3876778781414032, 0.035574208945035934, 0.013834080658853054, 0.012504953891038895, 0.045212820172309875, 0.021262388676404953, 0.01618584245443344, 0.027881167829036713, 0.006867972668260336, 0.022072672843933105, 0.015720287337899208, 0.013432800769805908, 0.010169429704546928, 0.022927410900592804, 0.018984388560056686, 0.01870500110089779, 0.024873118847608566, 0.012988081201910973];[-130.9845733642578, -17.800352096557617, -5.239523887634277, -2.9180774688720703, -1.6906580924987793, -1.6724742650985718, -1.6728744506835938, -1.7834351062774658, -1.7053523063659668, -1.701948642730713, -1.7349244356155396, -1.6770195960998535, -1.717471957206726, -1.700179100036621, -1.6944754123687744, -1.695518970489502, -1.735713243484497, -1.7040200233459473, -1.7256006002426147, -1.7427252531051636, -1.6962454319000244]
450;[16.62250518798828, 7.616221904754639, 3.2131431102752686, 2.07914662361145, 1.4725909233093262, 1.5438227653503418, 1.4154092073440552, 1.5574396848678589, 1.4373327493667603, 1.6046429872512817, 1.42079758644104, 1.6147555112838745, 1.4025256633758545, 1.5414490699768066, 1.3950260877609253, 1.477891206741333, 1.4042227268218994, 1.5044817924499512, 1.4022389650344849, 1.470177173614502, 1.431898832321167];[1.5220826864242554, 1.1679214239120483, 0.5581204295158386, 0.29758861660957336, 0.03809769079089165, 0.10461123287677765, 0.01692301779985428, 0.11439685523509979, 0.026292264461517334, 0.14504536986351013, 0.025089330971240997, 0.15794456005096436, 0.01434481143951416, 0.10857927054166794, 0.01016530953347683, 0.06613767892122269, 0.010672003030776978, 0.08286916464567184, 0.01469406858086586, 0.05647601932287216, 0.035930365324020386];[-133.85484313964844, -18.465553283691406, -3.492959499359131, -2.418506622314453, -1.7352371215820312, -1.9503329992294312, -1.6948068141937256, -2.010713815689087, -1.7315068244934082, -2.12641978263855, -1.7200000286102295, -2.1689159870147705, -1.6944682598114014, -1.9941182136535645, -1.6759027242660522, -1.8590975999832153, -1.694394826889038, -1.9224411249160767, -1.7021141052246094, -1.8300065994262695, -1.7713736295700073]
500;[16.635107040405273, 8.530906677246094, 5.490356922149658, 3.93791127204895, 3.6038553714752197, 3.054020881652832, 2.356170415878296, 1.7539349794387817, 1.6149870157241821, 1.5518571138381958, 1.4226635694503784, 1.4227102994918823, 1.4599484205245972, 1.4312492609024048, 1.4223233461380005, 1.4576793909072876, 1.4682800769805908, 1.4981756210327148, 1.488158106803894, 1.4620651006698608, 1.4933117628097534];[1.5210199356079102, 1.2193812131881714, 1.0358738899230957, 0.9647905230522156, 0.9408896565437317, 0.8043522834777832, 0.549584150314331, 0.23764987289905548, 0.15079519152641296, 0.10854122042655945, 0.02457076497375965, 0.01978711597621441, 0.04118574783205986, 0.02714347094297409, 0.024742431938648224, 0.04666510596871376, 0.053972870111465454, 0.07581963390111923, 0.07092223316431046, 0.051802754402160645, 0.07443318516016006];[-126.2104721069336, -31.114646911621094, -17.474058151245117, -10.477495193481445, -10.93438720703125, -7.583624362945557, -4.346214771270752, -2.44680118560791, -2.122390031814575, -1.998793601989746, -1.7140154838562012, -1.7278109788894653, -1.79828679561615, -1.7408130168914795, -1.7209179401397705, -1.8109331130981445, -1.828665018081665, -1.9061733484268188, -1.8795957565307617, -1.826614260673523, -1.9011338949203491]
550;[16.604957580566406, 8.301742553710938, 5.4728193283081055, 3.882519483566284, 3.048704147338867, 2.4663748741149902, 1.9496525526046753, 1.4942134618759155, 1.4343355894088745, 1.415521264076233, 1.4559146165847778, 1.4180712699890137, 1.4918854236602783, 1.4359970092773438, 1.461107611656189, 1.4512279033660889, 1.4593935012817383, 1.411784052848816, 1.4368258714675903, 1.411146879196167, 1.4338639974594116];[1.5224231481552124, 1.2186695337295532, 1.0328391790390015, 0.9483430981636047, 0.7709855437278748, 0.5973995327949524, 0.34108486771583557, 0.05890478566288948, 0.022099701687693596, 0.01405631098896265, 0.04390190541744232, 0.018018316477537155, 0.0689413845539093, 0.03064771182835102, 0.05143545940518379, 0.04283878207206726, 0.05231409892439842, 0.019660674035549164, 0.03418493643403053, 0.02045728638768196, 0.03141601011157036];[-130.3035125732422, -31.772207260131836, -17.693510055541992, -10.536677360534668, -7.6144938468933105, -4.880776882171631, -3.072331428527832, -1.809038519859314, -1.7297532558441162, -1.6866199970245361, -1.781718134880066, -1.7080354690551758, -1.873274564743042, -1.7561875581741333, -1.8263397216796875, -1.7877166271209717, -1.8186296224594116, -1.7108157873153687, -1.7659237384796143, -1.7188719511032104, -1.7652217149734497]
600;[16.60857582092285, 9.204659461975098, 5.905397891998291, 5.203214645385742, 5.235569000244141, 4.525411605834961, 4.317835330963135, 3.7388057708740234, 2.839864730834961, 2.143359661102295, 1.705763816833496, 1.7376854419708252, 1.8406599760055542, 1.8465701341629028, 1.7752984762191772, 1.7458031177520752, 1.7103822231292725, 1.7120246887207031, 1.654366135597229, 1.5794907808303833, 1.5091105699539185];[1.518184781074524, 1.279639720916748, 1.0703835487365723, 1.1133503913879395, 1.1459177732467651, 1.0461416244506836, 1.0207185745239258, 0.9228395223617554, 0.6969801187515259, 0.4358290731906891, 0.19716928899288177, 0.2302437722682953, 0.3037295937538147, 0.3231828212738037, 0.2716008424758911, 0.24538156390190125, 0.22117091715335846, 0.2217712253332138, 0.1828298419713974, 0.1338130235671997, 0.08672357350587845];[-136.7810516357422, -37.296268463134766, -21.064546585083008, -21.490751266479492, -24.540691375732422, -18.319461822509766, -16.559707641601562, -12.023528099060059, -6.689773082733154, -3.648106098175049, -2.321831464767456, -2.4078683853149414, -2.6846084594726562, -2.750237226486206, -2.565018653869629, -2.4807138442993164, -2.3861184120178223, -2.395799160003662, -2.2489309310913086, -2.06680965423584, -1.9285626411437988]
650;[16.616058349609375, 7.601434230804443, 3.178060293197632, 1.8185670375823975, 1.492852807044983, 1.4526076316833496, 1.5099486112594604, 1.436214566230774, 1.4552639722824097, 1.4377354383468628, 1.480209469795227, 1.4309971332550049, 1.4550269842147827, 1.4258157014846802, 1.4196994304656982, 1.4342957735061646, 1.4392939805984497, 1.430390477180481, 1.410328984260559, 1.4439022541046143, 1.438014268875122];[1.5230711698532104, 1.1750155687332153, 0.5251386761665344, 0.1705690324306488, 0.04873232915997505, 0.03434649482369423, 0.0791277214884758, 0.029449181631207466, 0.041175879538059235, 0.028746647760272026, 0.06065744534134865, 0.02967819757759571, 0.04322567954659462, 0.027973636984825134, 0.029995447024703026, 0.03285465016961098, 0.03247492387890816, 0.03309538960456848, 0.020035183057188988, 0.037320349365472794, 0.036044891923666];[-134.13743591308594, -20.70012664794922, -3.3152265548706055, -1.992459774017334, -1.775945782661438, -1.738848090171814, -1.8809006214141846, -1.7450857162475586, -1.7762881517410278, -1.7468938827514648, -1.845616102218628, -1.7475627660751343, -1.7990580797195435, -1.7453749179840088, -1.7415542602539062, -1.7488110065460205, -1.7714853286743164, -1.7580357789993286, -1.7089886665344238, -1.7894234657287598, -1.7792067527770996]
700;[16.629026412963867, 8.759552955627441, 4.383032321929932, 3.1312754154205322, 3.1548612117767334, 2.944443464279175, 2.3271236419677734, 1.649329423904419, 1.446652889251709, 1.4001675844192505, 1.4447293281555176, 1.4041653871536255, 1.419381856918335, 1.4120373725891113, 1.457605242729187, 1.3996280431747437, 1.4299579858779907, 1.39719820022583, 1.416235327720642, 1.3921284675598145, 1.4104784727096558];[1.5208510160446167, 1.2540315389633179, 0.8314475417137146, 0.7349910736083984, 0.7877932190895081, 0.7227335572242737, 0.49832722544670105, 0.14366604387760162, 0.019609512761235237, 0.008503693155944347, 0.03534610569477081, 0.008874285034835339, 0.019558126106858253, 0.016872335225343704, 0.04938960447907448, 0.007449768017977476, 0.02796044573187828, 0.00687545258551836, 0.023045819252729416, 0.007508140988647938, 0.020111477002501488];[-130.12091064453125, -34.91321563720703, -8.359002113342285, -6.207127571105957, -7.914883613586426, -6.797717094421387, -4.013017654418945, -2.0726003646850586, -1.679711937904358, -1.6678204536437988, -1.7570903301239014, -1.6818960905075073, -1.7220511436462402, -1.7035986185073853, -1.8080706596374512, -1.6885663270950317, -1.7582365274429321, -1.698753833770752, -1.7301726341247559, -1.6839295625686646, -1.7188897132873535]
750;[16.616207122802734, 7.796246528625488, 3.646890878677368, 2.211460590362549, 1.553497314453125, 1.4178866147994995, 1.4919642210006714, 1.4254813194274902, 1.4910203218460083, 1.404675006866455, 1.4349490404129028, 1.409035325050354, 1.4158822298049927, 1.454959750175476, 1.4509913921356201, 1.439649224281311, 1.4426121711730957, 1.4297653436660767, 1.4702409505844116, 1.4679397344589233, 1.4583438634872437];[1.5179802179336548, 1.183152675628662, 0.6898561716079712, 0.39755475521087646, 0.06530042737722397, 0.011807232163846493, 0.06570008397102356, 0.01858486980199814, 0.06143862381577492, 0.007370150648057461, 0.027349166572093964, 0.010004890151321888, 0.019404496997594833, 0.0415409579873085, 0.041569795459508896, 0.03521595150232315, 0.037375036627054214, 0.03455893695354462, 0.057901181280612946, 0.05195198580622673, 0.04687858745455742];[-132.68051147460938, -20.496559143066406, -5.424931049346924, -3.0496106147766113, -1.8073949813842773, -1.6769589185714722, -1.8563276529312134, -1.7127439975738525, -1.8571621179580688, -1.6667077541351318, -1.730155348777771, -1.6821502447128296, -1.718495488166809, -1.7884005308151245, -1.7954764366149902, -1.768307089805603, -1.7783372402191162, -1.7602581977844238, -1.839565634727478, -1.84004545211792, -1.8279958963394165]
800;[16.626497268676758, 8.591338157653809, 3.1635854244232178, 1.8194879293441772, 1.5397006273269653, 1.579735517501831, 1.5529431104660034, 1.537748098373413, 1.5050082206726074, 1.4319435358047485, 1.4430017471313477, 1.4753490686416626, 1.5105022192001343, 1.4673168659210205, 1.4715718030929565, 1.5102444887161255, 1.4773865938186646, 1.4667433500289917, 1.4510859251022339, 1.4206457138061523, 1.4320045709609985];[1.5228773355484009, 1.2254302501678467, 0.5043617486953735, 0.15765255689620972, 0.08007751405239105, 0.11169610172510147, 0.0982041284441948, 0.09247017651796341, 0.07024431228637695, 0.024163013324141502, 0.030756153166294098, 0.05556324124336243, 0.07967069000005722, 0.05595095083117485, 0.059787534177303314, 0.08623222261667252, 0.06166036054491997, 0.05671784281730652, 0.042688436806201935, 0.02716030180454254, 0.031758952885866165];[-133.70233154296875, -23.862564086914062, -3.149329423904419, -1.9664644002914429, -1.8565536737442017, -1.9908714294433594, -1.9240585565567017, -1.9172141551971436, -1.850786566734314, -1.7141587734222412, -1.7437094449996948, -1.821823239326477, -1.8963009119033813, -1.8166311979293823, -1.841506838798523, -1.913709282875061, -1.8517721891403198, -1.8308109045028687, -1.7952007055282593, -1.7317723035812378, -1.756534457206726]
850;[16.601781845092773, 8.592891693115234, 5.669879913330078, 4.006991386413574, 2.925551652908325, 2.2364585399627686, 1.685787320137024, 1.7156732082366943, 1.6912574768066406, 1.7059038877487183, 1.5505436658859253, 1.439318060874939, 1.4697414636611938, 1.461307406425476, 1.4956251382827759, 1.4774792194366455, 1.4753092527389526, 1.4480068683624268, 1.4892573356628418, 1.4376963376998901, 1.4477899074554443];[1.5224616527557373, 1.2319127321243286, 1.0557310581207275, 0.9583405256271362, 0.7265777587890625, 0.47308194637298584, 0.1773003339767456, 0.20517194271087646, 0.1927393525838852, 0.20333991944789886, 0.1028357520699501, 0.021014748141169548, 0.04739266261458397, 0.04989847540855408, 0.07261538505554199, 0.05578912794589996, 0.06128515303134918, 0.044282007962465286, 0.0715211033821106, 0.03143312409520149, 0.0441514253616333];[-139.79371643066406, -31.8984375, -19.280654907226562, -11.191340446472168, -6.805352687835693, -3.778140068054199, -2.210458278656006, -2.3468430042266846, -2.3131284713745117, -2.3283426761627197, -1.9725584983825684, -1.7155343294143677, -1.7936745882034302, -1.8041187524795532, -1.8878986835479736, -1.8546342849731445, -1.8513871431350708, -1.7980989217758179, -1.8763813972473145, -1.7620984315872192, -1.79364812374115]
900;[16.633268356323242, 8.389521598815918, 4.239927768707275, 3.170424699783325, 3.0650932788848877, 2.813511848449707, 2.531351089477539, 2.1921191215515137, 1.6591839790344238, 1.445820927619934, 1.4815882444381714, 1.4553261995315552, 1.4534918069839478, 1.4217315912246704, 1.4230655431747437, 1.4192249774932861, 1.4244118928909302, 1.4264029264450073, 1.4099217653274536, 1.402363896369934, 1.396580457687378];[1.5213513374328613, 1.2383522987365723, 0.8178285360336304, 0.7734006643295288, 0.7799494862556458, 0.7081701755523682, 0.6214278340339661, 0.47208210825920105, 0.17764025926589966, 0.033275481313467026, 0.060942381620407104, 0.046527761965990067, 0.040329527109861374, 0.022614888846874237, 0.023503754287958145, 0.021445300430059433, 0.0218344833701849, 0.02188916876912117, 0.016244089230895042, 0.013693179935216904, 0.011776810511946678];[-135.15379333496094, -33.17921829223633, -7.905137538909912, -6.363905429840088, -7.8979411125183105, -6.4646148681640625, -5.165019512176514, -3.946362018585205, -2.2409555912017822, -1.7549868822097778, -1.8525859117507935, -1.805922031402588, -1.7911227941513062, -1.7375129461288452, -1.7382748126983643, -1.7243064641952515, -1.7364007234573364, -1.7415339946746826, -1.709661602973938, -1.705357313156128, -1.6928387880325317]
950;[16.638181686401367, 8.654328346252441, 4.684231281280518, 3.6138532161712646, 3.4622855186462402, 3.046957015991211, 2.3754827976226807, 1.8227341175079346, 1.497501015663147, 1.4175348281860352, 1.408022403717041, 1.408433198928833, 1.3958932161331177, 1.4119378328323364, 1.4188356399536133, 1.4032362699508667, 1.4090923070907593, 1.4054787158966064, 1.4067388772964478, 1.3887861967086792, 1.4064459800720215];[1.5219247341156006, 1.2520922422409058, 0.8961157202720642, 0.8495193719863892, 0.831504225730896, 0.7327094078063965, 0.5045170783996582, 0.24203622341156006, 0.05877121910452843, 0.007614294998347759, 0.010699558071792126, 0.00897136703133583, 0.007054280489683151, 0.017695613205432892, 0.01927739381790161, 0.0142446830868721, 0.014868996106088161, 0.013156397268176079, 0.01059190183877945, 0.006448215804994106, 0.01192163210362196];[-133.61383056640625, -34.26578140258789, -10.002240180969238, -10.179219245910645, -9.916085243225098, -7.575299263000488, -4.224268913269043, -2.4264795780181885, -1.8028481006622314, -1.6775062084197998, -1.681875467300415, -1.6953330039978027, -1.6701487302780151, -1.7007603645324707, -1.7249125242233276, -1.7028721570968628, -1.7091338634490967, -1.7071179151535034, -1.709296464920044, -1.6732581853866577, -1.7033321857452393]
1000;[16.592567443847656, 7.965856552124023, 3.0605521202087402, 2.21622896194458, 1.8394138813018799, 1.8352055549621582, 1.858152151107788, 1.7842553853988647, 1.8524812459945679, 1.6765421628952026, 1.7348219156265259, 1.800551176071167, 1.7128552198410034, 1.834262490272522, 1.746759057044983, 1.7048698663711548, 1.6800025701522827, 1.6996158361434937, 1.6902744770050049, 1.6506707668304443, 1.629550576210022];[1.5229628086090088, 1.1806328296661377, 0.49757689237594604, 0.41347697377204895, 0.2852492034435272, 0.302781879901886, 0.309362530708313, 0.26768362522125244, 0.30936968326568604, 0.1924164742231369, 0.23547393083572388, 0.27762940526008606, 0.22165268659591675, 0.30642521381378174, 0.2513892650604248, 0.223762646317482, 0.2042403221130371, 0.21891184151172638, 0.2099965661764145, 0.18637114763259888, 0.17034897208213806];[-125.31295776367188, -20.126541137695312, -3.208118200302124, -2.8399460315704346, -2.5835022926330566, -2.659059762954712, -2.6919667720794678, -2.5351195335388184, -2.730609655380249, -2.274505853652954, -2.4345362186431885, -2.598665714263916, -2.391338586807251, -2.71419095993042, -2.498244524002075, -2.3926022052764893, -2.3272745609283447, -2.3932738304138184, -2.350956916809082, -2.2814102172851562, -2.2031803131103516]
1050;[16.601688385009766, 8.492650032043457, 5.528947353363037, 5.121973991394043, 4.333937168121338, 4.237701892852783, 4.229402542114258, 4.193877696990967, 3.8117754459381104, 3.0797972679138184, 2.185849666595459, 1.5951200723648071, 1.4750609397888184, 1.4866355657577515, 1.544305682182312, 1.598755955696106, 1.595792293548584, 1.5779799222946167, 1.5538312196731567, 1.519310474395752, 1.5237607955932617];[1.522090196609497, 1.2342190742492676, 1.0276659727096558, 1.1899434328079224, 1.10164475440979, 1.0692402124404907, 1.059077501296997, 1.0625420808792114, 0.9907240867614746, 0.8093245029449463, 0.4749896228313446, 0.1421101987361908, 0.05988248810172081, 0.06852346658706665, 0.10551000386476517, 0.14653272926807404, 0.14736026525497437, 0.12848833203315735, 0.11848577857017517, 0.09209408611059189, 0.095146544277668];[-129.16891479492188, -31.0107364654541, -16.592098236083984, -19.59981918334961, -15.670258522033691, -15.212846755981445, -15.697437286376953, -15.621487617492676, -12.822046279907227, -8.158169746398926, -3.9408457279205322, -2.095834255218506, -1.8467907905578613, -1.8701461553573608, -2.0143020153045654, -2.139070510864258, -2.156369686126709, -2.102663040161133, -2.05068302154541, -1.9628742933273315, -1.976829171180725]
1100;[16.64256477355957, 8.532325744628906, 3.4480807781219482, 1.8652641773223877, 1.525001883506775, 1.4143649339675903, 1.418739914894104, 1.4331570863723755, 1.437841534614563, 1.419268012046814, 1.4030985832214355, 1.4090501070022583, 1.4080036878585815, 1.4120306968688965, 1.4089863300323486, 1.417620062828064, 1.418837308883667, 1.430071234703064, 1.414273977279663, 1.435758113861084, 1.4120885133743286];[1.522599220275879, 1.237200140953064, 0.5935125350952148, 0.15314079821109772, 0.0729837492108345, 0.009065498597919941, 0.015583224594593048, 0.03115151636302471, 0.028448529541492462, 0.01832466758787632, 0.010266045108437538, 0.014073831029236317, 0.013332371599972248, 0.01561583299189806, 0.011635968461632729, 0.025387225672602654, 0.018696190789341927, 0.03110337257385254, 0.02114555984735489, 0.03667283430695534, 0.018045984208583832];[-133.95269775390625, -23.568395614624023, -3.730912685394287, -1.9303550720214844, -1.8241490125656128, -1.6706875562667847, -1.6927056312561035, -1.733712911605835, -1.7422385215759277, -1.714963674545288, -1.6801449060440063, -1.6981173753738403, -1.6973849534988403, -1.709078073501587, -1.6965254545211792, -1.7361947298049927, -1.721837043762207, -1.752647042274475, -1.7267863750457764, -1.7715154886245728, -1.713881015777588]
1150;[16.604598999023438, 8.50593376159668, 4.288433074951172, 3.129964828491211, 2.4356939792633057, 2.3849575519561768, 1.787625789642334, 1.4568829536437988, 1.5044941902160645, 1.4890849590301514, 1.4721765518188477, 1.4295933246612549, 1.4678146839141846, 1.4443252086639404, 1.4577462673187256, 1.4256081581115723, 1.4730274677276611, 1.4691849946975708, 1.4543719291687012, 1.4725749492645264, 1.4638428688049316];[1.5187335014343262, 1.2323601245880127, 0.818520188331604, 0.7804380059242249, 0.5696505904197693, 0.5770949721336365, 0.23893322050571442, 0.031846825033426285, 0.07418821007013321, 0.0578005351126194, 0.05093565955758095, 0.02355518750846386, 0.04903436079621315, 0.03393199294805527, 0.045524731278419495, 0.022201716899871826, 0.05521802976727486, 0.05977141857147217, 0.04863988235592842, 0.05925732105970383, 0.05546162277460098];[-135.99569702148438, -32.34953689575195, -7.942483425140381, -6.201236724853516, -4.52717399597168, -4.272961616516113, -2.419825792312622, -1.730992078781128, -1.869620680809021, -1.8299942016601562, -1.8075859546661377, -1.719447374343872, -1.801690936088562, -1.7593096494674683, -1.797221064567566, -1.7253849506378174, -1.8325295448303223, -1.8338377475738525, -1.8102176189422607, -1.845288872718811, -1.8261979818344116]
1200;[16.613950729370117, 8.156352996826172, 5.372087478637695, 3.871183156967163, 2.6478960514068604, 1.965794563293457, 1.6787158250808716, 1.5683975219726562, 1.507961630821228, 1.5316299200057983, 1.4912906885147095, 1.4728939533233643, 1.4632620811462402, 1.4581646919250488, 1.4721332788467407, 1.4664121866226196, 1.4500845670700073, 1.4725935459136963, 1.4302325248718262, 1.4716286659240723, 1.4407429695129395];[1.5213873386383057, 1.1993331909179688, 1.009657621383667, 0.9920292496681213, 0.6829308271408081, 0.34611523151397705, 0.1736435741186142, 0.10969331860542297, 0.07346390932798386, 0.0981675535440445, 0.06193465366959572, 0.06011362373828888, 0.05185345560312271, 0.04647902026772499, 0.0586591437458992, 0.05720524489879608, 0.040237005800008774, 0.06125091388821602, 0.029336951673030853, 0.05741431191563606, 0.03840552270412445];[-129.72317504882812, -28.301958084106445, -15.080835342407227, -8.334593772888184, -4.681443691253662, -2.8171966075897217, -2.1454238891601562, -1.978759765625, -1.8653846979141235, -1.9360255002975464, -1.8456605672836304, -1.8314951658248901, -1.816027045249939, -1.79997980594635, -1.8336483240127563, -1.838744044303894, -1.7867871522903442, -1.8548413515090942, -1.7454705238342285, -1.8409433364868164, -1.7786200046539307]
1250;[16.59735107421875, 7.634032726287842, 3.1693670749664307, 2.587893009185791, 2.4158780574798584, 2.6146199703216553, 2.579982280731201, 2.4974617958068848, 2.4306223392486572, 2.6590147018432617, 2.4556591510772705, 2.7009644508361816, 2.5367751121520996, 2.5868780612945557, 2.5667552947998047, 2.5148422718048096, 2.480483055114746, 2.517185926437378, 2.455836296081543, 2.383254289627075, 2.2672975063323975];[1.5218197107315063, 1.172322392463684, 0.5125494003295898, 0.5435166358947754, 0.5722981095314026, 0.6658602952957153, 0.6525151133537292, 0.6160265207290649, 0.5923724174499512, 0.6765518188476562, 0.6010940074920654, 0.7118756175041199, 0.6461830735206604, 0.6689262986183167, 0.6629595756530762, 0.6411822438240051, 0.6257436871528625, 0.6564686298370361, 0.6225247979164124, 0.5817395448684692, 0.5304680466651917];[-129.0819854736328, -19.012531280517578, -3.2471139430999756, -3.417323589324951, -4.379786014556885, -5.218677997589111, -5.252330780029297, -5.152594089508057, -4.771931171417236, -5.932453155517578, -5.06236457824707, -6.124946117401123, -5.39454460144043, -5.537303447723389, -5.473373889923096, -5.347482681274414, -5.185686111450195, -5.2665791511535645, -5.053162097930908, -4.7474565505981445, -4.336960315704346]
1300;[16.615434646606445, 7.69126033782959, 3.0115926265716553, 1.8378448486328125, 1.4546170234680176, 1.5517442226409912, 1.4341537952423096, 1.4984432458877563, 1.4089959859848022, 1.4440014362335205, 1.4058719873428345, 1.4357976913452148, 1.406331181526184, 1.398492455482483, 1.4006445407867432, 1.405911922454834, 1.425796389579773, 1.3937783241271973, 1.4315887689590454, 1.396093726158142, 1.400894284248352];[1.5241820812225342, 1.1702020168304443, 0.47019490599632263, 0.18406794965267181, 0.02913256362080574, 0.09602413326501846, 0.02509106695652008, 0.06950981914997101, 0.011159515008330345, 0.036931559443473816, 0.005795467644929886, 0.031217608600854874, 0.012525234371423721, 0.012828676961362362, 0.013639960438013077, 0.013425912708044052, 0.02574613131582737, 0.008792553097009659, 0.029527349397540092, 0.009672963991761208, 0.01318439096212387];[-130.82994079589844, -18.517454147338867, -3.00667667388916, -2.0525906085968018, -1.720436453819275, -1.955480694770813, -1.714216709136963, -1.8516231775283813, -1.6788216829299927, -1.756822943687439, -1.6806355714797974, -1.7578315734863281, -1.6906911134719849, -1.6858574151992798, -1.694739580154419, -1.7016820907592773, -1.7486178874969482, -1.6793925762176514, -1.7632675170898438, -1.6974254846572876, -1.708038330078125]
1350;[16.600143432617188, 7.9563822746276855, 4.144197463989258, 3.3740952014923096, 2.6282358169555664, 3.101102828979492, 2.7537930011749268, 3.2516589164733887, 2.6912403106689453, 2.999941825866699, 2.5880136489868164, 2.5224437713623047, 2.435319662094116, 2.262801170349121, 1.9311554431915283, 1.809767246246338, 1.5665894746780396, 1.441443681716919, 1.4713139533996582, 1.427626609802246, 1.4652079343795776];[1.5213971138000488, 1.210829734802246, 0.792981743812561, 0.8486492037773132, 0.6670606732368469, 0.8652235269546509, 0.7633118629455566, 0.9387239813804626, 0.7423886656761169, 0.8400088548660278, 0.6940599083900452, 0.6611377000808716, 0.6232211589813232, 0.5502293705940247, 0.35887008905410767, 0.282916784286499, 0.11940921097993851, 0.03121071122586727, 0.05846069008111954, 0.03271859139204025, 0.050659794360399246];[-140.59400939941406, -21.18891143798828, -7.133066177368164, -6.693041801452637, -5.036823272705078, -7.391629695892334, -5.867870330810547, -8.333015441894531, -5.635812282562256, -7.319155216217041, -5.321999549865723, -5.159208297729492, -4.809562683105469, -4.101500988006592, -2.973626136779785, -2.631730556488037, -2.0187273025512695, -1.7700233459472656, -1.8504931926727295, -1.7571203708648682, -1.8316437005996704]
1400;[16.614906311035156, 8.358375549316406, 4.307979106903076, 2.5490922927856445, 1.6649539470672607, 1.5551583766937256, 1.576833963394165, 1.61149263381958, 1.5197722911834717, 1.5383813381195068, 1.4595783948898315, 1.4342809915542603, 1.4267367124557495, 1.4019349813461304, 1.4210426807403564, 1.4152591228485107, 1.4107240438461304, 1.408780574798584, 1.403579831123352, 1.4016789197921753, 1.4029403924942017];[1.5228484869003296, 1.225676417350769, 0.8179295063018799, 0.520535945892334, 0.147970050573349, 0.10390359163284302, 0.11879774183034897, 0.143554225564003, 0.07898054271936417, 0.10214675217866898, 0.04454696550965309, 0.025770731270313263, 0.018925854936242104, 0.015919631347060204, 0.019120575860142708, 0.017999453470110893, 0.015143142081797123, 0.014861471951007843, 0.013615507632493973, 0.008430258370935917, 0.009804441593587399];[-131.2574462890625, -30.947866439819336, -7.785741806030273, -3.6875460147857666, -2.0715792179107666, -1.9593117237091064, -2.021963596343994, -2.0846073627471924, -1.892399787902832, -1.958875298500061, -1.7771809101104736, -1.7240322828292847, -1.7158231735229492, -1.6927944421768188, -1.7176092863082886, -1.7231875658035278, -1.71567702293396, -1.7042196989059448, -1.7029489278793335, -1.689446210861206, -1.7010247707366943]
1450;[16.628917694091797, 9.096092224121094, 5.751164436340332, 5.15281867980957, 4.191463470458984, 3.5433220863342285, 3.2224462032318115, 2.8460638523101807, 2.2195518016815186, 1.6147205829620361, 1.4746242761611938, 1.453891634941101, 1.4244378805160522, 1.409517765045166, 1.402647852897644, 1.4022940397262573, 1.4006379842758179, 1.4106274843215942, 1.4014372825622559, 1.4007982015609741, 1.400618076324463];[1.5216741561889648, 1.266953706741333, 1.0498452186584473, 1.1292791366577148, 1.0359156131744385, 0.9012765288352966, 0.8183267116546631, 0.7134897708892822, 0.47575461864471436, 0.14374561607837677, 0.04814746230840683, 0.03985325247049332, 0.03031300939619541, 0.013080192729830742, 0.009390704333782196, 0.00819337461143732, 0.008337708190083504, 0.011824706569314003, 0.01006946712732315, 0.00838775746524334, 0.008249583654105663];[-134.41610717773438, -35.63174819946289, -19.76303482055664, -20.95920181274414, -15.305615425109863, -10.731009483337402, -8.89791202545166, -6.815830707550049, -4.055523872375488, -2.11521577835083, -1.8161957263946533, -1.7843180894851685, -1.7360378503799438, -1.688976764678955, -1.6853747367858887, -1.6885490417480469, -1.690696358680725, -1.7004607915878296, -1.6969330310821533, -1.695633888244629, -1.6925609111785889]
1500;[16.613460540771484, 8.366662979125977, 3.900521755218506, 2.8337795734405518, 2.1724889278411865, 1.6908990144729614, 1.575766921043396, 1.581953763961792, 1.532157301902771, 1.5259966850280762, 1.5082573890686035, 1.5318118333816528, 1.5122500658035278, 1.4841951131820679, 1.4539718627929688, 1.4289265871047974, 1.4102370738983154, 1.3994413614273071, 1.395312786102295, 1.3952943086624146, 1.4007196426391602];[1.520970106124878, 1.2173733711242676, 0.7401286959648132, 0.6777428388595581, 0.4592839181423187, 0.1856672614812851, 0.11900201439857483, 0.11934201419353485, 0.08998388051986694, 0.08732420951128006, 0.08138500899076462, 0.09571016579866409, 0.08431077748537064, 0.06631772965192795, 0.04254257306456566, 0.025537099689245224, 0.012988307513296604, 0.007112532388418913, 0.005704028997570276, 0.005046378821134567, 0.0055425893515348434];[-133.37060546875, -21.874706268310547, -5.851116180419922, -5.128873348236084, -3.5941667556762695, -2.214956521987915, -2.009308099746704, -2.026519536972046, -1.9370208978652954, -1.9203294515609741, -1.9094526767730713, -1.9607654809951782, -1.9192193746566772, -1.8685781955718994, -1.7888312339782715, -1.7411065101623535, -1.7058929204940796, -1.6872652769088745, -1.6752694845199585, -1.6846423149108887, -1.704221487045288]
50;[19.657913208007812, 14.65020751953125, 11.284367561340332, 10.375493049621582, 9.783682823181152, 10.022583961486816, 10.298495292663574, 10.143706321716309, 10.125372886657715, 10.005657196044922, 9.924627304077148, 9.73600959777832, 9.705665588378906, 9.476727485656738, 9.204604148864746, 8.922845840454102, 8.812614440917969, 8.925302505493164, 8.741299629211426, 8.509060859680176, 8.257430076599121];[1.4905939102172852, 1.3845785856246948, 1.2686797380447388, 1.3087190389633179, 1.3930315971374512, 1.4176446199417114, 1.435444951057434, 1.441907525062561, 1.4276819229125977, 1.4368001222610474, 1.4249262809753418, 1.421364426612854, 1.4085818529129028, 1.4108184576034546, 1.4002256393432617, 1.3885140419006348, 1.360687255859375, 1.3861461877822876, 1.3669928312301636, 1.3556361198425293, 1.3412226438522339];[-152.95281982421875, -89.56709289550781, -55.512184143066406, -51.71712875366211, -48.912010192871094, -57.96961975097656, -62.46714401245117, -60.415260314941406, -61.110191345214844, -59.39408874511719, -59.185951232910156, -57.240116119384766, -57.33684158325195, -53.905052185058594, -51.07062530517578, -47.57972717285156, -47.8451042175293, -48.16092300415039, -46.78691864013672, -43.79935073852539, -41.462520599365234]
100;[19.661670684814453, 14.794524192810059, 12.270009994506836, 11.011595726013184, 11.15185546875, 11.038190841674805, 10.89392375946045, 10.624608993530273, 10.291925430297852, 9.824414253234863, 9.322153091430664, 8.848470687866211, 8.458802223205566, 8.074142456054688, 7.769278526306152, 7.332498073577881, 6.8734941482543945, 6.141427040100098, 5.451134204864502, 4.741464138031006, 3.9490444660186768];[1.4938719272613525, 1.3815162181854248, 1.3227871656417847, 1.3123295307159424, 1.3400110006332397, 1.332107424736023, 1.3307000398635864, 1.3192095756530762, 1.3153846263885498, 1.289361596107483, 1.2776308059692383, 1.2736635208129883, 1.2868773937225342, 1.2456107139587402, 1.2513015270233154, 1.1985149383544922, 1.180245041847229, 1.0990427732467651, 1.0313668251037598, 0.9499222636222839, 0.7979497313499451];[-154.89759826660156, -92.73664093017578, -75.91447448730469, -67.86259460449219, -75.72058868408203, -73.77957153320312, -72.02729797363281, -67.7662353515625, -63.687965393066406, -56.108123779296875, -50.25819396972656, -44.4270133972168, -41.463523864746094, -37.52737808227539, -34.23365783691406, -30.657224655151367, -26.210956573486328, -20.757221221923828, -16.042448043823242, -12.113293647766113, -8.013023376464844]
150;[19.654085159301758, 15.127239227294922, 10.818611145019531, 8.034309387207031, 7.156162261962891, 5.43869686126709, 4.88514518737793, 4.535250663757324, 4.333737850189209, 4.2047038078308105, 3.8579511642456055, 3.301795721054077, 2.6612110137939453, 2.3953540325164795, 2.1991426944732666, 1.967528223991394, 1.9183087348937988, 1.8648643493652344, 1.7783949375152588, 1.7740371227264404, 1.7620505094528198];[1.4920892715454102, 1.4001964330673218, 1.2292275428771973, 1.1405096054077148, 1.3412929773330688, 1.1625598669052124, 1.078688621520996, 1.0330106019973755, 0.9934890866279602, 0.9725106954574585, 0.8867149949073792, 0.7192140817642212, 0.4622001647949219, 0.3399820625782013, 0.23757687211036682, 0.12013442814350128, 0.09406577795743942, 0.06968308985233307, 0.02350156381726265, 0.014647049829363823, 0.008253004401922226];[-152.41929626464844, -88.15132904052734, -42.45164489746094, -19.985170364379883, -13.345996856689453, -9.18757152557373, -7.747711181640625, -7.969674587249756, -8.752364158630371, -8.348712921142578, -6.9966511726379395, -5.16276741027832, -3.5415358543395996, -3.034576654434204, -2.6643283367156982, -2.258890151977539, -2.1785991191864014, -2.075467348098755, -1.9317097663879395, -1.921520709991455, -1.9118492603302002]
200;[19.6588191986084, 15.057579040527344, 11.249397277832031, 10.230070114135742, 9.838850975036621, 9.771296501159668, 9.981128692626953, 9.954338073730469, 9.632012367248535, 9.564642906188965, 9.98779582977295, 9.923205375671387, 9.658913612365723, 9.477387428283691, 9.323295593261719, 9.185566902160645, 9.352133750915527, 9.029191970825195, 8.666149139404297, 8.58945083618164, 8.273628234863281];[1.4919252395629883, 1.401132345199585, 1.2700222730636597, 1.30048406124115, 1.3849214315414429, 1.4284380674362183, 1.4030951261520386, 1.4454336166381836, 1.389760136604309, 1.4146090745925903, 1.429832935333252, 1.4189813137054443, 1.4169148206710815, 1.4043757915496826, 1.3917614221572876, 1.402428150177002, 1.3905106782913208, 1.3826169967651367, 1.3727731704711914, 1.3506882190704346, 1.3483699560165405];[-147.0408172607422, -85.52409362792969, -53.78705978393555, -50.167999267578125, -48.484466552734375, -52.51005935668945, -59.02153015136719, -55.624027252197266, -54.524810791015625, -53.200199127197266, -58.831607818603516, -58.91090393066406, -55.39946746826172, -53.06044006347656, -52.884620666503906, -50.70305252075195, -53.68434143066406, -49.23619079589844, -45.49923324584961, -45.0018196105957, -41.31196212768555]
250;[19.66175079345703, 15.107451438903809, 10.892162322998047, 9.650622367858887, 9.589461326599121, 9.480619430541992, 9.580940246582031, 9.60888385772705, 9.383161544799805, 9.049049377441406, 8.606678009033203, 8.120941162109375, 7.582675933837891, 7.142614841461182, 6.91008186340332, 6.706855297088623, 6.594977378845215, 6.532445907592773, 6.374866962432861, 6.399911880493164, 6.244112014770508];[1.493707299232483, 1.3968533277511597, 1.2603148221969604, 1.2642632722854614, 1.4255447387695312, 1.492340087890625, 1.4859414100646973, 1.4754835367202759, 1.4640454053878784, 1.4641855955123901, 1.4298501014709473, 1.3845208883285522, 1.3442918062210083, 1.3225631713867188, 1.3054391145706177, 1.2755801677703857, 1.2495508193969727, 1.232198715209961, 1.2043628692626953, 1.2167694568634033, 1.1991441249847412];[-154.97096252441406, -80.5717544555664, -51.500823974609375, -39.69874954223633, -40.638893127441406, -45.987693786621094, -46.592185974121094, -48.34821701049805, -46.03828048706055, -42.168251037597656, -37.9720573425293, -34.511077880859375, -29.265111923217773, -27.297609329223633, -25.314653396606445, -24.323945999145508, -24.145944595336914, -23.73678970336914, -23.005434036254883, -23.378677368164062, -22.246732711791992]
300;[19.642494201660156, 15.623930931091309, 12.20651626586914, 10.69360065460205, 10.352076530456543, 10.514989852905273, 10.311968803405762, 9.995859146118164, 9.613003730773926, 9.140830993652344, 8.34101390838623, 8.088753700256348, 8.091662406921387, 8.389631271362305, 8.432295799255371, 8.211420059204102, 8.154949188232422, 7.955361843109131, 7.874555587768555, 7.498358249664307, 7.2401580810546875];[1.4914203882217407, 1.411575436592102, 1.3249191045761108, 1.283198356628418, 1.302100419998169, 1.308258056640625, 1.3027430772781372, 1.291762113571167, 1.2784333229064941, 1.2612932920455933, 1.2537776231765747, 1.333430528640747, 1.4116637706756592, 1.3928953409194946, 1.4179664850234985, 1.3798445463180542, 1.4058067798614502, 1.3593089580535889, 1.3821609020233154, 1.3302479982376099, 1.3492283821105957];[-152.64915466308594, -91.53036499023438, -68.2947006225586, -56.579933166503906, -59.90297317504883, -62.4794921875, -61.38471984863281, -57.02110290527344, -52.78871154785156, -45.80807113647461, -36.980430603027344, -32.370662689208984, -35.72512435913086, -40.001609802246094, -39.65312194824219, -39.15119934082031, -37.3673210144043, -36.7574348449707, -35.18651580810547, -32.56077194213867, -29.438518524169922]
350;[19.64861488342285, 14.608437538146973, 11.535844802856445, 10.326333045959473, 9.727144241333008, 10.08964729309082, 10.46994400024414, 10.333324432373047, 10.328579902648926, 10.203178405761719, 10.292801856994629, 10.168506622314453, 10.011312484741211, 9.742715835571289, 9.5227689743042, 9.252779006958008, 8.93378734588623, 8.759734153747559, 8.512593269348145, 8.358004570007324, 8.313150405883789];[1.4934611320495605, 1.3797333240509033, 1.280258059501648, 1.3054465055465698, 1.4369441270828247, 1.4912914037704468, 1.4688221216201782, 1.4605212211608887, 1.4496378898620605, 1.4611053466796875, 1.4855362176895142, 1.4717211723327637, 1.4541081190109253, 1.4466742277145386, 1.4366378784179688, 1.4274460077285767, 1.40981125831604, 1.4002784490585327, 1.3685222864151, 1.3831000328063965, 1.393481731414795];[-153.00791931152344, -89.95303344726562, -58.5611686706543, -47.564815521240234, -44.317352294921875, -55.91029357910156, -62.183387756347656, -61.06659698486328, -61.6206169128418, -59.571136474609375, -62.0567512512207, -61.070404052734375, -59.927040100097656, -56.39545822143555, -53.83700180053711, -50.47554016113281, -47.25088882446289, -45.185604095458984, -43.40234375, -40.946311950683594, -40.79852294921875]
400;[19.655685424804688, 14.580538749694824, 11.881098747253418, 11.018637657165527, 10.88912582397461, 10.599039077758789, 10.431983947753906, 10.190872192382812, 9.904321670532227, 9.854491233825684, 9.645066261291504, 9.576579093933105, 9.608892440795898, 9.392081260681152, 9.203441619873047, 9.00182056427002, 8.651731491088867, 8.30997085571289, 7.984167098999023, 7.659305572509766, 7.249478340148926];[1.4938910007476807, 1.3890204429626465, 1.2987277507781982, 1.3455026149749756, 1.447511911392212, 1.4370423555374146, 1.4397211074829102, 1.4155044555664062, 1.425880789756775, 1.4010473489761353, 1.407313346862793, 1.3942804336547852, 1.4091910123825073, 1.3931562900543213, 1.3850047588348389, 1.3795945644378662, 1.3682087659835815, 1.3447790145874023, 1.3145027160644531, 1.3157943487167358, 1.2582920789718628];[-149.8711700439453, -90.57079315185547, -65.09817504882812, -62.640052795410156, -66.85586547851562, -66.16657257080078, -64.44213104248047, -61.935482025146484, -57.328914642333984, -58.60539627075195, -55.2188835144043, -55.217586517333984, -55.93275833129883, -53.49286651611328, -51.04603958129883, -48.706180572509766, -44.95356369018555, -41.280879974365234, -38.058494567871094, -34.661949157714844, -31.069477081298828]
450;[19.66705894470215, 15.968174934387207, 12.790796279907227, 10.68216323852539, 9.33837604522705, 9.345216751098633, 9.720704078674316, 9.698566436767578, 9.161506652832031, 8.958756446838379, 9.118226051330566, 9.284153938293457, 9.121356010437012, 8.911550521850586, 8.85622787475586, 8.36747932434082, 7.87611198425293, 7.34660530090332, 6.938770294189453, 6.603178024291992, 6.4312744140625];[1.492875576019287, 1.423525333404541, 1.3421051502227783, 1.2656474113464355, 1.2489734888076782, 1.2744553089141846, 1.2875920534133911, 1.2932559251785278, 1.2836898565292358, 1.315261960029602, 1.3419979810714722, 1.3654917478561401, 1.3604933023452759, 1.3490196466445923, 1.351952075958252, 1.3262159824371338, 1.2906935214996338, 1.2627499103546143, 1.219229817390442, 1.1920464038848877, 1.1700912714004517];[-152.46664428710938, -110.73265838623047, -72.7955551147461, -52.2990837097168, -44.61479568481445, -48.940773010253906, -54.174827575683594, -53.0538330078125, -48.497100830078125, -45.74177169799805, -49.2916259765625, -51.21699142456055, -49.486976623535156, -47.77769088745117, -46.98490905761719, -42.050296783447266, -36.908077239990234, -31.915136337280273, -28.48741912841797, -25.69461441040039, -25.063688278198242]
500;[19.675182342529297, 15.135407447814941, 10.862563133239746, 8.143057823181152, 6.9131669998168945, 8.759392738342285, 9.637643814086914, 9.722107887268066, 9.729540824890137, 9.746869087219238, 9.765469551086426, 9.69923210144043, 9.514781951904297, 9.24771785736084, 8.958020210266113, 8.834970474243164, 8.573349952697754, 8.382582664489746, 8.031647682189941, 7.847341537475586, 7.582020282745361];[1.4941493272781372, 1.3925292491912842, 1.2328447103500366, 1.1372944116592407, 1.207466959953308, 1.2687958478927612, 1.316674828529358, 1.321520209312439, 1.334349513053894, 1.3624590635299683, 1.381029486656189, 1.3862630128860474, 1.3756873607635498, 1.3666774034500122, 1.3520489931106567, 1.3317620754241943, 1.31797194480896, 1.3044838905334473, 1.2899575233459473, 1.289820909500122, 1.2699592113494873];[-146.39483642578125, -80.92695617675781, -41.52643585205078, -20.554964065551758, -22.873397827148438, -41.86005401611328, -54.336483001708984, -55.208221435546875, -54.71559524536133, -56.06044006347656, -57.342506408691406, -56.219947814941406, -53.540245056152344, -50.77507019042969, -47.16086959838867, -46.61326217651367, -44.21137237548828, -41.88525390625, -38.1019401550293, -35.998619079589844, -33.94922637939453]
550;[19.647737503051758, 14.789587020874023, 10.852080345153809, 8.104704856872559, 7.191034317016602, 5.415701389312744, 5.976494312286377, 7.791666030883789, 8.826601028442383, 9.213293075561523, 9.041516304016113, 8.907100677490234, 8.970954895019531, 8.992810249328613, 8.776342391967773, 8.51025676727295, 8.120940208435059, 8.094573020935059, 7.723393440246582, 7.509986400604248, 7.342921733856201];[1.4969433546066284, 1.3904544115066528, 1.2243866920471191, 1.1456907987594604, 1.2713202238082886, 1.0681084394454956, 1.1619359254837036, 1.3369430303573608, 1.4156759977340698, 1.4204001426696777, 1.4115180969238281, 1.4015777111053467, 1.3946239948272705, 1.3728609085083008, 1.3591923713684082, 1.3462281227111816, 1.3174899816513062, 1.3293273448944092, 1.309075117111206, 1.294399380683899, 1.2874298095703125];[-149.58082580566406, -80.98350524902344, -41.02055358886719, -21.438817977905273, -13.121720314025879, -10.783008575439453, -17.28016471862793, -31.869680404663086, -42.44105529785156, -46.684471130371094, -45.03559494018555, -44.9955940246582, -46.14503860473633, -47.781402587890625, -45.9990348815918, -42.713321685791016, -39.01457214355469, -38.320674896240234, -35.303768157958984, -33.62967300415039, -31.767805099487305]
600;[19.647647857666016, 15.000823020935059, 10.796156883239746, 7.955194473266602, 7.230528354644775, 5.205400466918945, 5.154280185699463, 4.192058563232422, 3.701509952545166, 3.662479877471924, 3.4924709796905518, 3.240163564682007, 2.871751070022583, 2.354757785797119, 1.9285171031951904, 1.8537112474441528, 1.802823781967163, 1.8021637201309204, 1.8195184469223022, 1.8103606700897217, 1.8383941650390625];[1.4897536039352417, 1.403857707977295, 1.229642391204834, 1.152382493019104, 1.3174008131027222, 1.0935932397842407, 1.1190543174743652, 0.9226671457290649, 0.7977887988090515, 0.7928450703620911, 0.7479003667831421, 0.6641891002655029, 0.51961350440979, 0.30810868740081787, 0.09622222185134888, 0.05300852283835411, 0.02663770504295826, 0.026524841785430908, 0.03910771384835243, 0.037249740213155746, 0.055532246828079224];[-155.5789031982422, -81.4045639038086, -42.43000030517578, -20.503738403320312, -12.91023063659668, -8.31275749206543, -8.293540000915527, -6.08308219909668, -5.510659217834473, -6.309192657470703, -5.751429557800293, -5.060542106628418, -3.9945578575134277, -2.8870058059692383, -2.125197410583496, -2.01737117767334, -1.9516671895980835, -1.9605380296707153, -1.989454746246338, -1.9814404249191284, -2.044628381729126]
650;[19.65317153930664, 15.761919975280762, 12.015772819519043, 9.744298934936523, 9.607270240783691, 9.64351749420166, 10.042880058288574, 10.172582626342773, 10.25817584991455, 10.234457015991211, 10.016440391540527, 9.8256196975708, 9.601531028747559, 9.28708553314209, 9.091861724853516, 8.968406677246094, 8.679408073425293, 8.470152854919434, 8.270386695861816, 8.174468040466309, 7.964256763458252];[1.495829463005066, 1.4217993021011353, 1.2924880981445312, 1.2433923482894897, 1.3402259349822998, 1.3871512413024902, 1.3963072299957275, 1.386362910270691, 1.3933053016662598, 1.4051421880722046, 1.3884752988815308, 1.3940805196762085, 1.3786413669586182, 1.3569700717926025, 1.368212103843689, 1.3586909770965576, 1.3350008726119995, 1.325077772140503, 1.331618309020996, 1.3220518827438354, 1.3007560968399048];[-154.31851196289062, -97.2101821899414, -60.686485290527344, -42.750816345214844, -47.028594970703125, -51.130271911621094, -59.36863327026367, -62.674766540527344, -64.41679382324219, -64.12258911132812, -61.80888748168945, -59.411712646484375, -55.65977096557617, -52.986358642578125, -50.03447341918945, -48.375545501708984, -45.22769546508789, -43.2856330871582, -41.194034576416016, -40.867923736572266, -38.60356521606445]
700;[19.670988082885742, 14.613426208496094, 11.961010932922363, 10.603403091430664, 10.532959938049316, 10.370737075805664, 10.484882354736328, 10.520208358764648, 10.337424278259277, 10.1134672164917, 9.880526542663574, 9.660392761230469, 9.377023696899414, 9.157251358032227, 8.800581932067871, 8.528521537780762, 8.376799583435059, 8.04072380065918, 7.734384536743164, 7.535006046295166, 7.246318340301514];[1.4967865943908691, 1.3826665878295898, 1.298438549041748, 1.3177194595336914, 1.431588888168335, 1.4395369291305542, 1.453874945640564, 1.4452422857284546, 1.436757206916809, 1.4399120807647705, 1.4233474731445312, 1.4163436889648438, 1.4054765701293945, 1.399076223373413, 1.3891189098358154, 1.3559441566467285, 1.3620786666870117, 1.3318616151809692, 1.325361967086792, 1.3078058958053589, 1.2950429916381836];[-153.64109802246094, -90.36296844482422, -67.73778533935547, -55.207645416259766, -57.531410217285156, -61.04838943481445, -63.19220733642578, -65.85055541992188, -63.95505905151367, -60.80595397949219, -58.315277099609375, -54.89735794067383, -52.105430603027344, -49.18077087402344, -45.39828109741211, -43.064247131347656, -41.16629409790039, -38.01844787597656, -35.31855773925781, -33.72287368774414, -30.76665496826172]
750;[19.6597900390625, 15.016854286193848, 11.085637092590332, 8.246481895446777, 7.112112522125244, 8.519786834716797, 9.512188911437988, 9.39635181427002, 9.168996810913086, 9.07345962524414, 8.779562950134277, 8.523194313049316, 8.476824760437012, 8.26333236694336, 7.893853187561035, 7.680205821990967, 7.672694683074951, 7.811948776245117, 7.942107677459717, 7.850950241088867, 7.847495079040527];[1.4908860921859741, 1.3988882303237915, 1.2435212135314941, 1.1301559209823608, 1.2313110828399658, 1.270714521408081, 1.3358070850372314, 1.3296802043914795, 1.3253538608551025, 1.3481454849243164, 1.3342825174331665, 1.3263134956359863, 1.3510533571243286, 1.332992434501648, 1.3222002983093262, 1.2960668802261353, 1.2822201251983643, 1.3014634847640991, 1.3186191320419312, 1.2996288537979126, 1.3075872659683228];[-151.9556121826172, -86.03872680664062, -44.33138656616211, -22.246267318725586, -22.581632614135742, -40.46529769897461, -51.23981857299805, -51.055702209472656, -47.058780670166016, -46.53077697753906, -42.8668327331543, -40.46714782714844, -40.598323822021484, -38.7819938659668, -35.227447509765625, -34.010650634765625, -34.688560485839844, -36.5543098449707, -37.660560607910156, -37.05253982543945, -36.90668869018555]
800;[19.67308235168457, 14.999839782714844, 11.943742752075195, 11.113020896911621, 10.716704368591309, 10.573613166809082, 10.317743301391602, 9.999654769897461, 9.59543514251709, 9.319744110107422, 9.110088348388672, 8.974042892456055, 9.042041778564453, 8.902077674865723, 8.892767906188965, 8.859813690185547, 8.848155975341797, 8.689776420593262, 8.664619445800781, 8.618624687194824, 8.299905776977539];[1.4954484701156616, 1.3918886184692383, 1.2947659492492676, 1.3361681699752808, 1.334183931350708, 1.3302834033966064, 1.3403385877609253, 1.3343499898910522, 1.3355178833007812, 1.3559975624084473, 1.3708305358886719, 1.3470638990402222, 1.3224129676818848, 1.3178398609161377, 1.3117202520370483, 1.3064155578613281, 1.309025526046753, 1.3003132343292236, 1.3078405857086182, 1.3077713251113892, 1.2913525104522705];[-154.16746520996094, -93.64251708984375, -67.05973815917969, -68.10505676269531, -67.93940734863281, -65.35282897949219, -62.49040603637695, -56.79863357543945, -52.437225341796875, -48.15876388549805, -46.011451721191406, -46.579986572265625, -48.306922912597656, -48.42021942138672, -49.16596603393555, -48.733673095703125, -49.12208557128906, -47.014644622802734, -46.79767608642578, -46.011600494384766, -42.849510192871094]
850;[19.63532829284668, 15.144936561584473, 11.081925392150879, 10.199548721313477, 10.624979019165039, 10.8565092086792, 10.783002853393555, 10.76331901550293, 10.429437637329102, 10.115389823913574, 9.971870422363281, 9.783186912536621, 9.6832857131958, 9.489470481872559, 9.463829040527344, 9.308895111083984, 9.261796951293945, 9.286778450012207, 9.164140701293945, 9.09420394897461, 9.120905876159668];[1.496402621269226, 1.3985595703125, 1.2658257484436035, 1.2968940734863281, 1.341025948524475, 1.351547360420227, 1.3541228771209717, 1.3839131593704224, 1.428480863571167, 1.4611347913742065, 1.4549881219863892, 1.4294989109039307, 1.4218249320983887, 1.4027578830718994, 1.3974792957305908, 1.3817237615585327, 1.3663235902786255, 1.360039234161377, 1.357824444770813, 1.3614698648452759, 1.358613133430481];[-156.89239501953125, -84.00902557373047, -52.64430618286133, -55.117488861083984, -66.74512481689453, -69.20114135742188, -68.07115936279297, -66.7339096069336, -62.06134796142578, -58.89601516723633, -57.34367370605469, -55.886260986328125, -55.011783599853516, -53.345237731933594, -53.646305084228516, -51.71830749511719, -51.81087875366211, -52.97602462768555, -51.077178955078125, -50.44986343383789, -51.10551452636719]
900;[19.672168731689453, 14.884875297546387, 11.315452575683594, 9.572296142578125, 8.651351928710938, 8.816904067993164, 8.817364692687988, 8.627891540527344, 8.398331642150879, 8.08690071105957, 8.271323204040527, 8.406169891357422, 8.618830680847168, 8.602005958557129, 8.352191925048828, 8.084234237670898, 7.632284164428711, 7.265540599822998, 7.003430366516113, 6.674577713012695, 6.150392055511475];[1.4966233968734741, 1.404443621635437, 1.2716771364212036, 1.2460097074508667, 1.3280329704284668, 1.3356640338897705, 1.3559021949768066, 1.3325194120407104, 1.3177108764648438, 1.2789562940597534, 1.3229491710662842, 1.367604374885559, 1.3957539796829224, 1.3792163133621216, 1.363728642463684, 1.349851369857788, 1.3183844089508057, 1.297653079032898, 1.2937684059143066, 1.2694623470306396, 1.2175301313400269];[-154.64678955078125, -83.80394744873047, -55.87287902832031, -38.59202575683594, -34.922428131103516, -40.38896560668945, -40.222755432128906, -38.09205627441406, -35.861995697021484, -34.74452590942383, -36.13435363769531, -38.227718353271484, -41.449832916259766, -41.790504455566406, -39.443504333496094, -36.6412353515625, -32.606056213378906, -29.535551071166992, -27.212478637695312, -24.73427963256836, -20.836122512817383]
950;[19.667163848876953, 14.86494255065918, 11.146844863891602, 9.387742042541504, 8.860084533691406, 9.259276390075684, 9.69907283782959, 9.6311674118042, 9.39327621459961, 9.126835823059082, 8.715777397155762, 8.351832389831543, 7.988526821136475, 7.594829082489014, 7.293396472930908, 7.091899394989014, 6.987029552459717, 6.9598283767700195, 6.810058116912842, 6.525181770324707, 6.139669418334961];[1.4918136596679688, 1.3911715745925903, 1.2627531290054321, 1.249419093132019, 1.319881558418274, 1.3655192852020264, 1.3745429515838623, 1.3811819553375244, 1.37070894241333, 1.3550297021865845, 1.3299391269683838, 1.3145976066589355, 1.2983590364456177, 1.2593846321105957, 1.2372840642929077, 1.2348816394805908, 1.216259241104126, 1.2275099754333496, 1.2134935855865479, 1.1899207830429077, 1.1549452543258667];[-150.7345733642578, -81.60112762451172, -51.341678619384766, -39.475528717041016, -38.13894271850586, -47.79331970214844, -53.07254409790039, -52.145111083984375, -50.029476165771484, -46.51919937133789, -42.62489318847656, -39.23140335083008, -34.91230773925781, -32.08354568481445, -29.433847427368164, -29.001689910888672, -28.680095672607422, -28.664173126220703, -27.3580265045166, -25.04959487915039, -21.79448699951172]
1000;[19.63071060180664, 14.880414962768555, 12.082435607910156, 10.57982063293457, 10.573923110961914, 10.67222785949707, 10.468759536743164, 10.257698059082031, 10.298295021057129, 10.26879596710205, 10.074896812438965, 9.926029205322266, 9.812813758850098, 9.645990371704102, 9.663420677185059, 9.518806457519531, 9.437660217285156, 9.377562522888184, 9.377750396728516, 9.131253242492676, 9.070117950439453];[1.494160771369934, 1.3892933130264282, 1.306128978729248, 1.306516408920288, 1.378076434135437, 1.3713299036026, 1.3667418956756592, 1.363869309425354, 1.37422776222229, 1.3820061683654785, 1.3796638250350952, 1.3741775751113892, 1.3676754236221313, 1.3543628454208374, 1.3589422702789307, 1.3574135303497314, 1.3553003072738647, 1.3467847108840942, 1.3492048978805542, 1.3424946069717407, 1.338102102279663];[-147.03321838378906, -90.60851287841797, -69.7280044555664, -58.805091857910156, -64.96588134765625, -70.57135009765625, -66.40777587890625, -64.48384094238281, -64.61487579345703, -65.21598815917969, -62.33145523071289, -59.78960037231445, -59.44829177856445, -57.50111770629883, -58.814735412597656, -57.336639404296875, -55.86481857299805, -55.71953582763672, -55.27690505981445, -52.25406265258789, -51.73542022705078]
1050;[19.642393112182617, 15.234356880187988, 11.485584259033203, 9.878650665283203, 9.040675163269043, 9.154073715209961, 9.595974922180176, 9.43152904510498, 9.477996826171875, 9.521011352539062, 9.756465911865234, 9.694908142089844, 9.72221851348877, 9.676286697387695, 9.613877296447754, 9.490297317504883, 9.431453704833984, 9.701350212097168, 9.573355674743652, 9.433673858642578, 9.235577583312988];[1.494938611984253, 1.403986930847168, 1.279434084892273, 1.2456116676330566, 1.2741831541061401, 1.286352515220642, 1.3304635286331177, 1.3182663917541504, 1.3441554307937622, 1.337164044380188, 1.3528480529785156, 1.3586440086364746, 1.3672378063201904, 1.3698320388793945, 1.3518534898757935, 1.3372769355773926, 1.3355854749679565, 1.357252836227417, 1.362385869026184, 1.357388973236084, 1.3526157140731812];[-149.76966857910156, -87.54096984863281, -57.402915954589844, -45.529659271240234, -41.845516204833984, -46.217689514160156, -51.6966438293457, -50.21379470825195, -50.169132232666016, -53.077537536621094, -58.10916519165039, -56.85231018066406, -56.718894958496094, -56.57388687133789, -56.98585510253906, -55.49032211303711, -55.5482063293457, -58.93378448486328, -56.75652313232422, -55.771480560302734, -52.9870719909668]
1100;[19.682933807373047, 15.202279090881348, 12.270133018493652, 11.216704368591309, 10.510849952697754, 10.407793998718262, 10.263513565063477, 10.017062187194824, 9.92582893371582, 9.805362701416016, 9.545372009277344, 9.339115142822266, 9.180891036987305, 8.995141983032227, 9.258066177368164, 9.342643737792969, 9.246855735778809, 9.203673362731934, 9.20490837097168, 9.096199989318848, 8.800514221191406];[1.4954909086227417, 1.3983873128890991, 1.3112608194351196, 1.3270052671432495, 1.402476191520691, 1.4067206382751465, 1.400511622428894, 1.401961326599121, 1.383886456489563, 1.386309027671814, 1.3735597133636475, 1.3843448162078857, 1.3655459880828857, 1.3622812032699585, 1.3755145072937012, 1.4016565084457397, 1.3844071626663208, 1.3943966627120972, 1.3971577882766724, 1.3972296714782715, 1.3783313035964966];[-154.83074951171875, -98.51805877685547, -70.1197738647461, -65.32710266113281, -60.97347640991211, -63.703285217285156, -62.706581115722656, -58.927215576171875, -59.27488327026367, -57.29841232299805, -54.38569641113281, -52.320213317871094, -50.24528503417969, -47.59907150268555, -51.139522552490234, -52.52756881713867, -50.702964782714844, -51.164649963378906, -51.47235870361328, -49.68815994262695, -46.83902359008789]
1150;[19.651161193847656, 15.051844596862793, 12.322911262512207, 9.672965049743652, 9.414445877075195, 9.592568397521973, 9.56982135772705, 9.628523826599121, 9.855857849121094, 9.75961685180664, 9.643060684204102, 9.522829055786133, 9.368061065673828, 9.186673164367676, 8.9494047164917, 9.028254508972168, 8.907271385192871, 8.699130058288574, 8.252446174621582, 7.87175178527832, 7.4630560874938965];[1.4931397438049316, 1.401777982711792, 1.307987093925476, 1.2181676626205444, 1.3359836339950562, 1.3494833707809448, 1.3224214315414429, 1.361855149269104, 1.3430054187774658, 1.3642483949661255, 1.3510137796401978, 1.3493930101394653, 1.3362215757369995, 1.335065484046936, 1.317006230354309, 1.3385580778121948, 1.316895604133606, 1.323814034461975, 1.2906713485717773, 1.2767739295959473, 1.2373554706573486];[-153.42446899414062, -86.33285522460938, -55.99679183959961, -39.088443756103516, -42.64788055419922, -49.694759368896484, -50.8379020690918, -53.6986083984375, -58.929168701171875, -56.183719635009766, -56.23019027709961, -54.35426330566406, -52.86933135986328, -50.88351058959961, -48.69401931762695, -48.9005241394043, -48.294586181640625, -45.48366165161133, -40.86747741699219, -37.54964828491211, -33.05365753173828]
1200;[19.657428741455078, 14.792593002319336, 11.604467391967773, 10.878859519958496, 10.670147895812988, 10.95959758758545, 11.039816856384277, 10.850320816040039, 10.50092887878418, 10.471282005310059, 10.495100021362305, 10.452409744262695, 10.198513984680176, 9.639673233032227, 9.49715805053711, 9.531651496887207, 9.673540115356445, 9.578929901123047, 9.327113151550293, 9.281515121459961, 9.1602783203125];[1.4921756982803345, 1.3883390426635742, 1.3049263954162598, 1.303578495979309, 1.3215229511260986, 1.3270595073699951, 1.3335309028625488, 1.3256791830062866, 1.3225359916687012, 1.32712984085083, 1.318387746810913, 1.3270231485366821, 1.318580150604248, 1.331296443939209, 1.358709454536438, 1.3660862445831299, 1.3698276281356812, 1.368466854095459, 1.3611756563186646, 1.345798373222351, 1.3416721820831299];[-150.0464324951172, -81.6171646118164, -62.443634033203125, -63.766624450683594, -68.8658676147461, -73.06398010253906, -73.78253173828125, -70.93411254882812, -66.70515441894531, -66.85379791259766, -67.08078002929688, -66.3859634399414, -61.082916259765625, -54.36223220825195, -55.306758880615234, -56.025142669677734, -57.69810104370117, -57.01789093017578, -53.423095703125, -53.83708190917969, -52.61910629272461]
1250;[19.626976013183594, 14.623871803283691, 12.05612564086914, 10.505208969116211, 10.09754753112793, 10.090889930725098, 10.172894477844238, 10.1858491897583, 10.029027938842773, 9.852587699890137, 9.780372619628906, 9.761393547058105, 9.852148056030273, 9.623351097106934, 9.494866371154785, 9.298393249511719, 9.037873268127441, 8.801366806030273, 8.796963691711426, 8.668909072875977, 8.467391014099121];[1.4935609102249146, 1.3823848962783813, 1.2988754510879517, 1.3084492683410645, 1.3780732154846191, 1.3767273426055908, 1.392872929573059, 1.4025089740753174, 1.3934388160705566, 1.3980929851531982, 1.4041630029678345, 1.3869580030441284, 1.4087835550308228, 1.3735603094100952, 1.387870192527771, 1.3727606534957886, 1.3678925037384033, 1.3459997177124023, 1.3573083877563477, 1.3493983745574951, 1.3439663648605347];[-150.3084716796875, -92.47184753417969, -69.19522857666016, -54.94487380981445, -55.872310638427734, -58.59736633300781, -59.51118469238281, -61.73566818237305, -59.67337417602539, -56.920928955078125, -56.968257904052734, -58.1491813659668, -59.460201263427734, -56.548221588134766, -55.1185302734375, -53.28281784057617, -49.82640075683594, -47.35765075683594, -46.885833740234375, -45.665016174316406, -43.3431396484375]
1300;[19.653032302856445, 14.723660469055176, 11.897429466247559, 11.0575532913208, 10.492003440856934, 10.502449989318848, 10.3064603805542, 10.115339279174805, 9.758962631225586, 9.546493530273438, 9.470155715942383, 9.279857635498047, 9.059213638305664, 9.10228443145752, 9.112984657287598, 9.211637496948242, 9.01204776763916, 8.899042129516602, 8.904247283935547, 8.596951484680176, 8.33090591430664];[1.4931464195251465, 1.384039282798767, 1.2973623275756836, 1.3485956192016602, 1.3781301975250244, 1.3858826160430908, 1.3761651515960693, 1.3742530345916748, 1.3549468517303467, 1.345125675201416, 1.347916603088379, 1.339823603630066, 1.3368916511535645, 1.3492560386657715, 1.3666081428527832, 1.3707060813903809, 1.3612990379333496, 1.348166823387146, 1.3389734029769897, 1.3253659009933472, 1.3156558275222778];[-149.4381561279297, -93.53853607177734, -65.60308074951172, -66.84278106689453, -64.35005187988281, -66.58761596679688, -63.975467681884766, -61.34040832519531, -57.50068283081055, -56.51708984375, -55.041473388671875, -52.740726470947266, -50.41053771972656, -50.87885665893555, -50.97916030883789, -52.32378005981445, -50.36396789550781, -49.186607360839844, -49.443748474121094, -46.204444885253906, -43.706993103027344]
1350;[19.639785766601562, 16.718114852905273, 14.420766830444336, 13.809493064880371, 14.084280967712402, 13.703286170959473, 13.314811706542969, 13.051274299621582, 12.771583557128906, 12.227530479431152, 11.672128677368164, 11.167585372924805, 10.366517066955566, 9.357207298278809, 8.805211067199707, 8.948534965515137, 9.008254051208496, 8.803792953491211, 8.774008750915527, 8.48936653137207, 8.413830757141113];[1.492918848991394, 1.4541195631027222, 1.4200754165649414, 1.4426662921905518, 1.444356083869934, 1.4400454759597778, 1.4299312829971313, 1.4263708591461182, 1.4188352823257446, 1.4107552766799927, 1.389784336090088, 1.374242901802063, 1.32645583152771, 1.2539801597595215, 1.2814103364944458, 1.342055082321167, 1.3511626720428467, 1.347374439239502, 1.337138056755066, 1.3305490016937256, 1.3164485692977905];[-158.63790893554688, -129.21722412109375, -108.63880920410156, -111.63626098632812, -116.737060546875, -109.85696411132812, -103.85821533203125, -100.03272247314453, -93.15471649169922, -85.95016479492188, -77.05463409423828, -69.91340637207031, -58.650360107421875, -45.94904327392578, -45.33351516723633, -47.851016998291016, -50.11625671386719, -47.98094177246094, -47.458431243896484, -44.5302848815918, -44.087703704833984]
1400;[19.651063919067383, 14.877019882202148, 11.036971092224121, 8.564586639404297, 8.478967666625977, 9.575336456298828, 9.670987129211426, 9.490476608276367, 9.27319049835205, 8.956250190734863, 8.683550834655762, 8.323470115661621, 8.373495101928711, 8.23592758178711, 8.054580688476562, 7.963029861450195, 7.7401123046875, 7.43087100982666, 7.173019886016846, 7.14492654800415, 7.219005107879639];[1.4959782361984253, 1.3941826820373535, 1.2298119068145752, 1.1978648900985718, 1.2481611967086792, 1.3183597326278687, 1.3209338188171387, 1.3132187128067017, 1.3212603330612183, 1.3061842918395996, 1.2967019081115723, 1.2985965013504028, 1.3104259967803955, 1.3119497299194336, 1.2917511463165283, 1.2860937118530273, 1.2714684009552002, 1.2438197135925293, 1.2288533449172974, 1.2377848625183105, 1.236423373222351];[-152.6933135986328, -82.12088775634766, -44.153236389160156, -32.414642333984375, -38.88585662841797, -52.464019775390625, -53.486324310302734, -50.6114387512207, -49.752296447753906, -46.55180358886719, -44.2211799621582, -40.368927001953125, -41.926883697509766, -40.80866622924805, -38.873844146728516, -38.7700080871582, -36.09857177734375, -33.262664794921875, -31.221860885620117, -30.873882293701172, -31.84429931640625]
1450;[19.666675567626953, 15.016197204589844, 10.797530174255371, 8.10964298248291, 6.63929557800293, 9.061482429504395, 9.398906707763672, 9.336929321289062, 9.197222709655762, 9.176385879516602, 8.799241065979004, 8.434410095214844, 7.891332626342773, 7.3656816482543945, 7.064302921295166, 6.866211414337158, 6.624197959899902, 6.440045356750488, 6.047709941864014, 5.602489471435547, 5.289012432098389];[1.4959102869033813, 1.3961784839630127, 1.2270044088363647, 1.1397277116775513, 1.1195491552352905, 1.2914751768112183, 1.30788254737854, 1.298210859298706, 1.3253077268600464, 1.3317054510116577, 1.3180197477340698, 1.3130912780761719, 1.2974107265472412, 1.2555856704711914, 1.2328425645828247, 1.208466649055481, 1.1766822338104248, 1.1597007513046265, 1.1272658109664917, 1.0799282789230347, 1.0548022985458374];[-153.21067810058594, -80.57554626464844, -41.707603454589844, -21.401735305786133, -22.90487289428711, -44.98152160644531, -48.929317474365234, -48.354766845703125, -48.20647048950195, -46.8867073059082, -42.605220794677734, -38.99980545043945, -33.726375579833984, -28.549388885498047, -27.76398277282715, -26.091711044311523, -24.6953182220459, -23.510343551635742, -20.48040199279785, -17.303407669067383, -15.477496147155762]
1500;[19.6519775390625, 15.065957069396973, 11.845693588256836, 10.07980728149414, 9.922496795654297, 10.168360710144043, 10.473270416259766, 10.420622825622559, 10.081032752990723, 9.854218482971191, 9.589393615722656, 9.219657897949219, 9.166382789611816, 9.026738166809082, 8.901296615600586, 8.807897567749023, 8.812177658081055, 8.711198806762695, 8.506963729858398, 8.170063972473145, 7.880563259124756];[1.4934780597686768, 1.400882363319397, 1.2994388341903687, 1.2527375221252441, 1.2998117208480835, 1.3289837837219238, 1.3514248132705688, 1.3569917678833008, 1.343290090560913, 1.3370487689971924, 1.33400297164917, 1.3098071813583374, 1.3120620250701904, 1.315616488456726, 1.3229856491088867, 1.3223949670791626, 1.3250170946121216, 1.326351284980774, 1.3233158588409424, 1.3000949621200562, 1.2824428081512451];[-153.4311065673828, -96.94039154052734, -62.951141357421875, -47.817142486572266, -54.044620513916016, -61.637107849121094, -66.71331024169922, -64.66650390625, -60.922176361083984, -57.94138717651367, -55.07052230834961, -51.283721923828125, -51.55174255371094, -50.05255889892578, -48.291866302490234, -48.21637725830078, -48.1761589050293, -46.71268081665039, -44.38237380981445, -40.73064041137695, -37.858551025390625]
